input1_name,input1_frame,input1_seen,input2_name,input2_frame,input2_seen,y_true,y_hat,success
20230828_205214,1231,True,20230828_205214,1459,True,1.0,0,0.0
20230831_141252,1220,True,20230831_141252,1315,True,1.0,0,0.0
20230902_060137,284,True,20230807_061410,1603,False,0.0,0,1.0
20230831_053936,271,True,20230831_053936,1304,True,1.0,0,0.0
20230828_205214,1465,True,20230828_205214,1454,True,1.0,0,0.0
20230907_185744,1836,True,20230907_185744,1828,True,1.0,0,0.0
20230828_205214,1452,True,20230828_205214,286,True,1.0,0,0.0
20230807_062216,202,True,20230807_062216,1289,True,1.0,0,0.0
20230828_205214,1487,True,20230902_060137,1432,True,0.0,0,1.0
20230907_185744,1836,True,20230907_185744,1451,True,1.0,0,0.0
20230807_062216,202,True,20230831_141252,259,True,0.0,0,1.0
20230807_062216,1286,True,20230807_062216,202,True,1.0,0,0.0
20230902_060137,1165,True,20230902_060137,250,True,1.0,0,0.0
20230831_141252,267,True,20230831_141252,288,True,1.0,0,0.0
20230807_061410,485,False,20230831_141252,1066,True,0.0,0,1.0
20230902_060137,1183,True,20230902_060137,1428,True,1.0,0,0.0
20230907_185744,1940,True,20230907_185744,1355,True,1.0,0,0.0
20230807_061410,487,False,20230807_061410,493,False,1.0,0,0.0
20230907_185744,1404,True,20230907_185744,1896,True,1.0,0,0.0
20230831_141252,169,True,20230831_141252,295,True,1.0,0,0.0
20230907_185744,1363,True,20230907_185744,1929,True,1.0,0,0.0
20230815_055951,185,True,20230815_055951,197,True,1.0,0,0.0
20230828_205214,1474,True,20230828_205214,296,True,1.0,0,0.0
20230831_141252,1227,True,20230902_060137,235,True,0.0,0,1.0
20230907_185744,1760,True,20230907_185744,845,True,1.0,0,0.0
20230902_060137,279,True,20230902_060137,224,True,1.0,0,0.0
20230902_060137,1165,True,20230902_060137,267,True,1.0,0,0.0
20230828_205214,311,True,20230828_205214,1446,True,1.0,0,0.0
20230831_141252,1218,True,20230831_141252,301,True,1.0,0,0.0
20230828_205214,286,True,20230828_205214,1455,True,1.0,0,0.0
20230902_060137,281,True,20230902_060137,1164,True,1.0,0,0.0
20230911_200338,235,False,20230911_200338,195,False,1.0,0,0.0
20230907_185744,1571,True,20230907_185744,1828,True,1.0,0,0.0
20230907_185744,1760,True,20230907_185744,1899,True,1.0,0,0.0
20230815_055951,179,True,20230907_185744,1558,True,0.0,0,1.0
20230807_062216,253,True,20230805_145544,152,True,0.0,0,1.0
20230907_185744,1363,True,20230807_061410,481,False,0.0,0,1.0
20230807_062216,255,True,20231005_200808,175,True,0.0,0,1.0
20230831_141252,282,True,20230831_141252,1225,True,1.0,0,0.0
20230805_145141,706,True,20230805_145141,735,True,1.0,0,0.0
20230828_205214,1452,True,20230828_205214,297,True,1.0,0,0.0
20230831_141252,1070,True,20230831_141252,1227,True,1.0,0,0.0
20230815_055951,169,True,20230815_055951,218,True,1.0,0,0.0
20230828_205214,323,True,20230907_185744,844,True,0.0,0,1.0
20230828_205214,290,True,20230828_205214,1418,True,1.0,0,0.0
20230907_185744,1399,True,20230907_185744,1673,True,1.0,0,0.0
20230815_055951,185,True,20230815_055951,191,True,1.0,0,0.0
20230805_145141,730,True,20230807_062216,253,True,0.0,0,1.0
20230907_185744,1566,True,20230907_185744,1518,True,1.0,0,0.0
20230902_060137,234,True,20230902_060137,1450,True,1.0,0,0.0
20230828_205214,1454,True,20230828_205214,1418,True,1.0,0,0.0
20230902_054933,1103,True,20230807_060504,192,True,0.0,0,1.0
20230911_200338,204,False,20230831_053936,1304,True,0.0,0,1.0
20230828_205214,1443,True,20230828_205214,1231,True,1.0,0,0.0
20230907_185744,1558,True,20230907_185744,1723,True,1.0,0,0.0
20230805_191555,1106,True,20230805_191555,225,True,1.0,0,0.0
20230907_185744,1826,True,20230907_185744,1537,True,1.0,0,0.0
20230828_205214,1231,True,20230831_053936,271,True,0.0,0,1.0
20230807_060504,248,True,20230831_053936,1298,True,0.0,0,1.0
20230907_185744,1367,True,20230907_185744,1479,True,1.0,0,0.0
20230815_055951,182,True,20230805_145141,713,True,0.0,0,1.0
20230805_191555,1117,True,20231005_200808,175,True,0.0,0,1.0
20230831_141252,210,True,20230831_141252,1070,True,1.0,0,0.0
20230907_185744,1407,True,20230907_185744,279,True,1.0,0,0.0
20230902_060137,296,True,20230902_060137,1398,True,1.0,0,0.0
20230902_060137,235,True,20230902_060137,1450,True,1.0,0,0.0
20230907_185744,1940,True,20230907_185744,284,True,1.0,0,0.0
20230902_054933,1103,True,20230828_205214,1235,True,0.0,0,1.0
20231005_200808,191,True,20230902_060137,281,True,0.0,0,1.0
20230805_145544,156,True,20230805_145544,178,True,1.0,0,0.0
20230805_145141,710,True,20230807_061410,487,False,0.0,0,1.0
20230831_141252,1315,True,20230831_141252,282,True,1.0,0,0.0
20230907_185744,1366,True,20230907_185744,1375,True,1.0,0,0.0
20230805_191555,201,True,20230805_191555,1101,True,1.0,0,0.0
20230831_141252,301,True,20230907_185744,1836,True,0.0,0,1.0
20230902_060137,1183,True,20230902_060137,1164,True,1.0,0,0.0
20230831_162051,181,True,20230807_062216,253,True,0.0,0,1.0
20230911_200338,205,False,20230807_062216,1292,True,0.0,0,1.0
20230807_060504,248,True,20230805_191555,224,True,0.0,0,1.0
20230907_185744,1359,True,20230907_185744,1840,True,1.0,0,0.0
20230807_061410,1603,False,20230831_163856,1084,False,0.0,0,1.0
20230807_060504,235,True,20230831_141252,1070,True,0.0,0,1.0
20230805_191555,1105,True,20230831_160214,949,False,0.0,0,1.0
20230805_145544,152,True,20230807_060504,192,True,0.0,0,1.0
20230907_185744,1367,True,20230907_185744,1682,True,1.0,0,0.0
20230907_185744,1399,True,20230907_185744,860,True,1.0,0,0.0
20231006_192754,750,True,20230911_200338,213,False,0.0,0,1.0
20230807_062216,254,True,20230831_162051,192,True,0.0,0,1.0
20230907_185744,1367,True,20230907_185744,1840,True,1.0,0,0.0
20230805_145544,160,True,20230805_191555,215,True,0.0,0,1.0
20230907_185744,1836,True,20230907_185744,1501,True,1.0,0,0.0
20230902_060137,235,True,20230902_060137,267,True,1.0,0,0.0
20230831_162051,181,True,20230828_205214,1235,True,0.0,0,1.0
20230831_141252,267,True,20230831_141252,275,True,1.0,0,0.0
20230907_185744,1412,True,20230907_185744,1723,True,1.0,0,0.0
20230828_205214,1452,True,20230815_055951,180,True,0.0,0,1.0
20230907_185744,1349,True,20230907_185744,1730,True,1.0,0,0.0
20230807_061410,481,False,20230805_191555,1103,True,0.0,0,1.0
20230907_185744,1367,True,20230907_185744,1914,True,1.0,0,0.0
20230902_060137,1398,True,20230902_060137,1171,True,1.0,0,0.0
20230828_205214,1454,True,20230828_205214,1235,True,1.0,0,0.0
20230902_060137,1403,True,20230902_060137,281,True,1.0,0,0.0
20230828_205214,1426,True,20230807_061410,1603,False,0.0,0,1.0
20230807_062216,1081,True,20230805_191555,215,True,0.0,0,1.0
20230831_163856,1084,False,20230831_163856,1282,False,1.0,0,0.0
20230807_060504,244,True,20231005_200808,208,True,0.0,0,1.0
20230907_185744,1367,True,20230907_185744,1412,True,1.0,0,0.0
20230907_185744,1363,True,20230907_185744,1759,True,1.0,0,0.0
20230828_205214,1426,True,20230828_205214,1455,True,1.0,0,0.0
20230828_205214,1454,True,20230828_205214,1497,True,1.0,0,0.0
20230807_062216,222,True,20230911_200338,210,False,0.0,0,1.0
20230828_205214,1446,True,20230828_205214,323,True,1.0,0,0.0
20230902_060137,269,True,20230805_145544,142,True,0.0,0,1.0
20230805_191555,1105,True,20230805_191555,215,True,1.0,0,0.0
20230907_185744,1759,True,20230907_185744,1698,True,1.0,0,0.0
20230807_062216,210,True,20230807_062216,254,True,1.0,0,0.0
20230805_145141,703,True,20231005_200808,196,True,0.0,0,1.0
20230907_185744,1407,True,20230907_185744,1460,True,1.0,0,0.0
20230902_060137,1450,True,20230831_160214,937,False,0.0,0,1.0
20230805_191555,219,True,20230907_185744,1566,True,0.0,0,1.0
20230815_055951,180,True,20230815_055951,179,True,1.0,0,0.0
20230828_205214,1487,True,20230828_205214,1497,True,1.0,0,0.0
20230902_060137,281,True,20230807_061410,474,False,0.0,0,1.0
20230828_205214,1235,True,20230828_205214,1459,True,1.0,0,0.0
20230907_185744,1349,True,20230907_185744,1828,True,1.0,0,0.0
20230828_205214,1418,True,20230831_141252,1066,True,0.0,0,1.0
20230907_185744,1366,True,20230907_185744,1855,True,1.0,0,0.0
20230907_185744,1404,True,20230907_185744,1521,True,1.0,0,0.0
20230805_191555,1101,True,20230815_055951,185,True,0.0,0,1.0
20230902_060137,1397,True,20230902_060137,269,True,1.0,0,0.0
20230907_185744,1377,True,20230805_145141,998,True,0.0,0,1.0
20230805_191555,1106,True,20230805_191555,224,True,1.0,0,0.0
20230907_185744,1399,True,20230907_185744,1836,True,1.0,0,0.0
20230805_145544,152,True,20230831_053936,1301,True,0.0,0,1.0
20230907_185744,1759,True,20230907_185744,1566,True,1.0,0,0.0
20230907_185744,1377,True,20230907_185744,259,True,1.0,0,0.0
20230805_191555,225,True,20230807_061410,473,False,0.0,0,1.0
20230805_191555,1103,True,20231005_200808,176,True,0.0,0,1.0
20230911_200338,214,False,20230805_191555,1103,True,0.0,0,1.0
20230828_205214,1487,True,20230911_200338,195,False,0.0,0,1.0
20230911_200338,229,False,20230907_185744,1377,True,0.0,0,1.0
20230902_060137,1419,True,20230902_060137,1441,True,1.0,0,0.0
20230805_191555,1106,True,20230831_163856,1282,False,0.0,0,1.0
20230828_205214,1230,True,20230828_205214,290,True,1.0,0,0.0
20230907_185744,1826,True,20230907_185744,1480,True,1.0,0,0.0
20230807_062216,223,True,20230831_053936,1304,True,0.0,0,1.0
20230907_185744,1571,True,20230907_185744,293,True,1.0,0,0.0
20230815_055951,185,True,20230815_055951,184,True,1.0,0,0.0
20230902_060137,1436,True,20230902_060137,299,True,1.0,0,0.0
20230907_185744,1375,True,20230907_185744,1906,True,1.0,0,0.0
20230907_185744,1363,True,20230907_185744,1850,True,1.0,0,0.0
20230805_191555,219,True,20230807_060504,1412,True,0.0,0,1.0
20230828_205214,1443,True,20230828_205214,1454,True,1.0,0,0.0
20230828_205214,1426,True,20230828_205214,1452,True,1.0,0,0.0
20230907_185744,1940,True,20230907_185744,1891,True,1.0,0,0.0
20230902_060137,1450,True,20230902_060137,250,True,1.0,0,0.0
20230902_060137,1441,True,20230902_060137,1398,True,1.0,0,0.0
20230828_205214,1436,True,20230828_205214,296,True,1.0,0,0.0
20230902_054933,207,True,20230805_191555,1117,True,0.0,0,1.0
20230828_205214,1443,True,20230831_141252,281,True,0.0,0,1.0
20231006_192754,763,True,20230911_200338,229,False,0.0,0,1.0
20230831_053936,1301,True,20230831_053936,231,True,1.0,0,0.0
20230902_060137,226,True,20230902_060137,267,True,1.0,0,0.0
20230831_141252,1220,True,20230831_141252,1218,True,1.0,0,0.0
20230805_145544,178,True,20230807_060504,191,True,0.0,0,1.0
20230805_145544,143,True,20230805_145544,185,True,1.0,0,0.0
20230828_205214,1426,True,20230828_205214,1436,True,1.0,0,0.0
20230807_062216,1289,True,20230807_062216,1080,True,1.0,0,0.0
20230831_141252,1315,True,20230831_141252,1317,True,1.0,0,0.0
20230911_200338,987,False,20231005_200808,183,True,0.0,0,1.0
20230828_205214,1474,True,20230828_205214,1418,True,1.0,0,0.0
20230831_141252,267,True,20230831_141252,216,True,1.0,0,0.0
20230805_191555,1117,True,20231006_192754,763,True,0.0,0,1.0
20230902_060137,1403,True,20230902_060137,269,True,1.0,0,0.0
20230815_055951,182,True,20230815_055951,221,True,1.0,0,0.0
20230907_185744,1566,True,20230907_185744,1460,True,1.0,0,0.0
20230831_163856,1090,False,20230902_060137,1450,True,0.0,0,1.0
20230805_191555,1101,True,20230911_200338,213,False,0.0,0,1.0
20230828_205214,1443,True,20230828_205214,284,True,1.0,0,0.0
20230807_060504,192,True,20230831_141252,216,True,0.0,0,1.0
20230911_200338,210,False,20230805_145544,156,True,0.0,0,1.0
20230907_185744,1558,True,20230907_185744,1497,True,1.0,0,0.0
20230805_191555,1101,True,20230831_160214,934,False,0.0,0,1.0
20230907_185744,1836,True,20230907_185744,259,True,1.0,0,0.0
20230815_055951,191,True,20230902_060137,1450,True,0.0,0,1.0
20230805_145141,710,True,20230907_185744,1404,True,0.0,0,1.0
20230907_185744,1571,True,20230807_061410,485,False,0.0,0,1.0
20230831_141252,1066,True,20230807_060504,256,True,0.0,0,1.0
20230831_141252,169,True,20230831_141252,211,True,1.0,0,0.0
20230907_185744,1558,True,20230907_185744,1895,True,1.0,0,0.0
20230805_191555,215,True,20230805_145544,160,True,0.0,0,1.0
20230907_185744,1940,True,20230907_185744,1525,True,1.0,0,0.0
20230831_163856,1066,False,20230831_163856,1287,False,1.0,0,0.0
20230831_160214,937,False,20230828_205214,1427,True,0.0,0,1.0
20230805_145141,710,True,20230902_054933,224,True,0.0,0,1.0
20230831_141252,1067,True,20230831_141252,282,True,1.0,0,0.0
20230831_141252,210,True,20230805_191555,224,True,0.0,0,1.0
20230807_060504,244,True,20230831_163856,1066,False,0.0,0,1.0
20230807_062216,254,True,20230807_062216,222,True,1.0,0,0.0
20230805_145544,156,True,20230805_145544,193,True,1.0,0,0.0
20230907_185744,1377,True,20230828_205214,1426,True,0.0,0,1.0
20230902_060137,235,True,20230902_060137,250,True,1.0,0,0.0
20230828_205214,1427,True,20230805_145544,178,True,0.0,0,1.0
20230907_185744,1558,True,20230907_185744,283,True,1.0,0,0.0
20230902_060137,1441,True,20230805_145141,706,True,0.0,0,1.0
20230828_205214,1426,True,20230828_205214,1427,True,1.0,0,0.0
20230831_141252,1067,True,20230831_141252,275,True,1.0,0,0.0
20230907_185744,1407,True,20230907_185744,1571,True,1.0,0,0.0
20230902_060137,284,True,20230902_054933,207,True,0.0,0,1.0
20230828_205214,1487,True,20230828_205214,1459,True,1.0,0,0.0
20231006_192754,750,True,20230807_060504,192,True,0.0,0,1.0
20230828_205214,1440,True,20230828_205214,286,True,1.0,0,0.0
20230902_060137,281,True,20230902_060137,1428,True,1.0,0,0.0
20230902_060137,1397,True,20230902_060137,250,True,1.0,0,0.0
20230907_185744,1407,True,20230907_185744,1521,True,1.0,0,0.0
20230907_185744,1412,True,20230907_185744,252,True,1.0,0,0.0
20231005_200808,208,True,20230831_053936,1304,True,0.0,0,1.0
20230828_205214,1455,True,20230828_205214,1446,True,1.0,0,0.0
20230907_185744,1558,True,20230907_185744,1934,True,1.0,0,0.0
20230902_060137,284,True,20230807_060504,235,True,0.0,0,1.0
20230907_185744,1377,True,20230907_185744,1643,True,1.0,0,0.0
20230807_061410,473,False,20230807_061410,1603,False,1.0,0,0.0
20230907_185744,1366,True,20230828_205214,1440,True,0.0,0,1.0
20230907_185744,1359,True,20230907_185744,1367,True,1.0,0,0.0
20230902_060137,281,True,20230902_060137,1436,True,1.0,0,0.0
20230807_060504,1412,True,20230807_060504,192,True,1.0,0,0.0
20230902_060137,1164,True,20230902_060137,1171,True,1.0,0,0.0
20230907_185744,1940,True,20230907_185744,1730,True,1.0,0,0.0
20230907_185744,1366,True,20230831_141252,1225,True,0.0,0,1.0
20230807_060504,250,True,20230911_200338,210,False,0.0,0,1.0
20230807_062216,1292,True,20230807_062216,202,True,1.0,0,0.0
20230807_062216,222,True,20230807_062216,215,True,1.0,0,0.0
20231006_192754,748,True,20230831_162051,192,True,0.0,0,1.0
20230828_205214,1231,True,20230831_163856,1282,False,0.0,0,1.0
20230831_141252,216,True,20230831_141252,275,True,1.0,0,0.0
20230828_205214,1455,True,20230828_205214,1443,True,1.0,0,0.0
20230907_185744,1836,True,20230902_060137,1432,True,0.0,0,1.0
20230907_185744,1566,True,20230907_185744,1355,True,1.0,0,0.0
20230828_205214,1443,True,20230828_205214,296,True,1.0,0,0.0
20230902_060137,1413,True,20230902_060137,1441,True,1.0,0,0.0
20230831_162051,192,True,20230807_062216,254,True,0.0,0,1.0
20230805_145544,193,True,20230902_060137,284,True,0.0,0,1.0
20230902_060137,224,True,20230902_060137,235,True,1.0,0,0.0
20230831_141252,301,True,20230831_141252,1070,True,1.0,0,0.0
20230902_060137,1183,True,20230902_060137,1398,True,1.0,0,0.0
20230807_061410,500,False,20230807_060504,1412,True,0.0,0,1.0
20230831_141252,1225,True,20230831_141252,301,True,1.0,0,0.0
20230831_053936,1305,True,20230831_053936,271,True,1.0,0,0.0
20230828_205214,290,True,20230828_205214,1427,True,1.0,0,0.0
20230902_060137,1419,True,20230902_060137,1450,True,1.0,0,0.0
20230805_145544,156,True,20230805_145544,1066,True,1.0,0,0.0
20230828_205214,1452,True,20230828_205214,1440,True,1.0,0,0.0
20230902_060137,1398,True,20230902_060137,1419,True,1.0,0,0.0
20230807_062216,223,True,20231005_200808,208,True,0.0,0,1.0
20230807_062216,1286,True,20230911_200338,985,False,0.0,0,1.0
20230805_191555,199,True,20230805_191555,1103,True,1.0,0,0.0
20230831_053936,1301,True,20230831_053936,1298,True,1.0,0,0.0
20230831_053936,1450,True,20230907_185744,1759,True,0.0,0,1.0
20230831_160214,949,False,20230831_053936,1305,True,0.0,0,1.0
20230907_185744,1940,True,20230907_185744,1855,True,1.0,0,0.0
20230831_141252,259,True,20230831_141252,1066,True,1.0,0,0.0
20230907_185744,1412,True,20230907_185744,1644,True,1.0,0,0.0
20230902_060137,267,True,20230902_060137,1419,True,1.0,0,0.0
20230907_185744,1412,True,20230907_185744,282,True,1.0,0,0.0
20231005_200808,196,True,20230902_054933,1102,True,0.0,0,1.0
20230907_185744,267,True,20230907_185744,1895,True,1.0,0,0.0
20230807_060504,244,True,20230807_060504,256,True,1.0,0,0.0
20230807_061410,474,False,20230831_053936,1298,True,0.0,0,1.0
20230902_054933,207,True,20230807_061410,1603,False,0.0,0,1.0
20230907_185744,1377,True,20230907_185744,1848,True,1.0,0,0.0
20230907_185744,1404,True,20230907_185744,1451,True,1.0,0,0.0
20230902_060137,250,True,20230902_054933,229,True,0.0,0,1.0
20230902_060137,1164,True,20230828_205214,271,True,0.0,0,1.0
20230828_205214,1426,True,20230828_205214,271,True,1.0,0,0.0
20230907_185744,1407,True,20230907_185744,292,True,1.0,0,0.0
20231005_200808,208,True,20231005_200808,176,True,1.0,0,0.0
20230805_145141,706,True,20230831_053936,231,True,0.0,0,1.0
20230907_185744,1367,True,20230907_185744,1699,True,1.0,0,0.0
20230828_205214,1446,True,20230828_205214,271,True,1.0,0,0.0
20230807_062216,1081,True,20230807_062216,247,True,1.0,0,0.0
20230907_185744,1566,True,20230907_185744,1407,True,1.0,0,0.0
20230805_191555,225,True,20230805_191555,219,True,1.0,0,0.0
20230828_205214,271,True,20230828_205214,296,True,1.0,0,0.0
20230907_185744,267,True,20230907_185744,1855,True,1.0,0,0.0
20230831_141252,211,True,20230831_141252,210,True,1.0,0,0.0
20230805_191555,1106,True,20230805_191555,198,True,1.0,0,0.0
20230831_053936,255,True,20230831_141252,301,True,0.0,0,1.0
20230831_163856,1287,False,20230805_145544,185,True,0.0,0,1.0
20230907_185744,1760,True,20230907_185744,267,True,1.0,0,0.0
20230907_185744,1412,True,20230907_185744,244,True,1.0,0,0.0
20230805_191555,204,True,20230807_062216,214,True,0.0,0,1.0
20230911_200338,232,False,20230911_200338,214,False,1.0,0,0.0
20230831_141252,1070,True,20230902_060137,284,True,0.0,0,1.0
20230907_185744,1759,True,20230907_185744,1935,True,1.0,0,0.0
20230815_055951,218,True,20230815_055951,191,True,1.0,0,0.0
20230815_055951,179,True,20230815_055951,182,True,1.0,0,0.0
20230907_185744,1558,True,20230807_062216,222,True,0.0,0,1.0
20230902_060137,250,True,20230902_060137,1403,True,1.0,0,0.0
20230831_141252,210,True,20230831_141252,216,True,1.0,0,0.0
20230902_060137,281,True,20230831_053936,1298,True,0.0,0,1.0
20230907_185744,1759,True,20230907_185744,1412,True,1.0,0,0.0
20230807_060504,250,True,20230807_060504,1412,True,1.0,0,0.0
20231006_192754,748,True,20231005_200808,176,True,0.0,0,1.0
20230907_185744,1349,True,20230907_185744,231,True,1.0,0,0.0
20230828_205214,1487,True,20230815_055951,221,True,0.0,0,1.0
20230831_053936,1303,True,20231006_192754,763,True,0.0,0,1.0
20230807_061410,474,False,20230807_061410,487,False,1.0,0,0.0
20230907_185744,1359,True,20230805_191555,199,True,0.0,0,1.0
20230907_185744,1940,True,20230907_185744,292,True,1.0,0,0.0
20230907_185744,1366,True,20230907_185744,1480,True,1.0,0,0.0
20230828_205214,1454,True,20230828_205214,1443,True,1.0,0,0.0
20230805_191555,237,True,20230805_191555,1103,True,1.0,0,0.0
20230805_145544,152,True,20230907_185744,1940,True,0.0,0,1.0
20230805_191555,198,True,20230805_191555,219,True,1.0,0,0.0
20230902_054933,1103,True,20230902_060137,279,True,0.0,0,1.0
20230831_141252,210,True,20230911_200338,985,False,0.0,0,1.0
20230831_141252,254,True,20230831_141252,275,True,1.0,0,0.0
20230907_185744,1412,True,20230907_185744,1701,True,1.0,0,0.0
20230828_205214,311,True,20230828_205214,286,True,1.0,0,0.0
20230907_185744,1366,True,20230907_185744,322,True,1.0,0,0.0
20230831_141252,282,True,20230828_205214,1496,True,0.0,0,1.0
20230807_062216,1080,True,20230807_062216,222,True,1.0,0,0.0
20230831_163856,1090,False,20230805_145141,735,True,0.0,0,1.0
20230815_055951,185,True,20230815_055951,179,True,1.0,0,0.0
20230807_061410,500,False,20230807_061410,473,False,1.0,0,0.0
20230907_185744,1664,True,20230828_205214,1455,True,0.0,0,1.0
20230828_205214,323,True,20230828_205214,1436,True,1.0,0,0.0
20230831_141252,1218,True,20230831_141252,1066,True,1.0,0,0.0
20230831_141252,1218,True,20230831_141252,281,True,1.0,0,0.0
20230807_061410,473,False,20230807_061410,493,False,1.0,0,0.0
20230907_185744,1412,True,20230907_185744,1840,True,1.0,0,0.0
20230902_060137,1176,True,20230828_205214,1455,True,0.0,0,1.0
20230807_062216,215,True,20230805_191555,199,True,0.0,0,1.0
20230907_185744,1367,True,20230907_185744,1524,True,1.0,0,0.0
20230907_185744,1399,True,20230907_185744,1558,True,1.0,0,0.0
20230807_062216,1081,True,20230807_062216,223,True,1.0,0,0.0
20230902_060137,1408,True,20230902_060137,269,True,1.0,0,0.0
20231006_192754,748,True,20230831_053936,274,True,0.0,0,1.0
20230902_060137,1441,True,20230911_200338,205,False,0.0,0,1.0
20230907_185744,1407,True,20230907_185744,1913,True,1.0,0,0.0
20230911_200338,1244,False,20230831_141252,288,True,0.0,0,1.0
20230805_191555,1117,True,20230911_200338,229,False,0.0,0,1.0
20230902_060137,267,True,20230902_060137,1436,True,1.0,0,0.0
20230805_191555,225,True,20230831_141252,288,True,0.0,0,1.0
20230828_205214,1436,True,20230805_145141,710,True,0.0,0,1.0
20230831_141252,269,True,20230831_141252,1315,True,1.0,0,0.0
20230831_163856,1090,False,20230807_060504,191,True,0.0,0,1.0
20230907_185744,1566,True,20230805_145141,706,True,0.0,0,1.0
20230907_185744,1377,True,20230907_185744,261,True,1.0,0,0.0
20230831_141252,269,True,20230831_141252,1067,True,1.0,0,0.0
20230828_205214,286,True,20230828_205214,1443,True,1.0,0,0.0
20230902_060137,234,True,20230902_060137,279,True,1.0,0,0.0
20230907_185744,1349,True,20230907_185744,1940,True,1.0,0,0.0
20230902_060137,1408,True,20230902_060137,1164,True,1.0,0,0.0
20230831_141252,288,True,20230831_141252,254,True,1.0,0,0.0
20230815_055951,184,True,20230805_191555,1105,True,0.0,0,1.0
20230907_185744,1571,True,20230907_185744,1418,True,1.0,0,0.0
20230907_185744,1826,True,20230907_185744,880,True,1.0,0,0.0
20230831_160214,949,False,20230911_200338,987,False,0.0,0,1.0
20230815_055951,211,True,20230815_055951,185,True,1.0,0,0.0
20230907_185744,1359,True,20230907_185744,1836,True,1.0,0,0.0
20230828_205214,1235,True,20230828_205214,1427,True,1.0,0,0.0
20230807_062216,254,True,20230807_062216,253,True,1.0,0,0.0
20230907_185744,1366,True,20230907_185744,259,True,1.0,0,0.0
20230911_200338,985,False,20230831_053936,1298,True,0.0,0,1.0
20230807_062216,1283,True,20230805_145544,1066,True,0.0,0,1.0
20230807_062216,210,True,20230807_062216,1080,True,1.0,0,0.0
20230831_141252,1317,True,20230831_141252,282,True,1.0,0,0.0
20230831_163856,1085,False,20230831_163856,1090,False,1.0,0,0.0
20230807_062216,215,True,20230807_062216,1283,True,1.0,0,0.0
20230805_191555,1101,True,20230805_191555,225,True,1.0,0,0.0
20230907_185744,1375,True,20230907_185744,255,True,1.0,0,0.0
20230907_185744,1366,True,20230907_185744,323,True,1.0,0,0.0
20230902_060137,296,True,20230807_060504,250,True,0.0,0,1.0
20230907_185744,1375,True,20230907_185744,231,True,1.0,0,0.0
20230907_185744,1558,True,20230907_185744,1377,True,1.0,0,0.0
20230902_060137,1171,True,20230902_060137,1408,True,1.0,0,0.0
20230805_145141,998,True,20230815_055951,218,True,0.0,0,1.0
20230828_205214,284,True,20230828_205214,1455,True,1.0,0,0.0
20230828_205214,1426,True,20230831_141252,1070,True,0.0,0,1.0
20230902_060137,1183,True,20230902_060137,1421,True,1.0,0,0.0
20230807_062216,254,True,20230807_062216,1080,True,1.0,0,0.0
20230828_205214,1443,True,20230828_205214,297,True,1.0,0,0.0
20230805_145544,193,True,20230805_145544,1066,True,1.0,0,0.0
20230807_060504,248,True,20230831_141252,210,True,0.0,0,1.0
20230815_055951,191,True,20230828_205214,1427,True,0.0,0,1.0
20231006_192754,750,True,20231005_200808,1091,True,0.0,0,1.0
20230902_060137,269,True,20230902_060137,250,True,1.0,0,0.0
20230805_191555,215,True,20230805_191555,1117,True,1.0,0,0.0
20230828_205214,1487,True,20230828_205214,1446,True,1.0,0,0.0
20230907_185744,1412,True,20231005_200808,191,True,0.0,0,1.0
20230831_141252,1067,True,20230805_145544,178,True,0.0,0,1.0
20230805_191555,204,True,20230805_191555,225,True,1.0,0,0.0
20230907_185744,1349,True,20230907_185744,1412,True,1.0,0,0.0
20230907_185744,1826,True,20230907_185744,1892,True,1.0,0,0.0
20230907_185744,267,True,20230907_185744,1661,True,1.0,0,0.0
20230828_205214,1496,True,20230828_205214,1231,True,1.0,0,0.0
20230805_145141,998,True,20230911_200338,229,False,0.0,0,1.0
20230907_185744,1826,True,20230907_185744,1723,True,1.0,0,0.0
20230902_060137,1408,True,20230902_060137,281,True,1.0,0,0.0
20230831_141252,288,True,20230907_185744,1759,True,0.0,0,1.0
20230815_055951,197,True,20230907_185744,1404,True,0.0,0,1.0
20230907_185744,1377,True,20230907_185744,255,True,1.0,0,0.0
20230907_185744,1375,True,20230907_185744,260,True,1.0,0,0.0
20230807_060504,192,True,20230807_060504,191,True,1.0,0,0.0
20230805_191555,204,True,20230805_191555,198,True,1.0,0,0.0
20230907_185744,1566,True,20230907_185744,1412,True,1.0,0,0.0
20230831_162051,192,True,20231006_192754,748,True,0.0,0,1.0
20230828_205214,1235,True,20230828_205214,296,True,1.0,0,0.0
20230831_141252,216,True,20230831_141252,1220,True,1.0,0,0.0
20230907_185744,1759,True,20230907_185744,1643,True,1.0,0,0.0
20230907_185744,1407,True,20230907_185744,1698,True,1.0,0,0.0
20230907_185744,1558,True,20230907_185744,1537,True,1.0,0,0.0
20230815_055951,197,True,20230815_055951,209,True,1.0,0,0.0
20230828_205214,297,True,20230828_205214,311,True,1.0,0,0.0
20230907_185744,1366,True,20230907_185744,1558,True,1.0,0,0.0
20230902_060137,296,True,20230902_060137,1403,True,1.0,0,0.0
20230805_145544,142,True,20230831_163856,1066,False,0.0,0,1.0
20230902_060137,1421,True,20230902_060137,1408,True,1.0,0,0.0
20230831_141252,1225,True,20230831_141252,259,True,1.0,0,0.0
20230831_141252,288,True,20230831_141252,267,True,1.0,0,0.0
20230902_060137,1432,True,20230807_062216,1081,True,0.0,0,1.0
20231005_200808,191,True,20230828_205214,1230,True,0.0,0,1.0
20230907_185744,1366,True,20230907_185744,1698,True,1.0,0,0.0
20230828_205214,1497,True,20230828_205214,1426,True,1.0,0,0.0
20230831_141252,1066,True,20230831_163856,1287,False,0.0,0,1.0
20230828_205214,1436,True,20230911_200338,204,False,0.0,0,1.0
20230902_060137,1450,True,20230902_060137,226,True,1.0,0,0.0
20230907_185744,1826,True,20230907_185744,1855,True,1.0,0,0.0
20230831_141252,211,True,20230831_141252,169,True,1.0,0,0.0
20230907_185744,1404,True,20230807_062216,223,True,0.0,0,1.0
20230831_141252,254,True,20230831_141252,1317,True,1.0,0,0.0
20230907_185744,1760,True,20230907_185744,860,True,1.0,0,0.0
20230907_185744,1349,True,20230907_185744,283,True,1.0,0,0.0
20230805_145544,168,True,20230805_145544,160,True,1.0,0,0.0
20230831_053936,1305,True,20230828_205214,1418,True,0.0,0,1.0
20230907_185744,1566,True,20230807_062216,1292,True,0.0,0,1.0
20230902_054933,1103,True,20230907_185744,1940,True,0.0,0,1.0
20230805_145141,730,True,20230831_163856,1085,False,0.0,0,1.0
20230828_205214,1427,True,20231005_200808,176,True,0.0,0,1.0
20230902_060137,1171,True,20230902_060137,299,True,1.0,0,0.0
20230807_062216,1289,True,20230807_062216,1283,True,1.0,0,0.0
20230828_205214,1496,True,20230828_205214,1465,True,1.0,0,0.0
20230831_053936,255,True,20230831_053936,271,True,1.0,0,0.0
20230902_060137,279,True,20230902_060137,226,True,1.0,0,0.0
20230907_185744,1571,True,20230907_185744,284,True,1.0,0,0.0
20230807_062216,255,True,20230807_062216,1289,True,1.0,0,0.0
20230807_062216,210,True,20230807_062216,255,True,1.0,0,0.0
20230828_205214,1455,True,20230828_205214,1474,True,1.0,0,0.0
20230805_191555,204,True,20230805_191555,1106,True,1.0,0,0.0
20230902_060137,235,True,20230902_060137,1183,True,1.0,0,0.0
20230805_191555,1117,True,20230805_191555,225,True,1.0,0,0.0
20230911_200338,1244,False,20230807_061410,473,False,0.0,0,1.0
20230815_055951,179,True,20230815_055951,169,True,1.0,0,0.0
20230828_205214,1497,True,20230828_205214,271,True,1.0,0,0.0
20230902_060137,1421,True,20230902_060137,235,True,1.0,0,0.0
20230902_060137,267,True,20230902_060137,1176,True,1.0,0,0.0
20230805_145544,168,True,20230805_145544,142,True,1.0,0,0.0
20230902_054933,210,True,20230805_145544,178,True,0.0,0,1.0
20230902_060137,250,True,20230902_060137,267,True,1.0,0,0.0
20230807_062216,255,True,20230831_163856,1084,False,0.0,0,1.0
20230831_163856,1282,False,20230831_141252,1315,True,0.0,0,1.0
20230911_200338,985,False,20231005_200808,191,True,0.0,0,1.0
20230828_205214,297,True,20230828_205214,1230,True,1.0,0,0.0
20230831_053936,1450,True,20230902_060137,1397,True,0.0,0,1.0
20230831_141252,1315,True,20230902_060137,296,True,0.0,0,1.0
20230828_205214,1465,True,20230831_141252,169,True,0.0,0,1.0
20230907_185744,1377,True,20230907_185744,1551,True,1.0,0,0.0
20230902_060137,279,True,20230805_191555,1101,True,0.0,0,1.0
20230907_185744,1404,True,20230907_185744,1723,True,1.0,0,0.0
20230831_141252,1317,True,20230831_141252,267,True,1.0,0,0.0
20230805_191555,201,True,20230805_191555,215,True,1.0,0,0.0
20230831_141252,1227,True,20230831_141252,259,True,1.0,0,0.0
20230911_200338,229,False,20230831_162051,178,True,0.0,0,1.0
20230907_185744,1759,True,20230907_185744,880,True,1.0,0,0.0
20230807_060504,235,True,20230805_191555,1117,True,0.0,0,1.0
20230807_062216,223,True,20230807_062216,202,True,1.0,0,0.0
20230815_055951,184,True,20230815_055951,1202,True,1.0,0,0.0
20230902_060137,1428,True,20230902_060137,1398,True,1.0,0,0.0
20230831_053936,1298,True,20230831_053936,268,True,1.0,0,0.0
20230828_205214,1487,True,20230828_205214,323,True,1.0,0,0.0
20230807_062216,223,True,20230907_185744,1404,True,0.0,0,1.0
20230805_191555,1101,True,20230805_191555,1103,True,1.0,0,0.0
20230831_053936,274,True,20230807_062216,254,True,0.0,0,1.0
20230902_054933,224,True,20230831_141252,1317,True,0.0,0,1.0
20230831_141252,169,True,20230831_141252,301,True,1.0,0,0.0
20230907_185744,1359,True,20230907_185744,1496,True,1.0,0,0.0
20230807_062216,222,True,20230807_062216,255,True,1.0,0,0.0
20230907_185744,1399,True,20230902_060137,235,True,0.0,0,1.0
20230805_191555,224,True,20230807_060504,248,True,0.0,0,1.0
20230907_185744,1399,True,20230907_185744,1699,True,1.0,0,0.0
20230831_141252,210,True,20230807_062216,1286,True,0.0,0,1.0
20230805_191555,1103,True,20230805_191555,237,True,1.0,0,0.0
20230831_141252,1067,True,20230831_141252,288,True,1.0,0,0.0
20230807_061410,481,False,20230831_141252,1067,True,0.0,0,1.0
20230815_055951,184,True,20230807_060504,256,True,0.0,0,1.0
20230907_185744,1836,True,20230907_185744,1680,True,1.0,0,0.0
20230831_160214,949,False,20230907_185744,1571,True,0.0,0,1.0
20230902_060137,281,True,20230902_060137,1432,True,1.0,0,0.0
20230807_062216,202,True,20230805_191555,198,True,0.0,0,1.0
20230907_185744,1566,True,20230907_185744,1680,True,1.0,0,0.0
20230907_185744,1375,True,20230907_185744,1518,True,1.0,0,0.0
20230831_163856,1084,False,20230831_053936,1303,True,0.0,0,1.0
20230902_060137,1450,True,20230902_060137,279,True,1.0,0,0.0
20230902_060137,284,True,20230902_060137,1165,True,1.0,0,0.0
20230907_185744,1363,True,20230907_185744,1644,True,1.0,0,0.0
20230805_145544,142,True,20230815_055951,197,True,0.0,0,1.0
20230911_200338,1244,False,20230911_200338,213,False,1.0,0,0.0
20230831_141252,169,True,20230831_141252,1067,True,1.0,0,0.0
20230831_141252,254,True,20230831_141252,1315,True,1.0,0,0.0
20230828_205214,310,True,20230828_205214,1427,True,1.0,0,0.0
20230902_060137,234,True,20230902_060137,235,True,1.0,0,0.0
20230907_185744,1375,True,20230907_185744,1399,True,1.0,0,0.0
20230907_185744,1760,True,20230907_185744,1701,True,1.0,0,0.0
20230911_200338,210,False,20230911_200338,235,False,1.0,0,0.0
20230831_141252,1315,True,20230831_141252,275,True,1.0,0,0.0
20230831_141252,1315,True,20230831_053936,271,True,0.0,0,1.0
20230828_205214,323,True,20230902_060137,1171,True,0.0,0,1.0
20230807_061410,1603,False,20230807_061410,500,False,1.0,0,0.0
20230907_185744,1826,True,20230907_185744,1840,True,1.0,0,0.0
20230907_185744,1404,True,20230907_185744,1571,True,1.0,0,0.0
20230805_145544,1066,True,20230805_191555,225,True,0.0,0,1.0
20230907_185744,1412,True,20230907_185744,1643,True,1.0,0,0.0
20230907_185744,1571,True,20230907_185744,1525,True,1.0,0,0.0
20230907_185744,1359,True,20230907_185744,1366,True,1.0,0,0.0
20230907_185744,1359,True,20230907_185744,1913,True,1.0,0,0.0
20230828_205214,1497,True,20230828_205214,1454,True,1.0,0,0.0
20230828_205214,1230,True,20230815_055951,182,True,0.0,0,1.0
20230907_185744,1412,True,20230907_185744,1891,True,1.0,0,0.0
20230828_205214,1231,True,20230911_200338,210,False,0.0,0,1.0
20230828_205214,1459,True,20230828_205214,286,True,1.0,0,0.0
20230831_141252,269,True,20230907_185744,1664,True,0.0,0,1.0
20230828_205214,1474,True,20230828_205214,290,True,1.0,0,0.0
20230907_185744,1363,True,20230907_185744,1525,True,1.0,0,0.0
20230805_145141,735,True,20230807_060504,191,True,0.0,0,1.0
20230907_185744,1558,True,20230911_200338,210,False,0.0,0,1.0
20230831_141252,1067,True,20230831_141252,1317,True,1.0,0,0.0
20230807_061410,495,False,20230807_061410,487,False,1.0,0,0.0
20230815_055951,185,True,20230805_191555,1101,True,0.0,0,1.0
20230805_191555,1117,True,20230805_191555,215,True,1.0,0,0.0
20230902_060137,1408,True,20230831_141252,281,True,0.0,0,1.0
20230907_185744,1412,True,20230907_185744,1497,True,1.0,0,0.0
20230828_205214,1436,True,20230828_205214,1231,True,1.0,0,0.0
20230902_054933,207,True,20230902_054933,1102,True,1.0,0,0.0
20230907_185744,1377,True,20230907_185744,1451,True,1.0,0,0.0
20230907_185744,1375,True,20230907_185744,1366,True,1.0,0,0.0
20230911_200338,985,False,20230907_185744,1412,True,0.0,0,1.0
20230907_185744,1940,True,20230907_185744,1367,True,1.0,0,0.0
20230831_141252,288,True,20230831_141252,1067,True,1.0,0,0.0
20230807_061410,481,False,20230805_145544,178,True,0.0,0,1.0
20230907_185744,1826,True,20230907_185744,1895,True,1.0,0,0.0
20230807_061410,495,False,20230831_141252,216,True,0.0,0,1.0
20230907_185744,1404,True,20230907_185744,1459,True,1.0,0,0.0
20230831_163856,1084,False,20230831_141252,1070,True,0.0,0,1.0
20230828_205214,1459,True,20230828_205214,323,True,1.0,0,0.0
20230815_055951,209,True,20230831_053936,1450,True,0.0,0,1.0
20230907_185744,1566,True,20230907_185744,1674,True,1.0,0,0.0
20230907_185744,1377,True,20230907_185744,1493,True,1.0,0,0.0
20230831_163856,1085,False,20230805_191555,1101,True,0.0,0,1.0
20230828_205214,284,True,20230828_205214,311,True,1.0,0,0.0
20230902_054933,208,True,20230902_054933,210,True,1.0,0,0.0
20230807_060504,235,True,20230828_205214,1426,True,0.0,0,1.0
20230902_054933,224,True,20230831_053936,1304,True,0.0,0,1.0
20230828_205214,1427,True,20230828_205214,284,True,1.0,0,0.0
20230831_141252,1225,True,20230831_141252,169,True,1.0,0,0.0
20230911_200338,235,False,20230911_200338,204,False,1.0,0,0.0
20230807_061410,474,False,20230831_141252,210,True,0.0,0,1.0
20230907_185744,1375,True,20230907_185744,279,True,1.0,0,0.0
20230831_053936,1304,True,20230831_053936,1450,True,1.0,0,0.0
20230911_200338,987,False,20230805_191555,1105,True,0.0,0,1.0
20230807_061410,485,False,20230807_061410,495,False,1.0,0,0.0
20230807_062216,1286,True,20230807_061410,474,False,0.0,0,1.0
20230805_145544,156,True,20230805_145544,168,True,1.0,0,0.0
20230828_205214,286,True,20230828_205214,323,True,1.0,0,0.0
20230907_185744,1760,True,20230902_060137,1421,True,0.0,0,1.0
20230828_205214,1418,True,20230828_205214,290,True,1.0,0,0.0
20230907_185744,1375,True,20230907_185744,1895,True,1.0,0,0.0
20230907_185744,1377,True,20230907_185744,1759,True,1.0,0,0.0
20230902_060137,1164,True,20230902_060137,1428,True,1.0,0,0.0
20230831_053936,1304,True,20230831_053936,255,True,1.0,0,0.0
20230907_185744,1566,True,20230831_053936,231,True,0.0,0,1.0
20230907_185744,1940,True,20230907_185744,1680,True,1.0,0,0.0
20230805_145544,156,True,20230805_145544,143,True,1.0,0,0.0
20230902_060137,267,True,20230907_185744,1673,True,0.0,0,1.0
20230907_185744,1377,True,20230907_185744,1521,True,1.0,0,0.0
20230902_060137,250,True,20230902_060137,235,True,1.0,0,0.0
20230807_061410,1603,False,20230831_160214,943,False,0.0,0,1.0
20230805_145544,178,True,20230831_141252,1067,True,0.0,0,1.0
20230831_141252,282,True,20230831_141252,275,True,1.0,0,0.0
20230805_191555,1103,True,20230807_061410,481,False,0.0,0,1.0
20230902_060137,1441,True,20230902_060137,1432,True,1.0,0,0.0
20230815_055951,197,True,20230805_191555,237,True,0.0,0,1.0
20230831_141252,1066,True,20230831_141252,1317,True,1.0,0,0.0
20230907_185744,1940,True,20230907_185744,1524,True,1.0,0,0.0
20230807_062216,1283,True,20230807_062216,253,True,1.0,0,0.0
20230902_060137,269,True,20230902_060137,235,True,1.0,0,0.0
20230831_141252,1066,True,20230831_141252,301,True,1.0,0,0.0
20230805_145141,706,True,20230805_145141,703,True,1.0,0,0.0
20230831_141252,1317,True,20230805_145544,142,True,0.0,0,1.0
20230828_205214,1459,True,20230828_205214,1497,True,1.0,0,0.0
20230831_141252,1067,True,20230831_141252,281,True,1.0,0,0.0
20230831_141252,301,True,20230831_141252,259,True,1.0,0,0.0
20230828_205214,1487,True,20230828_205214,297,True,1.0,0,0.0
20230831_163856,1084,False,20230831_160214,943,False,0.0,0,1.0
20230907_185744,1367,True,20230907_185744,292,True,1.0,0,0.0
20230902_060137,1436,True,20230907_185744,1367,True,0.0,0,1.0
20230831_141252,295,True,20230831_141252,254,True,1.0,0,0.0
20230907_185744,1759,True,20230902_060137,1397,True,0.0,0,1.0
20230831_053936,271,True,20230805_145141,703,True,0.0,0,1.0
20230907_185744,1363,True,20230907_185744,1664,True,1.0,0,0.0
20230805_145544,178,True,20230805_145544,160,True,1.0,0,0.0
20230907_185744,1571,True,20230907_185744,1855,True,1.0,0,0.0
20230831_053936,1450,True,20230831_053936,271,True,1.0,0,0.0
20230907_185744,1412,True,20230907_185744,1730,True,1.0,0,0.0
20230828_205214,1418,True,20230828_205214,286,True,1.0,0,0.0
20230805_145141,716,True,20230805_145141,998,True,1.0,0,0.0
20230828_205214,323,True,20230828_205214,1418,True,1.0,0,0.0
20230805_191555,219,True,20230902_060137,1441,True,0.0,0,1.0
20230805_145141,703,True,20230807_062216,222,True,0.0,0,1.0
20230828_205214,1474,True,20230828_205214,286,True,1.0,0,0.0
20230831_141252,288,True,20230831_141252,169,True,1.0,0,0.0
20230815_055951,191,True,20230907_185744,1363,True,0.0,0,1.0
20230831_053936,1450,True,20230807_061410,473,False,0.0,0,1.0
20230805_145141,713,True,20230805_145141,716,True,1.0,0,0.0
20230907_185744,1571,True,20230907_185744,1664,True,1.0,0,0.0
20230902_060137,1408,True,20230902_060137,1419,True,1.0,0,0.0
20230902_060137,1397,True,20230902_060137,1432,True,1.0,0,0.0
20230902_054933,1102,True,20230902_060137,296,True,0.0,0,1.0
20230805_191555,1103,True,20230831_053936,274,True,0.0,0,1.0
20230907_185744,1566,True,20230907_185744,1525,True,1.0,0,0.0
20230805_145544,152,True,20230828_205214,1235,True,0.0,0,1.0
20230907_185744,1359,True,20230907_185744,1828,True,1.0,0,0.0
20230902_060137,279,True,20230902_060137,284,True,1.0,0,0.0
20230807_062216,1292,True,20230807_062216,254,True,1.0,0,0.0
20230828_205214,284,True,20230828_205214,286,True,1.0,0,0.0
20230907_185744,267,True,20230907_185744,1892,True,1.0,0,0.0
20230902_060137,1164,True,20230902_060137,1403,True,1.0,0,0.0
20230831_162051,181,True,20230831_053936,1301,True,0.0,0,1.0
20230911_200338,229,False,20230831_053936,1303,True,0.0,0,1.0
20231006_192754,763,True,20230815_055951,218,True,0.0,0,1.0
20230907_185744,1836,True,20230907_185744,261,True,1.0,0,0.0
20230831_053936,1304,True,20230831_053936,268,True,1.0,0,0.0
20230828_205214,1459,True,20230828_205214,1230,True,1.0,0,0.0
20230831_141252,254,True,20230831_141252,1227,True,1.0,0,0.0
20230815_055951,179,True,20230807_060504,250,True,0.0,0,1.0
20230907_185744,1366,True,20230907_185744,1496,True,1.0,0,0.0
20230807_060504,192,True,20230807_060504,235,True,1.0,0,0.0
20230907_185744,1760,True,20230907_185744,844,True,1.0,0,0.0
20230911_200338,213,False,20230831_160214,934,False,0.0,0,1.0
20230907_185744,1367,True,20230907_185744,300,True,1.0,0,0.0
20231005_200808,196,True,20231005_200808,183,True,1.0,0,0.0
20230831_053936,1304,True,20230831_053936,271,True,1.0,0,0.0
20230831_053936,271,True,20230902_060137,296,True,0.0,0,1.0
20230831_053936,1303,True,20230831_053936,274,True,1.0,0,0.0
20230907_185744,1363,True,20230907_185744,1366,True,1.0,0,0.0
20230831_141252,281,True,20230831_141252,1227,True,1.0,0,0.0
20230907_185744,1399,True,20230907_185744,1497,True,1.0,0,0.0
20230828_205214,1418,True,20230828_205214,1452,True,1.0,0,0.0
20230907_185744,1367,True,20230907_185744,1937,True,1.0,0,0.0
20230831_141252,254,True,20230831_141252,288,True,1.0,0,0.0
20230907_185744,1566,True,20230902_060137,1441,True,0.0,0,1.0
20230805_145141,710,True,20230815_055951,197,True,0.0,0,1.0
20230907_185744,1566,True,20230907_185744,1366,True,1.0,0,0.0
20230807_061410,500,False,20230807_061410,495,False,1.0,0,0.0
20230907_185744,1836,True,20230907_185744,1892,True,1.0,0,0.0
20230902_060137,1428,True,20230902_060137,1432,True,1.0,0,0.0
20230828_205214,1426,True,20230805_191555,1117,True,0.0,0,1.0
20230902_060137,1441,True,20230902_060137,1176,True,1.0,0,0.0
20230911_200338,195,False,20230911_200338,1244,False,1.0,0,0.0
20230907_185744,1375,True,20230831_053936,268,True,0.0,0,1.0
20230907_185744,1399,True,20230907_185744,1366,True,1.0,0,0.0
20230805_191555,201,True,20230805_191555,1117,True,1.0,0,0.0
20230805_191555,1105,True,20230805_191555,198,True,1.0,0,0.0
20230805_145544,1066,True,20230911_200338,1244,False,0.0,0,1.0
20230902_060137,269,True,20230902_060137,299,True,1.0,0,0.0
20230907_185744,1759,True,20230907_185744,270,True,1.0,0,0.0
20230807_062216,1080,True,20230807_062216,210,True,1.0,0,0.0
20230907_185744,1571,True,20230907_185744,860,True,1.0,0,0.0
20230815_055951,184,True,20230805_145544,185,True,0.0,0,1.0
20230907_185744,1359,True,20230907_185744,1678,True,1.0,0,0.0
20230807_061410,487,False,20230807_062216,223,True,0.0,0,1.0
20230828_205214,1443,True,20230828_205214,1474,True,1.0,0,0.0
20230815_055951,1202,True,20230815_055951,197,True,1.0,0,0.0
20230907_185744,1349,True,20230907_185744,265,True,1.0,0,0.0
20230831_053936,231,True,20230831_053936,274,True,1.0,0,0.0
20230815_055951,218,True,20230807_062216,255,True,0.0,0,1.0
20230831_163856,1085,False,20230831_053936,1301,True,0.0,0,1.0
20230831_141252,1066,True,20230807_062216,247,True,0.0,0,1.0
20230831_053936,1298,True,20230807_061410,474,False,0.0,0,1.0
20230807_061410,481,False,20230907_185744,1363,True,0.0,0,1.0
20230805_145544,168,True,20230807_061410,500,False,0.0,0,1.0
20230907_185744,1826,True,20230907_185744,1551,True,1.0,0,0.0
20230831_053936,231,True,20230831_053936,1304,True,1.0,0,0.0
20230907_185744,1760,True,20230907_185744,880,True,1.0,0,0.0
20230815_055951,182,True,20231005_200808,191,True,0.0,0,1.0
20230911_200338,204,False,20230831_141252,1317,True,0.0,0,1.0
20230831_053936,231,True,20230831_053936,255,True,1.0,0,0.0
20230902_060137,296,True,20230831_163856,1282,False,0.0,0,1.0
20230902_054933,229,True,20230815_055951,184,True,0.0,0,1.0
20230805_145544,142,True,20230902_060137,269,True,0.0,0,1.0
20230815_055951,218,True,20230902_060137,284,True,0.0,0,1.0
20230902_060137,1428,True,20230902_060137,1176,True,1.0,0,0.0
20230911_200338,204,False,20230911_200338,232,False,1.0,0,0.0
20230828_205214,1443,True,20230828_205214,1497,True,1.0,0,0.0
20230805_145141,710,True,20230831_053936,1304,True,0.0,0,1.0
20230831_162051,192,True,20230828_205214,1427,True,0.0,0,1.0
20230907_185744,1836,True,20230907_185744,1940,True,1.0,0,0.0
20230805_145544,152,True,20230911_200338,213,False,0.0,0,1.0
20230907_185744,1760,True,20230907_185744,1848,True,1.0,0,0.0
20230907_185744,1359,True,20230907_185744,1551,True,1.0,0,0.0
20230828_205214,284,True,20230911_200338,205,False,0.0,0,1.0
20230807_062216,253,True,20230902_060137,279,True,0.0,0,1.0
20230902_060137,1403,True,20230902_060137,1428,True,1.0,0,0.0
20230805_191555,198,True,20230805_191555,237,True,1.0,0,0.0
20230815_055951,209,True,20230807_062216,1283,True,0.0,0,1.0
20230907_185744,1363,True,20230907_185744,244,True,1.0,0,0.0
20230831_141252,1317,True,20230831_141252,254,True,1.0,0,0.0
20230807_060504,235,True,20230902_054933,207,True,0.0,0,1.0
20230907_185744,1836,True,20230907_185744,1359,True,1.0,0,0.0
20230805_145544,168,True,20230807_062216,1292,True,0.0,0,1.0
20230815_055951,191,True,20230815_055951,184,True,1.0,0,0.0
20230907_185744,1759,True,20230907_185744,283,True,1.0,0,0.0
20230907_185744,1571,True,20230907_185744,1929,True,1.0,0,0.0
20230805_191555,201,True,20230805_145544,149,True,0.0,0,1.0
20230831_162051,178,True,20230831_160214,943,False,0.0,0,1.0
20230907_185744,1826,True,20230907_185744,1644,True,1.0,0,0.0
20230907_185744,1363,True,20230907_185744,1723,True,1.0,0,0.0
20230831_163856,1085,False,20230807_062216,253,True,0.0,0,1.0
20230907_185744,1363,True,20230907_185744,1918,True,1.0,0,0.0
20230805_145544,193,True,20230907_185744,1377,True,0.0,0,1.0
20230907_185744,1367,True,20230907_185744,1661,True,1.0,0,0.0
20230831_160214,937,False,20230831_053936,274,True,0.0,0,1.0
20230911_200338,214,False,20230911_200338,235,False,1.0,0,0.0
20230831_141252,1317,True,20230831_163856,1066,False,0.0,0,1.0
20230907_185744,1363,True,20230907_185744,1571,True,1.0,0,0.0
20230805_191555,219,True,20230805_191555,1101,True,1.0,0,0.0
20230907_185744,1836,True,20230907_185744,1377,True,1.0,0,0.0
20230907_185744,1366,True,20230907_185744,1463,True,1.0,0,0.0
20230902_060137,1428,True,20230902_060137,1397,True,1.0,0,0.0
20230907_185744,1407,True,20230907_185744,1935,True,1.0,0,0.0
20230902_060137,1397,True,20230902_060137,1165,True,1.0,0,0.0
20230907_185744,1412,True,20230907_185744,1673,True,1.0,0,0.0
20230828_205214,284,True,20230828_205214,1426,True,1.0,0,0.0
20230805_191555,219,True,20230805_191555,224,True,1.0,0,0.0
20230907_185744,1407,True,20230907_185744,1855,True,1.0,0,0.0
20230907_185744,1412,True,20230907_185744,1725,True,1.0,0,0.0
20230902_054933,1103,True,20230805_191555,1101,True,0.0,0,1.0
20230805_191555,237,True,20230805_191555,198,True,1.0,0,0.0
20230828_205214,1231,True,20230807_060504,250,True,0.0,0,1.0
20230902_060137,281,True,20230805_191555,224,True,0.0,0,1.0
20230831_141252,1067,True,20230831_141252,295,True,1.0,0,0.0
20230907_185744,1363,True,20230907_185744,1375,True,1.0,0,0.0
20230831_141252,1220,True,20230831_141252,259,True,1.0,0,0.0
20230805_191555,237,True,20230805_191555,204,True,1.0,0,0.0
20230902_060137,296,True,20230902_054933,1102,True,0.0,0,1.0
20230828_205214,1418,True,20230828_205214,1231,True,1.0,0,0.0
20230828_205214,1487,True,20230828_205214,1426,True,1.0,0,0.0
20230807_062216,247,True,20230807_062216,222,True,1.0,0,0.0
20230907_185744,1407,True,20230907_185744,1479,True,1.0,0,0.0
20230907_185744,1760,True,20230907_185744,1525,True,1.0,0,0.0
20230907_185744,1399,True,20230907_185744,1377,True,1.0,0,0.0
20230805_145544,142,True,20230805_145544,143,True,1.0,0,0.0
20230805_145544,143,True,20230807_060504,248,True,0.0,0,1.0
20230807_062216,1080,True,20230828_205214,1452,True,0.0,0,1.0
20230828_205214,1427,True,20230828_205214,1497,True,1.0,0,0.0
20230902_060137,1432,True,20230902_060137,1428,True,1.0,0,0.0
20230831_141252,282,True,20230831_141252,1070,True,1.0,0,0.0
20231005_200808,175,True,20231005_200808,176,True,1.0,0,0.0
20230805_145544,178,True,20230805_145544,143,True,1.0,0,0.0
20230828_205214,1235,True,20230805_145544,152,True,0.0,0,1.0
20230907_185744,1412,True,20230907_185744,1566,True,1.0,0,0.0
20230831_141252,259,True,20230831_141252,211,True,1.0,0,0.0
20230831_160214,934,False,20231006_192754,750,True,0.0,0,1.0
20230907_185744,1363,True,20230907_185744,1730,True,1.0,0,0.0
20230911_200338,205,False,20230907_185744,1566,True,0.0,0,1.0
20230805_145544,193,True,20230831_163856,1084,False,0.0,0,1.0
20230831_141252,1225,True,20230831_141252,254,True,1.0,0,0.0
20230907_185744,1359,True,20230907_185744,300,True,1.0,0,0.0
20230907_185744,1759,True,20230907_185744,1521,True,1.0,0,0.0
20230902_060137,1413,True,20230902_060137,296,True,1.0,0,0.0
20230831_141252,288,True,20230831_141252,275,True,1.0,0,0.0
20230902_060137,299,True,20230902_060137,1403,True,1.0,0,0.0
20230805_145141,730,True,20230805_145141,706,True,1.0,0,0.0
20230815_055951,218,True,20230805_145141,998,True,0.0,0,1.0
20230902_060137,234,True,20230902_060137,1176,True,1.0,0,0.0
20230907_185744,1759,True,20230907_185744,1723,True,1.0,0,0.0
20230907_185744,1366,True,20230907_185744,1929,True,1.0,0,0.0
20230907_185744,1375,True,20230907_185744,1407,True,1.0,0,0.0
20230805_145141,713,True,20230831_141252,210,True,0.0,0,1.0
20230805_191555,237,True,20230807_060504,244,True,0.0,0,1.0
20230907_185744,1940,True,20230907_185744,1892,True,1.0,0,0.0
20230828_205214,1230,True,20230828_205214,1231,True,1.0,0,0.0
20230831_141252,1070,True,20230831_163856,1084,False,0.0,0,1.0
20230831_141252,269,True,20230902_060137,1176,True,0.0,0,1.0
20230902_060137,1165,True,20230902_060137,1441,True,1.0,0,0.0
20230902_060137,281,True,20230807_062216,1286,True,0.0,0,1.0
20230902_060137,224,True,20230902_060137,1408,True,1.0,0,0.0
20230907_185744,1571,True,20230807_062216,247,True,0.0,0,1.0
20230805_191555,237,True,20230807_061410,487,False,0.0,0,1.0
20230902_054933,208,True,20230805_145544,143,True,0.0,0,1.0
20230805_145141,730,True,20231006_192754,750,True,0.0,0,1.0
20230828_205214,1497,True,20230828_205214,1496,True,1.0,0,0.0
20230902_060137,1432,True,20230902_060137,1165,True,1.0,0,0.0
20230807_060504,250,True,20230807_060504,235,True,1.0,0,0.0
20230902_054933,210,True,20230902_060137,1450,True,0.0,0,1.0
20230907_185744,1566,True,20230907_185744,323,True,1.0,0,0.0
20230805_191555,1103,True,20230805_191555,1106,True,1.0,0,0.0
20230805_145544,193,True,20230815_055951,218,True,0.0,0,1.0
20230907_185744,1836,True,20230907_185744,1926,True,1.0,0,0.0
20230805_145141,710,True,20230911_200338,204,False,0.0,0,1.0
20230907_185744,1940,True,20230831_163856,1085,False,0.0,0,1.0
20230907_185744,1571,True,20230907_185744,282,True,1.0,0,0.0
20230831_141252,210,True,20230831_141252,275,True,1.0,0,0.0
20230907_185744,1407,True,20230907_185744,270,True,1.0,0,0.0
20230828_205214,1455,True,20230902_060137,1176,True,0.0,0,1.0
20230831_160214,943,False,20230807_062216,255,True,0.0,0,1.0
20230907_185744,1826,True,20230907_185744,231,True,1.0,0,0.0
20231005_200808,183,True,20230907_185744,1571,True,0.0,0,1.0
20230907_185744,1407,True,20230907_185744,291,True,1.0,0,0.0
20230831_053936,1304,True,20230831_163856,1066,False,0.0,0,1.0
20230831_141252,281,True,20230831_141252,295,True,1.0,0,0.0
20230907_185744,1412,True,20230831_053936,1298,True,0.0,0,1.0
20230828_205214,1474,True,20230828_205214,323,True,1.0,0,0.0
20230907_185744,1760,True,20230907_185744,1459,True,1.0,0,0.0
20230907_185744,1760,True,20230907_185744,1926,True,1.0,0,0.0
20230828_205214,1465,True,20230828_205214,1452,True,1.0,0,0.0
20230805_191555,219,True,20230815_055951,169,True,0.0,0,1.0
20230805_145141,703,True,20230805_145141,710,True,1.0,0,0.0
20230831_162051,178,True,20230815_055951,218,True,0.0,0,1.0
20230907_185744,1571,True,20230907_185744,261,True,1.0,0,0.0
20230831_141252,281,True,20230831_141252,1317,True,1.0,0,0.0
20230907_185744,1399,True,20230907_185744,1850,True,1.0,0,0.0
20231005_200808,175,True,20230807_060504,235,True,0.0,0,1.0
20230907_185744,1399,True,20230907_185744,322,True,1.0,0,0.0
20230902_060137,1432,True,20230902_060137,224,True,1.0,0,0.0
20230902_060137,1413,True,20230902_060137,1408,True,1.0,0,0.0
20230815_055951,209,True,20230815_055951,1202,True,1.0,0,0.0
20230807_062216,1283,True,20230807_062216,1081,True,1.0,0,0.0
20230907_185744,1366,True,20230907_185744,1935,True,1.0,0,0.0
20230911_200338,214,False,20230907_185744,1363,True,0.0,0,1.0
20230902_060137,234,True,20230902_060137,226,True,1.0,0,0.0
20230902_060137,224,True,20230805_191555,201,True,0.0,0,1.0
20230831_141252,267,True,20230831_141252,1070,True,1.0,0,0.0
20230831_053936,268,True,20230831_141252,275,True,0.0,0,1.0
20230828_205214,1436,True,20230831_053936,1304,True,0.0,0,1.0
20230831_053936,274,True,20231006_192754,748,True,0.0,0,1.0
20230805_145544,185,True,20230805_145544,1066,True,1.0,0,0.0
20230828_205214,1231,True,20230828_205214,296,True,1.0,0,0.0
20230805_145544,142,True,20230807_060504,244,True,0.0,0,1.0
20230907_185744,1836,True,20230907_185744,255,True,1.0,0,0.0
20230907_185744,1940,True,20230907_185744,1366,True,1.0,0,0.0
20230907_185744,1566,True,20230907_185744,1359,True,1.0,0,0.0
20230907_185744,1359,True,20230907_185744,1926,True,1.0,0,0.0
20230805_145544,149,True,20230805_145544,193,True,1.0,0,0.0
20230807_061410,493,False,20230807_061410,1603,False,1.0,0,0.0
20230831_163856,1287,False,20230831_160214,949,False,0.0,0,1.0
20230907_185744,1404,True,20230907_185744,1369,True,1.0,0,0.0
20230911_200338,229,False,20230831_141252,1070,True,0.0,0,1.0
20230902_054933,207,True,20230828_205214,1426,True,0.0,0,1.0
20230828_205214,1230,True,20230902_060137,281,True,0.0,0,1.0
20230805_191555,225,True,20230831_053936,1450,True,0.0,0,1.0
20230902_060137,226,True,20230902_060137,1413,True,1.0,0,0.0
20230831_053936,1301,True,20230807_060504,192,True,0.0,0,1.0
20230902_060137,1450,True,20230902_060137,1397,True,1.0,0,0.0
20230907_185744,1363,True,20230831_163856,1090,False,0.0,0,1.0
20230828_205214,1440,True,20230828_205214,1230,True,1.0,0,0.0
20230807_060504,191,True,20230907_185744,1363,True,0.0,0,1.0
20230907_185744,1566,True,20230911_200338,205,False,0.0,0,1.0
20230902_060137,281,True,20230902_060137,284,True,1.0,0,0.0
20230828_205214,296,True,20230828_205214,1427,True,1.0,0,0.0
20230805_145141,713,True,20230828_205214,1230,True,0.0,0,1.0
20230911_200338,213,False,20230805_145544,152,True,0.0,0,1.0
20230815_055951,184,True,20230831_160214,949,False,0.0,0,1.0
20230907_185744,1558,True,20230907_185744,1664,True,1.0,0,0.0
20231006_192754,748,True,20230907_185744,1363,True,0.0,0,1.0
20230815_055951,218,True,20230902_054933,207,True,0.0,0,1.0
20230907_185744,1407,True,20230907_185744,1937,True,1.0,0,0.0
20230828_205214,1427,True,20230828_205214,1230,True,1.0,0,0.0
20230831_160214,943,False,20231006_192754,763,True,0.0,0,1.0
20230828_205214,1427,True,20230828_205214,1487,True,1.0,0,0.0
20230911_200338,213,False,20230807_062216,253,True,0.0,0,1.0
20230902_060137,234,True,20230902_060137,284,True,1.0,0,0.0
20230805_191555,1117,True,20230902_060137,284,True,0.0,0,1.0
20230907_185744,1558,True,20230907_185744,1828,True,1.0,0,0.0
20230907_185744,267,True,20230907_185744,1644,True,1.0,0,0.0
20230907_185744,1571,True,20230907_185744,1934,True,1.0,0,0.0
20230828_205214,284,True,20230807_061410,500,False,0.0,0,1.0
20230902_060137,226,True,20230807_062216,214,True,0.0,0,1.0
20230902_060137,1419,True,20230902_060137,224,True,1.0,0,0.0
20230831_160214,943,False,20230805_145141,998,True,0.0,0,1.0
20230831_053936,231,True,20230831_053936,1305,True,1.0,0,0.0
20230907_185744,1377,True,20230907_185744,1934,True,1.0,0,0.0
20230902_060137,1183,True,20230805_191555,199,True,0.0,0,1.0
20230831_141252,288,True,20230805_145544,1066,True,0.0,0,1.0
20230907_185744,1571,True,20230907_185744,1848,True,1.0,0,0.0
20230902_060137,1428,True,20230902_060137,1421,True,1.0,0,0.0
20230828_205214,286,True,20230805_191555,204,True,0.0,0,1.0
20230907_185744,1367,True,20230907_185744,1850,True,1.0,0,0.0
20230831_141252,301,True,20230831_141252,210,True,1.0,0,0.0
20230902_060137,224,True,20230902_060137,296,True,1.0,0,0.0
20230902_060137,226,True,20230902_060137,1397,True,1.0,0,0.0
20230907_185744,1375,True,20230907_185744,1661,True,1.0,0,0.0
20230907_185744,1363,True,20230907_185744,1935,True,1.0,0,0.0
20230831_141252,267,True,20230831_141252,1067,True,1.0,0,0.0
20230907_185744,1558,True,20230907_185744,1489,True,1.0,0,0.0
20230805_145544,156,True,20230805_145544,152,True,1.0,0,0.0
20230911_200338,987,False,20230911_200338,205,False,1.0,0,0.0
20230907_185744,1412,True,20230907_185744,1493,True,1.0,0,0.0
20230831_141252,1220,True,20230831_141252,1067,True,1.0,0,0.0
20230807_060504,256,True,20230807_060504,248,True,1.0,0,0.0
20230902_060137,1419,True,20230902_060137,1165,True,1.0,0,0.0
20230907_185744,1349,True,20230907_185744,260,True,1.0,0,0.0
20230828_205214,1231,True,20230828_205214,1418,True,1.0,0,0.0
20230902_060137,226,True,20230902_060137,281,True,1.0,0,0.0
20230902_060137,1450,True,20230902_060137,1421,True,1.0,0,0.0
20230828_205214,1474,True,20230828_205214,310,True,1.0,0,0.0
20230831_141252,210,True,20230831_141252,295,True,1.0,0,0.0
20230805_145544,142,True,20230805_191555,237,True,0.0,0,1.0
20231005_200808,176,True,20230805_191555,1103,True,0.0,0,1.0
20230902_060137,1403,True,20230902_060137,1436,True,1.0,0,0.0
20230902_060137,1432,True,20230902_060137,1408,True,1.0,0,0.0
20230807_061410,473,False,20230907_185744,1759,True,0.0,0,1.0
20230902_054933,210,True,20230831_141252,1067,True,0.0,0,1.0
20230907_185744,1399,True,20230907_185744,1725,True,1.0,0,0.0
20231006_192754,750,True,20230805_145141,730,True,0.0,0,1.0
20230828_205214,310,True,20230828_205214,1231,True,1.0,0,0.0
20230907_185744,1760,True,20230907_185744,322,True,1.0,0,0.0
20230907_185744,1836,True,20230907_185744,1480,True,1.0,0,0.0
20230805_191555,224,True,20230815_055951,182,True,0.0,0,1.0
20230815_055951,169,True,20230805_145544,168,True,0.0,0,1.0
20230911_200338,214,False,20230805_145141,735,True,0.0,0,1.0
20230902_060137,279,True,20230907_185744,1940,True,0.0,0,1.0
20230805_145544,152,True,20230902_054933,1103,True,0.0,0,1.0
20230902_060137,1165,True,20230831_141252,169,True,0.0,0,1.0
20230831_141252,211,True,20230828_205214,284,True,0.0,0,1.0
20230907_185744,1363,True,20230907_185744,1349,True,1.0,0,0.0
20230902_060137,1441,True,20230902_060137,1403,True,1.0,0,0.0
20230831_163856,1066,False,20230911_200338,204,False,0.0,0,1.0
20230815_055951,191,True,20230815_055951,197,True,1.0,0,0.0
20231005_200808,176,True,20230805_145141,735,True,0.0,0,1.0
20230831_141252,1317,True,20230831_141252,281,True,1.0,0,0.0
20230807_062216,223,True,20230805_145544,142,True,0.0,0,1.0
20231005_200808,176,True,20230831_160214,937,False,0.0,0,1.0
20230828_205214,1440,True,20230828_205214,323,True,1.0,0,0.0
20230831_141252,301,True,20230831_141252,1315,True,1.0,0,0.0
20230805_145544,152,True,20230902_060137,279,True,0.0,0,1.0
20230831_141252,1227,True,20230831_141252,269,True,1.0,0,0.0
20230907_185744,1399,True,20230907_185744,1895,True,1.0,0,0.0
20230805_191555,201,True,20230907_185744,1375,True,0.0,0,1.0
20230831_141252,1225,True,20230831_141252,267,True,1.0,0,0.0
20230807_060504,235,True,20230902_060137,284,True,0.0,0,1.0
20230911_200338,205,False,20230911_200338,210,False,1.0,0,0.0
20230828_205214,290,True,20230828_205214,311,True,1.0,0,0.0
20230907_185744,1404,True,20230907_185744,1480,True,1.0,0,0.0
20230907_185744,1363,True,20230907_185744,1418,True,1.0,0,0.0
20230805_191555,1103,True,20230805_191555,215,True,1.0,0,0.0
20230828_205214,1235,True,20231005_200808,1091,True,0.0,0,1.0
20230831_141252,301,True,20230831_141252,1225,True,1.0,0,0.0
20230805_191555,198,True,20230805_191555,1106,True,1.0,0,0.0
20230805_145544,160,True,20230805_145544,152,True,1.0,0,0.0
20230805_191555,1117,True,20230907_185744,1377,True,0.0,0,1.0
20230831_053936,1304,True,20230831_053936,1305,True,1.0,0,0.0
20230902_060137,267,True,20230902_060137,299,True,1.0,0,0.0
20230902_060137,284,True,20230831_053936,1303,True,0.0,0,1.0
20230907_185744,1375,True,20230907_185744,1699,True,1.0,0,0.0
20230902_060137,1183,True,20230902_060137,281,True,1.0,0,0.0
20230902_060137,1408,True,20230902_060137,1403,True,1.0,0,0.0
20230805_191555,1103,True,20230805_145141,735,True,0.0,0,1.0
20230805_191555,198,True,20230805_191555,1103,True,1.0,0,0.0
20230828_205214,271,True,20230828_205214,1440,True,1.0,0,0.0
20230907_185744,1566,True,20230907_185744,1929,True,1.0,0,0.0
20230907_185744,1571,True,20230907_185744,252,True,1.0,0,0.0
20230907_185744,1367,True,20230907_185744,1932,True,1.0,0,0.0
20230911_200338,229,False,20230911_200338,1244,False,1.0,0,0.0
20230902_060137,1428,True,20230902_060137,281,True,1.0,0,0.0
20230831_141252,259,True,20230831_141252,1218,True,1.0,0,0.0
20230807_062216,253,True,20230807_062216,214,True,1.0,0,0.0
20230902_060137,235,True,20230902_060137,1413,True,1.0,0,0.0
20230911_200338,229,False,20230807_060504,235,True,0.0,0,1.0
20230907_185744,1836,True,20230907_185744,1906,True,1.0,0,0.0
20230907_185744,1359,True,20230907_185744,1895,True,1.0,0,0.0
20230907_185744,1836,True,20230907_185744,322,True,1.0,0,0.0
20230807_062216,1289,True,20230902_060137,1421,True,0.0,0,1.0
20230907_185744,1759,True,20230907_185744,1855,True,1.0,0,0.0
20230911_200338,987,False,20230907_185744,1571,True,0.0,0,1.0
20231005_200808,183,True,20231005_200808,196,True,1.0,0,0.0
20230828_205214,311,True,20230828_205214,1443,True,1.0,0,0.0
20230902_054933,208,True,20230907_185744,1412,True,0.0,0,1.0
20230907_185744,1349,True,20230907_185744,1680,True,1.0,0,0.0
20230907_185744,1404,True,20230907_185744,1855,True,1.0,0,0.0
20230907_185744,1940,True,20230907_185744,322,True,1.0,0,0.0
20230828_205214,1443,True,20230828_205214,311,True,1.0,0,0.0
20230907_185744,1377,True,20230907_185744,1366,True,1.0,0,0.0
20230828_205214,1465,True,20230902_060137,1165,True,0.0,0,1.0
20230815_055951,184,True,20230815_055951,180,True,1.0,0,0.0
20230907_185744,1363,True,20230907_185744,261,True,1.0,0,0.0
20230902_060137,250,True,20230805_145544,185,True,0.0,0,1.0
20231005_200808,196,True,20230807_060504,250,True,0.0,0,1.0
20230805_191555,198,True,20230805_191555,225,True,1.0,0,0.0
20230907_185744,1375,True,20230907_185744,1848,True,1.0,0,0.0
20230831_163856,1085,False,20230807_060504,192,True,0.0,0,1.0
20230902_060137,269,True,20230902_060137,279,True,1.0,0,0.0
20230907_185744,1375,True,20230902_060137,224,True,0.0,0,1.0
20230907_185744,1363,True,20230907_185744,284,True,1.0,0,0.0
20230831_162051,181,True,20230815_055951,185,True,0.0,0,1.0
20230907_185744,1826,True,20230907_185744,270,True,1.0,0,0.0
20230831_141252,211,True,20230831_141252,295,True,1.0,0,0.0
20231005_200808,208,True,20231005_200808,191,True,1.0,0,0.0
20230907_185744,1566,True,20230907_185744,1451,True,1.0,0,0.0
20230828_205214,1231,True,20230828_205214,1474,True,1.0,0,0.0
20230828_205214,1446,True,20230828_205214,1230,True,1.0,0,0.0
20230805_191555,1105,True,20230805_191555,199,True,1.0,0,0.0
20230831_141252,254,True,20230907_185744,1367,True,0.0,0,1.0
20230807_060504,1412,True,20230807_062216,1292,True,0.0,0,1.0
20230831_053936,274,True,20230831_053936,1304,True,1.0,0,0.0
20230902_060137,1398,True,20230902_060137,299,True,1.0,0,0.0
20230907_185744,1366,True,20230907_185744,1737,True,1.0,0,0.0
20230902_060137,250,True,20230902_060137,269,True,1.0,0,0.0
20230828_205214,1497,True,20230828_205214,1455,True,1.0,0,0.0
20230902_060137,267,True,20230902_060137,296,True,1.0,0,0.0
20230815_055951,218,True,20231005_200808,175,True,0.0,0,1.0
20230902_060137,235,True,20230902_060137,1408,True,1.0,0,0.0
20230831_141252,275,True,20230805_191555,201,True,0.0,0,1.0
20230831_053936,1301,True,20230831_053936,271,True,1.0,0,0.0
20230902_054933,208,True,20230828_205214,1230,True,0.0,0,1.0
20230828_205214,286,True,20230828_205214,1496,True,1.0,0,0.0
20230805_191555,215,True,20230805_191555,237,True,1.0,0,0.0
20230911_200338,210,False,20230828_205214,1231,True,0.0,0,1.0
20230902_054933,224,True,20230902_054933,210,True,1.0,0,0.0
20230831_160214,934,False,20230815_055951,185,True,0.0,0,1.0
20230907_185744,267,True,20230907_185744,1929,True,1.0,0,0.0
20230828_205214,311,True,20230828_205214,1474,True,1.0,0,0.0
20230807_061410,473,False,20230807_061410,500,False,1.0,0,0.0
20230831_141252,1315,True,20230805_145141,703,True,0.0,0,1.0
20230911_200338,987,False,20230831_141252,1066,True,0.0,0,1.0
20230907_185744,1571,True,20230907_185744,1840,True,1.0,0,0.0
20230907_185744,1363,True,20230907_185744,1537,True,1.0,0,0.0
20230831_141252,216,True,20230831_141252,295,True,1.0,0,0.0
20230907_185744,1349,True,20230907_185744,1367,True,1.0,0,0.0
20230902_060137,226,True,20230902_060137,1432,True,1.0,0,0.0
20230907_185744,1558,True,20230907_185744,880,True,1.0,0,0.0
20230831_162051,181,True,20230911_200338,213,False,0.0,0,1.0
20230831_141252,1220,True,20230902_060137,1171,True,0.0,0,1.0
20230907_185744,1940,True,20230815_055951,185,True,0.0,0,1.0
20231005_200808,176,True,20230807_061410,481,False,0.0,0,1.0
20230805_145141,713,True,20230807_061410,474,False,0.0,0,1.0
20230902_060137,226,True,20230902_060137,1164,True,1.0,0,0.0
20230907_185744,1404,True,20230907_185744,1537,True,1.0,0,0.0
20230902_060137,1419,True,20230902_060137,1432,True,1.0,0,0.0
20230907_185744,267,True,20230907_185744,1840,True,1.0,0,0.0
20230831_141252,254,True,20230831_141252,216,True,1.0,0,0.0
20230907_185744,1826,True,20230907_185744,1836,True,1.0,0,0.0
20230807_060504,191,True,20230807_060504,1412,True,1.0,0,0.0
20230828_205214,1459,True,20230828_205214,296,True,1.0,0,0.0
20230902_060137,1165,True,20230902_060137,1176,True,1.0,0,0.0
20230911_200338,985,False,20230831_141252,210,True,0.0,0,1.0
20230902_060137,1398,True,20230902_060137,1408,True,1.0,0,0.0
20230831_160214,934,False,20230831_162051,181,True,0.0,0,1.0
20230907_185744,1363,True,20230907_185744,1826,True,1.0,0,0.0
20230828_205214,1497,True,20230828_205214,323,True,1.0,0,0.0
20230828_205214,1230,True,20230902_054933,208,True,0.0,0,1.0
20230907_185744,1826,True,20230907_185744,265,True,1.0,0,0.0
20230805_191555,198,True,20230805_191555,1105,True,1.0,0,0.0
20230805_145544,168,True,20230805_145544,143,True,1.0,0,0.0
20230907_185744,1407,True,20230907_185744,1496,True,1.0,0,0.0
20230911_200338,210,False,20230911_200338,987,False,1.0,0,0.0
20230907_185744,1399,True,20230907_185744,259,True,1.0,0,0.0
20230805_191555,198,True,20230828_205214,1446,True,0.0,0,1.0
20230907_185744,1940,True,20230831_141252,216,True,0.0,0,1.0
20230902_060137,269,True,20230902_060137,1403,True,1.0,0,0.0
20230831_053936,1305,True,20230831_053936,274,True,1.0,0,0.0
20230907_185744,1571,True,20230907_185744,1537,True,1.0,0,0.0
20230907_185744,1377,True,20230907_185744,860,True,1.0,0,0.0
20230831_162051,178,True,20230902_054933,207,True,0.0,0,1.0
20230828_205214,1496,True,20230831_141252,282,True,0.0,0,1.0
20230828_205214,1231,True,20230828_205214,1426,True,1.0,0,0.0
20230807_062216,254,True,20230831_141252,1067,True,0.0,0,1.0
20230828_205214,1418,True,20230828_205214,284,True,1.0,0,0.0
20231006_192754,748,True,20230807_060504,191,True,0.0,0,1.0
20230805_145544,193,True,20230831_160214,943,False,0.0,0,1.0
20230807_062216,1292,True,20230907_185744,1566,True,0.0,0,1.0
20230831_141252,1315,True,20230807_060504,250,True,0.0,0,1.0
20230907_185744,1760,True,20230907_185744,282,True,1.0,0,0.0
20230911_200338,214,False,20230807_062216,254,True,0.0,0,1.0
20230831_141252,211,True,20230831_141252,1315,True,1.0,0,0.0
20230902_060137,1413,True,20230902_060137,1421,True,1.0,0,0.0
20230907_185744,1399,True,20230907_185744,1701,True,1.0,0,0.0
20230907_185744,1558,True,20230907_185744,1759,True,1.0,0,0.0
20230828_205214,1231,True,20230828_205214,1436,True,1.0,0,0.0
20230807_062216,214,True,20230807_062216,247,True,1.0,0,0.0
20230907_185744,1566,True,20230907_185744,1937,True,1.0,0,0.0
20230907_185744,1349,True,20230907_185744,880,True,1.0,0,0.0
20230828_205214,1418,True,20230831_160214,949,False,0.0,0,1.0
20230902_060137,281,True,20230902_060137,296,True,1.0,0,0.0
20230907_185744,1407,True,20230907_185744,1501,True,1.0,0,0.0
20230907_185744,1836,True,20230907_185744,282,True,1.0,0,0.0
20230902_060137,1171,True,20230902_060137,1183,True,1.0,0,0.0
20230805_145544,193,True,20230805_145544,168,True,1.0,0,0.0
20230807_060504,250,True,20230828_205214,1231,True,0.0,0,1.0
20230807_061410,1603,False,20230807_061410,493,False,1.0,0,0.0
20230902_060137,296,True,20230815_055951,179,True,0.0,0,1.0
20230902_060137,235,True,20230902_060137,269,True,1.0,0,0.0
20230907_185744,267,True,20230907_185744,1479,True,1.0,0,0.0
20230902_060137,1397,True,20230902_060137,1441,True,1.0,0,0.0
20230902_060137,1165,True,20230902_060137,1164,True,1.0,0,0.0
20230807_062216,210,True,20230907_185744,1826,True,0.0,0,1.0
20230831_141252,275,True,20230831_141252,301,True,1.0,0,0.0
20230828_205214,284,True,20230807_062216,1292,True,0.0,0,1.0
20230907_185744,1571,True,20230907_185744,1892,True,1.0,0,0.0
20230902_060137,1176,True,20230902_060137,281,True,1.0,0,0.0
20230807_060504,256,True,20230807_061410,485,False,0.0,0,1.0
20230807_062216,202,True,20230807_062216,253,True,1.0,0,0.0
20230828_205214,284,True,20230828_205214,1230,True,1.0,0,0.0
20230907_185744,1412,True,20230907_185744,283,True,1.0,0,0.0
20230907_185744,1349,True,20230907_185744,1737,True,1.0,0,0.0
20230828_205214,1230,True,20230828_205214,1427,True,1.0,0,0.0
20230807_060504,248,True,20230902_054933,208,True,0.0,0,1.0
20230902_060137,1408,True,20230902_060137,1397,True,1.0,0,0.0
20230902_060137,279,True,20230831_160214,934,False,0.0,0,1.0
20230828_205214,1455,True,20230828_205214,1426,True,1.0,0,0.0
20230831_162051,178,True,20230805_145544,193,True,0.0,0,1.0
20230907_185744,1367,True,20230907_185744,1760,True,1.0,0,0.0
20230907_185744,1366,True,20230907_185744,1918,True,1.0,0,0.0
20230807_062216,1286,True,20230805_145141,713,True,0.0,0,1.0
20230828_205214,1454,True,20230828_205214,1496,True,1.0,0,0.0
20230902_060137,1421,True,20230902_060137,224,True,1.0,0,0.0
20230902_060137,267,True,20230902_060137,1183,True,1.0,0,0.0
20230907_185744,1359,True,20230907_185744,1566,True,1.0,0,0.0
20230907_185744,1375,True,20230907_185744,1355,True,1.0,0,0.0
20230831_141252,282,True,20230907_185744,267,True,0.0,0,1.0
20230907_185744,1566,True,20230805_191555,219,True,0.0,0,1.0
20230911_200338,232,False,20230911_200338,205,False,1.0,0,0.0
20230805_145544,1066,True,20230805_145544,152,True,1.0,0,0.0
20230805_145544,168,True,20230805_145544,152,True,1.0,0,0.0
20230831_053936,271,True,20230805_145544,156,True,0.0,0,1.0
20230831_141252,282,True,20230831_141252,1218,True,1.0,0,0.0
20230907_185744,1359,True,20230907_185744,1501,True,1.0,0,0.0
20230907_185744,1836,True,20230907_185744,1737,True,1.0,0,0.0
20230831_141252,282,True,20230831_141252,211,True,1.0,0,0.0
20230902_060137,267,True,20230902_060137,234,True,1.0,0,0.0
20230828_205214,284,True,20230828_205214,1443,True,1.0,0,0.0
20230831_141252,1218,True,20230831_141252,275,True,1.0,0,0.0
20230828_205214,1235,True,20230805_145141,730,True,0.0,0,1.0
20230902_060137,281,True,20230815_055951,182,True,0.0,0,1.0
20230902_054933,229,True,20230828_205214,1418,True,0.0,0,1.0
20230911_200338,204,False,20230831_163856,1066,False,0.0,0,1.0
20230907_185744,1412,True,20230907_185744,1682,True,1.0,0,0.0
20230907_185744,1377,True,20230907_185744,1698,True,1.0,0,0.0
20230805_145544,185,True,20231005_200808,183,True,0.0,0,1.0
20230831_053936,274,True,20230805_145544,178,True,0.0,0,1.0
20230805_145544,149,True,20230805_145544,178,True,1.0,0,0.0
20230805_145141,716,True,20230805_145141,703,True,1.0,0,0.0
20230831_160214,937,False,20230902_054933,210,True,0.0,0,1.0
20230807_062216,1292,True,20230831_141252,211,True,0.0,0,1.0
20230831_053936,1301,True,20230831_163856,1085,False,0.0,0,1.0
20230907_185744,1375,True,20230907_185744,284,True,1.0,0,0.0
20230805_145544,178,True,20230815_055951,191,True,0.0,0,1.0
20230902_054933,207,True,20230902_054933,208,True,1.0,0,0.0
20230805_191555,1117,True,20230831_053936,1303,True,0.0,0,1.0
20230907_185744,1940,True,20230907_185744,1896,True,1.0,0,0.0
20230907_185744,1571,True,20230907_185744,1521,True,1.0,0,0.0
20230807_062216,253,True,20230911_200338,213,False,0.0,0,1.0
20230831_053936,268,True,20230911_200338,235,False,0.0,0,1.0
20230807_061410,500,False,20230805_145544,168,True,0.0,0,1.0
20230902_060137,296,True,20230902_060137,234,True,1.0,0,0.0
20230902_060137,269,True,20230805_191555,237,True,0.0,0,1.0
20230907_185744,1826,True,20230907_185744,244,True,1.0,0,0.0
20230902_054933,210,True,20230807_060504,191,True,0.0,0,1.0
20230907_185744,1363,True,20230907_185744,1480,True,1.0,0,0.0
20231005_200808,196,True,20230902_060137,296,True,0.0,0,1.0
20230907_185744,1836,True,20230907_185744,1558,True,1.0,0,0.0
20230815_055951,184,True,20230831_163856,1287,False,0.0,0,1.0
20230828_205214,1235,True,20230828_205214,1426,True,1.0,0,0.0
20231006_192754,763,True,20230828_205214,1426,True,0.0,0,1.0
20230902_060137,1397,True,20230907_185744,1759,True,0.0,0,1.0
20230807_060504,256,True,20230807_060504,244,True,1.0,0,0.0
20230907_185744,1366,True,20230907_185744,279,True,1.0,0,0.0
20230907_185744,1366,True,20230907_185744,1518,True,1.0,0,0.0
20230807_062216,255,True,20230807_062216,214,True,1.0,0,0.0
20230907_185744,1826,True,20230907_185744,1501,True,1.0,0,0.0
20230807_062216,254,True,20230911_200338,214,False,0.0,0,1.0
20230907_185744,1826,True,20230907_185744,283,True,1.0,0,0.0
20230902_060137,1176,True,20230902_060137,1450,True,1.0,0,0.0
20230907_185744,1407,True,20230907_185744,845,True,1.0,0,0.0
20230902_060137,269,True,20230902_060137,1398,True,1.0,0,0.0
20230907_185744,1359,True,20230907_185744,1940,True,1.0,0,0.0
20230807_062216,1081,True,20230807_062216,210,True,1.0,0,0.0
20230902_060137,1428,True,20230902_060137,224,True,1.0,0,0.0
20230902_060137,1183,True,20230902_060137,1436,True,1.0,0,0.0
20230805_191555,237,True,20230805_145141,710,True,0.0,0,1.0
20230805_145544,1066,True,20230805_145544,168,True,1.0,0,0.0
20230815_055951,179,True,20231005_200808,196,True,0.0,0,1.0
20230902_060137,250,True,20230902_060137,1421,True,1.0,0,0.0
20230902_060137,267,True,20230902_060137,250,True,1.0,0,0.0
20230828_205214,1446,True,20230828_205214,1454,True,1.0,0,0.0
20230902_060137,284,True,20230902_060137,234,True,1.0,0,0.0
20230907_185744,1349,True,20230907_185744,1932,True,1.0,0,0.0
20230807_062216,255,True,20230902_060137,284,True,0.0,0,1.0
20230907_185744,1359,True,20230907_185744,1459,True,1.0,0,0.0
20230828_205214,1427,True,20230831_053936,274,True,0.0,0,1.0
20230807_060504,192,True,20230807_060504,256,True,1.0,0,0.0
20230902_060137,1419,True,20230902_060137,1183,True,1.0,0,0.0
20230828_205214,284,True,20230907_185744,1566,True,0.0,0,1.0
20230902_060137,1408,True,20230902_060137,1171,True,1.0,0,0.0
20230907_185744,1399,True,20230907_185744,244,True,1.0,0,0.0
20230907_185744,1940,True,20230907_185744,1698,True,1.0,0,0.0
20230911_200338,987,False,20230911_200338,1244,False,1.0,0,0.0
20230907_185744,1407,True,20230907_185744,1518,True,1.0,0,0.0
20230828_205214,1454,True,20230828_205214,311,True,1.0,0,0.0
20230807_062216,254,True,20230807_060504,191,True,0.0,0,1.0
20230828_205214,1230,True,20230828_205214,284,True,1.0,0,0.0
20230807_061410,485,False,20230902_054933,229,True,0.0,0,1.0
20230907_185744,1366,True,20230907_185744,292,True,1.0,0,0.0
20230907_185744,1377,True,20231006_192754,763,True,0.0,0,1.0
20230828_205214,1474,True,20230828_205214,271,True,1.0,0,0.0
20230907_185744,1367,True,20230907_185744,1566,True,1.0,0,0.0
20230807_061410,485,False,20230831_160214,949,False,0.0,0,1.0
20230907_185744,1366,True,20230907_185744,1937,True,1.0,0,0.0
20231006_192754,763,True,20230831_053936,1303,True,0.0,0,1.0
20230902_060137,1164,True,20230902_060137,1419,True,1.0,0,0.0
20230902_054933,1103,True,20231005_200808,1091,True,0.0,0,1.0
20230805_145544,178,True,20231006_192754,748,True,0.0,0,1.0
20230902_060137,1436,True,20230902_060137,1403,True,1.0,0,0.0
20230902_060137,1403,True,20230907_185744,270,True,0.0,0,1.0
20230831_053936,274,True,20230831_053936,268,True,1.0,0,0.0
20230815_055951,169,True,20230807_061410,500,False,0.0,0,1.0
20230902_054933,224,True,20230911_200338,204,False,0.0,0,1.0
20230902_060137,224,True,20230902_060137,1432,True,1.0,0,0.0
20230907_185744,1759,True,20230907_185744,1593,True,1.0,0,0.0
20230805_191555,199,True,20230805_191555,198,True,1.0,0,0.0
20230907_185744,1399,True,20230907_185744,1643,True,1.0,0,0.0
20230828_205214,1443,True,20230807_062216,210,True,0.0,0,1.0
20230907_185744,1571,True,20230831_141252,1066,True,0.0,0,1.0
20230805_191555,224,True,20230907_185744,1412,True,0.0,0,1.0
20230807_062216,1081,True,20230831_053936,255,True,0.0,0,1.0
20230907_185744,1407,True,20230907_185744,231,True,1.0,0,0.0
20230807_062216,215,True,20230807_062216,1081,True,1.0,0,0.0
20230831_141252,1317,True,20230805_191555,237,True,0.0,0,1.0
20230907_185744,1363,True,20230907_185744,1359,True,1.0,0,0.0
20230828_205214,284,True,20230828_205214,1454,True,1.0,0,0.0
20230805_191555,199,True,20230805_191555,237,True,1.0,0,0.0
20230831_163856,1066,False,20230831_141252,1317,True,0.0,0,1.0
20230815_055951,209,True,20230815_055951,221,True,1.0,0,0.0
20230815_055951,182,True,20230815_055951,179,True,1.0,0,0.0
20230902_060137,224,True,20230902_060137,267,True,1.0,0,0.0
20230902_060137,1183,True,20230807_062216,215,True,0.0,0,1.0
20230911_200338,205,False,20230911_200338,987,False,1.0,0,0.0
20230815_055951,184,True,20230907_185744,1571,True,0.0,0,1.0
20230831_141252,295,True,20230831_141252,269,True,1.0,0,0.0
20230907_185744,1826,True,20230907_185744,300,True,1.0,0,0.0
20230907_185744,1359,True,20230907_185744,1463,True,1.0,0,0.0
20230902_060137,1436,True,20230902_060137,281,True,1.0,0,0.0
20230911_200338,204,False,20230911_200338,214,False,1.0,0,0.0
20230902_060137,299,True,20230902_060137,1436,True,1.0,0,0.0
20230911_200338,210,False,20230911_200338,214,False,1.0,0,0.0
20230805_145544,156,True,20231005_200808,196,True,0.0,0,1.0
20230911_200338,985,False,20230807_062216,1286,True,0.0,0,1.0
20230805_191555,1103,True,20230805_145544,178,True,0.0,0,1.0
20230907_185744,1359,True,20230907_185744,1355,True,1.0,0,0.0
20230902_060137,1441,True,20230902_060137,224,True,1.0,0,0.0
20230911_200338,987,False,20230831_163856,1287,False,0.0,0,1.0
20230831_163856,1282,False,20230911_200338,210,False,0.0,0,1.0
20230805_191555,225,True,20230805_191555,201,True,1.0,0,0.0
20230907_185744,1566,True,20230907_185744,1369,True,1.0,0,0.0
20230902_060137,1450,True,20230831_162051,192,True,0.0,0,1.0
20230902_054933,210,True,20230902_054933,207,True,1.0,0,0.0
20230902_060137,224,True,20230902_060137,284,True,1.0,0,0.0
20230831_141252,1225,True,20230831_141252,275,True,1.0,0,0.0
20230907_185744,1363,True,20230831_141252,1067,True,0.0,0,1.0
20230911_200338,210,False,20230911_200338,232,False,1.0,0,0.0
20230807_060504,244,True,20230807_060504,235,True,1.0,0,0.0
20230907_185744,267,True,20230907_185744,1850,True,1.0,0,0.0
20230805_145544,149,True,20230805_145544,142,True,1.0,0,0.0
20230902_060137,250,True,20230831_141252,1066,True,0.0,0,1.0
20230831_160214,949,False,20230831_160214,934,False,1.0,0,0.0
20230902_060137,1441,True,20230902_060137,1171,True,1.0,0,0.0
20230805_145141,706,True,20230807_060504,1412,True,0.0,0,1.0
20230907_185744,1558,True,20230907_185744,1363,True,1.0,0,0.0
20230831_163856,1287,False,20230807_062216,247,True,0.0,0,1.0
20230807_060504,248,True,20230807_060504,250,True,1.0,0,0.0
20231005_200808,208,True,20230902_054933,224,True,0.0,0,1.0
20230828_205214,1427,True,20230828_205214,290,True,1.0,0,0.0
20230911_200338,214,False,20230831_163856,1090,False,0.0,0,1.0
20230805_145544,160,True,20230805_145544,156,True,1.0,0,0.0
20230805_145141,716,True,20230805_145141,710,True,1.0,0,0.0
20230911_200338,205,False,20230911_200338,232,False,1.0,0,0.0
20230831_141252,1227,True,20230831_141252,1317,True,1.0,0,0.0
20230831_141252,288,True,20230805_191555,225,True,0.0,0,1.0
20230907_185744,1375,True,20230907_185744,1840,True,1.0,0,0.0
20230815_055951,221,True,20230815_055951,197,True,1.0,0,0.0
20230807_062216,1283,True,20230807_062216,247,True,1.0,0,0.0
20230907_185744,1836,True,20230907_185744,1855,True,1.0,0,0.0
20230807_062216,255,True,20230807_062216,1283,True,1.0,0,0.0
20230805_191555,1103,True,20230907_185744,1363,True,0.0,0,1.0
20230805_191555,215,True,20230805_191555,1106,True,1.0,0,0.0
20230831_141252,1227,True,20230831_141252,1070,True,1.0,0,0.0
20230828_205214,323,True,20230828_205214,1426,True,1.0,0,0.0
20230831_053936,1303,True,20230831_160214,943,False,0.0,0,1.0
20230805_191555,1101,True,20230805_191555,224,True,1.0,0,0.0
20230831_163856,1287,False,20230831_163856,1084,False,1.0,0,0.0
20230907_185744,1836,True,20230907_185744,267,True,1.0,0,0.0
20230831_141252,1070,True,20231006_192754,763,True,0.0,0,1.0
20230805_145544,185,True,20230805_145544,178,True,1.0,0,0.0
20230831_141252,254,True,20230831_141252,211,True,1.0,0,0.0
20230907_185744,1399,True,20230907_185744,1355,True,1.0,0,0.0
20230805_191555,224,True,20230805_191555,199,True,1.0,0,0.0
20230907_185744,1349,True,20230907_185744,1593,True,1.0,0,0.0
20230902_060137,1397,True,20230902_060137,267,True,1.0,0,0.0
20230828_205214,1440,True,20230828_205214,1465,True,1.0,0,0.0
20231005_200808,196,True,20230815_055951,179,True,0.0,0,1.0
20230907_185744,1407,True,20230907_185744,244,True,1.0,0,0.0
20230831_141252,269,True,20230831_141252,211,True,1.0,0,0.0
20230911_200338,987,False,20230831_160214,949,False,0.0,0,1.0
20230907_185744,1571,True,20230907_185744,1914,True,1.0,0,0.0
20230907_185744,1399,True,20230907_185744,293,True,1.0,0,0.0
20230815_055951,184,True,20231005_200808,183,True,0.0,0,1.0
20230907_185744,1558,True,20230907_185744,279,True,1.0,0,0.0
20230815_055951,218,True,20230815_055951,197,True,1.0,0,0.0
20230831_053936,1301,True,20230815_055951,185,True,0.0,0,1.0
20230805_191555,219,True,20230807_061410,500,False,0.0,0,1.0
20231006_192754,750,True,20231006_192754,763,True,1.0,0,0.0
20230907_185744,1399,True,20230828_205214,1454,True,0.0,0,1.0
20230828_205214,1436,True,20231005_200808,208,True,0.0,0,1.0
20230907_185744,1363,True,20230907_185744,231,True,1.0,0,0.0
20230907_185744,1366,True,20230907_185744,1535,True,1.0,0,0.0
20230831_141252,211,True,20230831_141252,1317,True,1.0,0,0.0
20230911_200338,210,False,20230911_200338,195,False,1.0,0,0.0
20230807_061410,485,False,20230805_191555,1105,True,0.0,0,1.0
20230907_185744,1407,True,20230907_185744,1701,True,1.0,0,0.0
20230907_185744,1375,True,20230907_185744,1349,True,1.0,0,0.0
20230831_141252,1067,True,20230831_141252,210,True,1.0,0,0.0
20230907_185744,1759,True,20230907_185744,1840,True,1.0,0,0.0
20230907_185744,1566,True,20230907_185744,1558,True,1.0,0,0.0
20230805_191555,198,True,20230805_191555,1117,True,1.0,0,0.0
20230828_205214,1452,True,20230828_205214,1426,True,1.0,0,0.0
20230805_145141,706,True,20230831_141252,211,True,0.0,0,1.0
20230902_060137,1183,True,20230902_060137,1165,True,1.0,0,0.0
20230828_205214,1235,True,20230831_053936,1301,True,0.0,0,1.0
20230828_205214,1446,True,20230828_205214,1497,True,1.0,0,0.0
20230831_160214,943,False,20230902_060137,284,True,0.0,0,1.0
20230831_141252,1227,True,20230831_141252,267,True,1.0,0,0.0
20230902_060137,1413,True,20230902_060137,269,True,1.0,0,0.0
20230902_054933,210,True,20230911_200338,214,False,0.0,0,1.0
20230807_060504,1412,True,20230807_060504,191,True,1.0,0,0.0
20230805_191555,198,True,20230911_200338,232,False,0.0,0,1.0
20230807_060504,191,True,20230815_055951,191,True,0.0,0,1.0
20230902_060137,1398,True,20230902_060137,1441,True,1.0,0,0.0
20230907_185744,1363,True,20230907_185744,1682,True,1.0,0,0.0
20230805_145544,178,True,20230831_162051,192,True,0.0,0,1.0
20230907_185744,1571,True,20230805_191555,1105,True,0.0,0,1.0
20230902_060137,235,True,20230902_060137,1421,True,1.0,0,0.0
20230911_200338,1244,False,20230911_200338,204,False,1.0,0,0.0
20230807_061410,495,False,20230805_145544,152,True,0.0,0,1.0
20230907_185744,1349,True,20230805_191555,204,True,0.0,0,1.0
20230805_191555,215,True,20230805_191555,1103,True,1.0,0,0.0
20230907_185744,1359,True,20230907_185744,1480,True,1.0,0,0.0
20230807_060504,192,True,20230807_060504,244,True,1.0,0,0.0
20230907_185744,1375,True,20230907_185744,1899,True,1.0,0,0.0
20230807_060504,244,True,20230807_060504,248,True,1.0,0,0.0
20230902_060137,1397,True,20230902_060137,296,True,1.0,0,0.0
20230805_145141,735,True,20230831_162051,192,True,0.0,0,1.0
20230907_185744,1940,True,20230907_185744,1906,True,1.0,0,0.0
20230907_185744,1407,True,20230907_185744,1367,True,1.0,0,0.0
20230805_191555,1101,True,20230807_060504,192,True,0.0,0,1.0
20230907_185744,1566,True,20230907_185744,1479,True,1.0,0,0.0
20230831_141252,295,True,20230831_141252,210,True,1.0,0,0.0
20230828_205214,1446,True,20230828_205214,284,True,1.0,0,0.0
20230831_141252,210,True,20230807_060504,248,True,0.0,0,1.0
20230907_185744,1404,True,20230907_185744,1840,True,1.0,0,0.0
20230831_141252,1317,True,20230831_141252,301,True,1.0,0,0.0
20230902_060137,1164,True,20230902_060137,1408,True,1.0,0,0.0
20230831_141252,1066,True,20230831_141252,1225,True,1.0,0,0.0
20230907_185744,1566,True,20230907_185744,1850,True,1.0,0,0.0
20230907_185744,1759,True,20230907_185744,244,True,1.0,0,0.0
20230907_185744,1412,True,20230907_185744,1460,True,1.0,0,0.0
20230807_060504,256,True,20230807_062216,247,True,0.0,0,1.0
20230828_205214,1454,True,20230828_205214,297,True,1.0,0,0.0
20230902_060137,279,True,20231005_200808,1091,True,0.0,0,1.0
20230907_185744,1375,True,20230907_185744,1463,True,1.0,0,0.0
20230828_205214,310,True,20230828_205214,1426,True,1.0,0,0.0
20230807_062216,202,True,20230807_062216,210,True,1.0,0,0.0
20230831_141252,1227,True,20230831_141252,1220,True,1.0,0,0.0
20230907_185744,1375,True,20230907_185744,1855,True,1.0,0,0.0
20230831_053936,1305,True,20230831_053936,1303,True,1.0,0,0.0
20230815_055951,1202,True,20230815_055951,185,True,1.0,0,0.0
20230831_053936,268,True,20230805_191555,201,True,0.0,0,1.0
20230807_060504,250,True,20230807_060504,191,True,1.0,0,0.0
20230807_062216,1286,True,20230902_060137,281,True,0.0,0,1.0
20230807_060504,250,True,20230831_053936,271,True,0.0,0,1.0
20230815_055951,184,True,20230815_055951,209,True,1.0,0,0.0
20230907_185744,1940,True,20230907_185744,1537,True,1.0,0,0.0
20230815_055951,182,True,20230815_055951,211,True,1.0,0,0.0
20230907_185744,1571,True,20230907_185744,244,True,1.0,0,0.0
20230807_061410,487,False,20230902_054933,224,True,0.0,0,1.0
20230831_141252,282,True,20230831_141252,259,True,1.0,0,0.0
20230907_185744,1349,True,20230907_185744,284,True,1.0,0,0.0
20230815_055951,169,True,20230815_055951,179,True,1.0,0,0.0
20230831_053936,1305,True,20230831_053936,1450,True,1.0,0,0.0
20231005_200808,176,True,20230902_054933,210,True,0.0,0,1.0
20230831_163856,1282,False,20230831_053936,271,True,0.0,0,1.0
20230907_185744,1407,True,20230907_185744,260,True,1.0,0,0.0
20230831_141252,1227,True,20230831_141252,216,True,1.0,0,0.0
20230907_185744,1359,True,20230907_185744,1643,True,1.0,0,0.0
20230831_053936,1304,True,20230911_200338,204,False,0.0,0,1.0
20230828_205214,1440,True,20230828_205214,1418,True,1.0,0,0.0
20230907_185744,1412,True,20230907_185744,1914,True,1.0,0,0.0
20230911_200338,204,False,20230907_185744,1404,True,0.0,0,1.0
20230805_191555,199,True,20230805_191555,1117,True,1.0,0,0.0
20230807_062216,222,True,20230902_060137,296,True,0.0,0,1.0
20230828_205214,1487,True,20230828_205214,1427,True,1.0,0,0.0
20230902_060137,1436,True,20230902_060137,1428,True,1.0,0,0.0
20230907_185744,267,True,20230907_185744,1730,True,1.0,0,0.0
20230831_141252,301,True,20230805_191555,215,True,0.0,0,1.0
20230831_141252,216,True,20230911_200338,213,False,0.0,0,1.0
20230907_185744,1571,True,20230907_185744,1359,True,1.0,0,0.0
20230805_191555,1103,True,20231006_192754,748,True,0.0,0,1.0
20230907_185744,1367,True,20230907_185744,1678,True,1.0,0,0.0
20230807_061410,1603,False,20230807_061410,485,False,1.0,0,0.0
20230902_054933,224,True,20230805_145544,142,True,0.0,0,1.0
20230907_185744,1407,True,20230907_185744,1759,True,1.0,0,0.0
20230907_185744,1826,True,20230907_185744,1678,True,1.0,0,0.0
20231005_200808,208,True,20230807_060504,244,True,0.0,0,1.0
20230815_055951,169,True,20230815_055951,221,True,1.0,0,0.0
20230828_205214,1496,True,20230828_205214,271,True,1.0,0,0.0
20230907_185744,1940,True,20230907_185744,1518,True,1.0,0,0.0
20230807_062216,210,True,20230807_062216,215,True,1.0,0,0.0
20230907_185744,267,True,20230907_185744,270,True,1.0,0,0.0
20230907_185744,1826,True,20230907_185744,1937,True,1.0,0,0.0
20230805_145141,735,True,20230805_145141,998,True,1.0,0,0.0
20230831_141252,259,True,20230807_062216,202,True,0.0,0,1.0
20230828_205214,1465,True,20230828_205214,1487,True,1.0,0,0.0
20230907_185744,1349,True,20230907_185744,252,True,1.0,0,0.0
20230831_141252,1070,True,20230831_141252,169,True,1.0,0,0.0
20230902_060137,1441,True,20230902_060137,1413,True,1.0,0,0.0
20230805_145141,713,True,20230805_145141,730,True,1.0,0,0.0
20230805_145544,142,True,20230805_145544,193,True,1.0,0,0.0
20230807_062216,215,True,20230828_205214,296,True,0.0,0,1.0
20230828_205214,1427,True,20230831_162051,192,True,0.0,0,1.0
20230807_062216,222,True,20230807_062216,1292,True,1.0,0,0.0
20230815_055951,209,True,20230807_061410,473,False,0.0,0,1.0
20230805_191555,201,True,20230805_191555,198,True,1.0,0,0.0
20230902_060137,281,True,20231005_200808,191,True,0.0,0,1.0
20230828_205214,1418,True,20230828_205214,1436,True,1.0,0,0.0
20230907_185744,1558,True,20230907_185744,1355,True,1.0,0,0.0
20230807_060504,244,True,20230805_145544,142,True,0.0,0,1.0
20230902_060137,269,True,20230831_141252,1317,True,0.0,0,1.0
20230807_061410,495,False,20230831_162051,181,True,0.0,0,1.0
20230831_053936,1298,True,20230807_062216,1286,True,0.0,0,1.0
20230907_185744,1571,True,20230907_185744,1701,True,1.0,0,0.0
20231005_200808,1091,True,20231005_200808,183,True,1.0,0,0.0
20230831_160214,949,False,20230807_061410,485,False,0.0,0,1.0
20230831_141252,1066,True,20230911_200338,987,False,0.0,0,1.0
20230831_053936,1305,True,20230805_191555,1105,True,0.0,0,1.0
20230807_061410,485,False,20230828_205214,1418,True,0.0,0,1.0
20230907_185744,1571,True,20230907_185744,1673,True,1.0,0,0.0
20230902_060137,269,True,20230902_060137,1421,True,1.0,0,0.0
20230828_205214,1487,True,20230828_205214,1440,True,1.0,0,0.0
20230831_053936,231,True,20230831_141252,211,True,0.0,0,1.0
20230805_145544,168,True,20230805_145544,178,True,1.0,0,0.0
20230831_141252,301,True,20230831_141252,216,True,1.0,0,0.0
20230907_185744,1399,True,20230907_185744,1906,True,1.0,0,0.0
20230907_185744,1836,True,20230907_185744,1489,True,1.0,0,0.0
20230902_060137,1398,True,20230902_060137,1432,True,1.0,0,0.0
20230831_141252,282,True,20230831_141252,288,True,1.0,0,0.0
20230831_141252,1070,True,20230902_054933,207,True,0.0,0,1.0
20230911_200338,204,False,20230911_200338,205,False,1.0,0,0.0
20230828_205214,290,True,20230807_061410,473,False,0.0,0,1.0
20230805_191555,225,True,20230805_191555,1105,True,1.0,0,0.0
20230805_145141,998,True,20230831_053936,1303,True,0.0,0,1.0
20230907_185744,1566,True,20230907_185744,1899,True,1.0,0,0.0
20230907_185744,1412,True,20230907_185744,293,True,1.0,0,0.0
20230831_162051,192,True,20230805_191555,1103,True,0.0,0,1.0
20230902_060137,1421,True,20230902_060137,234,True,1.0,0,0.0
20230831_141252,169,True,20230831_141252,1315,True,1.0,0,0.0
20230828_205214,1454,True,20230828_205214,1436,True,1.0,0,0.0
20230911_200338,232,False,20230911_200338,210,False,1.0,0,0.0
20230831_141252,1315,True,20230805_145544,156,True,0.0,0,1.0
20230831_141252,267,True,20230807_062216,214,True,0.0,0,1.0
20230907_185744,1940,True,20230907_185744,323,True,1.0,0,0.0
20230828_205214,1440,True,20230902_060137,234,True,0.0,0,1.0
20230907_185744,1404,True,20230907_185744,255,True,1.0,0,0.0
20230907_185744,1760,True,20230907_185744,1480,True,1.0,0,0.0
20230831_141252,216,True,20230831_141252,282,True,1.0,0,0.0
20230907_185744,1363,True,20230907_185744,1895,True,1.0,0,0.0
20230911_200338,235,False,20230911_200338,1244,False,1.0,0,0.0
20230807_061410,1603,False,20230807_060504,235,True,0.0,0,1.0
20230807_062216,254,True,20230907_185744,1363,True,0.0,0,1.0
20230902_060137,1165,True,20230902_060137,1183,True,1.0,0,0.0
20230831_141252,295,True,20230831_141252,211,True,1.0,0,0.0
20230907_185744,1366,True,20230907_185744,1501,True,1.0,0,0.0
20230907_185744,1412,True,20230907_185744,1674,True,1.0,0,0.0
20230902_060137,1450,True,20231005_200808,176,True,0.0,0,1.0
20230831_162051,181,True,20230907_185744,1940,True,0.0,0,1.0
20230831_163856,1085,False,20230831_141252,216,True,0.0,0,1.0
20230907_185744,1826,True,20230907_185744,1828,True,1.0,0,0.0
20230807_062216,254,True,20230807_062216,202,True,1.0,0,0.0
20230831_141252,1317,True,20230831_141252,1220,True,1.0,0,0.0
20230902_060137,1441,True,20230805_191555,219,True,0.0,0,1.0
20230907_185744,1404,True,20230907_185744,1932,True,1.0,0,0.0
20230902_060137,1432,True,20230902_060137,269,True,1.0,0,0.0
20230907_185744,267,True,20230907_185744,1680,True,1.0,0,0.0
20230828_205214,1459,True,20230828_205214,284,True,1.0,0,0.0
20230831_141252,275,True,20230831_141252,259,True,1.0,0,0.0
20230828_205214,311,True,20230828_205214,290,True,1.0,0,0.0
20230831_141252,282,True,20230831_141252,1227,True,1.0,0,0.0
20230805_191555,1101,True,20230831_162051,181,True,0.0,0,1.0
20231005_200808,176,True,20230831_141252,1067,True,0.0,0,1.0
20230907_185744,1363,True,20230907_185744,1643,True,1.0,0,0.0
20230828_205214,1231,True,20231005_200808,196,True,0.0,0,1.0
20230902_060137,1450,True,20230902_060137,235,True,1.0,0,0.0
20230805_191555,215,True,20230805_191555,1105,True,1.0,0,0.0
20230831_141252,1317,True,20230831_141252,216,True,1.0,0,0.0
20230907_185744,1759,True,20230907_185744,1926,True,1.0,0,0.0
20230807_060504,248,True,20230807_060504,235,True,1.0,0,0.0
20230828_205214,1230,True,20230831_053936,1298,True,0.0,0,1.0
20230831_141252,1218,True,20230831_141252,1220,True,1.0,0,0.0
20230902_060137,234,True,20230902_060137,1397,True,1.0,0,0.0
20230902_060137,1183,True,20230902_060137,1413,True,1.0,0,0.0
20230907_185744,1571,True,20230907_185744,1518,True,1.0,0,0.0
20230807_062216,210,True,20230807_062216,202,True,1.0,0,0.0
20230907_185744,1760,True,20230907_185744,1644,True,1.0,0,0.0
20230902_060137,226,True,20230902_060137,235,True,1.0,0,0.0
20230911_200338,210,False,20230807_060504,250,True,0.0,0,1.0
20230902_060137,1419,True,20230902_060137,299,True,1.0,0,0.0
20230902_060137,250,True,20230902_060137,299,True,1.0,0,0.0
20230902_060137,250,True,20230902_060137,234,True,1.0,0,0.0
20231005_200808,175,True,20231005_200808,208,True,1.0,0,0.0
20230828_205214,1452,True,20230831_141252,275,True,0.0,0,1.0
20230831_053936,231,True,20230828_205214,284,True,0.0,0,1.0
20230828_205214,284,True,20230828_205214,1440,True,1.0,0,0.0
20230805_145544,142,True,20230805_145544,178,True,1.0,0,0.0
20230831_141252,275,True,20230831_141252,1066,True,1.0,0,0.0
20230831_141252,1070,True,20230907_185744,1377,True,0.0,0,1.0
20230805_145544,185,True,20230907_185744,1571,True,0.0,0,1.0
20230831_141252,254,True,20230831_141252,1218,True,1.0,0,0.0
20230807_061410,485,False,20230907_185744,1571,True,0.0,0,1.0
20230807_062216,222,True,20230807_062216,202,True,1.0,0,0.0
20230907_185744,1759,True,20230907_185744,1537,True,1.0,0,0.0
20230815_055951,218,True,20230805_145544,193,True,0.0,0,1.0
20230907_185744,1377,True,20230907_185744,279,True,1.0,0,0.0
20230911_200338,210,False,20230815_055951,179,True,0.0,0,1.0
20230831_141252,281,True,20230831_141252,1067,True,1.0,0,0.0
20230907_185744,1359,True,20230907_185744,1848,True,1.0,0,0.0
20230831_141252,210,True,20230831_141252,1220,True,1.0,0,0.0
20230907_185744,1412,True,20230907_185744,1525,True,1.0,0,0.0
20230805_145544,160,True,20230805_145544,142,True,1.0,0,0.0
20230828_205214,1418,True,20230828_205214,1455,True,1.0,0,0.0
20230805_145544,152,True,20230805_145141,730,True,0.0,0,1.0
20230805_145141,730,True,20230907_185744,1940,True,0.0,0,1.0
20230902_060137,1171,True,20230902_060137,1413,True,1.0,0,0.0
20230902_060137,284,True,20230902_060137,296,True,1.0,0,0.0
20230807_060504,235,True,20230807_060504,250,True,1.0,0,0.0
20230831_053936,255,True,20230907_185744,1836,True,0.0,0,1.0
20230831_163856,1085,False,20230831_163856,1287,False,1.0,0,0.0
20230902_060137,1403,True,20230902_060137,1450,True,1.0,0,0.0
20230907_185744,1404,True,20230907_185744,1551,True,1.0,0,0.0
20230907_185744,1940,True,20230907_185744,282,True,1.0,0,0.0
20230828_205214,296,True,20230807_062216,215,True,0.0,0,1.0
20230831_141252,295,True,20230828_205214,297,True,0.0,0,1.0
20230907_185744,1836,True,20230907_185744,1723,True,1.0,0,0.0
20230907_185744,1366,True,20230907_185744,1940,True,1.0,0,0.0
20230828_205214,1436,True,20230828_205214,286,True,1.0,0,0.0
20230807_061410,481,False,20231006_192754,748,True,0.0,0,1.0
20230815_055951,197,True,20230831_163856,1066,False,0.0,0,1.0
20230831_141252,1066,True,20230831_141252,211,True,1.0,0,0.0
20230907_185744,1940,True,20230907_185744,1535,True,1.0,0,0.0
20230807_060504,191,True,20230805_145141,735,True,0.0,0,1.0
20231005_200808,191,True,20231005_200808,208,True,1.0,0,0.0
20230831_053936,1301,True,20230831_053936,255,True,1.0,0,0.0
20230828_205214,271,True,20230828_205214,310,True,1.0,0,0.0
20230828_205214,290,True,20230828_205214,284,True,1.0,0,0.0
20230831_053936,255,True,20230831_053936,1298,True,1.0,0,0.0
20230828_205214,1497,True,20230828_205214,1465,True,1.0,0,0.0
20230907_185744,1826,True,20230907_185744,1571,True,1.0,0,0.0
20231005_200808,191,True,20230805_191555,224,True,0.0,0,1.0
20230805_145141,710,True,20230805_145141,998,True,1.0,0,0.0
20230902_060137,1183,True,20230902_060137,1450,True,1.0,0,0.0
20230831_160214,949,False,20230815_055951,184,True,0.0,0,1.0
20230831_141252,1227,True,20230831_141252,210,True,1.0,0,0.0
20230805_191555,1117,True,20230807_061410,1603,False,0.0,0,1.0
20230805_191555,1106,True,20230805_145544,156,True,0.0,0,1.0
20230807_062216,1081,True,20230907_185744,1836,True,0.0,0,1.0
20230907_185744,1399,True,20230907_185744,1937,True,1.0,0,0.0
20230805_191555,1105,True,20230805_191555,201,True,1.0,0,0.0
20230902_060137,1413,True,20230902_060137,284,True,1.0,0,0.0
20230902_060137,1408,True,20230902_060137,279,True,1.0,0,0.0
20230831_053936,271,True,20230815_055951,179,True,0.0,0,1.0
20230828_205214,1474,True,20230828_205214,1427,True,1.0,0,0.0
20230815_055951,211,True,20230815_055951,182,True,1.0,0,0.0
20230807_062216,215,True,20230807_062216,210,True,1.0,0,0.0
20230907_185744,1836,True,20230907_185744,293,True,1.0,0,0.0
20230828_205214,1465,True,20230828_205214,284,True,1.0,0,0.0
20230902_060137,279,True,20230902_060137,1428,True,1.0,0,0.0
20230807_062216,215,True,20230831_141252,1218,True,0.0,0,1.0
20230815_055951,209,True,20230815_055951,179,True,1.0,0,0.0
20230907_185744,1367,True,20230907_185744,1899,True,1.0,0,0.0
20230902_060137,1403,True,20230902_060137,1183,True,1.0,0,0.0
20230907_185744,267,True,20230907_185744,1359,True,1.0,0,0.0
20230907_185744,1363,True,20230907_185744,880,True,1.0,0,0.0
20230831_053936,274,True,20230831_053936,1450,True,1.0,0,0.0
20230911_200338,195,False,20230911_200338,229,False,1.0,0,0.0
20230805_145544,156,True,20230807_060504,250,True,0.0,0,1.0
20230902_060137,296,True,20230902_060137,224,True,1.0,0,0.0
20230805_145141,710,True,20230831_163856,1066,False,0.0,0,1.0
20230907_185744,1836,True,20230907_185744,1566,True,1.0,0,0.0
20231005_200808,183,True,20230805_145544,185,True,0.0,0,1.0
20230831_160214,943,False,20230911_200338,229,False,0.0,0,1.0
20230831_141252,1067,True,20230831_160214,937,False,0.0,0,1.0
20230805_191555,225,True,20230907_185744,1759,True,0.0,0,1.0
20230907_185744,1359,True,20230907_185744,880,True,1.0,0,0.0
20230815_055951,218,True,20230831_141252,1070,True,0.0,0,1.0
20230831_141252,1067,True,20230911_200338,214,False,0.0,0,1.0
20230907_185744,1940,True,20230907_185744,1895,True,1.0,0,0.0
20230828_205214,1440,True,20230828_205214,296,True,1.0,0,0.0
20230828_205214,1235,True,20230828_205214,1496,True,1.0,0,0.0
20230805_191555,237,True,20230805_191555,1117,True,1.0,0,0.0
20230907_185744,1404,True,20230907_185744,1535,True,1.0,0,0.0
20230831_053936,271,True,20230807_060504,250,True,0.0,0,1.0
20231005_200808,1091,True,20230828_205214,1235,True,0.0,0,1.0
20230828_205214,271,True,20230828_205214,1452,True,1.0,0,0.0
20230805_191555,201,True,20230815_055951,180,True,0.0,0,1.0
20230828_205214,1230,True,20230828_205214,1454,True,1.0,0,0.0
20231005_200808,176,True,20231005_200808,208,True,1.0,0,0.0
20230828_205214,1426,True,20230831_162051,178,True,0.0,0,1.0
20230828_205214,296,True,20230828_205214,323,True,1.0,0,0.0
20230907_185744,1760,True,20230907_185744,1463,True,1.0,0,0.0
20230907_185744,1760,True,20230907_185744,1593,True,1.0,0,0.0
20230902_060137,224,True,20230902_060137,1450,True,1.0,0,0.0
20230828_205214,1474,True,20230828_205214,1426,True,1.0,0,0.0
20230831_141252,254,True,20230831_141252,301,True,1.0,0,0.0
20230907_185744,1558,True,20230907_185744,231,True,1.0,0,0.0
20230907_185744,267,True,20230907_185744,244,True,1.0,0,0.0
20230831_053936,1303,True,20230805_145141,998,True,0.0,0,1.0
20230902_060137,250,True,20230807_062216,247,True,0.0,0,1.0
20230831_160214,943,False,20230815_055951,218,True,0.0,0,1.0
20230805_191555,1103,True,20230831_163856,1090,False,0.0,0,1.0
20230831_141252,267,True,20230831_141252,169,True,1.0,0,0.0
20230902_060137,1421,True,20230902_060137,1403,True,1.0,0,0.0
20230805_145141,998,True,20230831_141252,1070,True,0.0,0,1.0
20230805_145141,998,True,20230805_145141,703,True,1.0,0,0.0
20230805_191555,1105,True,20230805_191555,225,True,1.0,0,0.0
20230828_205214,1418,True,20230807_062216,247,True,0.0,0,1.0
20230907_185744,1377,True,20230907_185744,291,True,1.0,0,0.0
20230907_185744,1759,True,20230907_185744,1524,True,1.0,0,0.0
20230831_163856,1066,False,20230831_163856,1085,False,1.0,0,0.0
20230902_060137,281,True,20230911_200338,985,False,0.0,0,1.0
20230828_205214,323,True,20230828_205214,1443,True,1.0,0,0.0
20230805_145141,735,True,20230831_141252,1067,True,0.0,0,1.0
20231005_200808,183,True,20230807_062216,247,True,0.0,0,1.0
20230907_185744,1412,True,20230911_200338,985,False,0.0,0,1.0
20230831_141252,275,True,20230831_141252,1225,True,1.0,0,0.0
20230815_055951,185,True,20230807_062216,253,True,0.0,0,1.0
20230807_062216,247,True,20230805_145141,716,True,0.0,0,1.0
20230907_185744,1377,True,20230907_185744,293,True,1.0,0,0.0
20230907_185744,267,True,20230907_185744,1489,True,1.0,0,0.0
20230807_060504,244,True,20230831_141252,1317,True,0.0,0,1.0
20230815_055951,209,True,20230815_055951,218,True,1.0,0,0.0
20230907_185744,1407,True,20230907_185744,844,True,1.0,0,0.0
20230805_145544,143,True,20230828_205214,1230,True,0.0,0,1.0
20230805_145141,703,True,20230805_145544,156,True,0.0,0,1.0
20230828_205214,284,True,20230828_205214,296,True,1.0,0,0.0
20230805_145141,713,True,20230805_145141,735,True,1.0,0,0.0
20230831_141252,282,True,20230831_141252,281,True,1.0,0,0.0
20230907_185744,267,True,20230907_185744,1940,True,1.0,0,0.0
20230807_060504,244,True,20230807_062216,223,True,0.0,0,1.0
20230907_185744,1404,True,20230907_185744,1737,True,1.0,0,0.0
20230902_060137,1164,True,20230902_060137,1183,True,1.0,0,0.0
20230907_185744,1571,True,20230907_185744,880,True,1.0,0,0.0
20230805_191555,225,True,20230805_191555,224,True,1.0,0,0.0
20230911_200338,214,False,20230911_200338,205,False,1.0,0,0.0
20230902_060137,279,True,20230902_060137,269,True,1.0,0,0.0
20230907_185744,1359,True,20230907_185744,284,True,1.0,0,0.0
20230828_205214,1231,True,20230828_205214,1452,True,1.0,0,0.0
20230902_054933,229,True,20230902_054933,224,True,1.0,0,0.0
20230828_205214,1452,True,20230828_205214,1496,True,1.0,0,0.0
20230807_061410,474,False,20231005_200808,191,True,0.0,0,1.0
20230907_185744,1759,True,20230807_061410,473,False,0.0,0,1.0
20230911_200338,210,False,20230902_060137,296,True,0.0,0,1.0
20230902_060137,1450,True,20230902_060137,296,True,1.0,0,0.0
20230828_205214,1452,True,20230831_053936,268,True,0.0,0,1.0
20230828_205214,1497,True,20230828_205214,1235,True,1.0,0,0.0
20230807_062216,255,True,20230815_055951,218,True,0.0,0,1.0
20230902_060137,224,True,20230902_060137,1436,True,1.0,0,0.0
20230831_160214,934,False,20230831_141252,216,True,0.0,0,1.0
20230828_205214,1436,True,20230828_205214,1440,True,1.0,0,0.0
20230907_185744,1377,True,20230907_185744,1914,True,1.0,0,0.0
20230805_145544,142,True,20230805_145141,710,True,0.0,0,1.0
20230911_200338,229,False,20230911_200338,195,False,1.0,0,0.0
20230907_185744,1664,True,20230831_141252,269,True,0.0,0,1.0
20231005_200808,196,True,20231005_200808,191,True,1.0,0,0.0
20230907_185744,1375,True,20230907_185744,1896,True,1.0,0,0.0
20230828_205214,1459,True,20230828_205214,1487,True,1.0,0,0.0
20230805_145544,143,True,20230805_145544,152,True,1.0,0,0.0
20230902_060137,226,True,20230902_060137,1403,True,1.0,0,0.0
20230831_141252,281,True,20230907_185744,1826,True,0.0,0,1.0
20230907_185744,1359,True,20230907_185744,292,True,1.0,0,0.0
20230907_185744,1349,True,20230907_185744,1496,True,1.0,0,0.0
20230907_185744,1407,True,20230907_185744,1906,True,1.0,0,0.0
20230807_062216,254,True,20230807_062216,1283,True,1.0,0,0.0
20230807_061410,485,False,20230805_145141,716,True,0.0,0,1.0
20230902_060137,1183,True,20230902_060137,279,True,1.0,0,0.0
20230831_163856,1066,False,20230831_053936,1304,True,0.0,0,1.0
20230831_141252,275,True,20230831_141252,1227,True,1.0,0,0.0
20230907_185744,1363,True,20230907_185744,1489,True,1.0,0,0.0
20230907_185744,1366,True,20230907_185744,1407,True,1.0,0,0.0
20230831_163856,1287,False,20230805_191555,1105,True,0.0,0,1.0
20230828_205214,1231,True,20230828_205214,1455,True,1.0,0,0.0
20230831_163856,1287,False,20230807_061410,485,False,0.0,0,1.0
20230828_205214,1427,True,20230907_185744,1363,True,0.0,0,1.0
20230907_185744,1407,True,20230907_185744,1661,True,1.0,0,0.0
20230902_060137,1165,True,20230902_060137,224,True,1.0,0,0.0
20230807_061410,481,False,20230807_061410,485,False,1.0,0,0.0
20230907_185744,1407,True,20230907_185744,1463,True,1.0,0,0.0
20230907_185744,1367,True,20230907_185744,1643,True,1.0,0,0.0
20230828_205214,1231,True,20230902_054933,1102,True,0.0,0,1.0
20230815_055951,218,True,20230831_160214,943,False,0.0,0,1.0
20230831_141252,1218,True,20230831_141252,295,True,1.0,0,0.0
20230902_054933,210,True,20230807_061410,481,False,0.0,0,1.0
20230907_185744,1359,True,20230907_185744,1760,True,1.0,0,0.0
20230831_053936,268,True,20230815_055951,180,True,0.0,0,1.0
20230807_061410,487,False,20230807_061410,485,False,1.0,0,0.0
20230902_060137,296,True,20230902_060137,226,True,1.0,0,0.0
20230907_185744,1375,True,20230907_185744,283,True,1.0,0,0.0
20230831_141252,288,True,20230828_205214,290,True,0.0,0,1.0
20230907_185744,1760,True,20230907_185744,291,True,1.0,0,0.0
20231005_200808,183,True,20230805_145141,716,True,0.0,0,1.0
20230911_200338,987,False,20230911_200338,195,False,1.0,0,0.0
20230828_205214,1474,True,20230828_205214,1454,True,1.0,0,0.0
20230907_185744,845,True,20230828_205214,1459,True,0.0,0,1.0
20230805_191555,198,True,20230815_055951,1202,True,0.0,0,1.0
20230907_185744,1377,True,20230902_060137,284,True,0.0,0,1.0
20230831_141252,254,True,20230831_141252,295,True,1.0,0,0.0
20230907_185744,1940,True,20230907_185744,231,True,1.0,0,0.0
20230911_200338,985,False,20230805_145544,143,True,0.0,0,1.0
20230805_191555,1106,True,20230831_053936,271,True,0.0,0,1.0
20230907_185744,1399,True,20230907_185744,261,True,1.0,0,0.0
20230907_185744,1407,True,20230907_185744,1721,True,1.0,0,0.0
20230907_185744,1377,True,20230907_185744,267,True,1.0,0,0.0
20230815_055951,182,True,20230815_055951,180,True,1.0,0,0.0
20230828_205214,284,True,20230805_191555,219,True,0.0,0,1.0
20230907_185744,267,True,20230907_185744,1826,True,1.0,0,0.0
20230902_060137,1408,True,20230902_060137,1176,True,1.0,0,0.0
20230907_185744,1367,True,20230907_185744,1673,True,1.0,0,0.0
20230902_060137,1419,True,20230831_141252,259,True,0.0,0,1.0
20230902_060137,1171,True,20230902_060137,1176,True,1.0,0,0.0
20230807_062216,247,True,20230807_062216,1292,True,1.0,0,0.0
20230902_060137,279,True,20230831_162051,181,True,0.0,0,1.0
20230831_053936,1301,True,20230907_185744,1940,True,0.0,0,1.0
20230902_060137,235,True,20230828_205214,1454,True,0.0,0,1.0
20230907_185744,1566,True,20230907_185744,1934,True,1.0,0,0.0
20230831_141252,288,True,20230831_141252,281,True,1.0,0,0.0
20230831_141252,269,True,20230831_141252,1227,True,1.0,0,0.0
20230907_185744,1760,True,20230907_185744,1895,True,1.0,0,0.0
20230907_185744,1826,True,20230907_185744,1451,True,1.0,0,0.0
20230805_145544,143,True,20230805_145544,142,True,1.0,0,0.0
20230807_062216,253,True,20230807_062216,255,True,1.0,0,0.0
20230831_160214,937,False,20231005_200808,176,True,0.0,0,1.0
20230902_060137,284,True,20230902_060137,1183,True,1.0,0,0.0
20230907_185744,1359,True,20230907_185744,1682,True,1.0,0,0.0
20230831_141252,288,True,20230831_141252,1227,True,1.0,0,0.0
20230807_062216,1081,True,20230828_205214,1487,True,0.0,0,1.0
20230828_205214,1427,True,20230828_205214,1474,True,1.0,0,0.0
20230907_185744,1571,True,20230907_185744,1407,True,1.0,0,0.0
20230907_185744,1558,True,20230907_185744,1699,True,1.0,0,0.0
20230907_185744,1571,True,20230907_185744,1759,True,1.0,0,0.0
20230902_060137,1419,True,20230911_200338,232,False,0.0,0,1.0
20230807_062216,253,True,20230831_163856,1085,False,0.0,0,1.0
20230907_185744,1836,True,20230907_185744,1463,True,1.0,0,0.0
20230807_062216,247,True,20230807_062216,1080,True,1.0,0,0.0
20230902_060137,1397,True,20230807_061410,473,False,0.0,0,1.0
20231006_192754,748,True,20231006_192754,750,True,1.0,0,0.0
20230907_185744,1759,True,20230907_185744,1730,True,1.0,0,0.0
20230805_191555,237,True,20230828_205214,1436,True,0.0,0,1.0
20230907_185744,267,True,20230907_185744,1496,True,1.0,0,0.0
20230805_145544,185,True,20230902_060137,250,True,0.0,0,1.0
20230815_055951,185,True,20230831_162051,181,True,0.0,0,1.0
20230831_160214,934,False,20230807_062216,253,True,0.0,0,1.0
20230911_200338,214,False,20230902_054933,210,True,0.0,0,1.0
20230805_145141,713,True,20230807_060504,248,True,0.0,0,1.0
20230907_185744,1760,True,20230907_185744,1521,True,1.0,0,0.0
20230828_205214,1455,True,20230828_205214,323,True,1.0,0,0.0
20230902_060137,234,True,20230902_060137,281,True,1.0,0,0.0
20230828_205214,1465,True,20230828_205214,290,True,1.0,0,0.0
20230902_060137,1428,True,20230902_060137,1171,True,1.0,0,0.0
20230831_141252,216,True,20230807_060504,192,True,0.0,0,1.0
20230907_185744,1412,True,20230807_062216,1286,True,0.0,0,1.0
20230902_060137,284,True,20230902_060137,224,True,1.0,0,0.0
20230828_205214,1454,True,20230828_205214,1459,True,1.0,0,0.0
20230831_141252,1317,True,20231005_200808,208,True,0.0,0,1.0
20231005_200808,175,True,20231005_200808,196,True,1.0,0,0.0
20230828_205214,1487,True,20230828_205214,286,True,1.0,0,0.0
20230815_055951,211,True,20230828_205214,286,True,0.0,0,1.0
20230911_200338,213,False,20230805_145141,730,True,0.0,0,1.0
20230902_060137,269,True,20230902_060137,1176,True,1.0,0,0.0
20230911_200338,235,False,20230911_200338,205,False,1.0,0,0.0
20230805_191555,204,True,20230805_191555,237,True,1.0,0,0.0
20230831_141252,275,True,20230831_141252,169,True,1.0,0,0.0
20230828_205214,284,True,20230828_205214,1418,True,1.0,0,0.0
20230805_191555,219,True,20230911_200338,205,False,0.0,0,1.0
20230907_185744,1375,True,20230907_185744,1678,True,1.0,0,0.0
20230831_141252,1315,True,20230831_141252,301,True,1.0,0,0.0
20230907_185744,1377,True,20230815_055951,218,True,0.0,0,1.0
20230831_160214,934,False,20231005_200808,1091,True,0.0,0,1.0
20230828_205214,1427,True,20230828_205214,1440,True,1.0,0,0.0
20230807_060504,235,True,20230805_145141,998,True,0.0,0,1.0
20230831_160214,934,False,20230807_061410,495,False,0.0,0,1.0
20230902_060137,1398,True,20230828_205214,1459,True,0.0,0,1.0
20230907_185744,1366,True,20230907_185744,1349,True,1.0,0,0.0
20230831_141252,259,True,20230831_141252,269,True,1.0,0,0.0
20230828_205214,311,True,20230828_205214,1465,True,1.0,0,0.0
20230907_185744,1760,True,20230907_185744,252,True,1.0,0,0.0
20230907_185744,1826,True,20230907_185744,1359,True,1.0,0,0.0
20230902_060137,279,True,20230807_062216,253,True,0.0,0,1.0
20230907_185744,1759,True,20230907_185744,323,True,1.0,0,0.0
20230807_061410,493,False,20230902_054933,1102,True,0.0,0,1.0
20230907_185744,1571,True,20230907_185744,1643,True,1.0,0,0.0
20230902_060137,250,True,20230902_060137,1408,True,1.0,0,0.0
20230902_060137,1441,True,20230807_060504,1412,True,0.0,0,1.0
20230831_141252,1317,True,20230902_054933,224,True,0.0,0,1.0
20230828_205214,297,True,20230828_205214,1427,True,1.0,0,0.0
20230907_185744,1759,True,20230907_185744,860,True,1.0,0,0.0
20230907_185744,1363,True,20230907_185744,283,True,1.0,0,0.0
20230907_185744,1412,True,20230807_060504,248,True,0.0,0,1.0
20230831_141252,210,True,20230831_141252,259,True,1.0,0,0.0
20230907_185744,1377,True,20230907_185744,1496,True,1.0,0,0.0
20230807_062216,1292,True,20230807_062216,1289,True,1.0,0,0.0
20230907_185744,1940,True,20230907_185744,1664,True,1.0,0,0.0
20230902_060137,1176,True,20230902_060137,1436,True,1.0,0,0.0
20230902_060137,234,True,20230902_060137,1419,True,1.0,0,0.0
20230815_055951,180,True,20230815_055951,209,True,1.0,0,0.0
20230828_205214,1487,True,20230828_205214,296,True,1.0,0,0.0
20230907_185744,1760,True,20230907_185744,1682,True,1.0,0,0.0
20230902_060137,1450,True,20230902_060137,1165,True,1.0,0,0.0
20230902_060137,1413,True,20230902_060137,1419,True,1.0,0,0.0
20230907_185744,1377,True,20230907_185744,844,True,1.0,0,0.0
20230902_060137,1413,True,20230902_060137,226,True,1.0,0,0.0
20230831_141252,1070,True,20230831_141252,1067,True,1.0,0,0.0
20230807_062216,1289,True,20230828_205214,297,True,0.0,0,1.0
20230831_141252,1315,True,20230831_141252,169,True,1.0,0,0.0
20230831_141252,1317,True,20230831_141252,211,True,1.0,0,0.0
20230907_185744,1375,True,20230907_185744,1525,True,1.0,0,0.0
20230907_185744,1836,True,20230907_185744,1407,True,1.0,0,0.0
20230911_200338,985,False,20230911_200338,210,False,1.0,0,0.0
20230805_145544,178,True,20231005_200808,176,True,0.0,0,1.0
20230907_185744,1404,True,20230907_185744,1644,True,1.0,0,0.0
20230907_185744,1407,True,20230907_185744,880,True,1.0,0,0.0
20230907_185744,1363,True,20230907_185744,279,True,1.0,0,0.0
20230902_060137,1432,True,20230902_060137,234,True,1.0,0,0.0
20230907_185744,1359,True,20230907_185744,1369,True,1.0,0,0.0
20231005_200808,1091,True,20230807_061410,495,False,0.0,0,1.0
20230902_060137,1421,True,20230831_141252,295,True,0.0,0,1.0
20230807_061410,485,False,20230831_053936,1305,True,0.0,0,1.0
20230902_054933,207,True,20230902_054933,229,True,1.0,0,0.0
20230831_141252,267,True,20230831_141252,211,True,1.0,0,0.0
20230831_053936,1298,True,20230831_053936,1304,True,1.0,0,0.0
20230807_062216,214,True,20230807_062216,223,True,1.0,0,0.0
20230807_062216,215,True,20230807_062216,223,True,1.0,0,0.0
20230902_060137,1176,True,20230902_060137,1397,True,1.0,0,0.0
20230831_162051,192,True,20230805_145544,178,True,0.0,0,1.0
20230805_191555,204,True,20230907_185744,1349,True,0.0,0,1.0
20230831_141252,301,True,20230831_141252,1218,True,1.0,0,0.0
20230907_185744,1571,True,20230907_185744,1682,True,1.0,0,0.0
20230807_062216,253,True,20230807_062216,1283,True,1.0,0,0.0
20230815_055951,221,True,20230805_145544,160,True,0.0,0,1.0
20231005_200808,175,True,20230831_162051,178,True,0.0,0,1.0
20230831_141252,1315,True,20230831_141252,1067,True,1.0,0,0.0
20230907_185744,1566,True,20230907_185744,1535,True,1.0,0,0.0
20230907_185744,1760,True,20230907_185744,1377,True,1.0,0,0.0
20230907_185744,1566,True,20230907_185744,265,True,1.0,0,0.0
20230815_055951,221,True,20230815_055951,185,True,1.0,0,0.0
20230902_060137,235,True,20230902_060137,224,True,1.0,0,0.0
20231006_192754,748,True,20230831_163856,1090,False,0.0,0,1.0
20230828_205214,1454,True,20230828_205214,1452,True,1.0,0,0.0
20230828_205214,1230,True,20230828_205214,1497,True,1.0,0,0.0
20230815_055951,179,True,20230902_054933,1102,True,0.0,0,1.0
20230902_060137,267,True,20230902_060137,1413,True,1.0,0,0.0
20230831_141252,1317,True,20230831_141252,269,True,1.0,0,0.0
20231005_200808,176,True,20230911_200338,214,False,0.0,0,1.0
20230907_185744,1367,True,20230907_185744,1375,True,1.0,0,0.0
20230828_205214,290,True,20230828_205214,1496,True,1.0,0,0.0
20230907_185744,1349,True,20230907_185744,1518,True,1.0,0,0.0
20230907_185744,1760,True,20230907_185744,1535,True,1.0,0,0.0
20230831_141252,267,True,20230902_060137,226,True,0.0,0,1.0
20230828_205214,1496,True,20230828_205214,1459,True,1.0,0,0.0
20230828_205214,290,True,20230828_205214,271,True,1.0,0,0.0
20230828_205214,271,True,20230828_205214,1235,True,1.0,0,0.0
20230831_163856,1090,False,20230815_055951,191,True,0.0,0,1.0
20230828_205214,284,True,20230805_145544,168,True,0.0,0,1.0
20230907_185744,1367,True,20230907_185744,267,True,1.0,0,0.0
20230805_145544,152,True,20230831_141252,216,True,0.0,0,1.0
20230805_145141,710,True,20231005_200808,208,True,0.0,0,1.0
20230902_060137,1450,True,20230902_060137,1432,True,1.0,0,0.0
20230907_185744,1412,True,20230907_185744,1377,True,1.0,0,0.0
20230907_185744,1363,True,20230907_185744,1896,True,1.0,0,0.0
20230831_160214,949,False,20230902_060137,250,True,0.0,0,1.0
20230807_062216,214,True,20230807_062216,222,True,1.0,0,0.0
20230902_054933,1102,True,20230902_054933,207,True,1.0,0,0.0
20230805_145141,716,True,20230902_060137,250,True,0.0,0,1.0
20230907_185744,1566,True,20230907_185744,1935,True,1.0,0,0.0
20230831_163856,1287,False,20230805_145141,716,True,0.0,0,1.0
20230828_205214,296,True,20230828_205214,297,True,1.0,0,0.0
20230907_185744,1399,True,20230907_185744,1828,True,1.0,0,0.0
20230907_185744,1558,True,20230907_185744,265,True,1.0,0,0.0
20230815_055951,179,True,20230831_163856,1282,False,0.0,0,1.0
20230902_060137,1397,True,20230902_060137,235,True,1.0,0,0.0
20230807_060504,244,True,20230807_060504,191,True,1.0,0,0.0
20230807_061410,493,False,20230907_185744,1558,True,0.0,0,1.0
20230902_060137,1419,True,20230902_060137,296,True,1.0,0,0.0
20230902_060137,1164,True,20230902_060137,1450,True,1.0,0,0.0
20230907_185744,1826,True,20230907_185744,267,True,1.0,0,0.0
20230805_191555,225,True,20230805_191555,1117,True,1.0,0,0.0
20230907_185744,1359,True,20230907_185744,1855,True,1.0,0,0.0
20230907_185744,1826,True,20230907_185744,1699,True,1.0,0,0.0
20230907_185744,1366,True,20230907_185744,284,True,1.0,0,0.0
20230907_185744,1566,True,20230907_185744,231,True,1.0,0,0.0
20230828_205214,290,True,20230828_205214,1436,True,1.0,0,0.0
20230907_185744,1349,True,20230907_185744,1551,True,1.0,0,0.0
20230831_141252,1315,True,20230831_141252,295,True,1.0,0,0.0
20230807_060504,192,True,20230807_060504,1412,True,1.0,0,0.0
20230907_185744,1399,True,20230907_185744,1521,True,1.0,0,0.0
20230831_141252,216,True,20230831_141252,281,True,1.0,0,0.0
20230828_205214,310,True,20230828_205214,1436,True,1.0,0,0.0
20230902_060137,284,True,20230831_160214,943,False,0.0,0,1.0
20230907_185744,1399,True,20230907_185744,1535,True,1.0,0,0.0
20230807_061410,500,False,20230907_185744,1566,True,0.0,0,1.0
20230907_185744,1759,True,20230907_185744,1701,True,1.0,0,0.0
20230902_060137,284,True,20231005_200808,175,True,0.0,0,1.0
20230911_200338,214,False,20230911_200338,232,False,1.0,0,0.0
20230902_060137,1176,True,20230902_060137,1413,True,1.0,0,0.0
20230807_060504,1412,True,20230807_061410,500,False,0.0,0,1.0
20230807_062216,247,True,20230805_191555,1105,True,0.0,0,1.0
20230907_185744,1375,True,20230907_185744,1701,True,1.0,0,0.0
20231005_200808,183,True,20230831_141252,1066,True,0.0,0,1.0
20230807_060504,256,True,20230815_055951,184,True,0.0,0,1.0
20230828_205214,1465,True,20230828_205214,296,True,1.0,0,0.0
20230805_145544,160,True,20230805_145544,168,True,1.0,0,0.0
20230907_185744,1566,True,20230907_185744,1918,True,1.0,0,0.0
20230831_141252,211,True,20230831_141252,281,True,1.0,0,0.0
20230902_060137,1397,True,20230902_060137,1413,True,1.0,0,0.0
20230907_185744,1377,True,20230907_185744,1892,True,1.0,0,0.0
20230828_205214,1436,True,20230828_205214,1459,True,1.0,0,0.0
20230831_053936,1298,True,20230831_053936,1303,True,1.0,0,0.0
20230907_185744,1760,True,20230907_185744,1737,True,1.0,0,0.0
20230907_185744,1412,True,20230907_185744,1535,True,1.0,0,0.0
20230831_141252,1067,True,20230807_062216,254,True,0.0,0,1.0
20230907_185744,1836,True,20230815_055951,221,True,0.0,0,1.0
20230907_185744,1349,True,20230907_185744,1855,True,1.0,0,0.0
20230815_055951,184,True,20230815_055951,185,True,1.0,0,0.0
20230907_185744,1359,True,20230907_185744,1535,True,1.0,0,0.0
20230907_185744,1412,True,20230907_185744,284,True,1.0,0,0.0
20230907_185744,1571,True,20230907_185744,322,True,1.0,0,0.0
20230907_185744,1377,True,20230907_185744,323,True,1.0,0,0.0
20230907_185744,1940,True,20230907_185744,1399,True,1.0,0,0.0
20230902_054933,1103,True,20230807_061410,495,False,0.0,0,1.0
20230805_145544,178,True,20230807_062216,254,True,0.0,0,1.0
20230907_185744,1399,True,20230907_185744,1891,True,1.0,0,0.0
20230831_141252,1070,True,20230831_141252,211,True,1.0,0,0.0
20230902_060137,224,True,20230902_060137,1441,True,1.0,0,0.0
20230831_141252,267,True,20230831_141252,254,True,1.0,0,0.0
20230831_163856,1084,False,20230831_163856,1066,False,1.0,0,0.0
20230911_200338,195,False,20230805_145544,160,True,0.0,0,1.0
20230907_185744,1377,True,20230907_185744,282,True,1.0,0,0.0
20230828_205214,310,True,20230902_060137,1403,True,0.0,0,1.0
20230902_060137,1165,True,20230902_060137,1450,True,1.0,0,0.0
20230902_060137,1403,True,20230902_060137,1441,True,1.0,0,0.0
20230828_205214,284,True,20230831_053936,231,True,0.0,0,1.0
20230907_185744,1359,True,20230907_185744,1826,True,1.0,0,0.0
20230907_185744,1566,True,20230907_185744,1698,True,1.0,0,0.0
20230831_160214,937,False,20230831_163856,1090,False,0.0,0,1.0
20230828_205214,1427,True,20230828_205214,1446,True,1.0,0,0.0
20230907_185744,1759,True,20230907_185744,1891,True,1.0,0,0.0
20230831_053936,1303,True,20230805_145544,193,True,0.0,0,1.0
20230805_145141,703,True,20230807_061410,493,False,0.0,0,1.0
20230828_205214,1496,True,20230828_205214,1427,True,1.0,0,0.0
20230907_185744,1377,True,20230907_185744,1501,True,1.0,0,0.0
20230828_205214,311,True,20230828_205214,1452,True,1.0,0,0.0
20230902_060137,1432,True,20230831_053936,255,True,0.0,0,1.0
20230807_060504,250,True,20230907_185744,1558,True,0.0,0,1.0
20230907_185744,1366,True,20230907_185744,1914,True,1.0,0,0.0
20230807_060504,256,True,20230805_191555,1105,True,0.0,0,1.0
20230815_055951,191,True,20230815_055951,209,True,1.0,0,0.0
20230907_185744,1760,True,20230907_185744,292,True,1.0,0,0.0
20230831_163856,1085,False,20230902_054933,1103,True,0.0,0,1.0
20230902_060137,1397,True,20230902_060137,226,True,1.0,0,0.0
20230831_160214,934,False,20230831_163856,1085,False,0.0,0,1.0
20230831_141252,211,True,20230831_141252,282,True,1.0,0,0.0
20230907_185744,1367,True,20230907_185744,1848,True,1.0,0,0.0
20230902_054933,1103,True,20230902_054933,224,True,1.0,0,0.0
20230907_185744,267,True,20230907_185744,1493,True,1.0,0,0.0
20230805_145544,193,True,20230831_141252,1070,True,0.0,0,1.0
20230828_205214,1459,True,20230828_205214,311,True,1.0,0,0.0
20230828_205214,1440,True,20230828_205214,1443,True,1.0,0,0.0
20230831_162051,192,True,20230902_054933,210,True,0.0,0,1.0
20230907_185744,1412,True,20230907_185744,1363,True,1.0,0,0.0
20230831_141252,1315,True,20230831_141252,1066,True,1.0,0,0.0
20230807_062216,1283,True,20230807_062216,1286,True,1.0,0,0.0
20230907_185744,1826,True,20230907_185744,282,True,1.0,0,0.0
20230828_205214,1418,True,20230828_205214,297,True,1.0,0,0.0
20230828_205214,271,True,20230828_205214,1455,True,1.0,0,0.0
20230828_205214,271,True,20230828_205214,290,True,1.0,0,0.0
20230831_141252,1070,True,20230831_162051,178,True,0.0,0,1.0
20230807_061410,1603,False,20230805_191555,1117,True,0.0,0,1.0
20230805_191555,1103,True,20230831_162051,192,True,0.0,0,1.0
20230831_141252,267,True,20230831_141252,282,True,1.0,0,0.0
20230907_185744,1399,True,20230907_185744,231,True,1.0,0,0.0
20230831_141252,288,True,20230807_062216,1283,True,0.0,0,1.0
20230907_185744,1363,True,20230805_191555,1103,True,0.0,0,1.0
20230911_200338,1244,False,20230911_200338,195,False,1.0,0,0.0
20230831_141252,288,True,20230831_141252,1220,True,1.0,0,0.0
20230907_185744,1826,True,20230907_185744,1493,True,1.0,0,0.0
20230828_205214,1426,True,20230828_205214,1443,True,1.0,0,0.0
20230815_055951,197,True,20230807_062216,223,True,0.0,0,1.0
20230805_191555,1105,True,20230831_141252,1066,True,0.0,0,1.0
20230807_062216,215,True,20230807_062216,1292,True,1.0,0,0.0
20230828_205214,1426,True,20230831_160214,943,False,0.0,0,1.0
20230907_185744,1412,True,20230828_205214,1230,True,0.0,0,1.0
20230805_191555,1101,True,20231005_200808,1091,True,0.0,0,1.0
20230907_185744,1826,True,20230907_185744,1759,True,1.0,0,0.0
20230807_062216,210,True,20230807_062216,214,True,1.0,0,0.0
20230907_185744,1558,True,20230907_185744,1571,True,1.0,0,0.0
20230807_061410,493,False,20230902_060137,296,True,0.0,0,1.0
20230828_205214,310,True,20230828_205214,290,True,1.0,0,0.0
20230902_060137,1398,True,20230902_060137,1165,True,1.0,0,0.0
20230907_185744,1399,True,20230907_185744,1899,True,1.0,0,0.0
20230902_060137,1183,True,20230902_060137,1419,True,1.0,0,0.0
20230831_141252,259,True,20230831_141252,282,True,1.0,0,0.0
20230831_162051,192,True,20230805_145141,735,True,0.0,0,1.0
20230902_060137,267,True,20230902_060137,1171,True,1.0,0,0.0
20230807_062216,254,True,20230815_055951,191,True,0.0,0,1.0
20230907_185744,1377,True,20230907_185744,1363,True,1.0,0,0.0
20230805_191555,1117,True,20230805_191555,1106,True,1.0,0,0.0
20230831_160214,943,False,20230902_054933,207,True,0.0,0,1.0
20230907_185744,1363,True,20230907_185744,1501,True,1.0,0,0.0
20230815_055951,184,True,20230902_054933,229,True,0.0,0,1.0
20230907_185744,1571,True,20230907_185744,1680,True,1.0,0,0.0
20230831_053936,274,True,20230807_060504,191,True,0.0,0,1.0
20230807_060504,191,True,20230805_145544,178,True,0.0,0,1.0
20230815_055951,218,True,20230831_163856,1084,False,0.0,0,1.0
20230831_141252,1317,True,20230907_185744,1404,True,0.0,0,1.0
20230807_061410,487,False,20230902_060137,269,True,0.0,0,1.0
20230828_205214,1452,True,20230828_205214,1497,True,1.0,0,0.0
20230815_055951,191,True,20230805_145141,735,True,0.0,0,1.0
20230902_060137,226,True,20230902_060137,234,True,1.0,0,0.0
20230831_141252,1315,True,20230831_141252,267,True,1.0,0,0.0
20230828_205214,1446,True,20230828_205214,1426,True,1.0,0,0.0
20230911_200338,1244,False,20230807_062216,1283,True,0.0,0,1.0
20230828_205214,1487,True,20230828_205214,1231,True,1.0,0,0.0
20230828_205214,1231,True,20230815_055951,179,True,0.0,0,1.0
20230815_055951,211,True,20230815_055951,209,True,1.0,0,0.0
20230907_185744,1375,True,20230907_185744,1521,True,1.0,0,0.0
20230907_185744,267,True,20230907_185744,1407,True,1.0,0,0.0
20230828_205214,1487,True,20230828_205214,1235,True,1.0,0,0.0
20231005_200808,208,True,20231005_200808,183,True,1.0,0,0.0
20230907_185744,1826,True,20230907_185744,1463,True,1.0,0,0.0
20231006_192754,763,True,20230907_185744,1377,True,0.0,0,1.0
20230907_185744,1571,True,20230907_185744,1412,True,1.0,0,0.0
20230907_185744,1412,True,20230907_185744,259,True,1.0,0,0.0
20230831_053936,1298,True,20230911_200338,985,False,0.0,0,1.0
20230805_191555,1106,True,20230805_191555,199,True,1.0,0,0.0
20230828_205214,1497,True,20230828_205214,310,True,1.0,0,0.0
20230805_191555,1117,True,20230815_055951,218,True,0.0,0,1.0
20230907_185744,1760,True,20230907_185744,1937,True,1.0,0,0.0
20230911_200338,214,False,20230911_200338,985,False,1.0,0,0.0
20230828_205214,1230,True,20231005_200808,191,True,0.0,0,1.0
20230902_060137,1441,True,20230902_060137,1408,True,1.0,0,0.0
20230828_205214,296,True,20230828_205214,1443,True,1.0,0,0.0
20230907_185744,1759,True,20230907_185744,1828,True,1.0,0,0.0
20231005_200808,175,True,20230831_160214,943,False,0.0,0,1.0
20230911_200338,235,False,20230805_191555,201,True,0.0,0,1.0
20231006_192754,750,True,20230902_060137,279,True,0.0,0,1.0
20230902_060137,1403,True,20230902_060137,250,True,1.0,0,0.0
20230902_060137,296,True,20230911_200338,210,False,0.0,0,1.0
20230907_185744,1826,True,20230907_185744,1643,True,1.0,0,0.0
20230907_185744,1759,True,20230907_185744,1377,True,1.0,0,0.0
20230828_205214,1443,True,20230828_205214,271,True,1.0,0,0.0
20230807_062216,254,True,20230807_062216,1286,True,1.0,0,0.0
20230831_141252,169,True,20230907_185744,1937,True,0.0,0,1.0
20230831_053936,1298,True,20230815_055951,182,True,0.0,0,1.0
20231005_200808,175,True,20230902_060137,284,True,0.0,0,1.0
20230805_191555,1101,True,20230907_185744,1940,True,0.0,0,1.0
20230907_185744,1377,True,20230907_185744,1375,True,1.0,0,0.0
20230907_185744,1759,True,20230907_185744,1644,True,1.0,0,0.0
20230831_141252,275,True,20230831_141252,281,True,1.0,0,0.0
20230907_185744,1363,True,20230907_185744,1673,True,1.0,0,0.0
20230828_205214,1474,True,20230828_205214,1487,True,1.0,0,0.0
20230807_062216,1081,True,20230807_062216,222,True,1.0,0,0.0
20230907_185744,1673,True,20230902_060137,267,True,0.0,0,1.0
20230902_054933,207,True,20230831_163856,1084,False,0.0,0,1.0
20230907_185744,1359,True,20230907_185744,1850,True,1.0,0,0.0
20230902_060137,1165,True,20230828_205214,1465,True,0.0,0,1.0
20230907_185744,1760,True,20230907_185744,1571,True,1.0,0,0.0
20230828_205214,271,True,20230828_205214,1446,True,1.0,0,0.0
20230831_141252,210,True,20230831_141252,301,True,1.0,0,0.0
20230807_062216,222,True,20230807_061410,493,False,0.0,0,1.0
20230805_145544,149,True,20230805_191555,201,True,0.0,0,1.0
20230831_141252,1227,True,20230831_141252,1218,True,1.0,0,0.0
20230902_054933,1102,True,20230805_145141,703,True,0.0,0,1.0
20230807_062216,1292,True,20230807_062216,1286,True,1.0,0,0.0
20230807_061410,474,False,20230807_060504,248,True,0.0,0,1.0
20230831_162051,181,True,20230902_060137,279,True,0.0,0,1.0
20230807_060504,1412,True,20230805_145141,706,True,0.0,0,1.0
20230805_191555,215,True,20230805_191555,199,True,1.0,0,0.0
20230907_185744,1404,True,20230907_185744,322,True,1.0,0,0.0
20230902_060137,1165,True,20230902_060137,226,True,1.0,0,0.0
20230831_160214,937,False,20230907_185744,1363,True,0.0,0,1.0
20230805_145141,713,True,20230807_062216,1286,True,0.0,0,1.0
20230807_062216,1283,True,20230807_062216,210,True,1.0,0,0.0
20230805_145141,710,True,20230805_191555,237,True,0.0,0,1.0
20230902_060137,1450,True,20230902_060137,224,True,1.0,0,0.0
20230828_205214,1497,True,20230828_205214,1440,True,1.0,0,0.0
20230831_053936,1298,True,20230831_141252,210,True,0.0,0,1.0
20230805_145544,143,True,20230815_055951,182,True,0.0,0,1.0
20230807_062216,255,True,20230831_160214,943,False,0.0,0,1.0
20230902_060137,269,True,20230902_060137,234,True,1.0,0,0.0
20230831_141252,295,True,20230831_141252,1220,True,1.0,0,0.0
20230907_185744,1760,True,20230907_185744,1524,True,1.0,0,0.0
20230907_185744,1571,True,20230907_185744,1496,True,1.0,0,0.0
20230831_141252,211,True,20230831_141252,269,True,1.0,0,0.0
20230828_205214,1446,True,20230828_205214,1459,True,1.0,0,0.0
20230911_200338,213,False,20230911_200338,235,False,1.0,0,0.0
20230805_145544,160,True,20230805_145544,193,True,1.0,0,0.0
20230902_054933,208,True,20230831_141252,210,True,0.0,0,1.0
20230907_185744,1836,True,20230907_185744,284,True,1.0,0,0.0
20230828_205214,1418,True,20231005_200808,183,True,0.0,0,1.0
20230907_185744,1826,True,20230907_185744,1558,True,1.0,0,0.0
20230807_061410,500,False,20230807_061410,493,False,1.0,0,0.0
20230805_191555,1103,True,20230807_062216,254,True,0.0,0,1.0
20230902_060137,296,True,20230902_060137,269,True,1.0,0,0.0
20230805_191555,224,True,20230828_205214,1230,True,0.0,0,1.0
20230807_061410,1603,False,20231005_200808,175,True,0.0,0,1.0
20230907_185744,1558,True,20230907_185744,1501,True,1.0,0,0.0
20230805_191555,224,True,20230805_191555,201,True,1.0,0,0.0
20230902_060137,1450,True,20230902_060137,1403,True,1.0,0,0.0
20230828_205214,1426,True,20230828_205214,310,True,1.0,0,0.0
20230828_205214,296,True,20230902_060137,1183,True,0.0,0,1.0
20230907_185744,1404,True,20230831_141252,1317,True,0.0,0,1.0
20230831_053936,1450,True,20230805_145544,1066,True,0.0,0,1.0
20230902_060137,250,True,20230902_060137,1398,True,1.0,0,0.0
20230831_053936,1303,True,20230831_053936,1305,True,1.0,0,0.0
20230815_055951,179,True,20230815_055951,180,True,1.0,0,0.0
20230902_060137,1441,True,20230902_060137,250,True,1.0,0,0.0
20230831_163856,1090,False,20230828_205214,1427,True,0.0,0,1.0
20230831_053936,1305,True,20230831_141252,1066,True,0.0,0,1.0
20230911_200338,229,False,20230911_200338,232,False,1.0,0,0.0
20230807_062216,254,True,20230807_062216,1289,True,1.0,0,0.0
20230907_185744,1366,True,20230907_185744,1537,True,1.0,0,0.0
20230907_185744,1558,True,20230907_185744,261,True,1.0,0,0.0
20230831_163856,1282,False,20230805_145141,703,True,0.0,0,1.0
20230831_163856,1085,False,20230831_163856,1282,False,1.0,0,0.0
20230831_160214,943,False,20230807_061410,1603,False,0.0,0,1.0
20230902_060137,1413,True,20230902_060137,1164,True,1.0,0,0.0
20230805_191555,204,True,20230805_191555,224,True,1.0,0,0.0
20230907_185744,267,True,20230907_185744,1934,True,1.0,0,0.0
20230807_061410,493,False,20230805_145141,703,True,0.0,0,1.0
20230805_191555,1103,True,20230805_191555,219,True,1.0,0,0.0
20230907_185744,1566,True,20230907_185744,1551,True,1.0,0,0.0
20230907_185744,1404,True,20230907_185744,1918,True,1.0,0,0.0
20230902_054933,229,True,20230902_054933,207,True,1.0,0,0.0
20230902_054933,210,True,20230815_055951,191,True,0.0,0,1.0
20230907_185744,1836,True,20230907_185744,1896,True,1.0,0,0.0
20230907_185744,1367,True,20230907_185744,1407,True,1.0,0,0.0
20230831_141252,267,True,20230815_055951,211,True,0.0,0,1.0
20230907_185744,1759,True,20230907_185744,1451,True,1.0,0,0.0
20230807_060504,244,True,20230807_061410,487,False,0.0,0,1.0
20230828_205214,1446,True,20230911_200338,232,False,0.0,0,1.0
20230807_060504,235,True,20230815_055951,218,True,0.0,0,1.0
20230805_145544,149,True,20230805_145544,1066,True,1.0,0,0.0
20230907_185744,1412,True,20230907_185744,1899,True,1.0,0,0.0
20230805_145544,168,True,20230911_200338,205,False,0.0,0,1.0
20230831_160214,937,False,20230815_055951,191,True,0.0,0,1.0
20230907_185744,1571,True,20230907_185744,1661,True,1.0,0,0.0
20230805_145141,730,True,20230807_061410,495,False,0.0,0,1.0
20231006_192754,763,True,20230807_060504,235,True,0.0,0,1.0
20230831_163856,1084,False,20230805_145544,193,True,0.0,0,1.0
20230831_141252,210,True,20230805_145544,143,True,0.0,0,1.0
20231005_200808,183,True,20231005_200808,191,True,1.0,0,0.0
20230831_141252,269,True,20230831_141252,301,True,1.0,0,0.0
20230807_062216,215,True,20230807_062216,247,True,1.0,0,0.0
20230911_200338,204,False,20231005_200808,208,True,0.0,0,1.0
20230907_185744,1558,True,20230907_185744,1674,True,1.0,0,0.0
20230902_060137,269,True,20230807_060504,244,True,0.0,0,1.0
20230907_185744,1558,True,20230907_185744,1826,True,1.0,0,0.0
20230831_141252,288,True,20230815_055951,209,True,0.0,0,1.0
20230831_053936,274,True,20230831_163856,1090,False,0.0,0,1.0
20230828_205214,290,True,20230828_205214,1459,True,1.0,0,0.0
20230907_185744,1412,True,20230907_185744,1496,True,1.0,0,0.0
20230815_055951,179,True,20230831_141252,1315,True,0.0,0,1.0
20230831_053936,271,True,20231005_200808,196,True,0.0,0,1.0
20230828_205214,1235,True,20230907_185744,1940,True,0.0,0,1.0
20230805_191555,224,True,20230805_145141,713,True,0.0,0,1.0
20230907_185744,1375,True,20230907_185744,1377,True,1.0,0,0.0
20230805_145544,143,True,20230805_145141,713,True,0.0,0,1.0
20230831_141252,1220,True,20230831_141252,1225,True,1.0,0,0.0
20230911_200338,213,False,20230911_200338,229,False,1.0,0,0.0
20230805_145544,168,True,20230815_055951,169,True,0.0,0,1.0
20230902_060137,1171,True,20230902_060137,279,True,1.0,0,0.0
20230831_160214,937,False,20230911_200338,214,False,0.0,0,1.0
20230902_060137,281,True,20230902_060137,269,True,1.0,0,0.0
20230907_185744,1826,True,20230907_185744,1355,True,1.0,0,0.0
20230831_163856,1090,False,20230831_160214,937,False,0.0,0,1.0
20230828_205214,1496,True,20230828_205214,286,True,1.0,0,0.0
20230907_185744,1760,True,20230907_185744,1850,True,1.0,0,0.0
20230902_060137,1183,True,20230902_060137,269,True,1.0,0,0.0
20230907_185744,1759,True,20230815_055951,209,True,0.0,0,1.0
20230907_185744,1760,True,20230907_185744,1730,True,1.0,0,0.0
20230907_185744,267,True,20230902_060137,1413,True,0.0,0,1.0
20230902_060137,1421,True,20230902_060137,226,True,1.0,0,0.0
20230807_062216,1292,True,20230805_191555,219,True,0.0,0,1.0
20230807_061410,493,False,20230807_061410,485,False,1.0,0,0.0
20230828_205214,1426,True,20230828_205214,1474,True,1.0,0,0.0
20230907_185744,267,True,20230907_185744,1674,True,1.0,0,0.0
20230831_053936,1303,True,20230815_055951,218,True,0.0,0,1.0
20230807_060504,256,True,20230831_053936,1305,True,0.0,0,1.0
20230907_185744,1399,True,20230907_185744,1918,True,1.0,0,0.0
20231005_200808,183,True,20230805_191555,1105,True,0.0,0,1.0
20230902_060137,281,True,20230902_060137,279,True,1.0,0,0.0
20230902_060137,1432,True,20230902_060137,226,True,1.0,0,0.0
20230907_185744,1760,True,20230907_185744,1929,True,1.0,0,0.0
20230907_185744,1571,True,20230907_185744,1459,True,1.0,0,0.0
20231005_200808,208,True,20231005_200808,1091,True,1.0,0,0.0
20230902_060137,1398,True,20230902_060137,235,True,1.0,0,0.0
20230807_060504,248,True,20230807_062216,1286,True,0.0,0,1.0
20231005_200808,175,True,20231005_200808,183,True,1.0,0,0.0
20230902_060137,250,True,20230902_060137,296,True,1.0,0,0.0
20230902_060137,1441,True,20230902_060137,281,True,1.0,0,0.0
20230815_055951,197,True,20230831_141252,1317,True,0.0,0,1.0
20230805_191555,1106,True,20230805_191555,219,True,1.0,0,0.0
20230907_185744,1826,True,20230907_185744,1496,True,1.0,0,0.0
20230831_162051,178,True,20230807_060504,235,True,0.0,0,1.0
20230828_205214,1230,True,20230828_205214,1452,True,1.0,0,0.0
20230828_205214,1496,True,20230828_205214,296,True,1.0,0,0.0
20230807_062216,1292,True,20230807_062216,222,True,1.0,0,0.0
20230831_141252,282,True,20230831_141252,254,True,1.0,0,0.0
20230907_185744,1375,True,20230907_185744,1892,True,1.0,0,0.0
20230828_205214,1426,True,20230815_055951,218,True,0.0,0,1.0
20230907_185744,1349,True,20230907_185744,1899,True,1.0,0,0.0
20230907_185744,1571,True,20230907_185744,260,True,1.0,0,0.0
20230907_185744,1363,True,20230907_185744,1725,True,1.0,0,0.0
20230902_060137,299,True,20230902_060137,1397,True,1.0,0,0.0
20230828_205214,1459,True,20230828_205214,1443,True,1.0,0,0.0
20230807_062216,254,True,20230828_205214,1427,True,0.0,0,1.0
20230831_053936,268,True,20230831_053936,255,True,1.0,0,0.0
20230831_163856,1090,False,20231005_200808,176,True,0.0,0,1.0
20230907_185744,1760,True,20230828_205214,297,True,0.0,0,1.0
20230907_185744,1407,True,20230907_185744,1896,True,1.0,0,0.0
20230828_205214,271,True,20230828_205214,284,True,1.0,0,0.0
20230907_185744,1407,True,20230907_185744,284,True,1.0,0,0.0
20230815_055951,218,True,20230831_162051,178,True,0.0,0,1.0
20230805_145141,735,True,20231006_192754,748,True,0.0,0,1.0
20230807_061410,474,False,20230907_185744,1412,True,0.0,0,1.0
20230902_054933,224,True,20230805_145141,710,True,0.0,0,1.0
20230831_141252,169,True,20230831_141252,210,True,1.0,0,0.0
20230902_060137,1432,True,20230902_060137,299,True,1.0,0,0.0
20230902_060137,269,True,20230807_061410,487,False,0.0,0,1.0
20230815_055951,1202,True,20230815_055951,180,True,1.0,0,0.0
20231005_200808,191,True,20230805_145141,713,True,0.0,0,1.0
20231006_192754,750,True,20230831_162051,181,True,0.0,0,1.0
20230911_200338,1244,False,20230911_200338,985,False,1.0,0,0.0
20230828_205214,1452,True,20230828_205214,323,True,1.0,0,0.0
20230902_060137,234,True,20230902_060137,1408,True,1.0,0,0.0
20230805_145544,149,True,20230828_205214,1452,True,0.0,0,1.0
20230807_062216,222,True,20230831_141252,1315,True,0.0,0,1.0
20230831_141252,216,True,20230831_141252,1070,True,1.0,0,0.0
20230907_185744,267,True,20230907_185744,300,True,1.0,0,0.0
20230907_185744,1404,True,20230907_185744,282,True,1.0,0,0.0
20230807_060504,1412,True,20230805_191555,219,True,0.0,0,1.0
20230902_060137,1441,True,20230902_060137,1421,True,1.0,0,0.0
20230907_185744,1367,True,20230907_185744,1940,True,1.0,0,0.0
20230831_160214,934,False,20230831_160214,937,False,1.0,0,0.0
20230807_062216,1283,True,20230831_053936,1450,True,0.0,0,1.0
20230805_191555,219,True,20230828_205214,284,True,0.0,0,1.0
20230907_185744,1566,True,20230907_185744,252,True,1.0,0,0.0
20230902_060137,269,True,20230902_060137,1183,True,1.0,0,0.0
20230907_185744,1349,True,20230907_185744,1480,True,1.0,0,0.0
20230805_145544,193,True,20230807_062216,255,True,0.0,0,1.0
20230902_054933,229,True,20230902_054933,1103,True,1.0,0,0.0
20230828_205214,1474,True,20230828_205214,1235,True,1.0,0,0.0
20230907_185744,1571,True,20230907_185744,1896,True,1.0,0,0.0
20230902_060137,296,True,20230902_060137,281,True,1.0,0,0.0
20230805_191555,219,True,20230807_062216,1292,True,0.0,0,1.0
20230831_053936,1301,True,20230902_054933,1103,True,0.0,0,1.0
20230907_185744,1566,True,20230907_185744,1699,True,1.0,0,0.0
20230807_062216,255,True,20230807_062216,1080,True,1.0,0,0.0
20230807_060504,191,True,20230807_060504,235,True,1.0,0,0.0
20230907_185744,1407,True,20230907_185744,1404,True,1.0,0,0.0
20230907_185744,1366,True,20230907_185744,1730,True,1.0,0,0.0
20231005_200808,183,True,20230831_053936,1305,True,0.0,0,1.0
20230911_200338,204,False,20230807_062216,223,True,0.0,0,1.0
20230828_205214,1443,True,20230828_205214,1459,True,1.0,0,0.0
20230828_205214,286,True,20230828_205214,1465,True,1.0,0,0.0
20230902_060137,250,True,20230805_191555,1105,True,0.0,0,1.0
20230831_141252,1066,True,20230807_061410,485,False,0.0,0,1.0
20230828_205214,1487,True,20230828_205214,1452,True,1.0,0,0.0
20230907_185744,1836,True,20230831_053936,255,True,0.0,0,1.0
20230831_141252,1067,True,20230831_141252,1066,True,1.0,0,0.0
20231005_200808,183,True,20230902_060137,250,True,0.0,0,1.0
20230902_060137,1441,True,20230902_060137,1183,True,1.0,0,0.0
20230902_060137,281,True,20230902_060137,1398,True,1.0,0,0.0
20230815_055951,211,True,20230815_055951,184,True,1.0,0,0.0
20230828_205214,310,True,20230828_205214,1455,True,1.0,0,0.0
20230911_200338,229,False,20230911_200338,235,False,1.0,0,0.0
20230907_185744,1566,True,20230907_185744,1906,True,1.0,0,0.0
20230807_062216,223,True,20230807_062216,222,True,1.0,0,0.0
20230902_060137,1421,True,20230902_060137,1436,True,1.0,0,0.0
20230907_185744,1366,True,20230907_185744,282,True,1.0,0,0.0
20230807_062216,255,True,20230807_061410,1603,False,0.0,0,1.0
20230831_053936,1304,True,20230831_053936,1301,True,1.0,0,0.0
20230907_185744,1366,True,20230907_185744,1899,True,1.0,0,0.0
20230807_061410,474,False,20230911_200338,985,False,0.0,0,1.0
20230902_060137,1183,True,20230902_060137,1408,True,1.0,0,0.0
20230907_185744,1375,True,20230907_185744,1404,True,1.0,0,0.0
20230831_160214,943,False,20230831_160214,949,False,1.0,0,0.0
20230807_062216,1081,True,20230807_062216,202,True,1.0,0,0.0
20230807_061410,500,False,20230831_053936,231,True,0.0,0,1.0
20230907_185744,267,True,20230907_185744,1460,True,1.0,0,0.0
20230805_145141,730,True,20230805_145141,735,True,1.0,0,0.0
20230831_141252,269,True,20230831_141252,281,True,1.0,0,0.0
20230902_060137,1171,True,20230902_060137,1398,True,1.0,0,0.0
20230902_060137,234,True,20230902_060137,1171,True,1.0,0,0.0
20230831_141252,210,True,20230807_061410,474,False,0.0,0,1.0
20230902_060137,279,True,20230902_060137,267,True,1.0,0,0.0
20230831_053936,1450,True,20230828_205214,290,True,0.0,0,1.0
20230807_062216,1286,True,20230828_205214,1230,True,0.0,0,1.0
20230911_200338,229,False,20230902_060137,284,True,0.0,0,1.0
20230805_145141,713,True,20230831_053936,1298,True,0.0,0,1.0
20230907_185744,267,True,20230907_185744,1701,True,1.0,0,0.0
20230907_185744,1566,True,20230907_185744,1349,True,1.0,0,0.0
20230907_185744,1359,True,20230907_185744,1349,True,1.0,0,0.0
20230911_200338,987,False,20230807_062216,247,True,0.0,0,1.0
20230828_205214,1418,True,20230828_205214,311,True,1.0,0,0.0
20230815_055951,218,True,20230815_055951,182,True,1.0,0,0.0
20230907_185744,1826,True,20230907_185744,1518,True,1.0,0,0.0
20230828_205214,323,True,20230828_205214,311,True,1.0,0,0.0
20230907_185744,1404,True,20230907_185744,1836,True,1.0,0,0.0
20230828_205214,323,True,20230828_205214,1497,True,1.0,0,0.0
20230831_141252,269,True,20230831_141252,1070,True,1.0,0,0.0
20230807_062216,254,True,20231005_200808,176,True,0.0,0,1.0
20230902_060137,279,True,20230902_060137,1398,True,1.0,0,0.0
20230907_185744,1367,True,20230907_185744,1723,True,1.0,0,0.0
20230911_200338,229,False,20230805_145141,998,True,0.0,0,1.0
20230831_141252,295,True,20230831_141252,216,True,1.0,0,0.0
20230828_205214,290,True,20230828_205214,1235,True,1.0,0,0.0
20230907_185744,1375,True,20230831_141252,275,True,0.0,0,1.0
20230815_055951,182,True,20230902_054933,208,True,0.0,0,1.0
20230828_205214,1436,True,20230807_062216,223,True,0.0,0,1.0
20230807_062216,222,True,20230807_062216,247,True,1.0,0,0.0
20230902_060137,224,True,20230902_060137,299,True,1.0,0,0.0
20230907_185744,1566,True,20230907_185744,292,True,1.0,0,0.0
20230907_185744,1375,True,20230907_185744,1566,True,1.0,0,0.0
20230907_185744,1836,True,20230907_185744,292,True,1.0,0,0.0
20230828_205214,297,True,20230828_205214,284,True,1.0,0,0.0
20230805_145544,160,True,20230831_141252,301,True,0.0,0,1.0
20230815_055951,185,True,20230907_185744,1940,True,0.0,0,1.0
20230805_191555,237,True,20230805_191555,219,True,1.0,0,0.0
20230831_141252,1066,True,20230805_191555,1105,True,0.0,0,1.0
20230902_060137,1421,True,20230902_060137,1419,True,1.0,0,0.0
20230902_060137,235,True,20230902_060137,1441,True,1.0,0,0.0
20230828_205214,1459,True,20230828_205214,1235,True,1.0,0,0.0
20230805_145544,185,True,20230805_145544,168,True,1.0,0,0.0
20230828_205214,290,True,20230828_205214,1440,True,1.0,0,0.0
20230907_185744,1366,True,20230907_185744,1664,True,1.0,0,0.0
20230902_060137,299,True,20230902_060137,1176,True,1.0,0,0.0
20230807_062216,255,True,20230807_062216,1292,True,1.0,0,0.0
20230907_185744,1558,True,20230907_185744,1680,True,1.0,0,0.0
20230807_062216,247,True,20230902_060137,250,True,0.0,0,1.0
20230902_060137,279,True,20230902_060137,1408,True,1.0,0,0.0
20230902_060137,1436,True,20230902_060137,250,True,1.0,0,0.0
20230902_060137,1176,True,20230902_060137,250,True,1.0,0,0.0
20230805_145141,735,True,20230907_185744,1363,True,0.0,0,1.0
20230828_205214,1235,True,20230828_205214,284,True,1.0,0,0.0
20230907_185744,1566,True,20230907_185744,1524,True,1.0,0,0.0
20230831_141252,254,True,20230831_141252,269,True,1.0,0,0.0
20230902_060137,269,True,20231005_200808,208,True,0.0,0,1.0
20230831_141252,1067,True,20230805_145141,735,True,0.0,0,1.0
20230831_141252,1225,True,20230831_141252,269,True,1.0,0,0.0
20230831_141252,1067,True,20230831_141252,267,True,1.0,0,0.0
20231005_200808,175,True,20230805_145544,193,True,0.0,0,1.0
20230907_185744,1558,True,20230907_185744,1737,True,1.0,0,0.0
20230815_055951,184,True,20230815_055951,221,True,1.0,0,0.0
20230907_185744,1558,True,20230907_185744,1493,True,1.0,0,0.0
20230828_205214,1440,True,20230828_205214,1497,True,1.0,0,0.0
20230907_185744,1412,True,20230907_185744,1571,True,1.0,0,0.0
20230807_062216,214,True,20230807_062216,215,True,1.0,0,0.0
20230807_061410,1603,False,20230807_061410,481,False,1.0,0,0.0
20230907_185744,1558,True,20230907_185744,1906,True,1.0,0,0.0
20230907_185744,1367,True,20230907_185744,252,True,1.0,0,0.0
20230831_053936,274,True,20230805_191555,1103,True,0.0,0,1.0
20230902_060137,267,True,20230902_060137,1397,True,1.0,0,0.0
20230902_054933,208,True,20230807_062216,1286,True,0.0,0,1.0
20230805_145141,998,True,20230831_160214,943,False,0.0,0,1.0
20230907_185744,1558,True,20230907_185744,1460,True,1.0,0,0.0
20230828_205214,1426,True,20230907_185744,1377,True,0.0,0,1.0
20230907_185744,1558,True,20230907_185744,267,True,1.0,0,0.0
20230828_205214,1427,True,20230911_200338,214,False,0.0,0,1.0
20230902_060137,1408,True,20230902_060137,296,True,1.0,0,0.0
20230907_185744,1759,True,20230907_185744,1725,True,1.0,0,0.0
20230907_185744,1826,True,20230907_185744,1891,True,1.0,0,0.0
20230828_205214,290,True,20230828_205214,323,True,1.0,0,0.0
20230828_205214,323,True,20230828_205214,1230,True,1.0,0,0.0
20230907_185744,1407,True,20230907_185744,1680,True,1.0,0,0.0
20231005_200808,175,True,20231005_200808,1091,True,1.0,0,0.0
20230907_185744,1826,True,20230907_185744,1896,True,1.0,0,0.0
20230807_062216,1080,True,20230807_062216,247,True,1.0,0,0.0
20230831_053936,271,True,20230807_062216,222,True,0.0,0,1.0
20230902_060137,1183,True,20230902_060137,1176,True,1.0,0,0.0
20230831_053936,1305,True,20230831_163856,1287,False,0.0,0,1.0
20230828_205214,1446,True,20230828_205214,290,True,1.0,0,0.0
20230831_141252,216,True,20230815_055951,185,True,0.0,0,1.0
20230831_141252,301,True,20230831_141252,1067,True,1.0,0,0.0
20230805_191555,219,True,20230831_053936,231,True,0.0,0,1.0
20230907_185744,1349,True,20230831_141252,267,True,0.0,0,1.0
20230907_185744,1826,True,20230907_185744,284,True,1.0,0,0.0
20230831_053936,1301,True,20230807_062216,253,True,0.0,0,1.0
20230831_141252,1067,True,20230831_163856,1090,False,0.0,0,1.0
20230911_200338,210,False,20230902_054933,1102,True,0.0,0,1.0
20230807_061410,485,False,20230807_061410,473,False,1.0,0,0.0
20230828_205214,1487,True,20230805_191555,215,True,0.0,0,1.0
20230907_185744,1760,True,20230907_185744,1551,True,1.0,0,0.0
20230831_141252,1070,True,20230807_060504,235,True,0.0,0,1.0
20230831_141252,301,True,20230902_060137,1432,True,0.0,0,1.0
20230907_185744,1407,True,20230907_185744,1480,True,1.0,0,0.0
20230831_141252,211,True,20230831_141252,259,True,1.0,0,0.0
20230807_061410,473,False,20230902_060137,1397,True,0.0,0,1.0
20230902_060137,1428,True,20230902_060137,1183,True,1.0,0,0.0
20230807_061410,487,False,20230907_185744,1404,True,0.0,0,1.0
20230805_191555,225,True,20230902_060137,1397,True,0.0,0,1.0
20230805_191555,219,True,20230805_191555,1103,True,1.0,0,0.0
20230902_060137,1421,True,20230907_185744,1760,True,0.0,0,1.0
20230907_185744,1377,True,20230907_185744,1459,True,1.0,0,0.0
20230902_060137,1441,True,20230902_060137,267,True,1.0,0,0.0
20230907_185744,1836,True,20230907_185744,880,True,1.0,0,0.0
20230907_185744,1826,True,20230907_185744,1721,True,1.0,0,0.0
20230805_191555,224,True,20230805_191555,237,True,1.0,0,0.0
20230907_185744,267,True,20230907_185744,845,True,1.0,0,0.0
20230907_185744,1404,True,20230907_185744,1891,True,1.0,0,0.0
20230902_060137,250,True,20230902_060137,1428,True,1.0,0,0.0
20230902_060137,1421,True,20230902_060137,1183,True,1.0,0,0.0
20230902_060137,1183,True,20230902_060137,234,True,1.0,0,0.0
20230907_185744,1349,True,20230907_185744,1913,True,1.0,0,0.0
20230807_061410,474,False,20230805_191555,224,True,0.0,0,1.0
20230907_185744,1412,True,20230907_185744,1664,True,1.0,0,0.0
20230828_205214,1235,True,20230831_141252,216,True,0.0,0,1.0
20230831_053936,231,True,20230807_061410,500,False,0.0,0,1.0
20230828_205214,271,True,20230907_185744,1459,True,0.0,0,1.0
20230902_060137,1176,True,20230902_060137,267,True,1.0,0,0.0
20230805_191555,1106,True,20230805_191555,1105,True,1.0,0,0.0
20230907_185744,1759,True,20230907_185744,231,True,1.0,0,0.0
20230831_141252,211,True,20230831_141252,1066,True,1.0,0,0.0
20230805_191555,199,True,20230807_062216,215,True,0.0,0,1.0
20230831_160214,949,False,20230831_163856,1287,False,0.0,0,1.0
20230805_191555,1105,True,20230831_053936,1305,True,0.0,0,1.0
20230831_141252,211,True,20230831_141252,1218,True,1.0,0,0.0
20230907_185744,1349,True,20230907_185744,1906,True,1.0,0,0.0
20230907_185744,1826,True,20230828_205214,1443,True,0.0,0,1.0
20230907_185744,267,True,20230907_185744,261,True,1.0,0,0.0
20230907_185744,1836,True,20230907_185744,1850,True,1.0,0,0.0
20230807_061410,495,False,20231006_192754,750,True,0.0,0,1.0
20230902_060137,1436,True,20230902_060137,284,True,1.0,0,0.0
20230828_205214,1427,True,20230902_054933,210,True,0.0,0,1.0
20230907_185744,1558,True,20230907_185744,1760,True,1.0,0,0.0
20230911_200338,205,False,20230911_200338,213,False,1.0,0,0.0
20230807_060504,192,True,20230831_162051,181,True,0.0,0,1.0
20230907_185744,1760,True,20230907_185744,1407,True,1.0,0,0.0
20230907_185744,1412,True,20230907_185744,1737,True,1.0,0,0.0
20230907_185744,1940,True,20230907_185744,844,True,1.0,0,0.0
20230907_185744,1349,True,20230907_185744,1892,True,1.0,0,0.0
20230828_205214,1235,True,20230807_060504,192,True,0.0,0,1.0
20230828_205214,1427,True,20230828_205214,271,True,1.0,0,0.0
20231005_200808,1091,True,20230805_145544,152,True,0.0,0,1.0
20230831_141252,1066,True,20230902_054933,229,True,0.0,0,1.0
20231005_200808,175,True,20230815_055951,218,True,0.0,0,1.0
20230902_060137,284,True,20230815_055951,218,True,0.0,0,1.0
20230828_205214,1496,True,20230828_205214,323,True,1.0,0,0.0
20230805_145141,735,True,20230831_053936,274,True,0.0,0,1.0
20230828_205214,1454,True,20230828_205214,1440,True,1.0,0,0.0
20230902_060137,1164,True,20230902_060137,269,True,1.0,0,0.0
20230805_145544,142,True,20230805_145544,156,True,1.0,0,0.0
20230907_185744,1377,True,20230907_185744,1826,True,1.0,0,0.0
20230907_185744,1404,True,20230907_185744,844,True,1.0,0,0.0
20230907_185744,1759,True,20230907_185744,1407,True,1.0,0,0.0
20230907_185744,1367,True,20230907_185744,1593,True,1.0,0,0.0
20230907_185744,1377,True,20230831_053936,1303,True,0.0,0,1.0
20230831_163856,1084,False,20231005_200808,175,True,0.0,0,1.0
20230907_185744,1940,True,20230907_185744,1678,True,1.0,0,0.0
20230815_055951,209,True,20230815_055951,169,True,1.0,0,0.0
20231005_200808,196,True,20230805_145141,703,True,0.0,0,1.0
20230831_141252,1315,True,20230831_141252,1070,True,1.0,0,0.0
20230828_205214,1446,True,20230828_205214,1487,True,1.0,0,0.0
20230907_185744,1363,True,20230907_185744,1891,True,1.0,0,0.0
20230911_200338,195,False,20230815_055951,221,True,0.0,0,1.0
20230907_185744,1399,True,20230907_185744,282,True,1.0,0,0.0
20230907_185744,1404,True,20230907_185744,1497,True,1.0,0,0.0
20230911_200338,213,False,20230911_200338,232,False,1.0,0,0.0
20230828_205214,297,True,20230828_205214,1452,True,1.0,0,0.0
20230831_160214,937,False,20231006_192754,748,True,0.0,0,1.0
20230805_191555,1106,True,20230902_060137,296,True,0.0,0,1.0
20230907_185744,1377,True,20230907_185744,1644,True,1.0,0,0.0
20230907_185744,1367,True,20230907_185744,1826,True,1.0,0,0.0
20230831_141252,275,True,20230831_141252,1317,True,1.0,0,0.0
20230831_141252,259,True,20230831_141252,1070,True,1.0,0,0.0
20230907_185744,1349,True,20230907_185744,1375,True,1.0,0,0.0
20230807_062216,247,True,20230807_062216,223,True,1.0,0,0.0
20231005_200808,208,True,20230815_055951,197,True,0.0,0,1.0
20230911_200338,985,False,20230911_200338,232,False,1.0,0,0.0
20230902_060137,269,True,20230902_060137,1436,True,1.0,0,0.0
20230911_200338,210,False,20230911_200338,985,False,1.0,0,0.0
20230907_185744,1349,True,20230907_185744,255,True,1.0,0,0.0
20230907_185744,1367,True,20230907_185744,1551,True,1.0,0,0.0
20231005_200808,196,True,20230807_061410,493,False,0.0,0,1.0
20230805_191555,225,True,20230828_205214,290,True,0.0,0,1.0
20230831_141252,275,True,20230805_145544,149,True,0.0,0,1.0
20230807_061410,487,False,20230828_205214,1436,True,0.0,0,1.0
20230907_185744,1558,True,20230805_191555,1106,True,0.0,0,1.0
20230807_062216,254,True,20230807_062216,1081,True,1.0,0,0.0
20230902_054933,1102,True,20230831_141252,1315,True,0.0,0,1.0
20231005_200808,1091,True,20230911_200338,213,False,0.0,0,1.0
20230828_205214,271,True,20230902_060137,1164,True,0.0,0,1.0
20230807_062216,1080,True,20230902_060137,224,True,0.0,0,1.0
20230831_141252,267,True,20230831_141252,259,True,1.0,0,0.0
20230907_185744,1412,True,20230907_185744,1407,True,1.0,0,0.0
20230807_062216,202,True,20230807_062216,214,True,1.0,0,0.0
20230907_185744,1558,True,20230907_185744,1725,True,1.0,0,0.0
20230907_185744,1404,True,20230907_185744,260,True,1.0,0,0.0
20230911_200338,213,False,20230911_200338,985,False,1.0,0,0.0
20230831_141252,259,True,20230831_141252,275,True,1.0,0,0.0
20230902_060137,1403,True,20230902_060137,1171,True,1.0,0,0.0
20230907_185744,1399,True,20230907_185744,1404,True,1.0,0,0.0
20230805_145544,1066,True,20230907_185744,1759,True,0.0,0,1.0
20230805_191555,224,True,20230805_191555,215,True,1.0,0,0.0
20230907_185744,1359,True,20230907_185744,1644,True,1.0,0,0.0
20230907_185744,1367,True,20230907_185744,1366,True,1.0,0,0.0
20230907_185744,1399,True,20230907_185744,1518,True,1.0,0,0.0
20230907_185744,1558,True,20230807_060504,250,True,0.0,0,1.0
20230831_141252,1070,True,20230807_061410,1603,False,0.0,0,1.0
20230902_054933,1102,True,20231005_200808,196,True,0.0,0,1.0
20230828_205214,1426,True,20230828_205214,323,True,1.0,0,0.0
20230907_185744,1375,True,20230907_185744,1593,True,1.0,0,0.0
20230815_055951,185,True,20230831_163856,1085,False,0.0,0,1.0
20230907_185744,1404,True,20230907_185744,259,True,1.0,0,0.0
20230807_062216,255,True,20230807_062216,223,True,1.0,0,0.0
20230902_060137,235,True,20230902_060137,1176,True,1.0,0,0.0
20230805_191555,1101,True,20230807_062216,253,True,0.0,0,1.0
20230907_185744,1404,True,20230807_061410,487,False,0.0,0,1.0
20230805_191555,219,True,20230805_191555,198,True,1.0,0,0.0
20230805_191555,224,True,20230911_200338,985,False,0.0,0,1.0
20230831_141252,210,True,20230831_141252,282,True,1.0,0,0.0
20230902_060137,269,True,20230902_060137,1165,True,1.0,0,0.0
20230907_185744,1940,True,20230907_185744,1826,True,1.0,0,0.0
20231005_200808,1091,True,20231005_200808,176,True,1.0,0,0.0
20230831_053936,1303,True,20230831_053936,255,True,1.0,0,0.0
20230805_145141,735,True,20230805_145141,713,True,1.0,0,0.0
20230805_191555,1105,True,20230902_060137,250,True,0.0,0,1.0
20230907_185744,1759,True,20230907_185744,259,True,1.0,0,0.0
20230831_141252,1225,True,20230831_141252,211,True,1.0,0,0.0
20230907_185744,1558,True,20230907_185744,1375,True,1.0,0,0.0
20230907_185744,1558,True,20230907_185744,270,True,1.0,0,0.0
20230907_185744,1349,True,20230907_185744,293,True,1.0,0,0.0
20230828_205214,271,True,20230828_205214,1459,True,1.0,0,0.0
20230815_055951,209,True,20230815_055951,185,True,1.0,0,0.0
20230907_185744,1377,True,20230807_060504,235,True,0.0,0,1.0
20231005_200808,208,True,20230807_062216,223,True,0.0,0,1.0
20230907_185744,1377,True,20230831_160214,943,False,0.0,0,1.0
20230828_205214,1454,True,20230828_205214,1465,True,1.0,0,0.0
20230907_185744,1566,True,20230907_185744,1521,True,1.0,0,0.0
20230815_055951,179,True,20230815_055951,185,True,1.0,0,0.0
20230807_061410,473,False,20230807_062216,1283,True,0.0,0,1.0
20230828_205214,1436,True,20230828_205214,1446,True,1.0,0,0.0
20230902_060137,224,True,20230902_060137,269,True,1.0,0,0.0
20230907_185744,1412,True,20230907_185744,1367,True,1.0,0,0.0
20230902_060137,234,True,20230902_060137,1165,True,1.0,0,0.0
20230828_205214,286,True,20230828_205214,1235,True,1.0,0,0.0
20230902_060137,1408,True,20230902_060137,299,True,1.0,0,0.0
20230805_145141,710,True,20230805_145141,713,True,1.0,0,0.0
20230828_205214,1230,True,20230828_205214,1496,True,1.0,0,0.0
20230902_060137,284,True,20230902_060137,1436,True,1.0,0,0.0
20230828_205214,1235,True,20230828_205214,1465,True,1.0,0,0.0
20230907_185744,1359,True,20230907_185744,1673,True,1.0,0,0.0
20230807_061410,495,False,20230807_061410,481,False,1.0,0,0.0
20230805_145544,178,True,20230907_185744,1363,True,0.0,0,1.0
20230831_141252,295,True,20230831_141252,281,True,1.0,0,0.0
20230907_185744,1412,True,20230907_185744,1661,True,1.0,0,0.0
20230828_205214,323,True,20230828_205214,1446,True,1.0,0,0.0
20230907_185744,1940,True,20230907_185744,1721,True,1.0,0,0.0
20230907_185744,1826,True,20230907_185744,1407,True,1.0,0,0.0
20230902_060137,281,True,20230902_054933,208,True,0.0,0,1.0
20230831_141252,211,True,20230831_141252,1227,True,1.0,0,0.0
20230828_205214,284,True,20230828_205214,323,True,1.0,0,0.0
20230807_061410,500,False,20230911_200338,205,False,0.0,0,1.0
20230907_185744,1412,True,20230907_185744,1678,True,1.0,0,0.0
20230805_145544,1066,True,20230815_055951,209,True,0.0,0,1.0
20230911_200338,205,False,20230831_141252,211,True,0.0,0,1.0
20230805_145544,156,True,20230902_060137,296,True,0.0,0,1.0
20230907_185744,1349,True,20230907_185744,1643,True,1.0,0,0.0
20230907_185744,1377,True,20230907_185744,1682,True,1.0,0,0.0
20230828_205214,1443,True,20230828_205214,1446,True,1.0,0,0.0
20230828_205214,1426,True,20230828_205214,1235,True,1.0,0,0.0
20230805_191555,237,True,20230807_062216,223,True,0.0,0,1.0
20230907_185744,1566,True,20230907_185744,1644,True,1.0,0,0.0
20230828_205214,1436,True,20230828_205214,1487,True,1.0,0,0.0
20230831_141252,282,True,20230831_141252,210,True,1.0,0,0.0
20230831_141252,1070,True,20230831_141252,1225,True,1.0,0,0.0
20231005_200808,196,True,20230831_053936,271,True,0.0,0,1.0
20230828_205214,271,True,20230828_205214,311,True,1.0,0,0.0
20230831_160214,943,False,20230831_160214,937,False,1.0,0,0.0
20230907_185744,1759,True,20230907_185744,1489,True,1.0,0,0.0
20231005_200808,208,True,20230828_205214,1436,True,0.0,0,1.0
20230907_185744,1399,True,20230907_185744,1525,True,1.0,0,0.0
20230828_205214,1436,True,20230907_185744,1404,True,0.0,0,1.0
20230907_185744,1940,True,20230907_185744,252,True,1.0,0,0.0
20230828_205214,296,True,20230828_205214,1426,True,1.0,0,0.0
20230831_141252,288,True,20230831_141252,1218,True,1.0,0,0.0
20230815_055951,180,True,20230911_200338,235,False,0.0,0,1.0
20230907_185744,1377,True,20230907_185744,1349,True,1.0,0,0.0
20230815_055951,185,True,20230807_060504,192,True,0.0,0,1.0
20230831_053936,231,True,20230805_145544,168,True,0.0,0,1.0
20230907_185744,1566,True,20230805_145544,168,True,0.0,0,1.0
20230815_055951,185,True,20231006_192754,750,True,0.0,0,1.0
20230907_185744,1940,True,20230907_185744,1479,True,1.0,0,0.0
20230907_185744,1836,True,20230907_185744,291,True,1.0,0,0.0
20230805_145141,706,True,20230805_145141,730,True,1.0,0,0.0
20230902_054933,1102,True,20230902_054933,210,True,1.0,0,0.0
20230902_060137,279,True,20230815_055951,185,True,0.0,0,1.0
20230805_191555,1101,True,20230807_061410,495,False,0.0,0,1.0
20230831_053936,1301,True,20230911_200338,213,False,0.0,0,1.0
20230902_060137,1171,True,20230902_060137,281,True,1.0,0,0.0
20230902_060137,1398,True,20230907_185744,845,True,0.0,0,1.0
20230807_061410,493,False,20230807_061410,487,False,1.0,0,0.0
20230831_053936,255,True,20230831_053936,274,True,1.0,0,0.0
20230907_185744,1940,True,20230907_185744,1369,True,1.0,0,0.0
20230911_200338,195,False,20230902_060137,1432,True,0.0,0,1.0
20230902_060137,279,True,20230807_061410,495,False,0.0,0,1.0
20230907_185744,1363,True,20230907_185744,1932,True,1.0,0,0.0
20230911_200338,205,False,20230911_200338,195,False,1.0,0,0.0
20230902_060137,1421,True,20230902_060137,299,True,1.0,0,0.0
20230828_205214,1465,True,20230828_205214,1497,True,1.0,0,0.0
20230815_055951,179,True,20230815_055951,209,True,1.0,0,0.0
20230831_141252,267,True,20230831_141252,1225,True,1.0,0,0.0
20230902_060137,1398,True,20230902_060137,1403,True,1.0,0,0.0
20230902_060137,1419,True,20230902_060137,235,True,1.0,0,0.0
20230828_205214,1446,True,20230828_205214,1436,True,1.0,0,0.0
20230902_060137,1441,True,20230902_060137,299,True,1.0,0,0.0
20230907_185744,1940,True,20230831_053936,1301,True,0.0,0,1.0
20230902_060137,1397,True,20230902_060137,234,True,1.0,0,0.0
20231006_192754,750,True,20230902_054933,1103,True,0.0,0,1.0
20230907_185744,267,True,20230907_185744,1737,True,1.0,0,0.0
20230907_185744,1566,True,20230907_185744,261,True,1.0,0,0.0
20230828_205214,311,True,20230828_205214,1454,True,1.0,0,0.0
20230907_185744,1349,True,20230907_185744,259,True,1.0,0,0.0
20230831_163856,1085,False,20230807_061410,495,False,0.0,0,1.0
20230805_145544,142,True,20230805_145544,1066,True,1.0,0,0.0
20230831_141252,267,True,20230831_141252,1227,True,1.0,0,0.0
20230907_185744,1571,True,20230907_185744,1369,True,1.0,0,0.0
20230831_053936,1305,True,20230911_200338,987,False,0.0,0,1.0
20230831_141252,295,True,20230807_062216,1289,True,0.0,0,1.0
20230907_185744,1759,True,20230907_185744,252,True,1.0,0,0.0
20230907_185744,1826,True,20230907_185744,1367,True,1.0,0,0.0
20230907_185744,1367,True,20230907_185744,845,True,1.0,0,0.0
20230805_145544,152,True,20230831_160214,934,False,0.0,0,1.0
20230907_185744,1349,True,20230907_185744,1891,True,1.0,0,0.0
20230902_060137,235,True,20230902_060137,1432,True,1.0,0,0.0
20230902_060137,250,True,20230902_060137,1432,True,1.0,0,0.0
20230902_060137,267,True,20230902_060137,1165,True,1.0,0,0.0
20230831_053936,271,True,20230831_053936,1303,True,1.0,0,0.0
20230807_062216,223,True,20230902_060137,269,True,0.0,0,1.0
20231005_200808,1091,True,20231006_192754,750,True,0.0,0,1.0
20230831_141252,211,True,20230807_060504,1412,True,0.0,0,1.0
20230831_053936,255,True,20230807_062216,1081,True,0.0,0,1.0
20230831_053936,271,True,20230831_053936,231,True,1.0,0,0.0
20230828_205214,1455,True,20230828_205214,1452,True,1.0,0,0.0
20230831_053936,1304,True,20230805_191555,237,True,0.0,0,1.0
20230831_141252,267,True,20230831_141252,210,True,1.0,0,0.0
20230907_185744,1412,True,20230907_185744,1855,True,1.0,0,0.0
20230815_055951,180,True,20230805_145544,149,True,0.0,0,1.0
20230828_205214,1235,True,20230828_205214,1454,True,1.0,0,0.0
20230831_141252,275,True,20230831_141252,288,True,1.0,0,0.0
20230805_145544,142,True,20230911_200338,204,False,0.0,0,1.0
20230831_053936,231,True,20230831_053936,271,True,1.0,0,0.0
20230911_200338,214,False,20230911_200338,204,False,1.0,0,0.0
20230831_141252,259,True,20230831_141252,1227,True,1.0,0,0.0
20230902_060137,281,True,20230902_060137,1450,True,1.0,0,0.0
20230828_205214,296,True,20230828_205214,1231,True,1.0,0,0.0
20231006_192754,750,True,20230805_191555,1101,True,0.0,0,1.0
20230911_200338,1244,False,20230911_200338,205,False,1.0,0,0.0
20230907_185744,1407,True,20230907_185744,322,True,1.0,0,0.0
20230807_061410,485,False,20230807_062216,247,True,0.0,0,1.0
20230907_185744,1375,True,20230907_185744,1828,True,1.0,0,0.0
20230805_145544,178,True,20230828_205214,1427,True,0.0,0,1.0
20230907_185744,1558,True,20230907_185744,1643,True,1.0,0,0.0
20230902_060137,1397,True,20230902_060137,1398,True,1.0,0,0.0
20230907_185744,1760,True,20230907_185744,1363,True,1.0,0,0.0
20230907_185744,267,True,20230907_185744,1725,True,1.0,0,0.0
20230907_185744,267,True,20230907_185744,1896,True,1.0,0,0.0
20230831_163856,1084,False,20230815_055951,218,True,0.0,0,1.0
20230828_205214,1465,True,20230828_205214,1446,True,1.0,0,0.0
20230828_205214,1446,True,20230828_205214,311,True,1.0,0,0.0
20230807_062216,247,True,20230807_062216,254,True,1.0,0,0.0
20230805_145544,156,True,20230831_141252,1315,True,0.0,0,1.0
20230828_205214,1496,True,20230828_205214,1440,True,1.0,0,0.0
20230831_053936,1304,True,20230902_054933,224,True,0.0,0,1.0
20230907_185744,1399,True,20230907_185744,1367,True,1.0,0,0.0
20230902_060137,1436,True,20230902_060137,224,True,1.0,0,0.0
20230907_185744,1571,True,20230907_185744,1558,True,1.0,0,0.0
20230831_141252,210,True,20231005_200808,191,True,0.0,0,1.0
20230907_185744,1407,True,20230907_185744,1723,True,1.0,0,0.0
20230902_060137,234,True,20230902_060137,1432,True,1.0,0,0.0
20230911_200338,229,False,20231006_192754,763,True,0.0,0,1.0
20230907_185744,1404,True,20230907_185744,1518,True,1.0,0,0.0
20230907_185744,1566,True,20230907_185744,845,True,1.0,0,0.0
20230831_141252,295,True,20230831_141252,1066,True,1.0,0,0.0
20230828_205214,1452,True,20230828_205214,1427,True,1.0,0,0.0
20230831_141252,216,True,20230828_205214,1235,True,0.0,0,1.0
20230831_053936,1303,True,20230831_053936,1298,True,1.0,0,0.0
20230831_141252,1218,True,20230831_141252,211,True,1.0,0,0.0
20230902_060137,1432,True,20230902_060137,1421,True,1.0,0,0.0
20230907_185744,1367,True,20230907_185744,260,True,1.0,0,0.0
20230907_185744,1940,True,20230907_185744,1493,True,1.0,0,0.0
20230911_200338,987,False,20230902_060137,250,True,0.0,0,1.0
20230828_205214,1465,True,20230828_205214,1436,True,1.0,0,0.0
20230831_141252,275,True,20230828_205214,1452,True,0.0,0,1.0
20230907_185744,1367,True,20230907_185744,1518,True,1.0,0,0.0
20230831_053936,1305,True,20230902_054933,229,True,0.0,0,1.0
20230831_141252,288,True,20230831_141252,295,True,1.0,0,0.0
20230828_205214,271,True,20230828_205214,1418,True,1.0,0,0.0
20230805_191555,201,True,20230805_191555,1106,True,1.0,0,0.0
20230807_062216,1080,True,20230807_062216,255,True,1.0,0,0.0
20230907_185744,1558,True,20230907_185744,1891,True,1.0,0,0.0
20230831_141252,1067,True,20230815_055951,191,True,0.0,0,1.0
20230907_185744,1375,True,20230907_185744,1537,True,1.0,0,0.0
20230807_060504,250,True,20230807_062216,222,True,0.0,0,1.0
20230807_061410,481,False,20230807_061410,500,False,1.0,0,0.0
20230902_060137,235,True,20230831_141252,1227,True,0.0,0,1.0
20230815_055951,191,True,20230807_061410,481,False,0.0,0,1.0
20230805_145544,160,True,20230828_205214,1487,True,0.0,0,1.0
20230907_185744,1366,True,20230907_185744,1367,True,1.0,0,0.0
20230831_141252,275,True,20230911_200338,235,False,0.0,0,1.0
20230902_060137,1432,True,20230902_060137,1164,True,1.0,0,0.0
20230907_185744,1571,True,20230907_185744,1349,True,1.0,0,0.0
20230828_205214,1487,True,20230805_145544,160,True,0.0,0,1.0
20230831_141252,269,True,20230831_141252,254,True,1.0,0,0.0
20230828_205214,1231,True,20230902_060137,296,True,0.0,0,1.0
20230902_060137,281,True,20230805_145544,143,True,0.0,0,1.0
20230902_054933,208,True,20230911_200338,985,False,0.0,0,1.0
20230831_141252,267,True,20230831_141252,301,True,1.0,0,0.0
20231005_200808,191,True,20230807_060504,248,True,0.0,0,1.0
20230911_200338,210,False,20230911_200338,229,False,1.0,0,0.0
20230907_185744,1399,True,20230907_185744,1698,True,1.0,0,0.0
20230805_145544,152,True,20230805_145544,149,True,1.0,0,0.0
20230907_185744,1407,True,20230805_191555,198,True,0.0,0,1.0
20230828_205214,1446,True,20230907_185744,1407,True,0.0,0,1.0
20230907_185744,1349,True,20230907_185744,1479,True,1.0,0,0.0
20230831_141252,254,True,20230831_141252,1066,True,1.0,0,0.0
20230831_163856,1066,False,20230807_061410,487,False,0.0,0,1.0
20230807_061410,473,False,20230807_061410,495,False,1.0,0,0.0
20230907_185744,1349,True,20230907_185744,261,True,1.0,0,0.0
20230828_205214,1455,True,20230828_205214,290,True,1.0,0,0.0
20230911_200338,210,False,20230911_200338,204,False,1.0,0,0.0
20230807_062216,255,True,20230807_062216,210,True,1.0,0,0.0
20231005_200808,1091,True,20231005_200808,208,True,1.0,0,0.0
20230815_055951,169,True,20230815_055951,180,True,1.0,0,0.0
20230805_145544,185,True,20230831_160214,949,False,0.0,0,1.0
20230907_185744,1375,True,20230907_185744,1551,True,1.0,0,0.0
20230828_205214,323,True,20230828_205214,1440,True,1.0,0,0.0
20230807_062216,202,True,20230807_062216,255,True,1.0,0,0.0
20230828_205214,1459,True,20230828_205214,1427,True,1.0,0,0.0
20230805_145544,193,True,20230807_061410,1603,False,0.0,0,1.0
20230902_054933,1103,True,20230831_160214,934,False,0.0,0,1.0
20231005_200808,183,True,20231005_200808,176,True,1.0,0,0.0
20230807_062216,1286,True,20230807_062216,1283,True,1.0,0,0.0
20230828_205214,286,True,20230828_205214,1474,True,1.0,0,0.0
20230828_205214,1443,True,20230828_205214,1436,True,1.0,0,0.0
20230828_205214,271,True,20230828_205214,1436,True,1.0,0,0.0
20230902_060137,1397,True,20230902_060137,1164,True,1.0,0,0.0
20231005_200808,208,True,20230831_163856,1066,False,0.0,0,1.0
20230831_141252,1218,True,20230831_141252,210,True,1.0,0,0.0
20230831_053936,255,True,20230902_060137,1432,True,0.0,0,1.0
20230805_191555,201,True,20230805_191555,237,True,1.0,0,0.0
20230907_185744,1363,True,20230907_185744,1518,True,1.0,0,0.0
20230828_205214,323,True,20230828_205214,1487,True,1.0,0,0.0
20230907_185744,1759,True,20230907_185744,1497,True,1.0,0,0.0
20230807_060504,1412,True,20230807_060504,250,True,1.0,0,0.0
20230815_055951,169,True,20230805_191555,219,True,0.0,0,1.0
20230907_185744,1399,True,20230907_185744,1363,True,1.0,0,0.0
20230828_205214,290,True,20230815_055951,209,True,0.0,0,1.0
20230828_205214,1427,True,20230828_205214,1443,True,1.0,0,0.0
20230828_205214,296,True,20230828_205214,290,True,1.0,0,0.0
20230831_163856,1090,False,20230807_061410,481,False,0.0,0,1.0
20230805_145544,143,True,20230805_145544,168,True,1.0,0,0.0
20230815_055951,185,True,20230815_055951,209,True,1.0,0,0.0
20230807_062216,247,True,20230831_163856,1287,False,0.0,0,1.0
20230831_163856,1084,False,20230902_054933,207,True,0.0,0,1.0
20230907_185744,1399,True,20230907_185744,1678,True,1.0,0,0.0
20230902_060137,224,True,20230902_060137,281,True,1.0,0,0.0
20230805_145544,149,True,20230911_200338,235,False,0.0,0,1.0
20230805_145544,152,True,20230815_055951,185,True,0.0,0,1.0
20230907_185744,1826,True,20230907_185744,1848,True,1.0,0,0.0
20230907_185744,1836,True,20230907_185744,1479,True,1.0,0,0.0
20230902_060137,1397,True,20230902_060137,1176,True,1.0,0,0.0
20230831_053936,271,True,20230911_200338,210,False,0.0,0,1.0
20230907_185744,267,True,20230907_185744,1848,True,1.0,0,0.0
20230807_060504,235,True,20230807_060504,248,True,1.0,0,0.0
20230807_060504,235,True,20230807_060504,244,True,1.0,0,0.0
20230831_141252,1227,True,20230831_141252,295,True,1.0,0,0.0
20230911_200338,985,False,20230902_060137,281,True,0.0,0,1.0
20230805_191555,1103,True,20230805_191555,1105,True,1.0,0,0.0
20230831_163856,1287,False,20230831_163856,1282,False,1.0,0,0.0
20230807_061410,485,False,20230902_060137,250,True,0.0,0,1.0
20230807_060504,235,True,20230911_200338,229,False,0.0,0,1.0
20230907_185744,1377,True,20231005_200808,175,True,0.0,0,1.0
20230805_145141,735,True,20230902_060137,1450,True,0.0,0,1.0
20230815_055951,182,True,20230807_061410,474,False,0.0,0,1.0
20230902_060137,1403,True,20230902_060137,1165,True,1.0,0,0.0
20230828_205214,1230,True,20230828_205214,1418,True,1.0,0,0.0
20230907_185744,1940,True,20230907_185744,1460,True,1.0,0,0.0
20230902_060137,1398,True,20230902_060137,284,True,1.0,0,0.0
20230807_062216,222,True,20230805_145141,703,True,0.0,0,1.0
20230828_205214,1426,True,20231005_200808,175,True,0.0,0,1.0
20230831_053936,1301,True,20230831_053936,1303,True,1.0,0,0.0
20230807_062216,202,True,20230807_062216,1292,True,1.0,0,0.0
20230831_141252,259,True,20230911_200338,232,False,0.0,0,1.0
20230907_185744,1404,True,20230907_185744,1906,True,1.0,0,0.0
20230807_061410,485,False,20231005_200808,183,True,0.0,0,1.0
20230805_191555,237,True,20230907_185744,1404,True,0.0,0,1.0
20230907_185744,1349,True,20230907_185744,1896,True,1.0,0,0.0
20230805_191555,1105,True,20230807_061410,485,False,0.0,0,1.0
20230902_060137,1441,True,20230902_060137,279,True,1.0,0,0.0
20230902_060137,1164,True,20230902_060137,1413,True,1.0,0,0.0
20230807_060504,192,True,20230805_145141,730,True,0.0,0,1.0
20230805_145544,160,True,20230815_055951,221,True,0.0,0,1.0
20230902_060137,1165,True,20230902_060137,269,True,1.0,0,0.0
20230807_060504,235,True,20230805_145544,193,True,0.0,0,1.0
20230907_185744,1366,True,20230907_185744,1489,True,1.0,0,0.0
20230828_205214,1454,True,20230828_205214,1474,True,1.0,0,0.0
20230831_053936,274,True,20230831_053936,1305,True,1.0,0,0.0
20230831_160214,937,False,20230831_141252,1067,True,0.0,0,1.0
20230805_191555,224,True,20230902_054933,208,True,0.0,0,1.0
20230828_205214,1426,True,20230828_205214,1497,True,1.0,0,0.0
20230805_145544,1066,True,20230805_145544,160,True,1.0,0,0.0
20230805_145141,713,True,20230902_054933,208,True,0.0,0,1.0
20230807_061410,500,False,20230902_060137,1441,True,0.0,0,1.0
20230907_185744,1359,True,20230907_185744,244,True,1.0,0,0.0
20230902_060137,1397,True,20230831_141252,288,True,0.0,0,1.0
20230907_185744,1760,True,20230907_185744,1828,True,1.0,0,0.0
20230907_185744,1412,True,20230902_060137,281,True,0.0,0,1.0
20230805_145544,143,True,20230805_145544,193,True,1.0,0,0.0
20230807_062216,1292,True,20230911_200338,205,False,0.0,0,1.0
20230907_185744,1566,True,20230907_185744,1377,True,1.0,0,0.0
20230805_145141,716,True,20230805_145141,730,True,1.0,0,0.0
20230902_060137,1419,True,20230828_205214,1446,True,0.0,0,1.0
20230907_185744,1412,True,20230907_185744,231,True,1.0,0,0.0
20230831_053936,1303,True,20231005_200808,175,True,0.0,0,1.0
20230907_185744,1826,True,20230907_185744,261,True,1.0,0,0.0
20230807_062216,253,True,20230902_054933,1103,True,0.0,0,1.0
20230807_060504,250,True,20230807_060504,192,True,1.0,0,0.0
20230907_185744,1412,True,20230907_185744,860,True,1.0,0,0.0
20230907_185744,1375,True,20230907_185744,1937,True,1.0,0,0.0
20230805_191555,215,True,20230828_205214,1487,True,0.0,0,1.0
20230828_205214,323,True,20230831_141252,1220,True,0.0,0,1.0
20230831_141252,169,True,20230831_141252,254,True,1.0,0,0.0
20230828_205214,1427,True,20230828_205214,286,True,1.0,0,0.0
20230828_205214,1418,True,20230807_061410,485,False,0.0,0,1.0
20230831_141252,1227,True,20230831_141252,169,True,1.0,0,0.0
20230907_185744,1377,True,20230907_185744,244,True,1.0,0,0.0
20230907_185744,1940,True,20230907_185744,1926,True,1.0,0,0.0
20230907_185744,1366,True,20230907_185744,845,True,1.0,0,0.0
20230902_054933,210,True,20231006_192754,748,True,0.0,0,1.0
20230831_141252,301,True,20230828_205214,1487,True,0.0,0,1.0
20230805_191555,1101,True,20230831_141252,216,True,0.0,0,1.0
20230805_191555,199,True,20230805_191555,1105,True,1.0,0,0.0
20230828_205214,284,True,20230828_205214,1452,True,1.0,0,0.0
20230828_205214,1436,True,20230828_205214,323,True,1.0,0,0.0
20230902_054933,229,True,20230807_060504,256,True,0.0,0,1.0
20230911_200338,232,False,20230911_200338,229,False,1.0,0,0.0
20230831_141252,1225,True,20230831_141252,1315,True,1.0,0,0.0
20230907_185744,1836,True,20230907_185744,860,True,1.0,0,0.0
20230907_185744,1412,True,20230907_185744,1937,True,1.0,0,0.0
20230907_185744,1367,True,20230907_185744,270,True,1.0,0,0.0
20230907_185744,1760,True,20230907_185744,1934,True,1.0,0,0.0
20230907_185744,1359,True,20230907_185744,1493,True,1.0,0,0.0
20230805_191555,1117,True,20230805_191555,219,True,1.0,0,0.0
20230815_055951,209,True,20230815_055951,197,True,1.0,0,0.0
20230831_141252,1317,True,20230831_141252,288,True,1.0,0,0.0
20230805_191555,224,True,20230805_191555,225,True,1.0,0,0.0
20230902_060137,279,True,20230902_060137,1183,True,1.0,0,0.0
20230907_185744,1366,True,20230907_185744,1895,True,1.0,0,0.0
20231005_200808,1091,True,20230807_062216,253,True,0.0,0,1.0
20230805_145141,716,True,20230805_145544,185,True,0.0,0,1.0
20230902_060137,1441,True,20230828_205214,284,True,0.0,0,1.0
20230907_185744,1399,True,20230907_185744,1566,True,1.0,0,0.0
20230815_055951,180,True,20230831_141252,275,True,0.0,0,1.0
20230902_060137,1428,True,20230902_060137,250,True,1.0,0,0.0
20230831_163856,1287,False,20230831_141252,1066,True,0.0,0,1.0
20230911_200338,213,False,20230911_200338,210,False,1.0,0,0.0
20230831_053936,1305,True,20230831_053936,231,True,1.0,0,0.0
20230807_061410,473,False,20230807_061410,481,False,1.0,0,0.0
20230831_160214,937,False,20230902_060137,1450,True,0.0,0,1.0
20230831_162051,181,True,20230902_054933,1103,True,0.0,0,1.0
20230831_160214,937,False,20230831_162051,192,True,0.0,0,1.0
20230828_205214,1497,True,20230828_205214,1230,True,1.0,0,0.0
20230805_191555,224,True,20231005_200808,191,True,0.0,0,1.0
20230831_162051,178,True,20230831_141252,1070,True,0.0,0,1.0
20230805_145544,143,True,20230831_053936,1298,True,0.0,0,1.0
20230907_185744,1363,True,20230907_185744,1661,True,1.0,0,0.0
20230907_185744,1359,True,20230907_185744,1664,True,1.0,0,0.0
20230907_185744,1760,True,20230907_185744,1460,True,1.0,0,0.0
20230902_054933,210,True,20230831_163856,1090,False,0.0,0,1.0
20230815_055951,221,True,20230815_055951,182,True,1.0,0,0.0
20230828_205214,1231,True,20230828_205214,1465,True,1.0,0,0.0
20230907_185744,1349,True,20230907_185744,844,True,1.0,0,0.0
20230831_163856,1066,False,20230805_145544,142,True,0.0,0,1.0
20230807_062216,202,True,20230902_060137,1419,True,0.0,0,1.0
20230805_145544,1066,True,20230805_145544,185,True,1.0,0,0.0
20230805_145141,703,True,20230831_053936,271,True,0.0,0,1.0
20230831_053936,1305,True,20230807_061410,485,False,0.0,0,1.0
20230805_145141,730,True,20230831_053936,1301,True,0.0,0,1.0
20231005_200808,208,True,20230911_200338,204,False,0.0,0,1.0
20230907_185744,1363,True,20230907_185744,1521,True,1.0,0,0.0
20230831_141252,281,True,20230831_141252,1066,True,1.0,0,0.0
20230907_185744,1571,True,20230907_185744,1836,True,1.0,0,0.0
20230907_185744,1363,True,20230907_185744,1828,True,1.0,0,0.0
20230807_062216,223,True,20230902_054933,224,True,0.0,0,1.0
20230805_191555,201,True,20230805_191555,224,True,1.0,0,0.0
20230828_205214,1418,True,20230911_200338,987,False,0.0,0,1.0
20230805_145544,193,True,20231006_192754,763,True,0.0,0,1.0
20230828_205214,1459,True,20230828_205214,1418,True,1.0,0,0.0
20230907_185744,1363,True,20230907_185744,1737,True,1.0,0,0.0
20230902_054933,210,True,20230902_054933,1102,True,1.0,0,0.0
20230902_060137,296,True,20230902_060137,284,True,1.0,0,0.0
20230807_060504,1412,True,20230902_060137,1441,True,0.0,0,1.0
20230907_185744,1836,True,20230907_185744,1935,True,1.0,0,0.0
20230911_200338,204,False,20230805_191555,237,True,0.0,0,1.0
20230831_141252,1066,True,20230828_205214,1418,True,0.0,0,1.0
20230902_060137,279,True,20230902_060137,1164,True,1.0,0,0.0
20230831_160214,934,False,20230902_054933,1103,True,0.0,0,1.0
20230805_191555,1103,True,20230828_205214,1427,True,0.0,0,1.0
20230907_185744,1571,True,20230907_185744,1355,True,1.0,0,0.0
20230902_060137,1176,True,20230907_185744,1664,True,0.0,0,1.0
20230828_205214,1487,True,20230828_205214,1418,True,1.0,0,0.0
20230907_185744,1375,True,20230907_185744,1929,True,1.0,0,0.0
20230902_060137,279,True,20230902_060137,1441,True,1.0,0,0.0
20230907_185744,1826,True,20230907_185744,1664,True,1.0,0,0.0
20230902_060137,226,True,20230902_060137,224,True,1.0,0,0.0
20230828_205214,1496,True,20230828_205214,1455,True,1.0,0,0.0
20230907_185744,267,True,20230907_185744,1937,True,1.0,0,0.0
20230831_160214,937,False,20230807_062216,254,True,0.0,0,1.0
20230902_060137,269,True,20230831_163856,1066,False,0.0,0,1.0
20230828_205214,296,True,20230828_205214,1418,True,1.0,0,0.0
20230807_062216,214,True,20230815_055951,211,True,0.0,0,1.0
20230828_205214,1427,True,20230828_205214,1465,True,1.0,0,0.0
20230907_185744,1407,True,20230907_185744,1399,True,1.0,0,0.0
20230907_185744,1366,True,20230907_185744,244,True,1.0,0,0.0
20230805_191555,204,True,20230805_191555,201,True,1.0,0,0.0
20230902_060137,1176,True,20230831_141252,269,True,0.0,0,1.0
20230907_185744,1349,True,20230907_185744,1571,True,1.0,0,0.0
20230807_062216,247,True,20230815_055951,184,True,0.0,0,1.0
20230805_145141,998,True,20230807_062216,255,True,0.0,0,1.0
20230807_060504,235,True,20230807_060504,256,True,1.0,0,0.0
20230805_191555,204,True,20230805_191555,1101,True,1.0,0,0.0
20230902_060137,267,True,20230902_060137,1428,True,1.0,0,0.0
20230907_185744,1760,True,20230907_185744,1826,True,1.0,0,0.0
20230907_185744,1375,True,20230911_200338,235,False,0.0,0,1.0
20230815_055951,185,True,20230807_061410,495,False,0.0,0,1.0
20230907_185744,1366,True,20230907_185744,1725,True,1.0,0,0.0
20230907_185744,1363,True,20230902_054933,210,True,0.0,0,1.0
20230907_185744,1366,True,20230907_185744,252,True,1.0,0,0.0
20230805_145141,716,True,20230907_185744,1571,True,0.0,0,1.0
20230907_185744,1366,True,20230907_185744,1721,True,1.0,0,0.0
20230907_185744,1367,True,20230907_185744,1698,True,1.0,0,0.0
20230807_060504,248,True,20230807_061410,474,False,0.0,0,1.0
20230831_141252,1067,True,20230831_141252,216,True,1.0,0,0.0
20230815_055951,218,True,20231006_192754,763,True,0.0,0,1.0
20230828_205214,296,True,20230828_205214,1465,True,1.0,0,0.0
20230807_062216,1289,True,20230807_062216,1292,True,1.0,0,0.0
20230907_185744,1399,True,20230907_185744,323,True,1.0,0,0.0
20230907_185744,1412,True,20230907_185744,1721,True,1.0,0,0.0
20230911_200338,232,False,20230907_185744,1407,True,0.0,0,1.0
20230807_062216,1289,True,20230807_062216,210,True,1.0,0,0.0
20230907_185744,1359,True,20230907_185744,282,True,1.0,0,0.0
20230907_185744,1760,True,20230907_185744,323,True,1.0,0,0.0
20230831_163856,1085,False,20230828_205214,1235,True,0.0,0,1.0
20230907_185744,1412,True,20230907_185744,1895,True,1.0,0,0.0
20230831_053936,274,True,20230831_141252,1067,True,0.0,0,1.0
20230805_145141,703,True,20230805_145141,730,True,1.0,0,0.0
20230907_185744,1566,True,20230907_185744,1643,True,1.0,0,0.0
20230831_141252,282,True,20230831_141252,1067,True,1.0,0,0.0
20230807_062216,222,True,20230831_163856,1282,False,0.0,0,1.0
20230828_205214,1454,True,20230828_205214,290,True,1.0,0,0.0
20230907_185744,1407,True,20230907_185744,1932,True,1.0,0,0.0
20230815_055951,197,True,20230815_055951,169,True,1.0,0,0.0
20231005_200808,175,True,20230831_141252,1070,True,0.0,0,1.0
20230807_062216,222,True,20230807_062216,214,True,1.0,0,0.0
20230907_185744,1760,True,20230807_062216,1289,True,0.0,0,1.0
20230902_060137,1428,True,20230902_060137,1436,True,1.0,0,0.0
20230807_062216,1292,True,20230807_062216,210,True,1.0,0,0.0
20230828_205214,323,True,20230828_205214,1474,True,1.0,0,0.0
20230902_060137,269,True,20230828_205214,1436,True,0.0,0,1.0
20230907_185744,1407,True,20230907_185744,1349,True,1.0,0,0.0
20230831_141252,259,True,20230907_185744,1407,True,0.0,0,1.0
20230831_141252,211,True,20230831_141252,1070,True,1.0,0,0.0
20230902_060137,1419,True,20230902_060137,234,True,1.0,0,0.0
20230831_053936,1301,True,20230805_191555,1101,True,0.0,0,1.0
20230902_054933,207,True,20230902_054933,210,True,1.0,0,0.0
20230907_185744,1366,True,20230907_185744,1643,True,1.0,0,0.0
20230902_060137,250,True,20230831_160214,949,False,0.0,0,1.0
20230807_061410,495,False,20230805_145141,730,True,0.0,0,1.0
20230805_145141,730,True,20230805_145141,713,True,1.0,0,0.0
20231005_200808,175,True,20230831_053936,1303,True,0.0,0,1.0
20230911_200338,232,False,20230911_200338,985,False,1.0,0,0.0
20230831_053936,1301,True,20230902_060137,279,True,0.0,0,1.0
20230831_141252,254,True,20230831_141252,210,True,1.0,0,0.0
20230805_145544,156,True,20230815_055951,179,True,0.0,0,1.0
20230907_185744,1366,True,20230907_185744,1479,True,1.0,0,0.0
20230807_062216,247,True,20230807_062216,214,True,1.0,0,0.0
20231006_192754,748,True,20230805_145544,178,True,0.0,0,1.0
20230815_055951,169,True,20230815_055951,211,True,1.0,0,0.0
20230805_145544,142,True,20231005_200808,208,True,0.0,0,1.0
20230831_141252,211,True,20230902_060137,1441,True,0.0,0,1.0
20230828_205214,1235,True,20230911_200338,213,False,0.0,0,1.0
20230831_141252,169,True,20230831_141252,1070,True,1.0,0,0.0
20230831_141252,211,True,20230831_141252,267,True,1.0,0,0.0
20230831_141252,211,True,20230831_141252,288,True,1.0,0,0.0
20230902_060137,1441,True,20230807_061410,500,False,0.0,0,1.0
20230815_055951,185,True,20230815_055951,182,True,1.0,0,0.0
20230805_145544,1066,True,20230807_061410,473,False,0.0,0,1.0
20230911_200338,214,False,20230831_053936,274,True,0.0,0,1.0
20230831_163856,1282,False,20230831_163856,1085,False,1.0,0,0.0
20230828_205214,296,True,20230828_205214,1452,True,1.0,0,0.0
20230831_141252,1317,True,20230831_053936,1304,True,0.0,0,1.0
20230831_141252,169,True,20230831_141252,1225,True,1.0,0,0.0
20230831_160214,937,False,20230805_145141,735,True,0.0,0,1.0
20230907_185744,1366,True,20230907_185744,291,True,1.0,0,0.0
20230805_145141,716,True,20231005_200808,183,True,0.0,0,1.0
20230907_185744,1377,True,20230907_185744,300,True,1.0,0,0.0
20230828_205214,284,True,20230828_205214,1496,True,1.0,0,0.0
20230828_205214,271,True,20230828_205214,286,True,1.0,0,0.0
20230805_145544,185,True,20230805_145544,152,True,1.0,0,0.0
20230805_145544,142,True,20230831_141252,1317,True,0.0,0,1.0
20230907_185744,1404,True,20230907_185744,1558,True,1.0,0,0.0
20230831_141252,1066,True,20230831_160214,949,False,0.0,0,1.0
20230902_060137,284,True,20230902_060137,226,True,1.0,0,0.0
20230902_060137,1398,True,20230902_060137,1413,True,1.0,0,0.0
20230807_062216,1080,True,20230807_062216,214,True,1.0,0,0.0
20230907_185744,1377,True,20230907_185744,1480,True,1.0,0,0.0
20230902_054933,1102,True,20230831_163856,1282,False,0.0,0,1.0
20230907_185744,1760,True,20230907_185744,279,True,1.0,0,0.0
20230815_055951,180,True,20230815_055951,221,True,1.0,0,0.0
20230831_141252,1315,True,20230902_054933,1102,True,0.0,0,1.0
20230831_053936,231,True,20230831_053936,1303,True,1.0,0,0.0
20231006_192754,763,True,20230831_163856,1084,False,0.0,0,1.0
20230902_060137,284,True,20230902_060137,1397,True,1.0,0,0.0
20230902_060137,1397,True,20230902_060137,1403,True,1.0,0,0.0
20230907_185744,1349,True,20230907_185744,1682,True,1.0,0,0.0
20230805_145544,178,True,20230805_145544,142,True,1.0,0,0.0
20230831_053936,1304,True,20230831_053936,1303,True,1.0,0,0.0
20230902_060137,1441,True,20230902_060137,1450,True,1.0,0,0.0
20230831_053936,1301,True,20230831_162051,181,True,0.0,0,1.0
20230828_205214,310,True,20230828_205214,1440,True,1.0,0,0.0
20230828_205214,1497,True,20230828_205214,1443,True,1.0,0,0.0
20230831_053936,1304,True,20231005_200808,208,True,0.0,0,1.0
20230828_205214,1231,True,20230828_205214,1497,True,1.0,0,0.0
20230805_191555,201,True,20230902_060137,224,True,0.0,0,1.0
20230907_185744,1836,True,20230907_185744,1934,True,1.0,0,0.0
20230828_205214,286,True,20230828_205214,297,True,1.0,0,0.0
20230907_185744,1759,True,20230907_185744,1680,True,1.0,0,0.0
20230911_200338,195,False,20230911_200338,232,False,1.0,0,0.0
20230902_060137,284,True,20230902_060137,269,True,1.0,0,0.0
20230907_185744,1566,True,20230907_185744,1493,True,1.0,0,0.0
20230911_200338,213,False,20230907_185744,1940,True,0.0,0,1.0
20230815_055951,209,True,20230815_055951,191,True,1.0,0,0.0
20230828_205214,1426,True,20230831_163856,1084,False,0.0,0,1.0
20230831_141252,288,True,20230831_141252,301,True,1.0,0,0.0
20230907_185744,1377,True,20230907_185744,1680,True,1.0,0,0.0
20230831_163856,1090,False,20230831_163856,1287,False,1.0,0,0.0
20230907_185744,1759,True,20230907_185744,1906,True,1.0,0,0.0
20230902_060137,279,True,20231006_192754,750,True,0.0,0,1.0
20230805_145544,149,True,20230831_053936,268,True,0.0,0,1.0
20230805_145544,168,True,20230828_205214,284,True,0.0,0,1.0
20230807_060504,250,True,20230807_060504,248,True,1.0,0,0.0
20230907_185744,267,True,20230907_185744,1404,True,1.0,0,0.0
20230828_205214,1231,True,20230828_205214,271,True,1.0,0,0.0
20230907_185744,1407,True,20230907_185744,1459,True,1.0,0,0.0
20230828_205214,1418,True,20230828_205214,310,True,1.0,0,0.0
20230902_060137,296,True,20230902_060137,1164,True,1.0,0,0.0
20230807_060504,256,True,20230907_185744,1571,True,0.0,0,1.0
20230805_145544,1066,True,20230807_062216,1283,True,0.0,0,1.0
20230907_185744,1377,True,20230807_062216,255,True,0.0,0,1.0
20230907_185744,1399,True,20230907_185744,255,True,1.0,0,0.0
20230902_054933,224,True,20230902_054933,229,True,1.0,0,0.0
20230828_205214,296,True,20230828_205214,286,True,1.0,0,0.0
20230805_145544,143,True,20230805_145544,156,True,1.0,0,0.0
20230807_062216,1289,True,20230831_141252,295,True,0.0,0,1.0
20230828_205214,1465,True,20230828_205214,271,True,1.0,0,0.0
20230907_185744,1377,True,20230805_191555,1117,True,0.0,0,1.0
20230907_185744,1377,True,20230907_185744,1737,True,1.0,0,0.0
20230828_205214,1427,True,20230828_205214,311,True,1.0,0,0.0
20230907_185744,1940,True,20230807_060504,192,True,0.0,0,1.0
20230907_185744,1375,True,20230907_185744,270,True,1.0,0,0.0
20230807_062216,254,True,20230807_062216,210,True,1.0,0,0.0
20230831_053936,274,True,20230831_053936,1301,True,1.0,0,0.0
20230907_185744,1404,True,20230907_185744,1682,True,1.0,0,0.0
20230907_185744,1571,True,20230907_185744,1375,True,1.0,0,0.0
20230902_054933,1103,True,20230807_062216,253,True,0.0,0,1.0
20230807_062216,1283,True,20230911_200338,1244,False,0.0,0,1.0
20230805_145141,716,True,20230805_145141,713,True,1.0,0,0.0
20230902_060137,1450,True,20230902_060137,284,True,1.0,0,0.0
20230907_185744,1399,True,20230907_185744,252,True,1.0,0,0.0
20230907_185744,1367,True,20230907_185744,265,True,1.0,0,0.0
20230828_205214,1455,True,20230828_205214,1496,True,1.0,0,0.0
20230902_060137,1171,True,20230902_060137,250,True,1.0,0,0.0
20230907_185744,1366,True,20230907_185744,1673,True,1.0,0,0.0
20230907_185744,267,True,20230907_185744,1377,True,1.0,0,0.0
20230907_185744,1367,True,20230907_185744,1892,True,1.0,0,0.0
20230805_145141,703,True,20230831_163856,1282,False,0.0,0,1.0
20230907_185744,1404,True,20230907_185744,1721,True,1.0,0,0.0
20230805_145141,735,True,20230805_145141,716,True,1.0,0,0.0
20230828_205214,1443,True,20230828_205214,1418,True,1.0,0,0.0
20230807_061410,481,False,20230831_163856,1090,False,0.0,0,1.0
20230831_141252,295,True,20230831_141252,301,True,1.0,0,0.0
20230828_205214,1230,True,20230907_185744,1412,True,0.0,0,1.0
20230807_062216,222,True,20230805_191555,1106,True,0.0,0,1.0
20230831_053936,1298,True,20230805_191555,224,True,0.0,0,1.0
20230831_141252,254,True,20230831_141252,281,True,1.0,0,0.0
20230907_185744,1404,True,20230815_055951,197,True,0.0,0,1.0
20230831_163856,1282,False,20230815_055951,179,True,0.0,0,1.0
20230902_060137,1428,True,20230902_060137,1403,True,1.0,0,0.0
20230831_053936,255,True,20230911_200338,195,False,0.0,0,1.0
20230828_205214,271,True,20230828_205214,1497,True,1.0,0,0.0
20230907_185744,1363,True,20230907_185744,860,True,1.0,0,0.0
20230907_185744,1399,True,20230907_185744,1375,True,1.0,0,0.0
20231006_192754,748,True,20230911_200338,214,False,0.0,0,1.0
20230911_200338,987,False,20230911_200338,204,False,1.0,0,0.0
20230805_191555,225,True,20230805_191555,1106,True,1.0,0,0.0
20230807_061410,481,False,20230807_061410,474,False,1.0,0,0.0
20230807_061410,474,False,20230807_061410,500,False,1.0,0,0.0
20230805_191555,219,True,20230805_191555,201,True,1.0,0,0.0
20231005_200808,183,True,20230815_055951,184,True,0.0,0,1.0
20230805_145141,735,True,20230815_055951,191,True,0.0,0,1.0
20230907_185744,1412,True,20230907_185744,1537,True,1.0,0,0.0
20230831_053936,271,True,20230805_191555,1106,True,0.0,0,1.0
20230805_145544,178,True,20230805_145544,1066,True,1.0,0,0.0
20230902_060137,1398,True,20230902_060137,296,True,1.0,0,0.0
20230831_162051,178,True,20230831_162051,181,True,1.0,0,0.0
20230828_205214,1436,True,20230805_191555,237,True,0.0,0,1.0
20230805_191555,1101,True,20230805_191555,201,True,1.0,0,0.0
20230805_191555,1106,True,20230805_191555,215,True,1.0,0,0.0
20230907_185744,1836,True,20230907_185744,1698,True,1.0,0,0.0
20230828_205214,297,True,20230828_205214,310,True,1.0,0,0.0
20230902_060137,1165,True,20230902_060137,1171,True,1.0,0,0.0
20230911_200338,985,False,20230805_191555,224,True,0.0,0,1.0
20230902_060137,224,True,20230907_185744,1375,True,0.0,0,1.0
20230902_060137,299,True,20230902_060137,1413,True,1.0,0,0.0
20230815_055951,179,True,20230815_055951,1202,True,1.0,0,0.0
20230907_185744,1759,True,20230907_185744,1493,True,1.0,0,0.0
20230902_054933,210,True,20230902_054933,224,True,1.0,0,0.0
20230907_185744,1940,True,20230907_185744,1643,True,1.0,0,0.0
20230907_185744,1404,True,20230907_185744,1460,True,1.0,0,0.0
20230907_185744,1558,True,20230907_185744,1840,True,1.0,0,0.0
20230902_060137,1432,True,20230831_141252,301,True,0.0,0,1.0
20230805_191555,237,True,20230805_191555,215,True,1.0,0,0.0
20230831_141252,1227,True,20230831_141252,1067,True,1.0,0,0.0
20230807_062216,202,True,20230911_200338,232,False,0.0,0,1.0
20230831_053936,274,True,20230831_053936,231,True,1.0,0,0.0
20230807_062216,247,True,20231005_200808,183,True,0.0,0,1.0
20230911_200338,205,False,20230831_053936,231,True,0.0,0,1.0
20230907_185744,1940,True,20230907_185744,300,True,1.0,0,0.0
20230907_185744,1558,True,20230907_185744,282,True,1.0,0,0.0
20230907_185744,1367,True,20230907_185744,1497,True,1.0,0,0.0
20230902_060137,284,True,20230902_060137,279,True,1.0,0,0.0
20230907_185744,1759,True,20230907_185744,1661,True,1.0,0,0.0
20230902_054933,1102,True,20230807_060504,250,True,0.0,0,1.0
20230805_191555,224,True,20230805_191555,204,True,1.0,0,0.0
20230907_185744,1566,True,20230907_185744,1701,True,1.0,0,0.0
20230902_060137,1419,True,20230902_060137,226,True,1.0,0,0.0
20230902_060137,299,True,20230902_060137,235,True,1.0,0,0.0
20231005_200808,191,True,20230815_055951,182,True,0.0,0,1.0
20230907_185744,1404,True,20230907_185744,283,True,1.0,0,0.0
20230807_062216,1080,True,20230907_185744,1375,True,0.0,0,1.0
20230807_062216,202,True,20230815_055951,1202,True,0.0,0,1.0
20230902_060137,299,True,20230902_060137,226,True,1.0,0,0.0
20230902_060137,1176,True,20230902_060137,1398,True,1.0,0,0.0
20230831_141252,1070,True,20230831_141252,254,True,1.0,0,0.0
20230805_191555,201,True,20230805_191555,1105,True,1.0,0,0.0
20230902_060137,1397,True,20230807_062216,1283,True,0.0,0,1.0
20230831_053936,1450,True,20230805_191555,225,True,0.0,0,1.0
20230828_205214,1459,True,20230828_205214,1446,True,1.0,0,0.0
20230907_185744,1349,True,20230907_185744,1723,True,1.0,0,0.0
20230907_185744,1366,True,20230907_185744,260,True,1.0,0,0.0
20230907_185744,1571,True,20230907_185744,291,True,1.0,0,0.0
20230907_185744,1412,True,20230907_185744,1913,True,1.0,0,0.0
20230907_185744,1377,True,20230907_185744,1678,True,1.0,0,0.0
20230805_145544,185,True,20230902_054933,229,True,0.0,0,1.0
20230815_055951,169,True,20230902_060137,1441,True,0.0,0,1.0
20230907_185744,1826,True,20230907_185744,860,True,1.0,0,0.0
20230902_060137,1450,True,20230902_060137,1176,True,1.0,0,0.0
20230828_205214,311,True,20230828_205214,284,True,1.0,0,0.0
20230907_185744,1375,True,20230907_185744,1359,True,1.0,0,0.0
20230805_145544,193,True,20230911_200338,229,False,0.0,0,1.0
20230907_185744,1940,True,20230907_185744,279,True,1.0,0,0.0
20230807_062216,253,True,20230807_062216,223,True,1.0,0,0.0
20230907_185744,1349,True,20230907_185744,1926,True,1.0,0,0.0
20230805_145544,185,True,20230831_053936,1305,True,0.0,0,1.0
20230807_060504,1412,True,20230911_200338,205,False,0.0,0,1.0
20230831_162051,192,True,20230831_053936,274,True,0.0,0,1.0
20230807_062216,215,True,20230807_062216,1289,True,1.0,0,0.0
20230828_205214,1443,True,20230828_205214,1465,True,1.0,0,0.0
20230907_185744,1399,True,20230907_185744,1501,True,1.0,0,0.0
20230815_055951,169,True,20230815_055951,191,True,1.0,0,0.0
20230805_145544,156,True,20230902_054933,1102,True,0.0,0,1.0
20230831_141252,267,True,20230831_141252,1317,True,1.0,0,0.0
20230907_185744,1571,True,20230907_185744,1366,True,1.0,0,0.0
20230907_185744,1363,True,20230907_185744,1674,True,1.0,0,0.0
20230902_060137,1176,True,20230902_060137,1171,True,1.0,0,0.0
20230831_163856,1085,False,20231006_192754,750,True,0.0,0,1.0
20230828_205214,310,True,20230828_205214,1418,True,1.0,0,0.0
20230902_060137,281,True,20230902_060137,234,True,1.0,0,0.0
20230907_185744,1759,True,20230907_185744,261,True,1.0,0,0.0
20230815_055951,169,True,20230831_141252,211,True,0.0,0,1.0
20230828_205214,1418,True,20230828_205214,1496,True,1.0,0,0.0
20230828_205214,1454,True,20230828_205214,286,True,1.0,0,0.0
20230807_062216,255,True,20230828_205214,1426,True,0.0,0,1.0
20230831_162051,181,True,20230807_061410,495,False,0.0,0,1.0
20230807_062216,255,True,20230807_062216,215,True,1.0,0,0.0
20230815_055951,218,True,20230815_055951,1202,True,1.0,0,0.0
20230828_205214,1459,True,20230902_060137,1398,True,0.0,0,1.0
20230805_145141,735,True,20230911_200338,214,False,0.0,0,1.0
20230807_062216,1283,True,20230807_062216,223,True,1.0,0,0.0
20230807_062216,1289,True,20230807_062216,1286,True,1.0,0,0.0
20230907_185744,1404,True,20230907_185744,1725,True,1.0,0,0.0
20230831_160214,934,False,20230831_160214,943,False,1.0,0,0.0
20230907_185744,1399,True,20230907_185744,1359,True,1.0,0,0.0
20230831_141252,216,True,20230831_141252,1317,True,1.0,0,0.0
20230805_145544,193,True,20230831_162051,178,True,0.0,0,1.0
20230815_055951,179,True,20230805_145141,703,True,0.0,0,1.0
20230805_145141,998,True,20230807_060504,235,True,0.0,0,1.0
20230828_205214,1446,True,20230828_205214,1235,True,1.0,0,0.0
20230907_185744,270,True,20230828_205214,310,True,0.0,0,1.0
20230828_205214,286,True,20230815_055951,211,True,0.0,0,1.0
20230907_185744,267,True,20230907_185744,259,True,1.0,0,0.0
20230828_205214,297,True,20230828_205214,1446,True,1.0,0,0.0
20230911_200338,210,False,20230911_200338,1244,False,1.0,0,0.0
20230907_185744,1571,True,20230907_185744,1451,True,1.0,0,0.0
20230902_060137,1421,True,20230902_060137,1450,True,1.0,0,0.0
20230807_062216,247,True,20230807_062216,1081,True,1.0,0,0.0
20230805_145141,730,True,20230807_060504,192,True,0.0,0,1.0
20230902_054933,229,True,20230807_061410,485,False,0.0,0,1.0
20230828_205214,1231,True,20230805_191555,1106,True,0.0,0,1.0
20230907_185744,1759,True,20230907_185744,1535,True,1.0,0,0.0
20230911_200338,195,False,20230831_053936,255,True,0.0,0,1.0
20230807_062216,222,True,20230807_062216,1283,True,1.0,0,0.0
20230815_055951,1202,True,20230805_191555,198,True,0.0,0,1.0
20230907_185744,1359,True,20230907_185744,1525,True,1.0,0,0.0
20230828_205214,271,True,20230828_205214,1443,True,1.0,0,0.0
20230907_185744,1940,True,20230907_185744,1497,True,1.0,0,0.0
20230902_060137,235,True,20230902_060137,1171,True,1.0,0,0.0
20230807_060504,256,True,20230831_160214,949,False,0.0,0,1.0
20230828_205214,1426,True,20230902_060137,284,True,0.0,0,1.0
20230907_185744,1566,True,20230907_185744,1895,True,1.0,0,0.0
20230907_185744,1375,True,20230805_191555,201,True,0.0,0,1.0
20230907_185744,1377,True,20230907_185744,231,True,1.0,0,0.0
20230911_200338,195,False,20230911_200338,985,False,1.0,0,0.0
20230831_141252,281,True,20230831_141252,269,True,1.0,0,0.0
20230831_053936,1303,True,20230831_053936,231,True,1.0,0,0.0
20230831_053936,1304,True,20230902_060137,269,True,0.0,0,1.0
20230828_205214,1440,True,20230907_185744,1366,True,0.0,0,1.0
20230907_185744,1399,True,20230907_185744,283,True,1.0,0,0.0
20230902_060137,1171,True,20230907_185744,844,True,0.0,0,1.0
20230828_205214,1436,True,20230831_141252,1317,True,0.0,0,1.0
20230831_141252,275,True,20230831_141252,210,True,1.0,0,0.0
20230815_055951,180,True,20230902_060137,224,True,0.0,0,1.0
20230807_062216,247,True,20230807_062216,215,True,1.0,0,0.0
20230828_205214,1440,True,20230828_205214,1454,True,1.0,0,0.0
20230907_185744,1566,True,20230907_185744,1737,True,1.0,0,0.0
20230828_205214,1465,True,20230828_205214,286,True,1.0,0,0.0
20230907_185744,1367,True,20230907_185744,1725,True,1.0,0,0.0
20230805_191555,1103,True,20230805_191555,225,True,1.0,0,0.0
20230907_185744,1759,True,20230907_185744,293,True,1.0,0,0.0
20230807_062216,253,True,20230807_062216,1289,True,1.0,0,0.0
20230828_205214,1497,True,20230907_185744,1367,True,0.0,0,1.0
20230831_162051,192,True,20230831_163856,1090,False,0.0,0,1.0
20230815_055951,1202,True,20230815_055951,209,True,1.0,0,0.0
20230911_200338,235,False,20230831_053936,268,True,0.0,0,1.0
20230907_185744,1367,True,20230907_185744,1535,True,1.0,0,0.0
20230831_141252,1066,True,20230831_141252,288,True,1.0,0,0.0
20230902_060137,1408,True,20230902_060137,1398,True,1.0,0,0.0
20230907_185744,1377,True,20230907_185744,1760,True,1.0,0,0.0
20230805_191555,224,True,20230805_191555,1117,True,1.0,0,0.0
20230815_055951,182,True,20230807_060504,248,True,0.0,0,1.0
20230907_185744,1940,True,20231005_200808,1091,True,0.0,0,1.0
20230831_162051,192,True,20230807_060504,191,True,0.0,0,1.0
20230831_141252,295,True,20230831_141252,1317,True,1.0,0,0.0
20230807_062216,202,True,20230807_062216,254,True,1.0,0,0.0
20230902_060137,1428,True,20230902_060137,299,True,1.0,0,0.0
20230807_062216,1292,True,20230807_062216,214,True,1.0,0,0.0
20230902_060137,269,True,20230902_060137,1450,True,1.0,0,0.0
20230805_191555,219,True,20230805_191555,199,True,1.0,0,0.0
20230807_062216,1080,True,20230831_053936,268,True,0.0,0,1.0
20230805_145544,193,True,20230805_145544,185,True,1.0,0,0.0
20230911_200338,1244,False,20230828_205214,290,True,0.0,0,1.0
20230807_062216,254,True,20230807_062216,214,True,1.0,0,0.0
20230907_185744,1566,True,20230907_185744,1501,True,1.0,0,0.0
20230828_205214,1231,True,20230805_145544,156,True,0.0,0,1.0
20230831_141252,1220,True,20230828_205214,323,True,0.0,0,1.0
20230902_060137,234,True,20230902_060137,299,True,1.0,0,0.0
20230828_205214,1455,True,20230828_205214,1235,True,1.0,0,0.0
20230828_205214,1235,True,20230828_205214,310,True,1.0,0,0.0
20230902_060137,296,True,20230902_060137,1176,True,1.0,0,0.0
20230907_185744,1571,True,20230907_185744,259,True,1.0,0,0.0
20230828_205214,1230,True,20230828_205214,323,True,1.0,0,0.0
20230815_055951,209,True,20230805_191555,225,True,0.0,0,1.0
20230902_060137,1436,True,20230902_060137,235,True,1.0,0,0.0
20230911_200338,195,False,20230911_200338,205,False,1.0,0,0.0
20230805_145544,168,True,20230805_191555,219,True,0.0,0,1.0
20230807_062216,253,True,20230807_060504,192,True,0.0,0,1.0
20230902_060137,1408,True,20230902_060137,234,True,1.0,0,0.0
20230828_205214,1427,True,20230807_062216,254,True,0.0,0,1.0
20230828_205214,290,True,20230828_205214,1465,True,1.0,0,0.0
20230902_060137,1436,True,20230902_060137,1183,True,1.0,0,0.0
20230828_205214,1231,True,20230828_205214,286,True,1.0,0,0.0
20230807_062216,1286,True,20230807_062216,215,True,1.0,0,0.0
20231005_200808,196,True,20230907_185744,1558,True,0.0,0,1.0
20230828_205214,1418,True,20230828_205214,1474,True,1.0,0,0.0
20230805_145141,703,True,20230831_141252,1315,True,0.0,0,1.0
20230907_185744,1363,True,20230907_185744,1701,True,1.0,0,0.0
20230902_060137,1421,True,20230902_060137,267,True,1.0,0,0.0
20230831_141252,1070,True,20230805_145141,998,True,0.0,0,1.0
20230902_060137,1450,True,20230815_055951,191,True,0.0,0,1.0
20230831_141252,281,True,20230831_141252,1315,True,1.0,0,0.0
20230805_145141,706,True,20230805_191555,219,True,0.0,0,1.0
20231006_192754,763,True,20230807_062216,255,True,0.0,0,1.0
20230907_185744,1367,True,20230907_185744,282,True,1.0,0,0.0
20230907_185744,1836,True,20230907_185744,1571,True,1.0,0,0.0
20230907_185744,1377,True,20230831_162051,178,True,0.0,0,1.0
20230831_141252,267,True,20230805_191555,204,True,0.0,0,1.0
20230902_060137,234,True,20230902_060137,1398,True,1.0,0,0.0
20230807_061410,1603,False,20230828_205214,1426,True,0.0,0,1.0
20230907_185744,1558,True,20230907_185744,1521,True,1.0,0,0.0
20230831_141252,1315,True,20230911_200338,210,False,0.0,0,1.0
20230807_062216,1081,True,20230807_062216,253,True,1.0,0,0.0
20230828_205214,1427,True,20230828_205214,1455,True,1.0,0,0.0
20230902_060137,1436,True,20230902_060137,1419,True,1.0,0,0.0
20230807_060504,1412,True,20230807_060504,235,True,1.0,0,0.0
20230902_060137,284,True,20230902_060137,299,True,1.0,0,0.0
20230907_185744,1940,True,20230907_185744,1913,True,1.0,0,0.0
20230805_145544,193,True,20230805_145544,142,True,1.0,0,0.0
20230831_141252,1220,True,20230831_141252,301,True,1.0,0,0.0
20230907_185744,1836,True,20230907_185744,1460,True,1.0,0,0.0
20230831_141252,1220,True,20230831_141252,210,True,1.0,0,0.0
20230831_163856,1066,False,20231005_200808,208,True,0.0,0,1.0
20230805_145544,178,True,20230831_163856,1090,False,0.0,0,1.0
20230815_055951,191,True,20230807_062216,254,True,0.0,0,1.0
20230831_053936,1301,True,20231005_200808,1091,True,0.0,0,1.0
20230815_055951,209,True,20230907_185744,1759,True,0.0,0,1.0
20230907_185744,1759,True,20230907_185744,1480,True,1.0,0,0.0
20230907_185744,1359,True,20230907_185744,1363,True,1.0,0,0.0
20230805_145544,143,True,20230907_185744,1412,True,0.0,0,1.0
20230805_191555,237,True,20230902_054933,224,True,0.0,0,1.0
20230831_141252,1220,True,20230907_185744,844,True,0.0,0,1.0
20230807_062216,1080,True,20230911_200338,235,False,0.0,0,1.0
20230815_055951,191,True,20230911_200338,214,False,0.0,0,1.0
20230828_205214,1235,True,20230828_205214,1474,True,1.0,0,0.0
20230902_060137,1183,True,20230902_060137,1171,True,1.0,0,0.0
20230831_053936,274,True,20230907_185744,1363,True,0.0,0,1.0
20230807_062216,255,True,20230807_062216,222,True,1.0,0,0.0
20230907_185744,1366,True,20230907_185744,1828,True,1.0,0,0.0
20230815_055951,182,True,20230805_145544,143,True,0.0,0,1.0
20230907_185744,1826,True,20230831_141252,281,True,0.0,0,1.0
20230907_185744,1363,True,20230907_185744,293,True,1.0,0,0.0
20230831_141252,269,True,20230831_141252,1220,True,1.0,0,0.0
20230907_185744,1367,True,20230907_185744,1737,True,1.0,0,0.0
20230807_061410,474,False,20230807_062216,1286,True,0.0,0,1.0
20230902_060137,1450,True,20230902_060137,1164,True,1.0,0,0.0
20230907_185744,1558,True,20230907_185744,1399,True,1.0,0,0.0
20230907_185744,1760,True,20230907_185744,1501,True,1.0,0,0.0
20230907_185744,1836,True,20230907_185744,1551,True,1.0,0,0.0
20230911_200338,235,False,20230911_200338,214,False,1.0,0,0.0
20230907_185744,1412,True,20230907_185744,880,True,1.0,0,0.0
20230902_060137,284,True,20230902_060137,267,True,1.0,0,0.0
20230831_141252,275,True,20230831_141252,1218,True,1.0,0,0.0
20230907_185744,1412,True,20230907_185744,1518,True,1.0,0,0.0
20230831_141252,282,True,20230831_141252,301,True,1.0,0,0.0
20230807_062216,1286,True,20230831_141252,210,True,0.0,0,1.0
20230907_185744,1558,True,20230907_185744,1914,True,1.0,0,0.0
20230907_185744,1566,True,20230807_061410,500,False,0.0,0,1.0
20230807_062216,214,True,20230828_205214,286,True,0.0,0,1.0
20230828_205214,1418,True,20230805_145544,185,True,0.0,0,1.0
20230907_185744,1349,True,20230907_185744,1377,True,1.0,0,0.0
20230902_060137,1176,True,20230902_060137,1183,True,1.0,0,0.0
20230831_141252,1218,True,20230831_141252,282,True,1.0,0,0.0
20230805_191555,237,True,20230831_141252,1317,True,0.0,0,1.0
20231005_200808,183,True,20231005_200808,208,True,1.0,0,0.0
20230807_062216,254,True,20230902_054933,210,True,0.0,0,1.0
20230902_054933,207,True,20230831_160214,943,False,0.0,0,1.0
20230907_185744,1558,True,20230907_185744,1929,True,1.0,0,0.0
20230907_185744,1404,True,20230907_185744,1418,True,1.0,0,0.0
20230805_191555,198,True,20230805_191555,199,True,1.0,0,0.0
20230831_141252,1317,True,20230831_141252,275,True,1.0,0,0.0
20230831_141252,1218,True,20230831_141252,169,True,1.0,0,0.0
20230907_185744,1558,True,20230907_185744,1349,True,1.0,0,0.0
20230831_053936,255,True,20230831_053936,1304,True,1.0,0,0.0
20230828_205214,284,True,20230828_205214,1446,True,1.0,0,0.0
20230902_060137,1403,True,20230902_060137,1398,True,1.0,0,0.0
20230828_205214,1446,True,20230828_205214,297,True,1.0,0,0.0
20230831_053936,1305,True,20230907_185744,1571,True,0.0,0,1.0
20230807_062216,202,True,20230807_062216,1080,True,1.0,0,0.0
20230828_205214,1235,True,20230828_205214,297,True,1.0,0,0.0
20230831_141252,1070,True,20231005_200808,175,True,0.0,0,1.0
20230831_162051,178,True,20230828_205214,1426,True,0.0,0,1.0
20230907_185744,1826,True,20230907_185744,1363,True,1.0,0,0.0
20230907_185744,1412,True,20230907_185744,1369,True,1.0,0,0.0
20230902_060137,1176,True,20230902_060137,284,True,1.0,0,0.0
20230831_053936,231,True,20230807_060504,1412,True,0.0,0,1.0
20230911_200338,204,False,20230911_200338,1244,False,1.0,0,0.0
20230807_061410,495,False,20230807_061410,473,False,1.0,0,0.0
20230831_053936,1303,True,20230807_061410,1603,False,0.0,0,1.0
20230815_055951,180,True,20230815_055951,185,True,1.0,0,0.0
20230831_141252,1066,True,20230831_141252,1315,True,1.0,0,0.0
20230815_055951,191,True,20230805_191555,1103,True,0.0,0,1.0
20230902_060137,226,True,20230902_060137,269,True,1.0,0,0.0
20230907_185744,1407,True,20230907_185744,1363,True,1.0,0,0.0
20230902_060137,250,True,20230902_060137,1413,True,1.0,0,0.0
20230902_060137,1450,True,20230902_060137,299,True,1.0,0,0.0
20230907_185744,1759,True,20230907_185744,284,True,1.0,0,0.0
20230907_185744,1377,True,20230907_185744,1926,True,1.0,0,0.0
20230907_185744,1349,True,20230907_185744,1673,True,1.0,0,0.0
20230807_062216,214,True,20230807_062216,1283,True,1.0,0,0.0
20230907_185744,1412,True,20230907_185744,1349,True,1.0,0,0.0
20230807_061410,487,False,20230807_061410,481,False,1.0,0,0.0
20230902_060137,284,True,20230902_060137,1176,True,1.0,0,0.0
20231005_200808,1091,True,20231005_200808,175,True,1.0,0,0.0
20230807_061410,1603,False,20230807_061410,473,False,1.0,0,0.0
20230807_062216,1283,True,20230807_062216,214,True,1.0,0,0.0
20230902_060137,267,True,20230902_060137,1408,True,1.0,0,0.0
20230907_185744,1826,True,20230907_185744,844,True,1.0,0,0.0
20230902_060137,1408,True,20230902_060137,1436,True,1.0,0,0.0
20230831_141252,281,True,20230807_062216,210,True,0.0,0,1.0
20230807_060504,248,True,20230807_060504,244,True,1.0,0,0.0
20230831_141252,288,True,20230831_141252,211,True,1.0,0,0.0
20230807_062216,215,True,20230907_185744,1359,True,0.0,0,1.0
20230902_060137,250,True,20230902_060137,224,True,1.0,0,0.0
20230807_061410,493,False,20230807_061410,495,False,1.0,0,0.0
20230911_200338,204,False,20230911_200338,235,False,1.0,0,0.0
20230902_060137,281,True,20230828_205214,1230,True,0.0,0,1.0
20230828_205214,1497,True,20230828_205214,1446,True,1.0,0,0.0
20230907_185744,1566,True,20230907_185744,1489,True,1.0,0,0.0
20230902_060137,267,True,20230902_060137,279,True,1.0,0,0.0
20230831_141252,259,True,20230831_141252,267,True,1.0,0,0.0
20230911_200338,213,False,20230911_200338,204,False,1.0,0,0.0
20230902_060137,299,True,20230902_060137,281,True,1.0,0,0.0
20230805_145141,730,True,20231005_200808,1091,True,0.0,0,1.0
20230831_141252,275,True,20230807_062216,1080,True,0.0,0,1.0
20230828_205214,1427,True,20230828_205214,1452,True,1.0,0,0.0
20230805_191555,1117,True,20230805_145544,193,True,0.0,0,1.0
20230828_205214,1454,True,20230828_205214,1446,True,1.0,0,0.0
20230907_185744,1399,True,20230907_185744,1407,True,1.0,0,0.0
20230907_185744,1366,True,20230907_185744,1836,True,1.0,0,0.0
20230907_185744,1399,True,20230907_185744,291,True,1.0,0,0.0
20230831_141252,1227,True,20230831_141252,1315,True,1.0,0,0.0
20230907_185744,1760,True,20230907_185744,1375,True,1.0,0,0.0
20230902_060137,1171,True,20230902_060137,267,True,1.0,0,0.0
20230907_185744,1375,True,20230907_185744,252,True,1.0,0,0.0
20230815_055951,185,True,20230815_055951,221,True,1.0,0,0.0
20230805_145544,152,True,20231005_200808,1091,True,0.0,0,1.0
20230907_185744,1760,True,20230907_185744,270,True,1.0,0,0.0
20230805_191555,215,True,20230805_191555,201,True,1.0,0,0.0
20230828_205214,1231,True,20230828_205214,1496,True,1.0,0,0.0
20230902_060137,235,True,20230902_060137,279,True,1.0,0,0.0
20230907_185744,1759,True,20230907_185744,1551,True,1.0,0,0.0
20230815_055951,169,True,20230815_055951,184,True,1.0,0,0.0
20230902_060137,226,True,20230902_060137,1441,True,1.0,0,0.0
20230831_163856,1090,False,20230805_191555,1103,True,0.0,0,1.0
20230907_185744,1377,True,20230907_185744,1730,True,1.0,0,0.0
20230907_185744,1375,True,20230907_185744,1836,True,1.0,0,0.0
20230902_054933,207,True,20230805_145544,193,True,0.0,0,1.0
20230907_185744,1377,True,20230907_185744,1918,True,1.0,0,0.0
20230807_062216,210,True,20230807_062216,223,True,1.0,0,0.0
20230907_185744,1940,True,20230907_185744,1840,True,1.0,0,0.0
20230807_062216,1289,True,20230807_062216,222,True,1.0,0,0.0
20230807_060504,191,True,20230831_160214,937,False,0.0,0,1.0
20230815_055951,221,True,20230911_200338,195,False,0.0,0,1.0
20230831_160214,934,False,20230828_205214,1235,True,0.0,0,1.0
20230831_141252,1218,True,20230831_141252,216,True,1.0,0,0.0
20230807_060504,248,True,20230807_060504,1412,True,1.0,0,0.0
20230902_060137,284,True,20230902_060137,1421,True,1.0,0,0.0
20230902_054933,210,True,20230902_054933,208,True,1.0,0,0.0
20230807_062216,210,True,20230807_062216,222,True,1.0,0,0.0
20230902_054933,1103,True,20230911_200338,213,False,0.0,0,1.0
20230807_060504,248,True,20230805_145141,713,True,0.0,0,1.0
20230907_185744,1558,True,20230907_185744,1535,True,1.0,0,0.0
20231006_192754,763,True,20231006_192754,750,True,1.0,0,0.0
20230831_141252,1315,True,20230831_141252,1227,True,1.0,0,0.0
20230902_060137,1164,True,20230902_060137,296,True,1.0,0,0.0
20230805_191555,1105,True,20230805_145141,716,True,0.0,0,1.0
20230828_205214,1446,True,20230828_205214,1440,True,1.0,0,0.0
20230805_191555,215,True,20230907_185744,1836,True,0.0,0,1.0
20230807_062216,1286,True,20230807_062216,222,True,1.0,0,0.0
20230902_054933,208,True,20230805_145141,713,True,0.0,0,1.0
20230907_185744,1366,True,20230907_185744,1451,True,1.0,0,0.0
20230807_062216,1292,True,20230807_062216,255,True,1.0,0,0.0
20230805_145141,706,True,20230907_185744,1566,True,0.0,0,1.0
20230815_055951,179,True,20230902_060137,296,True,0.0,0,1.0
20230831_163856,1090,False,20230831_053936,274,True,0.0,0,1.0
20230831_053936,1303,True,20230902_054933,207,True,0.0,0,1.0
20231005_200808,196,True,20230805_191555,1106,True,0.0,0,1.0
20230805_191555,1105,True,20230807_062216,247,True,0.0,0,1.0
20230902_060137,299,True,20230902_060137,1164,True,1.0,0,0.0
20230831_141252,288,True,20230831_141252,1315,True,1.0,0,0.0
20230907_185744,1349,True,20230907_185744,1493,True,1.0,0,0.0
20230907_185744,1359,True,20230907_185744,1399,True,1.0,0,0.0
20230907_185744,1366,True,20230907_185744,1680,True,1.0,0,0.0
20230902_060137,1428,True,20230902_060137,284,True,1.0,0,0.0
20230831_141252,216,True,20230807_062216,253,True,0.0,0,1.0
20230805_145141,703,True,20230902_054933,1102,True,0.0,0,1.0
20230902_054933,1102,True,20230902_054933,229,True,1.0,0,0.0
20230828_205214,1230,True,20230828_205214,1235,True,1.0,0,0.0
20230902_060137,1165,True,20230902_060137,1403,True,1.0,0,0.0
20230907_185744,1566,True,20230907_185744,259,True,1.0,0,0.0
20230831_141252,1315,True,20230831_141252,216,True,1.0,0,0.0
20230902_060137,296,True,20230902_060137,1436,True,1.0,0,0.0
20231005_200808,176,True,20231005_200808,183,True,1.0,0,0.0
20230831_141252,169,True,20230831_141252,259,True,1.0,0,0.0
20230815_055951,169,True,20230907_185744,1566,True,0.0,0,1.0
20230807_062216,223,True,20230807_062216,214,True,1.0,0,0.0
20231005_200808,191,True,20230831_141252,210,True,0.0,0,1.0
20230907_185744,1366,True,20230907_185744,1723,True,1.0,0,0.0
20230807_061410,495,False,20230805_191555,1101,True,0.0,0,1.0
20230807_062216,253,True,20230805_145141,730,True,0.0,0,1.0
20230831_163856,1084,False,20230805_145141,998,True,0.0,0,1.0
20230807_062216,223,True,20230911_200338,204,False,0.0,0,1.0
20230907_185744,1377,True,20230907_185744,880,True,1.0,0,0.0
20230902_060137,234,True,20230902_060137,1436,True,1.0,0,0.0
20230907_185744,1759,True,20230907_185744,1404,True,1.0,0,0.0
20230831_141252,211,True,20230907_185744,1566,True,0.0,0,1.0
20230907_185744,1363,True,20230831_053936,274,True,0.0,0,1.0
20230828_205214,297,True,20230828_205214,323,True,1.0,0,0.0
20230828_205214,1454,True,20230828_205214,296,True,1.0,0,0.0
20230828_205214,1474,True,20230828_205214,1452,True,1.0,0,0.0
20230828_205214,1427,True,20230828_205214,1418,True,1.0,0,0.0
20230815_055951,180,True,20230815_055951,218,True,1.0,0,0.0
20230828_205214,284,True,20230828_205214,1436,True,1.0,0,0.0
20230805_191555,215,True,20230831_141252,301,True,0.0,0,1.0
20230805_191555,224,True,20230805_191555,1106,True,1.0,0,0.0
20230828_205214,323,True,20230828_205214,271,True,1.0,0,0.0
20230807_062216,1289,True,20230807_062216,223,True,1.0,0,0.0
20230831_141252,1220,True,20230831_141252,281,True,1.0,0,0.0
20230828_205214,1474,True,20230828_205214,1496,True,1.0,0,0.0
20230907_185744,1571,True,20230907_185744,1899,True,1.0,0,0.0
20230907_185744,1566,True,20230907_185744,279,True,1.0,0,0.0
20230828_205214,296,True,20230828_205214,311,True,1.0,0,0.0
20230902_060137,250,True,20230807_061410,485,False,0.0,0,1.0
20231005_200808,191,True,20230805_145544,143,True,0.0,0,1.0
20230907_185744,1363,True,20230907_185744,1369,True,1.0,0,0.0
20230907_185744,267,True,20230907_185744,1349,True,1.0,0,0.0
20230907_185744,1366,True,20230907_185744,1497,True,1.0,0,0.0
20230805_145141,730,True,20230911_200338,213,False,0.0,0,1.0
20230907_185744,1558,True,20230807_061410,493,False,0.0,0,1.0
20230907_185744,1836,True,20230907_185744,1678,True,1.0,0,0.0
20230902_060137,1183,True,20230907_185744,1359,True,0.0,0,1.0
20230831_053936,1304,True,20230807_062216,223,True,0.0,0,1.0
20230902_060137,1408,True,20230902_060137,250,True,1.0,0,0.0
20230907_185744,1399,True,20230907_185744,1412,True,1.0,0,0.0
20230907_185744,1377,True,20230907_185744,1913,True,1.0,0,0.0
20230828_205214,1440,True,20230828_205214,1446,True,1.0,0,0.0
20230902_060137,1432,True,20230902_060137,279,True,1.0,0,0.0
20230807_062216,214,True,20230902_060137,226,True,0.0,0,1.0
20230907_185744,1826,True,20230907_185744,323,True,1.0,0,0.0
20230907_185744,1759,True,20230907_185744,845,True,1.0,0,0.0
20230831_141252,1225,True,20230831_141252,216,True,1.0,0,0.0
20230831_141252,1070,True,20230831_141252,259,True,1.0,0,0.0
20230902_054933,224,True,20230902_054933,207,True,1.0,0,0.0
20230807_062216,1289,True,20230807_062216,1081,True,1.0,0,0.0
20230831_162051,192,True,20230831_162051,178,True,1.0,0,0.0
20230807_062216,1081,True,20230805_145544,160,True,0.0,0,1.0
20230907_185744,1375,True,20230907_185744,1497,True,1.0,0,0.0
20230907_185744,1363,True,20230907_185744,1836,True,1.0,0,0.0
20230815_055951,221,True,20230815_055951,179,True,1.0,0,0.0
20230805_145141,730,True,20230831_141252,216,True,0.0,0,1.0
20230805_145544,143,True,20230911_200338,985,False,0.0,0,1.0
20230828_205214,310,True,20230828_205214,286,True,1.0,0,0.0
20230907_185744,1404,True,20230907_185744,1828,True,1.0,0,0.0
20230828_205214,284,True,20230828_205214,1427,True,1.0,0,0.0
20230807_060504,250,True,20230902_060137,296,True,0.0,0,1.0
20230907_185744,1571,True,20230907_185744,1721,True,1.0,0,0.0
20230805_145141,713,True,20231005_200808,191,True,0.0,0,1.0
20230828_205214,290,True,20230831_141252,288,True,0.0,0,1.0
20230807_062216,222,True,20230807_062216,1289,True,1.0,0,0.0
20230902_060137,1450,True,20230902_060137,234,True,1.0,0,0.0
20230805_145141,998,True,20230831_162051,178,True,0.0,0,1.0
20230902_060137,1413,True,20230902_060137,281,True,1.0,0,0.0
20230902_060137,1408,True,20230902_060137,226,True,1.0,0,0.0
20230902_060137,1413,True,20230902_060137,1397,True,1.0,0,0.0
20230807_062216,1286,True,20230807_062216,1080,True,1.0,0,0.0
20230902_060137,299,True,20230902_060137,1171,True,1.0,0,0.0
20230831_163856,1066,False,20230815_055951,197,True,0.0,0,1.0
20230907_185744,1366,True,20230907_185744,1404,True,1.0,0,0.0
20230807_060504,235,True,20231005_200808,175,True,0.0,0,1.0
20230828_205214,290,True,20230828_205214,297,True,1.0,0,0.0
20230907_185744,1826,True,20230907_185744,252,True,1.0,0,0.0
20230902_060137,281,True,20230902_060137,1441,True,1.0,0,0.0
20230831_141252,1225,True,20230831_141252,288,True,1.0,0,0.0
20230907_185744,1412,True,20230907_185744,265,True,1.0,0,0.0
20230902_060137,1164,True,20230902_060137,267,True,1.0,0,0.0
20230828_205214,1427,True,20230828_205214,1454,True,1.0,0,0.0
20230902_060137,224,True,20230815_055951,180,True,0.0,0,1.0
20230831_053936,274,True,20230911_200338,214,False,0.0,0,1.0
20230828_205214,286,True,20230828_205214,1427,True,1.0,0,0.0
20230902_060137,279,True,20230805_145141,730,True,0.0,0,1.0
20230831_053936,271,True,20230831_053936,1450,True,1.0,0,0.0
20230831_141252,281,True,20230828_205214,1443,True,0.0,0,1.0
20230807_060504,192,True,20230807_060504,250,True,1.0,0,0.0
20230815_055951,182,True,20230907_185744,1412,True,0.0,0,1.0
20230828_205214,1418,True,20230828_205214,1440,True,1.0,0,0.0
20230828_205214,1427,True,20230807_060504,191,True,0.0,0,1.0
20230828_205214,284,True,20230828_205214,1465,True,1.0,0,0.0
20230805_191555,1117,True,20230805_191555,237,True,1.0,0,0.0
20230831_141252,281,True,20230831_141252,169,True,1.0,0,0.0
20230831_053936,1305,True,20230815_055951,184,True,0.0,0,1.0
20230902_060137,235,True,20230902_060137,1436,True,1.0,0,0.0
20230907_185744,1404,True,20230907_185744,1366,True,1.0,0,0.0
20230831_053936,271,True,20230831_163856,1282,False,0.0,0,1.0
20230902_060137,269,True,20230805_145141,710,True,0.0,0,1.0
20230831_141252,1218,True,20230831_141252,1070,True,1.0,0,0.0
20230828_205214,1497,True,20230828_205214,296,True,1.0,0,0.0
20230831_141252,1315,True,20230831_141252,1220,True,1.0,0,0.0
20230805_191555,219,True,20230805_191555,204,True,1.0,0,0.0
20230831_053936,268,True,20230831_053936,274,True,1.0,0,0.0
20231005_200808,196,True,20230805_145544,156,True,0.0,0,1.0
20230805_145141,703,True,20230805_191555,1106,True,0.0,0,1.0
20230902_060137,267,True,20230902_060137,1450,True,1.0,0,0.0
20230907_185744,1375,True,20230907_185744,1723,True,1.0,0,0.0
20230907_185744,1377,True,20230907_185744,260,True,1.0,0,0.0
20230828_205214,310,True,20230828_205214,271,True,1.0,0,0.0
20230902_060137,299,True,20230902_060137,1432,True,1.0,0,0.0
20230815_055951,179,True,20230815_055951,211,True,1.0,0,0.0
20230907_185744,270,True,20230902_060137,1403,True,0.0,0,1.0
20230807_060504,191,True,20230831_053936,274,True,0.0,0,1.0
20230805_145141,998,True,20230831_163856,1084,False,0.0,0,1.0
20230805_191555,1106,True,20230805_191555,1103,True,1.0,0,0.0
20230907_185744,1399,True,20230907_185744,1451,True,1.0,0,0.0
20230907_185744,1673,True,20230828_205214,1474,True,0.0,0,1.0
20230902_060137,250,True,20230831_053936,1305,True,0.0,0,1.0
20230805_145544,193,True,20231005_200808,175,True,0.0,0,1.0
20230911_200338,214,False,20230902_060137,1450,True,0.0,0,1.0
20230828_205214,1496,True,20230828_205214,1418,True,1.0,0,0.0
20230828_205214,1452,True,20230828_205214,1487,True,1.0,0,0.0
20230902_060137,235,True,20230902_060137,281,True,1.0,0,0.0
20230831_141252,295,True,20230831_141252,1218,True,1.0,0,0.0
20230828_205214,1465,True,20230828_205214,1426,True,1.0,0,0.0
20230902_060137,269,True,20230902_060137,267,True,1.0,0,0.0
20230902_054933,224,True,20230807_062216,223,True,0.0,0,1.0
20230902_060137,226,True,20230902_060137,279,True,1.0,0,0.0
20230807_062216,210,True,20230831_141252,281,True,0.0,0,1.0
20230815_055951,191,True,20231006_192754,748,True,0.0,0,1.0
20230907_185744,1366,True,20230907_185744,1826,True,1.0,0,0.0
20230907_185744,1412,True,20230907_185744,1521,True,1.0,0,0.0
20230911_200338,985,False,20230911_200338,205,False,1.0,0,0.0
20230907_185744,1404,True,20230907_185744,1643,True,1.0,0,0.0
20230907_185744,1359,True,20230907_185744,1377,True,1.0,0,0.0
20230907_185744,1363,True,20230907_185744,1855,True,1.0,0,0.0
20230907_185744,1363,True,20230907_185744,1367,True,1.0,0,0.0
20230805_145544,152,True,20230805_145544,185,True,1.0,0,0.0
20230831_162051,181,True,20230807_060504,192,True,0.0,0,1.0
20230907_185744,1760,True,20230907_185744,1892,True,1.0,0,0.0
20230828_205214,1230,True,20230828_205214,297,True,1.0,0,0.0
20230831_053936,268,True,20230831_053936,1450,True,1.0,0,0.0
20230807_060504,256,True,20230807_060504,1412,True,1.0,0,0.0
20231006_192754,750,True,20230805_145544,152,True,0.0,0,1.0
20230911_200338,232,False,20230831_141252,259,True,0.0,0,1.0
20230907_185744,1412,True,20230907_185744,1698,True,1.0,0,0.0
20230907_185744,1377,True,20230907_185744,1571,True,1.0,0,0.0
20230807_060504,235,True,20230807_060504,192,True,1.0,0,0.0
20230831_141252,1067,True,20230831_162051,192,True,0.0,0,1.0
20230828_205214,1474,True,20230828_205214,1436,True,1.0,0,0.0
20230805_145544,185,True,20230831_141252,1066,True,0.0,0,1.0
20230831_053936,1450,True,20230831_053936,1298,True,1.0,0,0.0
20230815_055951,197,True,20230815_055951,218,True,1.0,0,0.0
20230831_053936,274,True,20230807_061410,481,False,0.0,0,1.0
20230805_145141,735,True,20231005_200808,176,True,0.0,0,1.0
20230831_141252,1218,True,20230807_062216,215,True,0.0,0,1.0
20230902_060137,1436,True,20230831_141252,254,True,0.0,0,1.0
20230907_185744,1363,True,20230907_185744,1377,True,1.0,0,0.0
20230831_160214,937,False,20230807_061410,481,False,0.0,0,1.0
20230902_054933,208,True,20230902_054933,1102,True,1.0,0,0.0
20230907_185744,1566,True,20230907_185744,844,True,1.0,0,0.0
20230907_185744,1407,True,20230907_185744,1926,True,1.0,0,0.0
20230831_141252,288,True,20230911_200338,1244,False,0.0,0,1.0
20230911_200338,195,False,20230911_200338,214,False,1.0,0,0.0
20230807_062216,1080,True,20230807_062216,253,True,1.0,0,0.0
20230907_185744,1836,True,20230907_185744,1661,True,1.0,0,0.0
20230907_185744,1412,True,20230907_185744,1850,True,1.0,0,0.0
20230807_062216,254,True,20230831_163856,1090,False,0.0,0,1.0
20230831_141252,254,True,20230828_205214,1497,True,0.0,0,1.0
20230805_145544,178,True,20230831_160214,937,False,0.0,0,1.0
20230805_145141,730,True,20230805_145141,998,True,1.0,0,0.0
20230907_185744,1349,True,20230907_185744,1558,True,1.0,0,0.0
20230831_053936,271,True,20230902_054933,1102,True,0.0,0,1.0
20230828_205214,1465,True,20230828_205214,1440,True,1.0,0,0.0
20230907_185744,1399,True,20230907_185744,845,True,1.0,0,0.0
20230807_061410,473,False,20230807_061410,474,False,1.0,0,0.0
20230828_205214,1418,True,20230828_205214,271,True,1.0,0,0.0
20230902_060137,269,True,20230902_060137,1413,True,1.0,0,0.0
20230831_053936,1304,True,20230831_053936,274,True,1.0,0,0.0
20230815_055951,182,True,20230805_191555,224,True,0.0,0,1.0
20230831_141252,169,True,20230828_205214,1465,True,0.0,0,1.0
20230902_060137,1432,True,20230902_060137,250,True,1.0,0,0.0
20230831_141252,1315,True,20230831_141252,210,True,1.0,0,0.0
20230907_185744,267,True,20230828_205214,1496,True,0.0,0,1.0
20230815_055951,182,True,20230831_053936,1298,True,0.0,0,1.0
20230831_141252,1317,True,20230807_062216,223,True,0.0,0,1.0
20231005_200808,183,True,20231005_200808,175,True,1.0,0,0.0
20230828_205214,310,True,20230828_205214,323,True,1.0,0,0.0
20230805_191555,1117,True,20230805_191555,199,True,1.0,0,0.0
20230828_205214,1459,True,20230828_205214,310,True,1.0,0,0.0
20230805_191555,1106,True,20230911_200338,210,False,0.0,0,1.0
20230831_141252,259,True,20230831_141252,301,True,1.0,0,0.0
20230902_060137,1436,True,20230902_060137,1165,True,1.0,0,0.0
20230831_141252,295,True,20230831_141252,288,True,1.0,0,0.0
20230911_200338,205,False,20230807_061410,500,False,0.0,0,1.0
20230807_062216,223,True,20230805_145141,710,True,0.0,0,1.0
20230831_163856,1282,False,20230902_054933,1102,True,0.0,0,1.0
20230831_162051,192,True,20231005_200808,176,True,0.0,0,1.0
20230828_205214,290,True,20230828_205214,1231,True,1.0,0,0.0
20230831_141252,1317,True,20230831_141252,1227,True,1.0,0,0.0
20230902_060137,1432,True,20230902_060137,267,True,1.0,0,0.0
20230907_185744,1940,True,20230907_185744,1737,True,1.0,0,0.0
20230902_060137,279,True,20230902_060137,250,True,1.0,0,0.0
20230902_060137,1183,True,20230831_141252,1218,True,0.0,0,1.0
20230828_205214,297,True,20230828_205214,1454,True,1.0,0,0.0
20230907_185744,1940,True,20230805_145141,730,True,0.0,0,1.0
20230807_062216,222,True,20230807_062216,210,True,1.0,0,0.0
20230907_185744,1399,True,20230907_185744,279,True,1.0,0,0.0
20230902_060137,284,True,20230907_185744,1377,True,0.0,0,1.0
20230805_145141,735,True,20230902_054933,210,True,0.0,0,1.0
20230828_205214,1443,True,20230902_060137,1408,True,0.0,0,1.0
20230828_205214,1443,True,20230828_205214,286,True,1.0,0,0.0
20230831_053936,274,True,20230831_053936,1298,True,1.0,0,0.0
20230828_205214,1455,True,20230828_205214,1231,True,1.0,0,0.0
20230911_200338,214,False,20230831_162051,192,True,0.0,0,1.0
20230807_060504,235,True,20230831_162051,178,True,0.0,0,1.0
20230907_185744,1836,True,20230907_185744,1349,True,1.0,0,0.0
20230828_205214,1418,True,20230828_205214,1487,True,1.0,0,0.0
20230902_060137,234,True,20230902_060137,1164,True,1.0,0,0.0
20230911_200338,213,False,20230902_060137,279,True,0.0,0,1.0
20230907_185744,1571,True,20230907_185744,1644,True,1.0,0,0.0
20230902_060137,1441,True,20230902_060137,1397,True,1.0,0,0.0
20230831_141252,1070,True,20230831_141252,275,True,1.0,0,0.0
20230831_141252,275,True,20230815_055951,180,True,0.0,0,1.0
20230805_191555,1101,True,20230805_191555,1106,True,1.0,0,0.0
20230805_191555,1103,True,20230902_060137,1450,True,0.0,0,1.0
20230907_185744,1940,True,20230907_185744,1480,True,1.0,0,0.0
20230902_060137,224,True,20230902_060137,1428,True,1.0,0,0.0
20230902_060137,269,True,20230902_060137,1428,True,1.0,0,0.0
20230902_054933,229,True,20230831_053936,1305,True,0.0,0,1.0
20230902_054933,1103,True,20230831_141252,216,True,0.0,0,1.0
20230907_185744,1363,True,20230907_185744,1407,True,1.0,0,0.0
20230907_185744,1363,True,20230828_205214,1427,True,0.0,0,1.0
20230907_185744,1404,True,20230805_145141,710,True,0.0,0,1.0
20230831_141252,282,True,20230831_141252,269,True,1.0,0,0.0
20230815_055951,209,True,20230815_055951,211,True,1.0,0,0.0
20230902_060137,1428,True,20230902_060137,279,True,1.0,0,0.0
20230902_060137,1450,True,20230805_191555,1103,True,0.0,0,1.0
20230828_205214,1426,True,20230828_205214,1446,True,1.0,0,0.0
20230807_062216,1289,True,20230807_062216,202,True,1.0,0,0.0
20230907_185744,1407,True,20230907_185744,282,True,1.0,0,0.0
20230805_191555,204,True,20230805_191555,1105,True,1.0,0,0.0
20230902_060137,284,True,20230902_060137,1441,True,1.0,0,0.0
20230907_185744,1407,True,20230907_185744,1730,True,1.0,0,0.0
20230907_185744,1363,True,20230907_185744,300,True,1.0,0,0.0
20230907_185744,1412,True,20230907_185744,1926,True,1.0,0,0.0
20230805_145544,142,True,20230805_145544,185,True,1.0,0,0.0
20230805_191555,1101,True,20230805_191555,1117,True,1.0,0,0.0
20230831_141252,1225,True,20230831_141252,281,True,1.0,0,0.0
20230805_191555,1105,True,20230805_191555,1106,True,1.0,0,0.0
20230907_185744,1366,True,20230907_185744,1525,True,1.0,0,0.0
20230831_053936,1304,True,20230828_205214,1436,True,0.0,0,1.0
20230907_185744,267,True,20230907_185744,1571,True,1.0,0,0.0
20231006_192754,763,True,20231006_192754,748,True,1.0,0,0.0
20230805_145141,703,True,20230902_060137,296,True,0.0,0,1.0
20230907_185744,1759,True,20230907_185744,1937,True,1.0,0,0.0
20230828_205214,1436,True,20230828_205214,1496,True,1.0,0,0.0
20230907_185744,1836,True,20230907_185744,1929,True,1.0,0,0.0
20230907_185744,1404,True,20230907_185744,1407,True,1.0,0,0.0
20230907_185744,1404,True,20230907_185744,1412,True,1.0,0,0.0
20230902_060137,296,True,20230807_062216,222,True,0.0,0,1.0
20230907_185744,1760,True,20230907_185744,1906,True,1.0,0,0.0
20230831_160214,943,False,20230805_145544,193,True,0.0,0,1.0
20230902_060137,1183,True,20230828_205214,296,True,0.0,0,1.0
20230807_062216,254,True,20230831_160214,937,False,0.0,0,1.0
20230907_185744,1359,True,20230907_185744,283,True,1.0,0,0.0
20230828_205214,286,True,20230828_205214,1231,True,1.0,0,0.0
20230907_185744,1377,True,20230831_141252,1070,True,0.0,0,1.0
20230907_185744,1826,True,20230902_060137,1408,True,0.0,0,1.0
20230907_185744,1367,True,20230907_185744,1913,True,1.0,0,0.0
20230831_163856,1282,False,20230807_060504,250,True,0.0,0,1.0
20230831_053936,1301,True,20230831_053936,268,True,1.0,0,0.0
20230805_191555,224,True,20230805_191555,219,True,1.0,0,0.0
20230805_191555,1117,True,20230831_160214,943,False,0.0,0,1.0
20230828_205214,310,True,20230828_205214,1496,True,1.0,0,0.0
20230907_185744,1349,True,20230907_185744,1363,True,1.0,0,0.0
20230828_205214,323,True,20230828_205214,290,True,1.0,0,0.0
20230902_060137,279,True,20230902_060137,1436,True,1.0,0,0.0
20230907_185744,1366,True,20230907_185744,1644,True,1.0,0,0.0
20230831_141252,210,True,20230831_141252,1317,True,1.0,0,0.0
20230828_205214,1418,True,20230831_163856,1287,False,0.0,0,1.0
20231005_200808,1091,True,20230831_053936,1301,True,0.0,0,1.0
20230805_191555,1105,True,20230805_191555,1103,True,1.0,0,0.0
20230831_141252,295,True,20230831_141252,275,True,1.0,0,0.0
20230907_185744,1558,True,20230805_145544,156,True,0.0,0,1.0
20230805_191555,1117,True,20230805_191555,204,True,1.0,0,0.0
20230831_141252,1070,True,20230831_141252,288,True,1.0,0,0.0
20230828_205214,311,True,20230828_205214,1418,True,1.0,0,0.0
20230831_141252,1317,True,20230831_141252,169,True,1.0,0,0.0
20231005_200808,1091,True,20230807_060504,192,True,0.0,0,1.0
20230907_185744,1359,True,20230907_185744,844,True,1.0,0,0.0
20230907_185744,1940,True,20230907_185744,880,True,1.0,0,0.0
20230902_060137,1419,True,20230902_060137,1403,True,1.0,0,0.0
20230805_145141,710,True,20230902_060137,269,True,0.0,0,1.0
20230907_185744,1836,True,20230907_185744,1721,True,1.0,0,0.0
20230831_163856,1066,False,20230907_185744,1404,True,0.0,0,1.0
20230828_205214,1487,True,20230831_053936,255,True,0.0,0,1.0
20230805_191555,1101,True,20230805_191555,199,True,1.0,0,0.0
20230907_185744,1558,True,20230907_185744,1479,True,1.0,0,0.0
20230807_062216,253,True,20230807_061410,495,False,0.0,0,1.0
20230911_200338,195,False,20230828_205214,1487,True,0.0,0,1.0
20230902_060137,1428,True,20230902_060137,269,True,1.0,0,0.0
20230828_205214,1230,True,20230828_205214,1459,True,1.0,0,0.0
20230907_185744,1558,True,20230907_185744,1480,True,1.0,0,0.0
20230907_185744,1759,True,20230907_185744,1899,True,1.0,0,0.0
20230907_185744,1760,True,20230907_185744,1699,True,1.0,0,0.0
20230907_185744,267,True,20230907_185744,1463,True,1.0,0,0.0
20230815_055951,197,True,20230805_145544,142,True,0.0,0,1.0
20230805_145141,710,True,20230805_145141,716,True,1.0,0,0.0
20230831_163856,1090,False,20230907_185744,1363,True,0.0,0,1.0
20230907_185744,1407,True,20230907_185744,1558,True,1.0,0,0.0
20230807_061410,495,False,20230807_061410,474,False,1.0,0,0.0
20230828_205214,1230,True,20230828_205214,1487,True,1.0,0,0.0
20230828_205214,286,True,20230828_205214,1497,True,1.0,0,0.0
20230902_060137,1171,True,20230902_060137,296,True,1.0,0,0.0
20230831_160214,937,False,20230831_160214,949,False,1.0,0,0.0
20231005_200808,191,True,20231005_200808,1091,True,1.0,0,0.0
20230907_185744,1367,True,20230907_185744,1496,True,1.0,0,0.0
20230907_185744,1363,True,20230907_185744,1479,True,1.0,0,0.0
20230831_141252,211,True,20230831_141252,1220,True,1.0,0,0.0
20230907_185744,1940,True,20230907_185744,261,True,1.0,0,0.0
20230907_185744,1359,True,20230807_062216,215,True,0.0,0,1.0
20230907_185744,1359,True,20230907_185744,1418,True,1.0,0,0.0
20230805_145141,716,True,20230831_163856,1287,False,0.0,0,1.0
20230828_205214,311,True,20230828_205214,1455,True,1.0,0,0.0
20230911_200338,210,False,20230831_163856,1282,False,0.0,0,1.0
20230907_185744,1412,True,20230907_185744,1828,True,1.0,0,0.0
20231005_200808,1091,True,20230907_185744,1940,True,0.0,0,1.0
20230902_060137,1164,True,20230902_060137,224,True,1.0,0,0.0
20230907_185744,1412,True,20230907_185744,1366,True,1.0,0,0.0
20230907_185744,1412,True,20230907_185744,279,True,1.0,0,0.0
20230907_185744,1566,True,20230907_185744,1730,True,1.0,0,0.0
20230805_191555,204,True,20230828_205214,286,True,0.0,0,1.0
20230907_185744,1459,True,20230902_060137,1164,True,0.0,0,1.0
20230907_185744,1760,True,20230907_185744,300,True,1.0,0,0.0
20230828_205214,1465,True,20230828_205214,323,True,1.0,0,0.0
20230907_185744,1759,True,20230907_185744,1366,True,1.0,0,0.0
20230805_191555,225,True,20230805_191555,199,True,1.0,0,0.0
20230907_185744,1558,True,20230907_185744,255,True,1.0,0,0.0
20230907_185744,1407,True,20230907_185744,1828,True,1.0,0,0.0
20230907_185744,1571,True,20230907_185744,265,True,1.0,0,0.0
20230828_205214,1426,True,20230828_205214,1496,True,1.0,0,0.0
20230807_061410,493,False,20230807_061410,473,False,1.0,0,0.0
20230831_141252,275,True,20230907_185744,1375,True,0.0,0,1.0
20230907_185744,1375,True,20230907_185744,1940,True,1.0,0,0.0
20230831_160214,937,False,20230805_191555,1103,True,0.0,0,1.0
20230807_060504,192,True,20230807_062216,253,True,0.0,0,1.0
20230831_141252,295,True,20230831_141252,259,True,1.0,0,0.0
20230831_141252,1070,True,20230831_141252,1317,True,1.0,0,0.0
20230828_205214,1443,True,20230828_205214,1426,True,1.0,0,0.0
20230907_185744,1399,True,20230907_185744,1914,True,1.0,0,0.0
20230907_185744,1759,True,20230907_185744,1929,True,1.0,0,0.0
20230828_205214,286,True,20230828_205214,1426,True,1.0,0,0.0
20231005_200808,175,True,20230831_163856,1084,False,0.0,0,1.0
20230907_185744,1759,True,20230907_185744,292,True,1.0,0,0.0
20230831_141252,301,True,20230831_141252,1220,True,1.0,0,0.0
20230902_060137,1413,True,20230902_060137,1432,True,1.0,0,0.0
20230815_055951,197,True,20230815_055951,1202,True,1.0,0,0.0
20230805_191555,1101,True,20230805_191555,204,True,1.0,0,0.0
20230815_055951,185,True,20230815_055951,1202,True,1.0,0,0.0
20230907_185744,1404,True,20230907_185744,1664,True,1.0,0,0.0
20230805_145544,178,True,20230805_145544,185,True,1.0,0,0.0
20230907_185744,1412,True,20230907_185744,1375,True,1.0,0,0.0
20230907_185744,1826,True,20230907_185744,1673,True,1.0,0,0.0
20230907_185744,1760,True,20230907_185744,1493,True,1.0,0,0.0
20230907_185744,1571,True,20230902_054933,229,True,0.0,0,1.0
20230805_145544,149,True,20230902_060137,224,True,0.0,0,1.0
20230831_141252,216,True,20230805_145141,730,True,0.0,0,1.0
20230907_185744,1571,True,20230907_185744,1906,True,1.0,0,0.0
20230902_060137,224,True,20230807_062216,1080,True,0.0,0,1.0
20230831_141252,269,True,20230831_141252,288,True,1.0,0,0.0
20230805_191555,1117,True,20230805_191555,1101,True,1.0,0,0.0
20230828_205214,1440,True,20230828_205214,311,True,1.0,0,0.0
20230807_062216,202,True,20230807_062216,1286,True,1.0,0,0.0
20230907_185744,1759,True,20230907_185744,1463,True,1.0,0,0.0
20230907_185744,1760,True,20230907_185744,1558,True,1.0,0,0.0
20230902_060137,1398,True,20230902_060137,1176,True,1.0,0,0.0
20230828_205214,297,True,20230828_205214,1496,True,1.0,0,0.0
20231005_200808,183,True,20230807_061410,485,False,0.0,0,1.0
20230907_185744,1377,True,20230907_185744,1355,True,1.0,0,0.0
20230831_053936,1303,True,20230807_062216,255,True,0.0,0,1.0
20230807_062216,223,True,20230807_061410,487,False,0.0,0,1.0
20230831_141252,1070,True,20230831_141252,1220,True,1.0,0,0.0
20230907_185744,1759,True,20230807_062216,1283,True,0.0,0,1.0
20230831_160214,943,False,20230831_053936,1303,True,0.0,0,1.0
20231005_200808,1091,True,20230805_191555,1101,True,0.0,0,1.0
20230907_185744,1571,True,20230907_185744,1932,True,1.0,0,0.0
20230902_060137,226,True,20230902_060137,1165,True,1.0,0,0.0
20230907_185744,1367,True,20230907_185744,1377,True,1.0,0,0.0
20230828_205214,1487,True,20230828_205214,1443,True,1.0,0,0.0
20230815_055951,179,True,20230831_053936,271,True,0.0,0,1.0
20230831_141252,259,True,20230831_141252,295,True,1.0,0,0.0
20230902_060137,284,True,20230902_060137,1419,True,1.0,0,0.0
20230831_141252,267,True,20230831_141252,281,True,1.0,0,0.0
20230805_145544,178,True,20230902_060137,1450,True,0.0,0,1.0
20230807_060504,256,True,20230902_060137,250,True,0.0,0,1.0
20230907_185744,1566,True,20230907_185744,1375,True,1.0,0,0.0
20230805_191555,237,True,20230805_145544,142,True,0.0,0,1.0
20230831_163856,1066,False,20230902_060137,269,True,0.0,0,1.0
20230815_055951,197,True,20230815_055951,185,True,1.0,0,0.0
20230907_185744,1566,True,20230907_185744,283,True,1.0,0,0.0
20230828_205214,1230,True,20230805_145141,713,True,0.0,0,1.0
20230807_062216,222,True,20230807_062216,253,True,1.0,0,0.0
20230907_185744,1558,True,20230907_185744,244,True,1.0,0,0.0
20230907_185744,1566,True,20230907_185744,1367,True,1.0,0,0.0
20230907_185744,1407,True,20230907_185744,1929,True,1.0,0,0.0
20230902_060137,1171,True,20230902_060137,1436,True,1.0,0,0.0
20230911_200338,985,False,20230911_200338,204,False,1.0,0,0.0
20230831_053936,231,True,20230831_053936,1450,True,1.0,0,0.0
20230907_185744,1558,True,20230907_185744,845,True,1.0,0,0.0
20230831_053936,1298,True,20230805_145544,143,True,0.0,0,1.0
20230831_141252,1225,True,20230831_141252,1066,True,1.0,0,0.0
20230902_060137,1421,True,20230902_060137,269,True,1.0,0,0.0
20230902_060137,1432,True,20230902_060137,1436,True,1.0,0,0.0
20230805_145544,152,True,20230805_191555,1101,True,0.0,0,1.0
20230907_185744,267,True,20230907_185744,284,True,1.0,0,0.0
20230907_185744,1375,True,20230907_185744,1935,True,1.0,0,0.0
20230911_200338,205,False,20230805_145141,706,True,0.0,0,1.0
20230807_062216,223,True,20230828_205214,1436,True,0.0,0,1.0
20230807_062216,1289,True,20230807_062216,215,True,1.0,0,0.0
20230828_205214,290,True,20230828_205214,1426,True,1.0,0,0.0
20230805_191555,204,True,20230805_191555,1117,True,1.0,0,0.0
20230815_055951,221,True,20230902_060137,1432,True,0.0,0,1.0
20230828_205214,1455,True,20230828_205214,271,True,1.0,0,0.0
20230907_185744,1359,True,20230907_185744,1730,True,1.0,0,0.0
20230907_185744,1760,True,20230907_185744,1412,True,1.0,0,0.0
20230828_205214,1436,True,20230828_205214,284,True,1.0,0,0.0
20230807_062216,210,True,20230807_062216,253,True,1.0,0,0.0
20230907_185744,1377,True,20230907_185744,1840,True,1.0,0,0.0
20230907_185744,1377,True,20230907_185744,1661,True,1.0,0,0.0
20230828_205214,1474,True,20230828_205214,1230,True,1.0,0,0.0
20230907_185744,1377,True,20230907_185744,1537,True,1.0,0,0.0
20230907_185744,1407,True,20230907_185744,252,True,1.0,0,0.0
20230907_185744,1404,True,20230907_185744,1892,True,1.0,0,0.0
20230815_055951,211,True,20230807_062216,214,True,0.0,0,1.0
20230907_185744,1826,True,20230907_185744,1760,True,1.0,0,0.0
20230828_205214,271,True,20230828_205214,1465,True,1.0,0,0.0
20230807_061410,487,False,20230807_061410,500,False,1.0,0,0.0
20230907_185744,1359,True,20230907_185744,1759,True,1.0,0,0.0
20230907_185744,1404,True,20230907_185744,1399,True,1.0,0,0.0
20230907_185744,1377,True,20230907_185744,265,True,1.0,0,0.0
20230805_145544,193,True,20230902_054933,207,True,0.0,0,1.0
20230805_191555,215,True,20230911_200338,195,False,0.0,0,1.0
20230828_205214,271,True,20230828_205214,1230,True,1.0,0,0.0
20230828_205214,1235,True,20230828_205214,311,True,1.0,0,0.0
20230805_145141,706,True,20230805_145141,716,True,1.0,0,0.0
20230907_185744,1571,True,20230907_185744,1760,True,1.0,0,0.0
20230831_162051,192,True,20230815_055951,191,True,0.0,0,1.0
20230807_060504,192,True,20230805_191555,1101,True,0.0,0,1.0
20230902_060137,1441,True,20230902_060137,1165,True,1.0,0,0.0
20230805_145141,706,True,20230828_205214,284,True,0.0,0,1.0
20230907_185744,1367,True,20230907_185744,1759,True,1.0,0,0.0
20230831_053936,255,True,20230831_053936,1303,True,1.0,0,0.0
20230907_185744,1404,True,20230907_185744,1593,True,1.0,0,0.0
20230805_145544,193,True,20230831_053936,1303,True,0.0,0,1.0
20230907_185744,1940,True,20230907_185744,1932,True,1.0,0,0.0
20230807_060504,244,True,20230902_060137,269,True,0.0,0,1.0
20230805_191555,204,True,20230805_191555,1103,True,1.0,0,0.0
20230828_205214,1496,True,20230902_060137,1413,True,0.0,0,1.0
20230907_185744,1836,True,20230907_185744,1826,True,1.0,0,0.0
20230907_185744,1836,True,20230907_185744,1760,True,1.0,0,0.0
20230902_054933,210,True,20230831_160214,937,False,0.0,0,1.0
20230815_055951,211,True,20230815_055951,169,True,1.0,0,0.0
20230807_061410,474,False,20230902_060137,281,True,0.0,0,1.0
20230805_191555,1117,True,20230831_162051,178,True,0.0,0,1.0
20230902_060137,1450,True,20230902_060137,1398,True,1.0,0,0.0
20230902_060137,1441,True,20230902_060137,1419,True,1.0,0,0.0
20230902_060137,267,True,20230902_060137,1398,True,1.0,0,0.0
20230907_185744,1366,True,20230907_185744,1682,True,1.0,0,0.0
20230828_205214,1231,True,20230828_205214,1443,True,1.0,0,0.0
20230805_145544,143,True,20230831_141252,210,True,0.0,0,1.0
20230907_185744,1412,True,20230907_185744,1836,True,1.0,0,0.0
20230902_060137,1408,True,20230902_060137,1428,True,1.0,0,0.0
20230831_141252,254,True,20230902_060137,1436,True,0.0,0,1.0
20230902_060137,1441,True,20230902_060137,234,True,1.0,0,0.0
20230902_060137,1413,True,20230902_060137,1403,True,1.0,0,0.0
20231006_192754,748,True,20230807_061410,481,False,0.0,0,1.0
20230828_205214,1474,True,20230828_205214,1497,True,1.0,0,0.0
20230907_185744,1407,True,20230907_185744,1525,True,1.0,0,0.0
20230805_145544,149,True,20230907_185744,1375,True,0.0,0,1.0
20230907_185744,1404,True,20230907_185744,1698,True,1.0,0,0.0
20230911_200338,985,False,20230911_200338,229,False,1.0,0,0.0
20230831_141252,1067,True,20230831_053936,274,True,0.0,0,1.0
20230828_205214,1235,True,20230828_205214,1440,True,1.0,0,0.0
20230907_185744,1367,True,20230907_185744,1463,True,1.0,0,0.0
20230907_185744,1407,True,20230907_185744,860,True,1.0,0,0.0
20230907_185744,1566,True,20230907_185744,860,True,1.0,0,0.0
20230902_054933,1102,True,20230807_061410,493,False,0.0,0,1.0
20230815_055951,191,True,20230815_055951,185,True,1.0,0,0.0
20230907_185744,1760,True,20230907_185744,1479,True,1.0,0,0.0
20230828_205214,1474,True,20230828_205214,1446,True,1.0,0,0.0
20230831_141252,1066,True,20231005_200808,183,True,0.0,0,1.0
20230907_185744,1399,True,20230907_185744,1896,True,1.0,0,0.0
20230902_054933,229,True,20230805_191555,1105,True,0.0,0,1.0
20230907_185744,1359,True,20230907_185744,1558,True,1.0,0,0.0
20230902_060137,1450,True,20230805_145544,178,True,0.0,0,1.0
20230907_185744,1759,True,20230907_185744,1479,True,1.0,0,0.0
20230902_054933,210,True,20230831_162051,192,True,0.0,0,1.0
20231005_200808,208,True,20231005_200808,175,True,1.0,0,0.0
20230807_061410,474,False,20230902_054933,208,True,0.0,0,1.0
20230828_205214,296,True,20230828_205214,1455,True,1.0,0,0.0
20230805_145141,710,True,20230807_060504,244,True,0.0,0,1.0
20230805_145544,149,True,20230805_145544,152,True,1.0,0,0.0
20230902_060137,1398,True,20230902_060137,269,True,1.0,0,0.0
20230807_061410,1603,False,20230815_055951,218,True,0.0,0,1.0
20230907_185744,1826,True,20230907_185744,1369,True,1.0,0,0.0
20230907_185744,1366,True,20230907_185744,1377,True,1.0,0,0.0
20230807_062216,222,True,20230807_062216,1080,True,1.0,0,0.0
20230831_163856,1090,False,20230831_163856,1066,False,1.0,0,0.0
20230831_141252,1067,True,20230831_141252,254,True,1.0,0,0.0
20230807_062216,1283,True,20230807_062216,254,True,1.0,0,0.0
20230911_200338,1244,False,20230805_145544,1066,True,0.0,0,1.0
20230807_062216,1081,True,20230807_062216,1080,True,1.0,0,0.0
20230828_205214,1496,True,20230828_205214,1446,True,1.0,0,0.0
20230831_141252,1070,True,20230831_141252,267,True,1.0,0,0.0
20230831_141252,288,True,20230831_141252,259,True,1.0,0,0.0
20230907_185744,1366,True,20230907_185744,283,True,1.0,0,0.0
20230907_185744,1363,True,20230907_185744,1680,True,1.0,0,0.0
20231005_200808,176,True,20231005_200808,196,True,1.0,0,0.0
20230805_145141,716,True,20230831_160214,949,False,0.0,0,1.0
20230807_062216,255,True,20230807_062216,247,True,1.0,0,0.0
20230807_060504,256,True,20230807_060504,192,True,1.0,0,0.0
20230828_205214,1418,True,20230902_054933,229,True,0.0,0,1.0
20230828_205214,1235,True,20230828_205214,1487,True,1.0,0,0.0
20230807_061410,487,False,20230831_163856,1066,False,0.0,0,1.0
20230902_060137,1450,True,20230902_060137,1183,True,1.0,0,0.0
20230831_141252,216,True,20230831_141252,1218,True,1.0,0,0.0
20230807_062216,247,True,20230807_062216,1289,True,1.0,0,0.0
20230907_185744,1377,True,20230907_185744,1721,True,1.0,0,0.0
20230831_163856,1090,False,20230831_163856,1085,False,1.0,0,0.0
20230911_200338,987,False,20230805_145544,185,True,0.0,0,1.0
20230902_060137,281,True,20230902_060137,299,True,1.0,0,0.0
20230828_205214,1230,True,20230805_191555,224,True,0.0,0,1.0
20230911_200338,210,False,20230907_185744,1558,True,0.0,0,1.0
20230831_141252,1067,True,20230805_191555,1103,True,0.0,0,1.0
20230807_062216,1292,True,20230815_055951,169,True,0.0,0,1.0
20230828_205214,1235,True,20230828_205214,1446,True,1.0,0,0.0
20230902_060137,1450,True,20231006_192754,748,True,0.0,0,1.0
20230902_054933,229,True,20230902_054933,1102,True,1.0,0,0.0
20230805_191555,201,True,20230805_191555,219,True,1.0,0,0.0
20230828_205214,1418,True,20230815_055951,184,True,0.0,0,1.0
20230828_205214,1455,True,20230828_205214,1459,True,1.0,0,0.0
20230902_060137,1421,True,20230902_060137,1165,True,1.0,0,0.0
20230907_185744,1404,True,20230907_185744,1673,True,1.0,0,0.0
20230907_185744,1363,True,20231006_192754,748,True,0.0,0,1.0
20230907_185744,1412,True,20230907_185744,1551,True,1.0,0,0.0
20230831_163856,1282,False,20230807_062216,222,True,0.0,0,1.0
20230902_060137,1450,True,20230902_060137,1436,True,1.0,0,0.0
20230807_061410,485,False,20230807_061410,474,False,1.0,0,0.0
20230907_185744,1349,True,20230907_185744,1698,True,1.0,0,0.0
20230907_185744,267,True,20230907_185744,1678,True,1.0,0,0.0
20230805_145141,998,True,20230805_191555,1117,True,0.0,0,1.0
20230807_062216,247,True,20230807_062216,210,True,1.0,0,0.0
20230907_185744,1367,True,20230907_185744,1935,True,1.0,0,0.0
20230902_060137,226,True,20230902_060137,1176,True,1.0,0,0.0
20230807_062216,247,True,20230807_061410,485,False,0.0,0,1.0
20230807_061410,1603,False,20230807_061410,495,False,1.0,0,0.0
20230907_185744,1759,True,20230907_185744,1460,True,1.0,0,0.0
20230805_145141,735,True,20230828_205214,1427,True,0.0,0,1.0
20230807_061410,495,False,20230911_200338,213,False,0.0,0,1.0
20230902_060137,1436,True,20230902_060137,226,True,1.0,0,0.0
20230907_185744,1407,True,20230907_185744,1644,True,1.0,0,0.0
20230907_185744,1759,True,20230907_185744,1674,True,1.0,0,0.0
20230828_205214,271,True,20230828_205214,1487,True,1.0,0,0.0
20230902_060137,234,True,20230902_060137,267,True,1.0,0,0.0
20230902_054933,224,True,20230815_055951,197,True,0.0,0,1.0
20230815_055951,191,True,20230805_145544,178,True,0.0,0,1.0
20230807_060504,256,True,20230807_060504,250,True,1.0,0,0.0
20230807_060504,244,True,20230807_060504,250,True,1.0,0,0.0
20230831_053936,1303,True,20230902_060137,284,True,0.0,0,1.0
20230815_055951,180,True,20230815_055951,1202,True,1.0,0,0.0
20230828_205214,286,True,20230828_205214,310,True,1.0,0,0.0
20230902_060137,1403,True,20230902_060137,1432,True,1.0,0,0.0
20230828_205214,1230,True,20230828_205214,310,True,1.0,0,0.0
20230807_062216,254,True,20230807_062216,223,True,1.0,0,0.0
20230907_185744,1940,True,20230805_145544,152,True,0.0,0,1.0
20230807_062216,1292,True,20230807_062216,247,True,1.0,0,0.0
20231005_200808,191,True,20230807_062216,1286,True,0.0,0,1.0
20230902_060137,1165,True,20230907_185744,1937,True,0.0,0,1.0
20230828_205214,1465,True,20230828_205214,1230,True,1.0,0,0.0
20230902_060137,296,True,20230902_060137,235,True,1.0,0,0.0
20230807_060504,192,True,20230911_200338,213,False,0.0,0,1.0
20230911_200338,210,False,20230805_191555,1106,True,0.0,0,1.0
20230805_145544,160,True,20230807_062216,1081,True,0.0,0,1.0
20230831_141252,282,True,20230831_141252,267,True,1.0,0,0.0
20230831_053936,1303,True,20230911_200338,229,False,0.0,0,1.0
20230907_185744,1407,True,20230907_185744,1359,True,1.0,0,0.0
20230902_060137,1436,True,20230828_205214,1497,True,0.0,0,1.0
20230907_185744,1940,True,20230807_062216,253,True,0.0,0,1.0
20230831_141252,1066,True,20230831_141252,275,True,1.0,0,0.0
20230807_061410,481,False,20230807_061410,493,False,1.0,0,0.0
20230828_205214,1427,True,20231006_192754,748,True,0.0,0,1.0
20230907_185744,1349,True,20230907_185744,1460,True,1.0,0,0.0
20230831_163856,1287,False,20230828_205214,1418,True,0.0,0,1.0
20230902_054933,229,True,20230831_163856,1287,False,0.0,0,1.0
20230831_141252,1225,True,20230831_141252,282,True,1.0,0,0.0
20230831_053936,1298,True,20230831_053936,1450,True,1.0,0,0.0
20230828_205214,1443,True,20230828_205214,1427,True,1.0,0,0.0
20230831_141252,1067,True,20230831_141252,1220,True,1.0,0,0.0
20230907_185744,1377,True,20230907_185744,1497,True,1.0,0,0.0
20230902_060137,1183,True,20230902_060137,1441,True,1.0,0,0.0
20230805_191555,1101,True,20230831_053936,1301,True,0.0,0,1.0
20230907_185744,1759,True,20230907_185744,1760,True,1.0,0,0.0
20230907_185744,1366,True,20230907_185744,1699,True,1.0,0,0.0
20230907_185744,1412,True,20230907_185744,1896,True,1.0,0,0.0
20230907_185744,1377,True,20230907_185744,1891,True,1.0,0,0.0
20230907_185744,1404,True,20230907_185744,1914,True,1.0,0,0.0
20230831_163856,1066,False,20230902_054933,224,True,0.0,0,1.0
20230831_141252,275,True,20230902_060137,224,True,0.0,0,1.0
20230828_205214,1426,True,20230807_060504,235,True,0.0,0,1.0
20230805_191555,1117,True,20230902_054933,207,True,0.0,0,1.0
20230907_185744,1826,True,20230907_185744,1479,True,1.0,0,0.0
20230902_060137,1165,True,20230902_060137,1398,True,1.0,0,0.0
20230831_141252,281,True,20230831_141252,288,True,1.0,0,0.0
20230907_185744,1826,True,20230907_185744,1906,True,1.0,0,0.0
20231005_200808,191,True,20230807_061410,474,False,0.0,0,1.0
20231005_200808,196,True,20230828_205214,1231,True,0.0,0,1.0
20230907_185744,1366,True,20230907_185744,1593,True,1.0,0,0.0
20230902_060137,1436,True,20230902_060137,1441,True,1.0,0,0.0
20230907_185744,1349,True,20230907_185744,270,True,1.0,0,0.0
20230831_141252,281,True,20230831_141252,282,True,1.0,0,0.0
20230805_145141,735,True,20230807_061410,481,False,0.0,0,1.0
20230902_060137,1171,True,20230902_060137,1428,True,1.0,0,0.0
20230907_185744,1375,True,20230907_185744,1682,True,1.0,0,0.0
20230805_191555,215,True,20230805_191555,198,True,1.0,0,0.0
20230831_141252,1066,True,20230831_141252,282,True,1.0,0,0.0
20230831_053936,1304,True,20230815_055951,197,True,0.0,0,1.0
20230907_185744,1826,True,20230907_185744,322,True,1.0,0,0.0
20230907_185744,1558,True,20230907_185744,1918,True,1.0,0,0.0
20230911_200338,235,False,20230807_062216,1080,True,0.0,0,1.0
20230815_055951,191,True,20230902_054933,210,True,0.0,0,1.0
20230902_060137,1398,True,20230902_060137,279,True,1.0,0,0.0
20230807_060504,191,True,20230807_060504,192,True,1.0,0,0.0
20230907_185744,1558,True,20230907_185744,1940,True,1.0,0,0.0
20230831_160214,949,False,20230831_160214,943,False,1.0,0,0.0
20230831_053936,274,True,20230831_053936,1303,True,1.0,0,0.0
20230805_191555,199,True,20230902_060137,1183,True,0.0,0,1.0
20230807_062216,1292,True,20230805_145544,168,True,0.0,0,1.0
20230807_061410,500,False,20230805_145141,706,True,0.0,0,1.0
20230831_141252,1066,True,20230831_141252,269,True,1.0,0,0.0
20230907_185744,1566,True,20230907_185744,1892,True,1.0,0,0.0
20230907_185744,267,True,20230907_185744,293,True,1.0,0,0.0
20230902_060137,1176,True,20230902_060137,1403,True,1.0,0,0.0
20230831_163856,1066,False,20230807_062216,223,True,0.0,0,1.0
20230907_185744,1377,True,20230907_185744,1673,True,1.0,0,0.0
20230831_163856,1084,False,20230807_062216,255,True,0.0,0,1.0
20230831_141252,1066,True,20230907_185744,1571,True,0.0,0,1.0
20230805_145544,193,True,20230805_145544,143,True,1.0,0,0.0
20230907_185744,1571,True,20230907_185744,1363,True,1.0,0,0.0
20230911_200338,195,False,20230911_200338,235,False,1.0,0,0.0
20230805_191555,225,True,20230911_200338,1244,False,0.0,0,1.0
20230911_200338,195,False,20230807_062216,1081,True,0.0,0,1.0
20230907_185744,1940,True,20230907_185744,1407,True,1.0,0,0.0
20230815_055951,182,True,20230828_205214,1230,True,0.0,0,1.0
20230828_205214,1454,True,20230828_205214,1426,True,1.0,0,0.0
20230807_062216,253,True,20230807_062216,210,True,1.0,0,0.0
20230902_060137,1432,True,20230902_060137,1419,True,1.0,0,0.0
20230831_053936,231,True,20230805_145141,706,True,0.0,0,1.0
20230907_185744,1399,True,20230907_185744,1840,True,1.0,0,0.0
20230805_191555,237,True,20230902_060137,269,True,0.0,0,1.0
20230902_054933,210,True,20230828_205214,1427,True,0.0,0,1.0
20230907_185744,1366,True,20230907_185744,880,True,1.0,0,0.0
20230831_141252,269,True,20230831_141252,295,True,1.0,0,0.0
20230805_191555,1105,True,20230805_191555,219,True,1.0,0,0.0
20230902_060137,1419,True,20230902_060137,267,True,1.0,0,0.0
20230907_185744,1399,True,20230907_185744,1730,True,1.0,0,0.0
20230907_185744,1826,True,20230907_185744,1566,True,1.0,0,0.0
20230907_185744,1760,True,20230907_185744,1518,True,1.0,0,0.0
20230807_061410,485,False,20230831_163856,1287,False,0.0,0,1.0
20230807_062216,254,True,20230807_062216,255,True,1.0,0,0.0
20230831_141252,281,True,20230831_141252,1218,True,1.0,0,0.0
20230907_185744,1940,True,20230831_162051,181,True,0.0,0,1.0
20230828_205214,297,True,20230828_205214,296,True,1.0,0,0.0
20230828_205214,1446,True,20230828_205214,310,True,1.0,0,0.0
20231005_200808,1091,True,20230831_160214,934,False,0.0,0,1.0
20230907_185744,1566,True,20230907_185744,300,True,1.0,0,0.0
20230805_191555,1117,True,20230807_062216,255,True,0.0,0,1.0
20230807_060504,244,True,20230807_060504,1412,True,1.0,0,0.0
20230907_185744,1558,True,20230907_185744,1678,True,1.0,0,0.0
20230907_185744,1375,True,20230907_185744,1459,True,1.0,0,0.0
20230815_055951,184,True,20230911_200338,987,False,0.0,0,1.0
20230907_185744,1375,True,20230907_185744,267,True,1.0,0,0.0
20230807_061410,495,False,20230902_054933,1103,True,0.0,0,1.0
20230815_055951,218,True,20230907_185744,1377,True,0.0,0,1.0
20230902_054933,1103,True,20230902_054933,208,True,1.0,0,0.0
20230828_205214,286,True,20230828_205214,1459,True,1.0,0,0.0
20230828_205214,1426,True,20230828_205214,311,True,1.0,0,0.0
20230907_185744,1759,True,20230907_185744,1836,True,1.0,0,0.0
20230902_060137,234,True,20230902_060137,296,True,1.0,0,0.0
20230805_145544,149,True,20230805_145544,168,True,1.0,0,0.0
20230805_191555,198,True,20230805_191555,224,True,1.0,0,0.0
20230902_060137,296,True,20230902_060137,1413,True,1.0,0,0.0
20230831_141252,1227,True,20230831_141252,211,True,1.0,0,0.0
20230807_061410,473,False,20230807_061410,485,False,1.0,0,0.0
20230907_185744,1367,True,20230907_185744,259,True,1.0,0,0.0
20230805_191555,215,True,20230805_191555,224,True,1.0,0,0.0
20230828_205214,1440,True,20230828_205214,1474,True,1.0,0,0.0
20230831_053936,1301,True,20230831_053936,1304,True,1.0,0,0.0
20230907_185744,1826,True,20230907_185744,1489,True,1.0,0,0.0
20230907_185744,1367,True,20230907_185744,231,True,1.0,0,0.0
20230828_205214,311,True,20230902_060137,1428,True,0.0,0,1.0
20230831_160214,949,False,20230831_141252,1066,True,0.0,0,1.0
20230831_163856,1287,False,20230815_055951,184,True,0.0,0,1.0
20230807_062216,253,True,20230907_185744,1940,True,0.0,0,1.0
20230902_060137,1397,True,20230902_060137,284,True,1.0,0,0.0
20230807_060504,256,True,20230805_145141,716,True,0.0,0,1.0
20230907_185744,1566,True,20230815_055951,169,True,0.0,0,1.0
20230902_060137,1403,True,20230902_060137,1419,True,1.0,0,0.0
20230907_185744,1363,True,20230907_185744,1840,True,1.0,0,0.0
20230902_054933,229,True,20230805_145544,185,True,0.0,0,1.0
20230807_062216,253,True,20230831_053936,1301,True,0.0,0,1.0
20230907_185744,1377,True,20230907_185744,284,True,1.0,0,0.0
20230907_185744,1558,True,20230907_185744,1496,True,1.0,0,0.0
20230831_053936,1304,True,20230807_060504,244,True,0.0,0,1.0
20230815_055951,185,True,20230902_060137,279,True,0.0,0,1.0
20230815_055951,197,True,20230815_055951,182,True,1.0,0,0.0
20230807_061410,495,False,20230902_060137,279,True,0.0,0,1.0
20230911_200338,205,False,20230911_200338,235,False,1.0,0,0.0
20230805_191555,1101,True,20230805_191555,215,True,1.0,0,0.0
20230902_060137,235,True,20230902_060137,1397,True,1.0,0,0.0
20230907_185744,844,True,20230902_060137,1171,True,0.0,0,1.0
20231005_200808,196,True,20231005_200808,175,True,1.0,0,0.0
20230907_185744,1407,True,20230907_185744,261,True,1.0,0,0.0
20230807_062216,1292,True,20230807_060504,1412,True,0.0,0,1.0
20230831_141252,281,True,20230831_141252,1070,True,1.0,0,0.0
20230911_200338,987,False,20230911_200338,232,False,1.0,0,0.0
20230907_185744,1571,True,20230907_185744,1593,True,1.0,0,0.0
20230907_185744,1359,True,20230907_185744,1593,True,1.0,0,0.0
20230831_160214,934,False,20230911_200338,213,False,0.0,0,1.0
20230907_185744,267,True,20230831_141252,282,True,0.0,0,1.0
20230907_185744,1836,True,20230907_185744,1848,True,1.0,0,0.0
20230911_200338,204,False,20230807_061410,487,False,0.0,0,1.0
20230828_205214,1497,True,20230828_205214,311,True,1.0,0,0.0
20230805_191555,1117,True,20230805_191555,1105,True,1.0,0,0.0
20230828_205214,1465,True,20230828_205214,1474,True,1.0,0,0.0
20230907_185744,1349,True,20230907_185744,1674,True,1.0,0,0.0
20230907_185744,1407,True,20230907_185744,1682,True,1.0,0,0.0
20231005_200808,175,True,20230911_200338,229,False,0.0,0,1.0
20230902_060137,299,True,20230902_060137,1408,True,1.0,0,0.0
20230828_205214,1446,True,20230828_205214,1443,True,1.0,0,0.0
20230805_145544,152,True,20230805_145544,1066,True,1.0,0,0.0
20230907_185744,1558,True,20230907_185744,844,True,1.0,0,0.0
20230828_205214,284,True,20230828_205214,310,True,1.0,0,0.0
20230828_205214,1443,True,20230828_205214,1230,True,1.0,0,0.0
20230815_055951,191,True,20230815_055951,169,True,1.0,0,0.0
20230907_185744,1558,True,20230907_185744,1566,True,1.0,0,0.0
20230831_163856,1084,False,20230831_163856,1287,False,1.0,0,0.0
20230907_185744,1399,True,20230907_185744,284,True,1.0,0,0.0
20230907_185744,1558,True,20230902_060137,296,True,0.0,0,1.0
20230807_060504,250,True,20231005_200808,196,True,0.0,0,1.0
20230831_160214,934,False,20230831_053936,1301,True,0.0,0,1.0
20230831_141252,216,True,20230831_141252,1225,True,1.0,0,0.0
20230831_141252,1220,True,20230831_141252,282,True,1.0,0,0.0
20230907_185744,1349,True,20230907_185744,1850,True,1.0,0,0.0
20230907_185744,1359,True,20230907_185744,1661,True,1.0,0,0.0
20230805_191555,201,True,20230828_205214,1452,True,0.0,0,1.0
20230907_185744,1826,True,20230907_185744,1535,True,1.0,0,0.0
20230902_060137,224,True,20230902_060137,279,True,1.0,0,0.0
20230902_060137,299,True,20230902_060137,267,True,1.0,0,0.0
20230911_200338,214,False,20230828_205214,1427,True,0.0,0,1.0
20230807_062216,1283,True,20230807_062216,255,True,1.0,0,0.0
20230831_141252,1066,True,20230831_141252,1067,True,1.0,0,0.0
20230807_061410,500,False,20230807_061410,481,False,1.0,0,0.0
20230831_141252,1315,True,20230831_141252,269,True,1.0,0,0.0
20230831_141252,1315,True,20230805_191555,1106,True,0.0,0,1.0
20230907_185744,1412,True,20230907_185744,1459,True,1.0,0,0.0
20230807_062216,1286,True,20230807_062216,1081,True,1.0,0,0.0
20230805_191555,1101,True,20231006_192754,750,True,0.0,0,1.0
20230807_061410,493,False,20230831_053936,271,True,0.0,0,1.0
20230907_185744,1412,True,20230907_185744,1826,True,1.0,0,0.0
20230815_055951,179,True,20230815_055951,184,True,1.0,0,0.0
20230831_141252,1220,True,20230831_141252,254,True,1.0,0,0.0
20230831_162051,181,True,20230805_191555,1101,True,0.0,0,1.0
20230831_163856,1287,False,20230902_054933,229,True,0.0,0,1.0
20230902_060137,1403,True,20230902_060137,224,True,1.0,0,0.0
20230907_185744,1375,True,20230907_185744,880,True,1.0,0,0.0
20230805_191555,1117,True,20230807_060504,235,True,0.0,0,1.0
20230831_141252,301,True,20230831_141252,1066,True,1.0,0,0.0
20231006_192754,763,True,20230807_061410,1603,False,0.0,0,1.0
20230807_061410,493,False,20230831_141252,1315,True,0.0,0,1.0
20230907_185744,1698,True,20230902_060137,299,True,0.0,0,1.0
20230911_200338,235,False,20230828_205214,1452,True,0.0,0,1.0
20230907_185744,1349,True,20230815_055951,211,True,0.0,0,1.0
20230828_205214,1455,True,20230828_205214,1454,True,1.0,0,0.0
20230907_185744,1375,True,20230907_185744,1369,True,1.0,0,0.0
20230807_062216,1081,True,20230807_062216,255,True,1.0,0,0.0
20230807_060504,1412,True,20230831_141252,211,True,0.0,0,1.0
20230831_141252,269,True,20230831_141252,1225,True,1.0,0,0.0
20230831_141252,269,True,20230831_141252,1066,True,1.0,0,0.0
20230907_185744,1558,True,20230907_185744,1593,True,1.0,0,0.0
20230907_185744,1836,True,20230907_185744,244,True,1.0,0,0.0
20230902_060137,1419,True,20230902_060137,284,True,1.0,0,0.0
20230828_205214,1436,True,20230828_205214,311,True,1.0,0,0.0
20230831_141252,1225,True,20230902_060137,234,True,0.0,0,1.0
20230902_060137,224,True,20230911_200338,235,False,0.0,0,1.0
20230907_185744,1826,True,20230907_185744,1680,True,1.0,0,0.0
20230828_205214,1487,True,20230807_062216,1081,True,0.0,0,1.0
20230831_141252,282,True,20230831_141252,169,True,1.0,0,0.0
20230805_191555,199,True,20230805_191555,215,True,1.0,0,0.0
20230807_061410,481,False,20230805_145141,735,True,0.0,0,1.0
20230907_185744,1375,True,20230907_185744,1721,True,1.0,0,0.0
20230902_060137,250,True,20230902_060137,281,True,1.0,0,0.0
20230831_141252,1066,True,20230831_141252,281,True,1.0,0,0.0
20230828_205214,1455,True,20230907_185744,1664,True,0.0,0,1.0
20230902_060137,1397,True,20230831_053936,1450,True,0.0,0,1.0
20230805_145544,142,True,20230807_061410,487,False,0.0,0,1.0
20230807_060504,248,True,20230907_185744,1412,True,0.0,0,1.0
20230902_060137,1428,True,20230902_060137,1450,True,1.0,0,0.0
20230831_141252,1218,True,20230831_141252,269,True,1.0,0,0.0
20230805_191555,1106,True,20230807_062216,222,True,0.0,0,1.0
20230828_205214,296,True,20230828_205214,284,True,1.0,0,0.0
20230831_163856,1084,False,20230831_162051,178,True,0.0,0,1.0
20230831_053936,1301,True,20231006_192754,750,True,0.0,0,1.0
20230805_145141,706,True,20230807_061410,500,False,0.0,0,1.0
20230805_145544,168,True,20230907_185744,1566,True,0.0,0,1.0
20230831_162051,178,True,20230902_060137,284,True,0.0,0,1.0
20231005_200808,176,True,20230907_185744,1363,True,0.0,0,1.0
20230831_141252,282,True,20230831_141252,216,True,1.0,0,0.0
20230831_141252,216,True,20230831_141252,301,True,1.0,0,0.0
20230907_185744,1760,True,20230907_185744,1673,True,1.0,0,0.0
20230807_062216,1080,True,20230805_145544,149,True,0.0,0,1.0
20230828_205214,310,True,20230828_205214,1452,True,1.0,0,0.0
20230902_060137,1176,True,20230902_060137,296,True,1.0,0,0.0
20230828_205214,284,True,20230805_145141,706,True,0.0,0,1.0
20230907_185744,1571,True,20230907_185744,1935,True,1.0,0,0.0
20230828_205214,296,True,20230828_205214,1487,True,1.0,0,0.0
20230828_205214,286,True,20230907_185744,1349,True,0.0,0,1.0
20230907_185744,267,True,20230907_185744,1664,True,1.0,0,0.0
20230807_060504,244,True,20230828_205214,1436,True,0.0,0,1.0
20230907_185744,1367,True,20230907_185744,1644,True,1.0,0,0.0
20230902_060137,1397,True,20230815_055951,209,True,0.0,0,1.0
20230815_055951,1202,True,20230815_055951,211,True,1.0,0,0.0
20230805_191555,1103,True,20230902_054933,210,True,0.0,0,1.0
20230828_205214,1452,True,20230911_200338,235,False,0.0,0,1.0
20230807_062216,223,True,20230805_191555,237,True,0.0,0,1.0
20230907_185744,1412,True,20230907_185744,1940,True,1.0,0,0.0
20230831_162051,181,True,20230805_145544,152,True,0.0,0,1.0
20230828_205214,323,True,20230828_205214,1455,True,1.0,0,0.0
20230807_062216,1080,True,20230807_062216,1081,True,1.0,0,0.0
20230807_060504,250,True,20230902_054933,1102,True,0.0,0,1.0
20230907_185744,1566,True,20230828_205214,284,True,0.0,0,1.0
20230907_185744,1558,True,20230907_185744,322,True,1.0,0,0.0
20230805_191555,201,True,20230807_062216,1080,True,0.0,0,1.0
20230907_185744,1407,True,20230907_185744,1826,True,1.0,0,0.0
20230907_185744,1571,True,20230907_185744,1826,True,1.0,0,0.0
20230805_191555,1105,True,20230805_145544,185,True,0.0,0,1.0
20230907_185744,1367,True,20230907_185744,1891,True,1.0,0,0.0
20230902_060137,267,True,20230902_060137,1441,True,1.0,0,0.0
20230907_185744,1760,True,20230907_185744,1914,True,1.0,0,0.0
20230907_185744,1377,True,20230907_185744,1524,True,1.0,0,0.0
20230807_061410,485,False,20230807_061410,493,False,1.0,0,0.0
20230805_191555,225,True,20230805_191555,204,True,1.0,0,0.0
20230831_141252,269,True,20230831_141252,267,True,1.0,0,0.0
20230907_185744,1760,True,20230907_185744,1891,True,1.0,0,0.0
20230907_185744,1760,True,20230907_185744,1940,True,1.0,0,0.0
20230831_141252,169,True,20230831_141252,269,True,1.0,0,0.0
20230907_185744,1404,True,20230907_185744,1489,True,1.0,0,0.0
20230911_200338,985,False,20230911_200338,214,False,1.0,0,0.0
20230831_141252,1220,True,20230831_141252,269,True,1.0,0,0.0
20230831_053936,274,True,20230805_145141,735,True,0.0,0,1.0
20230907_185744,1826,True,20230907_185744,1404,True,1.0,0,0.0
20230828_205214,1231,True,20230907_185744,1558,True,0.0,0,1.0
20230907_185744,1571,True,20230907_185744,231,True,1.0,0,0.0
20230907_185744,1399,True,20230907_185744,1551,True,1.0,0,0.0
20230907_185744,1571,True,20230815_055951,184,True,0.0,0,1.0
20230805_145544,156,True,20230831_053936,271,True,0.0,0,1.0
20230902_060137,1441,True,20230902_060137,235,True,1.0,0,0.0
20230831_141252,169,True,20230902_060137,1165,True,0.0,0,1.0
20230907_185744,1412,True,20230907_185744,1524,True,1.0,0,0.0
20230907_185744,1940,True,20230907_185744,1828,True,1.0,0,0.0
20230907_185744,1836,True,20230907_185744,1593,True,1.0,0,0.0
20230902_054933,207,True,20231005_200808,175,True,0.0,0,1.0
20230831_053936,231,True,20230831_053936,1301,True,1.0,0,0.0
20230828_205214,1436,True,20230828_205214,1454,True,1.0,0,0.0
20230907_185744,1359,True,20230907_185744,1935,True,1.0,0,0.0
20230815_055951,169,True,20230911_200338,205,False,0.0,0,1.0
20230907_185744,267,True,20230907_185744,1524,True,1.0,0,0.0
20230907_185744,1366,True,20230907_185744,1913,True,1.0,0,0.0
20230831_141252,254,True,20230831_141252,259,True,1.0,0,0.0
20230828_205214,286,True,20230828_205214,1487,True,1.0,0,0.0
20230907_185744,1377,True,20230907_185744,1593,True,1.0,0,0.0
20230902_060137,1432,True,20230805_191555,215,True,0.0,0,1.0
20230902_060137,279,True,20230807_060504,192,True,0.0,0,1.0
20230907_185744,1375,True,20230907_185744,1571,True,1.0,0,0.0
20230828_205214,1455,True,20230828_205214,296,True,1.0,0,0.0
20230907_185744,1760,True,20230907_185744,255,True,1.0,0,0.0
20230902_060137,1419,True,20230902_060137,269,True,1.0,0,0.0
20231005_200808,175,True,20230902_054933,207,True,0.0,0,1.0
20230911_200338,229,False,20230831_160214,943,False,0.0,0,1.0
20230907_185744,1760,True,20230907_185744,1932,True,1.0,0,0.0
20230805_191555,1105,True,20230828_205214,1418,True,0.0,0,1.0
20230907_185744,1940,True,20230902_054933,1103,True,0.0,0,1.0
20230815_055951,191,True,20231005_200808,176,True,0.0,0,1.0
20230805_145141,998,True,20231005_200808,175,True,0.0,0,1.0
20230805_145544,185,True,20230807_061410,485,False,0.0,0,1.0
20230807_060504,192,True,20230831_160214,934,False,0.0,0,1.0
20230902_060137,1413,True,20230902_060137,279,True,1.0,0,0.0
20230805_145544,156,True,20230805_145544,142,True,1.0,0,0.0
20230902_060137,1397,True,20230805_145544,1066,True,0.0,0,1.0
20230828_205214,323,True,20230828_205214,1459,True,1.0,0,0.0
20231005_200808,196,True,20230807_062216,222,True,0.0,0,1.0
20230831_141252,281,True,20230831_141252,211,True,1.0,0,0.0
20230828_205214,1231,True,20230828_205214,311,True,1.0,0,0.0
20230907_185744,1558,True,20231005_200808,196,True,0.0,0,1.0
20230828_205214,297,True,20230907_185744,1760,True,0.0,0,1.0
20230907_185744,1399,True,20230907_185744,1480,True,1.0,0,0.0
20230807_062216,202,True,20230807_062216,223,True,1.0,0,0.0
20230805_191555,1117,True,20230828_205214,1426,True,0.0,0,1.0
20230807_062216,1283,True,20230815_055951,209,True,0.0,0,1.0
20230907_185744,1558,True,20230907_185744,1418,True,1.0,0,0.0
20230902_060137,267,True,20230902_060137,1432,True,1.0,0,0.0
20230907_185744,1407,True,20230907_185744,1836,True,1.0,0,0.0
20230907_185744,1359,True,20230907_185744,1699,True,1.0,0,0.0
20230907_185744,1349,True,20230907_185744,1937,True,1.0,0,0.0
20230907_185744,1367,True,20230907_185744,1855,True,1.0,0,0.0
20230828_205214,297,True,20230828_205214,1440,True,1.0,0,0.0
20230907_185744,1349,True,20230907_185744,300,True,1.0,0,0.0
20230907_185744,1940,True,20230907_185744,1918,True,1.0,0,0.0
20230831_141252,1220,True,20230831_141252,295,True,1.0,0,0.0
20230831_053936,1298,True,20230828_205214,1230,True,0.0,0,1.0
20230831_162051,178,True,20230805_191555,1117,True,0.0,0,1.0
20230815_055951,185,True,20230805_145141,730,True,0.0,0,1.0
20230807_060504,250,True,20230805_145544,156,True,0.0,0,1.0
20230815_055951,182,True,20230831_141252,210,True,0.0,0,1.0
20230902_060137,235,True,20230902_060137,234,True,1.0,0,0.0
20230902_060137,1419,True,20230902_060137,1171,True,1.0,0,0.0
20230907_185744,1363,True,20230907_185744,259,True,1.0,0,0.0
20230907_185744,1349,True,20230907_185744,292,True,1.0,0,0.0
20230907_185744,1366,True,20230907_185744,1369,True,1.0,0,0.0
20230907_185744,1404,True,20230907_185744,279,True,1.0,0,0.0
20230907_185744,1366,True,20230907_185744,1840,True,1.0,0,0.0
20230831_163856,1287,False,20230902_060137,250,True,0.0,0,1.0
20230831_141252,301,True,20230831_053936,255,True,0.0,0,1.0
20230831_160214,949,False,20230807_060504,256,True,0.0,0,1.0
20230907_185744,1377,True,20230907_185744,1940,True,1.0,0,0.0
20230907_185744,1826,True,20230907_185744,1940,True,1.0,0,0.0
20230815_055951,221,True,20230831_141252,301,True,0.0,0,1.0
20230815_055951,218,True,20230815_055951,221,True,1.0,0,0.0
20230807_062216,1286,True,20230807_062216,253,True,1.0,0,0.0
20230805_145544,193,True,20230805_145544,149,True,1.0,0,0.0
20230828_205214,1452,True,20230907_185744,1375,True,0.0,0,1.0
20230907_185744,1940,True,20230907_185744,1377,True,1.0,0,0.0
20230902_060137,224,True,20230831_141252,275,True,0.0,0,1.0
20230907_185744,1760,True,20230907_185744,1566,True,1.0,0,0.0
20230907_185744,1895,True,20230828_205214,311,True,0.0,0,1.0
20230902_060137,279,True,20230902_060137,1450,True,1.0,0,0.0
20230902_060137,250,True,20230902_060137,1164,True,1.0,0,0.0
20230911_200338,229,False,20230911_200338,213,False,1.0,0,0.0
20230831_141252,210,True,20230828_205214,1230,True,0.0,0,1.0
20230831_160214,934,False,20230831_160214,949,False,1.0,0,0.0
20230831_053936,231,True,20230911_200338,205,False,0.0,0,1.0
20230902_060137,1436,True,20230902_060137,1176,True,1.0,0,0.0
20230907_185744,1399,True,20230907_185744,1537,True,1.0,0,0.0
20230828_205214,310,True,20230828_205214,1446,True,1.0,0,0.0
20230805_145544,168,True,20230805_145544,149,True,1.0,0,0.0
20230828_205214,290,True,20230828_205214,1487,True,1.0,0,0.0
20230907_185744,1836,True,20230907_185744,1895,True,1.0,0,0.0
20231006_192754,763,True,20230805_145544,193,True,0.0,0,1.0
20230828_205214,286,True,20230828_205214,290,True,1.0,0,0.0
20230807_062216,1081,True,20230807_062216,1289,True,1.0,0,0.0
20230831_141252,210,True,20230831_141252,1218,True,1.0,0,0.0
20230831_053936,1450,True,20230831_141252,288,True,0.0,0,1.0
20230831_141252,1315,True,20230907_185744,1558,True,0.0,0,1.0
20230902_060137,1397,True,20230902_060137,1436,True,1.0,0,0.0
20231006_192754,748,True,20230828_205214,1427,True,0.0,0,1.0
20230907_185744,1407,True,20230907_185744,259,True,1.0,0,0.0
20230831_141252,1225,True,20230831_141252,1218,True,1.0,0,0.0
20230807_061410,485,False,20230815_055951,184,True,0.0,0,1.0
20230831_141252,216,True,20230831_141252,210,True,1.0,0,0.0
20230911_200338,213,False,20230911_200338,195,False,1.0,0,0.0
20230805_191555,1105,True,20230807_060504,256,True,0.0,0,1.0
20230907_185744,1940,True,20230907_185744,1501,True,1.0,0,0.0
20230902_054933,229,True,20230831_141252,1066,True,0.0,0,1.0
20230902_060137,1419,True,20230902_060137,250,True,1.0,0,0.0
20230807_062216,255,True,20230807_062216,254,True,1.0,0,0.0
20230831_141252,169,True,20230831_141252,288,True,1.0,0,0.0
20230828_205214,1426,True,20230828_205214,290,True,1.0,0,0.0
20230831_141252,1067,True,20230831_141252,1070,True,1.0,0,0.0
20230831_053936,1450,True,20230831_053936,274,True,1.0,0,0.0
20230907_185744,1377,True,20230907_185744,1404,True,1.0,0,0.0
20230831_141252,301,True,20230831_141252,169,True,1.0,0,0.0
20230907_185744,1359,True,20230907_185744,845,True,1.0,0,0.0
20231005_200808,191,True,20230831_053936,1298,True,0.0,0,1.0
20230902_060137,234,True,20230902_060137,1441,True,1.0,0,0.0
20230828_205214,1455,True,20230828_205214,286,True,1.0,0,0.0
20230828_205214,1231,True,20230828_205214,1427,True,1.0,0,0.0
20230828_205214,1426,True,20231006_192754,763,True,0.0,0,1.0
20230907_185744,1571,True,20230907_185744,1489,True,1.0,0,0.0
20230831_162051,192,True,20230831_162051,181,True,1.0,0,0.0
20230805_145544,185,True,20230831_163856,1287,False,0.0,0,1.0
20230907_185744,1399,True,20230907_185744,1932,True,1.0,0,0.0
20230907_185744,267,True,20230907_185744,880,True,1.0,0,0.0
20230805_191555,201,True,20230805_191555,225,True,1.0,0,0.0
20230807_062216,1283,True,20230805_191555,225,True,0.0,0,1.0
20230828_205214,290,True,20230828_205214,1474,True,1.0,0,0.0
20230907_185744,1407,True,20230907_185744,1497,True,1.0,0,0.0
20230805_145544,142,True,20230828_205214,1436,True,0.0,0,1.0
20230907_185744,1375,True,20230907_185744,1451,True,1.0,0,0.0
20230815_055951,184,True,20230815_055951,197,True,1.0,0,0.0
20230831_053936,231,True,20230902_060137,1441,True,0.0,0,1.0
20230911_200338,205,False,20230911_200338,985,False,1.0,0,0.0
20230907_185744,1407,True,20230907_185744,283,True,1.0,0,0.0
20230807_062216,247,True,20230807_062216,202,True,1.0,0,0.0
20230805_145141,710,True,20230805_145141,735,True,1.0,0,0.0
20231005_200808,196,True,20231005_200808,1091,True,1.0,0,0.0
20230911_200338,235,False,20230831_141252,275,True,0.0,0,1.0
20230831_053936,1298,True,20230831_053936,274,True,1.0,0,0.0
20230831_141252,216,True,20230831_141252,1315,True,1.0,0,0.0
20230831_141252,211,True,20230831_141252,301,True,1.0,0,0.0
20230828_205214,1231,True,20230828_205214,1487,True,1.0,0,0.0
20230902_060137,296,True,20230831_141252,1315,True,0.0,0,1.0
20230902_060137,1398,True,20230902_060137,1421,True,1.0,0,0.0
20230805_145141,730,True,20230805_145544,152,True,0.0,0,1.0
20230902_060137,281,True,20230805_145141,713,True,0.0,0,1.0
20230831_141252,281,True,20230831_141252,254,True,1.0,0,0.0
20230907_185744,1760,True,20230907_185744,1680,True,1.0,0,0.0
20230828_205214,1231,True,20230828_205214,1235,True,1.0,0,0.0
20230907_185744,1404,True,20230907_185744,1674,True,1.0,0,0.0
20230807_062216,202,True,20230807_062216,222,True,1.0,0,0.0
20230828_205214,1452,True,20230828_205214,1231,True,1.0,0,0.0
20230911_200338,1244,False,20230805_191555,225,True,0.0,0,1.0
20230907_185744,1404,True,20230902_060137,269,True,0.0,0,1.0
20230907_185744,1571,True,20230907_185744,1535,True,1.0,0,0.0
20230807_062216,210,True,20230807_062216,1286,True,1.0,0,0.0
20230831_141252,301,True,20230831_141252,1227,True,1.0,0,0.0
20230831_141252,1220,True,20230831_141252,1317,True,1.0,0,0.0
20230911_200338,1244,False,20230831_053936,1450,True,0.0,0,1.0
20230828_205214,1452,True,20230828_205214,290,True,1.0,0,0.0
20230828_205214,1487,True,20230828_205214,284,True,1.0,0,0.0
20230828_205214,1474,True,20230828_205214,1459,True,1.0,0,0.0
20230807_062216,215,True,20230902_060137,1183,True,0.0,0,1.0
20230907_185744,1375,True,20230907_185744,1412,True,1.0,0,0.0
20230815_055951,1202,True,20230815_055951,184,True,1.0,0,0.0
20230807_060504,235,True,20230807_062216,255,True,0.0,0,1.0
20230907_185744,1366,True,20230907_185744,1678,True,1.0,0,0.0
20230828_205214,296,True,20230805_191555,199,True,0.0,0,1.0
20230907_185744,1375,True,20230907_185744,1501,True,1.0,0,0.0
20230807_060504,1412,True,20230807_060504,244,True,1.0,0,0.0
20230907_185744,1407,True,20230902_060137,1419,True,0.0,0,1.0
20230831_163856,1282,False,20230831_163856,1066,False,1.0,0,0.0
20230805_145544,1066,True,20230805_145544,142,True,1.0,0,0.0
20230828_205214,1230,True,20230828_205214,296,True,1.0,0,0.0
20230902_060137,269,True,20230902_060137,224,True,1.0,0,0.0
20230831_141252,301,True,20230815_055951,221,True,0.0,0,1.0
20230828_205214,1418,True,20230828_205214,1454,True,1.0,0,0.0
20230907_185744,1367,True,20230907_185744,1349,True,1.0,0,0.0
20230831_141252,211,True,20230831_141252,1067,True,1.0,0,0.0
20230807_062216,1292,True,20230807_062216,215,True,1.0,0,0.0
20230902_060137,1183,True,20230902_060137,250,True,1.0,0,0.0
20230907_185744,1359,True,20230907_185744,293,True,1.0,0,0.0
20230902_060137,1432,True,20230902_060137,296,True,1.0,0,0.0
20230807_062216,215,True,20230807_062216,254,True,1.0,0,0.0
20230831_141252,254,True,20230831_141252,1220,True,1.0,0,0.0
20230828_205214,1440,True,20230828_205214,297,True,1.0,0,0.0
20230831_163856,1084,False,20230807_061410,1603,False,0.0,0,1.0
20230831_141252,1317,True,20230831_141252,1066,True,1.0,0,0.0
20230805_191555,1101,True,20230805_191555,1105,True,1.0,0,0.0
20230831_141252,282,True,20230831_141252,1220,True,1.0,0,0.0
20230815_055951,184,True,20230815_055951,169,True,1.0,0,0.0
20230902_060137,250,True,20230902_060137,1171,True,1.0,0,0.0
20230907_185744,1377,True,20230907_185744,1723,True,1.0,0,0.0
20230807_062216,1292,True,20230807_062216,223,True,1.0,0,0.0
20230902_060137,1171,True,20230902_060137,226,True,1.0,0,0.0
20230815_055951,197,True,20230815_055951,211,True,1.0,0,0.0
20230907_185744,1571,True,20230907_185744,1926,True,1.0,0,0.0
20230831_053936,1298,True,20230807_060504,248,True,0.0,0,1.0
20231006_192754,750,True,20230807_062216,253,True,0.0,0,1.0
20230807_061410,495,False,20230807_062216,253,True,0.0,0,1.0
20230911_200338,214,False,20230831_141252,1067,True,0.0,0,1.0
20230907_185744,1377,True,20230907_185744,1359,True,1.0,0,0.0
20230807_062216,1289,True,20230807_062216,254,True,1.0,0,0.0
20230831_141252,210,True,20230805_145141,713,True,0.0,0,1.0
20230831_053936,1298,True,20230831_053936,271,True,1.0,0,0.0
20230828_205214,1235,True,20230828_205214,323,True,1.0,0,0.0
20230831_053936,1298,True,20231005_200808,191,True,0.0,0,1.0
20230907_185744,1940,True,20230907_185744,1914,True,1.0,0,0.0
20230907_185744,1367,True,20230907_185744,1934,True,1.0,0,0.0
20230907_185744,1349,True,20230907_185744,1895,True,1.0,0,0.0
20230902_054933,207,True,20231006_192754,763,True,0.0,0,1.0
20230907_185744,1399,True,20230907_185744,1929,True,1.0,0,0.0
20230902_060137,1397,True,20230902_060137,299,True,1.0,0,0.0
20230907_185744,1349,True,20230907_185744,1537,True,1.0,0,0.0
20230805_191555,1106,True,20230805_145141,703,True,0.0,0,1.0
20230902_060137,1408,True,20230902_060137,1421,True,1.0,0,0.0
20230831_141252,288,True,20230831_141252,1066,True,1.0,0,0.0
20230907_185744,1826,True,20230907_185744,1366,True,1.0,0,0.0
20230805_145141,703,True,20230907_185744,1558,True,0.0,0,1.0
20230805_191555,1105,True,20230805_191555,1117,True,1.0,0,0.0
20231005_200808,175,True,20231006_192754,763,True,0.0,0,1.0
20230807_060504,192,True,20230831_053936,1301,True,0.0,0,1.0
20230907_185744,1349,True,20230907_185744,267,True,1.0,0,0.0
20230807_062216,1292,True,20230807_062216,1080,True,1.0,0,0.0
20230907_185744,1404,True,20230907_185744,1899,True,1.0,0,0.0
20230828_205214,1487,True,20230828_205214,311,True,1.0,0,0.0
20230907_185744,267,True,20230907_185744,1518,True,1.0,0,0.0
20230902_060137,224,True,20230831_053936,268,True,0.0,0,1.0
20230828_205214,1452,True,20230828_205214,1443,True,1.0,0,0.0
20230907_185744,1760,True,20230907_185744,1497,True,1.0,0,0.0
20230902_060137,226,True,20230902_060137,1183,True,1.0,0,0.0
20230907_185744,1412,True,20230907_185744,1480,True,1.0,0,0.0
20230831_141252,295,True,20230831_141252,1225,True,1.0,0,0.0
20230831_141252,1317,True,20230831_141252,295,True,1.0,0,0.0
20230828_205214,323,True,20230828_205214,297,True,1.0,0,0.0
20230831_053936,1450,True,20230831_053936,1305,True,1.0,0,0.0
20230902_060137,281,True,20230902_060137,1176,True,1.0,0,0.0
20230828_205214,1436,True,20230807_060504,244,True,0.0,0,1.0
20230828_205214,1231,True,20230828_205214,310,True,1.0,0,0.0
20230831_141252,295,True,20230831_141252,1070,True,1.0,0,0.0
20230828_205214,290,True,20230828_205214,1454,True,1.0,0,0.0
20230807_061410,1603,False,20230807_061410,474,False,1.0,0,0.0
20230907_185744,1760,True,20230907_185744,1537,True,1.0,0,0.0
20230902_060137,1164,True,20230902_060137,1165,True,1.0,0,0.0
20230828_205214,271,True,20230828_205214,1454,True,1.0,0,0.0
20230831_141252,1070,True,20230805_145544,193,True,0.0,0,1.0
20230907_185744,1399,True,20230907_185744,1826,True,1.0,0,0.0
20230831_141252,216,True,20230902_054933,1103,True,0.0,0,1.0
20230831_141252,282,True,20230831_141252,1315,True,1.0,0,0.0
20230805_145141,716,True,20230902_054933,229,True,0.0,0,1.0
20230828_205214,1454,True,20230828_205214,1487,True,1.0,0,0.0
20230805_145141,998,True,20230828_205214,1426,True,0.0,0,1.0
20230807_061410,474,False,20230807_061410,493,False,1.0,0,0.0
20230831_053936,271,True,20230807_061410,493,False,0.0,0,1.0
20230902_054933,224,True,20230805_191555,237,True,0.0,0,1.0
20230828_205214,296,True,20230828_205214,1459,True,1.0,0,0.0
20230831_160214,937,False,20230831_160214,943,False,1.0,0,0.0
20230907_185744,1404,True,20230907_185744,1355,True,1.0,0,0.0
20230807_061410,474,False,20230815_055951,182,True,0.0,0,1.0
20230831_141252,211,True,20230831_053936,231,True,0.0,0,1.0
20230831_163856,1085,False,20230911_200338,213,False,0.0,0,1.0
20230831_053936,268,True,20230902_060137,224,True,0.0,0,1.0
20230911_200338,985,False,20230911_200338,1244,False,1.0,0,0.0
20230907_185744,1571,True,20230907_185744,279,True,1.0,0,0.0
20230805_191555,237,True,20230805_191555,1106,True,1.0,0,0.0
20230907_185744,1366,True,20230902_060137,234,True,0.0,0,1.0
20230831_141252,1066,True,20230831_141252,1218,True,1.0,0,0.0
20230831_141252,1315,True,20230831_141252,1218,True,1.0,0,0.0
20230831_053936,274,True,20230831_160214,937,False,0.0,0,1.0
20230907_185744,1407,True,20230828_205214,1446,True,0.0,0,1.0
20230902_060137,281,True,20230902_060137,1408,True,1.0,0,0.0
20230907_185744,1940,True,20231006_192754,750,True,0.0,0,1.0
20230831_053936,274,True,20230831_162051,192,True,0.0,0,1.0
20230807_061410,481,False,20230807_061410,473,False,1.0,0,0.0
20230907_185744,1412,True,20230907_185744,261,True,1.0,0,0.0
20230911_200338,213,False,20230831_163856,1085,False,0.0,0,1.0
20230907_185744,1377,True,20230807_061410,1603,False,0.0,0,1.0
20230807_061410,474,False,20230807_061410,1603,False,1.0,0,0.0
20230805_145544,1066,True,20230831_053936,1450,True,0.0,0,1.0
20230907_185744,1349,True,20230907_185744,1934,True,1.0,0,0.0
20230902_054933,207,True,20230807_060504,235,True,0.0,0,1.0
20230807_061410,1603,False,20230805_145141,998,True,0.0,0,1.0
20230828_205214,290,True,20230828_205214,296,True,1.0,0,0.0
20230828_205214,284,True,20230828_205214,1459,True,1.0,0,0.0
20230907_185744,1375,True,20230907_185744,1418,True,1.0,0,0.0
20230902_060137,296,True,20230902_060137,1428,True,1.0,0,0.0
20230902_054933,1103,True,20230902_054933,229,True,1.0,0,0.0
20230831_053936,1450,True,20230831_053936,268,True,1.0,0,0.0
20230902_060137,1165,True,20230902_060137,284,True,1.0,0,0.0
20230907_185744,1407,True,20230907_185744,1418,True,1.0,0,0.0
20230907_185744,1940,True,20230907_185744,1699,True,1.0,0,0.0
20231005_200808,176,True,20230815_055951,191,True,0.0,0,1.0
20230831_053936,274,True,20230828_205214,1427,True,0.0,0,1.0
20230902_060137,269,True,20230902_060137,1432,True,1.0,0,0.0
20230907_185744,1399,True,20230907_185744,265,True,1.0,0,0.0
20230831_141252,301,True,20230831_141252,295,True,1.0,0,0.0
20230805_145141,716,True,20230807_060504,256,True,0.0,0,1.0
20230831_141252,1218,True,20230831_141252,1225,True,1.0,0,0.0
20230907_185744,1399,True,20230907_185744,1674,True,1.0,0,0.0
20230807_062216,254,True,20231006_192754,748,True,0.0,0,1.0
20230805_145544,168,True,20230807_060504,1412,True,0.0,0,1.0
20230831_141252,281,True,20230831_141252,259,True,1.0,0,0.0
20230828_205214,290,True,20230828_205214,1230,True,1.0,0,0.0
20230828_205214,1474,True,20230828_205214,311,True,1.0,0,0.0
20230831_141252,1317,True,20230805_145141,710,True,0.0,0,1.0
20230902_060137,284,True,20230902_060137,235,True,1.0,0,0.0
20230805_191555,219,True,20230805_191555,1105,True,1.0,0,0.0
20230805_145141,710,True,20230805_145544,142,True,0.0,0,1.0
20230805_145544,168,True,20230902_060137,1441,True,0.0,0,1.0
20230907_185744,1826,True,20230907_185744,1377,True,1.0,0,0.0
20230828_205214,290,True,20230828_205214,310,True,1.0,0,0.0
20230831_053936,1450,True,20230831_053936,231,True,1.0,0,0.0
20230815_055951,197,True,20230902_060137,269,True,0.0,0,1.0
20230902_060137,235,True,20230902_060137,1164,True,1.0,0,0.0
20230828_205214,1497,True,20230831_141252,254,True,0.0,0,1.0
20230828_205214,1446,True,20230828_205214,1231,True,1.0,0,0.0
20230828_205214,271,True,20230828_205214,1426,True,1.0,0,0.0
20230907_185744,1377,True,20230911_200338,229,False,0.0,0,1.0
20230907_185744,1375,True,20230907_185744,1479,True,1.0,0,0.0
20230907_185744,1412,True,20230907_185744,1501,True,1.0,0,0.0
20230831_141252,216,True,20230805_191555,1101,True,0.0,0,1.0
20230807_062216,1081,True,20230807_062216,254,True,1.0,0,0.0
20230805_145544,185,True,20230805_145544,142,True,1.0,0,0.0
20230805_191555,1105,True,20230815_055951,184,True,0.0,0,1.0
20230907_185744,1399,True,20230907_185744,1644,True,1.0,0,0.0
20230907_185744,1826,True,20230907_185744,1661,True,1.0,0,0.0
20230907_185744,1367,True,20230907_185744,1895,True,1.0,0,0.0
20230907_185744,1377,True,20230907_185744,1399,True,1.0,0,0.0
20230907_185744,1760,True,20230907_185744,293,True,1.0,0,0.0
20230828_205214,297,True,20230828_205214,1487,True,1.0,0,0.0
20230807_062216,255,True,20230805_145141,998,True,0.0,0,1.0
20230807_062216,222,True,20230805_145544,156,True,0.0,0,1.0
20230902_060137,1165,True,20230902_060137,1413,True,1.0,0,0.0
20230907_185744,1375,True,20230907_185744,265,True,1.0,0,0.0
20230907_185744,1826,True,20230907_185744,1934,True,1.0,0,0.0
20230828_205214,1487,True,20230828_205214,1436,True,1.0,0,0.0
20230907_185744,1359,True,20230907_185744,267,True,1.0,0,0.0
20230828_205214,311,True,20230828_205214,1235,True,1.0,0,0.0
20230807_060504,235,True,20230831_160214,943,False,0.0,0,1.0
20230907_185744,1375,True,20230907_185744,322,True,1.0,0,0.0
20230815_055951,218,True,20230831_053936,1303,True,0.0,0,1.0
20230907_185744,1826,True,20230907_185744,292,True,1.0,0,0.0
20230815_055951,1202,True,20230902_060137,1419,True,0.0,0,1.0
20230907_185744,1349,True,20230907_185744,1914,True,1.0,0,0.0
20230805_191555,201,True,20230805_191555,199,True,1.0,0,0.0
20230911_200338,204,False,20230911_200338,987,False,1.0,0,0.0
20230828_205214,1474,True,20230828_205214,1443,True,1.0,0,0.0
20230828_205214,1474,True,20230828_205214,1465,True,1.0,0,0.0
20230805_145544,193,True,20230807_060504,235,True,0.0,0,1.0
20230907_185744,1759,True,20230907_185744,1399,True,1.0,0,0.0
20230902_060137,1398,True,20230902_060137,1397,True,1.0,0,0.0
20230828_205214,1459,True,20230828_205214,1474,True,1.0,0,0.0
20230907_185744,1377,True,20230907_185744,1460,True,1.0,0,0.0
20230907_185744,1412,True,20230907_185744,845,True,1.0,0,0.0
20230902_060137,1421,True,20230902_060137,1441,True,1.0,0,0.0
20230828_205214,1427,True,20230831_163856,1090,False,0.0,0,1.0
20230902_060137,1432,True,20230907_185744,1836,True,0.0,0,1.0
20230831_053936,1304,True,20230907_185744,1404,True,0.0,0,1.0
20230902_054933,224,True,20230902_054933,208,True,1.0,0,0.0
20230831_141252,169,True,20230831_141252,1066,True,1.0,0,0.0
20230831_141252,169,True,20230831_141252,1218,True,1.0,0,0.0
20230907_185744,1407,True,20230907_185744,267,True,1.0,0,0.0
20230907_185744,1826,True,20230907_185744,1914,True,1.0,0,0.0
20230902_060137,269,True,20230902_060137,281,True,1.0,0,0.0
20230907_185744,1759,True,20230805_145544,1066,True,0.0,0,1.0
20230902_060137,284,True,20230902_060137,281,True,1.0,0,0.0
20230902_060137,1428,True,20230902_060137,296,True,1.0,0,0.0
20230907_185744,1836,True,20230907_185744,1674,True,1.0,0,0.0
20230828_205214,1426,True,20230828_205214,1230,True,1.0,0,0.0
20230902_054933,1102,True,20230902_054933,224,True,1.0,0,0.0
20230828_205214,1496,True,20230828_205214,1474,True,1.0,0,0.0
20230828_205214,310,True,20230907_185744,270,True,0.0,0,1.0
20230907_185744,1558,True,20230907_185744,1892,True,1.0,0,0.0
20230907_185744,1836,True,20230907_185744,1664,True,1.0,0,0.0
20230805_145141,730,True,20230831_160214,934,False,0.0,0,1.0
20230807_060504,191,True,20230911_200338,214,False,0.0,0,1.0
20230828_205214,290,True,20230828_205214,1452,True,1.0,0,0.0
20230828_205214,1418,True,20230828_205214,1230,True,1.0,0,0.0
20230907_185744,1363,True,20230907_185744,1934,True,1.0,0,0.0
20230828_205214,1496,True,20230828_205214,1443,True,1.0,0,0.0
20230831_141252,211,True,20230831_141252,216,True,1.0,0,0.0
20230831_163856,1085,False,20230831_162051,181,True,0.0,0,1.0
20230831_141252,288,True,20230831_141252,1225,True,1.0,0,0.0
20230902_060137,1432,True,20230911_200338,195,False,0.0,0,1.0
20230902_060137,1441,True,20230902_060137,296,True,1.0,0,0.0
20230907_185744,1558,True,20230907_185744,1937,True,1.0,0,0.0
20230831_163856,1085,False,20230805_145544,152,True,0.0,0,1.0
20230828_205214,310,True,20230828_205214,296,True,1.0,0,0.0
20230805_191555,198,True,20230805_191555,1101,True,1.0,0,0.0
20230907_185744,1359,True,20230907_185744,1891,True,1.0,0,0.0
20230911_200338,1244,False,20230911_200338,210,False,1.0,0,0.0
20230907_185744,1571,True,20230907_185744,1699,True,1.0,0,0.0
20230831_141252,216,True,20230831_141252,211,True,1.0,0,0.0
20230828_205214,1440,True,20230828_205214,1436,True,1.0,0,0.0
20230828_205214,1497,True,20230828_205214,284,True,1.0,0,0.0
20230807_062216,214,True,20230807_062216,1080,True,1.0,0,0.0
20230907_185744,1940,True,20230907_185744,1521,True,1.0,0,0.0
20230807_061410,473,False,20230805_191555,225,True,0.0,0,1.0
20230907_185744,1377,True,20230907_185744,1836,True,1.0,0,0.0
20230911_200338,213,False,20230911_200338,1244,False,1.0,0,0.0
20230807_060504,256,True,20230831_141252,1066,True,0.0,0,1.0
20230902_060137,1421,True,20230902_060137,1164,True,1.0,0,0.0
20230907_185744,1759,True,20230907_185744,1918,True,1.0,0,0.0
20230907_185744,1363,True,20230907_185744,1848,True,1.0,0,0.0
20230831_141252,1066,True,20230805_145544,185,True,0.0,0,1.0
20230911_200338,204,False,20230911_200338,213,False,1.0,0,0.0
20230805_145544,168,True,20230805_145544,193,True,1.0,0,0.0
20230907_185744,1363,True,20230907_185744,322,True,1.0,0,0.0
20230828_205214,1446,True,20230828_205214,1465,True,1.0,0,0.0
20230907_185744,267,True,20230907_185744,1412,True,1.0,0,0.0
20230831_162051,181,True,20230831_160214,934,False,0.0,0,1.0
20230831_141252,1220,True,20230831_141252,1227,True,1.0,0,0.0
20230805_191555,224,True,20230807_061410,474,False,0.0,0,1.0
20230902_054933,1103,True,20230831_053936,1301,True,0.0,0,1.0
20230831_162051,181,True,20230805_145141,730,True,0.0,0,1.0
20230828_205214,1455,True,20230828_205214,311,True,1.0,0,0.0
20230828_205214,1496,True,20230828_205214,1426,True,1.0,0,0.0
20230911_200338,210,False,20230831_141252,1315,True,0.0,0,1.0
20230805_191555,225,True,20230805_191555,237,True,1.0,0,0.0
20230828_205214,1230,True,20230828_205214,1446,True,1.0,0,0.0
20230907_185744,1571,True,20230902_060137,250,True,0.0,0,1.0
20231005_200808,208,True,20230907_185744,1404,True,0.0,0,1.0
20230907_185744,1375,True,20230907_185744,1489,True,1.0,0,0.0
20230902_060137,299,True,20230902_060137,279,True,1.0,0,0.0
20230805_145141,703,True,20230805_145141,716,True,1.0,0,0.0
20230831_163856,1084,False,20230828_205214,1426,True,0.0,0,1.0
20230907_185744,1363,True,20230907_185744,1699,True,1.0,0,0.0
20231005_200808,176,True,20230831_163856,1090,False,0.0,0,1.0
20230831_141252,301,True,20230831_141252,211,True,1.0,0,0.0
20230902_060137,1428,True,20230828_205214,311,True,0.0,0,1.0
20230831_141252,1225,True,20230831_141252,295,True,1.0,0,0.0
20230805_145141,713,True,20230805_145141,710,True,1.0,0,0.0
20230805_191555,1105,True,20230805_191555,224,True,1.0,0,0.0
20230911_200338,232,False,20230828_205214,1446,True,0.0,0,1.0
20230902_060137,224,True,20230805_145544,149,True,0.0,0,1.0
20230831_053936,268,True,20230907_185744,1375,True,0.0,0,1.0
20230907_185744,1363,True,20230907_185744,291,True,1.0,0,0.0
20230902_060137,284,True,20230902_060137,1432,True,1.0,0,0.0
20230805_145544,178,True,20230805_145141,735,True,0.0,0,1.0
20230831_141252,301,True,20230831_141252,269,True,1.0,0,0.0
20230831_141252,301,True,20230831_141252,282,True,1.0,0,0.0
20230907_185744,1377,True,20230907_185744,1929,True,1.0,0,0.0
20230907_185744,267,True,20230907_185744,1375,True,1.0,0,0.0
20230902_060137,1432,True,20230902_060137,1441,True,1.0,0,0.0
20230907_185744,1895,True,20230902_060137,1428,True,0.0,0,1.0
20230807_062216,1292,True,20230828_205214,284,True,0.0,0,1.0
20230902_060137,281,True,20230902_060137,1183,True,1.0,0,0.0
20230907_185744,1760,True,20230907_185744,265,True,1.0,0,0.0
20230907_185744,267,True,20230907_185744,1914,True,1.0,0,0.0
20230902_054933,229,True,20230902_060137,250,True,0.0,0,1.0
20230902_060137,224,True,20230902_060137,1176,True,1.0,0,0.0
20230907_185744,1377,True,20230907_185744,1937,True,1.0,0,0.0
20230807_062216,1081,True,20230807_062216,215,True,1.0,0,0.0
20230907_185744,1399,True,20230907_185744,1913,True,1.0,0,0.0
20230911_200338,204,False,20230815_055951,197,True,0.0,0,1.0
20230828_205214,311,True,20230828_205214,297,True,1.0,0,0.0
20230805_145544,152,True,20230805_145544,143,True,1.0,0,0.0
20230902_060137,250,True,20230902_060137,1441,True,1.0,0,0.0
20230807_060504,244,True,20230815_055951,197,True,0.0,0,1.0
20230907_185744,1558,True,20230907_185744,1932,True,1.0,0,0.0
20230831_053936,1304,True,20230805_145141,710,True,0.0,0,1.0
20230907_185744,1412,True,20230907_185744,255,True,1.0,0,0.0
20230805_191555,1103,True,20230805_191555,1101,True,1.0,0,0.0
20230828_205214,1487,True,20230907_185744,1836,True,0.0,0,1.0
20230807_062216,1286,True,20230805_145544,143,True,0.0,0,1.0
20230907_185744,1366,True,20230907_185744,1412,True,1.0,0,0.0
20230907_185744,1826,True,20230907_185744,1913,True,1.0,0,0.0
20230902_060137,1397,True,20230911_200338,1244,False,0.0,0,1.0
20230907_185744,1836,True,20230907_185744,1840,True,1.0,0,0.0
20230907_185744,267,True,20230907_185744,1836,True,1.0,0,0.0
20230907_185744,1367,True,20230907_185744,1459,True,1.0,0,0.0
20230911_200338,205,False,20230815_055951,169,True,0.0,0,1.0
20230807_062216,1080,True,20230807_062216,215,True,1.0,0,0.0
20230907_185744,1836,True,20230828_205214,1487,True,0.0,0,1.0
20230828_205214,296,True,20230828_205214,1454,True,1.0,0,0.0
20230807_062216,1292,True,20230807_061410,500,False,0.0,0,1.0
20230807_062216,214,True,20230807_062216,253,True,1.0,0,0.0
20230907_185744,1363,True,20230907_185744,1355,True,1.0,0,0.0
20230805_145544,193,True,20230805_145141,998,True,0.0,0,1.0
20230902_060137,1441,True,20230902_060137,269,True,1.0,0,0.0
20230907_185744,1367,True,20230907_185744,1680,True,1.0,0,0.0
20230911_200338,213,False,20230828_205214,1235,True,0.0,0,1.0
20230828_205214,1497,True,20230828_205214,286,True,1.0,0,0.0
20230807_060504,192,True,20230815_055951,185,True,0.0,0,1.0
20230828_205214,323,True,20230828_205214,1496,True,1.0,0,0.0
20230907_185744,1566,True,20230907_185744,1840,True,1.0,0,0.0
20230831_160214,943,False,20230831_141252,1070,True,0.0,0,1.0
20230828_205214,290,True,20230807_062216,1283,True,0.0,0,1.0
20230828_205214,286,True,20230828_205214,1440,True,1.0,0,0.0
20230902_060137,1171,True,20230902_060137,1421,True,1.0,0,0.0
20230807_062216,253,True,20230831_162051,181,True,0.0,0,1.0
20230805_191555,237,True,20230805_191555,1105,True,1.0,0,0.0
20230907_185744,1359,True,20230907_185744,260,True,1.0,0,0.0
20230828_205214,1443,True,20230828_205214,1487,True,1.0,0,0.0
20230902_060137,1413,True,20230902_060137,1165,True,1.0,0,0.0
20230805_191555,1106,True,20230805_191555,237,True,1.0,0,0.0
20230805_145141,716,True,20230831_053936,1305,True,0.0,0,1.0
20230911_200338,213,False,20230911_200338,214,False,1.0,0,0.0
20230805_145141,706,True,20230815_055951,169,True,0.0,0,1.0
20230911_200338,985,False,20230807_060504,248,True,0.0,0,1.0
20230902_060137,1403,True,20230902_060137,296,True,1.0,0,0.0
20230907_185744,1566,True,20230907_185744,1855,True,1.0,0,0.0
20230907_185744,1375,True,20230907_185744,1725,True,1.0,0,0.0
20230902_060137,1421,True,20230902_060137,279,True,1.0,0,0.0
20230805_145141,998,True,20230807_061410,1603,False,0.0,0,1.0
20230907_185744,1367,True,20230831_141252,254,True,0.0,0,1.0
20230902_060137,299,True,20230902_060137,1428,True,1.0,0,0.0
20230902_054933,210,True,20230902_054933,1103,True,1.0,0,0.0
20230902_060137,1403,True,20230902_060137,267,True,1.0,0,0.0
20230907_185744,1937,True,20230828_205214,1465,True,0.0,0,1.0
20230805_145544,185,True,20230807_060504,256,True,0.0,0,1.0
20230831_141252,1070,True,20230831_141252,1066,True,1.0,0,0.0
20230902_060137,1408,True,20230902_060137,1183,True,1.0,0,0.0
20230911_200338,985,False,20230902_054933,208,True,0.0,0,1.0
20230902_060137,1176,True,20230902_060137,1432,True,1.0,0,0.0
20230805_145141,703,True,20230815_055951,179,True,0.0,0,1.0
20230831_141252,269,True,20230831_141252,169,True,1.0,0,0.0
20230807_062216,254,True,20230807_062216,215,True,1.0,0,0.0
20230805_191555,1103,True,20230805_191555,224,True,1.0,0,0.0
20231006_192754,763,True,20230805_191555,1117,True,0.0,0,1.0
20230907_185744,1940,True,20230907_185744,1937,True,1.0,0,0.0
20230907_185744,1375,True,20230907_185744,1680,True,1.0,0,0.0
20230831_141252,269,True,20230831_141252,282,True,1.0,0,0.0
20230902_054933,210,True,20230907_185744,1363,True,0.0,0,1.0
20230805_145544,178,True,20230831_053936,274,True,0.0,0,1.0
20230907_185744,1566,True,20230907_185744,1721,True,1.0,0,0.0
20230828_205214,286,True,20230828_205214,1452,True,1.0,0,0.0
20230907_185744,1359,True,20230907_185744,279,True,1.0,0,0.0
20230907_185744,1826,True,20230907_185744,845,True,1.0,0,0.0
20230902_054933,207,True,20230831_053936,1303,True,0.0,0,1.0
20230831_141252,1067,True,20230831_141252,269,True,1.0,0,0.0
20230902_060137,226,True,20230902_060137,1421,True,1.0,0,0.0
20231005_200808,196,True,20231005_200808,176,True,1.0,0,0.0
20230902_060137,1419,True,20230902_060137,1397,True,1.0,0,0.0
20230907_185744,1377,True,20230907_185744,1899,True,1.0,0,0.0
20230828_205214,1443,True,20230828_205214,1455,True,1.0,0,0.0
20230907_185744,1349,True,20230907_185744,1451,True,1.0,0,0.0
20230805_145544,178,True,20230807_061410,481,False,0.0,0,1.0
20230907_185744,1836,True,20230907_185744,1701,True,1.0,0,0.0
20230907_185744,1366,True,20230907_185744,1355,True,1.0,0,0.0
20230911_200338,1244,False,20230911_200338,235,False,1.0,0,0.0
20230907_185744,1407,True,20230907_185744,1493,True,1.0,0,0.0
20230907_185744,1566,True,20230907_185744,260,True,1.0,0,0.0
20230807_062216,1292,True,20230807_062216,1081,True,1.0,0,0.0
20230902_060137,269,True,20230902_054933,224,True,0.0,0,1.0
20230907_185744,1377,True,20230907_185744,1674,True,1.0,0,0.0
20230907_185744,1940,True,20230907_185744,1673,True,1.0,0,0.0
20230807_061410,487,False,20230807_061410,495,False,1.0,0,0.0
20230831_141252,211,True,20230805_145544,168,True,0.0,0,1.0
20230828_205214,1497,True,20230828_205214,1459,True,1.0,0,0.0
20230911_200338,213,False,20230831_141252,216,True,0.0,0,1.0
20230831_053936,1305,True,20230831_053936,1301,True,1.0,0,0.0
20230907_185744,1759,True,20230907_185744,291,True,1.0,0,0.0
20230902_054933,207,True,20230902_060137,284,True,0.0,0,1.0
20230805_191555,1117,True,20230805_191555,198,True,1.0,0,0.0
20230831_053936,1298,True,20230831_053936,1305,True,1.0,0,0.0
20230907_185744,1412,True,20230907_185744,1593,True,1.0,0,0.0
20230907_185744,1367,True,20230907_185744,1359,True,1.0,0,0.0
20230907_185744,1558,True,20230907_185744,1682,True,1.0,0,0.0
20230907_185744,1407,True,20230907_185744,1551,True,1.0,0,0.0
20230902_060137,226,True,20230902_060137,1171,True,1.0,0,0.0
20230828_205214,1426,True,20230828_205214,1440,True,1.0,0,0.0
20230902_060137,1436,True,20230902_060137,1408,True,1.0,0,0.0
20230807_062216,1292,True,20230807_062216,253,True,1.0,0,0.0
20230805_145544,185,True,20230805_145544,156,True,1.0,0,0.0
20230807_062216,1283,True,20230807_061410,473,False,0.0,0,1.0
20230907_185744,1377,True,20230907_185744,1896,True,1.0,0,0.0
20230831_141252,1317,True,20230828_205214,1436,True,0.0,0,1.0
20230907_185744,1367,True,20230907_185744,1363,True,1.0,0,0.0
20230807_060504,191,True,20230807_060504,250,True,1.0,0,0.0
20230907_185744,1760,True,20230907_185744,1721,True,1.0,0,0.0
20230907_185744,1404,True,20230907_185744,1929,True,1.0,0,0.0
20230805_145141,716,True,20230911_200338,987,False,0.0,0,1.0
20230805_145141,710,True,20230828_205214,1436,True,0.0,0,1.0
20230902_060137,1403,True,20230828_205214,310,True,0.0,0,1.0
20230907_185744,1377,True,20230907_185744,1828,True,1.0,0,0.0
20230907_185744,1349,True,20230907_185744,1760,True,1.0,0,0.0
20230807_062216,247,True,20230831_053936,1305,True,0.0,0,1.0
20230831_163856,1287,False,20230807_060504,256,True,0.0,0,1.0
20230807_061410,493,False,20230828_205214,1231,True,0.0,0,1.0
20230807_060504,244,True,20230911_200338,204,False,0.0,0,1.0
20230907_185744,1759,True,20230907_185744,1571,True,1.0,0,0.0
20230831_053936,1305,True,20230831_160214,949,False,0.0,0,1.0
20230828_205214,1465,True,20230828_205214,297,True,1.0,0,0.0
20230907_185744,1349,True,20230907_185744,1524,True,1.0,0,0.0
20230828_205214,1426,True,20230828_205214,1418,True,1.0,0,0.0
20230831_141252,210,True,20230831_141252,281,True,1.0,0,0.0
20230907_185744,1759,True,20230907_185744,267,True,1.0,0,0.0
20230902_060137,1398,True,20230902_060137,1164,True,1.0,0,0.0
20230911_200338,214,False,20230807_061410,481,False,0.0,0,1.0
20230907_185744,1566,True,20230907_185744,293,True,1.0,0,0.0
20230907_185744,1404,True,20230907_185744,1759,True,1.0,0,0.0
20231005_200808,1091,True,20230902_060137,279,True,0.0,0,1.0
20230907_185744,1377,True,20230907_185744,1906,True,1.0,0,0.0
20230907_185744,1412,True,20230907_185744,1355,True,1.0,0,0.0
20230807_060504,235,True,20230907_185744,1377,True,0.0,0,1.0
20230815_055951,1202,True,20230815_055951,182,True,1.0,0,0.0
20230815_055951,218,True,20230815_055951,211,True,1.0,0,0.0
20230831_163856,1085,False,20230805_145141,730,True,0.0,0,1.0
20230902_060137,226,True,20230902_060137,1408,True,1.0,0,0.0
20230902_060137,296,True,20230902_060137,279,True,1.0,0,0.0
20230828_205214,271,True,20230828_205214,1496,True,1.0,0,0.0
20230902_060137,1171,True,20230902_060137,1397,True,1.0,0,0.0
20230807_061410,493,False,20230805_145544,156,True,0.0,0,1.0
20230807_062216,1286,True,20230807_062216,254,True,1.0,0,0.0
20230902_060137,1403,True,20230902_060137,226,True,1.0,0,0.0
20230805_191555,219,True,20230805_191555,1106,True,1.0,0,0.0
20230831_141252,1220,True,20230831_141252,275,True,1.0,0,0.0
20230911_200338,204,False,20230911_200338,229,False,1.0,0,0.0
20230907_185744,1359,True,20230907_185744,1723,True,1.0,0,0.0
20230807_062216,247,True,20230907_185744,1571,True,0.0,0,1.0
20230907_185744,1760,True,20230907_185744,1489,True,1.0,0,0.0
20230902_054933,1102,True,20230911_200338,210,False,0.0,0,1.0
20230815_055951,185,True,20230815_055951,218,True,1.0,0,0.0
20230911_200338,235,False,20230907_185744,1375,True,0.0,0,1.0
20230805_191555,1101,True,20230805_145141,730,True,0.0,0,1.0
20230902_060137,1441,True,20230907_185744,1566,True,0.0,0,1.0
20230805_191555,224,True,20230831_053936,1298,True,0.0,0,1.0
20230907_185744,1367,True,20230907_185744,1558,True,1.0,0,0.0
20230831_141252,1227,True,20230831_141252,254,True,1.0,0,0.0
20230828_205214,290,True,20230902_060137,1397,True,0.0,0,1.0
20230831_141252,259,True,20230831_141252,1317,True,1.0,0,0.0
20230907_185744,1412,True,20230907_185744,1929,True,1.0,0,0.0
20230907_185744,1404,True,20230902_054933,224,True,0.0,0,1.0
20230805_145141,730,True,20230815_055951,185,True,0.0,0,1.0
20230902_060137,226,True,20230828_205214,286,True,0.0,0,1.0
20230807_061410,500,False,20230807_062216,1292,True,0.0,0,1.0
20230815_055951,182,True,20230815_055951,1202,True,1.0,0,0.0
20230902_060137,1164,True,20230907_185744,1459,True,0.0,0,1.0
20230902_060137,1176,True,20230902_060137,269,True,1.0,0,0.0
20230828_205214,1465,True,20230828_205214,1427,True,1.0,0,0.0
20230805_191555,215,True,20230902_060137,1432,True,0.0,0,1.0
20230907_185744,1404,True,20230907_185744,293,True,1.0,0,0.0
20230911_200338,213,False,20230807_061410,495,False,0.0,0,1.0
20230902_054933,224,True,20230831_163856,1066,False,0.0,0,1.0
20230807_062216,254,True,20230805_145141,735,True,0.0,0,1.0
20230831_141252,1070,True,20230828_205214,1426,True,0.0,0,1.0
20230831_141252,254,True,20230831_141252,169,True,1.0,0,0.0
20231006_192754,748,True,20230902_060137,1450,True,0.0,0,1.0
20230902_060137,1421,True,20230902_060137,1397,True,1.0,0,0.0
20230828_205214,1436,True,20230828_205214,1443,True,1.0,0,0.0
20230907_185744,1836,True,20230907_185744,1418,True,1.0,0,0.0
20230902_060137,1419,True,20230902_060137,1176,True,1.0,0,0.0
20230907_185744,1571,True,20230907_185744,1940,True,1.0,0,0.0
20230828_205214,1454,True,20230828_205214,310,True,1.0,0,0.0
20230907_185744,1359,True,20230907_185744,1906,True,1.0,0,0.0
20230907_185744,267,True,20230907_185744,1698,True,1.0,0,0.0
20230902_060137,269,True,20230902_060137,1397,True,1.0,0,0.0
20230805_191555,198,True,20230807_062216,202,True,0.0,0,1.0
20231005_200808,1091,True,20230831_163856,1085,False,0.0,0,1.0
20230907_185744,1836,True,20230907_185744,260,True,1.0,0,0.0
20230831_141252,1218,True,20230831_141252,267,True,1.0,0,0.0
20230907_185744,1404,True,20230907_185744,1524,True,1.0,0,0.0
20230902_060137,1421,True,20230828_205214,297,True,0.0,0,1.0
20230805_145141,730,True,20230828_205214,1235,True,0.0,0,1.0
20230907_185744,1366,True,20230907_185744,1661,True,1.0,0,0.0
20230828_205214,1440,True,20230828_205214,310,True,1.0,0,0.0
20230907_185744,1759,True,20230907_185744,1892,True,1.0,0,0.0
20230828_205214,1230,True,20230828_205214,311,True,1.0,0,0.0
20230828_205214,1446,True,20230815_055951,1202,True,0.0,0,1.0
20230807_061410,485,False,20230807_061410,481,False,1.0,0,0.0
20230807_062216,253,True,20231005_200808,1091,True,0.0,0,1.0
20230807_060504,191,True,20230831_163856,1090,False,0.0,0,1.0
20230902_060137,1176,True,20230902_060137,234,True,1.0,0,0.0
20230807_062216,253,True,20230807_062216,1081,True,1.0,0,0.0
20230907_185744,1404,True,20230907_185744,284,True,1.0,0,0.0
20230807_061410,493,False,20230807_060504,250,True,0.0,0,1.0
20230907_185744,1940,True,20230907_185744,1463,True,1.0,0,0.0
20230907_185744,1836,True,20230907_185744,1459,True,1.0,0,0.0
20230907_185744,1377,True,20230907_185744,1418,True,1.0,0,0.0
20230805_191555,199,True,20230805_191555,219,True,1.0,0,0.0
20230902_060137,1450,True,20230902_060137,1419,True,1.0,0,0.0
20230815_055951,221,True,20230815_055951,180,True,1.0,0,0.0
20230828_205214,1459,True,20230828_205214,1452,True,1.0,0,0.0
20230807_061410,481,False,20230831_162051,192,True,0.0,0,1.0
20230831_141252,1218,True,20230831_141252,259,True,1.0,0,0.0
20230907_185744,1558,True,20230907_185744,1407,True,1.0,0,0.0
20230828_205214,1436,True,20230831_163856,1066,False,0.0,0,1.0
20230907_185744,1760,True,20230907_185744,1674,True,1.0,0,0.0
20230902_060137,235,True,20230902_060137,1398,True,1.0,0,0.0
20230807_061410,481,False,20230807_061410,1603,False,1.0,0,0.0
20230828_205214,286,True,20230828_205214,284,True,1.0,0,0.0
20230911_200338,232,False,20230911_200338,987,False,1.0,0,0.0
20230907_185744,1407,True,20230907_185744,1537,True,1.0,0,0.0
20230907_185744,1349,True,20230907_185744,1836,True,1.0,0,0.0
20230828_205214,286,True,20230902_060137,226,True,0.0,0,1.0
20230831_141252,169,True,20230831_141252,1220,True,1.0,0,0.0
20230807_062216,214,True,20230907_185744,1349,True,0.0,0,1.0
20230907_185744,1407,True,20230907_185744,1377,True,1.0,0,0.0
20230907_185744,1377,True,20230907_185744,1535,True,1.0,0,0.0
20230902_060137,1165,True,20230902_060137,1397,True,1.0,0,0.0
20230828_205214,1235,True,20230828_205214,1231,True,1.0,0,0.0
20230807_061410,1603,False,20230907_185744,1377,True,0.0,0,1.0
20230805_145141,710,True,20230807_062216,223,True,0.0,0,1.0
20230902_060137,1408,True,20230902_060137,1441,True,1.0,0,0.0
20230907_185744,1375,True,20230807_062216,1080,True,0.0,0,1.0
20230831_141252,169,True,20230831_141252,1317,True,1.0,0,0.0
20230805_145141,716,True,20230831_141252,1066,True,0.0,0,1.0
20230831_141252,1067,True,20230831_141252,1218,True,1.0,0,0.0
20230902_060137,1421,True,20230902_060137,1171,True,1.0,0,0.0
20230805_191555,1105,True,20230805_191555,204,True,1.0,0,0.0
20230907_185744,1367,True,20230907_185744,261,True,1.0,0,0.0
20230902_060137,296,True,20230902_060137,1171,True,1.0,0,0.0
20230907_185744,1407,True,20230907_185744,1673,True,1.0,0,0.0
20230807_062216,222,True,20231005_200808,196,True,0.0,0,1.0
20230831_141252,1317,True,20230831_141252,1070,True,1.0,0,0.0
20230815_055951,221,True,20230907_185744,1836,True,0.0,0,1.0
20230828_205214,1465,True,20230907_185744,1937,True,0.0,0,1.0
20230902_060137,1421,True,20230902_060137,250,True,1.0,0,0.0
20230907_185744,1940,True,20230902_060137,279,True,0.0,0,1.0
20230807_062216,1081,True,20230902_060137,1432,True,0.0,0,1.0
20230815_055951,1202,True,20230815_055951,179,True,1.0,0,0.0
20230907_185744,1412,True,20230907_185744,323,True,1.0,0,0.0
20230902_060137,1441,True,20230831_053936,231,True,0.0,0,1.0
20230805_145544,193,True,20230828_205214,1426,True,0.0,0,1.0
20230831_141252,1066,True,20230831_141252,216,True,1.0,0,0.0
20230907_185744,1836,True,20230907_185744,1404,True,1.0,0,0.0
20230907_185744,1399,True,20230907_185744,270,True,1.0,0,0.0
20230805_191555,198,True,20230805_191555,201,True,1.0,0,0.0
20230831_053936,1303,True,20230831_162051,178,True,0.0,0,1.0
20230907_185744,1349,True,20230907_185744,1366,True,1.0,0,0.0
20230907_185744,1407,True,20230907_185744,1899,True,1.0,0,0.0
20230807_061410,495,False,20230815_055951,185,True,0.0,0,1.0
20230831_141252,1066,True,20230831_141252,254,True,1.0,0,0.0
20230902_060137,1403,True,20230902_060137,1176,True,1.0,0,0.0
20230815_055951,185,True,20230911_200338,213,False,0.0,0,1.0
20230807_062216,1289,True,20230807_062216,247,True,1.0,0,0.0
20230907_185744,267,True,20230907_185744,292,True,1.0,0,0.0
20230907_185744,1836,True,20230907_185744,1518,True,1.0,0,0.0
20230831_141252,267,True,20230831_141252,1315,True,1.0,0,0.0
20230902_060137,267,True,20230902_060137,226,True,1.0,0,0.0
20230907_185744,1404,True,20230907_185744,1496,True,1.0,0,0.0
20230907_185744,1404,True,20230907_185744,231,True,1.0,0,0.0
20230907_185744,1940,True,20230907_185744,1451,True,1.0,0,0.0
20230902_060137,250,True,20230902_060137,1165,True,1.0,0,0.0
20230831_163856,1282,False,20231005_200808,196,True,0.0,0,1.0
20230907_185744,1366,True,20230907_185744,1760,True,1.0,0,0.0
20230907_185744,1367,True,20230907_185744,1906,True,1.0,0,0.0
20230831_141252,295,True,20230831_141252,1067,True,1.0,0,0.0
20230902_060137,1419,True,20230902_060137,281,True,1.0,0,0.0
20230807_062216,1286,True,20230807_062216,247,True,1.0,0,0.0
20230907_185744,1558,True,20230907_185744,1451,True,1.0,0,0.0
20230907_185744,1412,True,20230907_185744,1918,True,1.0,0,0.0
20230828_205214,297,True,20230828_205214,1455,True,1.0,0,0.0
20230831_053936,255,True,20230831_053936,1301,True,1.0,0,0.0
20230907_185744,1377,True,20230907_185744,1479,True,1.0,0,0.0
20230902_060137,235,True,20230902_060137,296,True,1.0,0,0.0
20230831_160214,943,False,20230828_205214,1426,True,0.0,0,1.0
20230907_185744,1375,True,20230907_185744,1535,True,1.0,0,0.0
20230828_205214,1436,True,20230828_205214,1418,True,1.0,0,0.0
20230911_200338,204,False,20230911_200338,985,False,1.0,0,0.0
20230807_062216,1286,True,20230831_053936,1298,True,0.0,0,1.0
20230807_062216,1283,True,20230807_062216,1292,True,1.0,0,0.0
20230907_185744,1940,True,20230907_185744,1496,True,1.0,0,0.0
20230831_163856,1066,False,20230828_205214,1436,True,0.0,0,1.0
20230907_185744,1367,True,20230907_185744,1501,True,1.0,0,0.0
20230805_191555,198,True,20230805_191555,204,True,1.0,0,0.0
20230902_060137,1413,True,20230902_060137,250,True,1.0,0,0.0
20230828_205214,1452,True,20230828_205214,311,True,1.0,0,0.0
20230815_055951,221,True,20230815_055951,169,True,1.0,0,0.0
20230828_205214,1487,True,20230831_141252,301,True,0.0,0,1.0
20230831_141252,210,True,20230902_054933,208,True,0.0,0,1.0
20230828_205214,1436,True,20230828_205214,271,True,1.0,0,0.0
20230907_185744,1375,True,20230907_185744,300,True,1.0,0,0.0
20230907_185744,1566,True,20230907_185744,1418,True,1.0,0,0.0
20230828_205214,297,True,20230828_205214,286,True,1.0,0,0.0
20230902_060137,1165,True,20230902_060137,299,True,1.0,0,0.0
20230831_053936,1450,True,20230815_055951,209,True,0.0,0,1.0
20230907_185744,1571,True,20230907_185744,844,True,1.0,0,0.0
20230907_185744,1760,True,20230907_185744,1725,True,1.0,0,0.0
20230828_205214,1235,True,20230828_205214,1418,True,1.0,0,0.0
20230828_205214,290,True,20230828_205214,286,True,1.0,0,0.0
20230907_185744,1571,True,20230831_160214,949,False,0.0,0,1.0
20230805_145544,185,True,20230805_191555,1105,True,0.0,0,1.0
20230907_185744,1566,True,20230807_060504,1412,True,0.0,0,1.0
20230805_145141,998,True,20230805_145141,710,True,1.0,0,0.0
20230831_163856,1066,False,20230831_163856,1282,False,1.0,0,0.0
20231006_192754,750,True,20230831_141252,216,True,0.0,0,1.0
20230902_060137,1403,True,20230902_060137,1413,True,1.0,0,0.0
20230907_185744,1558,True,20230907_185744,284,True,1.0,0,0.0
20230831_141252,216,True,20230805_145544,152,True,0.0,0,1.0
20230831_141252,1317,True,20230831_141252,1225,True,1.0,0,0.0
20230902_060137,281,True,20230902_060137,1171,True,1.0,0,0.0
20230828_205214,323,True,20230828_205214,296,True,1.0,0,0.0
20230907_185744,1836,True,20230907_185744,1399,True,1.0,0,0.0
20230807_060504,1412,True,20230907_185744,1566,True,0.0,0,1.0
20230907_185744,1367,True,20230907_185744,1399,True,1.0,0,0.0
20230902_060137,299,True,20230902_060137,234,True,1.0,0,0.0
20230902_060137,1397,True,20230902_060137,1450,True,1.0,0,0.0
20230907_185744,1836,True,20230907_185744,1497,True,1.0,0,0.0
20230907_185744,1363,True,20230907_185744,1698,True,1.0,0,0.0
20230907_185744,1375,True,20230907_185744,1480,True,1.0,0,0.0
20230831_141252,1070,True,20230831_141252,301,True,1.0,0,0.0
20230907_185744,1759,True,20230911_200338,1244,False,0.0,0,1.0
20230828_205214,1497,True,20230828_205214,1452,True,1.0,0,0.0
20230902_060137,1165,True,20230902_060137,235,True,1.0,0,0.0
20230831_053936,1450,True,20230831_053936,255,True,1.0,0,0.0
20230907_185744,1366,True,20230907_185744,1850,True,1.0,0,0.0
20230907_185744,267,True,20230907_185744,1918,True,1.0,0,0.0
20230907_185744,1377,True,20230907_185744,1932,True,1.0,0,0.0
20230831_162051,181,True,20230831_163856,1085,False,0.0,0,1.0
20230907_185744,1407,True,20230907_185744,1934,True,1.0,0,0.0
20230807_061410,500,False,20230807_061410,485,False,1.0,0,0.0
20230902_060137,250,True,20230805_145141,716,True,0.0,0,1.0
20230831_163856,1090,False,20230911_200338,214,False,0.0,0,1.0
20230902_060137,284,True,20230911_200338,229,False,0.0,0,1.0
20230828_205214,1230,True,20230828_205214,1436,True,1.0,0,0.0
20230815_055951,1202,True,20230907_185744,1407,True,0.0,0,1.0
20230831_141252,1315,True,20230831_141252,259,True,1.0,0,0.0
20230805_145544,143,True,20230807_062216,1286,True,0.0,0,1.0
20230907_185744,1404,True,20230907_185744,291,True,1.0,0,0.0
20230805_145141,998,True,20230805_145141,730,True,1.0,0,0.0
20230828_205214,1487,True,20230828_205214,1496,True,1.0,0,0.0
20230807_061410,474,False,20230807_061410,485,False,1.0,0,0.0
20231005_200808,191,True,20231005_200808,183,True,1.0,0,0.0
20230907_185744,1760,True,20230907_185744,1496,True,1.0,0,0.0
20230907_185744,1366,True,20230907_185744,1906,True,1.0,0,0.0
20230831_141252,1067,True,20230828_205214,1427,True,0.0,0,1.0
20230807_061410,1603,False,20230902_054933,207,True,0.0,0,1.0
20230902_060137,234,True,20230902_060137,1403,True,1.0,0,0.0
20230828_205214,311,True,20230828_205214,1426,True,1.0,0,0.0
20230805_145544,156,True,20230828_205214,1231,True,0.0,0,1.0
20230828_205214,1446,True,20230807_062216,202,True,0.0,0,1.0
20230805_145544,168,True,20230805_145544,156,True,1.0,0,0.0
20230805_191555,225,True,20230807_062216,1283,True,0.0,0,1.0
20230828_205214,323,True,20230828_205214,284,True,1.0,0,0.0
20230807_061410,493,False,20230807_061410,500,False,1.0,0,0.0
20230831_141252,210,True,20230831_141252,267,True,1.0,0,0.0
20230907_185744,1349,True,20230828_205214,286,True,0.0,0,1.0
20230807_060504,256,True,20230805_145544,185,True,0.0,0,1.0
20230815_055951,1202,True,20230831_141252,259,True,0.0,0,1.0
20230911_200338,1244,False,20230902_060137,1397,True,0.0,0,1.0
20230902_060137,1413,True,20230902_060137,1398,True,1.0,0,0.0
20230907_185744,1363,True,20230907_185744,1913,True,1.0,0,0.0
20231006_192754,763,True,20230805_145141,998,True,0.0,0,1.0
20230907_185744,1399,True,20230907_185744,1723,True,1.0,0,0.0
20230831_141252,1220,True,20230831_141252,169,True,1.0,0,0.0
20230831_141252,275,True,20230831_141252,1220,True,1.0,0,0.0
20230815_055951,191,True,20230815_055951,179,True,1.0,0,0.0
20230815_055951,180,True,20230815_055951,197,True,1.0,0,0.0
20230911_200338,235,False,20230911_200338,987,False,1.0,0,0.0
20230902_060137,1421,True,20230902_060137,1176,True,1.0,0,0.0
20230828_205214,284,True,20230902_060137,1441,True,0.0,0,1.0
20230907_185744,1399,True,20230907_185744,1926,True,1.0,0,0.0
20230831_162051,192,True,20230907_185744,1363,True,0.0,0,1.0
20230907_185744,1571,True,20230907_185744,1737,True,1.0,0,0.0
20230902_060137,1441,True,20230902_060137,1428,True,1.0,0,0.0
20230907_185744,1359,True,20230907_185744,255,True,1.0,0,0.0
20230902_060137,299,True,20230902_060137,250,True,1.0,0,0.0
20230902_060137,1419,True,20230807_062216,202,True,0.0,0,1.0
20230907_185744,1367,True,20230907_185744,1828,True,1.0,0,0.0
20230902_060137,284,True,20230902_060137,1164,True,1.0,0,0.0
20230907_185744,1367,True,20230907_185744,1355,True,1.0,0,0.0
20230828_205214,286,True,20230831_141252,267,True,0.0,0,1.0
20230907_185744,267,True,20230907_185744,1535,True,1.0,0,0.0
20230828_205214,1497,True,20230828_205214,1474,True,1.0,0,0.0
20230907_185744,267,True,20230907_185744,1566,True,1.0,0,0.0
20230902_060137,1164,True,20230902_060137,1432,True,1.0,0,0.0
20230815_055951,197,True,20230805_145141,710,True,0.0,0,1.0
20230911_200338,985,False,20230911_200338,195,False,1.0,0,0.0
20230907_185744,1759,True,20230907_185744,1525,True,1.0,0,0.0
20230907_185744,1558,True,20230907_185744,1935,True,1.0,0,0.0
20230828_205214,297,True,20230828_205214,1497,True,1.0,0,0.0
20230831_141252,259,True,20230831_141252,1220,True,1.0,0,0.0
20230815_055951,197,True,20230815_055951,179,True,1.0,0,0.0
20230907_185744,1836,True,20230907_185744,1525,True,1.0,0,0.0
20230807_062216,1080,True,20230807_062216,1289,True,1.0,0,0.0
20230828_205214,1426,True,20230828_205214,286,True,1.0,0,0.0
20230902_060137,1398,True,20230902_060137,1436,True,1.0,0,0.0
20230902_054933,224,True,20230902_054933,1103,True,1.0,0,0.0
20230911_200338,229,False,20230911_200338,987,False,1.0,0,0.0
20230907_185744,1571,True,20230907_185744,1674,True,1.0,0,0.0
20230828_205214,1459,True,20230828_205214,1454,True,1.0,0,0.0
20230831_141252,210,True,20230831_141252,211,True,1.0,0,0.0
20230907_185744,1366,True,20230907_185744,1418,True,1.0,0,0.0
20230907_185744,1760,True,20230907_185744,1664,True,1.0,0,0.0
20230831_162051,178,True,20230807_062216,255,True,0.0,0,1.0
20230907_185744,1377,True,20230907_185744,1725,True,1.0,0,0.0
20230907_185744,1940,True,20230907_185744,1850,True,1.0,0,0.0
20230807_062216,1289,True,20230907_185744,1760,True,0.0,0,1.0
20230828_205214,284,True,20230815_055951,169,True,0.0,0,1.0
20230907_185744,1407,True,20230907_185744,1369,True,1.0,0,0.0
20230831_160214,949,False,20230831_160214,937,False,1.0,0,0.0
20230907_185744,1359,True,20230907_185744,1698,True,1.0,0,0.0
20230807_060504,235,True,20230807_060504,191,True,1.0,0,0.0
20230831_053936,1303,True,20230907_185744,1377,True,0.0,0,1.0
20230807_060504,191,True,20231006_192754,748,True,0.0,0,1.0
20230807_061410,485,False,20230807_061410,487,False,1.0,0,0.0
20230828_205214,1474,True,20230828_205214,1440,True,1.0,0,0.0
20231005_200808,176,True,20231005_200808,175,True,1.0,0,0.0
20230907_185744,1826,True,20230907_185744,1459,True,1.0,0,0.0
20230831_053936,1298,True,20230831_053936,1301,True,1.0,0,0.0
20230807_061410,481,False,20230807_061410,487,False,1.0,0,0.0
20230807_062216,214,True,20230807_062216,1289,True,1.0,0,0.0
20230902_060137,234,True,20230907_185744,1366,True,0.0,0,1.0
20230807_061410,493,False,20230807_061410,474,False,1.0,0,0.0
20230828_205214,1459,True,20230828_205214,290,True,1.0,0,0.0
20230907_185744,1836,True,20230907_185744,1913,True,1.0,0,0.0
20230902_060137,1432,True,20230902_060137,1171,True,1.0,0,0.0
20230902_060137,1441,True,20230815_055951,169,True,0.0,0,1.0
20230831_160214,949,False,20230805_191555,1105,True,0.0,0,1.0
20230831_053936,268,True,20230828_205214,1452,True,0.0,0,1.0
20230907_185744,1366,True,20230907_185744,1848,True,1.0,0,0.0
20230902_060137,296,True,20230805_145544,156,True,0.0,0,1.0
20230902_060137,250,True,20230902_060137,226,True,1.0,0,0.0
20230807_062216,1080,True,20230807_062216,1292,True,1.0,0,0.0
20230902_054933,210,True,20230805_145141,735,True,0.0,0,1.0
20230907_185744,1566,True,20230907_185744,1826,True,1.0,0,0.0
20230828_205214,1235,True,20230807_061410,495,False,0.0,0,1.0
20230831_163856,1287,False,20230831_163856,1066,False,1.0,0,0.0
20230807_062216,1080,True,20230807_062216,254,True,1.0,0,0.0
20230828_205214,1459,True,20230828_205214,297,True,1.0,0,0.0
20230828_205214,323,True,20230828_205214,1427,True,1.0,0,0.0
20230831_141252,269,True,20230831_141252,1218,True,1.0,0,0.0
20230907_185744,1826,True,20230907_185744,1460,True,1.0,0,0.0
20230807_062216,247,True,20230831_141252,1066,True,0.0,0,1.0
20230902_060137,250,True,20230902_060137,1419,True,1.0,0,0.0
20230828_205214,1454,True,20230828_205214,271,True,1.0,0,0.0
20230907_185744,1349,True,20230907_185744,1497,True,1.0,0,0.0
20230807_061410,473,False,20230805_145544,1066,True,0.0,0,1.0
20230902_060137,296,True,20230902_060137,1408,True,1.0,0,0.0
20230805_145141,730,True,20230902_054933,1103,True,0.0,0,1.0
20230907_185744,1359,True,20230907_185744,1407,True,1.0,0,0.0
20230831_163856,1090,False,20230831_163856,1282,False,1.0,0,0.0
20230902_060137,1428,True,20230902_060137,1413,True,1.0,0,0.0
20230907_185744,1836,True,20230907_185744,1363,True,1.0,0,0.0
20230805_191555,198,True,20230831_141252,259,True,0.0,0,1.0
20230907_185744,1571,True,20230907_185744,1493,True,1.0,0,0.0
20230831_141252,1066,True,20230831_141252,169,True,1.0,0,0.0
20230828_205214,1446,True,20230828_205214,286,True,1.0,0,0.0
20230831_162051,178,True,20230831_163856,1084,False,0.0,0,1.0
20230828_205214,290,True,20230907_185744,1759,True,0.0,0,1.0
20230805_145544,185,True,20230805_145544,193,True,1.0,0,0.0
20230907_185744,1407,True,20230907_185744,323,True,1.0,0,0.0
20230805_191555,237,True,20230831_163856,1066,False,0.0,0,1.0
20230815_055951,184,True,20230805_145141,716,True,0.0,0,1.0
20230805_145544,178,True,20230805_145544,156,True,1.0,0,0.0
20230907_185744,1407,True,20230907_185744,1451,True,1.0,0,0.0
20230902_054933,208,True,20230902_054933,207,True,1.0,0,0.0
20230907_185744,1558,True,20230805_145141,703,True,0.0,0,1.0
20230911_200338,195,False,20230911_200338,210,False,1.0,0,0.0
20230828_205214,1235,True,20230828_205214,1230,True,1.0,0,0.0
20230828_205214,297,True,20230828_205214,1459,True,1.0,0,0.0
20230805_145544,156,True,20230907_185744,1558,True,0.0,0,1.0
20230807_062216,222,True,20230907_185744,1558,True,0.0,0,1.0
20230805_145544,178,True,20230902_054933,210,True,0.0,0,1.0
20230907_185744,1375,True,20230907_185744,1826,True,1.0,0,0.0
20230831_141252,169,True,20230831_141252,275,True,1.0,0,0.0
20230831_141252,269,True,20230831_141252,1317,True,1.0,0,0.0
20230907_185744,1571,True,20230907_185744,1501,True,1.0,0,0.0
20230907_185744,1363,True,20230907_185744,845,True,1.0,0,0.0
20230828_205214,296,True,20230828_205214,271,True,1.0,0,0.0
20230828_205214,1452,True,20230805_145544,149,True,0.0,0,1.0
20230828_205214,1443,True,20230828_205214,310,True,1.0,0,0.0
20230807_060504,250,True,20230807_061410,493,False,0.0,0,1.0
20230828_205214,1426,True,20230828_205214,1465,True,1.0,0,0.0
20230907_185744,1836,True,20230907_185744,1918,True,1.0,0,0.0
20230907_185744,1836,True,20230907_185744,1644,True,1.0,0,0.0
20230831_141252,1315,True,20230831_141252,254,True,1.0,0,0.0
20230911_200338,235,False,20230911_200338,229,False,1.0,0,0.0
20230907_185744,1363,True,20230907_185744,1497,True,1.0,0,0.0
20230907_185744,1759,True,20230907_185744,1932,True,1.0,0,0.0
20230902_060137,1183,True,20230902_060137,1403,True,1.0,0,0.0
20230902_060137,1432,True,20230902_060137,1397,True,1.0,0,0.0
20230831_141252,210,True,20230831_141252,1225,True,1.0,0,0.0
20230807_060504,244,True,20230902_054933,224,True,0.0,0,1.0
20230807_061410,473,False,20230828_205214,290,True,0.0,0,1.0
20230907_185744,1399,True,20230907_185744,1661,True,1.0,0,0.0
20230815_055951,218,True,20230815_055951,179,True,1.0,0,0.0
20230907_185744,1366,True,20230907_185744,1399,True,1.0,0,0.0
20231005_200808,175,True,20230805_191555,1117,True,0.0,0,1.0
20230807_061410,485,False,20230807_060504,256,True,0.0,0,1.0
20230907_185744,1826,True,20230907_185744,1737,True,1.0,0,0.0
20230902_060137,1441,True,20230805_145544,168,True,0.0,0,1.0
20230828_205214,284,True,20230828_205214,1497,True,1.0,0,0.0
20230902_060137,224,True,20230902_060137,234,True,1.0,0,0.0
20230828_205214,1455,True,20230828_205214,1487,True,1.0,0,0.0
20230805_145544,152,True,20231006_192754,750,True,0.0,0,1.0
20230907_185744,1377,True,20230907_185744,1664,True,1.0,0,0.0
20230902_060137,1432,True,20230902_060137,235,True,1.0,0,0.0
20230815_055951,221,True,20230805_191555,215,True,0.0,0,1.0
20230828_205214,1231,True,20230828_205214,1230,True,1.0,0,0.0
20230805_145141,716,True,20230807_062216,247,True,0.0,0,1.0
20230907_185744,1375,True,20230907_185744,1934,True,1.0,0,0.0
20230828_205214,1452,True,20230828_205214,1235,True,1.0,0,0.0
20230911_200338,1244,False,20230815_055951,209,True,0.0,0,1.0
20230907_185744,1940,True,20230907_185744,1674,True,1.0,0,0.0
20230902_060137,1413,True,20230831_141252,282,True,0.0,0,1.0
20230805_145544,149,True,20230815_055951,180,True,0.0,0,1.0
20230907_185744,1404,True,20230907_185744,1826,True,1.0,0,0.0
20230911_200338,229,False,20230911_200338,204,False,1.0,0,0.0
20230902_060137,1421,True,20230902_060137,284,True,1.0,0,0.0
20230907_185744,1566,True,20230907_185744,1497,True,1.0,0,0.0
20230907_185744,267,True,20230907_185744,1699,True,1.0,0,0.0
20230831_053936,274,True,20230815_055951,191,True,0.0,0,1.0
20230805_191555,1103,True,20230805_191555,1117,True,1.0,0,0.0
20230807_062216,223,True,20230807_062216,247,True,1.0,0,0.0
20230902_060137,1171,True,20230902_060137,1450,True,1.0,0,0.0
20230907_185744,1359,True,20230907_185744,291,True,1.0,0,0.0
20230907_185744,1571,True,20230907_185744,1497,True,1.0,0,0.0
20230807_062216,1289,True,20230807_062216,214,True,1.0,0,0.0
20230907_185744,1363,True,20230907_185744,1566,True,1.0,0,0.0
20230911_200338,229,False,20230807_061410,1603,False,0.0,0,1.0
20230807_062216,1283,True,20230807_062216,1289,True,1.0,0,0.0
20230902_060137,267,True,20230902_060137,224,True,1.0,0,0.0
20230907_185744,1566,True,20230907_185744,291,True,1.0,0,0.0
20230902_060137,1408,True,20230902_060137,284,True,1.0,0,0.0
20230807_060504,192,True,20230902_060137,279,True,0.0,0,1.0
20231005_200808,191,True,20230907_185744,1412,True,0.0,0,1.0
20230831_141252,216,True,20230902_060137,279,True,0.0,0,1.0
20230828_205214,310,True,20230828_205214,1459,True,1.0,0,0.0
20230815_055951,179,True,20230828_205214,1231,True,0.0,0,1.0
20230805_145544,142,True,20230805_145544,160,True,1.0,0,0.0
20230831_141252,275,True,20230831_141252,211,True,1.0,0,0.0
20230902_060137,250,True,20230902_060137,1176,True,1.0,0,0.0
20230815_055951,209,True,20230805_145544,1066,True,0.0,0,1.0
20230831_163856,1066,False,20230805_145141,710,True,0.0,0,1.0
20230902_060137,1164,True,20230902_060137,1421,True,1.0,0,0.0
20230831_053936,268,True,20230807_062216,1080,True,0.0,0,1.0
20230902_060137,234,True,20230902_060137,1421,True,1.0,0,0.0
20230807_062216,214,True,20230807_062216,254,True,1.0,0,0.0
20230807_062216,1080,True,20230831_141252,275,True,0.0,0,1.0
20230807_061410,495,False,20230807_060504,192,True,0.0,0,1.0
20230907_185744,844,True,20230831_141252,1220,True,0.0,0,1.0
20230805_191555,225,True,20230805_191555,215,True,1.0,0,0.0
20230907_185744,1366,True,20230907_185744,267,True,1.0,0,0.0
20230828_205214,286,True,20230828_205214,1454,True,1.0,0,0.0
20230902_060137,1436,True,20230902_060137,296,True,1.0,0,0.0
20230805_145544,149,True,20230805_145544,143,True,1.0,0,0.0
20230807_061410,1603,False,20231006_192754,763,True,0.0,0,1.0
20230807_061410,487,False,20230805_145141,710,True,0.0,0,1.0
20230807_062216,202,True,20230807_062216,1283,True,1.0,0,0.0
20230805_191555,225,True,20230815_055951,209,True,0.0,0,1.0
20230907_185744,1404,True,20231005_200808,208,True,0.0,0,1.0
20230828_205214,286,True,20230828_205214,311,True,1.0,0,0.0
20230907_185744,1359,True,20230907_185744,1489,True,1.0,0,0.0
20230807_062216,1286,True,20230907_185744,1412,True,0.0,0,1.0
20230911_200338,214,False,20230805_145544,178,True,0.0,0,1.0
20230911_200338,214,False,20230911_200338,987,False,1.0,0,0.0
20230902_060137,1436,True,20230902_060137,279,True,1.0,0,0.0
20230807_060504,250,True,20230831_163856,1282,False,0.0,0,1.0
20230907_185744,1940,True,20230907_185744,1725,True,1.0,0,0.0
20230902_054933,224,True,20230907_185744,1404,True,0.0,0,1.0
20230807_060504,191,True,20230902_060137,1450,True,0.0,0,1.0
20230911_200338,987,False,20230807_060504,256,True,0.0,0,1.0
20230907_185744,1367,True,20230907_185744,1369,True,1.0,0,0.0
20230907_185744,1367,True,20230907_185744,279,True,1.0,0,0.0
20230902_060137,284,True,20230902_060137,1428,True,1.0,0,0.0
20230807_062216,223,True,20230807_062216,254,True,1.0,0,0.0
20230902_060137,281,True,20230902_060137,1403,True,1.0,0,0.0
20230815_055951,211,True,20230815_055951,191,True,1.0,0,0.0
20230831_141252,269,True,20230831_141252,259,True,1.0,0,0.0
20230902_060137,1183,True,20230902_060137,267,True,1.0,0,0.0
20230902_054933,1103,True,20230902_054933,210,True,1.0,0,0.0
20230828_205214,1452,True,20230828_205214,1418,True,1.0,0,0.0
20230907_185744,1836,True,20230907_185744,270,True,1.0,0,0.0
20230805_191555,237,True,20230805_191555,225,True,1.0,0,0.0
20230831_163856,1090,False,20230902_054933,210,True,0.0,0,1.0
20230807_060504,244,True,20230831_053936,1304,True,0.0,0,1.0
20230907_185744,1377,True,20230907_185744,283,True,1.0,0,0.0
20230805_191555,224,True,20230807_062216,1286,True,0.0,0,1.0
20230907_185744,1836,True,20230907_185744,231,True,1.0,0,0.0
20230902_054933,208,True,20230807_061410,474,False,0.0,0,1.0
20230807_060504,235,True,20231006_192754,763,True,0.0,0,1.0
20230805_145141,703,True,20230805_145141,713,True,1.0,0,0.0
20230907_185744,1760,True,20230907_185744,1355,True,1.0,0,0.0
20230828_205214,296,True,20230831_141252,1218,True,0.0,0,1.0
20230907_185744,1349,True,20230907_185744,860,True,1.0,0,0.0
20230805_191555,199,True,20230805_191555,225,True,1.0,0,0.0
20230807_062216,1286,True,20230807_062216,214,True,1.0,0,0.0
20230907_185744,1566,True,20230907_185744,1463,True,1.0,0,0.0
20230828_205214,1465,True,20230828_205214,311,True,1.0,0,0.0
20230902_060137,1183,True,20230902_060137,296,True,1.0,0,0.0
20230807_061410,1603,False,20230902_060137,284,True,0.0,0,1.0
20230907_185744,1363,True,20230907_185744,1914,True,1.0,0,0.0
20230902_060137,1397,True,20230902_060137,281,True,1.0,0,0.0
20230907_185744,1940,True,20230907_185744,1551,True,1.0,0,0.0
20231005_200808,208,True,20231005_200808,196,True,1.0,0,0.0
20230805_145544,1066,True,20230805_145544,178,True,1.0,0,0.0
20230807_060504,250,True,20230831_141252,1315,True,0.0,0,1.0
20230902_060137,299,True,20230902_060137,269,True,1.0,0,0.0
20230831_141252,1070,True,20230831_160214,943,False,0.0,0,1.0
20230911_200338,205,False,20230911_200338,1244,False,1.0,0,0.0
20230907_185744,1366,True,20230907_185744,1571,True,1.0,0,0.0
20230831_141252,301,True,20230831_141252,254,True,1.0,0,0.0
20230828_205214,310,True,20230828_205214,1465,True,1.0,0,0.0
20230902_060137,269,True,20230902_060137,284,True,1.0,0,0.0
20230828_205214,1427,True,20230828_205214,1426,True,1.0,0,0.0
20230807_060504,192,True,20230807_060504,248,True,1.0,0,0.0
20231005_200808,191,True,20231005_200808,175,True,1.0,0,0.0
20230907_185744,1759,True,20230907_185744,1664,True,1.0,0,0.0
20230907_185744,1359,True,20230907_185744,1918,True,1.0,0,0.0
20230907_185744,1363,True,20230907_185744,1412,True,1.0,0,0.0
20230907_185744,1349,True,20230907_185744,1489,True,1.0,0,0.0
20230907_185744,1363,True,20230907_185744,1535,True,1.0,0,0.0
20230907_185744,1940,True,20230907_185744,1558,True,1.0,0,0.0
20230805_191555,201,True,20230805_191555,204,True,1.0,0,0.0
20230911_200338,232,False,20230805_191555,198,True,0.0,0,1.0
20230807_062216,255,True,20230907_185744,1377,True,0.0,0,1.0
20230907_185744,1399,True,20230907_185744,1759,True,1.0,0,0.0
20230907_185744,1412,True,20230907_185744,1680,True,1.0,0,0.0
20230805_191555,225,True,20230805_191555,198,True,1.0,0,0.0
20230805_145544,143,True,20230805_145544,1066,True,1.0,0,0.0
20230805_145544,142,True,20230907_185744,1404,True,0.0,0,1.0
20230907_185744,1940,True,20230907_185744,845,True,1.0,0,0.0
20230831_141252,275,True,20230831_141252,254,True,1.0,0,0.0
20230807_062216,215,True,20230807_062216,1286,True,1.0,0,0.0
20230907_185744,1363,True,20230907_185744,1558,True,1.0,0,0.0
20230902_060137,1419,True,20230907_185744,1407,True,0.0,0,1.0
20230907_185744,1571,True,20230907_185744,1524,True,1.0,0,0.0
20231005_200808,208,True,20230805_145544,142,True,0.0,0,1.0
20230815_055951,221,True,20230831_053936,255,True,0.0,0,1.0
20230807_062216,222,True,20230807_062216,254,True,1.0,0,0.0
20230907_185744,1366,True,20230907_185744,1493,True,1.0,0,0.0
20230907_185744,1375,True,20230907_185744,1850,True,1.0,0,0.0
20230902_060137,296,True,20230902_060137,1419,True,1.0,0,0.0
20230907_185744,1940,True,20230907_185744,260,True,1.0,0,0.0
20230907_185744,1836,True,20230907_185744,283,True,1.0,0,0.0
20230907_185744,1566,True,20230907_185744,1673,True,1.0,0,0.0
20230907_185744,1407,True,20230907_185744,1489,True,1.0,0,0.0
20230807_062216,222,True,20230831_053936,271,True,0.0,0,1.0
20230911_200338,987,False,20230911_200338,235,False,1.0,0,0.0
20230907_185744,1377,True,20230907_185744,322,True,1.0,0,0.0
20230902_060137,1436,True,20230902_060137,1413,True,1.0,0,0.0
20230907_185744,1836,True,20230907_185744,1369,True,1.0,0,0.0
20230807_060504,248,True,20230815_055951,182,True,0.0,0,1.0
20230831_141252,1070,True,20230831_141252,1218,True,1.0,0,0.0
20230907_185744,1412,True,20230831_141252,210,True,0.0,0,1.0
20230807_061410,493,False,20230911_200338,210,False,0.0,0,1.0
20230807_061410,487,False,20230807_061410,474,False,1.0,0,0.0
20230815_055951,180,True,20230805_191555,201,True,0.0,0,1.0
20230828_205214,1446,True,20230828_205214,1452,True,1.0,0,0.0
20230902_060137,1441,True,20230807_062216,1292,True,0.0,0,1.0
20230907_185744,1407,True,20230907_185744,1840,True,1.0,0,0.0
20230828_205214,296,True,20230828_205214,310,True,1.0,0,0.0
20230907_185744,1407,True,20230907_185744,300,True,1.0,0,0.0
20230902_054933,224,True,20230828_205214,1436,True,0.0,0,1.0
20230807_062216,1289,True,20230807_062216,255,True,1.0,0,0.0
20230907_185744,1404,True,20230907_185744,267,True,1.0,0,0.0
20230902_060137,234,True,20230902_060137,1413,True,1.0,0,0.0
20230807_062216,255,True,20230831_162051,178,True,0.0,0,1.0
20230902_060137,1436,True,20230902_060137,269,True,1.0,0,0.0
20230907_185744,1412,True,20230907_185744,292,True,1.0,0,0.0
20230815_055951,218,True,20230815_055951,185,True,1.0,0,0.0
20230828_205214,271,True,20230828_205214,1231,True,1.0,0,0.0
20230828_205214,1496,True,20230828_205214,311,True,1.0,0,0.0
20230902_060137,1428,True,20230902_060137,1441,True,1.0,0,0.0
20230902_060137,1421,True,20230807_062216,1289,True,0.0,0,1.0
20230907_185744,1826,True,20230907_185744,293,True,1.0,0,0.0
20230828_205214,1427,True,20230815_055951,191,True,0.0,0,1.0
20230815_055951,191,True,20230831_163856,1090,False,0.0,0,1.0
20230831_141252,1227,True,20230831_141252,281,True,1.0,0,0.0
20230807_062216,255,True,20230805_191555,1117,True,0.0,0,1.0
20230828_205214,1440,True,20230828_205214,1487,True,1.0,0,0.0
20230907_185744,1836,True,20230907_185744,1366,True,1.0,0,0.0
20230907_185744,1558,True,20230907_185744,1848,True,1.0,0,0.0
20230831_141252,216,True,20230831_141252,169,True,1.0,0,0.0
20230805_145544,1066,True,20230805_145544,149,True,1.0,0,0.0
20230807_062216,253,True,20230807_062216,254,True,1.0,0,0.0
20230805_191555,219,True,20230805_145141,706,True,0.0,0,1.0
20230911_200338,214,False,20230911_200338,1244,False,1.0,0,0.0
20230907_185744,1571,True,20230805_145544,185,True,0.0,0,1.0
20230807_060504,256,True,20230807_060504,235,True,1.0,0,0.0
20230907_185744,1937,True,20230831_141252,169,True,0.0,0,1.0
20230902_060137,250,True,20230815_055951,184,True,0.0,0,1.0
20230805_191555,224,True,20230831_141252,210,True,0.0,0,1.0
20230831_141252,211,True,20230831_141252,254,True,1.0,0,0.0
20230911_200338,232,False,20230815_055951,1202,True,0.0,0,1.0
20230907_185744,1558,True,20230907_185744,1459,True,1.0,0,0.0
20230831_141252,269,True,20230831_141252,210,True,1.0,0,0.0
20230907_185744,1363,True,20230907_185744,1678,True,1.0,0,0.0
20230911_200338,985,False,20230911_200338,987,False,1.0,0,0.0
20230831_141252,1317,True,20230807_061410,487,False,0.0,0,1.0
20230831_053936,1301,True,20230831_160214,934,False,0.0,0,1.0
20230805_145544,168,True,20230805_145544,1066,True,1.0,0,0.0
20230907_185744,1375,True,20230907_185744,1673,True,1.0,0,0.0
20230828_205214,1452,True,20230828_205214,1455,True,1.0,0,0.0
20230831_053936,1450,True,20230831_053936,1303,True,1.0,0,0.0
20230831_163856,1085,False,20230831_163856,1066,False,1.0,0,0.0
20230902_054933,210,True,20231005_200808,176,True,0.0,0,1.0
20230902_060137,1165,True,20230902_060137,1408,True,1.0,0,0.0
20230828_205214,1436,True,20230828_205214,1465,True,1.0,0,0.0
20230807_060504,192,True,20231006_192754,750,True,0.0,0,1.0
20230902_060137,281,True,20230902_060137,235,True,1.0,0,0.0
20230902_060137,267,True,20230828_205214,1474,True,0.0,0,1.0
20230831_141252,1220,True,20230831_141252,216,True,1.0,0,0.0
20230807_061410,500,False,20230815_055951,169,True,0.0,0,1.0
20230807_062216,253,True,20231006_192754,750,True,0.0,0,1.0
20230807_062216,253,True,20230807_062216,222,True,1.0,0,0.0
20230907_185744,1407,True,20230907_185744,1674,True,1.0,0,0.0
20230907_185744,1558,True,20230815_055951,179,True,0.0,0,1.0
20230907_185744,1404,True,20230907_185744,880,True,1.0,0,0.0
20230907_185744,1571,True,20230907_185744,1725,True,1.0,0,0.0
20230907_185744,1349,True,20230907_185744,1701,True,1.0,0,0.0
20230815_055951,180,True,20230807_062216,1080,True,0.0,0,1.0
20230831_160214,934,False,20230902_060137,279,True,0.0,0,1.0
20230902_060137,224,True,20230902_060137,1183,True,1.0,0,0.0
20230831_141252,1066,True,20230805_145141,716,True,0.0,0,1.0
20230902_060137,226,True,20230902_060137,284,True,1.0,0,0.0
20230815_055951,191,True,20230831_162051,192,True,0.0,0,1.0
20230831_163856,1287,False,20230907_185744,1571,True,0.0,0,1.0
20230907_185744,1940,True,20230907_185744,1836,True,1.0,0,0.0
20230828_205214,1426,True,20230805_145141,998,True,0.0,0,1.0
20230815_055951,197,True,20230815_055951,180,True,1.0,0,0.0
20230831_141252,269,True,20230831_141252,275,True,1.0,0,0.0
20230831_141252,259,True,20230831_141252,210,True,1.0,0,0.0
20230907_185744,1366,True,20230907_185744,255,True,1.0,0,0.0
20230828_205214,297,True,20230828_205214,1235,True,1.0,0,0.0
20230907_185744,1760,True,20230907_185744,1678,True,1.0,0,0.0
20230805_191555,199,True,20230805_191555,224,True,1.0,0,0.0
20230902_060137,234,True,20230831_141252,1225,True,0.0,0,1.0
20230831_141252,210,True,20230831_053936,1298,True,0.0,0,1.0
20230907_185744,1407,True,20230907_185744,1524,True,1.0,0,0.0
20230902_060137,1403,True,20230902_060137,1421,True,1.0,0,0.0
20230902_060137,1450,True,20230907_185744,1363,True,0.0,0,1.0
20230807_062216,253,True,20230831_141252,216,True,0.0,0,1.0
20230815_055951,182,True,20230815_055951,169,True,1.0,0,0.0
20230828_205214,1230,True,20230828_205214,1474,True,1.0,0,0.0
20230902_060137,1171,True,20230902_060137,235,True,1.0,0,0.0
20230807_061410,1603,False,20230911_200338,229,False,0.0,0,1.0
20230902_060137,269,True,20230831_053936,1304,True,0.0,0,1.0
20230902_060137,226,True,20230815_055951,211,True,0.0,0,1.0
20230807_062216,254,True,20230902_060137,1450,True,0.0,0,1.0
20230828_205214,1427,True,20230828_205214,1231,True,1.0,0,0.0
20230828_205214,1440,True,20230828_205214,1452,True,1.0,0,0.0
20230907_185744,1359,True,20230828_205214,296,True,0.0,0,1.0
20230828_205214,1418,True,20230907_185744,1571,True,0.0,0,1.0
20230807_062216,253,True,20230831_160214,934,False,0.0,0,1.0
20230815_055951,169,True,20230807_060504,1412,True,0.0,0,1.0
20230907_185744,1407,True,20230907_185744,1593,True,1.0,0,0.0
20230828_205214,1418,True,20230828_205214,1235,True,1.0,0,0.0
20230831_141252,254,True,20230831_141252,1070,True,1.0,0,0.0
20230902_060137,234,True,20230902_060137,224,True,1.0,0,0.0
20230807_062216,253,True,20230807_062216,1292,True,1.0,0,0.0
20230902_060137,296,True,20230828_205214,1231,True,0.0,0,1.0
20230907_185744,1571,True,20230907_185744,300,True,1.0,0,0.0
20230911_200338,204,False,20230902_054933,224,True,0.0,0,1.0
20231005_200808,196,True,20230831_163856,1282,False,0.0,0,1.0
20230907_185744,1566,True,20230907_185744,1926,True,1.0,0,0.0
20230807_060504,248,True,20231005_200808,191,True,0.0,0,1.0
20230805_145141,713,True,20230805_145141,706,True,1.0,0,0.0
20230831_053936,231,True,20230831_053936,268,True,1.0,0,0.0
20230902_060137,234,True,20230902_060137,269,True,1.0,0,0.0
20230831_160214,934,False,20230805_145544,152,True,0.0,0,1.0
20230907_185744,1375,True,20230907_185744,1664,True,1.0,0,0.0
20230907_185744,1566,True,20230907_185744,1459,True,1.0,0,0.0
20230828_205214,1436,True,20230828_205214,1497,True,1.0,0,0.0
20230831_053936,274,True,20230902_060137,1450,True,0.0,0,1.0
20230807_062216,1292,True,20230902_060137,1441,True,0.0,0,1.0
20230902_060137,1436,True,20230902_060137,1398,True,1.0,0,0.0
20230907_185744,1571,True,20230907_185744,1730,True,1.0,0,0.0
20230911_200338,985,False,20230815_055951,182,True,0.0,0,1.0
20230907_185744,1566,True,20230907_185744,1480,True,1.0,0,0.0
20230907_185744,1571,True,20230907_185744,1678,True,1.0,0,0.0
20230828_205214,1436,True,20230828_205214,297,True,1.0,0,0.0
20230807_061410,1603,False,20230831_141252,1070,True,0.0,0,1.0
20230902_060137,284,True,20230902_060137,1398,True,1.0,0,0.0
20230911_200338,229,False,20230902_054933,207,True,0.0,0,1.0
20230828_205214,1452,True,20230828_205214,1436,True,1.0,0,0.0
20230815_055951,169,True,20230815_055951,197,True,1.0,0,0.0
20230831_053936,1301,True,20230805_145141,730,True,0.0,0,1.0
20230907_185744,267,True,20230907_185744,260,True,1.0,0,0.0
20230807_061410,487,False,20230831_053936,1304,True,0.0,0,1.0
20230907_185744,1404,True,20230831_053936,1304,True,0.0,0,1.0
20231005_200808,176,True,20231005_200808,1091,True,1.0,0,0.0
20230807_060504,192,True,20230902_054933,1103,True,0.0,0,1.0
20230805_145544,185,True,20230828_205214,1418,True,0.0,0,1.0
20230807_062216,253,True,20230828_205214,1235,True,0.0,0,1.0
20231006_192754,748,True,20231006_192754,763,True,1.0,0,0.0
20230828_205214,1231,True,20230828_205214,1454,True,1.0,0,0.0
20230902_060137,281,True,20230902_060137,1165,True,1.0,0,0.0
20230805_145141,713,True,20230902_060137,281,True,0.0,0,1.0
20230831_053936,1303,True,20230828_205214,1426,True,0.0,0,1.0
20230828_205214,1459,True,20230828_205214,1496,True,1.0,0,0.0
20230828_205214,1230,True,20230828_205214,271,True,1.0,0,0.0
20230805_191555,1103,True,20230805_191555,201,True,1.0,0,0.0
20230907_185744,1377,True,20230907_185744,845,True,1.0,0,0.0
20230911_200338,213,False,20230815_055951,185,True,0.0,0,1.0
20230902_060137,279,True,20230902_060137,1165,True,1.0,0,0.0
20230815_055951,169,True,20230805_145141,706,True,0.0,0,1.0
20230805_145141,703,True,20230805_145141,706,True,1.0,0,0.0
20230911_200338,232,False,20230911_200338,213,False,1.0,0,0.0
20230907_185744,1375,True,20230907_185744,1913,True,1.0,0,0.0
20230828_205214,1443,True,20230828_205214,1440,True,1.0,0,0.0
20230907_185744,1571,True,20230907_185744,1367,True,1.0,0,0.0
20230907_185744,1359,True,20230907_185744,1701,True,1.0,0,0.0
20230828_205214,1426,True,20230828_205214,1459,True,1.0,0,0.0
20230831_053936,1304,True,20230807_061410,487,False,0.0,0,1.0
20230907_185744,1349,True,20230907_185744,1566,True,1.0,0,0.0
20230902_060137,1397,True,20230902_060137,1421,True,1.0,0,0.0
20230831_141252,1218,True,20230831_141252,1067,True,1.0,0,0.0
20230911_200338,205,False,20230902_060137,1441,True,0.0,0,1.0
20230902_054933,1103,True,20230831_163856,1085,False,0.0,0,1.0
20230907_185744,1940,True,20230907_185744,1935,True,1.0,0,0.0
20230907_185744,1366,True,20230907_185744,1459,True,1.0,0,0.0
20230907_185744,1399,True,20230907_185744,1418,True,1.0,0,0.0
20230805_145141,703,True,20230805_145141,735,True,1.0,0,0.0
20230831_141252,210,True,20230831_141252,288,True,1.0,0,0.0
20230907_185744,1407,True,20230907_185744,1366,True,1.0,0,0.0
20230805_191555,219,True,20230831_141252,211,True,0.0,0,1.0
20230911_200338,235,False,20230911_200338,210,False,1.0,0,0.0
20230805_145544,160,True,20230805_145544,178,True,1.0,0,0.0
20230911_200338,987,False,20230815_055951,184,True,0.0,0,1.0
20230907_185744,1375,True,20230907_185744,1891,True,1.0,0,0.0
20230907_185744,1399,True,20230907_185744,267,True,1.0,0,0.0
20230831_141252,259,True,20230902_060137,1419,True,0.0,0,1.0
20230828_205214,323,True,20230828_205214,1231,True,1.0,0,0.0
20230831_141252,267,True,20230828_205214,286,True,0.0,0,1.0
20230828_205214,1440,True,20230828_205214,290,True,1.0,0,0.0
20230907_185744,1363,True,20230907_185744,1906,True,1.0,0,0.0
20230831_053936,1303,True,20230831_053936,268,True,1.0,0,0.0
20230907_185744,1836,True,20230907_185744,265,True,1.0,0,0.0
20230807_060504,191,True,20230902_054933,210,True,0.0,0,1.0
20230831_141252,301,True,20230831_141252,267,True,1.0,0,0.0
20230907_185744,1826,True,20230907_185744,1932,True,1.0,0,0.0
20230907_185744,1760,True,20230907_185744,1935,True,1.0,0,0.0
20230828_205214,284,True,20230828_205214,271,True,1.0,0,0.0
20230907_185744,1363,True,20230831_162051,192,True,0.0,0,1.0
20230902_060137,296,True,20230807_061410,493,False,0.0,0,1.0
20230907_185744,1399,True,20230907_185744,1459,True,1.0,0,0.0
20230907_185744,1363,True,20230907_185744,1496,True,1.0,0,0.0
20230907_185744,1399,True,20230907_185744,1489,True,1.0,0,0.0
20230907_185744,1375,True,20230907_185744,1698,True,1.0,0,0.0
20230805_145141,735,True,20230805_145141,703,True,1.0,0,0.0
20230831_163856,1066,False,20230831_163856,1090,False,1.0,0,0.0
20230805_145544,142,True,20230807_062216,223,True,0.0,0,1.0
20230902_054933,1102,True,20230807_062216,222,True,0.0,0,1.0
20230831_141252,254,True,20230831_141252,282,True,1.0,0,0.0
20230807_062216,247,True,20230807_062216,253,True,1.0,0,0.0
20230902_060137,296,True,20230902_060137,1432,True,1.0,0,0.0
20230815_055951,184,True,20230831_053936,1305,True,0.0,0,1.0
20230907_185744,1566,True,20230831_141252,211,True,0.0,0,1.0
20230805_191555,199,True,20230907_185744,1359,True,0.0,0,1.0
20230828_205214,1230,True,20230831_141252,210,True,0.0,0,1.0
20230828_205214,296,True,20230907_185744,1359,True,0.0,0,1.0
20230807_060504,256,True,20230902_054933,229,True,0.0,0,1.0
20230902_060137,279,True,20230831_141252,216,True,0.0,0,1.0
20230907_185744,1826,True,20230907_185744,1375,True,1.0,0,0.0
20230831_162051,192,True,20230807_061410,481,False,0.0,0,1.0
20230902_060137,1164,True,20230902_060137,250,True,1.0,0,0.0
20230807_060504,256,True,20230831_163856,1287,False,0.0,0,1.0
20230902_060137,296,True,20230907_185744,1558,True,0.0,0,1.0
20230907_185744,1558,True,20230907_185744,292,True,1.0,0,0.0
20230907_185744,1566,True,20230907_185744,1363,True,1.0,0,0.0
20230907_185744,1377,True,20230907_185744,270,True,1.0,0,0.0
20230907_185744,1412,True,20230907_185744,1558,True,1.0,0,0.0
20230907_185744,1558,True,20230907_185744,1698,True,1.0,0,0.0
20230828_205214,286,True,20230828_205214,271,True,1.0,0,0.0
20230815_055951,185,True,20231005_200808,1091,True,0.0,0,1.0
20230907_185744,267,True,20230907_185744,279,True,1.0,0,0.0
20230907_185744,1940,True,20230807_061410,495,False,0.0,0,1.0
20230807_060504,192,True,20230907_185744,1940,True,0.0,0,1.0
20230828_205214,1443,True,20230828_205214,323,True,1.0,0,0.0
20230907_185744,1940,True,20230907_185744,259,True,1.0,0,0.0
20230807_060504,248,True,20230807_060504,192,True,1.0,0,0.0
20230831_163856,1282,False,20230831_163856,1084,False,1.0,0,0.0
20230828_205214,1496,True,20230828_205214,1497,True,1.0,0,0.0
20230907_185744,1375,True,20230907_185744,1524,True,1.0,0,0.0
20230907_185744,1366,True,20230907_185744,1891,True,1.0,0,0.0
20231005_200808,1091,True,20231005_200808,191,True,1.0,0,0.0
20230805_145544,152,True,20230807_062216,253,True,0.0,0,1.0
20230902_054933,208,True,20230807_060504,248,True,0.0,0,1.0
20230907_185744,1558,True,20230907_185744,1836,True,1.0,0,0.0
20230907_185744,1571,True,20230907_185744,1937,True,1.0,0,0.0
20230828_205214,1487,True,20230828_205214,1455,True,1.0,0,0.0
20230907_185744,1760,True,20230907_185744,231,True,1.0,0,0.0
20230907_185744,1367,True,20230907_185744,1493,True,1.0,0,0.0
20230907_185744,1377,True,20230831_163856,1084,False,0.0,0,1.0
20230902_060137,269,True,20230902_060137,1164,True,1.0,0,0.0
20230831_053936,271,True,20230831_053936,255,True,1.0,0,0.0
20230907_185744,1359,True,20230907_185744,1521,True,1.0,0,0.0
20230911_200338,987,False,20230828_205214,1418,True,0.0,0,1.0
20231005_200808,196,True,20230831_141252,1315,True,0.0,0,1.0
20230907_185744,1375,True,20230907_185744,292,True,1.0,0,0.0
20230907_185744,1571,True,20230907_185744,1463,True,1.0,0,0.0
20230907_185744,1399,True,20230907_185744,1934,True,1.0,0,0.0
20230907_185744,1404,True,20230907_185744,1760,True,1.0,0,0.0
20230807_062216,214,True,20230807_062216,1292,True,1.0,0,0.0
20230805_145544,160,True,20230805_145544,149,True,1.0,0,0.0
20230807_062216,223,True,20230807_062216,215,True,1.0,0,0.0
20230907_185744,1558,True,20230907_185744,1524,True,1.0,0,0.0
20230828_205214,1436,True,20230828_205214,1426,True,1.0,0,0.0
20230902_060137,1397,True,20230902_060137,279,True,1.0,0,0.0
20230831_141252,1067,True,20230831_141252,169,True,1.0,0,0.0
20230828_205214,1459,True,20230828_205214,1436,True,1.0,0,0.0
20230907_185744,1566,True,20230907_185744,1537,True,1.0,0,0.0
20230828_205214,1452,True,20230828_205214,1230,True,1.0,0,0.0
20230831_141252,1315,True,20231005_200808,196,True,0.0,0,1.0
20230831_160214,934,False,20230807_060504,192,True,0.0,0,1.0
20230907_185744,1367,True,20230907_185744,1664,True,1.0,0,0.0
20230907_185744,1375,True,20230907_185744,323,True,1.0,0,0.0
20230807_062216,254,True,20230807_061410,481,False,0.0,0,1.0
20230907_185744,1940,True,20230907_185744,1359,True,1.0,0,0.0
20230807_062216,1292,True,20230807_062216,1283,True,1.0,0,0.0
20230902_060137,1428,True,20230907_185744,1895,True,0.0,0,1.0
20230911_200338,985,False,20230828_205214,1230,True,0.0,0,1.0
20230807_061410,485,False,20230807_061410,1603,False,1.0,0,0.0
20230828_205214,1465,True,20230828_205214,1231,True,1.0,0,0.0
20230907_185744,267,True,20230907_185744,1723,True,1.0,0,0.0
20230831_141252,169,True,20230831_141252,267,True,1.0,0,0.0
20230902_060137,1428,True,20230902_060137,226,True,1.0,0,0.0
20230807_060504,248,True,20230911_200338,985,False,0.0,0,1.0
20230902_060137,1428,True,20230902_060137,1165,True,1.0,0,0.0
20230828_205214,1446,True,20230805_191555,198,True,0.0,0,1.0
20230807_062216,215,True,20230807_062216,202,True,1.0,0,0.0
20230831_141252,1227,True,20230831_141252,1225,True,1.0,0,0.0
20230902_054933,229,True,20230907_185744,1571,True,0.0,0,1.0
20230831_162051,192,True,20230831_160214,937,False,0.0,0,1.0
20230828_205214,1452,True,20230828_205214,1474,True,1.0,0,0.0
20230902_060137,1450,True,20230805_145141,735,True,0.0,0,1.0
20230902_054933,229,True,20230831_160214,949,False,0.0,0,1.0
20230807_062216,247,True,20230828_205214,1418,True,0.0,0,1.0
20230807_062216,215,True,20230807_062216,255,True,1.0,0,0.0
20230902_054933,210,True,20230805_191555,1103,True,0.0,0,1.0
20230807_061410,493,False,20230831_163856,1282,False,0.0,0,1.0
20230907_185744,1558,True,20230831_141252,1315,True,0.0,0,1.0
20230902_060137,1436,True,20230902_060137,1421,True,1.0,0,0.0
20230907_185744,1558,True,20230907_185744,1730,True,1.0,0,0.0
20230902_060137,1450,True,20230902_060137,281,True,1.0,0,0.0
20230805_145544,160,True,20230902_060137,1432,True,0.0,0,1.0
20230907_185744,1407,True,20230907_185744,293,True,1.0,0,0.0
20230831_162051,178,True,20230907_185744,1377,True,0.0,0,1.0
20230807_062216,202,True,20230828_205214,1446,True,0.0,0,1.0
20230805_145141,735,True,20230831_163856,1090,False,0.0,0,1.0
20230831_141252,216,True,20231005_200808,1091,True,0.0,0,1.0
20230907_185744,267,True,20230907_185744,1501,True,1.0,0,0.0
20230831_141252,1227,True,20230831_141252,282,True,1.0,0,0.0
20230807_061410,481,False,20231005_200808,176,True,0.0,0,1.0
20230831_160214,937,False,20230831_160214,934,False,1.0,0,0.0
20230828_205214,1427,True,20230831_160214,937,False,0.0,0,1.0
20230902_060137,279,True,20230902_060137,1403,True,1.0,0,0.0
20230805_191555,237,True,20230805_191555,201,True,1.0,0,0.0
20230902_060137,281,True,20230902_060137,224,True,1.0,0,0.0
20230831_141252,1315,True,20230831_141252,281,True,1.0,0,0.0
20230902_060137,250,True,20230902_060137,1397,True,1.0,0,0.0
20230828_205214,1497,True,20230828_205214,290,True,1.0,0,0.0
20230815_055951,169,True,20230807_062216,1292,True,0.0,0,1.0
20230907_185744,1558,True,20230907_185744,1855,True,1.0,0,0.0
20230828_205214,1454,True,20230828_205214,1230,True,1.0,0,0.0
20230807_061410,473,False,20230911_200338,1244,False,0.0,0,1.0
20230828_205214,1446,True,20230828_205214,296,True,1.0,0,0.0
20230907_185744,1399,True,20230907_185744,1524,True,1.0,0,0.0
20230828_205214,1487,True,20230828_205214,1474,True,1.0,0,0.0
20230902_060137,269,True,20230902_060137,1441,True,1.0,0,0.0
20230828_205214,1465,True,20230828_205214,1496,True,1.0,0,0.0
20230831_053936,1304,True,20230805_145544,142,True,0.0,0,1.0
20230902_060137,267,True,20230902_060137,1421,True,1.0,0,0.0
20230907_185744,1367,True,20230907_185744,844,True,1.0,0,0.0
20230805_145544,178,True,20230805_191555,1103,True,0.0,0,1.0
20230831_163856,1090,False,20230807_062216,254,True,0.0,0,1.0
20230907_185744,1404,True,20230907_185744,1699,True,1.0,0,0.0
20230815_055951,185,True,20230815_055951,169,True,1.0,0,0.0
20230907_185744,1359,True,20230907_185744,1460,True,1.0,0,0.0
20230902_060137,250,True,20230828_205214,1418,True,0.0,0,1.0
20230907_185744,1836,True,20230907_185744,1899,True,1.0,0,0.0
20230828_205214,1452,True,20230902_060137,224,True,0.0,0,1.0
20230831_163856,1085,False,20231005_200808,1091,True,0.0,0,1.0
20230815_055951,182,True,20230815_055951,209,True,1.0,0,0.0
20230815_055951,1202,True,20230815_055951,218,True,1.0,0,0.0
20230807_062216,223,True,20230807_062216,255,True,1.0,0,0.0
20230907_185744,1760,True,20230907_185744,1661,True,1.0,0,0.0
20230907_185744,1363,True,20230907_185744,1404,True,1.0,0,0.0
20230911_200338,214,False,20230911_200338,213,False,1.0,0,0.0
20230807_061410,487,False,20230807_061410,473,False,1.0,0,0.0
20230831_163856,1287,False,20230911_200338,987,False,0.0,0,1.0
20230902_060137,226,True,20230831_141252,267,True,0.0,0,1.0
20230907_185744,1349,True,20230907_185744,1407,True,1.0,0,0.0
20230902_060137,281,True,20230902_060137,226,True,1.0,0,0.0
20230805_191555,1105,True,20230831_163856,1287,False,0.0,0,1.0
20230828_205214,1231,True,20230807_062216,222,True,0.0,0,1.0
20230902_060137,1428,True,20230902_060137,267,True,1.0,0,0.0
20230805_145544,185,True,20230805_145544,160,True,1.0,0,0.0
20230831_141252,211,True,20230831_141252,1225,True,1.0,0,0.0
20230828_205214,1443,True,20230828_205214,290,True,1.0,0,0.0
20230902_060137,1450,True,20230828_205214,1427,True,0.0,0,1.0
20230902_060137,299,True,20230902_060137,1165,True,1.0,0,0.0
20230907_185744,1375,True,20230907_185744,1367,True,1.0,0,0.0
20230805_145141,703,True,20230807_060504,250,True,0.0,0,1.0
20230911_200338,204,False,20230911_200338,195,False,1.0,0,0.0
20230828_205214,1443,True,20230828_205214,1235,True,1.0,0,0.0
20230831_141252,275,True,20230831_141252,269,True,1.0,0,0.0
20230807_061410,493,False,20230805_191555,1106,True,0.0,0,1.0
20230805_145544,168,True,20230831_141252,211,True,0.0,0,1.0
20230828_205214,1436,True,20230828_205214,1230,True,1.0,0,0.0
20230907_185744,1349,True,20230907_185744,1918,True,1.0,0,0.0
20230807_062216,223,True,20230831_163856,1066,False,0.0,0,1.0
20230907_185744,1826,True,20230907_185744,1497,True,1.0,0,0.0
20230828_205214,1426,True,20230805_145544,193,True,0.0,0,1.0
20230907_185744,1377,True,20230907_185744,1518,True,1.0,0,0.0
20230815_055951,1202,True,20230911_200338,232,False,0.0,0,1.0
20230907_185744,1367,True,20230907_185744,1537,True,1.0,0,0.0
20230807_062216,223,True,20230807_062216,1283,True,1.0,0,0.0
20230807_062216,1081,True,20230815_055951,221,True,0.0,0,1.0
20230805_145544,149,True,20230807_062216,1080,True,0.0,0,1.0
20230902_060137,1408,True,20230902_060137,1432,True,1.0,0,0.0
20230911_200338,205,False,20230911_200338,204,False,1.0,0,0.0
20230815_055951,191,True,20230815_055951,1202,True,1.0,0,0.0
20230902_060137,1421,True,20230902_060137,1432,True,1.0,0,0.0
20230907_185744,1760,True,20230907_185744,1698,True,1.0,0,0.0
20230805_191555,224,True,20230805_191555,198,True,1.0,0,0.0
20230911_200338,987,False,20230902_054933,229,True,0.0,0,1.0
20230828_205214,284,True,20230828_205214,297,True,1.0,0,0.0
20230831_163856,1085,False,20230831_160214,934,False,0.0,0,1.0
20230831_141252,210,True,20230831_141252,1315,True,1.0,0,0.0
20230907_185744,1571,True,20230907_185744,1895,True,1.0,0,0.0
20230911_200338,204,False,20230911_200338,210,False,1.0,0,0.0
20230815_055951,209,True,20230815_055951,180,True,1.0,0,0.0
20230807_060504,250,True,20230807_060504,244,True,1.0,0,0.0
20230902_060137,296,True,20230902_060137,1183,True,1.0,0,0.0
20230805_191555,1105,True,20230805_191555,237,True,1.0,0,0.0
20230805_145544,1066,True,20230828_205214,290,True,0.0,0,1.0
20230907_185744,1404,True,20230907_185744,270,True,1.0,0,0.0
20230907_185744,1404,True,20230907_185744,1463,True,1.0,0,0.0
20230902_060137,1164,True,20230902_060137,279,True,1.0,0,0.0
20230807_060504,256,True,20230828_205214,1418,True,0.0,0,1.0
20230907_185744,1404,True,20230907_185744,1701,True,1.0,0,0.0
20230907_185744,1759,True,20230907_185744,300,True,1.0,0,0.0
20230831_163856,1084,False,20230807_060504,235,True,0.0,0,1.0
20230907_185744,1760,True,20230907_185744,1723,True,1.0,0,0.0
20230907_185744,1404,True,20230907_185744,1895,True,1.0,0,0.0
20230902_060137,1428,True,20230902_060137,1419,True,1.0,0,0.0
20230907_185744,1349,True,20230907_185744,1759,True,1.0,0,0.0
20230907_185744,267,True,20230907_185744,291,True,1.0,0,0.0
20230907_185744,1558,True,20230907_185744,1899,True,1.0,0,0.0
20230828_205214,1454,True,20230828_205214,284,True,1.0,0,0.0
20230831_162051,178,True,20231005_200808,175,True,0.0,0,1.0
20230831_141252,1227,True,20230831_141252,1066,True,1.0,0,0.0
20230907_185744,1558,True,20230907_185744,1701,True,1.0,0,0.0
20230907_185744,1412,True,20230907_185744,1399,True,1.0,0,0.0
20230902_060137,296,True,20230831_053936,271,True,0.0,0,1.0
20231006_192754,750,True,20230815_055951,185,True,0.0,0,1.0
20230831_053936,271,True,20230831_053936,1301,True,1.0,0,0.0
20230805_145544,152,True,20230831_162051,181,True,0.0,0,1.0
20230831_141252,1218,True,20230831_141252,1317,True,1.0,0,0.0
20230907_185744,1836,True,20230907_185744,1937,True,1.0,0,0.0
20230907_185744,1407,True,20230907_185744,255,True,1.0,0,0.0
20230907_185744,1359,True,20230907_185744,1412,True,1.0,0,0.0
20230831_053936,1450,True,20230831_053936,1301,True,1.0,0,0.0
20231005_200808,191,True,20230911_200338,985,False,0.0,0,1.0
20230828_205214,1230,True,20230807_060504,248,True,0.0,0,1.0
20230807_060504,250,True,20230815_055951,179,True,0.0,0,1.0
20230907_185744,1412,True,20230907_185744,300,True,1.0,0,0.0
20230807_062216,1080,True,20230807_062216,1286,True,1.0,0,0.0
20230902_060137,281,True,20230902_060137,250,True,1.0,0,0.0
20230831_141252,211,True,20230911_200338,205,False,0.0,0,1.0
20230807_062216,214,True,20230807_062216,210,True,1.0,0,0.0
20230902_060137,226,True,20230902_060137,1428,True,1.0,0,0.0
20230907_185744,1377,True,20230907_185744,1407,True,1.0,0,0.0
20230902_060137,224,True,20230902_060137,1403,True,1.0,0,0.0
20230907_185744,1363,True,20231005_200808,176,True,0.0,0,1.0
20230807_061410,500,False,20230807_061410,474,False,1.0,0,0.0
20230902_060137,284,True,20230805_191555,1117,True,0.0,0,1.0
20230815_055951,185,True,20230831_141252,216,True,0.0,0,1.0
20230805_191555,219,True,20230805_191555,1117,True,1.0,0,0.0
20230902_060137,1408,True,20230828_205214,1443,True,0.0,0,1.0
20230815_055951,209,True,20230815_055951,182,True,1.0,0,0.0
20230807_061410,495,False,20230807_061410,1603,False,1.0,0,0.0
20230907_185744,267,True,20230907_185744,1459,True,1.0,0,0.0
20230828_205214,1465,True,20230828_205214,1418,True,1.0,0,0.0
20230831_141252,216,True,20230831_162051,181,True,0.0,0,1.0
20230807_062216,254,True,20230831_053936,274,True,0.0,0,1.0
20230902_054933,229,True,20230902_054933,210,True,1.0,0,0.0
20230831_141252,1070,True,20230831_141252,210,True,1.0,0,0.0
20230828_205214,1497,True,20230828_205214,1436,True,1.0,0,0.0
20230907_185744,1404,True,20230907_185744,1940,True,1.0,0,0.0
20230911_200338,229,False,20230805_145544,193,True,0.0,0,1.0
20230805_191555,215,True,20230805_191555,219,True,1.0,0,0.0
20230902_060137,234,True,20230902_060137,250,True,1.0,0,0.0
20230907_185744,1759,True,20230828_205214,290,True,0.0,0,1.0
20230831_141252,281,True,20230902_060137,1408,True,0.0,0,1.0
20230907_185744,1826,True,20230907_185744,1725,True,1.0,0,0.0
20230907_185744,1404,True,20230907_185744,1377,True,1.0,0,0.0
20231005_200808,175,True,20230807_061410,1603,False,0.0,0,1.0
20230902_060137,1176,True,20230902_060137,1164,True,1.0,0,0.0
20230902_060137,250,True,20231005_200808,183,True,0.0,0,1.0
20230828_205214,1235,True,20230815_055951,185,True,0.0,0,1.0
20230828_205214,1455,True,20230828_205214,310,True,1.0,0,0.0
20230902_054933,224,True,20230807_060504,244,True,0.0,0,1.0
20230805_145544,193,True,20230805_145544,160,True,1.0,0,0.0
20230907_185744,1558,True,20230907_185744,1661,True,1.0,0,0.0
20230805_145141,735,True,20230831_160214,937,False,0.0,0,1.0
20230831_163856,1084,False,20230907_185744,1377,True,0.0,0,1.0
20230907_185744,1412,True,20230907_185744,1934,True,1.0,0,0.0
20230902_060137,1171,True,20230828_205214,323,True,0.0,0,1.0
20230907_185744,1375,True,20230907_185744,1496,True,1.0,0,0.0
20230907_185744,1759,True,20230907_185744,1363,True,1.0,0,0.0
20230815_055951,211,True,20230907_185744,1349,True,0.0,0,1.0
20230831_141252,259,True,20230828_205214,1446,True,0.0,0,1.0
20230831_053936,231,True,20230815_055951,169,True,0.0,0,1.0
20230907_185744,1558,True,20230907_185744,252,True,1.0,0,0.0
20230805_145141,716,True,20230828_205214,1418,True,0.0,0,1.0
20230831_141252,288,True,20230831_141252,269,True,1.0,0,0.0
20230902_060137,1164,True,20230902_060137,226,True,1.0,0,0.0
20230907_185744,1375,True,20230907_185744,1643,True,1.0,0,0.0
20230828_205214,1230,True,20230828_205214,1440,True,1.0,0,0.0
20230828_205214,271,True,20230828_205214,323,True,1.0,0,0.0
20230902_060137,1165,True,20230902_060137,296,True,1.0,0,0.0
20230907_185744,1566,True,20230907_185744,880,True,1.0,0,0.0
20230828_205214,1446,True,20230828_205214,1474,True,1.0,0,0.0
20230831_053936,255,True,20230805_145544,160,True,0.0,0,1.0
20230911_200338,1244,False,20230911_200338,987,False,1.0,0,0.0
20230907_185744,1558,True,20230907_185744,1463,True,1.0,0,0.0
20230907_185744,1826,True,20230907_185744,1698,True,1.0,0,0.0
20230907_185744,1359,True,20230907_185744,1571,True,1.0,0,0.0
20230907_185744,1367,True,20230907_185744,1721,True,1.0,0,0.0
20230902_060137,269,True,20230807_062216,223,True,0.0,0,1.0
20231005_200808,175,True,20230907_185744,1377,True,0.0,0,1.0
20230907_185744,1367,True,20230907_185744,860,True,1.0,0,0.0
20230831_141252,259,True,20230831_141252,1225,True,1.0,0,0.0
20230815_055951,218,True,20230815_055951,169,True,1.0,0,0.0
20230902_060137,1397,True,20230828_205214,290,True,0.0,0,1.0
20230831_160214,949,False,20230807_062216,247,True,0.0,0,1.0
20230907_185744,1571,True,20230907_185744,323,True,1.0,0,0.0
20230807_061410,481,False,20230831_053936,274,True,0.0,0,1.0
20230805_145141,735,True,20230805_145544,178,True,0.0,0,1.0
20230805_191555,215,True,20230807_062216,1081,True,0.0,0,1.0
20230907_185744,1366,True,20230907_185744,1359,True,1.0,0,0.0
20230828_205214,1436,True,20230828_205214,1455,True,1.0,0,0.0
20230828_205214,311,True,20230828_205214,1459,True,1.0,0,0.0
20230805_191555,1106,True,20230828_205214,1231,True,0.0,0,1.0
20230902_060137,299,True,20230902_060137,1398,True,1.0,0,0.0
20230828_205214,1235,True,20230807_062216,253,True,0.0,0,1.0
20230902_054933,1103,True,20231006_192754,750,True,0.0,0,1.0
20230907_185744,1359,True,20230907_185744,1892,True,1.0,0,0.0
20230831_053936,1305,True,20230902_060137,250,True,0.0,0,1.0
20230907_185744,1375,True,20230805_145544,149,True,0.0,0,1.0
20230907_185744,1407,True,20230831_141252,259,True,0.0,0,1.0
20230807_061410,487,False,20230805_145544,142,True,0.0,0,1.0
20230911_200338,235,False,20230805_145544,149,True,0.0,0,1.0
20230902_060137,1403,True,20230902_060137,1397,True,1.0,0,0.0
20230805_191555,1103,True,20230805_191555,198,True,1.0,0,0.0
20230828_205214,1465,True,20230828_205214,310,True,1.0,0,0.0
20230828_205214,1443,True,20230828_205214,1496,True,1.0,0,0.0
20230907_185744,1359,True,20230907_185744,1721,True,1.0,0,0.0
20230907_185744,1836,True,20230831_141252,301,True,0.0,0,1.0
20230907_185744,1349,True,20230907_185744,1935,True,1.0,0,0.0
20230907_185744,1399,True,20230907_185744,1737,True,1.0,0,0.0
20230907_185744,1407,True,20230907_185744,1850,True,1.0,0,0.0
20230831_053936,1305,True,20230807_060504,256,True,0.0,0,1.0
20230831_141252,210,True,20230831_141252,254,True,1.0,0,0.0
20230902_060137,1171,True,20230902_060137,1419,True,1.0,0,0.0
20230805_191555,1117,True,20230831_141252,1070,True,0.0,0,1.0
20230907_185744,1760,True,20230907_185744,1418,True,1.0,0,0.0
20230831_141252,288,True,20230831_141252,282,True,1.0,0,0.0
20230831_163856,1084,False,20230911_200338,229,False,0.0,0,1.0
20230907_185744,1760,True,20230831_141252,295,True,0.0,0,1.0
20230907_185744,1760,True,20230907_185744,1399,True,1.0,0,0.0
20230907_185744,1571,True,20231005_200808,183,True,0.0,0,1.0
20230907_185744,1367,True,20230907_185744,291,True,1.0,0,0.0
20230902_060137,1408,True,20230902_060137,224,True,1.0,0,0.0
20230902_060137,1397,True,20230902_060137,1183,True,1.0,0,0.0
20230907_185744,1571,True,20230907_185744,292,True,1.0,0,0.0
20230807_062216,1080,True,20230815_055951,180,True,0.0,0,1.0
20230828_205214,1235,True,20230831_163856,1085,False,0.0,0,1.0
20230828_205214,1231,True,20230807_061410,493,False,0.0,0,1.0
20230831_160214,949,False,20230805_145544,185,True,0.0,0,1.0
20230902_060137,1413,True,20230902_060137,1436,True,1.0,0,0.0
20230828_205214,296,True,20230828_205214,1440,True,1.0,0,0.0
20230805_191555,237,True,20230805_191555,199,True,1.0,0,0.0
20230805_191555,237,True,20230805_191555,224,True,1.0,0,0.0
20230815_055951,182,True,20230902_060137,281,True,0.0,0,1.0
20230815_055951,182,True,20230815_055951,185,True,1.0,0,0.0
20230831_141252,1067,True,20230902_060137,1450,True,0.0,0,1.0
20230902_060137,1419,True,20230902_060137,1421,True,1.0,0,0.0
20230805_145141,735,True,20230805_191555,1103,True,0.0,0,1.0
20230805_191555,219,True,20230805_191555,215,True,1.0,0,0.0
20230902_060137,284,True,20230902_060137,1450,True,1.0,0,0.0
20230828_205214,1418,True,20230828_205214,1459,True,1.0,0,0.0
20230828_205214,1465,True,20230828_205214,1455,True,1.0,0,0.0
20230907_185744,1571,True,20230907_185744,1480,True,1.0,0,0.0
20230902_060137,1436,True,20230902_060137,1432,True,1.0,0,0.0
20230831_141252,1070,True,20230831_141252,295,True,1.0,0,0.0
20230907_185744,1404,True,20230907_185744,1926,True,1.0,0,0.0
20230805_191555,1101,True,20230902_054933,1103,True,0.0,0,1.0
20230831_162051,181,True,20231005_200808,1091,True,0.0,0,1.0
20230911_200338,213,False,20230902_054933,1103,True,0.0,0,1.0
20230907_185744,844,True,20230828_205214,323,True,0.0,0,1.0
20230907_185744,1404,True,20230907_185744,845,True,1.0,0,0.0
20230907_185744,1571,True,20230907_185744,267,True,1.0,0,0.0
20230907_185744,1407,True,20230907_185744,1678,True,1.0,0,0.0
20230902_060137,226,True,20230902_060137,250,True,1.0,0,0.0
20230831_141252,295,True,20230831_141252,1227,True,1.0,0,0.0
20230902_060137,1176,True,20230902_060137,1419,True,1.0,0,0.0
20230831_141252,210,True,20230831_141252,169,True,1.0,0,0.0
20230831_141252,216,True,20230831_163856,1085,False,0.0,0,1.0
20230907_185744,1377,True,20230907_185744,1367,True,1.0,0,0.0
20230907_185744,1377,True,20230907_185744,1558,True,1.0,0,0.0
20230907_185744,1558,True,20230907_185744,1518,True,1.0,0,0.0
20230907_185744,1349,True,20230907_185744,1678,True,1.0,0,0.0
20230805_145544,143,True,20230805_145544,160,True,1.0,0,0.0
20230831_160214,949,False,20231005_200808,183,True,0.0,0,1.0
20230807_062216,254,True,20230807_062216,1292,True,1.0,0,0.0
20230828_205214,297,True,20230828_205214,290,True,1.0,0,0.0
20230807_061410,1603,False,20230805_145544,193,True,0.0,0,1.0
20230907_185744,1940,True,20230907_185744,1349,True,1.0,0,0.0
20231005_200808,176,True,20230902_060137,1450,True,0.0,0,1.0
20230828_205214,1496,True,20230828_205214,1235,True,1.0,0,0.0
20230907_185744,1366,True,20230907_185744,1759,True,1.0,0,0.0
20230902_060137,284,True,20230831_163856,1084,False,0.0,0,1.0
20230907_185744,1759,True,20230907_185744,1418,True,1.0,0,0.0
20230902_060137,1398,True,20230902_060137,267,True,1.0,0,0.0
20230907_185744,1836,True,20230907_185744,1412,True,1.0,0,0.0
20230828_205214,1496,True,20230828_205214,1452,True,1.0,0,0.0
20230805_191555,219,True,20230805_145544,168,True,0.0,0,1.0
20230907_185744,1407,True,20230907_185744,1566,True,1.0,0,0.0
20230828_205214,1426,True,20230828_205214,1231,True,1.0,0,0.0
20230907_185744,1407,True,20230907_185744,1892,True,1.0,0,0.0
20230911_200338,204,False,20230805_145141,710,True,0.0,0,1.0
20230805_145544,156,True,20230805_191555,1106,True,0.0,0,1.0
20230828_205214,1459,True,20230907_185744,845,True,0.0,0,1.0
20230907_185744,1836,True,20230907_185744,1367,True,1.0,0,0.0
20230907_185744,1558,True,20230907_185744,259,True,1.0,0,0.0
20230828_205214,286,True,20230828_205214,1436,True,1.0,0,0.0
20230911_200338,987,False,20230911_200338,213,False,1.0,0,0.0
20230907_185744,1412,True,20230907_185744,1935,True,1.0,0,0.0
20230828_205214,1454,True,20230831_141252,1227,True,0.0,0,1.0
20230907_185744,1363,True,20230902_060137,1450,True,0.0,0,1.0
20230907_185744,1566,True,20230907_185744,1725,True,1.0,0,0.0
20230831_163856,1090,False,20231006_192754,748,True,0.0,0,1.0
20230907_185744,1375,True,20230907_185744,1644,True,1.0,0,0.0
20230828_205214,1231,True,20230828_205214,323,True,1.0,0,0.0
20230907_185744,1404,True,20230911_200338,204,False,0.0,0,1.0
20230831_053936,1301,True,20230807_061410,495,False,0.0,0,1.0
20230902_060137,250,True,20230831_163856,1287,False,0.0,0,1.0
20230807_061410,487,False,20230807_061410,1603,False,1.0,0,0.0
20230828_205214,1496,True,20230907_185744,267,True,0.0,0,1.0
20230828_205214,1427,True,20230828_205214,296,True,1.0,0,0.0
20231005_200808,175,True,20231005_200808,191,True,1.0,0,0.0
20230831_141252,1066,True,20230831_141252,1227,True,1.0,0,0.0
20230902_060137,1171,True,20230902_060137,1403,True,1.0,0,0.0
20230902_054933,207,True,20230831_141252,1070,True,0.0,0,1.0
20230831_141252,1225,True,20230831_141252,1220,True,1.0,0,0.0
20230828_205214,290,True,20230828_205214,1443,True,1.0,0,0.0
20230907_185744,1826,True,20230907_185744,1850,True,1.0,0,0.0
20230902_060137,250,True,20230902_060137,284,True,1.0,0,0.0
20230805_191555,224,True,20230805_191555,1105,True,1.0,0,0.0
20230907_185744,1566,True,20230907_185744,270,True,1.0,0,0.0
20230807_060504,1412,True,20230815_055951,169,True,0.0,0,1.0
20230815_055951,211,True,20230831_141252,267,True,0.0,0,1.0
20231005_200808,175,True,20230805_145141,998,True,0.0,0,1.0
20230805_145544,142,True,20230831_053936,1304,True,0.0,0,1.0
20230902_060137,1432,True,20230805_145544,160,True,0.0,0,1.0
20230828_205214,310,True,20230828_205214,1443,True,1.0,0,0.0
20230805_145544,149,True,20230805_145544,156,True,1.0,0,0.0
20230911_200338,985,False,20230807_061410,474,False,0.0,0,1.0
20230907_185744,1940,True,20230907_185744,1682,True,1.0,0,0.0
20230815_055951,197,True,20230815_055951,221,True,1.0,0,0.0
20230902_060137,1397,True,20230902_060137,224,True,1.0,0,0.0
20230907_185744,1940,True,20230907_185744,270,True,1.0,0,0.0
20230907_185744,1366,True,20230907_185744,270,True,1.0,0,0.0
20230828_205214,1235,True,20230831_162051,181,True,0.0,0,1.0
20230828_205214,1454,True,20230828_205214,1455,True,1.0,0,0.0
20230907_185744,1571,True,20230907_185744,1377,True,1.0,0,0.0
20230828_205214,290,True,20230828_205214,1497,True,1.0,0,0.0
20230831_163856,1085,False,20230815_055951,185,True,0.0,0,1.0
20231006_192754,763,True,20230831_141252,1070,True,0.0,0,1.0
20230907_185744,1366,True,20230907_185744,1926,True,1.0,0,0.0
20230902_060137,299,True,20230902_060137,284,True,1.0,0,0.0
20230828_205214,1231,True,20230828_205214,284,True,1.0,0,0.0
20230807_062216,253,True,20230805_191555,1101,True,0.0,0,1.0
20230831_141252,211,True,20230807_062216,1292,True,0.0,0,1.0
20230831_141252,216,True,20230831_141252,259,True,1.0,0,0.0
20230907_185744,1760,True,20230907_185744,259,True,1.0,0,0.0
20230907_185744,1571,True,20230907_185744,1404,True,1.0,0,0.0
20230831_141252,1070,True,20230831_141252,216,True,1.0,0,0.0
20230815_055951,221,True,20230815_055951,218,True,1.0,0,0.0
20230805_191555,1101,True,20230805_145544,152,True,0.0,0,1.0
20230907_185744,1407,True,20230907_185744,1737,True,1.0,0,0.0
20230828_205214,1454,True,20230828_205214,323,True,1.0,0,0.0
20230828_205214,1443,True,20230828_205214,1452,True,1.0,0,0.0
20230907_185744,1349,True,20230907_185744,291,True,1.0,0,0.0
20230831_053936,1298,True,20230805_145141,713,True,0.0,0,1.0
20230831_141252,1317,True,20230831_141252,1218,True,1.0,0,0.0
20230907_185744,1404,True,20230807_060504,244,True,0.0,0,1.0
20230831_141252,259,True,20230831_141252,1067,True,1.0,0,0.0
20230815_055951,180,True,20230815_055951,211,True,1.0,0,0.0
20230902_060137,279,True,20230902_060137,1176,True,1.0,0,0.0
20230828_205214,297,True,20230828_205214,1443,True,1.0,0,0.0
20230911_200338,214,False,20231005_200808,176,True,0.0,0,1.0
20230815_055951,197,True,20231005_200808,208,True,0.0,0,1.0
20230807_061410,487,False,20230805_191555,237,True,0.0,0,1.0
20230831_162051,192,True,20230902_060137,1450,True,0.0,0,1.0
20230828_205214,1452,True,20230828_205214,1459,True,1.0,0,0.0
20230815_055951,218,True,20230807_060504,235,True,0.0,0,1.0
20230831_053936,271,True,20230831_141252,1315,True,0.0,0,1.0
20230907_185744,1566,True,20230907_185744,1760,True,1.0,0,0.0
20230831_141252,275,True,20230831_053936,268,True,0.0,0,1.0
20230902_060137,269,True,20230902_060137,1408,True,1.0,0,0.0
20230907_185744,1375,True,20230907_185744,1558,True,1.0,0,0.0
20230815_055951,179,True,20230807_061410,493,False,0.0,0,1.0
20230902_060137,1397,True,20230902_060137,1171,True,1.0,0,0.0
20230902_060137,1413,True,20230902_060137,299,True,1.0,0,0.0
20230805_191555,201,True,20230805_191555,1103,True,1.0,0,0.0
20230831_141252,169,True,20230831_141252,281,True,1.0,0,0.0
20230831_141252,288,True,20230831_141252,210,True,1.0,0,0.0
20230828_205214,1497,True,20230828_205214,1231,True,1.0,0,0.0
20230807_062216,210,True,20230828_205214,1443,True,0.0,0,1.0
20230907_185744,267,True,20230907_185744,252,True,1.0,0,0.0
20230815_055951,185,True,20230815_055951,180,True,1.0,0,0.0
20230907_185744,1558,True,20230907_185744,1367,True,1.0,0,0.0
20230805_145141,998,True,20230902_060137,284,True,0.0,0,1.0
20230828_205214,1452,True,20230828_205214,1446,True,1.0,0,0.0
20230907_185744,1363,True,20230907_185744,267,True,1.0,0,0.0
20230902_060137,1183,True,20230902_060137,235,True,1.0,0,0.0
20230815_055951,191,True,20230815_055951,218,True,1.0,0,0.0
20230831_163856,1085,False,20230907_185744,1940,True,0.0,0,1.0
20230805_145544,143,True,20230902_060137,281,True,0.0,0,1.0
20230807_060504,244,True,20230807_060504,192,True,1.0,0,0.0
20230907_185744,1412,True,20230907_185744,1418,True,1.0,0,0.0
20230805_145544,160,True,20230805_145544,185,True,1.0,0,0.0
20230907_185744,1836,True,20230907_185744,1496,True,1.0,0,0.0
20230907_185744,1760,True,20230907_185744,1855,True,1.0,0,0.0
20230911_200338,205,False,20230828_205214,284,True,0.0,0,1.0
20230831_141252,1070,True,20230805_191555,1117,True,0.0,0,1.0
20230831_141252,1066,True,20230831_141252,295,True,1.0,0,0.0
20230828_205214,1235,True,20230828_205214,1436,True,1.0,0,0.0
20230907_185744,1836,True,20230907_185744,1375,True,1.0,0,0.0
20230907_185744,1359,True,20230907_185744,261,True,1.0,0,0.0
20230911_200338,1244,False,20230911_200338,232,False,1.0,0,0.0
20230828_205214,1487,True,20230828_205214,271,True,1.0,0,0.0
20230815_055951,179,True,20230815_055951,218,True,1.0,0,0.0
20230907_185744,1826,True,20230907_185744,1918,True,1.0,0,0.0
20230831_053936,1301,True,20230831_053936,274,True,1.0,0,0.0
20230828_205214,1446,True,20230831_141252,259,True,0.0,0,1.0
20230907_185744,1377,True,20230902_054933,207,True,0.0,0,1.0
20230831_162051,192,True,20230831_141252,1067,True,0.0,0,1.0
20230807_061410,495,False,20230831_163856,1085,False,0.0,0,1.0
20230911_200338,213,False,20230911_200338,987,False,1.0,0,0.0
20230815_055951,191,True,20230815_055951,182,True,1.0,0,0.0
20230831_053936,1305,True,20230805_145141,716,True,0.0,0,1.0
20230907_185744,1399,True,20230907_185744,1680,True,1.0,0,0.0
20230907_185744,1404,True,20230907_185744,1359,True,1.0,0,0.0
20230828_205214,311,True,20230828_205214,1427,True,1.0,0,0.0
20230907_185744,1940,True,20230907_185744,293,True,1.0,0,0.0
20230807_060504,256,True,20230807_060504,191,True,1.0,0,0.0
20230907_185744,1363,True,20230907_185744,1524,True,1.0,0,0.0
20230807_061410,1603,False,20230807_062216,255,True,0.0,0,1.0
20230907_185744,1940,True,20230907_185744,1412,True,1.0,0,0.0
20230907_185744,1759,True,20230907_185744,1673,True,1.0,0,0.0
20230902_054933,210,True,20230902_054933,229,True,1.0,0,0.0
20230831_141252,1218,True,20230831_141252,288,True,1.0,0,0.0
20230907_185744,1399,True,20230907_185744,1848,True,1.0,0,0.0
20230831_053936,1303,True,20230831_053936,271,True,1.0,0,0.0
20230911_200338,213,False,20230831_053936,1301,True,0.0,0,1.0
20231006_192754,748,True,20230902_054933,210,True,0.0,0,1.0
20230907_185744,1940,True,20230907_185744,267,True,1.0,0,0.0
20230907_185744,1407,True,20230907_185744,1355,True,1.0,0,0.0
20231005_200808,1091,True,20230805_145141,730,True,0.0,0,1.0
20230907_185744,1566,True,20230907_185744,1913,True,1.0,0,0.0
20230831_141252,1070,True,20230831_141252,281,True,1.0,0,0.0
20230911_200338,987,False,20230807_061410,485,False,0.0,0,1.0
20230828_205214,286,True,20230828_205214,1418,True,1.0,0,0.0
20230907_185744,267,True,20230907_185744,1935,True,1.0,0,0.0
20230831_053936,1305,True,20230807_062216,247,True,0.0,0,1.0
20230807_062216,215,True,20230807_062216,222,True,1.0,0,0.0
20230907_185744,1404,True,20230907_185744,1349,True,1.0,0,0.0
20230907_185744,1399,True,20230907_185744,1369,True,1.0,0,0.0
20230807_060504,1412,True,20230807_060504,248,True,1.0,0,0.0
20231006_192754,750,True,20230831_053936,1301,True,0.0,0,1.0
20230907_185744,1366,True,20230907_185744,1896,True,1.0,0,0.0
20230831_141252,282,True,20230831_141252,1066,True,1.0,0,0.0
20230902_060137,1413,True,20230902_060137,267,True,1.0,0,0.0
20230902_060137,281,True,20230902_060137,1419,True,1.0,0,0.0
20230828_205214,1436,True,20230828_205214,1235,True,1.0,0,0.0
20230907_185744,1367,True,20230907_185744,1404,True,1.0,0,0.0
20230807_061410,474,False,20230805_145141,713,True,0.0,0,1.0
20230907_185744,1363,True,20230907_185744,265,True,1.0,0,0.0
20230831_141252,259,True,20230831_141252,169,True,1.0,0,0.0
20230902_054933,207,True,20230907_185744,1377,True,0.0,0,1.0
20230805_145141,713,True,20230805_145544,143,True,0.0,0,1.0
20230907_185744,1349,True,20230907_185744,1459,True,1.0,0,0.0
20230831_141252,216,True,20230831_141252,1066,True,1.0,0,0.0
20230902_060137,250,True,20230902_060137,1183,True,1.0,0,0.0
20230902_060137,296,True,20231005_200808,196,True,0.0,0,1.0
20230805_145544,143,True,20230805_191555,224,True,0.0,0,1.0
20230907_185744,1377,True,20230907_185744,1489,True,1.0,0,0.0
20230807_062216,247,True,20230902_054933,229,True,0.0,0,1.0
20230907_185744,1558,True,20230907_185744,293,True,1.0,0,0.0
20230831_141252,1317,True,20230831_141252,1315,True,1.0,0,0.0
20230805_145544,1066,True,20230805_145544,156,True,1.0,0,0.0
20230911_200338,205,False,20230805_145544,168,True,0.0,0,1.0
20230831_141252,1218,True,20230805_191555,199,True,0.0,0,1.0
20230828_205214,1436,True,20230828_205214,290,True,1.0,0,0.0
20230805_191555,215,True,20230805_191555,225,True,1.0,0,0.0
20230805_145141,998,True,20230805_145141,716,True,1.0,0,0.0
20230831_141252,216,True,20231006_192754,750,True,0.0,0,1.0
20230902_060137,1436,True,20230902_060137,1397,True,1.0,0,0.0
20230807_062216,223,True,20230807_062216,210,True,1.0,0,0.0
20230907_185744,1759,True,20230907_185744,1895,True,1.0,0,0.0
20230907_185744,1367,True,20230907_185744,1701,True,1.0,0,0.0
20230907_185744,1377,True,20230907_185744,292,True,1.0,0,0.0
20230831_141252,1070,True,20230831_141252,269,True,1.0,0,0.0
20230831_141252,301,True,20230831_141252,275,True,1.0,0,0.0
20230831_053936,1450,True,20230831_053936,1304,True,1.0,0,0.0
20230907_185744,1363,True,20230805_145141,735,True,0.0,0,1.0
20230907_185744,1367,True,20230902_060137,1436,True,0.0,0,1.0
20230807_062216,1292,True,20230831_053936,231,True,0.0,0,1.0
20230831_141252,1225,True,20230831_141252,1070,True,1.0,0,0.0
20230828_205214,1426,True,20230831_053936,1303,True,0.0,0,1.0
20230902_060137,1176,True,20230902_060137,1428,True,1.0,0,0.0
20230907_185744,1826,True,20230907_185744,1349,True,1.0,0,0.0
20230831_053936,1305,True,20230831_053936,1298,True,1.0,0,0.0
20230831_160214,943,False,20231005_200808,175,True,0.0,0,1.0
20230902_060137,1183,True,20230902_060137,1397,True,1.0,0,0.0
20230907_185744,1366,True,20230907_185744,1551,True,1.0,0,0.0
20231005_200808,176,True,20230831_162051,192,True,0.0,0,1.0
20230805_191555,199,True,20230805_191555,1106,True,1.0,0,0.0
20230828_205214,311,True,20230828_205214,1497,True,1.0,0,0.0
20230831_053936,1298,True,20230902_054933,208,True,0.0,0,1.0
20230831_053936,274,True,20230831_053936,271,True,1.0,0,0.0
20230907_185744,1940,True,20230907_185744,255,True,1.0,0,0.0
20230902_054933,1102,True,20230805_145544,156,True,0.0,0,1.0
20230907_185744,1412,True,20230907_185744,1699,True,1.0,0,0.0
20230831_141252,1220,True,20230831_141252,1066,True,1.0,0,0.0
20230828_205214,1426,True,20230828_205214,1487,True,1.0,0,0.0
20230902_060137,1450,True,20230902_060137,269,True,1.0,0,0.0
20230828_205214,1231,True,20230828_205214,297,True,1.0,0,0.0
20230805_145544,142,True,20230902_054933,224,True,0.0,0,1.0
20230911_200338,213,False,20231005_200808,1091,True,0.0,0,1.0
20230907_185744,1836,True,20230911_200338,195,False,0.0,0,1.0
20230828_205214,296,True,20230828_205214,1474,True,1.0,0,0.0
20230907_185744,1363,True,20230907_185744,1459,True,1.0,0,0.0
20230907_185744,1836,True,20230907_185744,1355,True,1.0,0,0.0
20230907_185744,1404,True,20230907_185744,300,True,1.0,0,0.0
20230815_055951,180,True,20230815_055951,191,True,1.0,0,0.0
20230831_163856,1282,False,20230902_060137,296,True,0.0,0,1.0
20230805_145544,168,True,20230805_145544,185,True,1.0,0,0.0
20230828_205214,1230,True,20230807_061410,474,False,0.0,0,1.0
20230805_191555,225,True,20230805_145544,1066,True,0.0,0,1.0
20230828_205214,1235,True,20230902_054933,1103,True,0.0,0,1.0
20230907_185744,1377,True,20230805_145544,193,True,0.0,0,1.0
20230807_062216,253,True,20230807_062216,247,True,1.0,0,0.0
20230807_062216,255,True,20230911_200338,229,False,0.0,0,1.0
20230907_185744,1826,True,20230907_185744,1935,True,1.0,0,0.0
20230907_185744,1558,True,20230907_185744,1366,True,1.0,0,0.0
20230807_060504,191,True,20231005_200808,176,True,0.0,0,1.0
20230831_163856,1282,False,20230828_205214,1231,True,0.0,0,1.0
20230907_185744,1367,True,20230907_185744,323,True,1.0,0,0.0
20230828_205214,1230,True,20230828_205214,1443,True,1.0,0,0.0
20230807_062216,210,True,20230807_062216,1283,True,1.0,0,0.0
20231005_200808,191,True,20230902_054933,208,True,0.0,0,1.0
20230831_141252,1067,True,20230907_185744,1363,True,0.0,0,1.0
20230907_185744,1566,True,20230907_185744,244,True,1.0,0,0.0
20230828_205214,1452,True,20230828_205214,1465,True,1.0,0,0.0
20230907_185744,1404,True,20230907_185744,1493,True,1.0,0,0.0
20230907_185744,1836,True,20230907_185744,1673,True,1.0,0,0.0
20230902_060137,1183,True,20230902_060137,226,True,1.0,0,0.0
20230907_185744,1826,True,20230907_185744,1525,True,1.0,0,0.0
20230902_060137,284,True,20230902_060137,1408,True,1.0,0,0.0
20230807_061410,474,False,20230807_061410,473,False,1.0,0,0.0
20230902_060137,1450,True,20230831_053936,274,True,0.0,0,1.0
20230807_062216,223,True,20230807_062216,1292,True,1.0,0,0.0
20230831_053936,271,True,20230831_053936,1298,True,1.0,0,0.0
20230902_060137,1171,True,20230902_060137,284,True,1.0,0,0.0
20230907_185744,1558,True,20230907_185744,1913,True,1.0,0,0.0
20230831_053936,1450,True,20230911_200338,1244,False,0.0,0,1.0
20230828_205214,1426,True,20230828_205214,297,True,1.0,0,0.0
20230815_055951,191,True,20230831_160214,937,False,0.0,0,1.0
20230828_205214,1418,True,20230828_205214,296,True,1.0,0,0.0
20230831_163856,1084,False,20230831_163856,1090,False,1.0,0,0.0
20230831_141252,1218,True,20230831_141252,254,True,1.0,0,0.0
20230902_060137,1164,True,20230902_060137,284,True,1.0,0,0.0
20231005_200808,176,True,20230828_205214,1427,True,0.0,0,1.0
20230907_185744,1399,True,20230907_185744,292,True,1.0,0,0.0
20230807_061410,500,False,20230807_061410,487,False,1.0,0,0.0
20230907_185744,1566,True,20230907_185744,255,True,1.0,0,0.0
20230807_061410,487,False,20230807_060504,244,True,0.0,0,1.0
20230911_200338,204,False,20230805_145544,142,True,0.0,0,1.0
20230907_185744,1404,True,20230907_185744,292,True,1.0,0,0.0
20230902_060137,1398,True,20230902_060137,224,True,1.0,0,0.0
20230815_055951,221,True,20230815_055951,211,True,1.0,0,0.0
20230907_185744,1759,True,20230907_185744,1558,True,1.0,0,0.0
20230831_163856,1282,False,20230805_145544,156,True,0.0,0,1.0
20230805_191555,224,True,20230805_191555,1101,True,1.0,0,0.0
20230828_205214,1426,True,20230807_062216,255,True,0.0,0,1.0
20230902_054933,208,True,20230902_054933,229,True,1.0,0,0.0
20230902_054933,1103,True,20230805_145544,152,True,0.0,0,1.0
20230815_055951,211,True,20230815_055951,218,True,1.0,0,0.0
20230828_205214,297,True,20230828_205214,1426,True,1.0,0,0.0
20230807_061410,493,False,20231005_200808,196,True,0.0,0,1.0
20230907_185744,1404,True,20230805_145544,142,True,0.0,0,1.0
20230907_185744,1366,True,20230907_185744,1521,True,1.0,0,0.0
20230907_185744,1940,True,20230907_185744,1759,True,1.0,0,0.0
20230902_060137,224,True,20230902_060137,1397,True,1.0,0,0.0
20230831_141252,259,True,20230831_141252,1315,True,1.0,0,0.0
20230815_055951,211,True,20230902_060137,226,True,0.0,0,1.0
20230907_185744,1349,True,20230907_185744,1355,True,1.0,0,0.0
20230907_185744,1404,True,20230907_185744,252,True,1.0,0,0.0
20230907_185744,1367,True,20230907_185744,1521,True,1.0,0,0.0
20230828_205214,286,True,20230828_205214,1446,True,1.0,0,0.0
20230907_185744,267,True,20230907_185744,1673,True,1.0,0,0.0
20230815_055951,169,True,20230815_055951,209,True,1.0,0,0.0
20230902_060137,1413,True,20230902_060137,224,True,1.0,0,0.0
20230805_145141,730,True,20230805_145141,710,True,1.0,0,0.0
20230907_185744,1759,True,20230907_185744,1518,True,1.0,0,0.0
20230907_185744,1375,True,20230907_185744,1730,True,1.0,0,0.0
20230907_185744,1404,True,20230828_205214,1436,True,0.0,0,1.0
20230902_060137,1436,True,20230902_060137,1164,True,1.0,0,0.0
20230902_060137,1419,True,20230902_060137,1398,True,1.0,0,0.0
20230815_055951,209,True,20230828_205214,290,True,0.0,0,1.0
20230831_053936,1298,True,20230831_053936,231,True,1.0,0,0.0
20230902_054933,224,True,20230902_060137,269,True,0.0,0,1.0
20230907_185744,1412,True,20230907_185744,270,True,1.0,0,0.0
20230907_185744,1377,True,20230907_185744,1566,True,1.0,0,0.0
20231005_200808,175,True,20230807_062216,255,True,0.0,0,1.0
20230831_141252,1070,True,20230911_200338,229,False,0.0,0,1.0
20230902_060137,1419,True,20230902_060137,1428,True,1.0,0,0.0
20230907_185744,1759,True,20230907_185744,282,True,1.0,0,0.0
20230907_185744,267,True,20230907_185744,1525,True,1.0,0,0.0
20230831_162051,192,True,20230911_200338,214,False,0.0,0,1.0
20230805_145544,156,True,20230911_200338,210,False,0.0,0,1.0
20230828_205214,311,True,20230828_205214,271,True,1.0,0,0.0
20230828_205214,310,True,20230828_205214,1497,True,1.0,0,0.0
20230807_062216,214,True,20230807_062216,1286,True,1.0,0,0.0
20230907_185744,1566,True,20230907_185744,1682,True,1.0,0,0.0
20230828_205214,297,True,20230902_060137,1421,True,0.0,0,1.0
20230807_062216,223,True,20230807_062216,253,True,1.0,0,0.0
20230815_055951,169,True,20230831_053936,231,True,0.0,0,1.0
20231006_192754,748,True,20230807_062216,254,True,0.0,0,1.0
20230902_060137,226,True,20230902_060137,1419,True,1.0,0,0.0
20231006_192754,750,True,20230831_160214,934,False,0.0,0,1.0
20230907_185744,1760,True,20230907_185744,1913,True,1.0,0,0.0
20230902_060137,1397,True,20230902_060137,1408,True,1.0,0,0.0
20230831_053936,268,True,20230805_145544,149,True,0.0,0,1.0
20230815_055951,184,True,20230807_062216,247,True,0.0,0,1.0
20230907_185744,1937,True,20230902_060137,1165,True,0.0,0,1.0
20230902_060137,1171,True,20230902_060137,1441,True,1.0,0,0.0
20230902_060137,1450,True,20230831_141252,1067,True,0.0,0,1.0
20230815_055951,211,True,20230815_055951,221,True,1.0,0,0.0
20230828_205214,1426,True,20230902_054933,207,True,0.0,0,1.0
20230911_200338,210,False,20231005_200808,196,True,0.0,0,1.0
20230907_185744,1359,True,20230907_185744,1899,True,1.0,0,0.0
20230828_205214,1440,True,20230828_205214,284,True,1.0,0,0.0
20230831_141252,301,True,20230831_141252,281,True,1.0,0,0.0
20230805_191555,199,True,20230805_191555,1101,True,1.0,0,0.0
20230902_060137,1419,True,20230815_055951,1202,True,0.0,0,1.0
20230902_060137,1419,True,20230805_191555,198,True,0.0,0,1.0
20230902_060137,269,True,20230902_060137,226,True,1.0,0,0.0
20230831_163856,1090,False,20230831_162051,192,True,0.0,0,1.0
20230831_141252,1315,True,20230828_205214,1231,True,0.0,0,1.0
20230815_055951,184,True,20230831_141252,1066,True,0.0,0,1.0
20230807_060504,191,True,20230828_205214,1427,True,0.0,0,1.0
20230828_205214,1427,True,20230828_205214,297,True,1.0,0,0.0
20230807_061410,474,False,20230828_205214,1230,True,0.0,0,1.0
20230831_141252,1227,True,20230828_205214,1454,True,0.0,0,1.0
20230907_185744,1558,True,20230828_205214,1231,True,0.0,0,1.0
20230902_060137,269,True,20230815_055951,197,True,0.0,0,1.0
20230907_185744,1375,True,20230907_185744,259,True,1.0,0,0.0
20230815_055951,191,True,20230831_053936,274,True,0.0,0,1.0
20230902_054933,224,True,20231005_200808,208,True,0.0,0,1.0
20230902_060137,1413,True,20230902_060137,235,True,1.0,0,0.0
20230807_062216,1283,True,20230807_062216,215,True,1.0,0,0.0
20230807_062216,222,True,20230807_062216,1081,True,1.0,0,0.0
20230907_185744,1366,True,20230907_185744,265,True,1.0,0,0.0
20230907_185744,267,True,20230907_185744,1451,True,1.0,0,0.0
20230831_160214,934,False,20230907_185744,1940,True,0.0,0,1.0
20230907_185744,1759,True,20230907_185744,1913,True,1.0,0,0.0
20230907_185744,267,True,20230907_185744,1558,True,1.0,0,0.0
20230907_185744,1759,True,20230907_185744,1375,True,1.0,0,0.0
20230805_145141,730,True,20230805_145141,703,True,1.0,0,0.0
20230807_062216,1080,True,20230807_062216,223,True,1.0,0,0.0
20230805_191555,1103,True,20230911_200338,214,False,0.0,0,1.0
20230907_185744,1407,True,20230907_185744,1914,True,1.0,0,0.0
20230807_061410,473,False,20230807_061410,487,False,1.0,0,0.0
20230828_205214,296,True,20230828_205214,1446,True,1.0,0,0.0
20230828_205214,311,True,20230828_205214,296,True,1.0,0,0.0
20230807_061410,495,False,20230807_061410,493,False,1.0,0,0.0
20230907_185744,1363,True,20230807_062216,254,True,0.0,0,1.0
20230831_141252,275,True,20230831_141252,282,True,1.0,0,0.0
20230907_185744,1940,True,20230907_185744,283,True,1.0,0,0.0
20230815_055951,209,True,20230831_141252,288,True,0.0,0,1.0
20230828_205214,1418,True,20230807_060504,256,True,0.0,0,1.0
20230907_185744,1349,True,20230907_185744,1699,True,1.0,0,0.0
20230828_205214,1452,True,20230828_205214,284,True,1.0,0,0.0
20230902_060137,284,True,20231006_192754,763,True,0.0,0,1.0
20230805_191555,1101,True,20230805_191555,219,True,1.0,0,0.0
20230805_145544,142,True,20230805_145544,168,True,1.0,0,0.0
20230831_053936,1301,True,20230805_145544,152,True,0.0,0,1.0
20230907_185744,1412,True,20230907_185744,1892,True,1.0,0,0.0
20230907_185744,1558,True,20230907_185744,1673,True,1.0,0,0.0
20230907_185744,1359,True,20230907_185744,1479,True,1.0,0,0.0
20230828_205214,1497,True,20230828_205214,1418,True,1.0,0,0.0
20230902_054933,208,True,20230902_060137,281,True,0.0,0,1.0
20230907_185744,1404,True,20230907_185744,1501,True,1.0,0,0.0
20230907_185744,1940,True,20230831_160214,934,False,0.0,0,1.0
20230831_141252,1225,True,20230828_205214,1440,True,0.0,0,1.0
20230907_185744,1826,True,20230807_062216,210,True,0.0,0,1.0
20230831_141252,1218,True,20230907_185744,1359,True,0.0,0,1.0
20231006_192754,748,True,20230831_160214,937,False,0.0,0,1.0
20230902_060137,284,True,20230831_141252,1070,True,0.0,0,1.0
20230907_185744,1940,True,20230907_185744,1760,True,1.0,0,0.0
20230907_185744,1399,True,20230907_185744,1721,True,1.0,0,0.0
20230831_141252,259,True,20230805_191555,198,True,0.0,0,1.0
20230807_062216,215,True,20230807_062216,1080,True,1.0,0,0.0
20230831_053936,268,True,20230831_053936,1303,True,1.0,0,0.0
20230902_060137,1432,True,20230902_060137,1450,True,1.0,0,0.0
20230907_185744,267,True,20230907_185744,844,True,1.0,0,0.0
20230902_060137,284,True,20230831_162051,178,True,0.0,0,1.0
20230907_185744,1407,True,20230907_185744,1699,True,1.0,0,0.0
20230907_185744,1836,True,20230907_185744,1493,True,1.0,0,0.0
20230911_200338,195,False,20230911_200338,213,False,1.0,0,0.0
20230902_060137,250,True,20230911_200338,987,False,0.0,0,1.0
20230828_205214,1440,True,20230831_141252,1225,True,0.0,0,1.0
20230831_141252,1067,True,20230807_061410,481,False,0.0,0,1.0
20230831_141252,210,True,20230907_185744,1412,True,0.0,0,1.0
20230907_185744,1566,True,20230907_185744,1496,True,1.0,0,0.0
20230831_141252,254,True,20230831_141252,1067,True,1.0,0,0.0
20230902_060137,250,True,20230907_185744,1571,True,0.0,0,1.0
20230907_185744,1375,True,20230907_185744,860,True,1.0,0,0.0
20230828_205214,1474,True,20230828_205214,1455,True,1.0,0,0.0
20230907_185744,1349,True,20230902_060137,226,True,0.0,0,1.0
20230831_141252,259,True,20230831_141252,216,True,1.0,0,0.0
20230911_200338,195,False,20230805_191555,215,True,0.0,0,1.0
20230828_205214,1452,True,20230828_205214,271,True,1.0,0,0.0
20230907_185744,1349,True,20230907_185744,1725,True,1.0,0,0.0
20230807_062216,1286,True,20230807_062216,1289,True,1.0,0,0.0
20230828_205214,1487,True,20230828_205214,290,True,1.0,0,0.0
20230911_200338,213,False,20230805_191555,1101,True,0.0,0,1.0
20230911_200338,229,False,20231005_200808,175,True,0.0,0,1.0
20230907_185744,1940,True,20230907_185744,860,True,1.0,0,0.0
20230828_205214,311,True,20230907_185744,1895,True,0.0,0,1.0
20230907_185744,1759,True,20230907_185744,1355,True,1.0,0,0.0
20230831_141252,275,True,20230831_141252,1315,True,1.0,0,0.0
20230807_062216,255,True,20230805_145544,193,True,0.0,0,1.0
20230807_060504,1412,True,20230807_060504,256,True,1.0,0,0.0
20230828_205214,297,True,20230828_205214,1465,True,1.0,0,0.0
20230815_055951,191,True,20230807_060504,191,True,0.0,0,1.0
20230907_185744,1367,True,20230907_185744,244,True,1.0,0,0.0
20230902_060137,1398,True,20230902_060137,1428,True,1.0,0,0.0
20230807_061410,495,False,20231005_200808,1091,True,0.0,0,1.0
20230807_062216,1283,True,20230828_205214,290,True,0.0,0,1.0
20230815_055951,211,True,20230815_055951,180,True,1.0,0,0.0
20230828_205214,1231,True,20230828_205214,1446,True,1.0,0,0.0
20230907_185744,267,True,20230907_185744,1367,True,1.0,0,0.0
20230831_163856,1287,False,20230831_053936,1305,True,0.0,0,1.0
20230828_205214,323,True,20230828_205214,1454,True,1.0,0,0.0
20230907_185744,1366,True,20230907_185744,261,True,1.0,0,0.0
20230828_205214,1231,True,20230828_205214,1440,True,1.0,0,0.0
20230902_060137,296,True,20230902_060137,250,True,1.0,0,0.0
20230902_060137,299,True,20230902_060137,1450,True,1.0,0,0.0
20230907_185744,1760,True,20230907_185744,1349,True,1.0,0,0.0
20230907_185744,1359,True,20230907_185744,1934,True,1.0,0,0.0
20230831_141252,210,True,20230831_141252,1066,True,1.0,0,0.0
20230807_060504,191,True,20230807_060504,248,True,1.0,0,0.0
20230815_055951,185,True,20230828_205214,1235,True,0.0,0,1.0
20230902_060137,284,True,20230807_062216,255,True,0.0,0,1.0
20230815_055951,191,True,20230815_055951,221,True,1.0,0,0.0
20230831_141252,1317,True,20230911_200338,204,False,0.0,0,1.0
20230911_200338,210,False,20230807_061410,493,False,0.0,0,1.0
20230907_185744,1349,True,20230907_185744,244,True,1.0,0,0.0
20230805_191555,1117,True,20230805_145141,998,True,0.0,0,1.0
20230805_191555,1106,True,20231005_200808,196,True,0.0,0,1.0
20230807_060504,192,True,20230831_163856,1085,False,0.0,0,1.0
20230805_145141,716,True,20230815_055951,184,True,0.0,0,1.0
20230831_141252,281,True,20230831_141252,210,True,1.0,0,0.0
20230831_141252,1317,True,20230831_141252,1067,True,1.0,0,0.0
20230828_205214,1426,True,20230828_205214,1454,True,1.0,0,0.0
20230831_141252,1225,True,20230831_141252,210,True,1.0,0,0.0
20230907_185744,1377,True,20230907_185744,1369,True,1.0,0,0.0
20230907_185744,1759,True,20230907_185744,265,True,1.0,0,0.0
20230907_185744,1760,True,20230907_185744,1367,True,1.0,0,0.0
20230828_205214,1436,True,20230805_145544,142,True,0.0,0,1.0
20230805_191555,201,True,20230831_053936,268,True,0.0,0,1.0
20230831_053936,1301,True,20230831_053936,1450,True,1.0,0,0.0
20230807_061410,474,False,20230807_061410,495,False,1.0,0,0.0
20230828_205214,311,True,20230828_205214,1230,True,1.0,0,0.0
20230805_145141,703,True,20230805_145141,998,True,1.0,0,0.0
20230828_205214,1427,True,20230828_205214,310,True,1.0,0,0.0
20230831_160214,943,False,20230831_163856,1084,False,0.0,0,1.0
20231005_200808,176,True,20230831_053936,274,True,0.0,0,1.0
20230831_141252,1315,True,20230831_163856,1282,False,0.0,0,1.0
20231006_192754,748,True,20230815_055951,191,True,0.0,0,1.0
20230828_205214,1440,True,20230828_205214,1496,True,1.0,0,0.0
20230831_141252,288,True,20230831_141252,1317,True,1.0,0,0.0
20230805_145544,193,True,20230805_191555,1117,True,0.0,0,1.0
20230815_055951,180,True,20230815_055951,184,True,1.0,0,0.0
20230907_185744,1558,True,20230907_185744,1926,True,1.0,0,0.0
20230907_185744,1566,True,20230907_185744,1836,True,1.0,0,0.0
20230828_205214,1446,True,20230828_205214,1496,True,1.0,0,0.0
20230907_185744,1367,True,20230907_185744,1480,True,1.0,0,0.0
20230831_160214,949,False,20230902_054933,229,True,0.0,0,1.0
20230907_185744,1836,True,20230907_185744,300,True,1.0,0,0.0
20230907_185744,1363,True,20230907_185744,1721,True,1.0,0,0.0
20230907_185744,1377,True,20230907_185744,1855,True,1.0,0,0.0
20230902_060137,279,True,20230902_060137,281,True,1.0,0,0.0
20230907_185744,1359,True,20230907_185744,1932,True,1.0,0,0.0
20230807_061410,481,False,20230831_160214,937,False,0.0,0,1.0
20230902_054933,208,True,20230815_055951,182,True,0.0,0,1.0
20230805_191555,1117,True,20230805_191555,224,True,1.0,0,0.0
20230907_185744,1566,True,20230907_185744,1896,True,1.0,0,0.0
20230911_200338,213,False,20231006_192754,750,True,0.0,0,1.0
20230902_060137,299,True,20230907_185744,1698,True,0.0,0,1.0
20230828_205214,1235,True,20230828_205214,271,True,1.0,0,0.0
20230815_055951,180,True,20230831_053936,268,True,0.0,0,1.0
20230902_060137,1421,True,20230902_060137,1398,True,1.0,0,0.0
20230902_060137,269,True,20230907_185744,1404,True,0.0,0,1.0
20230902_060137,234,True,20230902_060137,1428,True,1.0,0,0.0
20230911_200338,232,False,20230911_200338,195,False,1.0,0,0.0
20230907_185744,1759,True,20230907_185744,1367,True,1.0,0,0.0
20230907_185744,1571,True,20230907_185744,1460,True,1.0,0,0.0
20230911_200338,987,False,20230911_200338,214,False,1.0,0,0.0
20230907_185744,1367,True,20230907_185744,1926,True,1.0,0,0.0
20230828_205214,1418,True,20230831_053936,1305,True,0.0,0,1.0
20230807_061410,481,False,20230807_061410,495,False,1.0,0,0.0
20230805_191555,1106,True,20230902_054933,1102,True,0.0,0,1.0
20230831_141252,1070,True,20230831_053936,1303,True,0.0,0,1.0
20230902_054933,207,True,20230911_200338,229,False,0.0,0,1.0
20230902_060137,1183,True,20230902_060137,299,True,1.0,0,0.0
20230805_191555,237,True,20230805_191555,1101,True,1.0,0,0.0
20230805_145141,713,True,20230805_191555,224,True,0.0,0,1.0
20230828_205214,1436,True,20230828_205214,1474,True,1.0,0,0.0
20230828_205214,311,True,20230828_205214,1436,True,1.0,0,0.0
20230902_060137,250,True,20230807_060504,256,True,0.0,0,1.0
20230815_055951,1202,True,20230815_055951,221,True,1.0,0,0.0
20230907_185744,1566,True,20230907_185744,1723,True,1.0,0,0.0
20230911_200338,210,False,20230911_200338,213,False,1.0,0,0.0
20230815_055951,218,True,20230815_055951,184,True,1.0,0,0.0
20230828_205214,1427,True,20230828_205214,1459,True,1.0,0,0.0
20230907_185744,1366,True,20230907_185744,1363,True,1.0,0,0.0
20230907_185744,1366,True,20230907_185744,844,True,1.0,0,0.0
20230807_062216,1283,True,20230807_062216,1080,True,1.0,0,0.0
20230907_185744,1407,True,20230907_185744,1891,True,1.0,0,0.0
20230831_162051,178,True,20230911_200338,229,False,0.0,0,1.0
20230902_060137,1171,True,20230902_060137,1165,True,1.0,0,0.0
20230902_060137,1450,True,20230831_163856,1090,False,0.0,0,1.0
20230902_060137,267,True,20230902_060137,235,True,1.0,0,0.0
20230828_205214,1230,True,20230805_145544,143,True,0.0,0,1.0
20230902_060137,1171,True,20230831_141252,1220,True,0.0,0,1.0
20230807_060504,235,True,20230831_163856,1084,False,0.0,0,1.0
20230807_062216,255,True,20230807_062216,202,True,1.0,0,0.0
20230807_061410,500,False,20230807_061410,1603,False,1.0,0,0.0
20231005_200808,1091,True,20230831_162051,181,True,0.0,0,1.0
20230807_062216,1286,True,20230807_062216,255,True,1.0,0,0.0
20230907_185744,1566,True,20230907_185744,1759,True,1.0,0,0.0
20230828_205214,1436,True,20230902_060137,269,True,0.0,0,1.0
20230907_185744,1349,True,20230907_185744,1418,True,1.0,0,0.0
20230907_185744,1375,True,20230907_185744,1926,True,1.0,0,0.0
20230828_205214,1235,True,20230828_205214,286,True,1.0,0,0.0
20230831_163856,1282,False,20230831_163856,1287,False,1.0,0,0.0
20230805_145544,193,True,20230805_145544,152,True,1.0,0,0.0
20230907_185744,1571,True,20230907_185744,255,True,1.0,0,0.0
20230831_141252,1225,True,20230831_141252,1317,True,1.0,0,0.0
20230907_185744,1826,True,20230907_185744,1593,True,1.0,0,0.0
20230805_191555,1105,True,20231005_200808,183,True,0.0,0,1.0
20230907_185744,1412,True,20230907_185744,1479,True,1.0,0,0.0
20230807_062216,214,True,20230807_062216,255,True,1.0,0,0.0
20230907_185744,1359,True,20230907_185744,265,True,1.0,0,0.0
20230831_160214,934,False,20230805_145141,730,True,0.0,0,1.0
20230807_061410,495,False,20230828_205214,1235,True,0.0,0,1.0
20230907_185744,1399,True,20230907_185744,1760,True,1.0,0,0.0
20230805_191555,1117,True,20230805_191555,1103,True,1.0,0,0.0
20230907_185744,1359,True,20230907_185744,1725,True,1.0,0,0.0
20230902_060137,1408,True,20230807_062216,210,True,0.0,0,1.0
20230831_141252,216,True,20230907_185744,1940,True,0.0,0,1.0
20230807_062216,1286,True,20230902_054933,208,True,0.0,0,1.0
20230815_055951,180,True,20230815_055951,169,True,1.0,0,0.0
20230911_200338,210,False,20230831_053936,271,True,0.0,0,1.0
20230831_053936,1298,True,20230907_185744,1412,True,0.0,0,1.0
20230907_185744,1367,True,20230907_185744,1460,True,1.0,0,0.0
20230805_191555,199,True,20230805_191555,201,True,1.0,0,0.0
20230831_160214,949,False,20230805_145141,716,True,0.0,0,1.0
20230907_185744,1359,True,20230907_185744,1937,True,1.0,0,0.0
20230911_200338,229,False,20230828_205214,1426,True,0.0,0,1.0
20230907_185744,1367,True,20230907_185744,1489,True,1.0,0,0.0
20230828_205214,1418,True,20230828_205214,323,True,1.0,0,0.0
20230828_205214,1426,True,20230911_200338,229,False,0.0,0,1.0
20230907_185744,1404,True,20230907_185744,860,True,1.0,0,0.0
20230805_145544,156,True,20230807_061410,493,False,0.0,0,1.0
20231005_200808,196,True,20231005_200808,208,True,1.0,0,0.0
20230828_205214,1235,True,20230828_205214,290,True,1.0,0,0.0
20230907_185744,1412,True,20230807_061410,474,False,0.0,0,1.0
20230831_053936,274,True,20230902_054933,210,True,0.0,0,1.0
20230907_185744,1836,True,20230805_191555,215,True,0.0,0,1.0
20230907_185744,1566,True,20230907_185744,284,True,1.0,0,0.0
20230805_145544,185,True,20230807_062216,247,True,0.0,0,1.0
20230807_062216,1286,True,20230807_062216,1292,True,1.0,0,0.0
20230828_205214,1452,True,20230828_205214,1454,True,1.0,0,0.0
20230902_060137,1450,True,20230902_060137,1171,True,1.0,0,0.0
20230805_145544,156,True,20230805_145141,703,True,0.0,0,1.0
20230907_185744,1359,True,20230907_185744,1524,True,1.0,0,0.0
20230911_200338,195,False,20230911_200338,987,False,1.0,0,0.0
20230907_185744,1367,True,20230907_185744,283,True,1.0,0,0.0
20230807_062216,210,True,20230807_062216,247,True,1.0,0,0.0
20230807_061410,481,False,20230807_060504,191,True,0.0,0,1.0
20230907_185744,1566,True,20230907_185744,1891,True,1.0,0,0.0
20231005_200808,1091,True,20230831_141252,216,True,0.0,0,1.0
20230907_185744,1407,True,20230907_185744,1643,True,1.0,0,0.0
20230831_141252,169,True,20230831_141252,1227,True,1.0,0,0.0
20230902_060137,1403,True,20230902_060137,284,True,1.0,0,0.0
20230902_060137,226,True,20230902_060137,1398,True,1.0,0,0.0
20230831_160214,934,False,20230805_191555,1101,True,0.0,0,1.0
20230902_060137,1428,True,20230902_060137,234,True,1.0,0,0.0
20230907_185744,1826,True,20230907_185744,260,True,1.0,0,0.0
20230902_060137,224,True,20230902_060137,1421,True,1.0,0,0.0
20230805_145141,735,True,20230805_145141,730,True,1.0,0,0.0
20230907_185744,1363,True,20230907_185744,1493,True,1.0,0,0.0
20230907_185744,1375,True,20230907_185744,1363,True,1.0,0,0.0
20230902_060137,226,True,20230902_060137,299,True,1.0,0,0.0
20230828_205214,290,True,20230828_205214,1446,True,1.0,0,0.0
20230805_145141,706,True,20230902_060137,1441,True,0.0,0,1.0
20231005_200808,208,True,20230807_061410,487,False,0.0,0,1.0
20230902_060137,1398,True,20230902_060137,250,True,1.0,0,0.0
20230907_185744,1375,True,20230907_185744,244,True,1.0,0,0.0
20230907_185744,1363,True,20230907_185744,1760,True,1.0,0,0.0
20230828_205214,1235,True,20230828_205214,1443,True,1.0,0,0.0
20230805_145141,710,True,20230805_145141,706,True,1.0,0,0.0
20230831_053936,268,True,20230831_053936,1301,True,1.0,0,0.0
20230815_055951,184,True,20230815_055951,191,True,1.0,0,0.0
20230807_062216,253,True,20230807_062216,215,True,1.0,0,0.0
20230828_205214,297,True,20230828_205214,1474,True,1.0,0,0.0
20230902_060137,299,True,20230902_060137,224,True,1.0,0,0.0
20230815_055951,191,True,20230815_055951,180,True,1.0,0,0.0
20230805_191555,215,True,20230831_053936,255,True,0.0,0,1.0
20230907_185744,1940,True,20230907_185744,1701,True,1.0,0,0.0
20230815_055951,179,True,20230815_055951,221,True,1.0,0,0.0
20230807_062216,253,True,20230807_062216,1286,True,1.0,0,0.0
20230902_060137,1176,True,20230902_060137,1408,True,1.0,0,0.0
20230911_200338,235,False,20230911_200338,232,False,1.0,0,0.0
20230831_141252,216,True,20230807_061410,495,False,0.0,0,1.0
20230828_205214,1455,True,20230828_205214,1497,True,1.0,0,0.0
20230902_060137,1413,True,20230902_060137,1183,True,1.0,0,0.0
20230815_055951,218,True,20230911_200338,229,False,0.0,0,1.0
20230902_060137,1164,True,20230902_060137,281,True,1.0,0,0.0
20230815_055951,185,True,20230815_055951,211,True,1.0,0,0.0
20230907_185744,267,True,20230907_185744,265,True,1.0,0,0.0
20230807_062216,210,True,20230902_060137,1408,True,0.0,0,1.0
20230907_185744,1836,True,20230907_185744,1537,True,1.0,0,0.0
20230807_061410,487,False,20230831_141252,1317,True,0.0,0,1.0
20230907_185744,1940,True,20230907_185744,1375,True,1.0,0,0.0
20230828_205214,1454,True,20230902_060137,235,True,0.0,0,1.0
20230807_062216,1081,True,20230911_200338,195,False,0.0,0,1.0
20230815_055951,221,True,20230828_205214,1487,True,0.0,0,1.0
20230831_141252,210,True,20230831_141252,1227,True,1.0,0,0.0
20230807_062216,253,True,20230807_062216,1080,True,1.0,0,0.0
20230907_185744,267,True,20230907_185744,1521,True,1.0,0,0.0
20230907_185744,1759,True,20230907_185744,1826,True,1.0,0,0.0
20230907_185744,1940,True,20230907_185744,291,True,1.0,0,0.0
20230907_185744,1366,True,20230907_185744,1934,True,1.0,0,0.0
20230907_185744,1363,True,20230907_185744,260,True,1.0,0,0.0
20230907_185744,1377,True,20230907_185744,1412,True,1.0,0,0.0
20230831_141252,281,True,20230831_141252,1220,True,1.0,0,0.0
20230907_185744,1940,True,20230907_185744,265,True,1.0,0,0.0
20230907_185744,1367,True,20230907_185744,322,True,1.0,0,0.0
20230805_145141,713,True,20230815_055951,182,True,0.0,0,1.0
20230907_185744,1363,True,20230815_055951,191,True,0.0,0,1.0
20230805_145544,160,True,20230911_200338,195,False,0.0,0,1.0
20230805_191555,204,True,20230805_191555,199,True,1.0,0,0.0
20230815_055951,209,True,20230902_060137,1397,True,0.0,0,1.0
20230828_205214,1427,True,20230805_145141,735,True,0.0,0,1.0
20230815_055951,218,True,20230805_191555,1117,True,0.0,0,1.0
20230805_191555,204,True,20230902_060137,226,True,0.0,0,1.0
20230907_185744,1566,True,20230907_185744,1828,True,1.0,0,0.0
20230902_060137,226,True,20230907_185744,1349,True,0.0,0,1.0
20230805_191555,224,True,20230902_060137,281,True,0.0,0,1.0
20230805_145544,152,True,20230805_145544,193,True,1.0,0,0.0
20230907_185744,1367,True,20230907_185744,1929,True,1.0,0,0.0
20230805_191555,224,True,20230805_145544,143,True,0.0,0,1.0
20230828_205214,1235,True,20230828_205214,1497,True,1.0,0,0.0
20230907_185744,1407,True,20230907_185744,1725,True,1.0,0,0.0
20230807_062216,255,True,20230902_054933,207,True,0.0,0,1.0
20230907_185744,1558,True,20230907_185744,300,True,1.0,0,0.0
20230805_145141,998,True,20230805_145544,193,True,0.0,0,1.0
20230805_145141,716,True,20230805_145141,706,True,1.0,0,0.0
20230805_191555,237,True,20230831_053936,1304,True,0.0,0,1.0
20230831_141252,216,True,20230831_160214,934,False,0.0,0,1.0
20230907_185744,1571,True,20230831_053936,1305,True,0.0,0,1.0
20230805_145141,716,True,20230805_145141,735,True,1.0,0,0.0
20230831_163856,1085,False,20230902_060137,279,True,0.0,0,1.0
20230831_141252,295,True,20230902_060137,1421,True,0.0,0,1.0
20230805_145141,706,True,20230805_145141,713,True,1.0,0,0.0
20230807_061410,485,False,20230805_145544,185,True,0.0,0,1.0
20230902_060137,299,True,20230902_060137,296,True,1.0,0,0.0
20230831_162051,181,True,20231006_192754,750,True,0.0,0,1.0
20230907_185744,1375,True,20230907_185744,1759,True,1.0,0,0.0
20230907_185744,1412,True,20230815_055951,182,True,0.0,0,1.0
20230815_055951,185,True,20230805_145544,152,True,0.0,0,1.0
20230907_185744,1377,True,20230907_185744,1525,True,1.0,0,0.0
20230911_200338,987,False,20230911_200338,229,False,1.0,0,0.0
20230902_060137,224,True,20230902_060137,1419,True,1.0,0,0.0
20230907_185744,1412,True,20230805_145141,713,True,0.0,0,1.0
20230907_185744,1367,True,20230907_185744,293,True,1.0,0,0.0
20230831_141252,267,True,20230831_141252,269,True,1.0,0,0.0
20230907_185744,1363,True,20230907_185744,282,True,1.0,0,0.0
20230907_185744,1558,True,20230907_185744,1551,True,1.0,0,0.0
20230902_060137,1164,True,20230902_060137,1436,True,1.0,0,0.0
20230831_053936,1304,True,20230831_053936,231,True,1.0,0,0.0
20230907_185744,1760,True,20230907_185744,1918,True,1.0,0,0.0
20230831_141252,211,True,20230805_191555,219,True,0.0,0,1.0
20230807_060504,244,True,20230907_185744,1404,True,0.0,0,1.0
20230907_185744,1407,True,20230907_185744,1375,True,1.0,0,0.0
20230815_055951,184,True,20230902_060137,250,True,0.0,0,1.0
20230815_055951,182,True,20230807_062216,1286,True,0.0,0,1.0
20230828_205214,1496,True,20230828_205214,290,True,1.0,0,0.0
20230902_054933,1103,True,20230805_145141,730,True,0.0,0,1.0
20230807_062216,223,True,20230807_060504,244,True,0.0,0,1.0
20230907_185744,1349,True,20230907_185744,1840,True,1.0,0,0.0
20230807_061410,493,False,20230815_055951,179,True,0.0,0,1.0
20230831_141252,1066,True,20230831_141252,267,True,1.0,0,0.0
20230907_185744,1566,True,20230907_185744,1664,True,1.0,0,0.0
20230805_145141,730,True,20230902_060137,279,True,0.0,0,1.0
20230907_185744,1412,True,20230907_185744,1760,True,1.0,0,0.0
20230902_060137,1450,True,20230902_060137,1413,True,1.0,0,0.0
20230831_141252,301,True,20230831_141252,288,True,1.0,0,0.0
20230911_200338,985,False,20230911_200338,213,False,1.0,0,0.0
20230828_205214,284,True,20230807_060504,1412,True,0.0,0,1.0
20230907_185744,1377,True,20230907_185744,1699,True,1.0,0,0.0
20230907_185744,1826,True,20230907_185744,279,True,1.0,0,0.0
20230815_055951,218,True,20230815_055951,180,True,1.0,0,0.0
20230907_185744,1940,True,20230907_185744,1489,True,1.0,0,0.0
20230902_060137,1413,True,20230907_185744,267,True,0.0,0,1.0
20230831_162051,181,True,20230831_162051,178,True,1.0,0,0.0
20230807_062216,247,True,20230807_060504,256,True,0.0,0,1.0
20230907_185744,1404,True,20230907_185744,1661,True,1.0,0,0.0
20230807_061410,485,False,20230911_200338,987,False,0.0,0,1.0
20230831_141252,1315,True,20230815_055951,179,True,0.0,0,1.0
20230807_062216,1286,True,20230807_060504,248,True,0.0,0,1.0
20230907_185744,1404,True,20230907_185744,1848,True,1.0,0,0.0
20230831_053936,274,True,20231005_200808,176,True,0.0,0,1.0
20230828_205214,284,True,20230828_205214,290,True,1.0,0,0.0
20230828_205214,290,True,20230805_145544,1066,True,0.0,0,1.0
20230902_060137,1419,True,20230902_060137,1413,True,1.0,0,0.0
20230828_205214,1436,True,20230807_061410,487,False,0.0,0,1.0
20230902_060137,1398,True,20230902_060137,1450,True,1.0,0,0.0
20230828_205214,1459,True,20230828_205214,1426,True,1.0,0,0.0
20230907_185744,1367,True,20230907_185744,1918,True,1.0,0,0.0
20230807_061410,1603,False,20230831_053936,1303,True,0.0,0,1.0
20230907_185744,1571,True,20230907_185744,1479,True,1.0,0,0.0
20230807_061410,481,False,20230807_062216,254,True,0.0,0,1.0
20231005_200808,176,True,20230805_145544,178,True,0.0,0,1.0
20230902_060137,1436,True,20230902_060137,267,True,1.0,0,0.0
20230828_205214,1440,True,20230828_205214,1459,True,1.0,0,0.0
20230805_145141,710,True,20230805_145141,730,True,1.0,0,0.0
20230902_060137,250,True,20230902_060137,1436,True,1.0,0,0.0
20230902_054933,229,True,20231005_200808,183,True,0.0,0,1.0
20230907_185744,1940,True,20230907_185744,1661,True,1.0,0,0.0
20230807_061410,500,False,20230831_141252,211,True,0.0,0,1.0
20230907_185744,1349,True,20230907_185744,1404,True,1.0,0,0.0
20230902_060137,1413,True,20230902_060137,1171,True,1.0,0,0.0
20231005_200808,176,True,20231005_200808,191,True,1.0,0,0.0
20230902_060137,1419,True,20230902_060137,1436,True,1.0,0,0.0
20230907_185744,1558,True,20230907_185744,1644,True,1.0,0,0.0
20230902_060137,235,True,20230902_060137,1419,True,1.0,0,0.0
20230902_060137,284,True,20230902_060137,250,True,1.0,0,0.0
20230907_185744,1366,True,20230907_185744,300,True,1.0,0,0.0
20230907_185744,1940,True,20230911_200338,213,False,0.0,0,1.0
20230807_061410,487,False,20230911_200338,204,False,0.0,0,1.0
20230805_145544,185,True,20230911_200338,987,False,0.0,0,1.0
20230907_185744,1558,True,20230907_185744,1359,True,1.0,0,0.0
20230907_185744,1826,True,20230907_185744,1929,True,1.0,0,0.0
20230907_185744,267,True,20230907_185744,1759,True,1.0,0,0.0
20230828_205214,1474,True,20230828_205214,297,True,1.0,0,0.0
20230828_205214,1418,True,20230902_060137,250,True,0.0,0,1.0
20230902_060137,1183,True,20230902_060137,224,True,1.0,0,0.0
20230902_060137,224,True,20230902_060137,226,True,1.0,0,0.0
20230807_060504,1412,True,20230805_145544,168,True,0.0,0,1.0
20230831_163856,1287,False,20230831_163856,1085,False,1.0,0,0.0
20230907_185744,1399,True,20230907_185744,1493,True,1.0,0,0.0
20230805_145141,998,True,20230805_145141,713,True,1.0,0,0.0
20230907_185744,1571,True,20230805_145141,716,True,0.0,0,1.0
20230902_054933,210,True,20230831_053936,274,True,0.0,0,1.0
20230902_060137,1413,True,20230902_060137,1450,True,1.0,0,0.0
20230907_185744,1375,True,20230907_185744,1737,True,1.0,0,0.0
20230828_205214,1465,True,20230828_205214,1443,True,1.0,0,0.0
20230831_053936,274,True,20230831_053936,255,True,1.0,0,0.0
20230815_055951,218,True,20230807_061410,1603,False,0.0,0,1.0
20230902_054933,1102,True,20230902_054933,208,True,1.0,0,0.0
20230907_185744,1940,True,20230907_185744,1848,True,1.0,0,0.0
20230815_055951,197,True,20230807_060504,244,True,0.0,0,1.0
20230807_062216,1080,True,20230807_062216,1283,True,1.0,0,0.0
20230902_060137,235,True,20230902_060137,226,True,1.0,0,0.0
20230805_145544,143,True,20230805_145544,149,True,1.0,0,0.0
20230805_145141,706,True,20230805_145141,710,True,1.0,0,0.0
20230907_185744,1399,True,20230907_185744,1463,True,1.0,0,0.0
20230815_055951,221,True,20230815_055951,1202,True,1.0,0,0.0
20230831_162051,178,True,20230807_061410,1603,False,0.0,0,1.0
20230907_185744,1359,True,20230907_185744,259,True,1.0,0,0.0
20230907_185744,1940,True,20230907_185744,1363,True,1.0,0,0.0
20230805_145544,152,True,20230805_145544,142,True,1.0,0,0.0
20230902_060137,279,True,20230902_060137,1413,True,1.0,0,0.0
20230805_191555,225,True,20230805_191555,1103,True,1.0,0,0.0
20230828_205214,290,True,20230911_200338,1244,False,0.0,0,1.0
20230828_205214,1427,True,20230805_191555,1103,True,0.0,0,1.0
20230805_191555,1101,True,20230828_205214,1235,True,0.0,0,1.0
20230828_205214,296,True,20230828_205214,1230,True,1.0,0,0.0
20230831_053936,1304,True,20230831_141252,1317,True,0.0,0,1.0
20230907_185744,1377,True,20230907_185744,1701,True,1.0,0,0.0
20230828_205214,1230,True,20230828_205214,286,True,1.0,0,0.0
20230805_145544,160,True,20230831_053936,255,True,0.0,0,1.0
20230828_205214,1235,True,20230828_205214,1452,True,1.0,0,0.0
20230828_205214,1496,True,20230828_205214,297,True,1.0,0,0.0
20230807_062216,253,True,20230807_062216,202,True,1.0,0,0.0
20230902_054933,1102,True,20230902_054933,1103,True,1.0,0,0.0
20230807_060504,235,True,20230807_061410,1603,False,0.0,0,1.0
20230907_185744,1558,True,20230907_185744,323,True,1.0,0,0.0
20230828_205214,286,True,20230828_205214,1230,True,1.0,0,0.0
20230805_145544,168,True,20230805_145141,706,True,0.0,0,1.0
20230907_185744,1407,True,20230907_185744,1918,True,1.0,0,0.0
20230902_060137,235,True,20230902_060137,284,True,1.0,0,0.0
20230902_060137,284,True,20230805_145141,998,True,0.0,0,1.0
20230828_205214,323,True,20230828_205214,1235,True,1.0,0,0.0
20230911_200338,232,False,20230902_060137,1419,True,0.0,0,1.0
20230902_060137,1176,True,20230902_060137,1421,True,1.0,0,0.0
20230907_185744,1558,True,20230907_185744,1369,True,1.0,0,0.0
20230828_205214,284,True,20230828_205214,1487,True,1.0,0,0.0
20230907_185744,1759,True,20230907_185744,1721,True,1.0,0,0.0
20230831_141252,282,True,20230831_141252,1317,True,1.0,0,0.0
20230907_185744,1407,True,20230907_185744,1895,True,1.0,0,0.0
20230807_060504,192,True,20230807_061410,495,False,0.0,0,1.0
20230907_185744,1349,True,20230907_185744,1644,True,1.0,0,0.0
20230902_054933,1102,True,20230907_185744,1558,True,0.0,0,1.0
20230828_205214,1496,True,20230828_205214,310,True,1.0,0,0.0
20230831_141252,169,True,20230831_141252,216,True,1.0,0,0.0
20230805_145544,143,True,20231005_200808,191,True,0.0,0,1.0
20230831_160214,943,False,20230831_160214,934,False,1.0,0,0.0
20230815_055951,182,True,20230911_200338,985,False,0.0,0,1.0
20230907_185744,1759,True,20230907_185744,1459,True,1.0,0,0.0
20230902_060137,1164,True,20230902_060137,1398,True,1.0,0,0.0
20230911_200338,214,False,20230815_055951,191,True,0.0,0,1.0
20230907_185744,1759,True,20230907_185744,1699,True,1.0,0,0.0
20230805_191555,1105,True,20230907_185744,1571,True,0.0,0,1.0
20230907_185744,1363,True,20230907_185744,1892,True,1.0,0,0.0
20230828_205214,310,True,20230828_205214,297,True,1.0,0,0.0
20230902_060137,224,True,20230902_060137,1413,True,1.0,0,0.0
20230902_060137,1403,True,20230902_060137,1408,True,1.0,0,0.0
20230807_061410,495,False,20230807_061410,485,False,1.0,0,0.0
20230828_205214,286,True,20230828_205214,296,True,1.0,0,0.0
20230805_145544,185,True,20230805_145141,716,True,0.0,0,1.0
20230807_062216,1080,True,20230807_062216,202,True,1.0,0,0.0
20230831_163856,1084,False,20230902_060137,284,True,0.0,0,1.0
20230907_185744,1412,True,20230907_185744,1848,True,1.0,0,0.0
20230831_053936,1301,True,20230828_205214,1235,True,0.0,0,1.0
20230902_060137,296,True,20230805_191555,1106,True,0.0,0,1.0
20230805_191555,224,True,20230805_191555,1103,True,1.0,0,0.0
20230907_185744,1359,True,20230831_141252,1218,True,0.0,0,1.0
20230807_062216,210,True,20230807_062216,1289,True,1.0,0,0.0
20230815_055951,197,True,20230911_200338,204,False,0.0,0,1.0
20230807_061410,495,False,20230807_061410,500,False,1.0,0,0.0
20230805_191555,204,True,20230831_141252,267,True,0.0,0,1.0
20230907_185744,1760,True,20230907_185744,1369,True,1.0,0,0.0
20230907_185744,1363,True,20230907_185744,292,True,1.0,0,0.0
20230815_055951,182,True,20230815_055951,184,True,1.0,0,0.0
20230807_061410,474,False,20230807_061410,481,False,1.0,0,0.0
20230907_185744,1558,True,20230831_163856,1282,False,0.0,0,1.0
20230907_185744,1826,True,20230907_185744,1418,True,1.0,0,0.0
20230828_205214,1235,True,20231006_192754,750,True,0.0,0,1.0
20230807_060504,192,True,20230805_145544,152,True,0.0,0,1.0
20230807_061410,495,False,20230831_160214,934,False,0.0,0,1.0
20230815_055951,1202,True,20230815_055951,191,True,1.0,0,0.0
20231005_200808,1091,True,20230902_054933,1103,True,0.0,0,1.0
20230902_054933,208,True,20230831_053936,1298,True,0.0,0,1.0
20230805_145141,706,True,20230807_062216,1292,True,0.0,0,1.0
20230828_205214,1418,True,20230805_191555,1105,True,0.0,0,1.0
20230902_060137,1171,True,20230902_060137,224,True,1.0,0,0.0
20230828_205214,1436,True,20230828_205214,1427,True,1.0,0,0.0
20230828_205214,271,True,20230828_205214,1474,True,1.0,0,0.0
20230902_060137,1421,True,20230902_060137,281,True,1.0,0,0.0
20230828_205214,1427,True,20230831_141252,1067,True,0.0,0,1.0
20230807_062216,1286,True,20230807_062216,210,True,1.0,0,0.0
20230828_205214,1426,True,20230828_205214,296,True,1.0,0,0.0
20230902_060137,1165,True,20230902_060137,1436,True,1.0,0,0.0
20230805_145544,178,True,20230805_145544,193,True,1.0,0,0.0
20230828_205214,1459,True,20230828_205214,1440,True,1.0,0,0.0
20230907_185744,1375,True,20230907_185744,844,True,1.0,0,0.0
20230831_141252,1066,True,20230831_141252,210,True,1.0,0,0.0
20230907_185744,1412,True,20230805_191555,224,True,0.0,0,1.0
20230831_141252,267,True,20230831_141252,1218,True,1.0,0,0.0
20230831_053936,271,True,20230831_053936,268,True,1.0,0,0.0
20230907_185744,1363,True,20230907_185744,1937,True,1.0,0,0.0
20230828_205214,1235,True,20230805_191555,1101,True,0.0,0,1.0
20230805_191555,198,True,20230902_060137,1419,True,0.0,0,1.0
20230902_060137,1408,True,20230902_060137,1450,True,1.0,0,0.0
20230902_060137,267,True,20230902_060137,269,True,1.0,0,0.0
20230805_145544,152,True,20230805_145544,156,True,1.0,0,0.0
20230907_185744,1759,True,20230907_185744,1934,True,1.0,0,0.0
20230828_205214,1230,True,20230807_062216,1286,True,0.0,0,1.0
20230902_060137,1183,True,20230902_060137,1432,True,1.0,0,0.0
20230831_053936,1303,True,20230831_053936,1301,True,1.0,0,0.0
20230828_205214,1418,True,20230828_205214,1446,True,1.0,0,0.0
20230902_060137,279,True,20230902_060137,235,True,1.0,0,0.0
20230907_185744,1940,True,20230907_185744,1929,True,1.0,0,0.0
20230828_205214,1231,True,20230805_145141,703,True,0.0,0,1.0
20230831_141252,216,True,20230831_141252,269,True,1.0,0,0.0
20230902_060137,1432,True,20230815_055951,221,True,0.0,0,1.0
20230902_060137,299,True,20230902_060137,1421,True,1.0,0,0.0
20230907_185744,1399,True,20230907_185744,844,True,1.0,0,0.0
20230907_185744,1349,True,20230907_185744,1826,True,1.0,0,0.0
20230907_185744,1826,True,20230907_185744,259,True,1.0,0,0.0
20230831_053936,1303,True,20230831_053936,1304,True,1.0,0,0.0
20230807_062216,223,True,20230807_062216,1080,True,1.0,0,0.0
20230831_053936,255,True,20230815_055951,221,True,0.0,0,1.0
20230911_200338,205,False,20230911_200338,229,False,1.0,0,0.0
20230831_141252,275,True,20230831_141252,1070,True,1.0,0,0.0
20231005_200808,183,True,20230831_160214,949,False,0.0,0,1.0
20230902_054933,208,True,20231005_200808,191,True,0.0,0,1.0
20230828_205214,1454,True,20230828_205214,1427,True,1.0,0,0.0
20230907_185744,1558,True,20230907_185744,1525,True,1.0,0,0.0
20230831_141252,1225,True,20230831_141252,1067,True,1.0,0,0.0
20230902_060137,1432,True,20230902_060137,1183,True,1.0,0,0.0
20230907_185744,1836,True,20230907_185744,1643,True,1.0,0,0.0
20230902_060137,269,True,20230902_060137,1171,True,1.0,0,0.0
20230907_185744,1571,True,20230907_185744,1891,True,1.0,0,0.0
20230902_060137,1413,True,20230902_060137,1428,True,1.0,0,0.0
20230831_141252,288,True,20230831_141252,1070,True,1.0,0,0.0
20230911_200338,232,False,20230807_062216,202,True,0.0,0,1.0
20230902_060137,284,True,20230902_060137,1403,True,1.0,0,0.0
20230805_191555,219,True,20230805_191555,225,True,1.0,0,0.0
20230907_185744,1760,True,20230907_185744,1451,True,1.0,0,0.0
20230907_185744,1399,True,20230907_185744,1593,True,1.0,0,0.0
20230831_141252,301,True,20230831_141252,1317,True,1.0,0,0.0
20230907_185744,1940,True,20230907_185744,1404,True,1.0,0,0.0
20230831_053936,271,True,20230907_185744,1558,True,0.0,0,1.0
20230902_060137,224,True,20230902_060137,1164,True,1.0,0,0.0
20231006_192754,763,True,20230902_054933,207,True,0.0,0,1.0
20230831_141252,259,True,20230831_141252,288,True,1.0,0,0.0
20230907_185744,1375,True,20230907_185744,261,True,1.0,0,0.0
20230828_205214,1459,True,20230828_205214,1231,True,1.0,0,0.0
20230902_060137,234,True,20230902_060137,1183,True,1.0,0,0.0
20230807_062216,1080,True,20230805_191555,201,True,0.0,0,1.0
20231005_200808,1091,True,20230815_055951,185,True,0.0,0,1.0
20230911_200338,232,False,20230911_200338,235,False,1.0,0,0.0
20230907_185744,1940,True,20230907_185744,1644,True,1.0,0,0.0
20231005_200808,183,True,20230902_054933,229,True,0.0,0,1.0
20231006_192754,750,True,20230831_163856,1085,False,0.0,0,1.0
20230907_185744,1399,True,20230907_185744,1479,True,1.0,0,0.0
20230907_185744,1412,True,20230907_185744,1489,True,1.0,0,0.0
20230831_162051,178,True,20230805_145141,998,True,0.0,0,1.0
20230815_055951,182,True,20230815_055951,218,True,1.0,0,0.0
20230902_054933,207,True,20230831_162051,178,True,0.0,0,1.0
20230828_205214,1436,True,20230828_205214,1452,True,1.0,0,0.0
20230902_060137,279,True,20230902_060137,1397,True,1.0,0,0.0
20230815_055951,184,True,20230815_055951,182,True,1.0,0,0.0
20230807_060504,192,True,20231005_200808,1091,True,0.0,0,1.0
20230907_185744,1760,True,20230907_185744,1366,True,1.0,0,0.0
20230831_141252,1066,True,20230831_141252,1220,True,1.0,0,0.0
20230907_185744,1558,True,20230907_185744,260,True,1.0,0,0.0
20230831_141252,301,True,20230805_145544,160,True,0.0,0,1.0
20230902_054933,207,True,20230902_054933,224,True,1.0,0,0.0
20230805_191555,1101,True,20230805_191555,237,True,1.0,0,0.0
20230828_205214,296,True,20230828_205214,1235,True,1.0,0,0.0
20231005_200808,196,True,20230911_200338,210,False,0.0,0,1.0
20230807_062216,1289,True,20230807_062216,253,True,1.0,0,0.0
20230907_185744,1375,True,20230907_185744,1918,True,1.0,0,0.0
20230831_141252,210,True,20230831_141252,1067,True,1.0,0,0.0
20230831_141252,1220,True,20230831_141252,211,True,1.0,0,0.0
20230907_185744,1940,True,20230907_185744,1723,True,1.0,0,0.0
20230907_185744,1363,True,20230805_145544,178,True,0.0,0,1.0
20230807_062216,1283,True,20230807_062216,202,True,1.0,0,0.0
20230831_141252,1317,True,20230902_060137,269,True,0.0,0,1.0
20231006_192754,763,True,20230831_162051,178,True,0.0,0,1.0
20230831_141252,267,True,20230831_141252,295,True,1.0,0,0.0
20230907_185744,1404,True,20230907_185744,1935,True,1.0,0,0.0
20230907_185744,1349,True,20230907_185744,1521,True,1.0,0,0.0
20230907_185744,1399,True,20230907_185744,300,True,1.0,0,0.0
20230807_062216,215,True,20230807_062216,253,True,1.0,0,0.0
20230907_185744,1566,True,20230907_185744,1593,True,1.0,0,0.0
20230907_185744,1366,True,20230907_185744,1566,True,1.0,0,0.0
20230831_141252,295,True,20230831_141252,267,True,1.0,0,0.0
20230831_141252,281,True,20230831_141252,1225,True,1.0,0,0.0
20230805_191555,201,True,20230911_200338,235,False,0.0,0,1.0
20230805_191555,1103,True,20230831_141252,1067,True,0.0,0,1.0
20230907_185744,1349,True,20230907_185744,1501,True,1.0,0,0.0
20230907_185744,1404,True,20230907_185744,1680,True,1.0,0,0.0
20230831_053936,1305,True,20230831_053936,1304,True,1.0,0,0.0
20230902_060137,235,True,20230902_060137,1403,True,1.0,0,0.0
20230815_055951,197,True,20230815_055951,184,True,1.0,0,0.0
20230902_060137,284,True,20230828_205214,1426,True,0.0,0,1.0
20230907_185744,1363,True,20230907_185744,1551,True,1.0,0,0.0
20230907_185744,1760,True,20230907_185744,1896,True,1.0,0,0.0
20230907_185744,1404,True,20230907_185744,1678,True,1.0,0,0.0
20230831_160214,943,False,20230805_191555,1117,True,0.0,0,1.0
20230805_145141,710,True,20230805_145141,703,True,1.0,0,0.0
20230807_062216,222,True,20230807_060504,250,True,0.0,0,1.0
20230805_191555,219,True,20230805_191555,237,True,1.0,0,0.0
20230831_141252,210,True,20230831_141252,269,True,1.0,0,0.0
20230907_185744,1363,True,20230907_185744,1940,True,1.0,0,0.0
20230828_205214,1497,True,20230902_060137,1436,True,0.0,0,1.0
20230907_185744,1366,True,20230907_185744,1460,True,1.0,0,0.0
20230907_185744,1367,True,20230907_185744,880,True,1.0,0,0.0
20230907_185744,1367,True,20230907_185744,1836,True,1.0,0,0.0
20230907_185744,1836,True,20230805_145544,160,True,0.0,0,1.0
20230828_205214,323,True,20230828_205214,286,True,1.0,0,0.0
20230807_062216,222,True,20230807_062216,1286,True,1.0,0,0.0
20230805_191555,1106,True,20230805_191555,204,True,1.0,0,0.0
20230907_185744,1571,True,20230831_163856,1287,False,0.0,0,1.0
20230907_185744,1566,True,20230907_185744,282,True,1.0,0,0.0
20230831_141252,267,True,20230831_141252,1066,True,1.0,0,0.0
20230911_200338,213,False,20230831_162051,181,True,0.0,0,1.0
20230805_145141,713,True,20230805_145141,998,True,1.0,0,0.0
20230902_060137,250,True,20230902_060137,1450,True,1.0,0,0.0
20230907_185744,1412,True,20230907_185744,322,True,1.0,0,0.0
20230805_145544,143,True,20230805_145544,178,True,1.0,0,0.0
20230902_054933,1102,True,20230831_053936,271,True,0.0,0,1.0
20230907_185744,1571,True,20230828_205214,1418,True,0.0,0,1.0
20230831_141252,288,True,20230902_060137,1397,True,0.0,0,1.0
20230907_185744,1359,True,20230907_185744,1737,True,1.0,0,0.0
20230907_185744,1349,True,20230907_185744,1359,True,1.0,0,0.0
20230907_185744,1349,True,20230907_185744,282,True,1.0,0,0.0
20230911_200338,205,False,20230911_200338,214,False,1.0,0,0.0
20230805_145141,735,True,20230805_145141,706,True,1.0,0,0.0
20230815_055951,211,True,20230815_055951,179,True,1.0,0,0.0
20230807_062216,210,True,20230807_062216,1292,True,1.0,0,0.0
20230907_185744,1566,True,20230907_185744,1940,True,1.0,0,0.0
20230902_054933,229,True,20230902_054933,208,True,1.0,0,0.0
20230831_163856,1084,False,20231006_192754,763,True,0.0,0,1.0
20230815_055951,221,True,20230815_055951,184,True,1.0,0,0.0
20230907_185744,1760,True,20230907_185744,284,True,1.0,0,0.0
20230907_185744,1759,True,20230907_185744,1678,True,1.0,0,0.0
20230828_205214,1497,True,20230828_205214,1427,True,1.0,0,0.0
20230807_062216,254,True,20230805_145544,178,True,0.0,0,1.0
20230907_185744,1375,True,20230907_185744,291,True,1.0,0,0.0
20230831_053936,255,True,20230831_053936,1450,True,1.0,0,0.0
20230907_185744,1399,True,20230907_185744,1349,True,1.0,0,0.0
20230907_185744,1571,True,20230907_185744,270,True,1.0,0,0.0
20230907_185744,1836,True,20230907_185744,845,True,1.0,0,0.0
20230907_185744,1571,True,20230907_185744,1698,True,1.0,0,0.0
20230902_060137,1403,True,20230902_060137,279,True,1.0,0,0.0
20230907_185744,1377,True,20230907_185744,1850,True,1.0,0,0.0
20230807_062216,1292,True,20230805_145141,706,True,0.0,0,1.0
20230807_060504,256,True,20231005_200808,183,True,0.0,0,1.0
20230907_185744,1399,True,20230831_141252,1227,True,0.0,0,1.0
20230807_062216,202,True,20230807_062216,247,True,1.0,0,0.0
20231006_192754,750,True,20230828_205214,1235,True,0.0,0,1.0
20230911_200338,210,False,20230807_062216,222,True,0.0,0,1.0
20230907_185744,1404,True,20230907_185744,1525,True,1.0,0,0.0
20230807_060504,250,True,20230807_060504,256,True,1.0,0,0.0
20230902_054933,224,True,20230902_054933,1102,True,1.0,0,0.0
20230907_185744,1363,True,20230831_160214,937,False,0.0,0,1.0
20230907_185744,1760,True,20230907_185744,261,True,1.0,0,0.0
20230805_145544,156,True,20230831_163856,1282,False,0.0,0,1.0
20230815_055951,209,True,20230815_055951,184,True,1.0,0,0.0
20230911_200338,195,False,20230911_200338,204,False,1.0,0,0.0
20230828_205214,1230,True,20230828_205214,1465,True,1.0,0,0.0
20230831_141252,169,True,20230831_141252,282,True,1.0,0,0.0
20230828_205214,1496,True,20230828_205214,1454,True,1.0,0,0.0
20230902_060137,1432,True,20230902_060137,281,True,1.0,0,0.0
20230902_060137,281,True,20230902_060137,267,True,1.0,0,0.0
20231006_192754,748,True,20230805_191555,1103,True,0.0,0,1.0
20230815_055951,184,True,20230815_055951,211,True,1.0,0,0.0
20230807_060504,248,True,20230807_060504,256,True,1.0,0,0.0
20231005_200808,176,True,20230807_060504,191,True,0.0,0,1.0
20230805_191555,1106,True,20230815_055951,179,True,0.0,0,1.0
20230831_141252,1315,True,20230831_141252,211,True,1.0,0,0.0
20230807_062216,247,True,20230831_160214,949,False,0.0,0,1.0
20230907_185744,1836,True,20230907_185744,252,True,1.0,0,0.0
20230807_060504,235,True,20230831_053936,1303,True,0.0,0,1.0
20230831_053936,268,True,20230831_053936,1305,True,1.0,0,0.0
20231006_192754,750,True,20230907_185744,1940,True,0.0,0,1.0
20230805_191555,1101,True,20230805_191555,198,True,1.0,0,0.0
20230807_062216,202,True,20230907_185744,1407,True,0.0,0,1.0
20230907_185744,1407,True,20230907_185744,1848,True,1.0,0,0.0
20230828_205214,297,True,20230828_205214,1418,True,1.0,0,0.0
20230805_191555,1103,True,20230807_060504,191,True,0.0,0,1.0
20230907_185744,1412,True,20230907_185744,260,True,1.0,0,0.0
20230907_185744,1566,True,20230907_185744,267,True,1.0,0,0.0
20230902_054933,208,True,20230902_054933,1103,True,1.0,0,0.0
20230831_053936,231,True,20230907_185744,1566,True,0.0,0,1.0
20231005_200808,183,True,20230828_205214,1418,True,0.0,0,1.0
20230831_141252,288,True,20230807_061410,473,False,0.0,0,1.0
20230907_185744,1836,True,20230907_185744,1699,True,1.0,0,0.0
20230831_141252,216,True,20230831_141252,1067,True,1.0,0,0.0
20230805_191555,1106,True,20230805_191555,1117,True,1.0,0,0.0
20230831_141252,1315,True,20230831_141252,288,True,1.0,0,0.0
20231005_200808,183,True,20230911_200338,987,False,0.0,0,1.0
20230902_060137,296,True,20230902_060137,267,True,1.0,0,0.0
20230902_060137,1165,True,20230902_060137,279,True,1.0,0,0.0
20230831_163856,1084,False,20230831_163856,1085,False,1.0,0,0.0
20230815_055951,184,True,20230828_205214,1418,True,0.0,0,1.0
20230831_141252,1317,True,20230831_141252,259,True,1.0,0,0.0
20230907_185744,1412,True,20230902_054933,208,True,0.0,0,1.0
20230831_141252,1317,True,20230807_060504,244,True,0.0,0,1.0
20230815_055951,1202,True,20230807_062216,202,True,0.0,0,1.0
20230807_062216,1286,True,20230815_055951,182,True,0.0,0,1.0
20230907_185744,1566,True,20230907_185744,1848,True,1.0,0,0.0
20230831_053936,1303,True,20230831_053936,1450,True,1.0,0,0.0
20230807_062216,222,True,20230828_205214,1231,True,0.0,0,1.0
20230831_141252,281,True,20230831_141252,267,True,1.0,0,0.0
20230831_141252,1225,True,20230907_185744,1366,True,0.0,0,1.0
20230807_060504,191,True,20230831_162051,192,True,0.0,0,1.0
20230831_053936,1298,True,20230902_060137,281,True,0.0,0,1.0
20230907_185744,1367,True,20230907_185744,1730,True,1.0,0,0.0
20230911_200338,214,False,20231006_192754,748,True,0.0,0,1.0
20230831_141252,1218,True,20230831_141252,1315,True,1.0,0,0.0
20230907_185744,1836,True,20230907_185744,1914,True,1.0,0,0.0
20230907_185744,1359,True,20230907_185744,231,True,1.0,0,0.0
20230831_141252,1067,True,20230831_141252,259,True,1.0,0,0.0
20230902_060137,1450,True,20230902_060137,1428,True,1.0,0,0.0
20230907_185744,1363,True,20230907_185744,844,True,1.0,0,0.0
20230828_205214,1455,True,20230831_141252,269,True,0.0,0,1.0
20230831_141252,259,True,20230815_055951,1202,True,0.0,0,1.0
20230807_061410,481,False,20230902_060137,1450,True,0.0,0,1.0
20230831_141252,1067,True,20230831_141252,301,True,1.0,0,0.0
20230805_191555,1105,True,20230902_054933,229,True,0.0,0,1.0
20230902_054933,1102,True,20230805_191555,1106,True,0.0,0,1.0
20230907_185744,267,True,20230907_185744,1399,True,1.0,0,0.0
20230807_062216,223,True,20230807_062216,1081,True,1.0,0,0.0
20230815_055951,221,True,20230815_055951,191,True,1.0,0,0.0
20230831_141252,1220,True,20230831_141252,267,True,1.0,0,0.0
20230805_191555,215,True,20230805_191555,204,True,1.0,0,0.0
20230902_060137,296,True,20230902_060137,1165,True,1.0,0,0.0
20230907_185744,1412,True,20230907_185744,291,True,1.0,0,0.0
20230907_185744,1399,True,20230907_185744,1682,True,1.0,0,0.0
20230828_205214,310,True,20230828_205214,311,True,1.0,0,0.0
20230831_141252,211,True,20230807_061410,500,False,0.0,0,1.0
20230805_145544,178,True,20230805_145544,149,True,1.0,0,0.0
20230907_185744,1759,True,20230907_185744,322,True,1.0,0,0.0
20230911_200338,232,False,20230911_200338,1244,False,1.0,0,0.0
20230902_060137,1432,True,20230902_060137,1413,True,1.0,0,0.0
20230815_055951,179,True,20230807_062216,222,True,0.0,0,1.0
20230902_060137,1408,True,20230902_060137,1165,True,1.0,0,0.0
20231006_192754,763,True,20230902_060137,284,True,0.0,0,1.0
20230807_062216,215,True,20230807_062216,214,True,1.0,0,0.0
20230807_062216,223,True,20230807_062216,1289,True,1.0,0,0.0
20230831_141252,1067,True,20231006_192754,748,True,0.0,0,1.0
20230831_141252,1315,True,20230807_062216,222,True,0.0,0,1.0
20230828_205214,1427,True,20230828_205214,1235,True,1.0,0,0.0
20230828_205214,296,True,20230828_205214,1496,True,1.0,0,0.0
20230807_061410,493,False,20230807_062216,222,True,0.0,0,1.0
20230911_200338,229,False,20230911_200338,205,False,1.0,0,0.0
20230828_205214,1426,True,20230828_205214,284,True,1.0,0,0.0
20230907_185744,1359,True,20230907_185744,1537,True,1.0,0,0.0
20230815_055951,211,True,20230815_055951,197,True,1.0,0,0.0
20230907_185744,1412,True,20230907_185744,1932,True,1.0,0,0.0
20230902_060137,1432,True,20230902_060137,1403,True,1.0,0,0.0
20230911_200338,987,False,20230911_200338,985,False,1.0,0,0.0
20230907_185744,1363,True,20230807_060504,191,True,0.0,0,1.0
20230807_062216,1286,True,20231005_200808,191,True,0.0,0,1.0
20230831_160214,937,False,20230805_145544,178,True,0.0,0,1.0
20230902_060137,1436,True,20230902_060137,1450,True,1.0,0,0.0
20230807_062216,255,True,20230831_141252,1070,True,0.0,0,1.0
20230902_060137,1398,True,20230902_060137,281,True,1.0,0,0.0
20230902_060137,284,True,20230902_060137,1171,True,1.0,0,0.0
20230805_145544,185,True,20230805_145544,149,True,1.0,0,0.0
20230911_200338,235,False,20230902_060137,224,True,0.0,0,1.0
20230831_141252,281,True,20230831_141252,275,True,1.0,0,0.0
20230907_185744,1349,True,20230907_185744,1661,True,1.0,0,0.0
20230815_055951,182,True,20230815_055951,197,True,1.0,0,0.0
20230907_185744,1826,True,20230907_185744,1682,True,1.0,0,0.0
20230815_055951,211,True,20230805_191555,204,True,0.0,0,1.0
20231005_200808,175,True,20230828_205214,1426,True,0.0,0,1.0
20230902_060137,1432,True,20230828_205214,1487,True,0.0,0,1.0
20230828_205214,1230,True,20230828_205214,1455,True,1.0,0,0.0
20230831_163856,1282,False,20230805_191555,1106,True,0.0,0,1.0
20230815_055951,184,True,20230815_055951,179,True,1.0,0,0.0
20230902_060137,224,True,20230902_060137,250,True,1.0,0,0.0
20230831_162051,178,True,20231006_192754,763,True,0.0,0,1.0
20231006_192754,763,True,20231005_200808,175,True,0.0,0,1.0
20230828_205214,1452,True,20230807_062216,1080,True,0.0,0,1.0
20230907_185744,267,True,20230907_185744,1891,True,1.0,0,0.0
20230907_185744,1407,True,20230907_185744,265,True,1.0,0,0.0
20230831_141252,275,True,20230831_141252,1067,True,1.0,0,0.0
20230902_060137,1176,True,20230902_060137,235,True,1.0,0,0.0
20230831_141252,1067,True,20230831_141252,211,True,1.0,0,0.0
20230911_200338,214,False,20230911_200338,195,False,1.0,0,0.0
20230828_205214,1446,True,20230828_205214,1455,True,1.0,0,0.0
20230807_061410,500,False,20230805_191555,219,True,0.0,0,1.0
20230907_185744,1760,True,20230907_185744,1759,True,1.0,0,0.0
20230805_145544,193,True,20230805_145544,156,True,1.0,0,0.0
20230907_185744,1366,True,20230907_185744,231,True,1.0,0,0.0
20230828_205214,1235,True,20230828_205214,1455,True,1.0,0,0.0
20230805_191555,1101,True,20230902_060137,279,True,0.0,0,1.0
20230815_055951,179,True,20230815_055951,191,True,1.0,0,0.0
20230907_185744,1836,True,20230907_185744,1521,True,1.0,0,0.0
20230907_185744,1664,True,20230902_060137,1176,True,0.0,0,1.0
20230831_141252,282,True,20230831_141252,295,True,1.0,0,0.0
20230831_163856,1287,False,20231005_200808,183,True,0.0,0,1.0
20230902_060137,279,True,20230902_060137,1171,True,1.0,0,0.0
20230907_185744,1399,True,20230907_185744,1855,True,1.0,0,0.0
20230907_185744,1375,True,20230907_185744,1674,True,1.0,0,0.0
20230907_185744,1404,True,20230907_185744,1375,True,1.0,0,0.0
20230907_185744,1404,True,20230907_185744,1730,True,1.0,0,0.0
20230805_145141,706,True,20230805_145141,998,True,1.0,0,0.0
20230902_060137,279,True,20230902_060137,234,True,1.0,0,0.0
20230815_055951,221,True,20230815_055951,209,True,1.0,0,0.0
20230807_061410,473,False,20230831_141252,288,True,0.0,0,1.0
20230902_054933,224,True,20230807_061410,487,False,0.0,0,1.0
20230828_205214,311,True,20230828_205214,310,True,1.0,0,0.0
20230907_185744,1375,True,20230907_185744,1460,True,1.0,0,0.0
20230807_062216,1081,True,20230807_062216,1286,True,1.0,0,0.0
20230907_185744,1566,True,20230907_185744,1399,True,1.0,0,0.0
20230815_055951,179,True,20230815_055951,197,True,1.0,0,0.0
20230907_185744,1375,True,20230815_055951,180,True,0.0,0,1.0
20230807_062216,1081,True,20230807_062216,1292,True,1.0,0,0.0
20230911_200338,985,False,20230911_200338,235,False,1.0,0,0.0
20230902_060137,1421,True,20230902_060137,1413,True,1.0,0,0.0
20230907_185744,1404,True,20230907_185744,265,True,1.0,0,0.0
20230907_185744,1399,True,20230907_185744,1496,True,1.0,0,0.0
20230831_053936,1298,True,20230831_053936,255,True,1.0,0,0.0
20230805_191555,1103,True,20230831_160214,937,False,0.0,0,1.0
20230828_205214,1436,True,20230815_055951,197,True,0.0,0,1.0
20230907_185744,1375,True,20230907_185744,1932,True,1.0,0,0.0
20230815_055951,197,True,20230815_055951,191,True,1.0,0,0.0
20230902_060137,1432,True,20230902_060137,284,True,1.0,0,0.0
20230907_185744,1349,True,20230907_185744,1525,True,1.0,0,0.0
20230815_055951,185,True,20230831_053936,1301,True,0.0,0,1.0
20230805_191555,201,True,20230831_141252,275,True,0.0,0,1.0
20230907_185744,1363,True,20230907_185744,1463,True,1.0,0,0.0
20230902_060137,1450,True,20230911_200338,214,False,0.0,0,1.0
20230907_185744,1571,True,20230807_060504,256,True,0.0,0,1.0
20230902_060137,1176,True,20230902_060137,1165,True,1.0,0,0.0
20230828_205214,1454,True,20230907_185744,1399,True,0.0,0,1.0
20230907_185744,1363,True,20230907_185744,1451,True,1.0,0,0.0
20230831_053936,1450,True,20230807_062216,1283,True,0.0,0,1.0
20230902_060137,235,True,20230902_060137,1428,True,1.0,0,0.0
20230805_145141,710,True,20230831_141252,1317,True,0.0,0,1.0
20230805_191555,1117,True,20230805_191555,201,True,1.0,0,0.0
20230907_185744,1366,True,20230907_185744,1674,True,1.0,0,0.0
20230907_185744,1366,True,20230907_185744,1701,True,1.0,0,0.0
20230907_185744,1359,True,20230907_185744,1674,True,1.0,0,0.0
20230805_145544,178,True,20230805_145544,152,True,1.0,0,0.0
20230907_185744,1940,True,20230907_185744,1459,True,1.0,0,0.0
20231005_200808,191,True,20231005_200808,196,True,1.0,0,0.0
20230907_185744,1375,True,20230828_205214,1452,True,0.0,0,1.0
20230907_185744,1349,True,20230907_185744,279,True,1.0,0,0.0
20230907_185744,1349,True,20230907_185744,1463,True,1.0,0,0.0
20230911_200338,204,False,20230828_205214,1436,True,0.0,0,1.0
20230828_205214,310,True,20230828_205214,1487,True,1.0,0,0.0
20230807_060504,248,True,20230805_145544,143,True,0.0,0,1.0
20230805_145141,713,True,20230805_145141,703,True,1.0,0,0.0
20230828_205214,271,True,20230828_205214,1427,True,1.0,0,0.0
20230907_185744,1407,True,20230907_185744,1535,True,1.0,0,0.0
20230902_060137,279,True,20230902_060137,1432,True,1.0,0,0.0
20230805_145141,703,True,20230828_205214,1231,True,0.0,0,1.0
20230902_060137,1164,True,20230902_060137,1176,True,1.0,0,0.0
20230815_055951,179,True,20230805_145544,156,True,0.0,0,1.0
20230902_060137,296,True,20230805_145141,703,True,0.0,0,1.0
20230805_145544,152,True,20230807_061410,495,False,0.0,0,1.0
20230828_205214,286,True,20230807_062216,214,True,0.0,0,1.0
20230805_145544,149,True,20230805_145544,185,True,1.0,0,0.0
20230805_191555,225,True,20230805_191555,1101,True,1.0,0,0.0
20230828_205214,1459,True,20230828_205214,1455,True,1.0,0,0.0
20230831_141252,301,True,20230911_200338,195,False,0.0,0,1.0
20230907_185744,1566,True,20230907_185744,1932,True,1.0,0,0.0
20230907_185744,1760,True,20230907_185744,283,True,1.0,0,0.0
20230831_141252,1070,True,20230831_141252,282,True,1.0,0,0.0
20230911_200338,229,False,20230815_055951,218,True,0.0,0,1.0
20230828_205214,1440,True,20230828_205214,1231,True,1.0,0,0.0
20230831_141252,269,True,20230831_141252,216,True,1.0,0,0.0
20230815_055951,182,True,20230815_055951,191,True,1.0,0,0.0
20230907_185744,1836,True,20230907_185744,1524,True,1.0,0,0.0
20230807_062216,247,True,20230807_062216,1286,True,1.0,0,0.0
20230907_185744,1367,True,20230907_185744,1451,True,1.0,0,0.0
20230907_185744,1571,True,20230907_185744,1918,True,1.0,0,0.0
20230902_060137,1171,True,20230902_060137,1432,True,1.0,0,0.0
20230907_185744,1571,True,20230907_185744,1850,True,1.0,0,0.0
20230815_055951,197,True,20230807_061410,487,False,0.0,0,1.0
20230907_185744,1759,True,20230907_185744,1359,True,1.0,0,0.0
20230902_054933,208,True,20230805_191555,224,True,0.0,0,1.0
20230828_205214,1474,True,20230907_185744,1673,True,0.0,0,1.0
20230831_053936,255,True,20230805_191555,215,True,0.0,0,1.0
20230805_191555,215,True,20230805_191555,1101,True,1.0,0,0.0
20230902_060137,1176,True,20230902_060137,226,True,1.0,0,0.0
20230907_185744,1363,True,20230907_185744,1593,True,1.0,0,0.0
20230831_141252,216,True,20230831_141252,1227,True,1.0,0,0.0
20230807_061410,485,False,20230807_061410,500,False,1.0,0,0.0
20230807_062216,1283,True,20230907_185744,1759,True,0.0,0,1.0
20230828_205214,310,True,20230828_205214,1230,True,1.0,0,0.0
20230805_145141,998,True,20230805_145141,735,True,1.0,0,0.0
20230831_163856,1084,False,20230805_191555,1117,True,0.0,0,1.0
20230902_060137,226,True,20230902_060137,296,True,1.0,0,0.0
20230828_205214,1418,True,20230828_205214,1443,True,1.0,0,0.0
20230902_060137,279,True,20230902_060137,1421,True,1.0,0,0.0
20230907_185744,1459,True,20230828_205214,271,True,0.0,0,1.0
20230828_205214,1230,True,20230911_200338,985,False,0.0,0,1.0
20230907_185744,267,True,20230907_185744,1932,True,1.0,0,0.0
20230902_060137,269,True,20230902_060137,296,True,1.0,0,0.0
20230828_205214,1452,True,20230828_205214,310,True,1.0,0,0.0
20230907_185744,1399,True,20230907_185744,260,True,1.0,0,0.0
20230911_200338,987,False,20230831_053936,1305,True,0.0,0,1.0
20230907_185744,1349,True,20230907_185744,322,True,1.0,0,0.0
20230805_145544,156,True,20230805_145544,149,True,1.0,0,0.0
20230805_191555,199,True,20230828_205214,296,True,0.0,0,1.0
20230815_055951,169,True,20230815_055951,1202,True,1.0,0,0.0
20230902_060137,234,True,20230828_205214,1440,True,0.0,0,1.0
20230907_185744,1412,True,20230907_185744,1404,True,1.0,0,0.0
20230805_145544,143,True,20230807_061410,474,False,0.0,0,1.0
20230831_053936,268,True,20230831_053936,1298,True,1.0,0,0.0
20230805_145544,143,True,20230902_054933,208,True,0.0,0,1.0
20230807_062216,1286,True,20230805_191555,224,True,0.0,0,1.0
20230907_185744,1404,True,20230907_185744,1937,True,1.0,0,0.0
20230907_185744,1349,True,20230907_185744,1399,True,1.0,0,0.0
20230815_055951,197,True,20230831_053936,1304,True,0.0,0,1.0
20230907_185744,1412,True,20230907_185744,1906,True,1.0,0,0.0
20230828_205214,1465,True,20230828_205214,1235,True,1.0,0,0.0
20230907_185744,1407,True,20230907_185744,1664,True,1.0,0,0.0
20230902_060137,1450,True,20230807_062216,254,True,0.0,0,1.0
20230907_185744,1367,True,20230828_205214,1497,True,0.0,0,1.0
20230807_062216,222,True,20230807_062216,223,True,1.0,0,0.0
20230907_185744,1759,True,20230907_185744,1369,True,1.0,0,0.0
20230911_200338,1244,False,20230911_200338,214,False,1.0,0,0.0
20230815_055951,185,True,20230902_054933,1103,True,0.0,0,1.0
20230911_200338,229,False,20230911_200338,985,False,1.0,0,0.0
20230807_060504,248,True,20230828_205214,1230,True,0.0,0,1.0
20230807_062216,214,True,20230805_191555,204,True,0.0,0,1.0
20230828_205214,297,True,20230828_205214,1231,True,1.0,0,0.0
20230831_141252,1315,True,20230807_061410,493,False,0.0,0,1.0
20230828_205214,311,True,20230828_205214,1440,True,1.0,0,0.0
20230907_185744,1759,True,20230907_185744,1850,True,1.0,0,0.0
20230807_060504,250,True,20230805_145141,703,True,0.0,0,1.0
20230907_185744,1940,True,20230907_185744,1566,True,1.0,0,0.0
20230828_205214,323,True,20230828_205214,310,True,1.0,0,0.0
20230805_145141,706,True,20230911_200338,205,False,0.0,0,1.0
20230815_055951,191,True,20230815_055951,211,True,1.0,0,0.0
20230807_061410,473,False,20230815_055951,209,True,0.0,0,1.0
20230831_053936,1305,True,20231005_200808,183,True,0.0,0,1.0
20230805_145544,1066,True,20230805_145544,193,True,1.0,0,0.0
20230907_185744,1404,True,20230907_185744,1566,True,1.0,0,0.0
20230815_055951,1202,True,20230828_205214,1446,True,0.0,0,1.0
20230831_141252,211,True,20230831_141252,275,True,1.0,0,0.0
20230807_060504,191,True,20230807_061410,481,False,0.0,0,1.0
20230831_053936,231,True,20230831_053936,1298,True,1.0,0,0.0
20230828_205214,1459,True,20230828_205214,271,True,1.0,0,0.0
20230828_205214,1459,True,20230828_205214,1465,True,1.0,0,0.0
20230907_185744,1363,True,20230907_185744,323,True,1.0,0,0.0
20230902_060137,279,True,20230911_200338,213,False,0.0,0,1.0
20230907_185744,1407,True,20230807_062216,202,True,0.0,0,1.0
20230831_141252,1066,True,20230831_141252,259,True,1.0,0,0.0
20230907_185744,1363,True,20230907_185744,1399,True,1.0,0,0.0
20230911_200338,229,False,20230805_191555,1117,True,0.0,0,1.0
20230831_163856,1085,False,20230831_163856,1084,False,1.0,0,0.0
20230907_185744,267,True,20230907_185744,1643,True,1.0,0,0.0
20230902_060137,279,True,20230902_060137,299,True,1.0,0,0.0
20230807_062216,247,True,20230807_062216,1283,True,1.0,0,0.0
20230907_185744,1359,True,20230902_060137,1183,True,0.0,0,1.0
20230828_205214,284,True,20230828_205214,1231,True,1.0,0,0.0
20230805_145141,730,True,20230805_191555,1101,True,0.0,0,1.0
20230911_200338,987,False,20230911_200338,210,False,1.0,0,0.0
20230831_141252,216,True,20230831_141252,254,True,1.0,0,0.0
20230831_162051,181,True,20230831_162051,192,True,1.0,0,0.0
20231006_192754,750,True,20230807_061410,495,False,0.0,0,1.0
20230902_060137,1421,True,20230902_060137,296,True,1.0,0,0.0
20230831_141252,275,True,20230831_141252,216,True,1.0,0,0.0
20230902_060137,1164,True,20230902_060137,234,True,1.0,0,0.0
20230807_062216,214,True,20230807_062216,202,True,1.0,0,0.0
20230902_060137,1397,True,20230805_191555,225,True,0.0,0,1.0
20230907_185744,1571,True,20230907_185744,1551,True,1.0,0,0.0
20230815_055951,209,True,20230911_200338,1244,False,0.0,0,1.0
20230907_185744,1367,True,20230907_185744,1896,True,1.0,0,0.0
20230807_062216,255,True,20231006_192754,763,True,0.0,0,1.0
20230902_060137,1176,True,20230902_060137,279,True,1.0,0,0.0
20230907_185744,1363,True,20230907_185744,255,True,1.0,0,0.0
20230805_145544,152,True,20230805_145544,168,True,1.0,0,0.0
20230807_062216,223,True,20230807_062216,1286,True,1.0,0,0.0
20230805_191555,1106,True,20230807_060504,250,True,0.0,0,1.0
20230831_053936,1303,True,20230831_163856,1084,False,0.0,0,1.0
20230807_062216,255,True,20230807_062216,1286,True,1.0,0,0.0
20230828_205214,1231,True,20230828_205214,290,True,1.0,0,0.0
20230807_062216,247,True,20230911_200338,987,False,0.0,0,1.0
20230907_185744,1759,True,20230907_185744,1737,True,1.0,0,0.0
20230907_185744,1940,True,20230907_185744,1571,True,1.0,0,0.0
20230902_060137,1398,True,20230902_060137,1183,True,1.0,0,0.0
20230831_053936,1301,True,20230831_053936,1305,True,1.0,0,0.0
20230902_060137,1164,True,20230902_060137,235,True,1.0,0,0.0
20230902_060137,1419,True,20230902_060137,1164,True,1.0,0,0.0
20230902_060137,299,True,20230902_060137,1419,True,1.0,0,0.0
20230907_185744,1826,True,20230907_185744,1399,True,1.0,0,0.0
20230805_145544,1066,True,20230902_060137,1397,True,0.0,0,1.0
20230807_062216,214,True,20230807_062216,1081,True,1.0,0,0.0
20230831_141252,1317,True,20230815_055951,197,True,0.0,0,1.0
20230807_062216,254,True,20230807_062216,247,True,1.0,0,0.0
20230902_060137,1419,True,20230902_060137,1408,True,1.0,0,0.0
20230828_205214,1418,True,20230828_205214,1465,True,1.0,0,0.0
20230902_060137,279,True,20230902_060137,1419,True,1.0,0,0.0
20230828_205214,1427,True,20230828_205214,1436,True,1.0,0,0.0
20230831_163856,1282,False,20230831_163856,1090,False,1.0,0,0.0
20231005_200808,183,True,20231005_200808,1091,True,1.0,0,0.0
20230828_205214,1440,True,20230828_205214,271,True,1.0,0,0.0
20230911_200338,214,False,20230807_060504,191,True,0.0,0,1.0
20230902_060137,269,True,20230911_200338,204,False,0.0,0,1.0
20230911_200338,1244,False,20230907_185744,1759,True,0.0,0,1.0
20230831_141252,1227,True,20230831_141252,301,True,1.0,0,0.0
20230815_055951,218,True,20230815_055951,209,True,1.0,0,0.0
20230828_205214,297,True,20230807_062216,1289,True,0.0,0,1.0
20230907_185744,1399,True,20230907_185744,1460,True,1.0,0,0.0
20230907_185744,1836,True,20230907_185744,1535,True,1.0,0,0.0
20230907_185744,1363,True,20230907_185744,252,True,1.0,0,0.0
20230831_053936,1305,True,20230805_145544,185,True,0.0,0,1.0
20230831_141252,1227,True,20230831_141252,275,True,1.0,0,0.0
20230828_205214,1474,True,20230828_205214,284,True,1.0,0,0.0
20230831_141252,1218,True,20230902_060137,1183,True,0.0,0,1.0
20230907_185744,1760,True,20230907_185744,1840,True,1.0,0,0.0
20230902_060137,1450,True,20230902_060137,1441,True,1.0,0,0.0
20230907_185744,1407,True,20230907_185744,1412,True,1.0,0,0.0
20230907_185744,1566,True,20230907_185744,1404,True,1.0,0,0.0
20230828_205214,1455,True,20230828_205214,1418,True,1.0,0,0.0
20230911_200338,235,False,20230911_200338,213,False,1.0,0,0.0
20230815_055951,169,True,20230815_055951,185,True,1.0,0,0.0
20230831_053936,1303,True,20230831_141252,1070,True,0.0,0,1.0
20230831_163856,1287,False,20230831_163856,1090,False,1.0,0,0.0
20230907_185744,1359,True,20230907_185744,1404,True,1.0,0,0.0
20230907_185744,1836,True,20230907_185744,279,True,1.0,0,0.0
20230907_185744,267,True,20230907_185744,1366,True,1.0,0,0.0
20230907_185744,1399,True,20230907_185744,880,True,1.0,0,0.0
20230907_185744,1359,True,20230907_185744,1518,True,1.0,0,0.0
20230831_141252,216,True,20230831_053936,1301,True,0.0,0,1.0
20230831_141252,295,True,20230831_141252,1315,True,1.0,0,0.0
20230831_163856,1090,False,20230831_163856,1084,False,1.0,0,0.0
20230907_185744,1836,True,20230907_185744,1891,True,1.0,0,0.0
20230907_185744,1759,True,20230831_141252,288,True,0.0,0,1.0
20230828_205214,271,True,20230828_205214,297,True,1.0,0,0.0
20230831_160214,943,False,20230907_185744,1377,True,0.0,0,1.0
20230831_141252,1218,True,20230831_141252,1227,True,1.0,0,0.0
20230902_060137,1171,True,20230902_060137,269,True,1.0,0,0.0
20230807_061410,481,False,20230815_055951,191,True,0.0,0,1.0
20230807_062216,214,True,20230831_141252,267,True,0.0,0,1.0
20230907_185744,1366,True,20230907_185744,860,True,1.0,0,0.0
20230907_185744,1759,True,20230831_053936,1450,True,0.0,0,1.0
20230828_205214,1427,True,20230902_060137,1450,True,0.0,0,1.0
20230831_141252,282,True,20230902_060137,1413,True,0.0,0,1.0
20230805_191555,1106,True,20230907_185744,1558,True,0.0,0,1.0
20230805_191555,1103,True,20230805_191555,199,True,1.0,0,0.0
20230902_054933,210,True,20230807_062216,254,True,0.0,0,1.0
20230907_185744,1377,True,20230907_185744,1895,True,1.0,0,0.0
20230805_145544,156,True,20230807_062216,222,True,0.0,0,1.0
20230807_060504,191,True,20230807_060504,256,True,1.0,0,0.0
20230907_185744,1940,True,20230907_185744,1899,True,1.0,0,0.0
20230807_060504,248,True,20230807_060504,191,True,1.0,0,0.0
20230907_185744,1407,True,20230907_185744,1760,True,1.0,0,0.0
20230907_185744,1566,True,20230907_185744,1571,True,1.0,0,0.0
20230815_055951,197,True,20230902_054933,224,True,0.0,0,1.0
20230807_062216,1283,True,20230807_062216,222,True,1.0,0,0.0
20230828_205214,1497,True,20230828_205214,297,True,1.0,0,0.0
20230907_185744,1571,True,20230907_185744,283,True,1.0,0,0.0
20230907_185744,1759,True,20230907_185744,1496,True,1.0,0,0.0
20230831_163856,1066,False,20230831_163856,1084,False,1.0,0,0.0
20230807_061410,493,False,20230807_061410,481,False,1.0,0,0.0
20231005_200808,208,True,20230805_191555,237,True,0.0,0,1.0
20230907_185744,1359,True,20230907_185744,322,True,1.0,0,0.0
20230831_141252,1225,True,20230831_141252,1227,True,1.0,0,0.0
20230902_060137,1165,True,20230902_060137,1421,True,1.0,0,0.0
20230902_060137,235,True,20230902_060137,299,True,1.0,0,0.0
20230831_053936,1304,True,20230831_053936,1298,True,1.0,0,0.0
20230907_185744,1760,True,20230907_185744,1836,True,1.0,0,0.0
20230828_205214,1418,True,20230805_145141,716,True,0.0,0,1.0
20230902_060137,1408,True,20230907_185744,1826,True,0.0,0,1.0
20230907_185744,1760,True,20230907_185744,1404,True,1.0,0,0.0
20230907_185744,1349,True,20230807_062216,214,True,0.0,0,1.0
20230815_055951,180,True,20230907_185744,1375,True,0.0,0,1.0
20230805_145544,178,True,20230805_145544,168,True,1.0,0,0.0
20230907_185744,1363,True,20230907_185744,1899,True,1.0,0,0.0
20230828_205214,284,True,20230828_205214,1235,True,1.0,0,0.0
20230831_053936,255,True,20230828_205214,1487,True,0.0,0,1.0
20230907_185744,1359,True,20230907_185744,270,True,1.0,0,0.0
20230911_200338,214,False,20230911_200338,229,False,1.0,0,0.0
20230907_185744,1404,True,20230907_185744,1479,True,1.0,0,0.0
20230902_060137,1397,True,20230902_060137,1428,True,1.0,0,0.0
20230902_060137,296,True,20230902_060137,1397,True,1.0,0,0.0
20230907_185744,1377,True,20230907_185744,252,True,1.0,0,0.0
20230831_141252,216,True,20230831_141252,288,True,1.0,0,0.0
20230815_055951,197,True,20230828_205214,1436,True,0.0,0,1.0
20230911_200338,235,False,20230911_200338,985,False,1.0,0,0.0
20230807_060504,191,True,20230805_191555,1103,True,0.0,0,1.0
20230831_160214,943,False,20230831_162051,178,True,0.0,0,1.0
20230807_062216,1081,True,20230831_141252,301,True,0.0,0,1.0
20230902_060137,279,True,20230831_053936,1301,True,0.0,0,1.0
20230907_185744,1760,True,20230907_185744,1643,True,1.0,0,0.0
20230828_205214,1436,True,20230828_205214,310,True,1.0,0,0.0
20230807_062216,210,True,20230807_062216,1081,True,1.0,0,0.0
20230807_062216,255,True,20230807_062216,1081,True,1.0,0,0.0
20230902_060137,1164,True,20230902_060137,299,True,1.0,0,0.0
20230907_185744,1558,True,20230907_185744,1721,True,1.0,0,0.0
20230815_055951,191,True,20230831_141252,1067,True,0.0,0,1.0
20230907_185744,1412,True,20230907_185744,267,True,1.0,0,0.0
20230807_062216,255,True,20230807_062216,253,True,1.0,0,0.0
20230828_205214,311,True,20230828_205214,1487,True,1.0,0,0.0
20230807_061410,1603,False,20230831_162051,178,True,0.0,0,1.0
20230907_185744,267,True,20230907_185744,1363,True,1.0,0,0.0
20230828_205214,284,True,20230828_205214,1474,True,1.0,0,0.0
20230907_185744,1363,True,20230907_185744,1460,True,1.0,0,0.0
20230902_060137,1165,True,20230902_060137,281,True,1.0,0,0.0
20230828_205214,1452,True,20230805_191555,201,True,0.0,0,1.0
20230902_054933,207,True,20230807_062216,255,True,0.0,0,1.0
20230807_062216,247,True,20230807_062216,255,True,1.0,0,0.0
20230902_060137,1408,True,20230902_060137,267,True,1.0,0,0.0
20230831_053936,231,True,20230805_191555,219,True,0.0,0,1.0
20230815_055951,180,True,20230828_205214,1452,True,0.0,0,1.0
20230805_145141,713,True,20230911_200338,985,False,0.0,0,1.0
20230828_205214,1474,True,20230902_060137,267,True,0.0,0,1.0
20230902_060137,267,True,20230902_060137,284,True,1.0,0,0.0
20230902_054933,208,True,20230902_054933,224,True,1.0,0,0.0
20230807_061410,500,False,20230828_205214,284,True,0.0,0,1.0
20230807_062216,1286,True,20230807_062216,223,True,1.0,0,0.0
20230902_060137,1450,True,20230902_060137,1408,True,1.0,0,0.0
20230902_054933,229,True,20230807_062216,247,True,0.0,0,1.0
20230907_185744,1359,True,20230907_185744,252,True,1.0,0,0.0
20230807_062216,253,True,20230815_055951,185,True,0.0,0,1.0
20230902_060137,235,True,20230907_185744,1399,True,0.0,0,1.0
20231005_200808,176,True,20231006_192754,748,True,0.0,0,1.0
20230831_162051,178,True,20230831_053936,1303,True,0.0,0,1.0
20230907_185744,1404,True,20230907_185744,1367,True,1.0,0,0.0
20230805_145141,713,True,20230907_185744,1412,True,0.0,0,1.0
20230807_060504,191,True,20230831_141252,1067,True,0.0,0,1.0
20230831_053936,255,True,20230831_053936,1305,True,1.0,0,0.0
20230907_185744,1363,True,20230907_185744,1926,True,1.0,0,0.0
20230902_060137,296,True,20230902_060137,1421,True,1.0,0,0.0
20230911_200338,195,False,20230831_141252,301,True,0.0,0,1.0
20230831_141252,288,True,20230831_053936,1450,True,0.0,0,1.0
20231006_192754,750,True,20231006_192754,748,True,1.0,0,0.0
20230902_060137,1428,True,20230902_060137,235,True,1.0,0,0.0
20230805_145544,156,True,20230805_145544,160,True,1.0,0,0.0
20230828_205214,310,True,20230828_205214,1454,True,1.0,0,0.0
20230902_060137,1176,True,20230902_060137,299,True,1.0,0,0.0
20230911_200338,205,False,20230807_060504,1412,True,0.0,0,1.0
20230911_200338,987,False,20230805_145141,716,True,0.0,0,1.0
20230815_055951,184,True,20230807_061410,485,False,0.0,0,1.0
20230805_191555,204,True,20230815_055951,211,True,0.0,0,1.0
20230907_185744,1759,True,20230907_185744,1682,True,1.0,0,0.0
20230902_054933,207,True,20230815_055951,218,True,0.0,0,1.0
20230907_185744,1363,True,20230907_185744,270,True,1.0,0,0.0
20230907_185744,1349,True,20230907_185744,1369,True,1.0,0,0.0
20230902_060137,1441,True,20230902_060137,284,True,1.0,0,0.0
20230828_205214,1418,True,20230828_205214,1427,True,1.0,0,0.0
20230831_141252,254,True,20230831_141252,1225,True,1.0,0,0.0
20230907_185744,1359,True,20230907_185744,1896,True,1.0,0,0.0
20230902_060137,1171,True,20230902_060137,1164,True,1.0,0,0.0
20230911_200338,204,False,20230807_060504,244,True,0.0,0,1.0
20230805_145544,160,True,20230805_145544,143,True,1.0,0,0.0
20230907_185744,1836,True,20230807_062216,1081,True,0.0,0,1.0
20230828_205214,1235,True,20230902_060137,279,True,0.0,0,1.0
20230805_145544,193,True,20230805_145544,178,True,1.0,0,0.0
20230907_185744,1367,True,20230907_185744,1571,True,1.0,0,0.0
20230831_141252,1067,True,20231005_200808,176,True,0.0,0,1.0
20230907_185744,1558,True,20230907_185744,1850,True,1.0,0,0.0
20230815_055951,218,True,20230828_205214,1426,True,0.0,0,1.0
20230907_185744,1836,True,20230907_185744,1730,True,1.0,0,0.0
20230831_141252,269,True,20230828_205214,1455,True,0.0,0,1.0
20230902_054933,229,True,20230911_200338,987,False,0.0,0,1.0
20230831_141252,1315,True,20230831_141252,1225,True,1.0,0,0.0
20230831_141252,1066,True,20230902_060137,250,True,0.0,0,1.0
20230828_205214,311,True,20230828_205214,1231,True,1.0,0,0.0
20230828_205214,1497,True,20230828_205214,1487,True,1.0,0,0.0
20230902_060137,1441,True,20230831_141252,211,True,0.0,0,1.0
20230902_060137,224,True,20230902_060137,1171,True,1.0,0,0.0
20230828_205214,1230,True,20230828_205214,1426,True,1.0,0,0.0
20230831_141252,1227,True,20230831_141252,288,True,1.0,0,0.0
20230907_185744,1404,True,20230907_185744,1934,True,1.0,0,0.0
20230907_185744,1826,True,20230907_185744,1412,True,1.0,0,0.0
20230907_185744,1366,True,20230907_185744,1524,True,1.0,0,0.0
20230902_054933,207,True,20230902_054933,1103,True,1.0,0,0.0
20230828_205214,1446,True,20230828_205214,1418,True,1.0,0,0.0
20230907_185744,1404,True,20230907_185744,1363,True,1.0,0,0.0
20230911_200338,205,False,20230805_191555,219,True,0.0,0,1.0
20230907_185744,1366,True,20230907_185744,1892,True,1.0,0,0.0
20230902_060137,1428,True,20230902_060137,1408,True,1.0,0,0.0
20230831_141252,1067,True,20230831_141252,1315,True,1.0,0,0.0
20230828_205214,1427,True,20230828_205214,323,True,1.0,0,0.0
20230902_060137,1165,True,20230902_060137,1432,True,1.0,0,0.0
20230828_205214,311,True,20230828_205214,323,True,1.0,0,0.0
20230907_185744,1571,True,20230907_185744,1723,True,1.0,0,0.0
20230902_060137,1398,True,20230902_060137,226,True,1.0,0,0.0
20230828_205214,1455,True,20230828_205214,1230,True,1.0,0,0.0
20230805_145141,998,True,20230902_054933,207,True,0.0,0,1.0
20230911_200338,214,False,20230911_200338,210,False,1.0,0,0.0
20230807_062216,202,True,20230807_062216,215,True,1.0,0,0.0
20230907_185744,1558,True,20230907_185744,860,True,1.0,0,0.0
20230902_060137,224,True,20230902_060137,1165,True,1.0,0,0.0
20230907_185744,1759,True,20230907_185744,1940,True,1.0,0,0.0
20230805_191555,237,True,20230911_200338,204,False,0.0,0,1.0
20230907_185744,1836,True,20230907_185744,323,True,1.0,0,0.0
20230831_141252,301,True,20230807_062216,1081,True,0.0,0,1.0
20230831_141252,1070,True,20230831_141252,1315,True,1.0,0,0.0
20230831_053936,268,True,20230831_053936,231,True,1.0,0,0.0
20230902_060137,279,True,20230902_054933,1103,True,0.0,0,1.0
20230828_205214,1452,True,20230828_205214,296,True,1.0,0,0.0
20230911_200338,229,False,20230807_062216,255,True,0.0,0,1.0
20230831_141252,267,True,20230831_141252,1220,True,1.0,0,0.0
20230902_060137,281,True,20230902_060137,1413,True,1.0,0,0.0
20230805_145141,998,True,20231006_192754,763,True,0.0,0,1.0
20230831_053936,1305,True,20230831_053936,255,True,1.0,0,0.0
20230902_060137,1413,True,20230902_060137,234,True,1.0,0,0.0
20230907_185744,1359,True,20230907_185744,1451,True,1.0,0,0.0
20230807_061410,487,False,20231005_200808,208,True,0.0,0,1.0
20230907_185744,1359,True,20230907_185744,1914,True,1.0,0,0.0
20230907_185744,1375,True,20230907_185744,1914,True,1.0,0,0.0
20230907_185744,1566,True,20230907_185744,1678,True,1.0,0,0.0
20230805_191555,1106,True,20230805_191555,201,True,1.0,0,0.0
20230907_185744,1940,True,20230828_205214,1235,True,0.0,0,1.0
20230828_205214,310,True,20230828_205214,1235,True,1.0,0,0.0
20230828_205214,1427,True,20230807_061410,481,False,0.0,0,1.0
20230907_185744,1836,True,20230907_185744,1759,True,1.0,0,0.0
20230907_185744,1349,True,20230907_185744,1664,True,1.0,0,0.0
20230805_145544,168,True,20230831_053936,231,True,0.0,0,1.0
20230805_145544,160,True,20230805_145544,1066,True,1.0,0,0.0
20230805_145141,716,True,20230805_191555,1105,True,0.0,0,1.0
20231005_200808,208,True,20230831_141252,1317,True,0.0,0,1.0
20230831_141252,1317,True,20230831_141252,210,True,1.0,0,0.0
20230907_185744,1359,True,20230907_185744,1680,True,1.0,0,0.0
20230907_185744,1566,True,20230907_185744,1914,True,1.0,0,0.0
20230828_205214,1487,True,20230828_205214,1230,True,1.0,0,0.0
20230828_205214,1496,True,20230828_205214,1436,True,1.0,0,0.0
20230907_185744,1377,True,20230907_185744,1935,True,1.0,0,0.0
20230907_185744,1759,True,20230805_191555,225,True,0.0,0,1.0
20230828_205214,1474,True,20230828_205214,1231,True,1.0,0,0.0
20230828_205214,1455,True,20230828_205214,1436,True,1.0,0,0.0
20230828_205214,290,True,20230828_205214,1455,True,1.0,0,0.0
20230805_145141,703,True,20230911_200338,210,False,0.0,0,1.0
20230911_200338,213,False,20230911_200338,205,False,1.0,0,0.0
20230828_205214,310,True,20230828_205214,1474,True,1.0,0,0.0
20230911_200338,214,False,20230831_160214,937,False,0.0,0,1.0
20230907_185744,1375,True,20230907_185744,1493,True,1.0,0,0.0
20230807_060504,235,True,20230807_060504,1412,True,1.0,0,0.0
20230828_205214,1455,True,20230828_205214,1440,True,1.0,0,0.0
20230907_185744,1558,True,20230907_185744,291,True,1.0,0,0.0
20230831_141252,1070,True,20230815_055951,218,True,0.0,0,1.0
20230911_200338,235,False,20230815_055951,180,True,0.0,0,1.0
20230828_205214,310,True,20230828_205214,284,True,1.0,0,0.0
20230807_060504,1412,True,20230831_053936,231,True,0.0,0,1.0
20231006_192754,748,True,20230805_145141,735,True,0.0,0,1.0
20230902_060137,296,True,20230902_060137,299,True,1.0,0,0.0
20230828_205214,1418,True,20230828_205214,1426,True,1.0,0,0.0
20230907_185744,1836,True,20230907_185744,1932,True,1.0,0,0.0
20230902_060137,267,True,20230902_060137,281,True,1.0,0,0.0
20230902_060137,226,True,20230902_060137,1436,True,1.0,0,0.0
20230907_185744,1349,True,20230907_185744,1535,True,1.0,0,0.0
20230907_185744,1375,True,20230907_185744,293,True,1.0,0,0.0
20230828_205214,1465,True,20230828_205214,1459,True,1.0,0,0.0
20230805_145141,735,True,20230805_145141,710,True,1.0,0,0.0
20231006_192754,763,True,20230831_160214,943,False,0.0,0,1.0
20230907_185744,1404,True,20230907_185744,244,True,1.0,0,0.0
20230907_185744,1759,True,20230907_185744,279,True,1.0,0,0.0
20230831_141252,1066,True,20230815_055951,184,True,0.0,0,1.0
20230907_185744,1571,True,20230907_185744,845,True,1.0,0,0.0
20230831_141252,1227,True,20230907_185744,1399,True,0.0,0,1.0
20230902_060137,1432,True,20230902_060137,1398,True,1.0,0,0.0
20230831_141252,1070,True,20230807_062216,255,True,0.0,0,1.0
20230902_060137,1176,True,20230902_060137,1441,True,1.0,0,0.0
20231005_200808,208,True,20230902_060137,269,True,0.0,0,1.0
20230807_060504,250,True,20230805_191555,1106,True,0.0,0,1.0
20230907_185744,1558,True,20230907_185744,1404,True,1.0,0,0.0
20230805_145141,706,True,20230805_145544,168,True,0.0,0,1.0
20230907_185744,1367,True,20230907_185744,284,True,1.0,0,0.0
20230807_062216,223,True,20230831_141252,1317,True,0.0,0,1.0
20230902_054933,229,True,20230805_145141,716,True,0.0,0,1.0
20230807_062216,223,True,20230815_055951,197,True,0.0,0,1.0
20230805_145544,185,True,20230805_145544,143,True,1.0,0,0.0
20230831_141252,216,True,20230831_141252,267,True,1.0,0,0.0
20230907_185744,1566,True,20230907_185744,1661,True,1.0,0,0.0
20230907_185744,1826,True,20230907_185744,1926,True,1.0,0,0.0
20230911_200338,229,False,20230911_200338,210,False,1.0,0,0.0
20230907_185744,1407,True,20230907_185744,1940,True,1.0,0,0.0
20230907_185744,1412,True,20230907_185744,1451,True,1.0,0,0.0
20230831_141252,295,True,20230831_141252,169,True,1.0,0,0.0
20230902_060137,296,True,20230902_060137,1450,True,1.0,0,0.0
20230805_191555,204,True,20230805_191555,215,True,1.0,0,0.0
20230907_185744,1836,True,20230907_185744,1725,True,1.0,0,0.0
20230907_185744,1558,True,20230831_053936,271,True,0.0,0,1.0
20230807_061410,473,False,20230831_053936,1450,True,0.0,0,1.0
20230828_205214,1487,True,20230828_205214,310,True,1.0,0,0.0
20230902_060137,1436,True,20230902_060137,234,True,1.0,0,0.0
20230907_185744,1359,True,20230907_185744,1375,True,1.0,0,0.0
20230911_200338,985,False,20230805_145141,713,True,0.0,0,1.0
20230902_060137,281,True,20230907_185744,1412,True,0.0,0,1.0
20230831_141252,211,True,20230805_145141,706,True,0.0,0,1.0
20230907_185744,1404,True,20230907_185744,323,True,1.0,0,0.0
20230828_205214,1231,True,20230831_141252,1315,True,0.0,0,1.0
20230828_205214,1436,True,20230902_054933,224,True,0.0,0,1.0
20230807_060504,256,True,20230911_200338,987,False,0.0,0,1.0
20230902_060137,281,True,20230831_141252,210,True,0.0,0,1.0
20230828_205214,323,True,20230828_205214,1465,True,1.0,0,0.0
20230807_062216,254,True,20230805_191555,1103,True,0.0,0,1.0
20230907_185744,1412,True,20230805_145544,143,True,0.0,0,1.0
20230828_205214,1440,True,20230828_205214,1426,True,1.0,0,0.0
20231005_200808,208,True,20230805_145141,710,True,0.0,0,1.0
20230902_060137,1441,True,20230902_060137,1436,True,1.0,0,0.0
20230805_145544,160,True,20230907_185744,1836,True,0.0,0,1.0
20230907_185744,1359,True,20230907_185744,1929,True,1.0,0,0.0
20230902_060137,279,True,20230831_163856,1085,False,0.0,0,1.0
20230902_060137,284,True,20230902_060137,1413,True,1.0,0,0.0
20230907_185744,1760,True,20230907_185744,260,True,1.0,0,0.0
20230907_185744,1940,True,20230907_185744,1934,True,1.0,0,0.0
20230902_060137,1408,True,20230902_060137,235,True,1.0,0,0.0
20230907_185744,1760,True,20230907_185744,1359,True,1.0,0,0.0
20230805_191555,1103,True,20230815_055951,191,True,0.0,0,1.0
20230805_191555,237,True,20230815_055951,197,True,0.0,0,1.0
20230907_185744,845,True,20230902_060137,1398,True,0.0,0,1.0
20230907_185744,1407,True,20230911_200338,232,False,0.0,0,1.0
20230907_185744,1349,True,20230907_185744,1929,True,1.0,0,0.0
20230907_185744,1399,True,20230907_185744,1892,True,1.0,0,0.0
20230902_060137,281,True,20230807_060504,248,True,0.0,0,1.0
20230831_053936,1301,True,20230831_141252,216,True,0.0,0,1.0
20230831_141252,1220,True,20230831_141252,1070,True,1.0,0,0.0
20230805_191555,199,True,20230805_191555,204,True,1.0,0,0.0
20230902_060137,1397,True,20230902_060137,1419,True,1.0,0,0.0
20230902_060137,299,True,20230902_060137,1441,True,1.0,0,0.0
20230902_060137,279,True,20230902_060137,296,True,1.0,0,0.0
20230828_205214,297,True,20230831_141252,295,True,0.0,0,1.0
20230815_055951,221,True,20230807_062216,1081,True,0.0,0,1.0
20230907_185744,1367,True,20230907_185744,1418,True,1.0,0,0.0
20230902_060137,224,True,20230828_205214,1452,True,0.0,0,1.0
20230807_061410,487,False,20230815_055951,197,True,0.0,0,1.0
20230902_060137,279,True,20230805_145544,152,True,0.0,0,1.0
20230902_060137,1171,True,20230902_060137,234,True,1.0,0,0.0
20230907_185744,1759,True,20230907_185744,1848,True,1.0,0,0.0
20230831_053936,271,True,20230831_053936,274,True,1.0,0,0.0
20230828_205214,1235,True,20230831_160214,934,False,0.0,0,1.0
20230907_185744,1349,True,20230907_185744,1848,True,1.0,0,0.0
20230807_061410,481,False,20230902_054933,210,True,0.0,0,1.0
20230805_191555,1105,True,20230911_200338,987,False,0.0,0,1.0
20230815_055951,179,True,20230911_200338,210,False,0.0,0,1.0
20230907_185744,1571,True,20230907_185744,1913,True,1.0,0,0.0
20230902_054933,1103,True,20230815_055951,185,True,0.0,0,1.0
20230831_141252,259,True,20230831_141252,281,True,1.0,0,0.0
20230831_141252,1067,True,20230831_141252,1227,True,1.0,0,0.0
20230815_055951,184,True,20230815_055951,218,True,1.0,0,0.0
20230911_200338,229,False,20230831_163856,1084,False,0.0,0,1.0
20230805_191555,198,True,20230805_191555,215,True,1.0,0,0.0
20230831_141252,281,True,20230831_141252,216,True,1.0,0,0.0
20230831_141252,288,True,20230831_141252,216,True,1.0,0,0.0
20230902_060137,250,True,20230902_060137,279,True,1.0,0,0.0
20230907_185744,1826,True,20230907_185744,1524,True,1.0,0,0.0
20230805_145544,152,True,20230805_145544,160,True,1.0,0,0.0
20230828_205214,1496,True,20230828_205214,284,True,1.0,0,0.0
20230831_163856,1066,False,20230807_060504,244,True,0.0,0,1.0
20230831_141252,1066,True,20230831_141252,1070,True,1.0,0,0.0
20230907_185744,1566,True,20230907_185744,322,True,1.0,0,0.0
20230828_205214,296,True,20230828_205214,1497,True,1.0,0,0.0
20230907_185744,1558,True,20230907_185744,1412,True,1.0,0,0.0
20230805_145141,998,True,20230805_145141,706,True,1.0,0,0.0
20230911_200338,232,False,20230911_200338,204,False,1.0,0,0.0
20230828_205214,1418,True,20230828_205214,1497,True,1.0,0,0.0
20230907_185744,267,True,20230907_185744,1926,True,1.0,0,0.0
20230907_185744,1412,True,20230907_185744,844,True,1.0,0,0.0
20230828_205214,1454,True,20230828_205214,1231,True,1.0,0,0.0
20230902_060137,1432,True,20230902_060137,1176,True,1.0,0,0.0
20230805_191555,1106,True,20230805_191555,1101,True,1.0,0,0.0
20230807_061410,481,False,20230828_205214,1427,True,0.0,0,1.0
20230831_141252,275,True,20230831_141252,267,True,1.0,0,0.0
20230815_055951,169,True,20230828_205214,284,True,0.0,0,1.0
20230911_200338,210,False,20230911_200338,205,False,1.0,0,0.0
20230902_060137,1403,True,20230902_060137,235,True,1.0,0,0.0
20230831_141252,210,True,20230902_060137,281,True,0.0,0,1.0
20230831_141252,1220,True,20230831_141252,288,True,1.0,0,0.0
20230902_060137,1421,True,20230902_060137,1428,True,1.0,0,0.0
20230902_060137,226,True,20230902_060137,1450,True,1.0,0,0.0
20230807_060504,192,True,20230828_205214,1235,True,0.0,0,1.0
20230902_060137,1413,True,20230828_205214,1496,True,0.0,0,1.0
20230807_060504,244,True,20230805_191555,237,True,0.0,0,1.0
20230807_061410,495,False,20230831_053936,1301,True,0.0,0,1.0
20230902_060137,1450,True,20230807_061410,481,False,0.0,0,1.0
20230907_185744,267,True,20230907_185744,283,True,1.0,0,0.0
20230831_162051,178,True,20230831_162051,192,True,1.0,0,0.0
20230907_185744,1759,True,20230907_185744,844,True,1.0,0,0.0
20230907_185744,1412,True,20230907_185744,1759,True,1.0,0,0.0
20230907_185744,1571,True,20230907_185744,1566,True,1.0,0,0.0
20231005_200808,176,True,20230807_062216,254,True,0.0,0,1.0
20230805_145141,735,True,20230807_062216,254,True,0.0,0,1.0
20230902_054933,1103,True,20230831_162051,181,True,0.0,0,1.0
20230907_185744,1367,True,20230907_185744,1674,True,1.0,0,0.0
20230907_185744,1826,True,20230907_185744,1899,True,1.0,0,0.0
20230831_162051,181,True,20230831_141252,216,True,0.0,0,1.0
20230831_053936,268,True,20230831_053936,271,True,1.0,0,0.0
20230828_205214,311,True,20230828_205214,1496,True,1.0,0,0.0
20230805_145544,178,True,20230911_200338,214,False,0.0,0,1.0
20230907_185744,1349,True,20230907_185744,1721,True,1.0,0,0.0
20230902_060137,1176,True,20230902_060137,224,True,1.0,0,0.0
20230907_185744,1367,True,20230907_185744,1525,True,1.0,0,0.0
20230805_191555,1101,True,20230831_163856,1085,False,0.0,0,1.0
20230805_145141,716,True,20230807_061410,485,False,0.0,0,1.0
20230805_145544,152,True,20230831_163856,1085,False,0.0,0,1.0
20230805_145141,730,True,20230831_162051,181,True,0.0,0,1.0
20230828_205214,1455,True,20230828_205214,1465,True,1.0,0,0.0
20230807_062216,222,True,20230902_054933,1102,True,0.0,0,1.0
20230907_185744,1359,True,20230907_185744,1497,True,1.0,0,0.0
20230831_053936,271,True,20230828_205214,1231,True,0.0,0,1.0
20230807_062216,202,True,20230807_062216,1081,True,1.0,0,0.0
20230828_205214,1496,True,20230828_205214,1487,True,1.0,0,0.0
20230902_060137,281,True,20230902_060137,1397,True,1.0,0,0.0
20230902_060137,296,True,20230902_060137,1441,True,1.0,0,0.0
20230907_185744,1759,True,20230907_185744,260,True,1.0,0,0.0
20230828_205214,290,True,20230831_053936,1450,True,0.0,0,1.0
20231005_200808,191,True,20231005_200808,176,True,1.0,0,0.0
20230807_062216,222,True,20230815_055951,179,True,0.0,0,1.0
20230831_141252,295,True,20230831_141252,282,True,1.0,0,0.0
20230902_060137,1164,True,20230902_060137,1397,True,1.0,0,0.0
20230828_205214,290,True,20230805_191555,225,True,0.0,0,1.0
20230907_185744,1571,True,20230911_200338,987,False,0.0,0,1.0
20230911_200338,1244,False,20230911_200338,229,False,1.0,0,0.0
20230902_060137,279,True,20230828_205214,1235,True,0.0,0,1.0
20230907_185744,1412,True,20230907_185744,1463,True,1.0,0,0.0
20230907_185744,1760,True,20230907_185744,244,True,1.0,0,0.0
20230828_205214,1455,True,20230828_205214,297,True,1.0,0,0.0
20230828_205214,323,True,20230828_205214,1452,True,1.0,0,0.0
20230807_061410,474,False,20230805_145544,143,True,0.0,0,1.0
20230831_141252,254,True,20230831_141252,267,True,1.0,0,0.0
20230907_185744,1349,True,20230907_185744,845,True,1.0,0,0.0
20230831_141252,1067,True,20230807_060504,191,True,0.0,0,1.0
20230902_060137,1419,True,20230902_060137,279,True,1.0,0,0.0
20230831_053936,1305,True,20230831_053936,268,True,1.0,0,0.0
20230805_145141,730,True,20230805_145141,716,True,1.0,0,0.0
20230828_205214,1440,True,20230828_205214,1455,True,1.0,0,0.0
20230907_185744,1404,True,20230805_191555,237,True,0.0,0,1.0
20230807_060504,248,True,20230902_060137,281,True,0.0,0,1.0
20230831_141252,1067,True,20230831_141252,1225,True,1.0,0,0.0
20230907_185744,1349,True,20230907_185744,323,True,1.0,0,0.0
20230902_060137,1413,True,20230902_060137,1176,True,1.0,0,0.0
20230831_141252,1067,True,20230902_054933,210,True,0.0,0,1.0
20231005_200808,183,True,20230807_060504,256,True,0.0,0,1.0
20230828_205214,1427,True,20230828_205214,1496,True,1.0,0,0.0
20230911_200338,229,False,20230911_200338,214,False,1.0,0,0.0
20230831_163856,1282,False,20230907_185744,1558,True,0.0,0,1.0
20230907_185744,1759,True,20230907_185744,1349,True,1.0,0,0.0
20230902_054933,1103,True,20230902_054933,207,True,1.0,0,0.0
20230902_060137,1408,True,20230902_060137,1413,True,1.0,0,0.0
20230907_185744,1366,True,20230907_185744,293,True,1.0,0,0.0
20230805_191555,237,True,20231005_200808,208,True,0.0,0,1.0
20230907_185744,1759,True,20230907_185744,1501,True,1.0,0,0.0
20230907_185744,1940,True,20230907_185744,1418,True,1.0,0,0.0
20230907_185744,1826,True,20230907_185744,1674,True,1.0,0,0.0
20230902_054933,1102,True,20230815_055951,179,True,0.0,0,1.0
20230902_060137,1165,True,20230902_060137,1428,True,1.0,0,0.0
20230911_200338,204,False,20230902_060137,269,True,0.0,0,1.0
20230805_145544,142,True,20230805_145544,149,True,1.0,0,0.0
20230831_160214,949,False,20230828_205214,1418,True,0.0,0,1.0
20230807_061410,495,False,20230907_185744,1940,True,0.0,0,1.0
20230807_061410,481,False,20230911_200338,214,False,0.0,0,1.0
20230831_141252,259,True,20230831_141252,254,True,1.0,0,0.0
20230831_053936,271,True,20230831_053936,1305,True,1.0,0,0.0
20230831_141252,281,True,20230831_141252,301,True,1.0,0,0.0
20230902_060137,1165,True,20230902_060137,234,True,1.0,0,0.0
20230831_053936,255,True,20230831_053936,231,True,1.0,0,0.0
20230907_185744,1367,True,20230907_185744,255,True,1.0,0,0.0
20230831_141252,275,True,20230831_141252,295,True,1.0,0,0.0
20230907_185744,1359,True,20230907_185744,860,True,1.0,0,0.0
20231005_200808,183,True,20230831_163856,1287,False,0.0,0,1.0
20230831_160214,937,False,20230807_060504,191,True,0.0,0,1.0
20230807_060504,191,True,20230807_060504,244,True,1.0,0,0.0
20230902_060137,226,True,20230805_191555,204,True,0.0,0,1.0
20230902_060137,1403,True,20230902_060137,1164,True,1.0,0,0.0
20230805_191555,204,True,20230805_191555,219,True,1.0,0,0.0
20230907_185744,1940,True,20230805_191555,1101,True,0.0,0,1.0
20230828_205214,296,True,20230828_205214,1436,True,1.0,0,0.0
20230831_163856,1066,False,20230805_191555,237,True,0.0,0,1.0
20230907_185744,1412,True,20230907_185744,1359,True,1.0,0,0.0
20230805_191555,198,True,20230907_185744,1407,True,0.0,0,1.0
20230815_055951,180,True,20230815_055951,182,True,1.0,0,0.0
20230907_185744,1759,True,20230907_185744,1896,True,1.0,0,0.0
20230907_185744,1407,True,20230815_055951,1202,True,0.0,0,1.0
20230907_185744,1375,True,20230907_185744,845,True,1.0,0,0.0
20230831_163856,1090,False,20230831_141252,1067,True,0.0,0,1.0
20230831_141252,1066,True,20230831_053936,1305,True,0.0,0,1.0
20230807_062216,247,True,20230805_145544,185,True,0.0,0,1.0
20230911_200338,213,False,20230807_060504,192,True,0.0,0,1.0
20230907_185744,1759,True,20230907_185744,1914,True,1.0,0,0.0
20230831_141252,211,True,20230815_055951,169,True,0.0,0,1.0
20230902_060137,235,True,20230902_060137,1165,True,1.0,0,0.0
20230805_191555,1106,True,20230807_061410,493,False,0.0,0,1.0
20230805_145544,152,True,20230805_145544,178,True,1.0,0,0.0
20230902_060137,284,True,20230805_145544,193,True,0.0,0,1.0
20230902_060137,1164,True,20230902_060137,1441,True,1.0,0,0.0
20230902_060137,1403,True,20230902_060137,234,True,1.0,0,0.0
20230907_185744,1826,True,20230907_185744,1730,True,1.0,0,0.0
20230831_141252,1218,True,20230828_205214,296,True,0.0,0,1.0
20230902_060137,1398,True,20230902_060137,234,True,1.0,0,0.0
20230902_060137,1450,True,20230807_060504,191,True,0.0,0,1.0
20230815_055951,1202,True,20230815_055951,169,True,1.0,0,0.0
20230805_145544,156,True,20230805_145544,185,True,1.0,0,0.0
20230902_054933,1102,True,20230828_205214,1231,True,0.0,0,1.0
20230907_185744,1836,True,20230907_185744,1682,True,1.0,0,0.0
20230805_145544,149,True,20230805_145544,160,True,1.0,0,0.0
20230828_205214,1455,True,20230828_205214,284,True,1.0,0,0.0
20230828_205214,1487,True,20230828_205214,1454,True,1.0,0,0.0
20230902_060137,1450,True,20230902_060137,267,True,1.0,0,0.0
20230815_055951,169,True,20230815_055951,182,True,1.0,0,0.0
20230907_185744,1826,True,20230907_185744,291,True,1.0,0,0.0
20230907_185744,1363,True,20230911_200338,214,False,0.0,0,1.0
20230902_060137,1441,True,20230902_060137,1164,True,1.0,0,0.0
20230815_055951,179,True,20230805_191555,1106,True,0.0,0,1.0
20230831_053936,1303,True,20230805_191555,1117,True,0.0,0,1.0
20230805_145544,1066,True,20230831_141252,288,True,0.0,0,1.0
20230907_185744,267,True,20230907_185744,1760,True,1.0,0,0.0
20230805_145544,1066,True,20230805_145544,143,True,1.0,0,0.0
20230907_185744,1404,True,20230907_185744,261,True,1.0,0,0.0
20230907_185744,1826,True,20230907_185744,1701,True,1.0,0,0.0
20230807_062216,1081,True,20230807_062216,214,True,1.0,0,0.0
20230902_060137,1450,True,20230902_054933,210,True,0.0,0,1.0
20230807_060504,244,True,20230805_145141,710,True,0.0,0,1.0
20230807_061410,1603,False,20230807_061410,487,False,1.0,0,0.0
20230815_055951,185,True,20230831_160214,934,False,0.0,0,1.0
20230805_145544,185,True,20230815_055951,184,True,0.0,0,1.0
20230805_145544,149,True,20230831_141252,275,True,0.0,0,1.0
20230828_205214,297,True,20230828_205214,1436,True,1.0,0,0.0
20230902_054933,207,True,20230805_145141,998,True,0.0,0,1.0
20230831_141252,295,True,20230907_185744,1760,True,0.0,0,1.0
20230907_185744,1375,True,20230907_185744,1760,True,1.0,0,0.0
20230805_145141,998,True,20230907_185744,1377,True,0.0,0,1.0
20230828_205214,1455,True,20230828_205214,1427,True,1.0,0,0.0
20230807_062216,1283,True,20230831_141252,288,True,0.0,0,1.0
20230828_205214,1440,True,20230828_205214,1427,True,1.0,0,0.0
20230805_191555,1105,True,20230805_191555,1101,True,1.0,0,0.0
20230807_062216,255,True,20230831_053936,1303,True,0.0,0,1.0
20230907_185744,1399,True,20230907_185744,1571,True,1.0,0,0.0
20230815_055951,211,True,20230815_055951,1202,True,1.0,0,0.0
20230831_141252,210,True,20230815_055951,182,True,0.0,0,1.0
20230902_060137,267,True,20230902_060137,1164,True,1.0,0,0.0
20230907_185744,1759,True,20230907_185744,255,True,1.0,0,0.0
20230902_054933,1103,True,20230902_054933,1102,True,1.0,0,0.0
20230805_191555,215,True,20230815_055951,221,True,0.0,0,1.0
20230907_185744,1940,True,20230907_185744,1593,True,1.0,0,0.0
20230828_205214,1446,True,20230902_060137,1419,True,0.0,0,1.0
20230902_060137,267,True,20230902_060137,1403,True,1.0,0,0.0
20230805_191555,1117,True,20230831_163856,1084,False,0.0,0,1.0
20230907_185744,1399,True,20230907_185744,1940,True,1.0,0,0.0
20230831_053936,231,True,20230807_062216,1292,True,0.0,0,1.0
20230902_060137,1428,True,20230902_060137,1164,True,1.0,0,0.0
20230907_185744,1399,True,20230907_185744,1935,True,1.0,0,0.0
20230907_185744,1399,True,20230907_185744,1664,True,1.0,0,0.0
20230907_185744,1404,True,20230907_185744,1913,True,1.0,0,0.0
20230907_185744,1404,True,20230831_163856,1066,False,0.0,0,1.0
20230902_060137,224,True,20230902_060137,1398,True,1.0,0,0.0
20230907_185744,1404,True,20230907_185744,1850,True,1.0,0,0.0
20230902_060137,1436,True,20230902_060137,1171,True,1.0,0,0.0
20230907_185744,1359,True,20230907_185744,323,True,1.0,0,0.0
20230902_060137,1183,True,20230902_060137,284,True,1.0,0,0.0
20230907_185744,1375,True,20230907_185744,282,True,1.0,0,0.0
20230805_191555,1106,True,20230831_141252,1315,True,0.0,0,1.0
20230807_060504,1412,True,20230828_205214,284,True,0.0,0,1.0
20230907_185744,1558,True,20230902_054933,1102,True,0.0,0,1.0
20230807_062216,255,True,20230807_060504,235,True,0.0,0,1.0
20230911_200338,210,False,20230805_145141,703,True,0.0,0,1.0
20230805_191555,1103,True,20230805_191555,204,True,1.0,0,0.0
20230828_205214,1443,True,20230907_185744,1826,True,0.0,0,1.0
20230902_060137,1403,True,20230902_060137,299,True,1.0,0,0.0
20230828_205214,1487,True,20230828_205214,1465,True,1.0,0,0.0
20231006_192754,748,True,20230831_141252,1067,True,0.0,0,1.0
20230828_205214,297,True,20230828_205214,271,True,1.0,0,0.0
20230831_053936,255,True,20230831_053936,268,True,1.0,0,0.0
20230907_185744,1940,True,20230907_185744,244,True,1.0,0,0.0
20230902_060137,269,True,20230902_060137,1419,True,1.0,0,0.0
20231005_200808,1091,True,20231005_200808,196,True,1.0,0,0.0
20230907_185744,1826,True,20230907_185744,1521,True,1.0,0,0.0
20230807_062216,1283,True,20230902_060137,1397,True,0.0,0,1.0
20230828_205214,1446,True,20230828_205214,1427,True,1.0,0,0.0
20230807_062216,1081,True,20230807_062216,1283,True,1.0,0,0.0
20230807_060504,191,True,20230807_062216,254,True,0.0,0,1.0
20230831_160214,943,False,20230807_060504,235,True,0.0,0,1.0
20230907_185744,1377,True,20230907_185744,1463,True,1.0,0,0.0
20230907_185744,1366,True,20230907_185744,1932,True,1.0,0,0.0
20230828_205214,284,True,20230831_141252,211,True,0.0,0,1.0
20230831_053936,1303,True,20230807_060504,235,True,0.0,0,1.0
20230831_141252,267,True,20230907_185744,1349,True,0.0,0,1.0
20230907_185744,1558,True,20230907_185744,1896,True,1.0,0,0.0
20230907_185744,1571,True,20230907_185744,1399,True,1.0,0,0.0
20230911_200338,195,False,20230907_185744,1836,True,0.0,0,1.0
20230902_060137,1165,True,20230902_060137,1419,True,1.0,0,0.0
20230907_185744,1836,True,20230907_185744,844,True,1.0,0,0.0
20230831_163856,1090,False,20230805_145544,178,True,0.0,0,1.0
20230902_060137,281,True,20230902_060137,1421,True,1.0,0,0.0
20230805_191555,199,True,20230831_141252,1218,True,0.0,0,1.0
20230902_060137,299,True,20230902_060137,1183,True,1.0,0,0.0
20230907_185744,1826,True,20230907_185744,255,True,1.0,0,0.0
20230902_060137,1441,True,20230902_060137,226,True,1.0,0,0.0
20230828_205214,1496,True,20230828_205214,1230,True,1.0,0,0.0
20230805_145544,142,True,20230805_145544,152,True,1.0,0,0.0
20230831_053936,268,True,20230831_053936,1304,True,1.0,0,0.0
20230828_205214,1440,True,20230828_205214,1235,True,1.0,0,0.0
20230831_163856,1282,False,20230807_061410,493,False,0.0,0,1.0
