path,identity,species,background,source,augmented,split,quality
data/processed/mauritius/video/not_augmented/cull2_pairblur_green_bg/head/224/20230805_132834/m--20230805_132834--f000538.jpg,20230805_132834,mauritius,original,video,False,val,12.645627359408529
data/processed/mauritius/video/not_augmented/cull2_pairblur_green_bg/head/224/20230805_132834/m--20230805_132834--f000540.jpg,20230805_132834,mauritius,original,video,False,val,39.63414765635613
data/processed/mauritius/video/not_augmented/cull2_pairblur_green_bg/head/224/20230805_132834/m--20230805_132834--f000542.jpg,20230805_132834,mauritius,original,video,False,val,52.07999839131308
data/processed/mauritius/video/not_augmented/cull2_pairblur_green_bg/head/224/20230805_132834/m--20230805_132834--f000544.jpg,20230805_132834,mauritius,original,video,False,val,63.48419562144757
data/processed/mauritius/video/not_augmented/cull2_pairblur_green_bg/head/224/20230805_132834/m--20230805_132834--f000546.jpg,20230805_132834,mauritius,original,video,False,val,64.58458227040816
data/processed/mauritius/video/not_augmented/cull2_pairblur_green_bg/head/224/20230805_132834/m--20230805_132834--f000548.jpg,20230805_132834,mauritius,original,video,False,val,67.92827204831785
data/processed/mauritius/video/not_augmented/cull2_pairblur_green_bg/head/224/20230805_132834/m--20230805_132834--f000550.jpg,20230805_132834,mauritius,original,video,False,val,63.40322064896614
data/processed/mauritius/video/not_augmented/cull2_pairblur_green_bg/head/224/20230805_132834/m--20230805_132834--f000552.jpg,20230805_132834,mauritius,original,video,False,val,64.72223769104119
data/processed/mauritius/video/not_augmented/cull2_pairblur_green_bg/head/224/20230805_132834/m--20230805_132834--f000554.jpg,20230805_132834,mauritius,original,video,False,val,60.096799247118895
data/processed/mauritius/video/not_augmented/cull2_pairblur_green_bg/head/224/20230805_132834/m--20230805_132834--f000556.jpg,20230805_132834,mauritius,original,video,False,val,60.05727837851325
data/processed/mauritius/video/not_augmented/cull2_pairblur_green_bg/head/224/20230805_132834/m--20230805_132834--f000558.jpg,20230805_132834,mauritius,original,video,False,val,62.38068000280276
data/processed/mauritius/video/not_augmented/cull2_pairblur_green_bg/head/224/20230805_132834/m--20230805_132834--f000560.jpg,20230805_132834,mauritius,original,video,False,val,62.33781088019151
data/processed/mauritius/video/not_augmented/cull2_pairblur_green_bg/head/224/20230805_132834/m--20230805_132834--f000562.jpg,20230805_132834,mauritius,original,video,False,val,58.77100595699058
data/processed/mauritius/video/not_augmented/cull2_pairblur_green_bg/head/224/20230805_132834/m--20230805_132834--f000564.jpg,20230805_132834,mauritius,original,video,False,val,57.9242865079048
data/processed/mauritius/video/not_augmented/cull2_pairblur_green_bg/head/224/20230805_132834/m--20230805_132834--f000566.jpg,20230805_132834,mauritius,original,video,False,val,54.799286507904796
data/processed/mauritius/video/not_augmented/cull2_pairblur_green_bg/head/224/20230805_132834/m--20230805_132834--f000568.jpg,20230805_132834,mauritius,original,video,False,val,52.72963168212942
data/processed/mauritius/video/not_augmented/cull2_pairblur_green_bg/head/224/20230805_132834/m--20230805_132834--f000570.jpg,20230805_132834,mauritius,original,video,False,val,48.453782474830824
data/processed/mauritius/video/not_augmented/cull2_pairblur_green_bg/head/224/20230805_132834/m--20230805_132834--f000572.jpg,20230805_132834,mauritius,original,video,False,val,49.79661586392876
data/processed/mauritius/video/not_augmented/cull2_pairblur_green_bg/head/224/20230805_132834/m--20230805_132834--f000574.jpg,20230805_132834,mauritius,original,video,False,val,48.60060582762707
data/processed/mauritius/video/not_augmented/cull2_pairblur_green_bg/head/224/20230805_132834/m--20230805_132834--f000576.jpg,20230805_132834,mauritius,original,video,False,val,45.411371951200515
data/processed/mauritius/video/not_augmented/cull2_pairblur_green_bg/head/224/20230805_132834/m--20230805_132834--f000578.jpg,20230805_132834,mauritius,original,video,False,val,42.9826011955614
data/processed/mauritius/video/not_augmented/cull2_pairblur_green_bg/head/224/20230805_132834/m--20230805_132834--f000580.jpg,20230805_132834,mauritius,original,video,False,val,43.445153021504616
data/processed/mauritius/video/not_augmented/cull2_pairblur_green_bg/head/224/20230805_132834/m--20230805_132834--f000582.jpg,20230805_132834,mauritius,original,video,False,val,45.450813123455944
data/processed/mauritius/video/not_augmented/cull2_pairblur_green_bg/head/224/20230805_132834/m--20230805_132834--f000584.jpg,20230805_132834,mauritius,original,video,False,val,43.38436702170604
data/processed/mauritius/video/not_augmented/cull2_pairblur_green_bg/head/224/20230805_132834/m--20230805_132834--f000586.jpg,20230805_132834,mauritius,original,video,False,val,41.82136878149055
data/processed/mauritius/video/not_augmented/cull2_pairblur_green_bg/head/224/20230805_132834/m--20230805_132834--f000588.jpg,20230805_132834,mauritius,original,video,False,val,40.69339920927316
data/processed/mauritius/video/not_augmented/cull2_pairblur_green_bg/head/224/20230805_132834/m--20230805_132834--f000590.jpg,20230805_132834,mauritius,original,video,False,val,39.51781726886411
data/processed/mauritius/video/not_augmented/cull2_pairblur_green_bg/head/224/20230805_145141/m--20230805_145141--f000694.jpg,20230805_145141,mauritius,original,video,False,test,52.871771263113025
data/processed/mauritius/video/not_augmented/cull2_pairblur_green_bg/head/224/20230805_145141/m--20230805_145141--f000702.jpg,20230805_145141,mauritius,original,video,False,test,67.29364635844072
data/processed/mauritius/video/not_augmented/cull2_pairblur_green_bg/head/224/20230805_145141/m--20230805_145141--f000704.jpg,20230805_145141,mauritius,original,video,False,test,63.47034436233437
data/processed/mauritius/video/not_augmented/cull2_pairblur_green_bg/head/224/20230805_145141/m--20230805_145141--f000706.jpg,20230805_145141,mauritius,original,video,False,test,66.2815489377741
data/processed/mauritius/video/not_augmented/cull2_pairblur_green_bg/head/224/20230805_145141/m--20230805_145141--f000708.jpg,20230805_145141,mauritius,original,video,False,test,62.15553251915502
data/processed/mauritius/video/not_augmented/cull2_pairblur_green_bg/head/224/20230805_145141/m--20230805_145141--f000710.jpg,20230805_145141,mauritius,original,video,False,test,60.85566802304866
data/processed/mauritius/video/not_augmented/cull2_pairblur_green_bg/head/224/20230805_145141/m--20230805_145141--f000712.jpg,20230805_145141,mauritius,original,video,False,test,63.50318875008947
data/processed/mauritius/video/not_augmented/cull2_pairblur_green_bg/head/224/20230805_145141/m--20230805_145141--f000714.jpg,20230805_145141,mauritius,original,video,False,test,61.834382946518055
data/processed/mauritius/video/not_augmented/cull2_pairblur_green_bg/head/224/20230805_145141/m--20230805_145141--f000716.jpg,20230805_145141,mauritius,original,video,False,test,61.93658316984419
data/processed/mauritius/video/not_augmented/cull2_pairblur_green_bg/head/224/20230805_145141/m--20230805_145141--f000718.jpg,20230805_145141,mauritius,original,video,False,test,59.19337925678588
data/processed/mauritius/video/not_augmented/cull2_pairblur_green_bg/head/224/20230805_145141/m--20230805_145141--f000720.jpg,20230805_145141,mauritius,original,video,False,test,55.25787228914362
data/processed/mauritius/video/not_augmented/cull2_pairblur_green_bg/head/224/20230805_145141/m--20230805_145141--f000722.jpg,20230805_145141,mauritius,original,video,False,test,56.09390943718672
data/processed/mauritius/video/not_augmented/cull2_pairblur_green_bg/head/224/20230805_145141/m--20230805_145141--f000724.jpg,20230805_145141,mauritius,original,video,False,test,56.320033353450455
data/processed/mauritius/video/not_augmented/cull2_pairblur_green_bg/head/224/20230805_145141/m--20230805_145141--f000726.jpg,20230805_145141,mauritius,original,video,False,test,49.51859454679669
data/processed/mauritius/video/not_augmented/cull2_pairblur_green_bg/head/224/20230805_145141/m--20230805_145141--f000728.jpg,20230805_145141,mauritius,original,video,False,test,40.263492496447576
data/processed/mauritius/video/not_augmented/cull2_pairblur_green_bg/head/224/20230805_145141/m--20230805_145141--f000730.jpg,20230805_145141,mauritius,original,video,False,test,41.955018335061986
data/processed/mauritius/video/not_augmented/cull2_pairblur_green_bg/head/224/20230805_145141/m--20230805_145141--f000732.jpg,20230805_145141,mauritius,original,video,False,test,41.89809862547545
data/processed/mauritius/video/not_augmented/cull2_pairblur_green_bg/head/224/20230805_145141/m--20230805_145141--f000734.jpg,20230805_145141,mauritius,original,video,False,test,38.32021285036811
data/processed/mauritius/video/not_augmented/cull2_pairblur_green_bg/head/224/20230805_145141/m--20230805_145141--f000736.jpg,20230805_145141,mauritius,original,video,False,test,37.67737563139992
data/processed/mauritius/video/not_augmented/cull2_pairblur_green_bg/head/224/20230805_145141/m--20230805_145141--f000738.jpg,20230805_145141,mauritius,original,video,False,test,40.13137754466523
data/processed/mauritius/video/not_augmented/cull2_pairblur_green_bg/head/224/20230805_145141/m--20230805_145141--f000740.jpg,20230805_145141,mauritius,original,video,False,test,40.9648236100349
data/processed/mauritius/video/not_augmented/cull2_pairblur_green_bg/head/224/20230805_145141/m--20230805_145141--f000742.jpg,20230805_145141,mauritius,original,video,False,test,40.615433671880595
data/processed/mauritius/video/not_augmented/cull2_pairblur_green_bg/head/224/20230805_145141/m--20230805_145141--f000934.jpg,20230805_145141,mauritius,original,video,False,test,49.66768973055406
data/processed/mauritius/video/not_augmented/cull2_pairblur_green_bg/head/224/20230805_145141/m--20230805_145141--f000936.jpg,20230805_145141,mauritius,original,video,False,test,36.622488839285715
data/processed/mauritius/video/not_augmented/cull2_pairblur_green_bg/head/224/20230805_145141/m--20230805_145141--f000996.jpg,20230805_145141,mauritius,original,video,False,test,13.135941453796287
data/processed/mauritius/video/not_augmented/cull2_pairblur_green_bg/head/224/20230805_145141/m--20230805_145141--f000998.jpg,20230805_145141,mauritius,original,video,False,test,13.488440649055633
data/processed/mauritius/video/not_augmented/cull2_pairblur_green_bg/head/224/20230805_145141/m--20230805_145141--f001000.jpg,20230805_145141,mauritius,original,video,False,test,13.151606342088476
data/processed/mauritius/video/not_augmented/cull2_pairblur_green_bg/head/224/20230805_145141/m--20230805_145141--f001002.jpg,20230805_145141,mauritius,original,video,False,test,13.928431909712888
data/processed/mauritius/video/not_augmented/cull2_pairblur_green_bg/head/224/20230805_145141/m--20230805_145141--f001060.jpg,20230805_145141,mauritius,original,video,False,test,7.921356784259713
data/processed/mauritius/video/not_augmented/cull2_pairblur_green_bg/head/224/20230805_145141/m--20230805_145141--f001062.jpg,20230805_145141,mauritius,original,video,False,test,8.933474145497645
data/processed/mauritius/video/not_augmented/cull2_pairblur_green_bg/head/224/20230805_145141/m--20230805_145141--f001064.jpg,20230805_145141,mauritius,original,video,False,test,11.80371092757003
data/processed/mauritius/video/not_augmented/cull2_pairblur_green_bg/head/224/20230805_150231/m--20230805_150231--f000134.jpg,20230805_150231,mauritius,original,video,False,train,167.07334182243554
data/processed/mauritius/video/not_augmented/cull2_pairblur_green_bg/head/224/20230805_150231/m--20230805_150231--f000136.jpg,20230805_150231,mauritius,original,video,False,train,45.28154893777412
data/processed/mauritius/video/not_augmented/cull2_pairblur_green_bg/head/224/20230805_150231/m--20230805_150231--f000138.jpg,20230805_150231,mauritius,original,video,False,train,538.9685307712864
data/processed/mauritius/video/not_augmented/cull2_pairblur_green_bg/head/224/20230805_150231/m--20230805_150231--f000140.jpg,20230805_150231,mauritius,original,video,False,train,885.3627829843638
data/processed/mauritius/video/not_augmented/cull2_pairblur_green_bg/head/224/20230805_150231/m--20230805_150231--f000142.jpg,20230805_150231,mauritius,original,video,False,train,428.17364874644755
data/processed/mauritius/video/not_augmented/cull2_pairblur_green_bg/head/224/20230805_150231/m--20230805_150231--f000144.jpg,20230805_150231,mauritius,original,video,False,train,339.5938496488375
data/processed/mauritius/video/not_augmented/cull2_pairblur_green_bg/head/224/20230805_150231/m--20230805_150231--f000146.jpg,20230805_150231,mauritius,original,video,False,train,375.67151618490414
data/processed/mauritius/video/not_augmented/cull2_pairblur_green_bg/head/224/20230805_150231/m--20230805_150231--f000148.jpg,20230805_150231,mauritius,original,video,False,train,307.7639907271303
data/processed/mauritius/video/not_augmented/cull2_pairblur_green_bg/head/224/20230805_150231/m--20230805_150231--f000470.jpg,20230805_150231,mauritius,original,video,False,train,115.59323176678295
data/processed/mauritius/video/not_augmented/cull2_pairblur_green_bg/head/224/20230805_150231/m--20230805_150231--f000472.jpg,20230805_150231,mauritius,original,video,False,train,107.65351954384278
data/processed/mauritius/video/not_augmented/cull2_pairblur_green_bg/head/224/20230805_150231/m--20230805_150231--f000474.jpg,20230805_150231,mauritius,original,video,False,train,97.9970104212763
data/processed/mauritius/video/not_augmented/cull2_pairblur_green_bg/head/224/20230805_150231/m--20230805_150231--f000476.jpg,20230805_150231,mauritius,original,video,False,train,73.21713566293522
data/processed/mauritius/video/not_augmented/cull2_pairblur_green_bg/head/224/20230805_150231/m--20230805_150231--f000478.jpg,20230805_150231,mauritius,original,video,False,train,43.31943535794818
data/processed/mauritius/video/not_augmented/cull2_pairblur_green_bg/head/224/20230805_150231/m--20230805_150231--f000480.jpg,20230805_150231,mauritius,original,video,False,train,45.724928250962215
data/processed/mauritius/video/not_augmented/cull2_pairblur_green_bg/head/224/20230805_150231/m--20230805_150231--f000482.jpg,20230805_150231,mauritius,original,video,False,train,51.885961376096446
data/processed/mauritius/video/not_augmented/cull2_pairblur_green_bg/head/224/20230805_150231/m--20230805_150231--f000484.jpg,20230805_150231,mauritius,original,video,False,train,53.34014269412928
data/processed/mauritius/video/not_augmented/cull2_pairblur_green_bg/head/224/20230805_150231/m--20230805_150231--f000486.jpg,20230805_150231,mauritius,original,video,False,train,35.41794880069032
data/processed/mauritius/video/not_augmented/cull2_pairblur_green_bg/head/224/20230805_150231/m--20230805_150231--f000488.jpg,20230805_150231,mauritius,original,video,False,train,54.487683162347615
data/processed/mauritius/video/not_augmented/cull2_pairblur_green_bg/head/224/20230805_150231/m--20230805_150231--f000490.jpg,20230805_150231,mauritius,original,video,False,train,62.92034035372466
data/processed/mauritius/video/not_augmented/cull2_pairblur_green_bg/head/224/20230805_150231/m--20230805_150231--f000548.jpg,20230805_150231,mauritius,original,video,False,train,45.3804408478171
data/processed/mauritius/video/not_augmented/cull2_pairblur_green_bg/head/224/20230805_150231/m--20230805_150231--f000800.jpg,20230805_150231,mauritius,original,video,False,train,630.2938055747849
data/processed/mauritius/video/not_augmented/cull2_pairblur_green_bg/head/224/20230805_150231/m--20230805_150231--f000804.jpg,20230805_150231,mauritius,original,video,False,train,205.31877769166758
data/processed/mauritius/video/not_augmented/cull2_pairblur_green_bg/head/224/20230805_150231/m--20230805_150231--f000806.jpg,20230805_150231,mauritius,original,video,False,train,104.74258609534998
data/processed/mauritius/video/not_augmented/cull2_pairblur_green_bg/head/224/20230805_150231/m--20230805_150231--f000828.jpg,20230805_150231,mauritius,original,video,False,train,35.740971664546294
data/processed/mauritius/video/not_augmented/cull2_pairblur_green_bg/head/224/20230805_150231/m--20230805_150231--f000830.jpg,20230805_150231,mauritius,original,video,False,train,43.61654973059881
data/processed/mauritius/video/not_augmented/cull2_pairblur_green_bg/head/224/20230805_150231/m--20230805_150231--f000832.jpg,20230805_150231,mauritius,original,video,False,train,51.61469626873546
data/processed/mauritius/video/not_augmented/cull2_pairblur_green_bg/head/224/20230805_150231/m--20230805_150231--f000840.jpg,20230805_150231,mauritius,original,video,False,train,170.43014588608239
data/processed/mauritius/video/not_augmented/cull2_pairblur_green_bg/head/224/20230805_150231/m--20230805_150231--f000844.jpg,20230805_150231,mauritius,original,video,False,train,89.18478954081633
data/processed/mauritius/video/not_augmented/cull2_pairblur_green_bg/head/224/20230805_150231/m--20230805_150231--f000846.jpg,20230805_150231,mauritius,original,video,False,train,147.29133447713028
data/processed/mauritius/video/not_augmented/cull2_pairblur_green_bg/head/224/20230805_150231/m--20230805_150231--f000848.jpg,20230805_150231,mauritius,original,video,False,train,129.6204759148149
data/processed/mauritius/video/not_augmented/cull2_pairblur_green_bg/head/224/20230805_150231/m--20230805_150231--f000850.jpg,20230805_150231,mauritius,original,video,False,train,55.28553490716185
data/processed/mauritius/video/not_augmented/cull2_pairblur_green_bg/head/224/20230805_150231/m--20230805_150231--f000852.jpg,20230805_150231,mauritius,original,video,False,train,41.57886240393953
data/processed/mauritius/video/not_augmented/cull2_pairblur_green_bg/head/224/20230805_150231/m--20230805_150231--f000854.jpg,20230805_150231,mauritius,original,video,False,train,58.14933434271504
data/processed/mauritius/video/not_augmented/cull2_pairblur_green_bg/head/224/20230805_150231/m--20230805_150231--f000856.jpg,20230805_150231,mauritius,original,video,False,train,126.62286747420444
data/processed/mauritius/video/not_augmented/cull2_pairblur_green_bg/head/224/20230805_150231/m--20230805_150231--f000858.jpg,20230805_150231,mauritius,original,video,False,train,227.22381210327148
data/processed/mauritius/video/not_augmented/cull2_pairblur_green_bg/head/224/20230805_150231/m--20230805_150231--f000860.jpg,20230805_150231,mauritius,original,video,False,train,150.529057691416
data/processed/mauritius/video/not_augmented/cull2_pairblur_green_bg/head/224/20230805_150231/m--20230805_150231--f000862.jpg,20230805_150231,mauritius,original,video,False,train,139.04601801300683
data/processed/mauritius/video/not_augmented/cull2_pairblur_green_bg/head/224/20230805_150231/m--20230805_150231--f000864.jpg,20230805_150231,mauritius,original,video,False,train,149.396225283415
data/processed/mauritius/video/not_augmented/cull2_pairblur_green_bg/head/224/20230805_150231/m--20230805_150231--f000866.jpg,20230805_150231,mauritius,original,video,False,train,168.3416972221905
data/processed/mauritius/video/not_augmented/cull2_pairblur_green_bg/head/224/20230805_150231/m--20230805_150231--f000868.jpg,20230805_150231,mauritius,original,video,False,train,204.31780133293054
data/processed/mauritius/video/not_augmented/cull2_pairblur_green_bg/head/224/20230805_150231/m--20230805_150231--f000870.jpg,20230805_150231,mauritius,original,video,False,train,256.65136713943895
data/processed/mauritius/video/not_augmented/cull2_pairblur_green_bg/head/224/20230805_150231/m--20230805_150231--f000872.jpg,20230805_150231,mauritius,original,video,False,train,580.0929727037964
data/processed/mauritius/video/not_augmented/cull2_pairblur_green_bg/head/224/20230805_150231/m--20230805_150231--f000874.jpg,20230805_150231,mauritius,original,video,False,train,781.7174545595518
data/processed/mauritius/video/not_augmented/cull2_pairblur_green_bg/head/224/20230805_150231/m--20230805_150231--f000876.jpg,20230805_150231,mauritius,original,video,False,train,1002.4126873369866
data/processed/mauritius/video/not_augmented/cull2_pairblur_green_bg/head/224/20230805_150231/m--20230805_150231--f000878.jpg,20230805_150231,mauritius,original,video,False,train,905.9895766896536
data/processed/mauritius/video/not_augmented/cull2_pairblur_green_bg/head/224/20230805_150231/m--20230805_150231--f000880.jpg,20230805_150231,mauritius,original,video,False,train,852.112284743354
data/processed/mauritius/video/not_augmented/cull2_pairblur_green_bg/head/224/20230805_150231/m--20230805_150231--f000888.jpg,20230805_150231,mauritius,original,video,False,train,668.5089483578868
data/processed/mauritius/video/not_augmented/cull2_pairblur_green_bg/head/224/20230805_150231/m--20230805_150231--f000892.jpg,20230805_150231,mauritius,original,video,False,train,1981.629643564967
data/processed/mauritius/video/not_augmented/cull2_pairblur_green_bg/head/224/20230805_150231/m--20230805_150231--f000934.jpg,20230805_150231,mauritius,original,video,False,train,183.32495613487404
data/processed/mauritius/video/not_augmented/cull2_pairblur_green_bg/head/224/20230805_150231/m--20230805_150231--f000940.jpg,20230805_150231,mauritius,original,video,False,train,456.60688376555794
data/processed/mauritius/video/not_augmented/cull2_pairblur_green_bg/head/224/20230805_150231/m--20230805_150231--f000948.jpg,20230805_150231,mauritius,original,video,False,train,680.8107660933864
data/processed/mauritius/video/not_augmented/cull2_pairblur_green_bg/head/224/20230805_150231/m--20230805_150231--f000950.jpg,20230805_150231,mauritius,original,video,False,train,590.6638233021168
data/processed/mauritius/video/not_augmented/cull2_pairblur_green_bg/head/224/20230805_150231/m--20230805_150231--f000952.jpg,20230805_150231,mauritius,original,video,False,train,277.9428012995658
data/processed/mauritius/video/not_augmented/cull2_pairblur_green_bg/head/224/20230805_150231/m--20230805_150231--f000954.jpg,20230805_150231,mauritius,original,video,False,train,577.8920200829306
data/processed/mauritius/video/not_augmented/cull2_pairblur_green_bg/head/224/20230805_150231/m--20230805_150231--f000956.jpg,20230805_150231,mauritius,original,video,False,train,461.2349728938194
data/processed/mauritius/video/not_augmented/cull2_pairblur_green_bg/head/224/20230805_150231/m--20230805_150231--f000962.jpg,20230805_150231,mauritius,original,video,False,train,246.93492903981493
data/processed/mauritius/video/not_augmented/cull2_pairblur_green_bg/head/224/20230805_150231/m--20230805_150231--f000964.jpg,20230805_150231,mauritius,original,video,False,train,126.25051798377622
data/processed/mauritius/video/not_augmented/cull2_pairblur_green_bg/head/224/20230805_150231/m--20230805_150231--f000966.jpg,20230805_150231,mauritius,original,video,False,train,204.8235011738273
data/processed/mauritius/video/not_augmented/cull2_pairblur_green_bg/head/224/20230805_150231/m--20230805_150231--f001026.jpg,20230805_150231,mauritius,original,video,False,train,286.72421077170605
data/processed/mauritius/video/not_augmented/cull2_pairblur_green_bg/head/224/20230807_060504/m--20230807_060504--f000170.jpg,20230807_060504,mauritius,original,video,False,train,72.82114942487902
data/processed/mauritius/video/not_augmented/cull2_pairblur_green_bg/head/224/20230807_060504/m--20230807_060504--f000172.jpg,20230807_060504,mauritius,original,video,False,train,97.48170438621105
data/processed/mauritius/video/not_augmented/cull2_pairblur_green_bg/head/224/20230807_060504/m--20230807_060504--f000174.jpg,20230807_060504,mauritius,original,video,False,train,161.7592872308225
data/processed/mauritius/video/not_augmented/cull2_pairblur_green_bg/head/224/20230807_060504/m--20230807_060504--f000176.jpg,20230807_060504,mauritius,original,video,False,train,137.0154850045029
data/processed/mauritius/video/not_augmented/cull2_pairblur_green_bg/head/224/20230807_060504/m--20230807_060504--f000178.jpg,20230807_060504,mauritius,original,video,False,train,137.97038422202826
data/processed/mauritius/video/not_augmented/cull2_pairblur_green_bg/head/224/20230807_060504/m--20230807_060504--f000180.jpg,20230807_060504,mauritius,original,video,False,train,518.1625677134185
data/processed/mauritius/video/not_augmented/cull2_pairblur_green_bg/head/224/20230807_060504/m--20230807_060504--f000182.jpg,20230807_060504,mauritius,original,video,False,train,236.5622409020598
data/processed/mauritius/video/not_augmented/cull2_pairblur_green_bg/head/224/20230807_060504/m--20230807_060504--f000184.jpg,20230807_060504,mauritius,original,video,False,train,119.14833783130257
data/processed/mauritius/video/not_augmented/cull2_pairblur_green_bg/head/224/20230807_060504/m--20230807_060504--f000186.jpg,20230807_060504,mauritius,original,video,False,train,90.3593949103842
data/processed/mauritius/video/not_augmented/cull2_pairblur_green_bg/head/224/20230807_060504/m--20230807_060504--f000188.jpg,20230807_060504,mauritius,original,video,False,train,132.49198789012672
data/processed/mauritius/video/not_augmented/cull2_pairblur_green_bg/head/224/20230807_060504/m--20230807_060504--f000190.jpg,20230807_060504,mauritius,original,video,False,train,155.83844866071428
data/processed/mauritius/video/not_augmented/cull2_pairblur_green_bg/head/224/20230807_060504/m--20230807_060504--f000236.jpg,20230807_060504,mauritius,original,video,False,train,589.3201326988282
data/processed/mauritius/video/not_augmented/cull2_pairblur_green_bg/head/224/20230807_060504/m--20230807_060504--f000238.jpg,20230807_060504,mauritius,original,video,False,train,739.8879942347834
data/processed/mauritius/video/not_augmented/cull2_pairblur_green_bg/head/224/20230807_060504/m--20230807_060504--f000240.jpg,20230807_060504,mauritius,original,video,False,train,774.6429368368243
data/processed/mauritius/video/not_augmented/cull2_pairblur_green_bg/head/224/20230807_060504/m--20230807_060504--f000242.jpg,20230807_060504,mauritius,original,video,False,train,529.3849644086997
data/processed/mauritius/video/not_augmented/cull2_pairblur_green_bg/head/224/20230807_060504/m--20230807_060504--f000244.jpg,20230807_060504,mauritius,original,video,False,train,401.75173356263946
data/processed/mauritius/video/not_augmented/cull2_pairblur_green_bg/head/224/20230807_060504/m--20230807_060504--f000246.jpg,20230807_060504,mauritius,original,video,False,train,398.65696731561036
data/processed/mauritius/video/not_augmented/cull2_pairblur_green_bg/head/224/20230807_060504/m--20230807_060504--f000248.jpg,20230807_060504,mauritius,original,video,False,train,242.63620055968045
data/processed/mauritius/video/not_augmented/cull2_pairblur_green_bg/head/224/20230807_060504/m--20230807_060504--f000250.jpg,20230807_060504,mauritius,original,video,False,train,111.54910695061292
data/processed/mauritius/video/not_augmented/cull2_pairblur_green_bg/head/224/20230807_060504/m--20230807_060504--f000252.jpg,20230807_060504,mauritius,original,video,False,train,99.19905923337353
data/processed/mauritius/video/not_augmented/cull2_pairblur_green_bg/head/224/20230807_060504/m--20230807_060504--f000254.jpg,20230807_060504,mauritius,original,video,False,train,83.04075624743186
data/processed/mauritius/video/not_augmented/cull2_pairblur_green_bg/head/224/20230807_060504/m--20230807_060504--f000256.jpg,20230807_060504,mauritius,original,video,False,train,72.92171540234496
data/processed/mauritius/video/not_augmented/cull2_pairblur_green_bg/head/224/20230807_060504/m--20230807_060504--f000258.jpg,20230807_060504,mauritius,original,video,False,train,53.727917723236665
data/processed/mauritius/video/not_augmented/cull2_pairblur_green_bg/head/224/20230807_060504/m--20230807_060504--f000260.jpg,20230807_060504,mauritius,original,video,False,train,47.4208186700512
data/processed/mauritius/video/not_augmented/cull2_pairblur_green_bg/head/224/20230807_060504/m--20230807_060504--f000262.jpg,20230807_060504,mauritius,original,video,False,train,38.782087013851545
data/processed/mauritius/video/not_augmented/cull2_pairblur_green_bg/head/224/20230807_060504/m--20230807_060504--f000264.jpg,20230807_060504,mauritius,original,video,False,train,28.848014972945748
data/processed/mauritius/video/not_augmented/cull2_pairblur_green_bg/head/224/20230807_060504/m--20230807_060504--f000266.jpg,20230807_060504,mauritius,original,video,False,train,22.567880790167088
data/processed/mauritius/video/not_augmented/cull2_pairblur_green_bg/head/224/20230807_060504/m--20230807_060504--f000268.jpg,20230807_060504,mauritius,original,video,False,train,18.53539527947085
data/processed/mauritius/video/not_augmented/cull2_pairblur_green_bg/head/224/20230807_060504/m--20230807_060504--f000270.jpg,20230807_060504,mauritius,original,video,False,train,18.582090749982893
data/processed/mauritius/video/not_augmented/cull2_pairblur_green_bg/head/224/20230807_060504/m--20230807_060504--f000272.jpg,20230807_060504,mauritius,original,video,False,train,10.50504216190578
data/processed/mauritius/video/not_augmented/cull2_pairblur_green_bg/head/224/20230807_060504/m--20230807_060504--f000274.jpg,20230807_060504,mauritius,original,video,False,train,11.088009568563555
data/processed/mauritius/video/not_augmented/cull2_pairblur_green_bg/head/224/20230807_060504/m--20230807_060504--f000860.jpg,20230807_060504,mauritius,original,video,False,train,145.64656363522596
data/processed/mauritius/video/not_augmented/cull2_pairblur_green_bg/head/224/20230807_060504/m--20230807_060504--f000862.jpg,20230807_060504,mauritius,original,video,False,train,17.152064706722136
data/processed/mauritius/video/not_augmented/cull2_pairblur_green_bg/head/224/20230807_060504/m--20230807_060504--f000864.jpg,20230807_060504,mauritius,original,video,False,train,9.326530534393934
data/processed/mauritius/video/not_augmented/cull2_pairblur_green_bg/head/224/20230807_060504/m--20230807_060504--f001412.jpg,20230807_060504,mauritius,original,video,False,train,21.765844218386363
data/processed/mauritius/video/not_augmented/cull2_pairblur_green_bg/head/224/20230807_060504/m--20230807_060504--f001414.jpg,20230807_060504,mauritius,original,video,False,train,25.613918998746858
data/processed/mauritius/video/not_augmented/cull2_pairblur_green_bg/head/224/20230807_060504/m--20230807_060504--f001416.jpg,20230807_060504,mauritius,original,video,False,train,22.412627511300528
data/processed/mauritius/video/not_augmented/cull2_pairblur_green_bg/head/224/20230807_060504/m--20230807_060504--f001418.jpg,20230807_060504,mauritius,original,video,False,train,43.66214923469388
data/processed/mauritius/video/not_augmented/cull2_pairblur_green_bg/head/224/20230807_060504/m--20230807_060504--f001420.jpg,20230807_060504,mauritius,original,video,False,train,39.23740429701481
data/processed/mauritius/video/not_augmented/cull2_pairblur_green_bg/head/224/20230831_133920/m--20230831_133920--f000140.jpg,20230831_133920,mauritius,original,video,False,val,23.18702164395359
data/processed/mauritius/video/not_augmented/cull2_pairblur_green_bg/head/224/20230831_133920/m--20230831_133920--f000142.jpg,20230831_133920,mauritius,original,video,False,val,22.06536979627629
data/processed/mauritius/video/not_augmented/cull2_pairblur_green_bg/head/224/20230831_133920/m--20230831_133920--f000144.jpg,20230831_133920,mauritius,original,video,False,val,21.650370694755868
data/processed/mauritius/video/not_augmented/cull2_pairblur_green_bg/head/224/20230831_133920/m--20230831_133920--f000146.jpg,20230831_133920,mauritius,original,video,False,val,23.59913095699057
data/processed/mauritius/video/not_augmented/cull2_pairblur_green_bg/head/224/20230831_133920/m--20230831_133920--f000148.jpg,20230831_133920,mauritius,original,video,False,val,23.654396504771956
data/processed/mauritius/video/not_augmented/cull2_pairblur_green_bg/head/224/20230831_133920/m--20230831_133920--f000194.jpg,20230831_133920,mauritius,original,video,False,val,1036.3104671540234
data/processed/mauritius/video/not_augmented/cull2_pairblur_green_bg/head/224/20230831_133920/m--20230831_133920--f000196.jpg,20230831_133920,mauritius,original,video,False,val,1111.7154614858855
data/processed/mauritius/video/not_augmented/cull2_pairblur_green_bg/head/224/20230831_133920/m--20230831_133920--f000198.jpg,20230831_133920,mauritius,original,video,False,val,1058.6771563772654
data/processed/mauritius/video/not_augmented/cull2_pairblur_green_bg/head/224/20230831_133920/m--20230831_133920--f000200.jpg,20230831_133920,mauritius,original,video,False,val,1131.4596420595517
data/processed/mauritius/video/not_augmented/cull2_pairblur_green_bg/head/224/20230831_133920/m--20230831_133920--f000202.jpg,20230831_133920,mauritius,original,video,False,val,1043.5129344607333
data/processed/mauritius/video/not_augmented/cull2_pairblur_green_bg/head/224/20230831_133920/m--20230831_133920--f000204.jpg,20230831_133920,mauritius,original,video,False,val,892.1553132967966
data/processed/mauritius/video/not_augmented/cull2_pairblur_green_bg/head/224/20230831_133920/m--20230831_133920--f000206.jpg,20230831_133920,mauritius,original,video,False,val,1043.429288863341
data/processed/mauritius/video/not_augmented/cull2_pairblur_green_bg/head/224/20230831_133920/m--20230831_133920--f000208.jpg,20230831_133920,mauritius,original,video,False,val,1161.3541135061091
data/processed/mauritius/video/not_augmented/cull2_pairblur_green_bg/head/224/20230831_133920/m--20230831_133920--f001046.jpg,20230831_133920,mauritius,original,video,False,val,508.14877630700073
data/processed/mauritius/video/not_augmented/cull2_pairblur_green_bg/head/224/20230831_133920/m--20230831_133920--f001048.jpg,20230831_133920,mauritius,original,video,False,val,276.8490911926244
data/processed/mauritius/video/not_augmented/cull2_pairblur_green_bg/head/224/20230831_133920/m--20230831_133920--f001368.jpg,20230831_133920,mauritius,original,video,False,val,55.079819033415
data/processed/mauritius/video/not_augmented/cull2_pairblur_green_bg/head/224/20230831_133920/m--20230831_133920--f001370.jpg,20230831_133920,mauritius,original,video,False,val,66.13323100732296
data/processed/mauritius/video/not_augmented/cull2_pairblur_green_bg/head/224/20230831_133920/m--20230831_133920--f001372.jpg,20230831_133920,mauritius,original,video,False,val,57.94945790180809
data/processed/mauritius/video/not_augmented/cull2_pairblur_green_bg/head/224/20230831_135124/m--20230831_135124--f000140.jpg,20230831_135124,mauritius,original,video,False,train,28.496153205496622
data/processed/mauritius/video/not_augmented/cull2_pairblur_green_bg/head/224/20230831_135124/m--20230831_135124--f000142.jpg,20230831_135124,mauritius,original,video,False,train,37.43775903994916
data/processed/mauritius/video/not_augmented/cull2_pairblur_green_bg/head/224/20230831_135124/m--20230831_135124--f000146.jpg,20230831_135124,mauritius,original,video,False,train,49.96247208828431
data/processed/mauritius/video/not_augmented/cull2_pairblur_green_bg/head/224/20230831_135124/m--20230831_135124--f000148.jpg,20230831_135124,mauritius,original,video,False,train,49.34452721596955
data/processed/mauritius/video/not_augmented/cull2_pairblur_green_bg/head/224/20230831_135124/m--20230831_135124--f000152.jpg,20230831_135124,mauritius,original,video,False,train,51.66448101685576
data/processed/mauritius/video/not_augmented/cull2_pairblur_green_bg/head/224/20230831_135124/m--20230831_135124--f000154.jpg,20230831_135124,mauritius,original,video,False,train,59.050621809635686
data/processed/mauritius/video/not_augmented/cull2_pairblur_green_bg/head/224/20230831_135124/m--20230831_135124--f000156.jpg,20230831_135124,mauritius,original,video,False,train,67.48680643497133
data/processed/mauritius/video/not_augmented/cull2_pairblur_green_bg/head/224/20230831_135124/m--20230831_135124--f000158.jpg,20230831_135124,mauritius,original,video,False,train,67.13691791977698
data/processed/mauritius/video/not_augmented/cull2_pairblur_green_bg/head/224/20230831_135124/m--20230831_135124--f000160.jpg,20230831_135124,mauritius,original,video,False,train,68.86342075535377
data/processed/mauritius/video/not_augmented/cull2_pairblur_green_bg/head/224/20230831_135124/m--20230831_135124--f000162.jpg,20230831_135124,mauritius,original,video,False,train,73.69252230712942
data/processed/mauritius/video/not_augmented/cull2_pairblur_green_bg/head/224/20230831_135124/m--20230831_135124--f000164.jpg,20230831_135124,mauritius,original,video,False,train,80.26199775355799
data/processed/mauritius/video/not_augmented/cull2_pairblur_green_bg/head/224/20230831_135124/m--20230831_135124--f000166.jpg,20230831_135124,mauritius,original,video,False,train,81.42307078446115
data/processed/mauritius/video/not_augmented/cull2_pairblur_green_bg/head/224/20230831_135124/m--20230831_135124--f000168.jpg,20230831_135124,mauritius,original,video,False,train,86.39140226363341
data/processed/mauritius/video/not_augmented/cull2_pairblur_green_bg/head/224/20230831_135124/m--20230831_135124--f000170.jpg,20230831_135124,mauritius,original,video,False,train,93.62472088045998
data/processed/mauritius/video/not_augmented/cull2_pairblur_green_bg/head/224/20230831_135124/m--20230831_135124--f000172.jpg,20230831_135124,mauritius,original,video,False,train,60.2024075255102
data/processed/mauritius/video/not_augmented/cull2_pairblur_green_bg/head/224/20230831_135124/m--20230831_135124--f000174.jpg,20230831_135124,mauritius,original,video,False,train,85.25719462668384
data/processed/mauritius/video/not_augmented/cull2_pairblur_green_bg/head/224/20230831_135124/m--20230831_135124--f000176.jpg,20230831_135124,mauritius,original,video,False,train,91.06602758251097
data/processed/mauritius/video/not_augmented/cull2_pairblur_green_bg/head/224/20230831_135124/m--20230831_135124--f000178.jpg,20230831_135124,mauritius,original,video,False,train,94.04097568745516
data/processed/mauritius/video/not_augmented/cull2_pairblur_green_bg/head/224/20230831_135124/m--20230831_135124--f000180.jpg,20230831_135124,mauritius,original,video,False,train,97.27576920272209
data/processed/mauritius/video/not_augmented/cull2_pairblur_green_bg/head/224/20230831_135124/m--20230831_135124--f000182.jpg,20230831_135124,mauritius,original,video,False,train,98.02680562466992
data/processed/mauritius/video/not_augmented/cull2_pairblur_green_bg/head/224/20230831_135124/m--20230831_135124--f000184.jpg,20230831_135124,mauritius,original,video,False,train,95.56307796516401
data/processed/mauritius/video/not_augmented/cull2_pairblur_green_bg/head/224/20230831_135124/m--20230831_135124--f000186.jpg,20230831_135124,mauritius,original,video,False,train,94.91440124027133
data/processed/mauritius/video/not_augmented/cull2_pairblur_green_bg/head/224/20230831_135124/m--20230831_135124--f000188.jpg,20230831_135124,mauritius,original,video,False,train,91.41065438138303
data/processed/mauritius/video/not_augmented/cull2_pairblur_green_bg/head/224/20230831_135124/m--20230831_135124--f000190.jpg,20230831_135124,mauritius,original,video,False,train,90.1805045915514
data/processed/mauritius/video/not_augmented/cull2_pairblur_green_bg/head/224/20230831_135124/m--20230831_135124--f000192.jpg,20230831_135124,mauritius,original,video,False,train,92.39237878681074
data/processed/mauritius/video/not_augmented/cull2_pairblur_green_bg/head/224/20230831_135124/m--20230831_135124--f000194.jpg,20230831_135124,mauritius,original,video,False,train,87.15509396719467
data/processed/mauritius/video/not_augmented/cull2_pairblur_green_bg/head/224/20230831_135124/m--20230831_135124--f000196.jpg,20230831_135124,mauritius,original,video,False,train,82.69164538274255
data/processed/mauritius/video/not_augmented/cull2_pairblur_green_bg/head/224/20230831_135124/m--20230831_135124--f000198.jpg,20230831_135124,mauritius,original,video,False,train,80.31580835300304
data/processed/mauritius/video/not_augmented/cull2_pairblur_green_bg/head/224/20230831_135124/m--20230831_135124--f000200.jpg,20230831_135124,mauritius,original,video,False,train,80.8355189696395
data/processed/mauritius/video/not_augmented/cull2_pairblur_green_bg/head/224/20230831_135124/m--20230831_135124--f000202.jpg,20230831_135124,mauritius,original,video,False,train,74.87266820433337
data/processed/mauritius/video/not_augmented/cull2_pairblur_green_bg/head/224/20230831_135124/m--20230831_135124--f000204.jpg,20230831_135124,mauritius,original,video,False,train,68.18365353914362
data/processed/mauritius/video/not_augmented/cull2_pairblur_green_bg/head/224/20230831_135124/m--20230831_135124--f000206.jpg,20230831_135124,mauritius,original,video,False,train,64.21936777719405
data/processed/mauritius/video/not_augmented/cull2_pairblur_green_bg/head/224/20230831_135124/m--20230831_135124--f000208.jpg,20230831_135124,mauritius,original,video,False,train,56.020786715566686
data/processed/mauritius/video/not_augmented/cull2_pairblur_green_bg/head/224/20230831_135124/m--20230831_135124--f000210.jpg,20230831_135124,mauritius,original,video,False,train,40.00512196708847
data/processed/mauritius/video/not_augmented/cull2_pairblur_green_bg/head/224/20230831_135124/m--20230831_135124--f000212.jpg,20230831_135124,mauritius,original,video,False,train,31.55024314373545
data/processed/mauritius/video/not_augmented/cull2_pairblur_green_bg/head/224/20230831_135124/m--20230831_135124--f000214.jpg,20230831_135124,mauritius,original,video,False,train,21.842434623746865
data/processed/mauritius/video/not_augmented/cull2_pairblur_green_bg/head/224/20230831_135124/m--20230831_135124--f001038.jpg,20230831_135124,mauritius,original,video,False,train,109.36332100801096
data/processed/mauritius/video/not_augmented/cull2_pairblur_green_bg/head/224/20230831_135124/m--20230831_135124--f001040.jpg,20230831_135124,mauritius,original,video,False,train,114.44836171852057
data/processed/mauritius/video/not_augmented/cull2_pairblur_green_bg/head/224/20230831_135124/m--20230831_135124--f001042.jpg,20230831_135124,mauritius,original,video,False,train,111.39506910761811
data/processed/mauritius/video/not_augmented/cull2_pairblur_green_bg/head/224/20230831_135124/m--20230831_135124--f001044.jpg,20230831_135124,mauritius,original,video,False,train,104.57820426022595
data/processed/mauritius/video/not_augmented/cull2_pairblur_green_bg/head/224/20230831_135124/m--20230831_135124--f001046.jpg,20230831_135124,mauritius,original,video,False,train,101.12073501116629
data/processed/mauritius/video/not_augmented/cull2_pairblur_green_bg/head/224/20230831_135124/m--20230831_135124--f001048.jpg,20230831_135124,mauritius,original,video,False,train,98.53495694517544
data/processed/mauritius/video/not_augmented/cull2_pairblur_green_bg/head/224/20230831_135124/m--20230831_135124--f001052.jpg,20230831_135124,mauritius,original,video,False,train,102.38867186070082
data/processed/mauritius/video/not_augmented/cull2_pairblur_green_bg/head/224/20230831_135124/m--20230831_135124--f001054.jpg,20230831_135124,mauritius,original,video,False,train,100.39297659324637
data/processed/mauritius/video/not_augmented/cull2_pairblur_green_bg/head/224/20230831_135124/m--20230831_135124--f001062.jpg,20230831_135124,mauritius,original,video,False,train,122.30564412629788
data/processed/mauritius/video/not_augmented/cull2_pairblur_green_bg/head/224/20230831_135124/m--20230831_135124--f001064.jpg,20230831_135124,mauritius,original,video,False,train,116.57565350673539
data/processed/mauritius/video/not_augmented/cull2_pairblur_green_bg/head/224/20230831_135124/m--20230831_135124--f001066.jpg,20230831_135124,mauritius,original,video,False,train,119.67376826833257
data/processed/mauritius/video/not_augmented/cull2_pairblur_green_bg/head/224/20230831_135124/m--20230831_135124--f001068.jpg,20230831_135124,mauritius,original,video,False,train,120.02622762137479
data/processed/mauritius/video/not_augmented/cull2_pairblur_green_bg/head/224/20230831_135124/m--20230831_135124--f001070.jpg,20230831_135124,mauritius,original,video,False,train,102.921735376281
data/processed/mauritius/video/not_augmented/cull2_pairblur_green_bg/head/224/20230831_135124/m--20230831_135124--f001072.jpg,20230831_135124,mauritius,original,video,False,train,111.99256599192715
data/processed/mauritius/video/not_augmented/cull2_pairblur_green_bg/head/224/20230831_135124/m--20230831_135124--f001074.jpg,20230831_135124,mauritius,original,video,False,train,126.16776925928639
data/processed/mauritius/video/not_augmented/cull2_pairblur_green_bg/head/224/20230831_135124/m--20230831_135124--f001076.jpg,20230831_135124,mauritius,original,video,False,train,125.87346531241599
data/processed/mauritius/video/not_augmented/cull2_pairblur_green_bg/head/224/20230831_135124/m--20230831_135124--f001078.jpg,20230831_135124,mauritius,original,video,False,train,125.08836881263413
data/processed/mauritius/video/not_augmented/cull2_pairblur_green_bg/head/224/20230831_135124/m--20230831_135124--f001080.jpg,20230831_135124,mauritius,original,video,False,train,118.8848452871911
data/processed/mauritius/video/not_augmented/cull2_pairblur_green_bg/head/224/20230831_135124/m--20230831_135124--f001084.jpg,20230831_135124,mauritius,original,video,False,train,121.11292247303524
data/processed/mauritius/video/not_augmented/cull2_pairblur_green_bg/head/224/20230831_135124/m--20230831_135124--f001088.jpg,20230831_135124,mauritius,original,video,False,train,118.9655409129348
data/processed/mauritius/video/not_augmented/cull2_pairblur_green_bg/head/224/20230831_140541/m--20230831_140541--f000182.jpg,20230831_140541,mauritius,original,video,False,train,5.1110092220282555
data/processed/mauritius/video/not_augmented/cull2_pairblur_green_bg/head/224/20230831_140541/m--20230831_140541--f000184.jpg,20230831_140541,mauritius,original,video,False,train,5.372787643601029
data/processed/mauritius/video/not_augmented/cull2_pairblur_green_bg/head/224/20230831_140541/m--20230831_140541--f000186.jpg,20230831_140541,mauritius,original,video,False,train,5.255440844639496
data/processed/mauritius/video/not_augmented/cull2_pairblur_green_bg/head/224/20230831_140541/m--20230831_140541--f000188.jpg,20230831_140541,mauritius,original,video,False,train,5.673668171454846
data/processed/mauritius/video/not_augmented/cull2_pairblur_green_bg/head/224/20230831_140541/m--20230831_140541--f000192.jpg,20230831_140541,mauritius,original,video,False,train,6.1052682932989155
data/processed/mauritius/video/not_augmented/cull2_pairblur_green_bg/head/224/20230831_140541/m--20230831_140541--f000194.jpg,20230831_140541,mauritius,original,video,False,train,7.916055406842911
data/processed/mauritius/video/not_augmented/cull2_pairblur_green_bg/head/224/20230831_140541/m--20230831_140541--f000196.jpg,20230831_140541,mauritius,original,video,False,train,15.900050701870617
data/processed/mauritius/video/not_augmented/cull2_pairblur_green_bg/head/224/20230831_140541/m--20230831_140541--f000198.jpg,20230831_140541,mauritius,original,video,False,train,22.868203890020776
data/processed/mauritius/video/not_augmented/cull2_pairblur_green_bg/head/224/20230831_140541/m--20230831_140541--f000202.jpg,20230831_140541,mauritius,original,video,False,train,30.96083783130257
data/processed/mauritius/video/not_augmented/cull2_pairblur_green_bg/head/224/20230831_140541/m--20230831_140541--f000204.jpg,20230831_140541,mauritius,original,video,False,train,37.43524790783317
data/processed/mauritius/video/not_augmented/cull2_pairblur_green_bg/head/224/20230831_140541/m--20230831_140541--f000206.jpg,20230831_140541,mauritius,original,video,False,train,37.809869258615294
data/processed/mauritius/video/not_augmented/cull2_pairblur_green_bg/head/224/20230831_140541/m--20230831_140541--f000208.jpg,20230831_140541,mauritius,original,video,False,train,38.53079159405766
data/processed/mauritius/video/not_augmented/cull2_pairblur_green_bg/head/224/20230831_140541/m--20230831_140541--f000212.jpg,20230831_140541,mauritius,original,video,False,train,39.148537059864964
data/processed/mauritius/video/not_augmented/cull2_pairblur_green_bg/head/224/20230831_140541/m--20230831_140541--f000214.jpg,20230831_140541,mauritius,original,video,False,train,39.923668457437984
data/processed/mauritius/video/not_augmented/cull2_pairblur_green_bg/head/224/20230831_140541/m--20230831_140541--f000218.jpg,20230831_140541,mauritius,original,video,False,train,39.61057071296536
data/processed/mauritius/video/not_augmented/cull2_pairblur_green_bg/head/224/20230831_140541/m--20230831_140541--f000220.jpg,20230831_140541,mauritius,original,video,False,train,39.92317039198998
data/processed/mauritius/video/not_augmented/cull2_pairblur_green_bg/head/224/20230831_140541/m--20230831_140541--f000226.jpg,20230831_140541,mauritius,original,video,False,train,40.77026858721014
data/processed/mauritius/video/not_augmented/cull2_pairblur_green_bg/head/224/20230831_140541/m--20230831_140541--f000228.jpg,20230831_140541,mauritius,original,video,False,train,40.334741702828495
data/processed/mauritius/video/not_augmented/cull2_pairblur_green_bg/head/224/20230831_140541/m--20230831_140541--f000230.jpg,20230831_140541,mauritius,original,video,False,train,42.193239795918366
data/processed/mauritius/video/not_augmented/cull2_pairblur_green_bg/head/224/20230831_140541/m--20230831_140541--f000232.jpg,20230831_140541,mauritius,original,video,False,train,42.15228384566874
data/processed/mauritius/video/not_augmented/cull2_pairblur_green_bg/head/224/20230831_140541/m--20230831_140541--f000234.jpg,20230831_140541,mauritius,original,video,False,train,43.09789535096664
data/processed/mauritius/video/not_augmented/cull2_pairblur_green_bg/head/224/20230831_140541/m--20230831_140541--f000236.jpg,20230831_140541,mauritius,original,video,False,train,42.29984445782415
data/processed/mauritius/video/not_augmented/cull2_pairblur_green_bg/head/224/20230831_140541/m--20230831_140541--f000238.jpg,20230831_140541,mauritius,original,video,False,train,42.31283880700076
data/processed/mauritius/video/not_augmented/cull2_pairblur_green_bg/head/224/20230831_140541/m--20230831_140541--f000240.jpg,20230831_140541,mauritius,original,video,False,train,41.18923387722093
data/processed/mauritius/video/not_augmented/cull2_pairblur_green_bg/head/224/20230831_140541/m--20230831_140541--f000242.jpg,20230831_140541,mauritius,original,video,False,train,38.31467235291913
data/processed/mauritius/video/not_augmented/cull2_pairblur_green_bg/head/224/20230831_140541/m--20230831_140541--f000582.jpg,20230831_140541,mauritius,original,video,False,train,48.04723342584104
data/processed/mauritius/video/not_augmented/cull2_pairblur_green_bg/head/224/20230831_140541/m--20230831_140541--f000586.jpg,20230831_140541,mauritius,original,video,False,train,37.13087912968227
data/processed/mauritius/video/not_augmented/cull2_pairblur_green_bg/head/224/20230831_140541/m--20230831_140541--f000600.jpg,20230831_140541,mauritius,original,video,False,train,35.708486125251746
data/processed/mauritius/video/not_augmented/cull2_pairblur_green_bg/head/224/20230831_140541/m--20230831_140541--f000976.jpg,20230831_140541,mauritius,original,video,False,train,51.8721101686191
data/processed/mauritius/video/not_augmented/cull2_pairblur_green_bg/head/224/20230831_140541/m--20230831_140541--f000978.jpg,20230831_140541,mauritius,original,video,False,train,44.78732859338636
data/processed/mauritius/video/not_augmented/cull2_pairblur_green_bg/head/224/20230831_140541/m--20230831_140541--f000980.jpg,20230831_140541,mauritius,original,video,False,train,45.90599076860102
data/processed/mauritius/video/not_augmented/cull2_pairblur_green_bg/head/224/20230831_140541/m--20230831_140541--f000982.jpg,20230831_140541,mauritius,original,video,False,train,45.84321180476291
data/processed/mauritius/video/not_augmented/cull2_pairblur_green_bg/head/224/20230831_140541/m--20230831_140541--f000984.jpg,20230831_140541,mauritius,original,video,False,train,48.90981742313931
data/processed/mauritius/video/not_augmented/cull2_pairblur_green_bg/head/224/20230831_140541/m--20230831_140541--f000986.jpg,20230831_140541,mauritius,original,video,False,train,50.18263709192622
data/processed/mauritius/video/not_augmented/cull2_pairblur_green_bg/head/224/20230831_140541/m--20230831_140541--f000988.jpg,20230831_140541,mauritius,original,video,False,train,51.8436702663131
data/processed/mauritius/video/not_augmented/cull2_pairblur_green_bg/head/224/20230831_140541/m--20230831_140541--f000990.jpg,20230831_140541,mauritius,original,video,False,train,53.204779145122814
data/processed/mauritius/video/not_augmented/cull2_pairblur_green_bg/head/224/20230831_140541/m--20230831_140541--f000992.jpg,20230831_140541,mauritius,original,video,False,train,53.77646682243554
data/processed/mauritius/video/not_augmented/cull2_pairblur_green_bg/head/224/20230831_140541/m--20230831_140541--f000994.jpg,20230831_140541,mauritius,original,video,False,train,54.88468580392936
data/processed/mauritius/video/not_augmented/cull2_pairblur_green_bg/head/224/20230831_140541/m--20230831_140541--f000996.jpg,20230831_140541,mauritius,original,video,False,train,55.29651622303523
data/processed/mauritius/video/not_augmented/cull2_pairblur_green_bg/head/224/20230831_140541/m--20230831_140541--f000998.jpg,20230831_140541,mauritius,original,video,False,train,56.48453443242033
data/processed/mauritius/video/not_augmented/cull2_pairblur_green_bg/head/224/20230831_140541/m--20230831_140541--f001000.jpg,20230831_140541,mauritius,original,video,False,train,56.03545505431532
data/processed/mauritius/video/not_augmented/cull2_pairblur_green_bg/head/224/20230831_140541/m--20230831_140541--f001108.jpg,20230831_140541,mauritius,original,video,False,train,35.828603314737734
data/processed/mauritius/video/not_augmented/cull2_pairblur_green_bg/head/224/20230831_140541/m--20230831_140541--f001110.jpg,20230831_140541,mauritius,original,video,False,train,39.766860625089485
data/processed/mauritius/video/not_augmented/cull2_pairblur_green_bg/head/224/20230831_140541/m--20230831_140541--f001112.jpg,20230831_140541,mauritius,original,video,False,train,40.11491549586019
data/processed/mauritius/video/not_augmented/cull2_pairblur_green_bg/head/224/20230831_140541/m--20230831_140541--f001116.jpg,20230831_140541,mauritius,original,video,False,train,39.163464475899424
data/processed/mauritius/video/not_augmented/cull2_pairblur_green_bg/head/224/20230831_140541/m--20230831_140541--f001118.jpg,20230831_140541,mauritius,original,video,False,train,40.737663421170105
data/processed/mauritius/video/not_augmented/cull2_pairblur_green_bg/head/224/20230831_140541/m--20230831_140541--f001120.jpg,20230831_140541,mauritius,original,video,False,train,39.24435980525527
data/processed/mauritius/video/not_augmented/cull2_pairblur_green_bg/head/224/20230831_140541/m--20230831_140541--f001126.jpg,20230831_140541,mauritius,original,video,False,train,32.26578424653129
data/processed/mauritius/video/not_augmented/cull2_pairblur_green_bg/head/224/20230831_140541/m--20230831_140541--f001136.jpg,20230831_140541,mauritius,original,video,False,train,39.799702863204686
data/processed/mauritius/video/not_augmented/cull2_pairblur_green_bg/head/224/20230831_140541/m--20230831_140541--f001138.jpg,20230831_140541,mauritius,original,video,False,train,39.00177373691481
data/processed/mauritius/video/not_augmented/cull2_pairblur_green_bg/head/224/20230831_140541/m--20230831_140541--f001140.jpg,20230831_140541,mauritius,original,video,False,train,35.68375318242033
data/processed/mauritius/video/not_augmented/cull2_pairblur_green_bg/head/224/20230831_140541/m--20230831_140541--f001142.jpg,20230831_140541,mauritius,original,video,False,train,35.79440364178297
data/processed/mauritius/video/not_augmented/cull2_pairblur_green_bg/head/224/20230831_140541/m--20230831_140541--f001144.jpg,20230831_140541,mauritius,original,video,False,train,37.42592066955885
data/processed/mauritius/video/not_augmented/cull2_pairblur_green_bg/head/224/20230831_140541/m--20230831_140541--f001146.jpg,20230831_140541,mauritius,original,video,False,train,41.28270485936379
data/processed/mauritius/video/not_augmented/cull2_pairblur_green_bg/head/224/20230831_140541/m--20230831_140541--f001148.jpg,20230831_140541,mauritius,original,video,False,train,42.50484295240892
data/processed/mauritius/video/not_augmented/cull2_pairblur_green_bg/head/224/20230831_140541/m--20230831_140541--f001150.jpg,20230831_140541,mauritius,original,video,False,train,41.6621292853842
data/processed/mauritius/video/not_augmented/cull2_pairblur_green_bg/head/224/20230831_140541/m--20230831_140541--f001152.jpg,20230831_140541,mauritius,original,video,False,train,42.429308822978186
data/processed/mauritius/video/not_augmented/cull2_pairblur_green_bg/head/224/20230831_140541/m--20230831_140541--f001154.jpg,20230831_140541,mauritius,original,video,False,train,41.348991539814925
data/processed/mauritius/video/not_augmented/cull2_pairblur_green_bg/head/224/20230831_140541/m--20230831_140541--f001156.jpg,20230831_140541,mauritius,original,video,False,train,45.434032192333504
data/processed/mauritius/video/not_augmented/cull2_pairblur_green_bg/head/224/20230831_140541/m--20230831_140541--f001158.jpg,20230831_140541,mauritius,original,video,False,train,43.1266342077291
data/processed/mauritius/video/not_augmented/cull2_pairblur_green_bg/head/224/20230831_140541/m--20230831_140541--f001160.jpg,20230831_140541,mauritius,original,video,False,train,44.62388366006505
data/processed/mauritius/video/not_augmented/cull2_pairblur_green_bg/head/224/20230831_140541/m--20230831_140541--f001162.jpg,20230831_140541,mauritius,original,video,False,train,46.17930849886398
data/processed/mauritius/video/not_augmented/cull2_pairblur_green_bg/head/224/20230831_140541/m--20230831_140541--f001164.jpg,20230831_140541,mauritius,original,video,False,train,45.479870840292676
data/processed/mauritius/video/not_augmented/cull2_pairblur_green_bg/head/224/20230831_140541/m--20230831_140541--f001166.jpg,20230831_140541,mauritius,original,video,False,train,43.965760516604
data/processed/mauritius/video/not_augmented/cull2_pairblur_green_bg/head/224/20230831_140541/m--20230831_140541--f001168.jpg,20230831_140541,mauritius,original,video,False,train,45.07236525477195
data/processed/mauritius/video/not_augmented/cull2_pairblur_green_bg/head/224/20230831_140541/m--20230831_140541--f001170.jpg,20230831_140541,mauritius,original,video,False,train,47.634027972414
data/processed/mauritius/video/not_augmented/cull2_pairblur_green_bg/head/224/20230831_140541/m--20230831_140541--f001172.jpg,20230831_140541,mauritius,original,video,False,train,44.39638469359221
data/processed/mauritius/video/not_augmented/cull2_pairblur_green_bg/head/224/20230831_140541/m--20230831_140541--f001174.jpg,20230831_140541,mauritius,original,video,False,train,45.320352345394724
data/processed/mauritius/video/not_augmented/cull2_pairblur_green_bg/head/224/20230831_140541/m--20230831_140541--f001176.jpg,20230831_140541,mauritius,original,video,False,train,45.60106425342934
data/processed/mauritius/video/not_augmented/cull2_pairblur_green_bg/head/224/20230831_140541/m--20230831_140541--f001178.jpg,20230831_140541,mauritius,original,video,False,train,44.94264184331357
data/processed/mauritius/video/not_augmented/cull2_pairblur_green_bg/head/224/20230831_140541/m--20230831_140541--f001180.jpg,20230831_140541,mauritius,original,video,False,train,43.38783479600785
data/processed/mauritius/video/not_augmented/cull2_pairblur_green_bg/head/224/20230831_140541/m--20230831_140541--f001182.jpg,20230831_140541,mauritius,original,video,False,train,37.66890527764145
data/processed/mauritius/video/not_augmented/cull2_pairblur_green_bg/head/224/20230831_140541/m--20230831_140541--f001184.jpg,20230831_140541,mauritius,original,video,False,train,41.11993759009105
data/processed/mauritius/video/not_augmented/cull2_pairblur_green_bg/head/224/20230831_140541/m--20230831_140541--f001186.jpg,20230831_140541,mauritius,original,video,False,train,46.68993144132653
data/processed/mauritius/video/not_augmented/cull2_pairblur_green_bg/head/224/20230831_140541/m--20230831_140541--f001188.jpg,20230831_140541,mauritius,original,video,False,train,40.054428402059834
data/processed/mauritius/video/not_augmented/cull2_pairblur_green_bg/head/224/20230831_140541/m--20230831_140541--f001190.jpg,20230831_140541,mauritius,original,video,False,train,50.32146785756738
data/processed/mauritius/video/not_augmented/cull2_pairblur_green_bg/head/224/20230831_140541/m--20230831_140541--f001192.jpg,20230831_140541,mauritius,original,video,False,train,45.312320297333365
data/processed/mauritius/video/not_augmented/cull2_pairblur_green_bg/head/224/20230831_140541/m--20230831_140541--f001194.jpg,20230831_140541,mauritius,original,video,False,train,43.50296945782414
data/processed/mauritius/video/not_augmented/cull2_pairblur_green_bg/head/224/20230831_140541/m--20230831_140541--f001196.jpg,20230831_140541,mauritius,original,video,False,train,41.77826044510822
data/processed/mauritius/video/not_augmented/cull2_pairblur_green_bg/head/224/20230831_140541/m--20230831_140541--f001198.jpg,20230831_140541,mauritius,original,video,False,train,37.14018652906819
data/processed/mauritius/video/not_augmented/cull2_pairblur_green_bg/head/224/20230831_140541/m--20230831_140541--f001204.jpg,20230831_140541,mauritius,original,video,False,train,34.05253503681073
data/processed/mauritius/video/not_augmented/cull2_pairblur_green_bg/head/224/20230831_140541/m--20230831_140541--f001208.jpg,20230831_140541,mauritius,original,video,False,train,35.517318788740546
data/processed/mauritius/video/not_augmented/cull2_pairblur_green_bg/head/224/20230831_141252/m--20230831_141252--f000152.jpg,20230831_141252,mauritius,original,video,False,train,18.718271669374314
data/processed/mauritius/video/not_augmented/cull2_pairblur_green_bg/head/224/20230831_141252/m--20230831_141252--f000154.jpg,20230831_141252,mauritius,original,video,False,train,17.525589923469386
data/processed/mauritius/video/not_augmented/cull2_pairblur_green_bg/head/224/20230831_141252/m--20230831_141252--f000156.jpg,20230831_141252,mauritius,original,video,False,train,18.880659808024227
data/processed/mauritius/video/not_augmented/cull2_pairblur_green_bg/head/224/20230831_141252/m--20230831_141252--f000158.jpg,20230831_141252,mauritius,original,video,False,train,19.631377392140887
data/processed/mauritius/video/not_augmented/cull2_pairblur_green_bg/head/224/20230831_141252/m--20230831_141252--f000160.jpg,20230831_141252,mauritius,original,video,False,train,23.49338325109645
data/processed/mauritius/video/not_augmented/cull2_pairblur_green_bg/head/224/20230831_141252/m--20230831_141252--f000162.jpg,20230831_141252,mauritius,original,video,False,train,24.44951769412929
data/processed/mauritius/video/not_augmented/cull2_pairblur_green_bg/head/224/20230831_141252/m--20230831_141252--f000164.jpg,20230831_141252,mauritius,original,video,False,train,23.011937977919125
data/processed/mauritius/video/not_augmented/cull2_pairblur_green_bg/head/224/20230831_141252/m--20230831_141252--f000166.jpg,20230831_141252,mauritius,original,video,False,train,23.99802691297996
data/processed/mauritius/video/not_augmented/cull2_pairblur_green_bg/head/224/20230831_141252/m--20230831_141252--f000168.jpg,20230831_141252,mauritius,original,video,False,train,28.536451689653816
data/processed/mauritius/video/not_augmented/cull2_pairblur_green_bg/head/224/20230831_141252/m--20230831_141252--f000170.jpg,20230831_141252,mauritius,original,video,False,train,36.396244223839744
data/processed/mauritius/video/not_augmented/cull2_pairblur_green_bg/head/224/20230831_141252/m--20230831_141252--f000172.jpg,20230831_141252,mauritius,original,video,False,train,60.23391661312322
data/processed/mauritius/video/not_augmented/cull2_pairblur_green_bg/head/224/20230831_141252/m--20230831_141252--f000174.jpg,20230831_141252,mauritius,original,video,False,train,18.266760711717584
data/processed/mauritius/video/not_augmented/cull2_pairblur_green_bg/head/224/20230831_141252/m--20230831_141252--f000176.jpg,20230831_141252,mauritius,original,video,False,train,15.052674537398126
data/processed/mauritius/video/not_augmented/cull2_pairblur_green_bg/head/224/20230831_141252/m--20230831_141252--f000178.jpg,20230831_141252,mauritius,original,video,False,train,13.875497642034096
data/processed/mauritius/video/not_augmented/cull2_pairblur_green_bg/head/224/20230831_141252/m--20230831_141252--f000180.jpg,20230831_141252,mauritius,original,video,False,train,17.449418008749507
data/processed/mauritius/video/not_augmented/cull2_pairblur_green_bg/head/224/20230831_141252/m--20230831_141252--f000254.jpg,20230831_141252,mauritius,original,video,False,train,48.92560187780276
data/processed/mauritius/video/not_augmented/cull2_pairblur_green_bg/head/224/20230831_141252/m--20230831_141252--f000256.jpg,20230831_141252,mauritius,original,video,False,train,112.8460219771303
data/processed/mauritius/video/not_augmented/cull2_pairblur_green_bg/head/224/20230831_141252/m--20230831_141252--f000258.jpg,20230831_141252,mauritius,original,video,False,train,169.59335140147243
data/processed/mauritius/video/not_augmented/cull2_pairblur_green_bg/head/224/20230831_141252/m--20230831_141252--f000260.jpg,20230831_141252,mauritius,original,video,False,train,219.38341039381936
data/processed/mauritius/video/not_augmented/cull2_pairblur_green_bg/head/224/20230831_141252/m--20230831_141252--f000262.jpg,20230831_141252,mauritius,original,video,False,train,265.7619977662684
data/processed/mauritius/video/not_augmented/cull2_pairblur_green_bg/head/224/20230831_141252/m--20230831_141252--f000264.jpg,20230831_141252,mauritius,original,video,False,train,274.26769739267775
data/processed/mauritius/video/not_augmented/cull2_pairblur_green_bg/head/224/20230831_141252/m--20230831_141252--f000266.jpg,20230831_141252,mauritius,original,video,False,train,277.0469346747504
data/processed/mauritius/video/not_augmented/cull2_pairblur_green_bg/head/224/20230831_141252/m--20230831_141252--f000268.jpg,20230831_141252,mauritius,original,video,False,train,257.35979347872467
data/processed/mauritius/video/not_augmented/cull2_pairblur_green_bg/head/224/20230831_141252/m--20230831_141252--f000270.jpg,20230831_141252,mauritius,original,video,False,train,234.13582176349897
data/processed/mauritius/video/not_augmented/cull2_pairblur_green_bg/head/224/20230831_141252/m--20230831_141252--f000272.jpg,20230831_141252,mauritius,original,video,False,train,268.32160792058824
data/processed/mauritius/video/not_augmented/cull2_pairblur_green_bg/head/224/20230831_141252/m--20230831_141252--f000274.jpg,20230831_141252,mauritius,original,video,False,train,288.40740557364353
data/processed/mauritius/video/not_augmented/cull2_pairblur_green_bg/head/224/20230831_141252/m--20230831_141252--f000276.jpg,20230831_141252,mauritius,original,video,False,train,299.0144889792617
data/processed/mauritius/video/not_augmented/cull2_pairblur_green_bg/head/224/20230831_141252/m--20230831_141252--f000278.jpg,20230831_141252,mauritius,original,video,False,train,300.0893255676244
data/processed/mauritius/video/not_augmented/cull2_pairblur_green_bg/head/224/20230831_141252/m--20230831_141252--f000280.jpg,20230831_141252,mauritius,original,video,False,train,308.6687060872102
data/processed/mauritius/video/not_augmented/cull2_pairblur_green_bg/head/224/20230831_141252/m--20230831_141252--f000282.jpg,20230831_141252,mauritius,original,video,False,train,311.5564212532949
data/processed/mauritius/video/not_augmented/cull2_pairblur_green_bg/head/224/20230831_141252/m--20230831_141252--f000284.jpg,20230831_141252,mauritius,original,video,False,train,297.1998365748579
data/processed/mauritius/video/not_augmented/cull2_pairblur_green_bg/head/224/20230831_141252/m--20230831_141252--f000286.jpg,20230831_141252,mauritius,original,video,False,train,311.2712849748477
data/processed/mauritius/video/not_augmented/cull2_pairblur_green_bg/head/224/20230831_141252/m--20230831_141252--f000288.jpg,20230831_141252,mauritius,original,video,False,train,308.05177774075815
data/processed/mauritius/video/not_augmented/cull2_pairblur_green_bg/head/224/20230831_141252/m--20230831_141252--f000290.jpg,20230831_141252,mauritius,original,video,False,train,322.73547093146345
data/processed/mauritius/video/not_augmented/cull2_pairblur_green_bg/head/224/20230831_141252/m--20230831_141252--f000292.jpg,20230831_141252,mauritius,original,video,False,train,328.56630656859215
data/processed/mauritius/video/not_augmented/cull2_pairblur_green_bg/head/224/20230831_141252/m--20230831_141252--f000294.jpg,20230831_141252,mauritius,original,video,False,train,330.61336096303256
data/processed/mauritius/video/not_augmented/cull2_pairblur_green_bg/head/224/20230831_141252/m--20230831_141252--f000296.jpg,20230831_141252,mauritius,original,video,False,train,224.205197189312
data/processed/mauritius/video/not_augmented/cull2_pairblur_green_bg/head/224/20230831_141252/m--20230831_141252--f000298.jpg,20230831_141252,mauritius,original,video,False,train,218.20210856787614
data/processed/mauritius/video/not_augmented/cull2_pairblur_green_bg/head/224/20230831_141252/m--20230831_141252--f000300.jpg,20230831_141252,mauritius,original,video,False,train,289.4626713867537
data/processed/mauritius/video/not_augmented/cull2_pairblur_green_bg/head/224/20230831_141252/m--20230831_141252--f000310.jpg,20230831_141252,mauritius,original,video,False,train,149.36427728318512
data/processed/mauritius/video/not_augmented/cull2_pairblur_green_bg/head/224/20230831_141252/m--20230831_141252--f001062.jpg,20230831_141252,mauritius,original,video,False,train,267.95527715496297
data/processed/mauritius/video/not_augmented/cull2_pairblur_green_bg/head/224/20230831_141252/m--20230831_141252--f001064.jpg,20230831_141252,mauritius,original,video,False,train,265.41543765904163
data/processed/mauritius/video/not_augmented/cull2_pairblur_green_bg/head/224/20230831_141252/m--20230831_141252--f001066.jpg,20230831_141252,mauritius,original,video,False,train,294.2454360646538
data/processed/mauritius/video/not_augmented/cull2_pairblur_green_bg/head/224/20230831_141252/m--20230831_141252--f001068.jpg,20230831_141252,mauritius,original,video,False,train,229.41751035994562
data/processed/mauritius/video/not_augmented/cull2_pairblur_green_bg/head/224/20230831_141252/m--20230831_141252--f001070.jpg,20230831_141252,mauritius,original,video,False,train,208.69810257688854
data/processed/mauritius/video/not_augmented/cull2_pairblur_green_bg/head/224/20230831_141252/m--20230831_141252--f001072.jpg,20230831_141252,mauritius,original,video,False,train,167.52961575255102
data/processed/mauritius/video/not_augmented/cull2_pairblur_green_bg/head/224/20230831_141252/m--20230831_141252--f001156.jpg,20230831_141252,mauritius,original,video,False,train,91.25474311132722
data/processed/mauritius/video/not_augmented/cull2_pairblur_green_bg/head/224/20230831_141252/m--20230831_141252--f001164.jpg,20230831_141252,mauritius,original,video,False,train,85.57643094354746
data/processed/mauritius/video/not_augmented/cull2_pairblur_green_bg/head/224/20230831_141252/m--20230831_141252--f001166.jpg,20230831_141252,mauritius,original,video,False,train,107.14841756022308
data/processed/mauritius/video/not_augmented/cull2_pairblur_green_bg/head/224/20230831_141252/m--20230831_141252--f001198.jpg,20230831_141252,mauritius,original,video,False,train,162.4212371877013
data/processed/mauritius/video/not_augmented/cull2_pairblur_green_bg/head/224/20230831_141252/m--20230831_141252--f001200.jpg,20230831_141252,mauritius,original,video,False,train,167.9553770691293
data/processed/mauritius/video/not_augmented/cull2_pairblur_green_bg/head/224/20230831_141252/m--20230831_141252--f001202.jpg,20230831_141252,mauritius,original,video,False,train,184.4945391202559
data/processed/mauritius/video/not_augmented/cull2_pairblur_green_bg/head/224/20230831_141252/m--20230831_141252--f001204.jpg,20230831_141252,mauritius,original,video,False,train,186.91495932364955
data/processed/mauritius/video/not_augmented/cull2_pairblur_green_bg/head/224/20230831_141252/m--20230831_141252--f001206.jpg,20230831_141252,mauritius,original,video,False,train,172.81867824619584
data/processed/mauritius/video/not_augmented/cull2_pairblur_green_bg/head/224/20230831_141252/m--20230831_141252--f001214.jpg,20230831_141252,mauritius,original,video,False,train,129.38249359702826
data/processed/mauritius/video/not_augmented/cull2_pairblur_green_bg/head/224/20230831_141252/m--20230831_141252--f001216.jpg,20230831_141252,mauritius,original,video,False,train,135.88675858427317
data/processed/mauritius/video/not_augmented/cull2_pairblur_green_bg/head/224/20230831_141252/m--20230831_141252--f001218.jpg,20230831_141252,mauritius,original,video,False,train,122.04906712428375
data/processed/mauritius/video/not_augmented/cull2_pairblur_green_bg/head/224/20230831_141252/m--20230831_141252--f001220.jpg,20230831_141252,mauritius,original,video,False,train,148.85128345672214
data/processed/mauritius/video/not_augmented/cull2_pairblur_green_bg/head/224/20230831_141252/m--20230831_141252--f001222.jpg,20230831_141252,mauritius,original,video,False,train,127.10112401794662
data/processed/mauritius/video/not_augmented/cull2_pairblur_green_bg/head/224/20230831_141252/m--20230831_141252--f001224.jpg,20230831_141252,mauritius,original,video,False,train,116.93146111298879
data/processed/mauritius/video/not_augmented/cull2_pairblur_green_bg/head/224/20230831_141252/m--20230831_141252--f001326.jpg,20230831_141252,mauritius,original,video,False,train,75.64634483389833
data/processed/mauritius/video/not_augmented/cull2_pairblur_green_bg/head/224/20230831_141252/m--20230831_141252--f001328.jpg,20230831_141252,mauritius,original,video,False,train,101.78332213052656
data/processed/mauritius/video/not_augmented/cull2_pairblur_green_bg/head/224/20230831_141252/m--20230831_141252--f001330.jpg,20230831_141252,mauritius,original,video,False,train,93.16772816192105
data/processed/mauritius/video/not_augmented/cull2_pairblur_green_bg/head/224/20230831_141252/m--20230831_141252--f001332.jpg,20230831_141252,mauritius,original,video,False,train,81.81090497672682
data/processed/mauritius/video/not_augmented/cull2_pairblur_green_bg/head/224/20230831_143044/m--20230831_143044--f000210.jpg,20230831_143044,mauritius,original,video,False,train,63.81959501121106
data/processed/mauritius/video/not_augmented/cull2_pairblur_green_bg/head/224/20230831_143044/m--20230831_143044--f000212.jpg,20230831_143044,mauritius,original,video,False,train,115.86774543403139
data/processed/mauritius/video/not_augmented/cull2_pairblur_green_bg/head/224/20230831_143044/m--20230831_143044--f000214.jpg,20230831_143044,mauritius,original,video,False,train,168.86694826398582
data/processed/mauritius/video/not_augmented/cull2_pairblur_green_bg/head/224/20230831_143044/m--20230831_143044--f000216.jpg,20230831_143044,mauritius,original,video,False,train,221.920220440996
data/processed/mauritius/video/not_augmented/cull2_pairblur_green_bg/head/224/20230831_143044/m--20230831_143044--f000218.jpg,20230831_143044,mauritius,original,video,False,train,219.74424027383753
data/processed/mauritius/video/not_augmented/cull2_pairblur_green_bg/head/224/20230831_143044/m--20230831_143044--f000220.jpg,20230831_143044,mauritius,original,video,False,train,227.08918603287788
data/processed/mauritius/video/not_augmented/cull2_pairblur_green_bg/head/224/20230831_143044/m--20230831_143044--f000222.jpg,20230831_143044,mauritius,original,video,False,train,235.33842869869426
data/processed/mauritius/video/not_augmented/cull2_pairblur_green_bg/head/224/20230831_143044/m--20230831_143044--f000224.jpg,20230831_143044,mauritius,original,video,False,train,236.47594462668386
data/processed/mauritius/video/not_augmented/cull2_pairblur_green_bg/head/224/20230831_143044/m--20230831_143044--f000226.jpg,20230831_143044,mauritius,original,video,False,train,231.25328833537517
data/processed/mauritius/video/not_augmented/cull2_pairblur_green_bg/head/224/20230831_143044/m--20230831_143044--f000228.jpg,20230831_143044,mauritius,original,video,False,train,143.2031249602801
data/processed/mauritius/video/not_augmented/cull2_pairblur_green_bg/head/224/20230831_143044/m--20230831_143044--f000288.jpg,20230831_143044,mauritius,original,video,False,train,80.4212571076183
data/processed/mauritius/video/not_augmented/cull2_pairblur_green_bg/head/224/20230831_143044/m--20230831_143044--f001070.jpg,20230831_143044,mauritius,original,video,False,train,56.429029747924424
data/processed/mauritius/video/not_augmented/cull2_pairblur_green_bg/head/224/20230831_143044/m--20230831_143044--f001072.jpg,20230831_143044,mauritius,original,video,False,train,64.20766897968132
data/processed/mauritius/video/not_augmented/cull2_pairblur_green_bg/head/224/20230831_143044/m--20230831_143044--f001074.jpg,20230831_143044,mauritius,original,video,False,train,218.8939531092741
data/processed/mauritius/video/not_augmented/cull2_pairblur_green_bg/head/224/20230831_143044/m--20230831_143044--f001076.jpg,20230831_143044,mauritius,original,video,False,train,208.65593112086023
data/processed/mauritius/video/not_augmented/cull2_pairblur_green_bg/head/224/20230831_143044/m--20230831_143044--f001078.jpg,20230831_143044,mauritius,original,video,False,train,211.53382090219407
data/processed/mauritius/video/not_augmented/cull2_pairblur_green_bg/head/224/20230831_143044/m--20230831_143044--f001374.jpg,20230831_143044,mauritius,original,video,False,train,138.93520804813934
data/processed/mauritius/video/not_augmented/cull2_pairblur_green_bg/head/224/20230831_143044/m--20230831_143044--f001376.jpg,20230831_143044,mauritius,original,video,False,train,211.41316560882672
data/processed/mauritius/video/not_augmented/cull2_pairblur_green_bg/head/224/20230831_143044/m--20230831_143044--f001378.jpg,20230831_143044,mauritius,original,video,False,train,247.64973292058832
data/processed/mauritius/video/not_augmented/cull2_pairblur_green_bg/head/224/20230831_143044/m--20230831_143044--f001380.jpg,20230831_143044,mauritius,original,video,False,train,265.8438895053538
data/processed/mauritius/video/not_augmented/cull2_pairblur_green_bg/head/224/20230831_143044/m--20230831_143044--f001382.jpg,20230831_143044,mauritius,original,video,False,train,262.40302135844075
data/processed/mauritius/video/not_augmented/cull2_pairblur_green_bg/head/224/20230831_143044/m--20230831_143044--f001384.jpg,20230831_143044,mauritius,original,video,False,train,258.8545913775729
data/processed/mauritius/video/not_augmented/cull2_pairblur_green_bg/head/224/20230831_143044/m--20230831_143044--f001386.jpg,20230831_143044,mauritius,original,video,False,train,215.35909590429185
data/processed/mauritius/video/not_augmented/cull2_pairblur_green_bg/head/224/20230831_143044/m--20230831_143044--f001388.jpg,20230831_143044,mauritius,original,video,False,train,257.4811463504967
data/processed/mauritius/video/not_augmented/cull2_pairblur_green_bg/head/224/20230831_143044/m--20230831_143044--f001390.jpg,20230831_143044,mauritius,original,video,False,train,256.1488161666946
data/processed/mauritius/video/not_augmented/cull2_pairblur_green_bg/head/224/20230831_143044/m--20230831_143044--f001392.jpg,20230831_143044,mauritius,original,video,False,train,233.23903858259484
data/processed/mauritius/video/not_augmented/cull2_pairblur_green_bg/head/224/20230831_143044/m--20230831_143044--f001394.jpg,20230831_143044,mauritius,original,video,False,train,192.98407567058786
data/processed/mauritius/video/not_augmented/cull2_pairblur_green_bg/head/224/20230831_143044/m--20230831_143044--f001396.jpg,20230831_143044,mauritius,original,video,False,train,212.69098757982553
data/processed/mauritius/video/not_augmented/cull2_pairblur_green_bg/head/224/20230831_143044/m--20230831_143044--f001398.jpg,20230831_143044,mauritius,original,video,False,train,218.58141342434766
data/processed/mauritius/video/not_augmented/cull2_pairblur_green_bg/head/224/20230831_143044/m--20230831_143044--f001400.jpg,20230831_143044,mauritius,original,video,False,train,204.9686503185922
data/processed/mauritius/video/not_augmented/cull2_pairblur_green_bg/head/224/20230831_143044/m--20230831_143044--f001406.jpg,20230831_143044,mauritius,original,video,False,train,175.08270840563415
data/processed/mauritius/video/not_augmented/cull2_pairblur_green_bg/head/224/20230831_143044/m--20230831_143044--f001408.jpg,20230831_143044,mauritius,original,video,False,train,104.74246650355798
data/processed/mauritius/video/not_augmented/cull2_pairblur_green_bg/head/224/20230831_155428/m--20230831_155428--f000152.jpg,20230831_155428,mauritius,original,video,False,train,12.709362952722106
data/processed/mauritius/video/not_augmented/cull2_pairblur_green_bg/head/224/20230831_155428/m--20230831_155428--f000154.jpg,20230831_155428,mauritius,original,video,False,train,8.388472570175432
data/processed/mauritius/video/not_augmented/cull2_pairblur_green_bg/head/224/20230831_155428/m--20230831_155428--f000164.jpg,20230831_155428,mauritius,original,video,False,train,1067.033641174901
data/processed/mauritius/video/not_augmented/cull2_pairblur_green_bg/head/224/20230831_155428/m--20230831_155428--f000166.jpg,20230831_155428,mauritius,original,video,False,train,1054.3333464912055
data/processed/mauritius/video/not_augmented/cull2_pairblur_green_bg/head/224/20230831_155428/m--20230831_155428--f000170.jpg,20230831_155428,mauritius,original,video,False,train,1186.2064931119596
data/processed/mauritius/video/not_augmented/cull2_pairblur_green_bg/head/224/20230831_155428/m--20230831_155428--f000180.jpg,20230831_155428,mauritius,original,video,False,train,1243.4972295411574
data/processed/mauritius/video/not_augmented/cull2_pairblur_green_bg/head/224/20230831_155428/m--20230831_155428--f000182.jpg,20230831_155428,mauritius,original,video,False,train,852.741888520123
data/processed/mauritius/video/not_augmented/cull2_pairblur_green_bg/head/224/20230831_155428/m--20230831_155428--f000184.jpg,20230831_155428,mauritius,original,video,False,train,1026.2097018351908
data/processed/mauritius/video/not_augmented/cull2_pairblur_green_bg/head/224/20230831_155428/m--20230831_155428--f000186.jpg,20230831_155428,mauritius,original,video,False,train,1205.1934589094442
data/processed/mauritius/video/not_augmented/cull2_pairblur_green_bg/head/224/20230831_155428/m--20230831_155428--f000190.jpg,20230831_155428,mauritius,original,video,False,train,1351.773716503558
data/processed/mauritius/video/not_augmented/cull2_pairblur_green_bg/head/224/20230831_155428/m--20230831_155428--f000192.jpg,20230831_155428,mauritius,original,video,False,train,1170.087352375744
data/processed/mauritius/video/not_augmented/cull2_pairblur_green_bg/head/224/20230831_155428/m--20230831_155428--f000194.jpg,20230831_155428,mauritius,original,video,False,train,819.8330277026271
data/processed/mauritius/video/not_augmented/cull2_pairblur_green_bg/head/224/20230831_155428/m--20230831_155428--f001002.jpg,20230831_155428,mauritius,original,video,False,train,35.66304606787615
data/processed/mauritius/video/not_augmented/cull2_pairblur_green_bg/head/224/20230831_155428/m--20230831_155428--f001004.jpg,20230831_155428,mauritius,original,video,False,train,23.324697052027375
data/processed/mauritius/video/not_augmented/cull2_pairblur_green_bg/head/224/20230831_155428/m--20230831_155428--f001008.jpg,20230831_155428,mauritius,original,video,False,train,80.7406126603838
data/processed/mauritius/video/not_augmented/cull2_pairblur_green_bg/head/224/20230831_155428/m--20230831_155428--f001016.jpg,20230831_155428,mauritius,original,video,False,train,53.950733316684456
data/processed/mauritius/video/not_augmented/cull2_pairblur_green_bg/head/224/20230831_155428/m--20230831_155428--f001018.jpg,20230831_155428,mauritius,original,video,False,train,46.34923053274348
data/processed/mauritius/video/not_augmented/cull2_pairblur_green_bg/head/224/20230831_155428/m--20230831_155428--f001020.jpg,20230831_155428,mauritius,original,video,False,train,97.90766490434218
data/processed/mauritius/video/not_augmented/cull2_pairblur_green_bg/head/224/20230831_155428/m--20230831_155428--f001022.jpg,20230831_155428,mauritius,original,video,False,train,82.43596539185575
data/processed/mauritius/video/not_augmented/cull2_pairblur_green_bg/head/224/20230831_155428/m--20230831_155428--f001098.jpg,20230831_155428,mauritius,original,video,False,train,114.47823652929188
data/processed/mauritius/video/not_augmented/cull2_pairblur_green_bg/head/224/20230831_155428/m--20230831_155428--f001102.jpg,20230831_155428,mauritius,original,video,False,train,775.2336574857903
data/processed/mauritius/video/not_augmented/cull2_pairblur_green_bg/head/224/20230831_155428/m--20230831_155428--f001104.jpg,20230831_155428,mauritius,original,video,False,train,616.3802414063562
data/processed/mauritius/video/not_augmented/cull2_pairblur_green_bg/head/224/20230831_155428/m--20230831_155428--f001106.jpg,20230831_155428,mauritius,original,video,False,train,107.30261473872173
data/processed/mauritius/video/not_augmented/cull2_pairblur_green_bg/head/224/20230831_155428/m--20230831_155428--f001110.jpg,20230831_155428,mauritius,original,video,False,train,235.43913422202826
data/processed/mauritius/video/not_augmented/cull2_pairblur_green_bg/head/224/20230831_155428/m--20230831_155428--f001112.jpg,20230831_155428,mauritius,original,video,False,train,65.78726881218672
data/processed/mauritius/video/not_augmented/cull2_pairblur_green_bg/head/224/20230831_155428/m--20230831_155428--f001118.jpg,20230831_155428,mauritius,original,video,False,train,167.62689308720994
data/processed/mauritius/video/not_augmented/cull2_pairblur_green_bg/head/224/20230831_155428/m--20230831_155428--f001142.jpg,20230831_155428,mauritius,original,video,False,train,448.0831672191025
data/processed/mauritius/video/not_augmented/cull2_pairblur_green_bg/head/224/20230831_155428/m--20230831_155428--f001146.jpg,20230831_155428,mauritius,original,video,False,train,389.96247206604124
data/processed/mauritius/video/not_augmented/cull2_pairblur_green_bg/head/224/20230831_155428/m--20230831_155428--f001152.jpg,20230831_155428,mauritius,original,video,False,train,13.230448753026465
data/processed/mauritius/video/not_augmented/cull2_pairblur_green_bg/head/224/20230831_155428/m--20230831_155428--f001154.jpg,20230831_155428,mauritius,original,video,False,train,21.919443552318295
data/processed/mauritius/video/not_augmented/cull2_pairblur_green_bg/head/224/20230831_155428/m--20230831_155428--f001156.jpg,20230831_155428,mauritius,original,video,False,train,56.46878983427316
data/processed/mauritius/video/not_augmented/cull2_pairblur_green_bg/head/224/20230831_155428/m--20230831_155428--f001158.jpg,20230831_155428,mauritius,original,video,False,train,129.6302415461701
data/processed/mauritius/video/not_augmented/cull2_pairblur_green_bg/head/224/20230831_155428/m--20230831_155428--f001160.jpg,20230831_155428,mauritius,original,video,False,train,53.845703118644835
data/processed/mauritius/video/not_augmented/cull2_pairblur_green_bg/head/224/20230831_155428/m--20230831_155428--f001162.jpg,20230831_155428,mauritius,original,video,False,train,147.35445231787614
data/processed/mauritius/video/not_augmented/cull2_pairblur_green_bg/head/224/20230831_155428/m--20230831_155428--f001166.jpg,20230831_155428,mauritius,original,video,False,train,97.1648198198845
data/processed/mauritius/video/not_augmented/cull2_pairblur_green_bg/head/224/20230831_161620/m--20230831_161620--f000152.jpg,20230831_161620,mauritius,original,video,False,test,23.105149643662475
data/processed/mauritius/video/not_augmented/cull2_pairblur_green_bg/head/224/20230831_161620/m--20230831_161620--f000154.jpg,20230831_161620,mauritius,original,video,False,test,22.157126873545426
data/processed/mauritius/video/not_augmented/cull2_pairblur_green_bg/head/224/20230831_161620/m--20230831_161620--f000156.jpg,20230831_161620,mauritius,original,video,False,test,72.63498484338635
data/processed/mauritius/video/not_augmented/cull2_pairblur_green_bg/head/224/20230831_161620/m--20230831_161620--f000158.jpg,20230831_161620,mauritius,original,video,False,test,25.141940312701333
data/processed/mauritius/video/not_augmented/cull2_pairblur_green_bg/head/224/20230831_161620/m--20230831_161620--f000162.jpg,20230831_161620,mauritius,original,video,False,test,23.781369521885004
data/processed/mauritius/video/not_augmented/cull2_pairblur_green_bg/head/224/20230831_161620/m--20230831_161620--f000166.jpg,20230831_161620,mauritius,original,video,False,test,21.599131058673468
data/processed/mauritius/video/not_augmented/cull2_pairblur_green_bg/head/224/20230831_161620/m--20230831_161620--f000168.jpg,20230831_161620,mauritius,original,video,False,test,22.85227993476992
data/processed/mauritius/video/not_augmented/cull2_pairblur_green_bg/head/224/20230831_161620/m--20230831_161620--f000170.jpg,20230831_161620,mauritius,original,video,False,test,23.815708704959945
data/processed/mauritius/video/not_augmented/cull2_pairblur_green_bg/head/224/20230831_161620/m--20230831_161620--f000172.jpg,20230831_161620,mauritius,original,video,False,test,42.45340401626835
data/processed/mauritius/video/not_augmented/cull2_pairblur_green_bg/head/224/20230831_161620/m--20230831_161620--f000174.jpg,20230831_161620,mauritius,original,video,False,test,77.13974800888371
data/processed/mauritius/video/not_augmented/cull2_pairblur_green_bg/head/224/20230831_161620/m--20230831_161620--f000176.jpg,20230831_161620,mauritius,original,video,False,test,123.28364150378167
data/processed/mauritius/video/not_augmented/cull2_pairblur_green_bg/head/224/20230831_161620/m--20230831_161620--f000178.jpg,20230831_161620,mauritius,original,video,False,test,81.77080672048419
data/processed/mauritius/video/not_augmented/cull2_pairblur_green_bg/head/224/20230831_161620/m--20230831_161620--f000180.jpg,20230831_161620,mauritius,original,video,False,test,76.66228873369248
data/processed/mauritius/video/not_augmented/cull2_pairblur_green_bg/head/224/20230831_161620/m--20230831_161620--f000182.jpg,20230831_161620,mauritius,original,video,False,test,58.32138871173469
data/processed/mauritius/video/not_augmented/cull2_pairblur_green_bg/head/224/20230831_161620/m--20230831_161620--f000184.jpg,20230831_161620,mauritius,original,video,False,test,108.81150350765306
data/processed/mauritius/video/not_augmented/cull2_pairblur_green_bg/head/224/20230831_161620/m--20230831_161620--f000186.jpg,20230831_161620,mauritius,original,video,False,test,149.39600604437427
data/processed/mauritius/video/not_augmented/cull2_pairblur_green_bg/head/224/20230831_161620/m--20230831_161620--f000188.jpg,20230831_161620,mauritius,original,video,False,test,184.21801259208846
data/processed/mauritius/video/not_augmented/cull2_pairblur_green_bg/head/224/20230831_161620/m--20230831_161620--f000190.jpg,20230831_161620,mauritius,original,video,False,test,179.60042640935475
data/processed/mauritius/video/not_augmented/cull2_pairblur_green_bg/head/224/20230831_161620/m--20230831_161620--f000192.jpg,20230831_161620,mauritius,original,video,False,test,176.6841118688238
data/processed/mauritius/video/not_augmented/cull2_pairblur_green_bg/head/224/20230831_161620/m--20230831_161620--f000194.jpg,20230831_161620,mauritius,original,video,False,test,165.20798788265307
data/processed/mauritius/video/not_augmented/cull2_pairblur_green_bg/head/224/20230831_161620/m--20230831_161620--f000196.jpg,20230831_161620,mauritius,original,video,False,test,197.6993781871867
data/processed/mauritius/video/not_augmented/cull2_pairblur_green_bg/head/224/20230831_161620/m--20230831_161620--f000198.jpg,20230831_161620,mauritius,original,video,False,test,187.22602437466992
data/processed/mauritius/video/not_augmented/cull2_pairblur_green_bg/head/224/20230831_161620/m--20230831_161620--f000200.jpg,20230831_161620,mauritius,original,video,False,test,170.4434589920616
data/processed/mauritius/video/not_augmented/cull2_pairblur_green_bg/head/224/20230831_161620/m--20230831_161620--f000202.jpg,20230831_161620,mauritius,original,video,False,test,178.91653379943162
data/processed/mauritius/video/not_augmented/cull2_pairblur_green_bg/head/224/20230831_161620/m--20230831_161620--f000204.jpg,20230831_161620,mauritius,original,video,False,test,169.75039857151802
data/processed/mauritius/video/not_augmented/cull2_pairblur_green_bg/head/224/20230831_161620/m--20230831_161620--f000206.jpg,20230831_161620,mauritius,original,video,False,test,187.1019409569737
data/processed/mauritius/video/not_augmented/cull2_pairblur_green_bg/head/224/20230831_161620/m--20230831_161620--f000208.jpg,20230831_161620,mauritius,original,video,False,test,176.3412188200691
data/processed/mauritius/video/not_augmented/cull2_pairblur_green_bg/head/224/20230831_161620/m--20230831_161620--f000210.jpg,20230831_161620,mauritius,original,video,False,test,207.17986682056141
data/processed/mauritius/video/not_augmented/cull2_pairblur_green_bg/head/224/20230831_161620/m--20230831_161620--f000212.jpg,20230831_161620,mauritius,original,video,False,test,203.30416926678296
data/processed/mauritius/video/not_augmented/cull2_pairblur_green_bg/head/224/20230831_161620/m--20230831_161620--f000214.jpg,20230831_161620,mauritius,original,video,False,test,200.80731797128954
data/processed/mauritius/video/not_augmented/cull2_pairblur_green_bg/head/224/20230831_161620/m--20230831_161620--f000216.jpg,20230831_161620,mauritius,original,video,False,test,201.68132174586023
data/processed/mauritius/video/not_augmented/cull2_pairblur_green_bg/head/224/20230831_161620/m--20230831_161620--f000218.jpg,20230831_161620,mauritius,original,video,False,test,190.27130498691477
data/processed/mauritius/video/not_augmented/cull2_pairblur_green_bg/head/224/20230831_161620/m--20230831_161620--f000220.jpg,20230831_161620,mauritius,original,video,False,test,169.29276944994186
data/processed/mauritius/video/not_augmented/cull2_pairblur_green_bg/head/224/20230831_161620/m--20230831_161620--f000222.jpg,20230831_161620,mauritius,original,video,False,test,141.54474241700782
data/processed/mauritius/video/not_augmented/cull2_pairblur_green_bg/head/224/20230831_161620/m--20230831_161620--f000224.jpg,20230831_161620,mauritius,original,video,False,test,98.04432396529269
data/processed/mauritius/video/not_augmented/cull2_pairblur_green_bg/head/224/20230831_161620/m--20230831_161620--f000226.jpg,20230831_161620,mauritius,original,video,False,test,53.772061796796066
data/processed/mauritius/video/not_augmented/cull2_pairblur_green_bg/head/224/20230831_161620/m--20230831_161620--f000228.jpg,20230831_161620,mauritius,original,video,False,test,28.97189891422753
data/processed/mauritius/video/not_augmented/cull2_pairblur_green_bg/head/224/20230831_161620/m--20230831_161620--f000230.jpg,20230831_161620,mauritius,original,video,False,test,18.448521185894403
data/processed/mauritius/video/not_augmented/cull2_pairblur_green_bg/head/224/20230831_161620/m--20230831_161620--f000232.jpg,20230831_161620,mauritius,original,video,False,test,13.79442362525174
data/processed/mauritius/video/not_augmented/cull2_pairblur_green_bg/head/224/20230831_161620/m--20230831_161620--f000234.jpg,20230831_161620,mauritius,original,video,False,test,10.379543998746861
data/processed/mauritius/video/not_augmented/cull2_pairblur_green_bg/head/224/20230831_161620/m--20230831_161620--f001140.jpg,20230831_161620,mauritius,original,video,False,test,243.35520964252706
data/processed/mauritius/video/not_augmented/cull2_pairblur_green_bg/head/224/20230831_161620/m--20230831_161620--f001142.jpg,20230831_161620,mauritius,original,video,False,test,240.609375
data/processed/mauritius/video/not_augmented/cull2_pairblur_green_bg/head/224/20230831_161620/m--20230831_161620--f001144.jpg,20230831_161620,mauritius,original,video,False,test,240.05361128667647
data/processed/mauritius/video/not_augmented/cull2_pairblur_green_bg/head/224/20230831_161620/m--20230831_161620--f001146.jpg,20230831_161620,mauritius,original,video,False,test,253.8345822132115
data/processed/mauritius/video/not_augmented/cull2_pairblur_green_bg/head/224/20230831_161620/m--20230831_161620--f001148.jpg,20230831_161620,mauritius,original,video,False,test,246.49834581912933
data/processed/mauritius/video/not_augmented/cull2_pairblur_green_bg/head/224/20230831_161620/m--20230831_161620--f001150.jpg,20230831_161620,mauritius,original,video,False,test,179.40770485936383
data/processed/mauritius/video/not_augmented/cull2_pairblur_green_bg/head/224/20230831_161620/m--20230831_161620--f001152.jpg,20230831_161620,mauritius,original,video,False,test,184.21777343710275
data/processed/mauritius/video/not_augmented/cull2_pairblur_green_bg/head/224/20230831_161620/m--20230831_161620--f001154.jpg,20230831_161620,mauritius,original,video,False,test,212.33737243468045
data/processed/mauritius/video/not_augmented/cull2_pairblur_green_bg/head/224/20230831_161620/m--20230831_161620--f001156.jpg,20230831_161620,mauritius,original,video,False,test,197.46332908004382
data/processed/mauritius/video/not_augmented/cull2_pairblur_green_bg/head/224/20230831_161620/m--20230831_161620--f001158.jpg,20230831_161620,mauritius,original,video,False,test,199.6207549231393
data/processed/mauritius/video/not_augmented/cull2_pairblur_green_bg/head/224/20230831_161620/m--20230831_161620--f001160.jpg,20230831_161620,mauritius,original,video,False,test,188.18542729591837
data/processed/mauritius/video/not_augmented/cull2_pairblur_green_bg/head/224/20230831_161620/m--20230831_161620--f001162.jpg,20230831_161620,mauritius,original,video,False,test,224.6559510518987
data/processed/mauritius/video/not_augmented/cull2_pairblur_green_bg/head/224/20230831_161620/m--20230831_161620--f001164.jpg,20230831_161620,mauritius,original,video,False,test,227.52252071274162
data/processed/mauritius/video/not_augmented/cull2_pairblur_green_bg/head/224/20230831_161620/m--20230831_161620--f001166.jpg,20230831_161620,mauritius,original,video,False,test,226.21703600774256
data/processed/mauritius/video/not_augmented/cull2_pairblur_green_bg/head/224/20230831_161620/m--20230831_161620--f001168.jpg,20230831_161620,mauritius,original,video,False,test,216.02806103224563
data/processed/mauritius/video/not_augmented/cull2_pairblur_green_bg/head/224/20230831_161620/m--20230831_161620--f001170.jpg,20230831_161620,mauritius,original,video,False,test,211.39375396650664
data/processed/mauritius/video/not_augmented/cull2_pairblur_green_bg/head/224/20230831_161620/m--20230831_161620--f001172.jpg,20230831_161620,mauritius,original,video,False,test,229.46568049216762
data/processed/mauritius/video/not_augmented/cull2_pairblur_green_bg/head/224/20230831_161620/m--20230831_161620--f001174.jpg,20230831_161620,mauritius,original,video,False,test,249.9119897895632
data/processed/mauritius/video/not_augmented/cull2_pairblur_green_bg/head/224/20230831_161620/m--20230831_161620--f001176.jpg,20230831_161620,mauritius,original,video,False,test,242.05287386446582
data/processed/mauritius/video/not_augmented/cull2_pairblur_green_bg/head/224/20230831_161620/m--20230831_161620--f001178.jpg,20230831_161620,mauritius,original,video,False,test,242.2119339780478
data/processed/mauritius/video/not_augmented/cull2_pairblur_green_bg/head/224/20230831_161620/m--20230831_161620--f001180.jpg,20230831_161620,mauritius,original,video,False,test,274.42398752405563
data/processed/mauritius/video/not_augmented/cull2_pairblur_green_bg/head/224/20230831_161620/m--20230831_161620--f001182.jpg,20230831_161620,mauritius,original,video,False,test,254.1865632936191
data/processed/mauritius/video/not_augmented/cull2_pairblur_green_bg/head/224/20230831_161620/m--20230831_161620--f001184.jpg,20230831_161620,mauritius,original,video,False,test,238.89708214171574
data/processed/mauritius/video/not_augmented/cull2_pairblur_green_bg/head/224/20230831_161620/m--20230831_161620--f001186.jpg,20230831_161620,mauritius,original,video,False,test,207.38215474792446
data/processed/mauritius/video/not_augmented/cull2_pairblur_green_bg/head/224/20230831_161620/m--20230831_161620--f001188.jpg,20230831_161620,mauritius,original,video,False,test,138.2885442985589
data/processed/mauritius/video/not_augmented/cull2_pairblur_green_bg/head/224/20230831_161620/m--20230831_161620--f001190.jpg,20230831_161620,mauritius,original,video,False,test,56.169901897092004
data/processed/mauritius/video/not_augmented/cull2_pairblur_green_bg/head/224/20230831_161620/m--20230831_161620--f001192.jpg,20230831_161620,mauritius,original,video,False,test,106.23582987842933
data/processed/mauritius/video/not_augmented/cull2_pairblur_green_bg/head/224/20230831_161620/m--20230831_161620--f001194.jpg,20230831_161620,mauritius,original,video,False,test,71.03200733418367
data/processed/mauritius/video/not_augmented/cull2_pairblur_green_bg/head/224/20230831_161620/m--20230831_161620--f001196.jpg,20230831_161620,mauritius,original,video,False,test,74.64405285582251
data/processed/mauritius/video/not_augmented/cull2_pairblur_green_bg/head/224/20230831_161620/m--20230831_161620--f001198.jpg,20230831_161620,mauritius,original,video,False,test,96.95204876284458
data/processed/mauritius/video/not_augmented/cull2_pairblur_green_bg/head/224/20230831_161620/m--20230831_161620--f001200.jpg,20230831_161620,mauritius,original,video,False,test,142.93682232800745
data/processed/mauritius/video/not_augmented/cull2_pairblur_green_bg/head/224/20230831_161620/m--20230831_161620--f001202.jpg,20230831_161620,mauritius,original,video,False,test,121.19728554491698
data/processed/mauritius/video/not_augmented/cull2_pairblur_green_bg/head/224/20230831_161620/m--20230831_161620--f001204.jpg,20230831_161620,mauritius,original,video,False,test,115.05080116991695
data/processed/mauritius/video/not_augmented/cull2_pairblur_green_bg/head/224/20230831_161620/m--20230831_161620--f001206.jpg,20230831_161620,mauritius,original,video,False,test,176.05642137722094
data/processed/mauritius/video/not_augmented/cull2_pairblur_green_bg/head/224/20230831_161620/m--20230831_161620--f001208.jpg,20230831_161620,mauritius,original,video,False,test,189.8672472414798
data/processed/mauritius/video/not_augmented/cull2_pairblur_green_bg/head/224/20230831_161620/m--20230831_161620--f001210.jpg,20230831_161620,mauritius,original,video,False,test,108.21249202647243
data/processed/mauritius/video/not_augmented/cull2_pairblur_green_bg/head/224/20230831_161620/m--20230831_161620--f001212.jpg,20230831_161620,mauritius,original,video,False,test,119.32122926660399
data/processed/mauritius/video/not_augmented/cull2_pairblur_green_bg/head/224/20230831_161620/m--20230831_161620--f001214.jpg,20230831_161620,mauritius,original,video,False,test,139.9216159115926
data/processed/mauritius/video/not_augmented/cull2_pairblur_green_bg/head/224/20230831_161620/m--20230831_161620--f001216.jpg,20230831_161620,mauritius,original,video,False,test,112.09345100423486
data/processed/mauritius/video/not_augmented/cull2_pairblur_green_bg/head/224/20230831_161620/m--20230831_161620--f001218.jpg,20230831_161620,mauritius,original,video,False,test,128.69146603596604
data/processed/mauritius/video/not_augmented/cull2_pairblur_green_bg/head/224/20230831_161620/m--20230831_161620--f001220.jpg,20230831_161620,mauritius,original,video,False,test,157.64229910555406
data/processed/mauritius/video/not_augmented/cull2_pairblur_green_bg/head/224/20230831_165242/m--20230831_165242--f000148.jpg,20230831_165242,mauritius,original,video,False,train,12.21942757507604
data/processed/mauritius/video/not_augmented/cull2_pairblur_green_bg/head/224/20230831_165242/m--20230831_165242--f000150.jpg,20230831_165242,mauritius,original,video,False,train,13.462830815996442
data/processed/mauritius/video/not_augmented/cull2_pairblur_green_bg/head/224/20230831_165242/m--20230831_165242--f000154.jpg,20230831_165242,mauritius,original,video,False,train,15.760841797014816
data/processed/mauritius/video/not_augmented/cull2_pairblur_green_bg/head/224/20230831_165242/m--20230831_165242--f000156.jpg,20230831_165242,mauritius,original,video,False,train,17.93211893497135
data/processed/mauritius/video/not_augmented/cull2_pairblur_green_bg/head/224/20230831_165242/m--20230831_165242--f000158.jpg,20230831_165242,mauritius,original,video,False,train,26.2347337372449
data/processed/mauritius/video/not_augmented/cull2_pairblur_green_bg/head/224/20230831_165242/m--20230831_165242--f000160.jpg,20230831_165242,mauritius,original,video,False,train,23.56558912270073
data/processed/mauritius/video/not_augmented/cull2_pairblur_green_bg/head/224/20230831_165242/m--20230831_165242--f000162.jpg,20230831_165242,mauritius,original,video,False,train,19.143454998545426
data/processed/mauritius/video/not_augmented/cull2_pairblur_green_bg/head/224/20230831_165242/m--20230831_165242--f000200.jpg,20230831_165242,mauritius,original,video,False,train,61.49463882311241
data/processed/mauritius/video/not_augmented/cull2_pairblur_green_bg/head/224/20230831_165242/m--20230831_165242--f000202.jpg,20230831_165242,mauritius,original,video,False,train,109.89467071086753
data/processed/mauritius/video/not_augmented/cull2_pairblur_green_bg/head/224/20230831_165242/m--20230831_165242--f000204.jpg,20230831_165242,mauritius,original,video,False,train,109.42032034324635
data/processed/mauritius/video/not_augmented/cull2_pairblur_green_bg/head/224/20230831_165242/m--20230831_165242--f000212.jpg,20230831_165242,mauritius,original,video,False,train,93.24487801940676
data/processed/mauritius/video/not_augmented/cull2_pairblur_green_bg/head/224/20230831_165242/m--20230831_165242--f000214.jpg,20230831_165242,mauritius,original,video,False,train,80.35453201502077
data/processed/mauritius/video/not_augmented/cull2_pairblur_green_bg/head/224/20230831_165242/m--20230831_165242--f000216.jpg,20230831_165242,mauritius,original,video,False,train,120.7261435406648
data/processed/mauritius/video/not_augmented/cull2_pairblur_green_bg/head/224/20230831_165242/m--20230831_165242--f000218.jpg,20230831_165242,mauritius,original,video,False,train,154.99176894104122
data/processed/mauritius/video/not_augmented/cull2_pairblur_green_bg/head/224/20230831_165242/m--20230831_165242--f000220.jpg,20230831_165242,mauritius,original,video,False,train,160.96613915787793
data/processed/mauritius/video/not_augmented/cull2_pairblur_green_bg/head/224/20230831_165242/m--20230831_165242--f000222.jpg,20230831_165242,mauritius,original,video,False,train,109.02270000629352
data/processed/mauritius/video/not_augmented/cull2_pairblur_green_bg/head/224/20230831_165242/m--20230831_165242--f000224.jpg,20230831_165242,mauritius,original,video,False,train,87.88149702841916
data/processed/mauritius/video/not_augmented/cull2_pairblur_green_bg/head/224/20230831_165242/m--20230831_165242--f000226.jpg,20230831_165242,mauritius,original,video,False,train,82.8039102323946
data/processed/mauritius/video/not_augmented/cull2_pairblur_green_bg/head/224/20230831_165242/m--20230831_165242--f000228.jpg,20230831_165242,mauritius,original,video,False,train,85.41553730231828
data/processed/mauritius/video/not_augmented/cull2_pairblur_green_bg/head/224/20230831_165242/m--20230831_165242--f000230.jpg,20230831_165242,mauritius,original,video,False,train,101.28374123047016
data/processed/mauritius/video/not_augmented/cull2_pairblur_green_bg/head/224/20230831_165242/m--20230831_165242--f000232.jpg,20230831_165242,mauritius,original,video,False,train,169.90244336706155
data/processed/mauritius/video/not_augmented/cull2_pairblur_green_bg/head/224/20230831_165242/m--20230831_165242--f000234.jpg,20230831_165242,mauritius,original,video,False,train,173.37503985810508
data/processed/mauritius/video/not_augmented/cull2_pairblur_green_bg/head/224/20230831_165242/m--20230831_165242--f000236.jpg,20230831_165242,mauritius,original,video,False,train,170.7016102537817
data/processed/mauritius/video/not_augmented/cull2_pairblur_green_bg/head/224/20230831_165242/m--20230831_165242--f000238.jpg,20230831_165242,mauritius,original,video,False,train,133.23937732445503
data/processed/mauritius/video/not_augmented/cull2_pairblur_green_bg/head/224/20230831_165242/m--20230831_165242--f000240.jpg,20230831_165242,mauritius,original,video,False,train,150.33589763395094
data/processed/mauritius/video/not_augmented/cull2_pairblur_green_bg/head/224/20230831_165242/m--20230831_165242--f000242.jpg,20230831_165242,mauritius,original,video,False,train,174.31929607740892
data/processed/mauritius/video/not_augmented/cull2_pairblur_green_bg/head/224/20230831_165242/m--20230831_165242--f000244.jpg,20230831_165242,mauritius,original,video,False,train,166.21127609727975
data/processed/mauritius/video/not_augmented/cull2_pairblur_green_bg/head/224/20230831_165242/m--20230831_165242--f000246.jpg,20230831_165242,mauritius,original,video,False,train,162.92570152425705
data/processed/mauritius/video/not_augmented/cull2_pairblur_green_bg/head/224/20230831_165242/m--20230831_165242--f000248.jpg,20230831_165242,mauritius,original,video,False,train,105.74764822086459
data/processed/mauritius/video/not_augmented/cull2_pairblur_green_bg/head/224/20230831_165242/m--20230831_165242--f000250.jpg,20230831_165242,mauritius,original,video,False,train,105.90473532527747
data/processed/mauritius/video/not_augmented/cull2_pairblur_green_bg/head/224/20230831_165242/m--20230831_165242--f000252.jpg,20230831_165242,mauritius,original,video,False,train,113.63942918376299
data/processed/mauritius/video/not_augmented/cull2_pairblur_green_bg/head/224/20230831_165242/m--20230831_165242--f000254.jpg,20230831_165242,mauritius,original,video,False,train,97.24483721596854
data/processed/mauritius/video/not_augmented/cull2_pairblur_green_bg/head/224/20230831_165242/m--20230831_165242--f000256.jpg,20230831_165242,mauritius,original,video,False,train,102.77820068535732
data/processed/mauritius/video/not_augmented/cull2_pairblur_green_bg/head/224/20230831_165242/m--20230831_165242--f000258.jpg,20230831_165242,mauritius,original,video,False,train,96.50851002518012
data/processed/mauritius/video/not_augmented/cull2_pairblur_green_bg/head/224/20230831_165242/m--20230831_165242--f000260.jpg,20230831_165242,mauritius,original,video,False,train,40.04844920965891
data/processed/mauritius/video/not_augmented/cull2_pairblur_green_bg/head/224/20230831_165242/m--20230831_165242--f000262.jpg,20230831_165242,mauritius,original,video,False,train,20.79320790657447
data/processed/mauritius/video/not_augmented/cull2_pairblur_green_bg/head/224/20230831_165242/m--20230831_165242--f000264.jpg,20230831_165242,mauritius,original,video,False,train,13.168406437655777
data/processed/mauritius/video/not_augmented/cull2_pairblur_green_bg/head/224/20230831_165242/m--20230831_165242--f000266.jpg,20230831_165242,mauritius,original,video,False,train,9.37442108076446
data/processed/mauritius/video/not_augmented/cull2_pairblur_green_bg/head/224/20230831_165242/m--20230831_165242--f000268.jpg,20230831_165242,mauritius,original,video,False,train,9.3804607208646
data/processed/mauritius/video/not_augmented/cull2_pairblur_green_bg/head/224/20230831_165242/m--20230831_165242--f000582.jpg,20230831_165242,mauritius,original,video,False,train,29.16232857114322
data/processed/mauritius/video/not_augmented/cull2_pairblur_green_bg/head/224/20230831_165242/m--20230831_165242--f000584.jpg,20230831_165242,mauritius,original,video,False,train,32.823680596071604
data/processed/mauritius/video/not_augmented/cull2_pairblur_green_bg/head/224/20230831_165242/m--20230831_165242--f000586.jpg,20230831_165242,mauritius,original,video,False,train,45.566446069974
data/processed/mauritius/video/not_augmented/cull2_pairblur_green_bg/head/224/20230831_165242/m--20230831_165242--f000588.jpg,20230831_165242,mauritius,original,video,False,train,46.0987722435776
data/processed/mauritius/video/not_augmented/cull2_pairblur_green_bg/head/224/20230831_165242/m--20230831_165242--f000594.jpg,20230831_165242,mauritius,original,video,False,train,49.38819355231829
data/processed/mauritius/video/not_augmented/cull2_pairblur_green_bg/head/224/20230831_165242/m--20230831_165242--f001102.jpg,20230831_165242,mauritius,original,video,False,train,102.99378186233437
data/processed/mauritius/video/not_augmented/cull2_pairblur_green_bg/head/224/20230831_165242/m--20230831_165242--f001104.jpg,20230831_165242,mauritius,original,video,False,train,127.81082589126834
data/processed/mauritius/video/not_augmented/cull2_pairblur_green_bg/head/224/20230831_165242/m--20230831_165242--f001106.jpg,20230831_165242,mauritius,original,video,False,train,111.12454160359046
data/processed/mauritius/video/not_augmented/cull2_pairblur_green_bg/head/224/20230831_165242/m--20230831_165242--f001108.jpg,20230831_165242,mauritius,original,video,False,train,130.45866503828717
data/processed/mauritius/video/not_augmented/cull2_pairblur_green_bg/head/224/20230831_165242/m--20230831_165242--f001110.jpg,20230831_165242,mauritius,original,video,False,train,126.25544067304962
data/processed/mauritius/video/not_augmented/cull2_pairblur_green_bg/head/224/20230831_165242/m--20230831_165242--f001112.jpg,20230831_165242,mauritius,original,video,False,train,150.51108098059882
data/processed/mauritius/video/not_augmented/cull2_pairblur_green_bg/head/224/20230831_165242/m--20230831_165242--f001114.jpg,20230831_165242,mauritius,original,video,False,train,154.85094446462676
data/processed/mauritius/video/not_augmented/cull2_pairblur_green_bg/head/224/20230831_165242/m--20230831_165242--f001116.jpg,20230831_165242,mauritius,original,video,False,train,172.86196572122248
data/processed/mauritius/video/not_augmented/cull2_pairblur_green_bg/head/224/20230831_165242/m--20230831_165242--f001118.jpg,20230831_165242,mauritius,original,video,False,train,157.62575720549125
data/processed/mauritius/video/not_augmented/cull2_pairblur_green_bg/head/224/20230831_165242/m--20230831_165242--f001120.jpg,20230831_165242,mauritius,original,video,False,train,149.15234372457928
data/processed/mauritius/video/not_augmented/cull2_pairblur_green_bg/head/224/20230831_165242/m--20230831_165242--f001122.jpg,20230831_165242,mauritius,original,video,False,train,148.90314093752238
data/processed/mauritius/video/not_augmented/cull2_pairblur_green_bg/head/224/20230831_165242/m--20230831_165242--f001124.jpg,20230831_165242,mauritius,original,video,False,train,151.085698316416
data/processed/mauritius/video/not_augmented/cull2_pairblur_green_bg/head/224/20230831_165242/m--20230831_165242--f001126.jpg,20230831_165242,mauritius,original,video,False,train,138.650549904896
data/processed/mauritius/video/not_augmented/cull2_pairblur_green_bg/head/224/20230831_165242/m--20230831_165242--f001128.jpg,20230831_165242,mauritius,original,video,False,train,120.06991382521026
data/processed/mauritius/video/not_augmented/cull2_pairblur_green_bg/head/224/20230831_165242/m--20230831_165242--f001130.jpg,20230831_165242,mauritius,original,video,False,train,139.6626868539927
data/processed/mauritius/video/not_augmented/cull2_pairblur_green_bg/head/224/20230831_165242/m--20230831_165242--f001132.jpg,20230831_165242,mauritius,original,video,False,train,147.57726787319288
data/processed/mauritius/video/not_augmented/cull2_pairblur_green_bg/head/224/20230831_165242/m--20230831_165242--f001134.jpg,20230831_165242,mauritius,original,video,False,train,143.5911192586153
data/processed/mauritius/video/not_augmented/cull2_pairblur_green_bg/head/224/20230831_165242/m--20230831_165242--f001136.jpg,20230831_165242,mauritius,original,video,False,train,139.67562179692533
data/processed/mauritius/video/not_augmented/cull2_pairblur_green_bg/head/224/20230831_165242/m--20230831_165242--f001138.jpg,20230831_165242,mauritius,original,video,False,train,120.8911033020274
data/processed/mauritius/video/not_augmented/cull2_pairblur_green_bg/head/224/20230831_165242/m--20230831_165242--f001452.jpg,20230831_165242,mauritius,original,video,False,train,45.55042250639991
data/processed/mauritius/video/not_augmented/cull2_pairblur_green_bg/head/224/20230831_165242/m--20230831_165242--f001454.jpg,20230831_165242,mauritius,original,video,False,train,34.46223293012105
data/processed/mauritius/video/not_augmented/cull2_pairblur_green_bg/head/224/20230831_165242/m--20230831_165242--f001456.jpg,20230831_165242,mauritius,original,video,False,train,41.28390066924566
data/processed/mauritius/video/not_augmented/cull2_pairblur_green_bg/head/224/20230831_165242/m--20230831_165242--f001458.jpg,20230831_165242,mauritius,original,video,False,train,78.05959014066404
data/processed/mauritius/video/not_augmented/cull2_pairblur_green_bg/head/224/20230831_165242/m--20230831_165242--f001460.jpg,20230831_165242,mauritius,original,video,False,train,57.27022879424566
data/processed/mauritius/video/not_augmented/cull2_pairblur_green_bg/head/224/20230831_165242/m--20230831_165242--f001462.jpg,20230831_165242,mauritius,original,video,False,train,53.72602437466991
data/processed/mauritius/video/not_augmented/cull2_pairblur_green_bg/head/224/20230831_165242/m--20230831_165242--f001464.jpg,20230831_165242,mauritius,original,video,False,train,32.14453124364482
data/processed/mauritius/video/not_augmented/cull2_pairblur_green_bg/head/224/20230831_165242/m--20230831_165242--f001466.jpg,20230831_165242,mauritius,original,video,False,train,24.08276863487399
