path,identity,species,background,source,augmented,split,quality
data/processed/mauritius/video/not_augmented/cull2_random_bg/head/224/20230805_131123/m--20230805_131123--f000746.jpg,20230805_131123,mauritius,original,video,False,train,270.7440727131409
data/processed/mauritius/video/not_augmented/cull2_random_bg/head/224/20230805_131123/m--20230805_131123--f000748.jpg,20230805_131123,mauritius,original,video,False,train,391.1975013350804
data/processed/mauritius/video/not_augmented/cull2_random_bg/head/224/20230805_131123/m--20230805_131123--f000750.jpg,20230805_131123,mauritius,original,video,False,train,636.1121938277264
data/processed/mauritius/video/not_augmented/cull2_random_bg/head/224/20230805_131123/m--20230805_131123--f000752.jpg,20230805_131123,mauritius,original,video,False,train,741.7935185494
data/processed/mauritius/video/not_augmented/cull2_random_bg/head/224/20230805_131123/m--20230805_131123--f000754.jpg,20230805_131123,mauritius,original,video,False,train,769.1406620471291
data/processed/mauritius/video/not_augmented/cull2_random_bg/head/224/20230805_131123/m--20230805_131123--f000756.jpg,20230805_131123,mauritius,original,video,False,train,1045.3073323828535
data/processed/mauritius/video/not_augmented/cull2_random_bg/head/224/20230805_131123/m--20230805_131123--f000758.jpg,20230805_131123,mauritius,original,video,False,train,238.25096866579065
data/processed/mauritius/video/not_augmented/cull2_random_bg/head/224/20230805_131123/m--20230805_131123--f000760.jpg,20230805_131123,mauritius,original,video,False,train,368.3655903536992
data/processed/mauritius/video/not_augmented/cull2_random_bg/head/224/20230805_131123/m--20230805_131123--f000824.jpg,20230805_131123,mauritius,original,video,False,train,2933.0915723528183
data/processed/mauritius/video/not_augmented/cull2_random_bg/head/224/20230805_131123/m--20230805_131123--f000826.jpg,20230805_131123,mauritius,original,video,False,train,2298.855635826114
data/processed/mauritius/video/not_augmented/cull2_random_bg/head/224/20230805_131123/m--20230805_131123--f000828.jpg,20230805_131123,mauritius,original,video,False,train,2242.6438646169563
data/processed/mauritius/video/not_augmented/cull2_random_bg/head/224/20230805_131123/m--20230805_131123--f000830.jpg,20230805_131123,mauritius,original,video,False,train,2646.983762423727
data/processed/mauritius/video/not_augmented/cull2_random_bg/head/224/20230805_131123/m--20230805_131123--f000836.jpg,20230805_131123,mauritius,original,video,False,train,3607.4721680922785
data/processed/mauritius/video/not_augmented/cull2_random_bg/head/224/20230805_131123/m--20230805_131123--f000850.jpg,20230805_131123,mauritius,original,video,False,train,66.34776324423488
data/processed/mauritius/video/not_augmented/cull2_random_bg/head/224/20230805_131123/m--20230805_131123--f000852.jpg,20230805_131123,mauritius,original,video,False,train,1266.246176988569
data/processed/mauritius/video/not_augmented/cull2_random_bg/head/224/20230805_131123/m--20230805_131123--f000874.jpg,20230805_131123,mauritius,original,video,False,train,69.58191355800987
data/processed/mauritius/video/not_augmented/cull2_random_bg/head/224/20230805_131123/m--20230805_131123--f000876.jpg,20230805_131123,mauritius,original,video,False,train,391.03031320782424
data/processed/mauritius/video/not_augmented/cull2_random_bg/head/224/20230805_132834/m--20230805_132834--f000538.jpg,20230805_132834,mauritius,original,video,False,test,1047.3524991134364
data/processed/mauritius/video/not_augmented/cull2_random_bg/head/224/20230805_132834/m--20230805_132834--f000540.jpg,20230805_132834,mauritius,original,video,False,test,1483.1428517818651
data/processed/mauritius/video/not_augmented/cull2_random_bg/head/224/20230805_132834/m--20230805_132834--f000542.jpg,20230805_132834,mauritius,original,video,False,test,1313.0563132807595
data/processed/mauritius/video/not_augmented/cull2_random_bg/head/224/20230805_132834/m--20230805_132834--f000544.jpg,20230805_132834,mauritius,original,video,False,test,2067.317716923022
data/processed/mauritius/video/not_augmented/cull2_random_bg/head/224/20230805_132834/m--20230805_132834--f000546.jpg,20230805_132834,mauritius,original,video,False,test,2508.8236590873594
data/processed/mauritius/video/not_augmented/cull2_random_bg/head/224/20230805_132834/m--20230805_132834--f000548.jpg,20230805_132834,mauritius,original,video,False,test,3636.770507780327
data/processed/mauritius/video/not_augmented/cull2_random_bg/head/224/20230805_132834/m--20230805_132834--f000550.jpg,20230805_132834,mauritius,original,video,False,test,3594.5401762184224
data/processed/mauritius/video/not_augmented/cull2_random_bg/head/224/20230805_132834/m--20230805_132834--f000552.jpg,20230805_132834,mauritius,original,video,False,test,3954.632797868785
data/processed/mauritius/video/not_augmented/cull2_random_bg/head/224/20230805_132834/m--20230805_132834--f000554.jpg,20230805_132834,mauritius,original,video,False,test,3319.6918111624
data/processed/mauritius/video/not_augmented/cull2_random_bg/head/224/20230805_132834/m--20230805_132834--f000556.jpg,20230805_132834,mauritius,original,video,False,test,3217.120695151473
data/processed/mauritius/video/not_augmented/cull2_random_bg/head/224/20230805_132834/m--20230805_132834--f000558.jpg,20230805_132834,mauritius,original,video,False,test,2884.3892582913622
data/processed/mauritius/video/not_augmented/cull2_random_bg/head/224/20230805_132834/m--20230805_132834--f000560.jpg,20230805_132834,mauritius,original,video,False,test,3152.9487132573313
data/processed/mauritius/video/not_augmented/cull2_random_bg/head/224/20230805_132834/m--20230805_132834--f000562.jpg,20230805_132834,mauritius,original,video,False,test,2569.7242059858577
data/processed/mauritius/video/not_augmented/cull2_random_bg/head/224/20230805_132834/m--20230805_132834--f000564.jpg,20230805_132834,mauritius,original,video,False,test,2317.4225258082465
data/processed/mauritius/video/not_augmented/cull2_random_bg/head/224/20230805_132834/m--20230805_132834--f000566.jpg,20230805_132834,mauritius,original,video,False,test,2091.9316965883245
data/processed/mauritius/video/not_augmented/cull2_random_bg/head/224/20230805_132834/m--20230805_132834--f000568.jpg,20230805_132834,mauritius,original,video,False,test,2155.2534453325698
data/processed/mauritius/video/not_augmented/cull2_random_bg/head/224/20230805_132834/m--20230805_132834--f000570.jpg,20230805_132834,mauritius,original,video,False,test,2015.963567012849
data/processed/mauritius/video/not_augmented/cull2_random_bg/head/224/20230805_132834/m--20230805_132834--f000572.jpg,20230805_132834,mauritius,original,video,False,test,2287.557142962321
data/processed/mauritius/video/not_augmented/cull2_random_bg/head/224/20230805_132834/m--20230805_132834--f000574.jpg,20230805_132834,mauritius,original,video,False,test,1480.181270942545
data/processed/mauritius/video/not_augmented/cull2_random_bg/head/224/20230805_132834/m--20230805_132834--f000576.jpg,20230805_132834,mauritius,original,video,False,test,1347.3193384632868
data/processed/mauritius/video/not_augmented/cull2_random_bg/head/224/20230805_132834/m--20230805_132834--f000578.jpg,20230805_132834,mauritius,original,video,False,test,1256.2606225889558
data/processed/mauritius/video/not_augmented/cull2_random_bg/head/224/20230805_132834/m--20230805_132834--f000580.jpg,20230805_132834,mauritius,original,video,False,test,1510.0323249661192
data/processed/mauritius/video/not_augmented/cull2_random_bg/head/224/20230805_132834/m--20230805_132834--f000582.jpg,20230805_132834,mauritius,original,video,False,test,2033.8989361938166
data/processed/mauritius/video/not_augmented/cull2_random_bg/head/224/20230805_132834/m--20230805_132834--f000584.jpg,20230805_132834,mauritius,original,video,False,test,1185.1588051322103
data/processed/mauritius/video/not_augmented/cull2_random_bg/head/224/20230805_132834/m--20230805_132834--f000586.jpg,20230805_132834,mauritius,original,video,False,test,1241.954515106824
data/processed/mauritius/video/not_augmented/cull2_random_bg/head/224/20230805_132834/m--20230805_132834--f000588.jpg,20230805_132834,mauritius,original,video,False,test,1668.6702006640708
data/processed/mauritius/video/not_augmented/cull2_random_bg/head/224/20230805_132834/m--20230805_132834--f000590.jpg,20230805_132834,mauritius,original,video,False,test,942.364218713839
data/processed/mauritius/video/not_augmented/cull2_random_bg/head/224/20230805_133951/m--20230805_133951--f000614.jpg,20230805_133951,mauritius,original,video,False,val,1794.782943725586
data/processed/mauritius/video/not_augmented/cull2_random_bg/head/224/20230805_133951/m--20230805_133951--f000616.jpg,20230805_133951,mauritius,original,video,False,val,1205.9865235023228
data/processed/mauritius/video/not_augmented/cull2_random_bg/head/224/20230805_133951/m--20230805_133951--f000630.jpg,20230805_133951,mauritius,original,video,False,val,306.656191652688
data/processed/mauritius/video/not_augmented/cull2_random_bg/head/224/20230805_133951/m--20230805_133951--f000632.jpg,20230805_133951,mauritius,original,video,False,val,689.1458322810213
data/processed/mauritius/video/not_augmented/cull2_random_bg/head/224/20230805_133951/m--20230805_133951--f000634.jpg,20230805_133951,mauritius,original,video,False,val,1528.549864419844
data/processed/mauritius/video/not_augmented/cull2_random_bg/head/224/20230805_133951/m--20230805_133951--f000636.jpg,20230805_133951,mauritius,original,video,False,val,741.7385473986161
data/processed/mauritius/video/not_augmented/cull2_random_bg/head/224/20230805_133951/m--20230805_133951--f000638.jpg,20230805_133951,mauritius,original,video,False,val,481.11031249362884
data/processed/mauritius/video/not_augmented/cull2_random_bg/head/224/20230805_133951/m--20230805_133951--f000640.jpg,20230805_133951,mauritius,original,video,False,val,1041.2960638755662
data/processed/mauritius/video/not_augmented/cull2_random_bg/head/224/20230805_133951/m--20230805_133951--f000642.jpg,20230805_133951,mauritius,original,video,False,val,752.5716657833177
data/processed/mauritius/video/not_augmented/cull2_random_bg/head/224/20230805_133951/m--20230805_133951--f000644.jpg,20230805_133951,mauritius,original,video,False,val,348.91106567637013
data/processed/mauritius/video/not_augmented/cull2_random_bg/head/224/20230805_133951/m--20230805_133951--f000646.jpg,20230805_133951,mauritius,original,video,False,val,844.0401150196208
data/processed/mauritius/video/not_augmented/cull2_random_bg/head/224/20230805_133951/m--20230805_133951--f000648.jpg,20230805_133951,mauritius,original,video,False,val,784.7278961473979
data/processed/mauritius/video/not_augmented/cull2_random_bg/head/224/20230805_133951/m--20230805_133951--f000650.jpg,20230805_133951,mauritius,original,video,False,val,803.3937051781811
data/processed/mauritius/video/not_augmented/cull2_random_bg/head/224/20230805_133951/m--20230805_133951--f000652.jpg,20230805_133951,mauritius,original,video,False,val,209.10416534333268
data/processed/mauritius/video/not_augmented/cull2_random_bg/head/224/20230805_133951/m--20230805_133951--f000654.jpg,20230805_133951,mauritius,original,video,False,val,508.91633607188345
data/processed/mauritius/video/not_augmented/cull2_random_bg/head/224/20230805_133951/m--20230805_133951--f000656.jpg,20230805_133951,mauritius,original,video,False,val,1858.5837321871272
data/processed/mauritius/video/not_augmented/cull2_random_bg/head/224/20230805_133951/m--20230805_133951--f000658.jpg,20230805_133951,mauritius,original,video,False,val,30.935835781121245
data/processed/mauritius/video/not_augmented/cull2_random_bg/head/224/20230805_133951/m--20230805_133951--f000982.jpg,20230805_133951,mauritius,original,video,False,val,853.0098673063036
data/processed/mauritius/video/not_augmented/cull2_random_bg/head/224/20230805_133951/m--20230805_133951--f000984.jpg,20230805_133951,mauritius,original,video,False,val,1035.538046029745
data/processed/mauritius/video/not_augmented/cull2_random_bg/head/224/20230805_133951/m--20230805_133951--f000986.jpg,20230805_133951,mauritius,original,video,False,val,864.7801378111897
data/processed/mauritius/video/not_augmented/cull2_random_bg/head/224/20230805_133951/m--20230805_133951--f000990.jpg,20230805_133951,mauritius,original,video,False,val,460.72490637642994
data/processed/mauritius/video/not_augmented/cull2_random_bg/head/224/20230805_133951/m--20230805_133951--f000992.jpg,20230805_133951,mauritius,original,video,False,val,342.07694459785677
data/processed/mauritius/video/not_augmented/cull2_random_bg/head/224/20230805_133951/m--20230805_133951--f000994.jpg,20230805_133951,mauritius,original,video,False,val,1043.28829893615
data/processed/mauritius/video/not_augmented/cull2_random_bg/head/224/20230805_133951/m--20230805_133951--f001034.jpg,20230805_133951,mauritius,original,video,False,val,1529.965221930523
data/processed/mauritius/video/not_augmented/cull2_random_bg/head/224/20230805_133951/m--20230805_133951--f001048.jpg,20230805_133951,mauritius,original,video,False,val,405.00871752223
data/processed/mauritius/video/not_augmented/cull2_random_bg/head/224/20230805_133951/m--20230805_133951--f001050.jpg,20230805_133951,mauritius,original,video,False,val,205.0261182387835
data/processed/mauritius/video/not_augmented/cull2_random_bg/head/224/20230805_133951/m--20230805_133951--f001052.jpg,20230805_133951,mauritius,original,video,False,val,789.8898520189641
data/processed/mauritius/video/not_augmented/cull2_random_bg/head/224/20230805_133951/m--20230805_133951--f001054.jpg,20230805_133951,mauritius,original,video,False,val,133.09916593590563
data/processed/mauritius/video/not_augmented/cull2_random_bg/head/224/20230805_133951/m--20230805_133951--f001056.jpg,20230805_133951,mauritius,original,video,False,val,2638.6400523946368
data/processed/mauritius/video/not_augmented/cull2_random_bg/head/224/20230805_133951/m--20230805_133951--f001058.jpg,20230805_133951,mauritius,original,video,False,val,179.43366848692602
data/processed/mauritius/video/not_augmented/cull2_random_bg/head/224/20230805_133951/m--20230805_133951--f001242.jpg,20230805_133951,mauritius,original,video,False,val,870.2598934769381
data/processed/mauritius/video/not_augmented/cull2_random_bg/head/224/20230805_133951/m--20230805_133951--f001270.jpg,20230805_133951,mauritius,original,video,False,val,325.19337694985524
data/processed/mauritius/video/not_augmented/cull2_random_bg/head/224/20230805_133951/m--20230805_133951--f001272.jpg,20230805_133951,mauritius,original,video,False,val,687.0717485829821
data/processed/mauritius/video/not_augmented/cull2_random_bg/head/224/20230805_133951/m--20230805_133951--f001274.jpg,20230805_133951,mauritius,original,video,False,val,928.4376880176263
data/processed/mauritius/video/not_augmented/cull2_random_bg/head/224/20230805_133951/m--20230805_133951--f001276.jpg,20230805_133951,mauritius,original,video,False,val,420.4167248568202
data/processed/mauritius/video/not_augmented/cull2_random_bg/head/224/20230805_133951/m--20230805_133951--f001278.jpg,20230805_133951,mauritius,original,video,False,val,1398.084322225546
data/processed/mauritius/video/not_augmented/cull2_random_bg/head/224/20230805_133951/m--20230805_133951--f001280.jpg,20230805_133951,mauritius,original,video,False,val,527.611616776914
data/processed/mauritius/video/not_augmented/cull2_random_bg/head/224/20230805_133951/m--20230805_133951--f001282.jpg,20230805_133951,mauritius,original,video,False,val,2672.3267063230633
data/processed/mauritius/video/not_augmented/cull2_random_bg/head/224/20230805_133951/m--20230805_133951--f001284.jpg,20230805_133951,mauritius,original,video,False,val,2152.4648873957926
data/processed/mauritius/video/not_augmented/cull2_random_bg/head/224/20230805_133951/m--20230805_133951--f001286.jpg,20230805_133951,mauritius,original,video,False,val,1634.30467269084
data/processed/mauritius/video/not_augmented/cull2_random_bg/head/224/20230805_133951/m--20230805_133951--f001288.jpg,20230805_133951,mauritius,original,video,False,val,1523.0619014690735
data/processed/mauritius/video/not_augmented/cull2_random_bg/head/224/20230805_133951/m--20230805_133951--f001290.jpg,20230805_133951,mauritius,original,video,False,val,1385.8949365516544
data/processed/mauritius/video/not_augmented/cull2_random_bg/head/224/20230805_133951/m--20230805_133951--f001292.jpg,20230805_133951,mauritius,original,video,False,val,1540.0587741827183
data/processed/mauritius/video/not_augmented/cull2_random_bg/head/224/20230805_133951/m--20230805_133951--f001294.jpg,20230805_133951,mauritius,original,video,False,val,1086.3309847296698
data/processed/mauritius/video/not_augmented/cull2_random_bg/head/224/20230805_133951/m--20230805_133951--f001296.jpg,20230805_133951,mauritius,original,video,False,val,1339.9430889425948
data/processed/mauritius/video/not_augmented/cull2_random_bg/head/224/20230805_133951/m--20230805_133951--f001298.jpg,20230805_133951,mauritius,original,video,False,val,1123.955032564709
data/processed/mauritius/video/not_augmented/cull2_random_bg/head/224/20230805_133951/m--20230805_133951--f001300.jpg,20230805_133951,mauritius,original,video,False,val,1014.368799815323
data/processed/mauritius/video/not_augmented/cull2_random_bg/head/224/20230805_133951/m--20230805_133951--f001302.jpg,20230805_133951,mauritius,original,video,False,val,1126.8226710056972
data/processed/mauritius/video/not_augmented/cull2_random_bg/head/224/20230805_135856/m--20230805_135856--f000146.jpg,20230805_135856,mauritius,original,video,False,train,579.2742348908881
data/processed/mauritius/video/not_augmented/cull2_random_bg/head/224/20230805_135856/m--20230805_135856--f000148.jpg,20230805_135856,mauritius,original,video,False,train,487.5917820658399
data/processed/mauritius/video/not_augmented/cull2_random_bg/head/224/20230805_135856/m--20230805_135856--f000152.jpg,20230805_135856,mauritius,original,video,False,train,1132.249996087989
data/processed/mauritius/video/not_augmented/cull2_random_bg/head/224/20230805_135856/m--20230805_135856--f000154.jpg,20230805_135856,mauritius,original,video,False,train,697.5314329175937
data/processed/mauritius/video/not_augmented/cull2_random_bg/head/224/20230805_135856/m--20230805_135856--f000156.jpg,20230805_135856,mauritius,original,video,False,train,646.0728202988237
data/processed/mauritius/video/not_augmented/cull2_random_bg/head/224/20230805_135856/m--20230805_135856--f000158.jpg,20230805_135856,mauritius,original,video,False,train,164.66928381326048
data/processed/mauritius/video/not_augmented/cull2_random_bg/head/224/20230805_135856/m--20230805_135856--f000162.jpg,20230805_135856,mauritius,original,video,False,train,1186.0798816482309
data/processed/mauritius/video/not_augmented/cull2_random_bg/head/224/20230805_135856/m--20230805_135856--f000322.jpg,20230805_135856,mauritius,original,video,False,train,1169.9549895937569
data/processed/mauritius/video/not_augmented/cull2_random_bg/head/224/20230805_135856/m--20230805_135856--f000574.jpg,20230805_135856,mauritius,original,video,False,train,54.00636380953076
data/processed/mauritius/video/not_augmented/cull2_random_bg/head/224/20230805_135856/m--20230805_135856--f000576.jpg,20230805_135856,mauritius,original,video,False,train,660.039549128903
data/processed/mauritius/video/not_augmented/cull2_random_bg/head/224/20230805_135856/m--20230805_135856--f000582.jpg,20230805_135856,mauritius,original,video,False,train,1121.767943821168
data/processed/mauritius/video/not_augmented/cull2_random_bg/head/224/20230805_135856/m--20230805_135856--f000586.jpg,20230805_135856,mauritius,original,video,False,train,373.10320438478755
data/processed/mauritius/video/not_augmented/cull2_random_bg/head/224/20230805_135856/m--20230805_135856--f000588.jpg,20230805_135856,mauritius,original,video,False,train,1559.5465749703262
data/processed/mauritius/video/not_augmented/cull2_random_bg/head/224/20230805_135856/m--20230805_135856--f000590.jpg,20230805_135856,mauritius,original,video,False,train,1787.5417224891185
data/processed/mauritius/video/not_augmented/cull2_random_bg/head/224/20230805_135856/m--20230805_135856--f000592.jpg,20230805_135856,mauritius,original,video,False,train,2011.2461621885448
data/processed/mauritius/video/not_augmented/cull2_random_bg/head/224/20230805_135856/m--20230805_135856--f000594.jpg,20230805_135856,mauritius,original,video,False,train,2014.5413211912278
data/processed/mauritius/video/not_augmented/cull2_random_bg/head/224/20230805_135856/m--20230805_135856--f000596.jpg,20230805_135856,mauritius,original,video,False,train,2106.515198611459
data/processed/mauritius/video/not_augmented/cull2_random_bg/head/224/20230805_135856/m--20230805_135856--f000598.jpg,20230805_135856,mauritius,original,video,False,train,1391.4923166817598
data/processed/mauritius/video/not_augmented/cull2_random_bg/head/224/20230805_135856/m--20230805_135856--f000600.jpg,20230805_135856,mauritius,original,video,False,train,1543.0984714274505
data/processed/mauritius/video/not_augmented/cull2_random_bg/head/224/20230805_135856/m--20230805_135856--f000602.jpg,20230805_135856,mauritius,original,video,False,train,1576.2046926415794
data/processed/mauritius/video/not_augmented/cull2_random_bg/head/224/20230805_135856/m--20230805_135856--f000604.jpg,20230805_135856,mauritius,original,video,False,train,1689.973990259246
data/processed/mauritius/video/not_augmented/cull2_random_bg/head/224/20230805_135856/m--20230805_135856--f000606.jpg,20230805_135856,mauritius,original,video,False,train,1578.2111149302923
data/processed/mauritius/video/not_augmented/cull2_random_bg/head/224/20230805_135856/m--20230805_135856--f000608.jpg,20230805_135856,mauritius,original,video,False,train,547.3497877105084
data/processed/mauritius/video/not_augmented/cull2_random_bg/head/224/20230805_135856/m--20230805_135856--f000610.jpg,20230805_135856,mauritius,original,video,False,train,79.37939839519993
data/processed/mauritius/video/not_augmented/cull2_random_bg/head/224/20230805_135856/m--20230805_135856--f001484.jpg,20230805_135856,mauritius,original,video,False,train,1064.9190113793707
data/processed/mauritius/video/not_augmented/cull2_random_bg/head/224/20230805_135856/m--20230805_135856--f001486.jpg,20230805_135856,mauritius,original,video,False,train,1080.153267685248
data/processed/mauritius/video/not_augmented/cull2_random_bg/head/224/20230805_135856/m--20230805_135856--f001488.jpg,20230805_135856,mauritius,original,video,False,train,1248.6287623035666
data/processed/mauritius/video/not_augmented/cull2_random_bg/head/224/20230805_135856/m--20230805_135856--f001490.jpg,20230805_135856,mauritius,original,video,False,train,1685.1556720344388
data/processed/mauritius/video/not_augmented/cull2_random_bg/head/224/20230805_135856/m--20230805_135856--f001492.jpg,20230805_135856,mauritius,original,video,False,train,779.9074844048947
data/processed/mauritius/video/not_augmented/cull2_random_bg/head/224/20230805_135856/m--20230805_135856--f001494.jpg,20230805_135856,mauritius,original,video,False,train,1894.1836633007015
data/processed/mauritius/video/not_augmented/cull2_random_bg/head/224/20230805_135856/m--20230805_135856--f001498.jpg,20230805_135856,mauritius,original,video,False,train,2152.652026993491
data/processed/mauritius/video/not_augmented/cull2_random_bg/head/224/20230805_135856/m--20230805_135856--f001506.jpg,20230805_135856,mauritius,original,video,False,train,264.9415046977083
data/processed/mauritius/video/not_augmented/cull2_random_bg/head/224/20230805_135856/m--20230805_135856--f001508.jpg,20230805_135856,mauritius,original,video,False,train,767.0745648559259
data/processed/mauritius/video/not_augmented/cull2_random_bg/head/224/20230805_135856/m--20230805_135856--f001510.jpg,20230805_135856,mauritius,original,video,False,train,127.38885858862264
data/processed/mauritius/video/not_augmented/cull2_random_bg/head/224/20230805_143328/m--20230805_143328--f000198.jpg,20230805_143328,mauritius,original,video,False,train,356.3477635254516
data/processed/mauritius/video/not_augmented/cull2_random_bg/head/224/20230805_143328/m--20230805_143328--f000200.jpg,20230805_143328,mauritius,original,video,False,train,874.1499322285904
data/processed/mauritius/video/not_augmented/cull2_random_bg/head/224/20230805_143328/m--20230805_143328--f000202.jpg,20230805_143328,mauritius,original,video,False,train,644.543628157203
data/processed/mauritius/video/not_augmented/cull2_random_bg/head/224/20230805_143328/m--20230805_143328--f000204.jpg,20230805_143328,mauritius,original,video,False,train,1130.3910371970255
data/processed/mauritius/video/not_augmented/cull2_random_bg/head/224/20230805_143328/m--20230805_143328--f000206.jpg,20230805_143328,mauritius,original,video,False,train,1300.418818397951
data/processed/mauritius/video/not_augmented/cull2_random_bg/head/224/20230805_143328/m--20230805_143328--f000208.jpg,20230805_143328,mauritius,original,video,False,train,1077.855037930706
data/processed/mauritius/video/not_augmented/cull2_random_bg/head/224/20230805_143328/m--20230805_143328--f000210.jpg,20230805_143328,mauritius,original,video,False,train,540.1032148942704
data/processed/mauritius/video/not_augmented/cull2_random_bg/head/224/20230805_143328/m--20230805_143328--f000212.jpg,20230805_143328,mauritius,original,video,False,train,1016.6167197586943
data/processed/mauritius/video/not_augmented/cull2_random_bg/head/224/20230805_143328/m--20230805_143328--f000214.jpg,20230805_143328,mauritius,original,video,False,train,347.15084159458644
data/processed/mauritius/video/not_augmented/cull2_random_bg/head/224/20230805_143328/m--20230805_143328--f000918.jpg,20230805_143328,mauritius,original,video,False,train,110.23723646423707
data/processed/mauritius/video/not_augmented/cull2_random_bg/head/224/20230805_143328/m--20230805_143328--f000920.jpg,20230805_143328,mauritius,original,video,False,train,1297.9464591902924
data/processed/mauritius/video/not_augmented/cull2_random_bg/head/224/20230805_143328/m--20230805_143328--f000922.jpg,20230805_143328,mauritius,original,video,False,train,123.89526047998545
data/processed/mauritius/video/not_augmented/cull2_random_bg/head/224/20230805_143328/m--20230805_143328--f000924.jpg,20230805_143328,mauritius,original,video,False,train,329.97278157059026
data/processed/mauritius/video/not_augmented/cull2_random_bg/head/224/20230805_143328/m--20230805_143328--f000932.jpg,20230805_143328,mauritius,original,video,False,train,211.12929986447708
data/processed/mauritius/video/not_augmented/cull2_random_bg/head/224/20230805_143328/m--20230805_143328--f000936.jpg,20230805_143328,mauritius,original,video,False,train,394.81823407625564
data/processed/mauritius/video/not_augmented/cull2_random_bg/head/224/20230805_144129/m--20230805_144129--f000140.jpg,20230805_144129,mauritius,original,video,False,val,168.3917181355811
data/processed/mauritius/video/not_augmented/cull2_random_bg/head/224/20230805_144129/m--20230805_144129--f000146.jpg,20230805_144129,mauritius,original,video,False,val,404.6211611367622
data/processed/mauritius/video/not_augmented/cull2_random_bg/head/224/20230805_144129/m--20230805_144129--f001030.jpg,20230805_144129,mauritius,original,video,False,val,1035.0188071661223
data/processed/mauritius/video/not_augmented/cull2_random_bg/head/224/20230805_145141/m--20230805_145141--f000694.jpg,20230805_145141,mauritius,original,video,False,val,983.2904134017139
data/processed/mauritius/video/not_augmented/cull2_random_bg/head/224/20230805_145141/m--20230805_145141--f000702.jpg,20230805_145141,mauritius,original,video,False,val,1601.2200722871153
data/processed/mauritius/video/not_augmented/cull2_random_bg/head/224/20230805_145141/m--20230805_145141--f000704.jpg,20230805_145141,mauritius,original,video,False,val,1210.6654524284816
data/processed/mauritius/video/not_augmented/cull2_random_bg/head/224/20230805_145141/m--20230805_145141--f000706.jpg,20230805_145141,mauritius,original,video,False,val,1629.817617280143
data/processed/mauritius/video/not_augmented/cull2_random_bg/head/224/20230805_145141/m--20230805_145141--f000708.jpg,20230805_145141,mauritius,original,video,False,val,1157.892490019554
data/processed/mauritius/video/not_augmented/cull2_random_bg/head/224/20230805_145141/m--20230805_145141--f000710.jpg,20230805_145141,mauritius,original,video,False,val,1155.552350083176
data/processed/mauritius/video/not_augmented/cull2_random_bg/head/224/20230805_145141/m--20230805_145141--f000712.jpg,20230805_145141,mauritius,original,video,False,val,1040.5268171879213
data/processed/mauritius/video/not_augmented/cull2_random_bg/head/224/20230805_145141/m--20230805_145141--f000714.jpg,20230805_145141,mauritius,original,video,False,val,997.2166512742334
data/processed/mauritius/video/not_augmented/cull2_random_bg/head/224/20230805_145141/m--20230805_145141--f000716.jpg,20230805_145141,mauritius,original,video,False,val,939.144369430812
data/processed/mauritius/video/not_augmented/cull2_random_bg/head/224/20230805_145141/m--20230805_145141--f000718.jpg,20230805_145141,mauritius,original,video,False,val,1011.4183866090943
data/processed/mauritius/video/not_augmented/cull2_random_bg/head/224/20230805_145141/m--20230805_145141--f000720.jpg,20230805_145141,mauritius,original,video,False,val,1880.844496104182
data/processed/mauritius/video/not_augmented/cull2_random_bg/head/224/20230805_145141/m--20230805_145141--f000722.jpg,20230805_145141,mauritius,original,video,False,val,911.0228332986635
data/processed/mauritius/video/not_augmented/cull2_random_bg/head/224/20230805_145141/m--20230805_145141--f000724.jpg,20230805_145141,mauritius,original,video,False,val,1033.3064739250333
data/processed/mauritius/video/not_augmented/cull2_random_bg/head/224/20230805_145141/m--20230805_145141--f000726.jpg,20230805_145141,mauritius,original,video,False,val,1046.1236370154988
data/processed/mauritius/video/not_augmented/cull2_random_bg/head/224/20230805_145141/m--20230805_145141--f000728.jpg,20230805_145141,mauritius,original,video,False,val,876.3472960494746
data/processed/mauritius/video/not_augmented/cull2_random_bg/head/224/20230805_145141/m--20230805_145141--f000730.jpg,20230805_145141,mauritius,original,video,False,val,692.4881902803536
data/processed/mauritius/video/not_augmented/cull2_random_bg/head/224/20230805_145141/m--20230805_145141--f000732.jpg,20230805_145141,mauritius,original,video,False,val,2276.9654094941516
data/processed/mauritius/video/not_augmented/cull2_random_bg/head/224/20230805_145141/m--20230805_145141--f000734.jpg,20230805_145141,mauritius,original,video,False,val,988.559554096859
data/processed/mauritius/video/not_augmented/cull2_random_bg/head/224/20230805_145141/m--20230805_145141--f000736.jpg,20230805_145141,mauritius,original,video,False,val,379.7282851861448
data/processed/mauritius/video/not_augmented/cull2_random_bg/head/224/20230805_145141/m--20230805_145141--f000738.jpg,20230805_145141,mauritius,original,video,False,val,711.240771876728
data/processed/mauritius/video/not_augmented/cull2_random_bg/head/224/20230805_145141/m--20230805_145141--f000740.jpg,20230805_145141,mauritius,original,video,False,val,847.5823501259623
data/processed/mauritius/video/not_augmented/cull2_random_bg/head/224/20230805_145141/m--20230805_145141--f000742.jpg,20230805_145141,mauritius,original,video,False,val,669.39694765338
data/processed/mauritius/video/not_augmented/cull2_random_bg/head/224/20230805_145141/m--20230805_145141--f000934.jpg,20230805_145141,mauritius,original,video,False,val,1625.6037945411742
data/processed/mauritius/video/not_augmented/cull2_random_bg/head/224/20230805_145141/m--20230805_145141--f000936.jpg,20230805_145141,mauritius,original,video,False,val,454.1917774926519
data/processed/mauritius/video/not_augmented/cull2_random_bg/head/224/20230805_145141/m--20230805_145141--f000996.jpg,20230805_145141,mauritius,original,video,False,val,499.1783163629935
data/processed/mauritius/video/not_augmented/cull2_random_bg/head/224/20230805_145141/m--20230805_145141--f000998.jpg,20230805_145141,mauritius,original,video,False,val,868.8281690600711
data/processed/mauritius/video/not_augmented/cull2_random_bg/head/224/20230805_145141/m--20230805_145141--f001000.jpg,20230805_145141,mauritius,original,video,False,val,185.65909286262297
data/processed/mauritius/video/not_augmented/cull2_random_bg/head/224/20230805_145141/m--20230805_145141--f001002.jpg,20230805_145141,mauritius,original,video,False,val,189.26232267289996
data/processed/mauritius/video/not_augmented/cull2_random_bg/head/224/20230805_145141/m--20230805_145141--f001060.jpg,20230805_145141,mauritius,original,video,False,val,50.59025415446747
data/processed/mauritius/video/not_augmented/cull2_random_bg/head/224/20230805_145141/m--20230805_145141--f001062.jpg,20230805_145141,mauritius,original,video,False,val,60.6469527756557
data/processed/mauritius/video/not_augmented/cull2_random_bg/head/224/20230805_145141/m--20230805_145141--f001064.jpg,20230805_145141,mauritius,original,video,False,val,326.15593500506725
data/processed/mauritius/video/not_augmented/cull2_random_bg/head/224/20230805_145544/m--20230805_145544--f000146.jpg,20230805_145544,mauritius,original,video,False,test,942.3449571221038
data/processed/mauritius/video/not_augmented/cull2_random_bg/head/224/20230805_145544/m--20230805_145544--f000148.jpg,20230805_145544,mauritius,original,video,False,test,40.43874396308667
data/processed/mauritius/video/not_augmented/cull2_random_bg/head/224/20230805_145544/m--20230805_145544--f000150.jpg,20230805_145544,mauritius,original,video,False,test,541.7077786411061
data/processed/mauritius/video/not_augmented/cull2_random_bg/head/224/20230805_145544/m--20230805_145544--f000152.jpg,20230805_145544,mauritius,original,video,False,test,1711.3486748039595
data/processed/mauritius/video/not_augmented/cull2_random_bg/head/224/20230805_145544/m--20230805_145544--f000154.jpg,20230805_145544,mauritius,original,video,False,test,401.9531595149868
data/processed/mauritius/video/not_augmented/cull2_random_bg/head/224/20230805_145544/m--20230805_145544--f000156.jpg,20230805_145544,mauritius,original,video,False,test,1737.4793595513027
data/processed/mauritius/video/not_augmented/cull2_random_bg/head/224/20230805_145544/m--20230805_145544--f000158.jpg,20230805_145544,mauritius,original,video,False,test,1549.0872256045834
data/processed/mauritius/video/not_augmented/cull2_random_bg/head/224/20230805_145544/m--20230805_145544--f000160.jpg,20230805_145544,mauritius,original,video,False,test,463.63588046948144
data/processed/mauritius/video/not_augmented/cull2_random_bg/head/224/20230805_145544/m--20230805_145544--f000162.jpg,20230805_145544,mauritius,original,video,False,test,1167.1923896185017
data/processed/mauritius/video/not_augmented/cull2_random_bg/head/224/20230805_145544/m--20230805_145544--f000164.jpg,20230805_145544,mauritius,original,video,False,test,449.34793469430207
data/processed/mauritius/video/not_augmented/cull2_random_bg/head/224/20230805_145544/m--20230805_145544--f000166.jpg,20230805_145544,mauritius,original,video,False,test,513.597263930391
data/processed/mauritius/video/not_augmented/cull2_random_bg/head/224/20230805_145544/m--20230805_145544--f000168.jpg,20230805_145544,mauritius,original,video,False,test,949.2160136017486
data/processed/mauritius/video/not_augmented/cull2_random_bg/head/224/20230805_145544/m--20230805_145544--f000170.jpg,20230805_145544,mauritius,original,video,False,test,1470.4651491799884
data/processed/mauritius/video/not_augmented/cull2_random_bg/head/224/20230805_145544/m--20230805_145544--f000172.jpg,20230805_145544,mauritius,original,video,False,test,1220.0734939698327
data/processed/mauritius/video/not_augmented/cull2_random_bg/head/224/20230805_145544/m--20230805_145544--f000174.jpg,20230805_145544,mauritius,original,video,False,test,597.2792932743929
data/processed/mauritius/video/not_augmented/cull2_random_bg/head/224/20230805_145544/m--20230805_145544--f000176.jpg,20230805_145544,mauritius,original,video,False,test,464.2869742157954
data/processed/mauritius/video/not_augmented/cull2_random_bg/head/224/20230805_145544/m--20230805_145544--f000178.jpg,20230805_145544,mauritius,original,video,False,test,470.22638192985113
data/processed/mauritius/video/not_augmented/cull2_random_bg/head/224/20230805_145544/m--20230805_145544--f000180.jpg,20230805_145544,mauritius,original,video,False,test,1822.658807893139
data/processed/mauritius/video/not_augmented/cull2_random_bg/head/224/20230805_145544/m--20230805_145544--f000182.jpg,20230805_145544,mauritius,original,video,False,test,283.0894445743426
data/processed/mauritius/video/not_augmented/cull2_random_bg/head/224/20230805_145544/m--20230805_145544--f000184.jpg,20230805_145544,mauritius,original,video,False,test,136.68258523206225
data/processed/mauritius/video/not_augmented/cull2_random_bg/head/224/20230805_145544/m--20230805_145544--f000186.jpg,20230805_145544,mauritius,original,video,False,test,1235.5551308612435
data/processed/mauritius/video/not_augmented/cull2_random_bg/head/224/20230805_145544/m--20230805_145544--f000188.jpg,20230805_145544,mauritius,original,video,False,test,599.228904166454
data/processed/mauritius/video/not_augmented/cull2_random_bg/head/224/20230805_145544/m--20230805_145544--f000190.jpg,20230805_145544,mauritius,original,video,False,test,62.12000872640995
data/processed/mauritius/video/not_augmented/cull2_random_bg/head/224/20230805_145544/m--20230805_145544--f001056.jpg,20230805_145544,mauritius,original,video,False,test,564.69874870653
data/processed/mauritius/video/not_augmented/cull2_random_bg/head/224/20230805_145544/m--20230805_145544--f001058.jpg,20230805_145544,mauritius,original,video,False,test,1304.4314612500225
data/processed/mauritius/video/not_augmented/cull2_random_bg/head/224/20230805_145544/m--20230805_145544--f001060.jpg,20230805_145544,mauritius,original,video,False,test,436.6261957510964
data/processed/mauritius/video/not_augmented/cull2_random_bg/head/224/20230805_145544/m--20230805_145544--f001062.jpg,20230805_145544,mauritius,original,video,False,test,991.6171132460677
data/processed/mauritius/video/not_augmented/cull2_random_bg/head/224/20230805_145544/m--20230805_145544--f001064.jpg,20230805_145544,mauritius,original,video,False,test,438.8329400138426
data/processed/mauritius/video/not_augmented/cull2_random_bg/head/224/20230805_145544/m--20230805_145544--f001066.jpg,20230805_145544,mauritius,original,video,False,test,1143.8140544883413
data/processed/mauritius/video/not_augmented/cull2_random_bg/head/224/20230805_145544/m--20230805_145544--f001068.jpg,20230805_145544,mauritius,original,video,False,test,190.90238403191617
data/processed/mauritius/video/not_augmented/cull2_random_bg/head/224/20230805_145544/m--20230805_145544--f001070.jpg,20230805_145544,mauritius,original,video,False,test,331.50575934405725
data/processed/mauritius/video/not_augmented/cull2_random_bg/head/224/20230805_150231/m--20230805_150231--f000134.jpg,20230805_150231,mauritius,original,video,False,val,863.8388661055305
data/processed/mauritius/video/not_augmented/cull2_random_bg/head/224/20230805_150231/m--20230805_150231--f000136.jpg,20230805_150231,mauritius,original,video,False,val,1117.6741070856606
data/processed/mauritius/video/not_augmented/cull2_random_bg/head/224/20230805_150231/m--20230805_150231--f000138.jpg,20230805_150231,mauritius,original,video,False,val,1971.2820869963746
data/processed/mauritius/video/not_augmented/cull2_random_bg/head/224/20230805_150231/m--20230805_150231--f000140.jpg,20230805_150231,mauritius,original,video,False,val,1739.944940995197
data/processed/mauritius/video/not_augmented/cull2_random_bg/head/224/20230805_150231/m--20230805_150231--f000142.jpg,20230805_150231,mauritius,original,video,False,val,2172.9404814595828
data/processed/mauritius/video/not_augmented/cull2_random_bg/head/224/20230805_150231/m--20230805_150231--f000144.jpg,20230805_150231,mauritius,original,video,False,val,642.1166081517897
data/processed/mauritius/video/not_augmented/cull2_random_bg/head/224/20230805_150231/m--20230805_150231--f000146.jpg,20230805_150231,mauritius,original,video,False,val,625.2455860473176
data/processed/mauritius/video/not_augmented/cull2_random_bg/head/224/20230805_150231/m--20230805_150231--f000148.jpg,20230805_150231,mauritius,original,video,False,val,1910.0857471619386
data/processed/mauritius/video/not_augmented/cull2_random_bg/head/224/20230805_150231/m--20230805_150231--f000470.jpg,20230805_150231,mauritius,original,video,False,val,1567.82285513435
data/processed/mauritius/video/not_augmented/cull2_random_bg/head/224/20230805_150231/m--20230805_150231--f000472.jpg,20230805_150231,mauritius,original,video,False,val,466.51705868390144
data/processed/mauritius/video/not_augmented/cull2_random_bg/head/224/20230805_150231/m--20230805_150231--f000474.jpg,20230805_150231,mauritius,original,video,False,val,1497.0979352615018
data/processed/mauritius/video/not_augmented/cull2_random_bg/head/224/20230805_150231/m--20230805_150231--f000476.jpg,20230805_150231,mauritius,original,video,False,val,152.521551509541
data/processed/mauritius/video/not_augmented/cull2_random_bg/head/224/20230805_150231/m--20230805_150231--f000478.jpg,20230805_150231,mauritius,original,video,False,val,289.2029933953275
data/processed/mauritius/video/not_augmented/cull2_random_bg/head/224/20230805_150231/m--20230805_150231--f000480.jpg,20230805_150231,mauritius,original,video,False,val,118.73791327192504
data/processed/mauritius/video/not_augmented/cull2_random_bg/head/224/20230805_150231/m--20230805_150231--f000482.jpg,20230805_150231,mauritius,original,video,False,val,1242.292934024895
data/processed/mauritius/video/not_augmented/cull2_random_bg/head/224/20230805_150231/m--20230805_150231--f000484.jpg,20230805_150231,mauritius,original,video,False,val,133.7428978467574
data/processed/mauritius/video/not_augmented/cull2_random_bg/head/224/20230805_150231/m--20230805_150231--f000486.jpg,20230805_150231,mauritius,original,video,False,val,85.41543795137989
data/processed/mauritius/video/not_augmented/cull2_random_bg/head/224/20230805_150231/m--20230805_150231--f000488.jpg,20230805_150231,mauritius,original,video,False,val,74.93964641742635
data/processed/mauritius/video/not_augmented/cull2_random_bg/head/224/20230805_150231/m--20230805_150231--f000490.jpg,20230805_150231,mauritius,original,video,False,val,952.7197671276191
data/processed/mauritius/video/not_augmented/cull2_random_bg/head/224/20230805_150231/m--20230805_150231--f000548.jpg,20230805_150231,mauritius,original,video,False,val,156.37081396316597
data/processed/mauritius/video/not_augmented/cull2_random_bg/head/224/20230805_150231/m--20230805_150231--f000800.jpg,20230805_150231,mauritius,original,video,False,val,1867.5265143337672
data/processed/mauritius/video/not_augmented/cull2_random_bg/head/224/20230805_150231/m--20230805_150231--f000804.jpg,20230805_150231,mauritius,original,video,False,val,308.42311936981827
data/processed/mauritius/video/not_augmented/cull2_random_bg/head/224/20230805_150231/m--20230805_150231--f000806.jpg,20230805_150231,mauritius,original,video,False,val,709.1498283170154
data/processed/mauritius/video/not_augmented/cull2_random_bg/head/224/20230805_150231/m--20230805_150231--f000828.jpg,20230805_150231,mauritius,original,video,False,val,528.6758441138596
data/processed/mauritius/video/not_augmented/cull2_random_bg/head/224/20230805_150231/m--20230805_150231--f000830.jpg,20230805_150231,mauritius,original,video,False,val,393.7731782368251
data/processed/mauritius/video/not_augmented/cull2_random_bg/head/224/20230805_150231/m--20230805_150231--f000832.jpg,20230805_150231,mauritius,original,video,False,val,61.96395146633277
data/processed/mauritius/video/not_augmented/cull2_random_bg/head/224/20230805_150231/m--20230805_150231--f000840.jpg,20230805_150231,mauritius,original,video,False,val,264.09031989126595
data/processed/mauritius/video/not_augmented/cull2_random_bg/head/224/20230805_150231/m--20230805_150231--f000844.jpg,20230805_150231,mauritius,original,video,False,val,751.6441860858323
data/processed/mauritius/video/not_augmented/cull2_random_bg/head/224/20230805_150231/m--20230805_150231--f000846.jpg,20230805_150231,mauritius,original,video,False,val,1557.1652590788588
data/processed/mauritius/video/not_augmented/cull2_random_bg/head/224/20230805_150231/m--20230805_150231--f000848.jpg,20230805_150231,mauritius,original,video,False,val,214.65813077603318
data/processed/mauritius/video/not_augmented/cull2_random_bg/head/224/20230805_150231/m--20230805_150231--f000850.jpg,20230805_150231,mauritius,original,video,False,val,795.3994770896082
data/processed/mauritius/video/not_augmented/cull2_random_bg/head/224/20230805_150231/m--20230805_150231--f000852.jpg,20230805_150231,mauritius,original,video,False,val,587.7418180411679
data/processed/mauritius/video/not_augmented/cull2_random_bg/head/224/20230805_150231/m--20230805_150231--f000854.jpg,20230805_150231,mauritius,original,video,False,val,322.4097362090924
data/processed/mauritius/video/not_augmented/cull2_random_bg/head/224/20230805_150231/m--20230805_150231--f000856.jpg,20230805_150231,mauritius,original,video,False,val,223.43652165646063
data/processed/mauritius/video/not_augmented/cull2_random_bg/head/224/20230805_150231/m--20230805_150231--f000858.jpg,20230805_150231,mauritius,original,video,False,val,529.1842971858955
data/processed/mauritius/video/not_augmented/cull2_random_bg/head/224/20230805_150231/m--20230805_150231--f000860.jpg,20230805_150231,mauritius,original,video,False,val,2133.2752844168217
data/processed/mauritius/video/not_augmented/cull2_random_bg/head/224/20230805_150231/m--20230805_150231--f000862.jpg,20230805_150231,mauritius,original,video,False,val,468.3221208222058
data/processed/mauritius/video/not_augmented/cull2_random_bg/head/224/20230805_150231/m--20230805_150231--f000864.jpg,20230805_150231,mauritius,original,video,False,val,418.3415631564743
data/processed/mauritius/video/not_augmented/cull2_random_bg/head/224/20230805_150231/m--20230805_150231--f000866.jpg,20230805_150231,mauritius,original,video,False,val,306.77738549678537
data/processed/mauritius/video/not_augmented/cull2_random_bg/head/224/20230805_150231/m--20230805_150231--f000868.jpg,20230805_150231,mauritius,original,video,False,val,567.4611111727917
data/processed/mauritius/video/not_augmented/cull2_random_bg/head/224/20230805_150231/m--20230805_150231--f000870.jpg,20230805_150231,mauritius,original,video,False,val,678.5318685306802
data/processed/mauritius/video/not_augmented/cull2_random_bg/head/224/20230805_150231/m--20230805_150231--f000872.jpg,20230805_150231,mauritius,original,video,False,val,1010.8092213967898
data/processed/mauritius/video/not_augmented/cull2_random_bg/head/224/20230805_150231/m--20230805_150231--f000874.jpg,20230805_150231,mauritius,original,video,False,val,1896.5719848769452
data/processed/mauritius/video/not_augmented/cull2_random_bg/head/224/20230805_150231/m--20230805_150231--f000876.jpg,20230805_150231,mauritius,original,video,False,val,2296.065788135187
data/processed/mauritius/video/not_augmented/cull2_random_bg/head/224/20230805_150231/m--20230805_150231--f000878.jpg,20230805_150231,mauritius,original,video,False,val,3567.627561212529
data/processed/mauritius/video/not_augmented/cull2_random_bg/head/224/20230805_150231/m--20230805_150231--f000880.jpg,20230805_150231,mauritius,original,video,False,val,1652.856933134588
data/processed/mauritius/video/not_augmented/cull2_random_bg/head/224/20230805_150231/m--20230805_150231--f000888.jpg,20230805_150231,mauritius,original,video,False,val,1370.340194922991
data/processed/mauritius/video/not_augmented/cull2_random_bg/head/224/20230805_150231/m--20230805_150231--f000892.jpg,20230805_150231,mauritius,original,video,False,val,4248.639587807486
data/processed/mauritius/video/not_augmented/cull2_random_bg/head/224/20230805_150231/m--20230805_150231--f000934.jpg,20230805_150231,mauritius,original,video,False,val,254.20745979096182
data/processed/mauritius/video/not_augmented/cull2_random_bg/head/224/20230805_150231/m--20230805_150231--f000940.jpg,20230805_150231,mauritius,original,video,False,val,1791.0960329064524
data/processed/mauritius/video/not_augmented/cull2_random_bg/head/224/20230805_150231/m--20230805_150231--f000948.jpg,20230805_150231,mauritius,original,video,False,val,1208.870741971678
data/processed/mauritius/video/not_augmented/cull2_random_bg/head/224/20230805_150231/m--20230805_150231--f000950.jpg,20230805_150231,mauritius,original,video,False,val,1261.5997822359172
data/processed/mauritius/video/not_augmented/cull2_random_bg/head/224/20230805_150231/m--20230805_150231--f000952.jpg,20230805_150231,mauritius,original,video,False,val,1016.234284536782
data/processed/mauritius/video/not_augmented/cull2_random_bg/head/224/20230805_150231/m--20230805_150231--f000954.jpg,20230805_150231,mauritius,original,video,False,val,2529.7318267945398
data/processed/mauritius/video/not_augmented/cull2_random_bg/head/224/20230805_150231/m--20230805_150231--f000956.jpg,20230805_150231,mauritius,original,video,False,val,839.5021757465856
data/processed/mauritius/video/not_augmented/cull2_random_bg/head/224/20230805_150231/m--20230805_150231--f000962.jpg,20230805_150231,mauritius,original,video,False,val,367.9524464855489
data/processed/mauritius/video/not_augmented/cull2_random_bg/head/224/20230805_150231/m--20230805_150231--f000964.jpg,20230805_150231,mauritius,original,video,False,val,382.26012378352624
data/processed/mauritius/video/not_augmented/cull2_random_bg/head/224/20230805_150231/m--20230805_150231--f000966.jpg,20230805_150231,mauritius,original,video,False,val,1497.0658977274993
data/processed/mauritius/video/not_augmented/cull2_random_bg/head/224/20230805_150231/m--20230805_150231--f001026.jpg,20230805_150231,mauritius,original,video,False,val,785.9081019977885
data/processed/mauritius/video/not_augmented/cull2_random_bg/head/224/20230807_060504/m--20230807_060504--f000170.jpg,20230807_060504,mauritius,original,video,False,train,523.5178435618359
data/processed/mauritius/video/not_augmented/cull2_random_bg/head/224/20230807_060504/m--20230807_060504--f000172.jpg,20230807_060504,mauritius,original,video,False,train,196.62251405664304
data/processed/mauritius/video/not_augmented/cull2_random_bg/head/224/20230807_060504/m--20230807_060504--f000174.jpg,20230807_060504,mauritius,original,video,False,train,222.47426867653851
data/processed/mauritius/video/not_augmented/cull2_random_bg/head/224/20230807_060504/m--20230807_060504--f000176.jpg,20230807_060504,mauritius,original,video,False,train,1008.7933859862867
data/processed/mauritius/video/not_augmented/cull2_random_bg/head/224/20230807_060504/m--20230807_060504--f000178.jpg,20230807_060504,mauritius,original,video,False,train,1320.8118949768595
data/processed/mauritius/video/not_augmented/cull2_random_bg/head/224/20230807_060504/m--20230807_060504--f000180.jpg,20230807_060504,mauritius,original,video,False,train,582.2339954554961
data/processed/mauritius/video/not_augmented/cull2_random_bg/head/224/20230807_060504/m--20230807_060504--f000182.jpg,20230807_060504,mauritius,original,video,False,train,750.3099278041294
data/processed/mauritius/video/not_augmented/cull2_random_bg/head/224/20230807_060504/m--20230807_060504--f000184.jpg,20230807_060504,mauritius,original,video,False,train,149.81241636860128
data/processed/mauritius/video/not_augmented/cull2_random_bg/head/224/20230807_060504/m--20230807_060504--f000186.jpg,20230807_060504,mauritius,original,video,False,train,226.9588647561985
data/processed/mauritius/video/not_augmented/cull2_random_bg/head/224/20230807_060504/m--20230807_060504--f000188.jpg,20230807_060504,mauritius,original,video,False,train,170.33449416496214
data/processed/mauritius/video/not_augmented/cull2_random_bg/head/224/20230807_060504/m--20230807_060504--f000190.jpg,20230807_060504,mauritius,original,video,False,train,197.6362911972688
data/processed/mauritius/video/not_augmented/cull2_random_bg/head/224/20230807_060504/m--20230807_060504--f000236.jpg,20230807_060504,mauritius,original,video,False,train,739.2281764835578
data/processed/mauritius/video/not_augmented/cull2_random_bg/head/224/20230807_060504/m--20230807_060504--f000238.jpg,20230807_060504,mauritius,original,video,False,train,1441.515099518302
data/processed/mauritius/video/not_augmented/cull2_random_bg/head/224/20230807_060504/m--20230807_060504--f000240.jpg,20230807_060504,mauritius,original,video,False,train,981.2537663835925
data/processed/mauritius/video/not_augmented/cull2_random_bg/head/224/20230807_060504/m--20230807_060504--f000242.jpg,20230807_060504,mauritius,original,video,False,train,580.200354264707
data/processed/mauritius/video/not_augmented/cull2_random_bg/head/224/20230807_060504/m--20230807_060504--f000244.jpg,20230807_060504,mauritius,original,video,False,train,801.8702702695058
data/processed/mauritius/video/not_augmented/cull2_random_bg/head/224/20230807_060504/m--20230807_060504--f000246.jpg,20230807_060504,mauritius,original,video,False,train,446.8792181777637
data/processed/mauritius/video/not_augmented/cull2_random_bg/head/224/20230807_060504/m--20230807_060504--f000248.jpg,20230807_060504,mauritius,original,video,False,train,455.73307811096777
data/processed/mauritius/video/not_augmented/cull2_random_bg/head/224/20230807_060504/m--20230807_060504--f000250.jpg,20230807_060504,mauritius,original,video,False,train,1012.1962970378547
data/processed/mauritius/video/not_augmented/cull2_random_bg/head/224/20230807_060504/m--20230807_060504--f000252.jpg,20230807_060504,mauritius,original,video,False,train,828.9005468099231
data/processed/mauritius/video/not_augmented/cull2_random_bg/head/224/20230807_060504/m--20230807_060504--f000254.jpg,20230807_060504,mauritius,original,video,False,train,1056.2199796444675
data/processed/mauritius/video/not_augmented/cull2_random_bg/head/224/20230807_060504/m--20230807_060504--f000256.jpg,20230807_060504,mauritius,original,video,False,train,77.15098564786645
data/processed/mauritius/video/not_augmented/cull2_random_bg/head/224/20230807_060504/m--20230807_060504--f000258.jpg,20230807_060504,mauritius,original,video,False,train,620.1702986720799
data/processed/mauritius/video/not_augmented/cull2_random_bg/head/224/20230807_060504/m--20230807_060504--f000260.jpg,20230807_060504,mauritius,original,video,False,train,2122.1339663875347
data/processed/mauritius/video/not_augmented/cull2_random_bg/head/224/20230807_060504/m--20230807_060504--f000262.jpg,20230807_060504,mauritius,original,video,False,train,69.47150021719465
data/processed/mauritius/video/not_augmented/cull2_random_bg/head/224/20230807_060504/m--20230807_060504--f000264.jpg,20230807_060504,mauritius,original,video,False,train,30.617966842174727
data/processed/mauritius/video/not_augmented/cull2_random_bg/head/224/20230807_060504/m--20230807_060504--f000266.jpg,20230807_060504,mauritius,original,video,False,train,225.30845052329067
data/processed/mauritius/video/not_augmented/cull2_random_bg/head/224/20230807_060504/m--20230807_060504--f000268.jpg,20230807_060504,mauritius,original,video,False,train,829.7560722735564
data/processed/mauritius/video/not_augmented/cull2_random_bg/head/224/20230807_060504/m--20230807_060504--f000270.jpg,20230807_060504,mauritius,original,video,False,train,82.23465324888028
data/processed/mauritius/video/not_augmented/cull2_random_bg/head/224/20230807_060504/m--20230807_060504--f000272.jpg,20230807_060504,mauritius,original,video,False,train,574.1113843457096
data/processed/mauritius/video/not_augmented/cull2_random_bg/head/224/20230807_060504/m--20230807_060504--f000274.jpg,20230807_060504,mauritius,original,video,False,train,725.514013853236
data/processed/mauritius/video/not_augmented/cull2_random_bg/head/224/20230807_060504/m--20230807_060504--f000860.jpg,20230807_060504,mauritius,original,video,False,train,1168.6495920059733
data/processed/mauritius/video/not_augmented/cull2_random_bg/head/224/20230807_060504/m--20230807_060504--f000862.jpg,20230807_060504,mauritius,original,video,False,train,233.75989453348703
data/processed/mauritius/video/not_augmented/cull2_random_bg/head/224/20230807_060504/m--20230807_060504--f000864.jpg,20230807_060504,mauritius,original,video,False,train,699.5080904438315
data/processed/mauritius/video/not_augmented/cull2_random_bg/head/224/20230807_060504/m--20230807_060504--f001412.jpg,20230807_060504,mauritius,original,video,False,train,1029.1882563328454
data/processed/mauritius/video/not_augmented/cull2_random_bg/head/224/20230807_060504/m--20230807_060504--f001414.jpg,20230807_060504,mauritius,original,video,False,train,596.8690205311486
data/processed/mauritius/video/not_augmented/cull2_random_bg/head/224/20230807_060504/m--20230807_060504--f001416.jpg,20230807_060504,mauritius,original,video,False,train,1067.9780970787517
data/processed/mauritius/video/not_augmented/cull2_random_bg/head/224/20230807_060504/m--20230807_060504--f001418.jpg,20230807_060504,mauritius,original,video,False,train,949.3744732059572
data/processed/mauritius/video/not_augmented/cull2_random_bg/head/224/20230807_060504/m--20230807_060504--f001420.jpg,20230807_060504,mauritius,original,video,False,train,586.6216585412716
data/processed/mauritius/video/not_augmented/cull2_random_bg/head/224/20230807_122321/m--20230807_122321--f001160.jpg,20230807_122321,mauritius,original,video,False,train,3043.540915727516
data/processed/mauritius/video/not_augmented/cull2_random_bg/head/224/20230807_122321/m--20230807_122321--f001162.jpg,20230807_122321,mauritius,original,video,False,train,4978.892927060968
data/processed/mauritius/video/not_augmented/cull2_random_bg/head/224/20230807_122321/m--20230807_122321--f001164.jpg,20230807_122321,mauritius,original,video,False,train,3994.8194145876296
data/processed/mauritius/video/not_augmented/cull2_random_bg/head/224/20230807_122321/m--20230807_122321--f001166.jpg,20230807_122321,mauritius,original,video,False,train,2715.8808528573654
data/processed/mauritius/video/not_augmented/cull2_random_bg/head/224/20230807_122321/m--20230807_122321--f001168.jpg,20230807_122321,mauritius,original,video,False,train,3689.2175867222886
data/processed/mauritius/video/not_augmented/cull2_random_bg/head/224/20230807_122321/m--20230807_122321--f001170.jpg,20230807_122321,mauritius,original,video,False,train,2433.9231203830723
data/processed/mauritius/video/not_augmented/cull2_random_bg/head/224/20230807_122321/m--20230807_122321--f001176.jpg,20230807_122321,mauritius,original,video,False,train,2544.6470161538878
data/processed/mauritius/video/not_augmented/cull2_random_bg/head/224/20230807_122321/m--20230807_122321--f001178.jpg,20230807_122321,mauritius,original,video,False,train,2011.977936925018
data/processed/mauritius/video/not_augmented/cull2_random_bg/head/224/20230807_123413/m--20230807_123413--f000182.jpg,20230807_123413,mauritius,original,video,False,train,529.5852644001629
data/processed/mauritius/video/not_augmented/cull2_random_bg/head/224/20230807_123413/m--20230807_123413--f000192.jpg,20230807_123413,mauritius,original,video,False,train,2628.2955561851963
data/processed/mauritius/video/not_augmented/cull2_random_bg/head/224/20230807_123413/m--20230807_123413--f000194.jpg,20230807_123413,mauritius,original,video,False,train,677.0997072412093
data/processed/mauritius/video/not_augmented/cull2_random_bg/head/224/20230807_123413/m--20230807_123413--f000196.jpg,20230807_123413,mauritius,original,video,False,train,323.9610087856657
data/processed/mauritius/video/not_augmented/cull2_random_bg/head/224/20230807_123413/m--20230807_123413--f000198.jpg,20230807_123413,mauritius,original,video,False,train,3311.884370265629
data/processed/mauritius/video/not_augmented/cull2_random_bg/head/224/20230807_123413/m--20230807_123413--f000200.jpg,20230807_123413,mauritius,original,video,False,train,5248.48386992161
data/processed/mauritius/video/not_augmented/cull2_random_bg/head/224/20230807_123413/m--20230807_123413--f000202.jpg,20230807_123413,mauritius,original,video,False,train,2991.0192309196464
data/processed/mauritius/video/not_augmented/cull2_random_bg/head/224/20230807_124816/m--20230807_124816--f000256.jpg,20230807_124816,mauritius,original,video,False,train,2406.276129630445
data/processed/mauritius/video/not_augmented/cull2_random_bg/head/224/20230807_124816/m--20230807_124816--f000258.jpg,20230807_124816,mauritius,original,video,False,train,2277.4902342463074
data/processed/mauritius/video/not_augmented/cull2_random_bg/head/224/20230807_124816/m--20230807_124816--f000866.jpg,20230807_124816,mauritius,original,video,False,train,1703.200095637845
data/processed/mauritius/video/not_augmented/cull2_random_bg/head/224/20230807_124816/m--20230807_124816--f000868.jpg,20230807_124816,mauritius,original,video,False,train,2245.159341258042
data/processed/mauritius/video/not_augmented/cull2_random_bg/head/224/20230807_124816/m--20230807_124816--f000870.jpg,20230807_124816,mauritius,original,video,False,train,987.3432468587486
data/processed/mauritius/video/not_augmented/cull2_random_bg/head/224/20230807_124816/m--20230807_124816--f000872.jpg,20230807_124816,mauritius,original,video,False,train,1065.497328485364
data/processed/mauritius/video/not_augmented/cull2_random_bg/head/224/20230807_124816/m--20230807_124816--f000874.jpg,20230807_124816,mauritius,original,video,False,train,1384.0836247972825
data/processed/mauritius/video/not_augmented/cull2_random_bg/head/224/20230807_124816/m--20230807_124816--f000876.jpg,20230807_124816,mauritius,original,video,False,train,1532.7273154487118
data/processed/mauritius/video/not_augmented/cull2_random_bg/head/224/20230807_124816/m--20230807_124816--f000878.jpg,20230807_124816,mauritius,original,video,False,train,1682.2995498129749
data/processed/mauritius/video/not_augmented/cull2_random_bg/head/224/20230807_124816/m--20230807_124816--f000880.jpg,20230807_124816,mauritius,original,video,False,train,972.696660544663
data/processed/mauritius/video/not_augmented/cull2_random_bg/head/224/20230807_124816/m--20230807_124816--f001408.jpg,20230807_124816,mauritius,original,video,False,train,172.6332401587833
data/processed/mauritius/video/not_augmented/cull2_random_bg/head/224/20230807_124816/m--20230807_124816--f001494.jpg,20230807_124816,mauritius,original,video,False,train,1099.049138228827
data/processed/mauritius/video/not_augmented/cull2_random_bg/head/224/20230807_124816/m--20230807_124816--f001496.jpg,20230807_124816,mauritius,original,video,False,train,1421.2478462530642
data/processed/mauritius/video/not_augmented/cull2_random_bg/head/224/20230807_124816/m--20230807_124816--f001498.jpg,20230807_124816,mauritius,original,video,False,train,227.9075208133283
data/processed/mauritius/video/not_augmented/cull2_random_bg/head/224/20230807_124816/m--20230807_124816--f001500.jpg,20230807_124816,mauritius,original,video,False,train,2276.255951162479
data/processed/mauritius/video/not_augmented/cull2_random_bg/head/224/20230807_124816/m--20230807_124816--f001502.jpg,20230807_124816,mauritius,original,video,False,train,488.9546066400956
data/processed/mauritius/video/not_augmented/cull2_random_bg/head/224/20230807_124816/m--20230807_124816--f001504.jpg,20230807_124816,mauritius,original,video,False,train,1349.159176194931
data/processed/mauritius/video/not_augmented/cull2_random_bg/head/224/20230807_124816/m--20230807_124816--f001506.jpg,20230807_124816,mauritius,original,video,False,train,2417.5550215247267
data/processed/mauritius/video/not_augmented/cull2_random_bg/head/224/20230807_124816/m--20230807_124816--f001508.jpg,20230807_124816,mauritius,original,video,False,train,1243.291087800391
data/processed/mauritius/video/not_augmented/cull2_random_bg/head/224/20230807_124816/m--20230807_124816--f001510.jpg,20230807_124816,mauritius,original,video,False,train,1030.098949687772
data/processed/mauritius/video/not_augmented/cull2_random_bg/head/224/20230807_124816/m--20230807_124816--f001512.jpg,20230807_124816,mauritius,original,video,False,train,1642.6491749043366
data/processed/mauritius/video/not_augmented/cull2_random_bg/head/224/20230807_124816/m--20230807_124816--f001514.jpg,20230807_124816,mauritius,original,video,False,train,1389.4567916592873
data/processed/mauritius/video/not_augmented/cull2_random_bg/head/224/20230807_124816/m--20230807_124816--f001516.jpg,20230807_124816,mauritius,original,video,False,train,2375.9501870237555
data/processed/mauritius/video/not_augmented/cull2_random_bg/head/224/20230807_124816/m--20230807_124816--f001584.jpg,20230807_124816,mauritius,original,video,False,train,2506.2847401365943
data/processed/mauritius/video/not_augmented/cull2_random_bg/head/224/20230807_124816/m--20230807_124816--f001622.jpg,20230807_124816,mauritius,original,video,False,train,206.39541753993734
data/processed/mauritius/video/not_augmented/cull2_random_bg/head/224/20230807_125815/m--20230807_125815--f000242.jpg,20230807_125815,mauritius,original,video,False,train,455.34418537715044
data/processed/mauritius/video/not_augmented/cull2_random_bg/head/224/20230807_125815/m--20230807_125815--f000244.jpg,20230807_125815,mauritius,original,video,False,train,59.338425399163825
data/processed/mauritius/video/not_augmented/cull2_random_bg/head/224/20230807_125815/m--20230807_125815--f000246.jpg,20230807_125815,mauritius,original,video,False,train,1237.6236490152717
data/processed/mauritius/video/not_augmented/cull2_random_bg/head/224/20230807_125815/m--20230807_125815--f000248.jpg,20230807_125815,mauritius,original,video,False,train,3098.195479164219
data/processed/mauritius/video/not_augmented/cull2_random_bg/head/224/20230807_125815/m--20230807_125815--f000250.jpg,20230807_125815,mauritius,original,video,False,train,2503.212297864181
data/processed/mauritius/video/not_augmented/cull2_random_bg/head/224/20230807_125815/m--20230807_125815--f000252.jpg,20230807_125815,mauritius,original,video,False,train,1681.2511739909573
data/processed/mauritius/video/not_augmented/cull2_random_bg/head/224/20230807_125815/m--20230807_125815--f000254.jpg,20230807_125815,mauritius,original,video,False,train,1284.9499750911866
data/processed/mauritius/video/not_augmented/cull2_random_bg/head/224/20230807_125815/m--20230807_125815--f000256.jpg,20230807_125815,mauritius,original,video,False,train,951.9018241440639
data/processed/mauritius/video/not_augmented/cull2_random_bg/head/224/20230807_125815/m--20230807_125815--f000258.jpg,20230807_125815,mauritius,original,video,False,train,1841.8088944672247
data/processed/mauritius/video/not_augmented/cull2_random_bg/head/224/20230807_125815/m--20230807_125815--f000260.jpg,20230807_125815,mauritius,original,video,False,train,1408.3485000873297
data/processed/mauritius/video/not_augmented/cull2_random_bg/head/224/20230807_125815/m--20230807_125815--f000262.jpg,20230807_125815,mauritius,original,video,False,train,2298.2557800333484
data/processed/mauritius/video/not_augmented/cull2_random_bg/head/224/20230807_125815/m--20230807_125815--f000264.jpg,20230807_125815,mauritius,original,video,False,train,700.846518669065
data/processed/mauritius/video/not_augmented/cull2_random_bg/head/224/20230807_125815/m--20230807_125815--f000268.jpg,20230807_125815,mauritius,original,video,False,train,1020.4756175084494
data/processed/mauritius/video/not_augmented/cull2_random_bg/head/224/20230807_125815/m--20230807_125815--f000270.jpg,20230807_125815,mauritius,original,video,False,train,2191.7648398742135
data/processed/mauritius/video/not_augmented/cull2_random_bg/head/224/20230807_125815/m--20230807_125815--f000276.jpg,20230807_125815,mauritius,original,video,False,train,1124.19285851645
data/processed/mauritius/video/not_augmented/cull2_random_bg/head/224/20230807_125815/m--20230807_125815--f000278.jpg,20230807_125815,mauritius,original,video,False,train,200.07107855349176
data/processed/mauritius/video/not_augmented/cull2_random_bg/head/224/20230807_125815/m--20230807_125815--f000280.jpg,20230807_125815,mauritius,original,video,False,train,1425.329630642422
data/processed/mauritius/video/not_augmented/cull2_random_bg/head/224/20230807_125815/m--20230807_125815--f000282.jpg,20230807_125815,mauritius,original,video,False,train,1332.6762522197375
data/processed/mauritius/video/not_augmented/cull2_random_bg/head/224/20230807_125815/m--20230807_125815--f000284.jpg,20230807_125815,mauritius,original,video,False,train,113.17102204536906
data/processed/mauritius/video/not_augmented/cull2_random_bg/head/224/20230807_125815/m--20230807_125815--f000286.jpg,20230807_125815,mauritius,original,video,False,train,988.4235488386365
data/processed/mauritius/video/not_augmented/cull2_random_bg/head/224/20230807_125815/m--20230807_125815--f000288.jpg,20230807_125815,mauritius,original,video,False,train,845.6248113111077
data/processed/mauritius/video/not_augmented/cull2_random_bg/head/224/20230807_125815/m--20230807_125815--f000290.jpg,20230807_125815,mauritius,original,video,False,train,260.06997993974477
data/processed/mauritius/video/not_augmented/cull2_random_bg/head/224/20230807_125815/m--20230807_125815--f000292.jpg,20230807_125815,mauritius,original,video,False,train,159.8103079138473
data/processed/mauritius/video/not_augmented/cull2_random_bg/head/224/20230807_125815/m--20230807_125815--f000294.jpg,20230807_125815,mauritius,original,video,False,train,214.4269892793057
data/processed/mauritius/video/not_augmented/cull2_random_bg/head/224/20230807_125815/m--20230807_125815--f000296.jpg,20230807_125815,mauritius,original,video,False,train,141.85759334691312
data/processed/mauritius/video/not_augmented/cull2_random_bg/head/224/20230807_125815/m--20230807_125815--f000298.jpg,20230807_125815,mauritius,original,video,False,train,1255.5959974806888
data/processed/mauritius/video/not_augmented/cull2_random_bg/head/224/20230807_125815/m--20230807_125815--f000300.jpg,20230807_125815,mauritius,original,video,False,train,1118.1661946373351
data/processed/mauritius/video/not_augmented/cull2_random_bg/head/224/20230807_125815/m--20230807_125815--f000302.jpg,20230807_125815,mauritius,original,video,False,train,92.27635901314872
data/processed/mauritius/video/not_augmented/cull2_random_bg/head/224/20230807_125815/m--20230807_125815--f000304.jpg,20230807_125815,mauritius,original,video,False,train,846.4407507448781
data/processed/mauritius/video/not_augmented/cull2_random_bg/head/224/20230807_125815/m--20230807_125815--f000306.jpg,20230807_125815,mauritius,original,video,False,train,488.06246012600695
data/processed/mauritius/video/not_augmented/cull2_random_bg/head/224/20230807_125815/m--20230807_125815--f000308.jpg,20230807_125815,mauritius,original,video,False,train,1474.6675955670316
data/processed/mauritius/video/not_augmented/cull2_random_bg/head/224/20230807_125815/m--20230807_125815--f001354.jpg,20230807_125815,mauritius,original,video,False,train,1593.923828023317
data/processed/mauritius/video/not_augmented/cull2_random_bg/head/224/20230807_125815/m--20230807_125815--f001356.jpg,20230807_125815,mauritius,original,video,False,train,1081.6370726950413
data/processed/mauritius/video/not_augmented/cull2_random_bg/head/224/20230807_125815/m--20230807_125815--f001358.jpg,20230807_125815,mauritius,original,video,False,train,1309.7461330309752
data/processed/mauritius/video/not_augmented/cull2_random_bg/head/224/20230807_125815/m--20230807_125815--f001360.jpg,20230807_125815,mauritius,original,video,False,train,2930.903300253961
data/processed/mauritius/video/not_augmented/cull2_random_bg/head/224/20230807_125815/m--20230807_125815--f001416.jpg,20230807_125815,mauritius,original,video,False,train,1292.0800816866815
data/processed/mauritius/video/not_augmented/cull2_random_bg/head/224/20230807_125815/m--20230807_125815--f001418.jpg,20230807_125815,mauritius,original,video,False,train,2114.30644646112
data/processed/mauritius/video/not_augmented/cull2_random_bg/head/224/20230807_125815/m--20230807_125815--f001420.jpg,20230807_125815,mauritius,original,video,False,train,1074.1436248641867
data/processed/mauritius/video/not_augmented/cull2_random_bg/head/224/20230807_125815/m--20230807_125815--f001422.jpg,20230807_125815,mauritius,original,video,False,train,1812.4381692370787
data/processed/mauritius/video/not_augmented/cull2_random_bg/head/224/20230807_125815/m--20230807_125815--f001424.jpg,20230807_125815,mauritius,original,video,False,train,1149.623055594308
data/processed/mauritius/video/not_augmented/cull2_random_bg/head/224/20230807_125815/m--20230807_125815--f001426.jpg,20230807_125815,mauritius,original,video,False,train,1828.2612922903595
data/processed/mauritius/video/not_augmented/cull2_random_bg/head/224/20230807_125815/m--20230807_125815--f001428.jpg,20230807_125815,mauritius,original,video,False,train,1648.2176719516183
data/processed/mauritius/video/not_augmented/cull2_random_bg/head/224/20230807_125815/m--20230807_125815--f001430.jpg,20230807_125815,mauritius,original,video,False,train,1589.625609702937
data/processed/mauritius/video/not_augmented/cull2_random_bg/head/224/20230807_125815/m--20230807_125815--f001432.jpg,20230807_125815,mauritius,original,video,False,train,1405.9498938672098
data/processed/mauritius/video/not_augmented/cull2_random_bg/head/224/20230807_125815/m--20230807_125815--f001434.jpg,20230807_125815,mauritius,original,video,False,train,1075.6637384616447
data/processed/mauritius/video/not_augmented/cull2_random_bg/head/224/20230807_125815/m--20230807_125815--f001436.jpg,20230807_125815,mauritius,original,video,False,train,1519.3755829464344
data/processed/mauritius/video/not_augmented/cull2_random_bg/head/224/20230807_125815/m--20230807_125815--f001438.jpg,20230807_125815,mauritius,original,video,False,train,1998.8555169222705
data/processed/mauritius/video/not_augmented/cull2_random_bg/head/224/20230807_125815/m--20230807_125815--f001440.jpg,20230807_125815,mauritius,original,video,False,train,2021.520700672774
data/processed/mauritius/video/not_augmented/cull2_random_bg/head/224/20230807_125815/m--20230807_125815--f001442.jpg,20230807_125815,mauritius,original,video,False,train,2215.730358155555
data/processed/mauritius/video/not_augmented/cull2_random_bg/head/224/20230807_125815/m--20230807_125815--f001444.jpg,20230807_125815,mauritius,original,video,False,train,1923.369585384383
data/processed/mauritius/video/not_augmented/cull2_random_bg/head/224/20230809_185948/m--20230809_185948--f000166.jpg,20230809_185948,mauritius,original,video,False,test,371.0730205426262
data/processed/mauritius/video/not_augmented/cull2_random_bg/head/224/20230809_185948/m--20230809_185948--f000168.jpg,20230809_185948,mauritius,original,video,False,test,1975.8489633482332
data/processed/mauritius/video/not_augmented/cull2_random_bg/head/224/20230809_185948/m--20230809_185948--f000170.jpg,20230809_185948,mauritius,original,video,False,test,504.43773305718975
data/processed/mauritius/video/not_augmented/cull2_random_bg/head/224/20230809_185948/m--20230809_185948--f000172.jpg,20230809_185948,mauritius,original,video,False,test,269.3777377340308
data/processed/mauritius/video/not_augmented/cull2_random_bg/head/224/20230809_185948/m--20230809_185948--f000174.jpg,20230809_185948,mauritius,original,video,False,test,1028.7158305693645
data/processed/mauritius/video/not_augmented/cull2_random_bg/head/224/20230809_185948/m--20230809_185948--f000176.jpg,20230809_185948,mauritius,original,video,False,test,847.833938509263
data/processed/mauritius/video/not_augmented/cull2_random_bg/head/224/20230809_185948/m--20230809_185948--f000178.jpg,20230809_185948,mauritius,original,video,False,test,1254.247718687109
data/processed/mauritius/video/not_augmented/cull2_random_bg/head/224/20230809_185948/m--20230809_185948--f000180.jpg,20230809_185948,mauritius,original,video,False,test,734.6200952013547
data/processed/mauritius/video/not_augmented/cull2_random_bg/head/224/20230809_185948/m--20230809_185948--f000182.jpg,20230809_185948,mauritius,original,video,False,test,235.43671421645232
data/processed/mauritius/video/not_augmented/cull2_random_bg/head/224/20230809_185948/m--20230809_185948--f000184.jpg,20230809_185948,mauritius,original,video,False,test,480.3471917561917
data/processed/mauritius/video/not_augmented/cull2_random_bg/head/224/20230809_185948/m--20230809_185948--f000186.jpg,20230809_185948,mauritius,original,video,False,test,1077.6404478966022
data/processed/mauritius/video/not_augmented/cull2_random_bg/head/224/20230809_185948/m--20230809_185948--f000188.jpg,20230809_185948,mauritius,original,video,False,test,601.9175395905995
data/processed/mauritius/video/not_augmented/cull2_random_bg/head/224/20230809_185948/m--20230809_185948--f000196.jpg,20230809_185948,mauritius,original,video,False,test,172.7418517871779
data/processed/mauritius/video/not_augmented/cull2_random_bg/head/224/20230809_185948/m--20230809_185948--f000198.jpg,20230809_185948,mauritius,original,video,False,test,715.2802757281456
data/processed/mauritius/video/not_augmented/cull2_random_bg/head/224/20230809_185948/m--20230809_185948--f000202.jpg,20230809_185948,mauritius,original,video,False,test,920.0667446248485
data/processed/mauritius/video/not_augmented/cull2_random_bg/head/224/20230809_185948/m--20230809_185948--f000206.jpg,20230809_185948,mauritius,original,video,False,test,134.67794910384833
data/processed/mauritius/video/not_augmented/cull2_random_bg/head/224/20230809_185948/m--20230809_185948--f000208.jpg,20230809_185948,mauritius,original,video,False,test,1197.8134893491235
data/processed/mauritius/video/not_augmented/cull2_random_bg/head/224/20230809_185948/m--20230809_185948--f000212.jpg,20230809_185948,mauritius,original,video,False,test,453.07706871453746
data/processed/mauritius/video/not_augmented/cull2_random_bg/head/224/20230809_185948/m--20230809_185948--f000214.jpg,20230809_185948,mauritius,original,video,False,test,656.3229672480801
data/processed/mauritius/video/not_augmented/cull2_random_bg/head/224/20230809_185948/m--20230809_185948--f000216.jpg,20230809_185948,mauritius,original,video,False,test,441.214544512738
data/processed/mauritius/video/not_augmented/cull2_random_bg/head/224/20230809_185948/m--20230809_185948--f000218.jpg,20230809_185948,mauritius,original,video,False,test,475.49437959091904
data/processed/mauritius/video/not_augmented/cull2_random_bg/head/224/20230809_185948/m--20230809_185948--f000220.jpg,20230809_185948,mauritius,original,video,False,test,225.26579477190222
data/processed/mauritius/video/not_augmented/cull2_random_bg/head/224/20230809_185948/m--20230809_185948--f000222.jpg,20230809_185948,mauritius,original,video,False,test,707.8255659704753
data/processed/mauritius/video/not_augmented/cull2_random_bg/head/224/20230809_185948/m--20230809_185948--f000224.jpg,20230809_185948,mauritius,original,video,False,test,534.2127469200633
data/processed/mauritius/video/not_augmented/cull2_random_bg/head/224/20230809_185948/m--20230809_185948--f000226.jpg,20230809_185948,mauritius,original,video,False,test,567.0357797440763
data/processed/mauritius/video/not_augmented/cull2_random_bg/head/224/20230809_185948/m--20230809_185948--f000228.jpg,20230809_185948,mauritius,original,video,False,test,480.39775872697237
data/processed/mauritius/video/not_augmented/cull2_random_bg/head/224/20230809_185948/m--20230809_185948--f000230.jpg,20230809_185948,mauritius,original,video,False,test,1466.538690181734
data/processed/mauritius/video/not_augmented/cull2_random_bg/head/224/20230809_185948/m--20230809_185948--f000232.jpg,20230809_185948,mauritius,original,video,False,test,1244.4186795702183
data/processed/mauritius/video/not_augmented/cull2_random_bg/head/224/20230809_185948/m--20230809_185948--f000234.jpg,20230809_185948,mauritius,original,video,False,test,648.8677757291781
data/processed/mauritius/video/not_augmented/cull2_random_bg/head/224/20230809_185948/m--20230809_185948--f000236.jpg,20230809_185948,mauritius,original,video,False,test,604.5978228919757
data/processed/mauritius/video/not_augmented/cull2_random_bg/head/224/20230809_185948/m--20230809_185948--f000238.jpg,20230809_185948,mauritius,original,video,False,test,546.6733405678433
data/processed/mauritius/video/not_augmented/cull2_random_bg/head/224/20230809_185948/m--20230809_185948--f000240.jpg,20230809_185948,mauritius,original,video,False,test,628.6925940316999
data/processed/mauritius/video/not_augmented/cull2_random_bg/head/224/20230809_185948/m--20230809_185948--f000242.jpg,20230809_185948,mauritius,original,video,False,test,457.18464306938995
data/processed/mauritius/video/not_augmented/cull2_random_bg/head/224/20230809_185948/m--20230809_185948--f000244.jpg,20230809_185948,mauritius,original,video,False,test,973.8161756772888
data/processed/mauritius/video/not_augmented/cull2_random_bg/head/224/20230809_185948/m--20230809_185948--f000246.jpg,20230809_185948,mauritius,original,video,False,test,650.7840855037208
data/processed/mauritius/video/not_augmented/cull2_random_bg/head/224/20230809_185948/m--20230809_185948--f000248.jpg,20230809_185948,mauritius,original,video,False,test,348.94931106376725
data/processed/mauritius/video/not_augmented/cull2_random_bg/head/224/20230809_185948/m--20230809_185948--f000250.jpg,20230809_185948,mauritius,original,video,False,test,298.61853129622443
data/processed/mauritius/video/not_augmented/cull2_random_bg/head/224/20230809_185948/m--20230809_185948--f000252.jpg,20230809_185948,mauritius,original,video,False,test,779.8365423475789
data/processed/mauritius/video/not_augmented/cull2_random_bg/head/224/20230809_185948/m--20230809_185948--f000254.jpg,20230809_185948,mauritius,original,video,False,test,769.7757954992685
data/processed/mauritius/video/not_augmented/cull2_random_bg/head/224/20230809_185948/m--20230809_185948--f000256.jpg,20230809_185948,mauritius,original,video,False,test,176.04423625108748
data/processed/mauritius/video/not_augmented/cull2_random_bg/head/224/20230809_185948/m--20230809_185948--f000258.jpg,20230809_185948,mauritius,original,video,False,test,609.1933242944021
data/processed/mauritius/video/not_augmented/cull2_random_bg/head/224/20230809_185948/m--20230809_185948--f000260.jpg,20230809_185948,mauritius,original,video,False,test,749.5658660850542
data/processed/mauritius/video/not_augmented/cull2_random_bg/head/224/20230809_185948/m--20230809_185948--f000262.jpg,20230809_185948,mauritius,original,video,False,test,147.83706058595936
data/processed/mauritius/video/not_augmented/cull2_random_bg/head/224/20230809_185948/m--20230809_185948--f000264.jpg,20230809_185948,mauritius,original,video,False,test,49.68391062209429
data/processed/mauritius/video/not_augmented/cull2_random_bg/head/224/20230809_185948/m--20230809_185948--f000266.jpg,20230809_185948,mauritius,original,video,False,test,274.9477046118931
data/processed/mauritius/video/not_augmented/cull2_random_bg/head/224/20230809_185948/m--20230809_185948--f000268.jpg,20230809_185948,mauritius,original,video,False,test,443.48074899400984
data/processed/mauritius/video/not_augmented/cull2_random_bg/head/224/20230809_185948/m--20230809_185948--f001144.jpg,20230809_185948,mauritius,original,video,False,test,275.88816793299577
data/processed/mauritius/video/not_augmented/cull2_random_bg/head/224/20230809_185948/m--20230809_185948--f001146.jpg,20230809_185948,mauritius,original,video,False,test,140.8432845080311
data/processed/mauritius/video/not_augmented/cull2_random_bg/head/224/20230809_185948/m--20230809_185948--f001156.jpg,20230809_185948,mauritius,original,video,False,test,348.8778876352687
data/processed/mauritius/video/not_augmented/cull2_random_bg/head/224/20230809_185948/m--20230809_185948--f001158.jpg,20230809_185948,mauritius,original,video,False,test,279.40844010810264
data/processed/mauritius/video/not_augmented/cull2_random_bg/head/224/20230809_185948/m--20230809_185948--f001162.jpg,20230809_185948,mauritius,original,video,False,test,224.9557544747178
data/processed/mauritius/video/not_augmented/cull2_random_bg/head/224/20230809_185948/m--20230809_185948--f001172.jpg,20230809_185948,mauritius,original,video,False,test,1216.9006045594508
data/processed/mauritius/video/not_augmented/cull2_random_bg/head/224/20230809_185948/m--20230809_185948--f001174.jpg,20230809_185948,mauritius,original,video,False,test,88.20224645305602
data/processed/mauritius/video/not_augmented/cull2_random_bg/head/224/20230809_185948/m--20230809_185948--f001176.jpg,20230809_185948,mauritius,original,video,False,test,665.5541644428035
data/processed/mauritius/video/not_augmented/cull2_random_bg/head/224/20230809_185948/m--20230809_185948--f001178.jpg,20230809_185948,mauritius,original,video,False,test,1199.736336844308
data/processed/mauritius/video/not_augmented/cull2_random_bg/head/224/20230809_185948/m--20230809_185948--f001180.jpg,20230809_185948,mauritius,original,video,False,test,1227.7754241799573
data/processed/mauritius/video/not_augmented/cull2_random_bg/head/224/20230809_185948/m--20230809_185948--f001182.jpg,20230809_185948,mauritius,original,video,False,test,899.3492955430653
data/processed/mauritius/video/not_augmented/cull2_random_bg/head/224/20230809_185948/m--20230809_185948--f001184.jpg,20230809_185948,mauritius,original,video,False,test,692.4206062453532
data/processed/mauritius/video/not_augmented/cull2_random_bg/head/224/20230809_185948/m--20230809_185948--f001186.jpg,20230809_185948,mauritius,original,video,False,test,102.19112092740633
data/processed/mauritius/video/not_augmented/cull2_random_bg/head/224/20230809_185948/m--20230809_185948--f001188.jpg,20230809_185948,mauritius,original,video,False,test,120.23363559338412
data/processed/mauritius/video/not_augmented/cull2_random_bg/head/224/20230809_185948/m--20230809_185948--f001190.jpg,20230809_185948,mauritius,original,video,False,test,687.6678356149205
data/processed/mauritius/video/not_augmented/cull2_random_bg/head/224/20230809_185948/m--20230809_185948--f001192.jpg,20230809_185948,mauritius,original,video,False,test,184.6980711342344
data/processed/mauritius/video/not_augmented/cull2_random_bg/head/224/20230809_185948/m--20230809_185948--f001194.jpg,20230809_185948,mauritius,original,video,False,test,568.749901361239
data/processed/mauritius/video/not_augmented/cull2_random_bg/head/224/20230809_185948/m--20230809_185948--f001196.jpg,20230809_185948,mauritius,original,video,False,test,1175.6682032112874
data/processed/mauritius/video/not_augmented/cull2_random_bg/head/224/20230809_185948/m--20230809_185948--f001358.jpg,20230809_185948,mauritius,original,video,False,test,822.7228795202114
data/processed/mauritius/video/not_augmented/cull2_random_bg/head/224/20230809_185948/m--20230809_185948--f001360.jpg,20230809_185948,mauritius,original,video,False,test,618.6968210610386
data/processed/mauritius/video/not_augmented/cull2_random_bg/head/224/20230809_185948/m--20230809_185948--f001362.jpg,20230809_185948,mauritius,original,video,False,test,344.15632090753235
data/processed/mauritius/video/not_augmented/cull2_random_bg/head/224/20230809_185948/m--20230809_185948--f001364.jpg,20230809_185948,mauritius,original,video,False,test,660.4964523855621
data/processed/mauritius/video/not_augmented/cull2_random_bg/head/224/20230809_185948/m--20230809_185948--f001366.jpg,20230809_185948,mauritius,original,video,False,test,408.5800462839555
data/processed/mauritius/video/not_augmented/cull2_random_bg/head/224/20230809_185948/m--20230809_185948--f001368.jpg,20230809_185948,mauritius,original,video,False,test,294.008083084135
data/processed/mauritius/video/not_augmented/cull2_random_bg/head/224/20230815_061623/m--20230815_061623--f000188.jpg,20230815_061623,mauritius,original,video,False,test,1096.7506661115212
data/processed/mauritius/video/not_augmented/cull2_random_bg/head/224/20230815_061623/m--20230815_061623--f000190.jpg,20230815_061623,mauritius,original,video,False,test,416.6626335912226
data/processed/mauritius/video/not_augmented/cull2_random_bg/head/224/20230815_061623/m--20230815_061623--f000194.jpg,20230815_061623,mauritius,original,video,False,test,506.4336578225355
data/processed/mauritius/video/not_augmented/cull2_random_bg/head/224/20230815_061623/m--20230815_061623--f000196.jpg,20230815_061623,mauritius,original,video,False,test,159.01289322832037
data/processed/mauritius/video/not_augmented/cull2_random_bg/head/224/20230815_061623/m--20230815_061623--f001216.jpg,20230815_061623,mauritius,original,video,False,test,1025.4866868606562
data/processed/mauritius/video/not_augmented/cull2_random_bg/head/224/20230815_061623/m--20230815_061623--f001270.jpg,20230815_061623,mauritius,original,video,False,test,439.23812605608805
data/processed/mauritius/video/not_augmented/cull2_random_bg/head/224/20230815_061623/m--20230815_061623--f001272.jpg,20230815_061623,mauritius,original,video,False,test,169.51113606849748
data/processed/mauritius/video/not_augmented/cull2_random_bg/head/224/20230815_061623/m--20230815_061623--f001274.jpg,20230815_061623,mauritius,original,video,False,test,291.77485286072357
data/processed/mauritius/video/not_augmented/cull2_random_bg/head/224/20230815_061623/m--20230815_061623--f001320.jpg,20230815_061623,mauritius,original,video,False,test,297.59396230752446
data/processed/mauritius/video/not_augmented/cull2_random_bg/head/224/20230815_061623/m--20230815_061623--f001322.jpg,20230815_061623,mauritius,original,video,False,test,1212.937960546844
data/processed/mauritius/video/not_augmented/cull2_random_bg/head/224/20230815_061623/m--20230815_061623--f001324.jpg,20230815_061623,mauritius,original,video,False,test,590.5126841019611
data/processed/mauritius/video/not_augmented/cull2_random_bg/head/224/20230828_204505/m--20230828_204505--f000214.jpg,20230828_204505,mauritius,original,video,False,train,2525.604933084522
data/processed/mauritius/video/not_augmented/cull2_random_bg/head/224/20230828_204505/m--20230828_204505--f000216.jpg,20230828_204505,mauritius,original,video,False,train,1367.3421831393132
data/processed/mauritius/video/not_augmented/cull2_random_bg/head/224/20230828_204505/m--20230828_204505--f000218.jpg,20230828_204505,mauritius,original,video,False,train,1853.4559061824157
data/processed/mauritius/video/not_augmented/cull2_random_bg/head/224/20230828_204505/m--20230828_204505--f000220.jpg,20230828_204505,mauritius,original,video,False,train,1806.8981273417567
data/processed/mauritius/video/not_augmented/cull2_random_bg/head/224/20230828_204505/m--20230828_204505--f000222.jpg,20230828_204505,mauritius,original,video,False,train,1523.8761990283838
data/processed/mauritius/video/not_augmented/cull2_random_bg/head/224/20230828_204505/m--20230828_204505--f000224.jpg,20230828_204505,mauritius,original,video,False,train,1531.2580354508634
data/processed/mauritius/video/not_augmented/cull2_random_bg/head/224/20230828_204505/m--20230828_204505--f000226.jpg,20230828_204505,mauritius,original,video,False,train,1287.2799525576697
data/processed/mauritius/video/not_augmented/cull2_random_bg/head/224/20230828_204505/m--20230828_204505--f000228.jpg,20230828_204505,mauritius,original,video,False,train,2193.1851469545945
data/processed/mauritius/video/not_augmented/cull2_random_bg/head/224/20230828_204505/m--20230828_204505--f000230.jpg,20230828_204505,mauritius,original,video,False,train,1529.2984029884294
data/processed/mauritius/video/not_augmented/cull2_random_bg/head/224/20230828_204505/m--20230828_204505--f000232.jpg,20230828_204505,mauritius,original,video,False,train,3962.253665306031
data/processed/mauritius/video/not_augmented/cull2_random_bg/head/224/20230828_204505/m--20230828_204505--f000234.jpg,20230828_204505,mauritius,original,video,False,train,2741.820824357382
data/processed/mauritius/video/not_augmented/cull2_random_bg/head/224/20230828_204505/m--20230828_204505--f001168.jpg,20230828_204505,mauritius,original,video,False,train,1141.2977480012544
data/processed/mauritius/video/not_augmented/cull2_random_bg/head/224/20230828_204505/m--20230828_204505--f001170.jpg,20230828_204505,mauritius,original,video,False,train,937.8393244999539
data/processed/mauritius/video/not_augmented/cull2_random_bg/head/224/20230828_204505/m--20230828_204505--f001172.jpg,20230828_204505,mauritius,original,video,False,train,2361.0853499111063
data/processed/mauritius/video/not_augmented/cull2_random_bg/head/224/20230828_204505/m--20230828_204505--f001174.jpg,20230828_204505,mauritius,original,video,False,train,1385.2549372573337
data/processed/mauritius/video/not_augmented/cull2_random_bg/head/224/20230828_204505/m--20230828_204505--f001176.jpg,20230828_204505,mauritius,original,video,False,train,1126.891603640644
data/processed/mauritius/video/not_augmented/cull2_random_bg/head/224/20230828_204505/m--20230828_204505--f001178.jpg,20230828_204505,mauritius,original,video,False,train,3406.8771345272803
data/processed/mauritius/video/not_augmented/cull2_random_bg/head/224/20230828_204505/m--20230828_204505--f001180.jpg,20230828_204505,mauritius,original,video,False,train,2053.1741547415727
data/processed/mauritius/video/not_augmented/cull2_random_bg/head/224/20230828_204505/m--20230828_204505--f001182.jpg,20230828_204505,mauritius,original,video,False,train,1567.959137757288
data/processed/mauritius/video/not_augmented/cull2_random_bg/head/224/20230828_204505/m--20230828_204505--f001184.jpg,20230828_204505,mauritius,original,video,False,train,899.3789034473655
data/processed/mauritius/video/not_augmented/cull2_random_bg/head/224/20230828_204505/m--20230828_204505--f001186.jpg,20230828_204505,mauritius,original,video,False,train,1188.8518309710375
data/processed/mauritius/video/not_augmented/cull2_random_bg/head/224/20230828_204505/m--20230828_204505--f001188.jpg,20230828_204505,mauritius,original,video,False,train,858.7182217156674
data/processed/mauritius/video/not_augmented/cull2_random_bg/head/224/20230828_204505/m--20230828_204505--f001382.jpg,20230828_204505,mauritius,original,video,False,train,1763.2686643763318
data/processed/mauritius/video/not_augmented/cull2_random_bg/head/224/20230828_204505/m--20230828_204505--f001384.jpg,20230828_204505,mauritius,original,video,False,train,467.20367379488425
data/processed/mauritius/video/not_augmented/cull2_random_bg/head/224/20230828_204505/m--20230828_204505--f001386.jpg,20230828_204505,mauritius,original,video,False,train,935.8623374194614
data/processed/mauritius/video/not_augmented/cull2_random_bg/head/224/20230828_204505/m--20230828_204505--f001388.jpg,20230828_204505,mauritius,original,video,False,train,344.46252855605167
data/processed/mauritius/video/not_augmented/cull2_random_bg/head/224/20230828_204505/m--20230828_204505--f001390.jpg,20230828_204505,mauritius,original,video,False,train,945.0441353514709
data/processed/mauritius/video/not_augmented/cull2_random_bg/head/224/20230831_053936/m--20230831_053936--f000228.jpg,20230831_053936,mauritius,original,video,False,test,910.6995890215009
data/processed/mauritius/video/not_augmented/cull2_random_bg/head/224/20230831_053936/m--20230831_053936--f000230.jpg,20230831_053936,mauritius,original,video,False,test,492.4597046394142
data/processed/mauritius/video/not_augmented/cull2_random_bg/head/224/20230831_053936/m--20230831_053936--f000232.jpg,20230831_053936,mauritius,original,video,False,test,833.0124157508777
data/processed/mauritius/video/not_augmented/cull2_random_bg/head/224/20230831_053936/m--20230831_053936--f000234.jpg,20230831_053936,mauritius,original,video,False,test,101.14535868818288
data/processed/mauritius/video/not_augmented/cull2_random_bg/head/224/20230831_053936/m--20230831_053936--f000236.jpg,20230831_053936,mauritius,original,video,False,test,78.2680450079591
data/processed/mauritius/video/not_augmented/cull2_random_bg/head/224/20230831_053936/m--20230831_053936--f000238.jpg,20230831_053936,mauritius,original,video,False,test,228.00490271692624
data/processed/mauritius/video/not_augmented/cull2_random_bg/head/224/20230831_053936/m--20230831_053936--f000240.jpg,20230831_053936,mauritius,original,video,False,test,290.33219156857086
data/processed/mauritius/video/not_augmented/cull2_random_bg/head/224/20230831_053936/m--20230831_053936--f000242.jpg,20230831_053936,mauritius,original,video,False,test,858.8904711537836
data/processed/mauritius/video/not_augmented/cull2_random_bg/head/224/20230831_053936/m--20230831_053936--f000244.jpg,20230831_053936,mauritius,original,video,False,test,499.6650816406225
data/processed/mauritius/video/not_augmented/cull2_random_bg/head/224/20230831_053936/m--20230831_053936--f000246.jpg,20230831_053936,mauritius,original,video,False,test,601.6667511593248
data/processed/mauritius/video/not_augmented/cull2_random_bg/head/224/20230831_053936/m--20230831_053936--f000248.jpg,20230831_053936,mauritius,original,video,False,test,691.9750567920404
data/processed/mauritius/video/not_augmented/cull2_random_bg/head/224/20230831_053936/m--20230831_053936--f000250.jpg,20230831_053936,mauritius,original,video,False,test,733.6411521364283
data/processed/mauritius/video/not_augmented/cull2_random_bg/head/224/20230831_053936/m--20230831_053936--f000252.jpg,20230831_053936,mauritius,original,video,False,test,557.9448338214281
data/processed/mauritius/video/not_augmented/cull2_random_bg/head/224/20230831_053936/m--20230831_053936--f000254.jpg,20230831_053936,mauritius,original,video,False,test,242.19158501448305
data/processed/mauritius/video/not_augmented/cull2_random_bg/head/224/20230831_053936/m--20230831_053936--f000256.jpg,20230831_053936,mauritius,original,video,False,test,575.9561436723442
data/processed/mauritius/video/not_augmented/cull2_random_bg/head/224/20230831_053936/m--20230831_053936--f000258.jpg,20230831_053936,mauritius,original,video,False,test,148.98176534510515
data/processed/mauritius/video/not_augmented/cull2_random_bg/head/224/20230831_053936/m--20230831_053936--f000260.jpg,20230831_053936,mauritius,original,video,False,test,870.8310631839795
data/processed/mauritius/video/not_augmented/cull2_random_bg/head/224/20230831_053936/m--20230831_053936--f000262.jpg,20230831_053936,mauritius,original,video,False,test,766.5285288192292
data/processed/mauritius/video/not_augmented/cull2_random_bg/head/224/20230831_053936/m--20230831_053936--f000264.jpg,20230831_053936,mauritius,original,video,False,test,145.31061617030247
data/processed/mauritius/video/not_augmented/cull2_random_bg/head/224/20230831_053936/m--20230831_053936--f000266.jpg,20230831_053936,mauritius,original,video,False,test,151.72546321220668
data/processed/mauritius/video/not_augmented/cull2_random_bg/head/224/20230831_053936/m--20230831_053936--f000268.jpg,20230831_053936,mauritius,original,video,False,test,525.6981522998229
data/processed/mauritius/video/not_augmented/cull2_random_bg/head/224/20230831_053936/m--20230831_053936--f000270.jpg,20230831_053936,mauritius,original,video,False,test,291.006168586321
data/processed/mauritius/video/not_augmented/cull2_random_bg/head/224/20230831_053936/m--20230831_053936--f000272.jpg,20230831_053936,mauritius,original,video,False,test,407.36232705138116
data/processed/mauritius/video/not_augmented/cull2_random_bg/head/224/20230831_053936/m--20230831_053936--f000274.jpg,20230831_053936,mauritius,original,video,False,test,710.7601763158478
data/processed/mauritius/video/not_augmented/cull2_random_bg/head/224/20230831_053936/m--20230831_053936--f000276.jpg,20230831_053936,mauritius,original,video,False,test,693.6409552263151
data/processed/mauritius/video/not_augmented/cull2_random_bg/head/224/20230831_053936/m--20230831_053936--f000278.jpg,20230831_053936,mauritius,original,video,False,test,262.00849517351986
data/processed/mauritius/video/not_augmented/cull2_random_bg/head/224/20230831_053936/m--20230831_053936--f000280.jpg,20230831_053936,mauritius,original,video,False,test,987.7808392547358
data/processed/mauritius/video/not_augmented/cull2_random_bg/head/224/20230831_053936/m--20230831_053936--f000282.jpg,20230831_053936,mauritius,original,video,False,test,859.2103595245089
data/processed/mauritius/video/not_augmented/cull2_random_bg/head/224/20230831_053936/m--20230831_053936--f001300.jpg,20230831_053936,mauritius,original,video,False,test,1691.7451663666695
data/processed/mauritius/video/not_augmented/cull2_random_bg/head/224/20230831_053936/m--20230831_053936--f001302.jpg,20230831_053936,mauritius,original,video,False,test,1474.7524083068797
data/processed/mauritius/video/not_augmented/cull2_random_bg/head/224/20230831_053936/m--20230831_053936--f001304.jpg,20230831_053936,mauritius,original,video,False,test,1052.6271112986974
data/processed/mauritius/video/not_augmented/cull2_random_bg/head/224/20230831_053936/m--20230831_053936--f001306.jpg,20230831_053936,mauritius,original,video,False,test,1133.972619951988
data/processed/mauritius/video/not_augmented/cull2_random_bg/head/224/20230831_053936/m--20230831_053936--f001308.jpg,20230831_053936,mauritius,original,video,False,test,1328.4047017492685
data/processed/mauritius/video/not_augmented/cull2_random_bg/head/224/20230831_053936/m--20230831_053936--f001442.jpg,20230831_053936,mauritius,original,video,False,test,444.8172655657698
data/processed/mauritius/video/not_augmented/cull2_random_bg/head/224/20230831_053936/m--20230831_053936--f001444.jpg,20230831_053936,mauritius,original,video,False,test,364.5871983678675
data/processed/mauritius/video/not_augmented/cull2_random_bg/head/224/20230831_053936/m--20230831_053936--f001446.jpg,20230831_053936,mauritius,original,video,False,test,247.3735618337102
data/processed/mauritius/video/not_augmented/cull2_random_bg/head/224/20230831_053936/m--20230831_053936--f001448.jpg,20230831_053936,mauritius,original,video,False,test,351.84118212406366
data/processed/mauritius/video/not_augmented/cull2_random_bg/head/224/20230831_053936/m--20230831_053936--f001450.jpg,20230831_053936,mauritius,original,video,False,test,774.5423387339193
data/processed/mauritius/video/not_augmented/cull2_random_bg/head/224/20230831_053936/m--20230831_053936--f001452.jpg,20230831_053936,mauritius,original,video,False,test,363.7190281027111
data/processed/mauritius/video/not_augmented/cull2_random_bg/head/224/20230831_054710/m--20230831_054710--f000270.jpg,20230831_054710,mauritius,original,video,False,train,1301.3204114148139
data/processed/mauritius/video/not_augmented/cull2_random_bg/head/224/20230831_054710/m--20230831_054710--f000272.jpg,20230831_054710,mauritius,original,video,False,train,945.2753515783721
data/processed/mauritius/video/not_augmented/cull2_random_bg/head/224/20230831_054710/m--20230831_054710--f000274.jpg,20230831_054710,mauritius,original,video,False,train,1625.0926734768611
data/processed/mauritius/video/not_augmented/cull2_random_bg/head/224/20230831_054710/m--20230831_054710--f000276.jpg,20230831_054710,mauritius,original,video,False,train,1006.0484952529436
data/processed/mauritius/video/not_augmented/cull2_random_bg/head/224/20230831_054710/m--20230831_054710--f000278.jpg,20230831_054710,mauritius,original,video,False,train,1511.1925210615138
data/processed/mauritius/video/not_augmented/cull2_random_bg/head/224/20230831_054710/m--20230831_054710--f000280.jpg,20230831_054710,mauritius,original,video,False,train,3652.1562657477407
data/processed/mauritius/video/not_augmented/cull2_random_bg/head/224/20230831_054710/m--20230831_054710--f000282.jpg,20230831_054710,mauritius,original,video,False,train,1646.077447385204
data/processed/mauritius/video/not_augmented/cull2_random_bg/head/224/20230831_054710/m--20230831_054710--f000284.jpg,20230831_054710,mauritius,original,video,False,train,1768.7672998046241
data/processed/mauritius/video/not_augmented/cull2_random_bg/head/224/20230831_054710/m--20230831_054710--f000286.jpg,20230831_054710,mauritius,original,video,False,train,3272.022767613104
data/processed/mauritius/video/not_augmented/cull2_random_bg/head/224/20230831_054710/m--20230831_054710--f000288.jpg,20230831_054710,mauritius,original,video,False,train,868.0552227361061
data/processed/mauritius/video/not_augmented/cull2_random_bg/head/224/20230831_054710/m--20230831_054710--f000294.jpg,20230831_054710,mauritius,original,video,False,train,387.3011781167408
data/processed/mauritius/video/not_augmented/cull2_random_bg/head/224/20230831_054710/m--20230831_054710--f001072.jpg,20230831_054710,mauritius,original,video,False,train,1942.1494046059906
data/processed/mauritius/video/not_augmented/cull2_random_bg/head/224/20230831_054710/m--20230831_054710--f001074.jpg,20230831_054710,mauritius,original,video,False,train,2348.370397269453
data/processed/mauritius/video/not_augmented/cull2_random_bg/head/224/20230831_054710/m--20230831_054710--f001076.jpg,20230831_054710,mauritius,original,video,False,train,1536.956455219194
data/processed/mauritius/video/not_augmented/cull2_random_bg/head/224/20230831_054710/m--20230831_054710--f001078.jpg,20230831_054710,mauritius,original,video,False,train,1293.070033482143
data/processed/mauritius/video/not_augmented/cull2_random_bg/head/224/20230831_054710/m--20230831_054710--f001082.jpg,20230831_054710,mauritius,original,video,False,train,1291.5669813457996
data/processed/mauritius/video/not_augmented/cull2_random_bg/head/224/20230831_054710/m--20230831_054710--f001244.jpg,20230831_054710,mauritius,original,video,False,train,3428.378475501804
data/processed/mauritius/video/not_augmented/cull2_random_bg/head/224/20230831_054710/m--20230831_054710--f001248.jpg,20230831_054710,mauritius,original,video,False,train,2306.57634912695
data/processed/mauritius/video/not_augmented/cull2_random_bg/head/224/20230831_055535/m--20230831_055535--f000196.jpg,20230831_055535,mauritius,original,video,False,train,127.37338005766577
data/processed/mauritius/video/not_augmented/cull2_random_bg/head/224/20230831_055535/m--20230831_055535--f000198.jpg,20230831_055535,mauritius,original,video,False,train,67.20085061703658
data/processed/mauritius/video/not_augmented/cull2_random_bg/head/224/20230831_055535/m--20230831_055535--f000200.jpg,20230831_055535,mauritius,original,video,False,train,1002.5760472356056
data/processed/mauritius/video/not_augmented/cull2_random_bg/head/224/20230831_055535/m--20230831_055535--f000206.jpg,20230831_055535,mauritius,original,video,False,train,1307.4244276215165
data/processed/mauritius/video/not_augmented/cull2_random_bg/head/224/20230831_055535/m--20230831_055535--f000208.jpg,20230831_055535,mauritius,original,video,False,train,86.35149194319413
data/processed/mauritius/video/not_augmented/cull2_random_bg/head/224/20230831_055535/m--20230831_055535--f000210.jpg,20230831_055535,mauritius,original,video,False,train,163.75079513479895
data/processed/mauritius/video/not_augmented/cull2_random_bg/head/224/20230831_055535/m--20230831_055535--f000232.jpg,20230831_055535,mauritius,original,video,False,train,1332.4086275426414
data/processed/mauritius/video/not_augmented/cull2_random_bg/head/224/20230831_055535/m--20230831_055535--f000234.jpg,20230831_055535,mauritius,original,video,False,train,1785.3151858388162
data/processed/mauritius/video/not_augmented/cull2_random_bg/head/224/20230831_055535/m--20230831_055535--f000236.jpg,20230831_055535,mauritius,original,video,False,train,1832.5542776730597
data/processed/mauritius/video/not_augmented/cull2_random_bg/head/224/20230831_055535/m--20230831_055535--f000238.jpg,20230831_055535,mauritius,original,video,False,train,1020.6233600328884
data/processed/mauritius/video/not_augmented/cull2_random_bg/head/224/20230831_055535/m--20230831_055535--f000240.jpg,20230831_055535,mauritius,original,video,False,train,860.2168563082535
data/processed/mauritius/video/not_augmented/cull2_random_bg/head/224/20230831_055535/m--20230831_055535--f000242.jpg,20230831_055535,mauritius,original,video,False,train,511.9088005612463
data/processed/mauritius/video/not_augmented/cull2_random_bg/head/224/20230831_055535/m--20230831_055535--f000244.jpg,20230831_055535,mauritius,original,video,False,train,346.96981866773785
data/processed/mauritius/video/not_augmented/cull2_random_bg/head/224/20230831_055535/m--20230831_055535--f000292.jpg,20230831_055535,mauritius,original,video,False,train,1226.5045419996452
data/processed/mauritius/video/not_augmented/cull2_random_bg/head/224/20230831_055535/m--20230831_055535--f000294.jpg,20230831_055535,mauritius,original,video,False,train,636.979074886867
data/processed/mauritius/video/not_augmented/cull2_random_bg/head/224/20230831_055535/m--20230831_055535--f001474.jpg,20230831_055535,mauritius,original,video,False,train,2373.9497948244975
data/processed/mauritius/video/not_augmented/cull2_random_bg/head/224/20230831_055535/m--20230831_055535--f001476.jpg,20230831_055535,mauritius,original,video,False,train,1834.802589864147
data/processed/mauritius/video/not_augmented/cull2_random_bg/head/224/20230831_055535/m--20230831_055535--f001478.jpg,20230831_055535,mauritius,original,video,False,train,1347.3786467294403
data/processed/mauritius/video/not_augmented/cull2_random_bg/head/224/20230831_055535/m--20230831_055535--f001480.jpg,20230831_055535,mauritius,original,video,False,train,1486.4418535335815
data/processed/mauritius/video/not_augmented/cull2_random_bg/head/224/20230831_055535/m--20230831_055535--f001482.jpg,20230831_055535,mauritius,original,video,False,train,999.9506478009746
data/processed/mauritius/video/not_augmented/cull2_random_bg/head/224/20230831_055535/m--20230831_055535--f001484.jpg,20230831_055535,mauritius,original,video,False,train,3187.2250077796944
data/processed/mauritius/video/not_augmented/cull2_random_bg/head/224/20230831_055535/m--20230831_055535--f001486.jpg,20230831_055535,mauritius,original,video,False,train,1724.0163911805953
data/processed/mauritius/video/not_augmented/cull2_random_bg/head/224/20230831_055535/m--20230831_055535--f001488.jpg,20230831_055535,mauritius,original,video,False,train,1816.3439086697986
data/processed/mauritius/video/not_augmented/cull2_random_bg/head/224/20230831_055535/m--20230831_055535--f001490.jpg,20230831_055535,mauritius,original,video,False,train,1965.2997587268328
data/processed/mauritius/video/not_augmented/cull2_random_bg/head/224/20230831_055535/m--20230831_055535--f001492.jpg,20230831_055535,mauritius,original,video,False,train,1234.6136181695122
data/processed/mauritius/video/not_augmented/cull2_random_bg/head/224/20230831_055535/m--20230831_055535--f001494.jpg,20230831_055535,mauritius,original,video,False,train,798.0319907976062
data/processed/mauritius/video/not_augmented/cull2_random_bg/head/224/20230831_055535/m--20230831_055535--f001496.jpg,20230831_055535,mauritius,original,video,False,train,1099.2693108201572
data/processed/mauritius/video/not_augmented/cull2_random_bg/head/224/20230831_055535/m--20230831_055535--f001498.jpg,20230831_055535,mauritius,original,video,False,train,665.884893500373
data/processed/mauritius/video/not_augmented/cull2_random_bg/head/224/20230831_055535/m--20230831_055535--f001500.jpg,20230831_055535,mauritius,original,video,False,train,947.38650783426
data/processed/mauritius/video/not_augmented/cull2_random_bg/head/224/20230831_055535/m--20230831_055535--f001502.jpg,20230831_055535,mauritius,original,video,False,train,988.4968167519082
data/processed/mauritius/video/not_augmented/cull2_random_bg/head/224/20230831_055535/m--20230831_055535--f001646.jpg,20230831_055535,mauritius,original,video,False,train,795.171475503406
data/processed/mauritius/video/not_augmented/cull2_random_bg/head/224/20230831_055535/m--20230831_055535--f001648.jpg,20230831_055535,mauritius,original,video,False,train,1102.3269359138994
data/processed/mauritius/video/not_augmented/cull2_random_bg/head/224/20230831_055535/m--20230831_055535--f001650.jpg,20230831_055535,mauritius,original,video,False,train,1519.1546152183184
data/processed/mauritius/video/not_augmented/cull2_random_bg/head/224/20230831_055535/m--20230831_055535--f001652.jpg,20230831_055535,mauritius,original,video,False,train,773.9816347207194
data/processed/mauritius/video/not_augmented/cull2_random_bg/head/224/20230831_055535/m--20230831_055535--f001654.jpg,20230831_055535,mauritius,original,video,False,train,1421.8615078491152
data/processed/mauritius/video/not_augmented/cull2_random_bg/head/224/20230831_055535/m--20230831_055535--f001656.jpg,20230831_055535,mauritius,original,video,False,train,1654.2034323742766
data/processed/mauritius/video/not_augmented/cull2_random_bg/head/224/20230831_055535/m--20230831_055535--f001658.jpg,20230831_055535,mauritius,original,video,False,train,1873.755740218141
data/processed/mauritius/video/not_augmented/cull2_random_bg/head/224/20230831_055535/m--20230831_055535--f001660.jpg,20230831_055535,mauritius,original,video,False,train,1639.4428564128852
data/processed/mauritius/video/not_augmented/cull2_random_bg/head/224/20230831_055535/m--20230831_055535--f001662.jpg,20230831_055535,mauritius,original,video,False,train,2460.045315489477
data/processed/mauritius/video/not_augmented/cull2_random_bg/head/224/20230831_055535/m--20230831_055535--f001664.jpg,20230831_055535,mauritius,original,video,False,train,1565.3946308992345
data/processed/mauritius/video/not_augmented/cull2_random_bg/head/224/20230831_055535/m--20230831_055535--f001666.jpg,20230831_055535,mauritius,original,video,False,train,1021.5431612098977
data/processed/mauritius/video/not_augmented/cull2_random_bg/head/224/20230831_055535/m--20230831_055535--f001760.jpg,20230831_055535,mauritius,original,video,False,train,258.4258945231535
data/processed/mauritius/video/not_augmented/cull2_random_bg/head/224/20230831_055535/m--20230831_055535--f001772.jpg,20230831_055535,mauritius,original,video,False,train,764.267694278242
data/processed/mauritius/video/not_augmented/cull2_random_bg/head/224/20230831_060427/m--20230831_060427--f000202.jpg,20230831_060427,mauritius,original,video,False,train,176.81895988874265
data/processed/mauritius/video/not_augmented/cull2_random_bg/head/224/20230831_060427/m--20230831_060427--f000206.jpg,20230831_060427,mauritius,original,video,False,train,211.63412252519095
data/processed/mauritius/video/not_augmented/cull2_random_bg/head/224/20230831_060427/m--20230831_060427--f000210.jpg,20230831_060427,mauritius,original,video,False,train,269.26757931977403
data/processed/mauritius/video/not_augmented/cull2_random_bg/head/224/20230831_060427/m--20230831_060427--f000212.jpg,20230831_060427,mauritius,original,video,False,train,216.67742102486747
data/processed/mauritius/video/not_augmented/cull2_random_bg/head/224/20230831_060427/m--20230831_060427--f000214.jpg,20230831_060427,mauritius,original,video,False,train,177.14327408998324
data/processed/mauritius/video/not_augmented/cull2_random_bg/head/224/20230831_060427/m--20230831_060427--f000216.jpg,20230831_060427,mauritius,original,video,False,train,756.1125622180937
data/processed/mauritius/video/not_augmented/cull2_random_bg/head/224/20230831_060427/m--20230831_060427--f000218.jpg,20230831_060427,mauritius,original,video,False,train,1295.7570814953303
data/processed/mauritius/video/not_augmented/cull2_random_bg/head/224/20230831_060427/m--20230831_060427--f000220.jpg,20230831_060427,mauritius,original,video,False,train,519.1789009431063
data/processed/mauritius/video/not_augmented/cull2_random_bg/head/224/20230831_060427/m--20230831_060427--f000222.jpg,20230831_060427,mauritius,original,video,False,train,821.6156781127879
data/processed/mauritius/video/not_augmented/cull2_random_bg/head/224/20230831_060427/m--20230831_060427--f000224.jpg,20230831_060427,mauritius,original,video,False,train,684.5074936224488
data/processed/mauritius/video/not_augmented/cull2_random_bg/head/224/20230831_060427/m--20230831_060427--f000226.jpg,20230831_060427,mauritius,original,video,False,train,1138.0308509963297
data/processed/mauritius/video/not_augmented/cull2_random_bg/head/224/20230831_060427/m--20230831_060427--f000228.jpg,20230831_060427,mauritius,original,video,False,train,1036.4173272036353
data/processed/mauritius/video/not_augmented/cull2_random_bg/head/224/20230831_060427/m--20230831_060427--f000230.jpg,20230831_060427,mauritius,original,video,False,train,1177.9155453146127
data/processed/mauritius/video/not_augmented/cull2_random_bg/head/224/20230831_060427/m--20230831_060427--f000232.jpg,20230831_060427,mauritius,original,video,False,train,867.2305669502534
data/processed/mauritius/video/not_augmented/cull2_random_bg/head/224/20230831_060427/m--20230831_060427--f000234.jpg,20230831_060427,mauritius,original,video,False,train,946.4417398044438
data/processed/mauritius/video/not_augmented/cull2_random_bg/head/224/20230831_060427/m--20230831_060427--f000236.jpg,20230831_060427,mauritius,original,video,False,train,922.3688091626022
data/processed/mauritius/video/not_augmented/cull2_random_bg/head/224/20230831_060427/m--20230831_060427--f000238.jpg,20230831_060427,mauritius,original,video,False,train,1212.446447419306
data/processed/mauritius/video/not_augmented/cull2_random_bg/head/224/20230831_060427/m--20230831_060427--f000240.jpg,20230831_060427,mauritius,original,video,False,train,644.6143337946443
data/processed/mauritius/video/not_augmented/cull2_random_bg/head/224/20230831_060427/m--20230831_060427--f000242.jpg,20230831_060427,mauritius,original,video,False,train,871.2401318560039
data/processed/mauritius/video/not_augmented/cull2_random_bg/head/224/20230831_060427/m--20230831_060427--f000244.jpg,20230831_060427,mauritius,original,video,False,train,1298.781084841562
data/processed/mauritius/video/not_augmented/cull2_random_bg/head/224/20230831_060427/m--20230831_060427--f000246.jpg,20230831_060427,mauritius,original,video,False,train,838.5284467805976
data/processed/mauritius/video/not_augmented/cull2_random_bg/head/224/20230831_060427/m--20230831_060427--f000248.jpg,20230831_060427,mauritius,original,video,False,train,220.78159980027192
data/processed/mauritius/video/not_augmented/cull2_random_bg/head/224/20230831_060427/m--20230831_060427--f000250.jpg,20230831_060427,mauritius,original,video,False,train,218.90898390821195
data/processed/mauritius/video/not_augmented/cull2_random_bg/head/224/20230831_060427/m--20230831_060427--f000252.jpg,20230831_060427,mauritius,original,video,False,train,122.72325825721013
data/processed/mauritius/video/not_augmented/cull2_random_bg/head/224/20230831_060427/m--20230831_060427--f000254.jpg,20230831_060427,mauritius,original,video,False,train,248.94165514430023
data/processed/mauritius/video/not_augmented/cull2_random_bg/head/224/20230831_060427/m--20230831_060427--f001500.jpg,20230831_060427,mauritius,original,video,False,train,1171.9982660838537
data/processed/mauritius/video/not_augmented/cull2_random_bg/head/224/20230831_060427/m--20230831_060427--f001502.jpg,20230831_060427,mauritius,original,video,False,train,154.21346041620995
data/processed/mauritius/video/not_augmented/cull2_random_bg/head/224/20230831_060427/m--20230831_060427--f001504.jpg,20230831_060427,mauritius,original,video,False,train,363.5685885869082
data/processed/mauritius/video/not_augmented/cull2_random_bg/head/224/20230831_060427/m--20230831_060427--f001506.jpg,20230831_060427,mauritius,original,video,False,train,278.1097532853838
data/processed/mauritius/video/not_augmented/cull2_random_bg/head/224/20230831_133234/m--20230831_133234--f000214.jpg,20230831_133234,mauritius,original,video,False,train,1071.6496321325847
data/processed/mauritius/video/not_augmented/cull2_random_bg/head/224/20230831_133234/m--20230831_133234--f000216.jpg,20230831_133234,mauritius,original,video,False,train,1342.2935828574741
data/processed/mauritius/video/not_augmented/cull2_random_bg/head/224/20230831_133234/m--20230831_133234--f000218.jpg,20230831_133234,mauritius,original,video,False,train,1778.6306271757594
data/processed/mauritius/video/not_augmented/cull2_random_bg/head/224/20230831_133234/m--20230831_133234--f000242.jpg,20230831_133234,mauritius,original,video,False,train,1439.1162879205851
data/processed/mauritius/video/not_augmented/cull2_random_bg/head/224/20230831_133234/m--20230831_133234--f000244.jpg,20230831_133234,mauritius,original,video,False,train,1897.4687127189206
data/processed/mauritius/video/not_augmented/cull2_random_bg/head/224/20230831_133234/m--20230831_133234--f000246.jpg,20230831_133234,mauritius,original,video,False,train,2342.9040274598215
data/processed/mauritius/video/not_augmented/cull2_random_bg/head/224/20230831_133234/m--20230831_133234--f000248.jpg,20230831_133234,mauritius,original,video,False,train,1353.7055962231696
data/processed/mauritius/video/not_augmented/cull2_random_bg/head/224/20230831_133234/m--20230831_133234--f000250.jpg,20230831_133234,mauritius,original,video,False,train,1814.2314840902245
data/processed/mauritius/video/not_augmented/cull2_random_bg/head/224/20230831_133234/m--20230831_133234--f000252.jpg,20230831_133234,mauritius,original,video,False,train,1494.2212797079126
data/processed/mauritius/video/not_augmented/cull2_random_bg/head/224/20230831_133234/m--20230831_133234--f000254.jpg,20230831_133234,mauritius,original,video,False,train,1769.5707471876133
data/processed/mauritius/video/not_augmented/cull2_random_bg/head/224/20230831_133234/m--20230831_133234--f000262.jpg,20230831_133234,mauritius,original,video,False,train,1949.5176361569365
data/processed/mauritius/video/not_augmented/cull2_random_bg/head/224/20230831_133920/m--20230831_133920--f000140.jpg,20230831_133920,mauritius,original,video,False,train,68.38757043955279
data/processed/mauritius/video/not_augmented/cull2_random_bg/head/224/20230831_133920/m--20230831_133920--f000142.jpg,20230831_133920,mauritius,original,video,False,train,1770.5579334812726
data/processed/mauritius/video/not_augmented/cull2_random_bg/head/224/20230831_133920/m--20230831_133920--f000144.jpg,20230831_133920,mauritius,original,video,False,train,516.0911846407153
data/processed/mauritius/video/not_augmented/cull2_random_bg/head/224/20230831_133920/m--20230831_133920--f000146.jpg,20230831_133920,mauritius,original,video,False,train,74.17853325776684
data/processed/mauritius/video/not_augmented/cull2_random_bg/head/224/20230831_133920/m--20230831_133920--f000148.jpg,20230831_133920,mauritius,original,video,False,train,246.66829853145248
data/processed/mauritius/video/not_augmented/cull2_random_bg/head/224/20230831_133920/m--20230831_133920--f000194.jpg,20230831_133920,mauritius,original,video,False,train,1367.0927237872531
data/processed/mauritius/video/not_augmented/cull2_random_bg/head/224/20230831_133920/m--20230831_133920--f000196.jpg,20230831_133920,mauritius,original,video,False,train,1638.9276101629912
data/processed/mauritius/video/not_augmented/cull2_random_bg/head/224/20230831_133920/m--20230831_133920--f000198.jpg,20230831_133920,mauritius,original,video,False,train,1539.5970475567424
data/processed/mauritius/video/not_augmented/cull2_random_bg/head/224/20230831_133920/m--20230831_133920--f000200.jpg,20230831_133920,mauritius,original,video,False,train,1518.4961694973997
data/processed/mauritius/video/not_augmented/cull2_random_bg/head/224/20230831_133920/m--20230831_133920--f000202.jpg,20230831_133920,mauritius,original,video,False,train,1586.0470778601507
data/processed/mauritius/video/not_augmented/cull2_random_bg/head/224/20230831_133920/m--20230831_133920--f000204.jpg,20230831_133920,mauritius,original,video,False,train,1481.0351700788733
data/processed/mauritius/video/not_augmented/cull2_random_bg/head/224/20230831_133920/m--20230831_133920--f000206.jpg,20230831_133920,mauritius,original,video,False,train,1633.613236045599
data/processed/mauritius/video/not_augmented/cull2_random_bg/head/224/20230831_133920/m--20230831_133920--f000208.jpg,20230831_133920,mauritius,original,video,False,train,1611.6735049704125
data/processed/mauritius/video/not_augmented/cull2_random_bg/head/224/20230831_133920/m--20230831_133920--f001046.jpg,20230831_133920,mauritius,original,video,False,train,1077.729049078478
data/processed/mauritius/video/not_augmented/cull2_random_bg/head/224/20230831_133920/m--20230831_133920--f001048.jpg,20230831_133920,mauritius,original,video,False,train,878.8058355916097
data/processed/mauritius/video/not_augmented/cull2_random_bg/head/224/20230831_133920/m--20230831_133920--f001368.jpg,20230831_133920,mauritius,original,video,False,train,249.03337827219363
data/processed/mauritius/video/not_augmented/cull2_random_bg/head/224/20230831_133920/m--20230831_133920--f001370.jpg,20230831_133920,mauritius,original,video,False,train,350.91016138458895
data/processed/mauritius/video/not_augmented/cull2_random_bg/head/224/20230831_133920/m--20230831_133920--f001372.jpg,20230831_133920,mauritius,original,video,False,train,298.6112851858238
data/processed/mauritius/video/not_augmented/cull2_random_bg/head/224/20230831_134612/m--20230831_134612--f000136.jpg,20230831_134612,mauritius,original,video,False,train,786.2721520467182
data/processed/mauritius/video/not_augmented/cull2_random_bg/head/224/20230831_134612/m--20230831_134612--f000138.jpg,20230831_134612,mauritius,original,video,False,train,290.314790549749
data/processed/mauritius/video/not_augmented/cull2_random_bg/head/224/20230831_134612/m--20230831_134612--f000140.jpg,20230831_134612,mauritius,original,video,False,train,204.47079616444947
data/processed/mauritius/video/not_augmented/cull2_random_bg/head/224/20230831_134612/m--20230831_134612--f000142.jpg,20230831_134612,mauritius,original,video,False,train,1187.9966836819694
data/processed/mauritius/video/not_augmented/cull2_random_bg/head/224/20230831_134612/m--20230831_134612--f000144.jpg,20230831_134612,mauritius,original,video,False,train,114.09793854554162
data/processed/mauritius/video/not_augmented/cull2_random_bg/head/224/20230831_134612/m--20230831_134612--f000146.jpg,20230831_134612,mauritius,original,video,False,train,1002.817461661228
data/processed/mauritius/video/not_augmented/cull2_random_bg/head/224/20230831_134612/m--20230831_134612--f000148.jpg,20230831_134612,mauritius,original,video,False,train,363.8753089344735
data/processed/mauritius/video/not_augmented/cull2_random_bg/head/224/20230831_134612/m--20230831_134612--f000150.jpg,20230831_134612,mauritius,original,video,False,train,765.3327117055617
data/processed/mauritius/video/not_augmented/cull2_random_bg/head/224/20230831_134612/m--20230831_134612--f000152.jpg,20230831_134612,mauritius,original,video,False,train,1498.3243002599597
data/processed/mauritius/video/not_augmented/cull2_random_bg/head/224/20230831_134612/m--20230831_134612--f000154.jpg,20230831_134612,mauritius,original,video,False,train,333.3195527492588
data/processed/mauritius/video/not_augmented/cull2_random_bg/head/224/20230831_134612/m--20230831_134612--f000156.jpg,20230831_134612,mauritius,original,video,False,train,1447.6864510631124
data/processed/mauritius/video/not_augmented/cull2_random_bg/head/224/20230831_134612/m--20230831_134612--f000158.jpg,20230831_134612,mauritius,original,video,False,train,696.2551133875944
data/processed/mauritius/video/not_augmented/cull2_random_bg/head/224/20230831_134612/m--20230831_134612--f000160.jpg,20230831_134612,mauritius,original,video,False,train,1307.3743252307363
data/processed/mauritius/video/not_augmented/cull2_random_bg/head/224/20230831_134612/m--20230831_134612--f000162.jpg,20230831_134612,mauritius,original,video,False,train,1264.1095908966129
data/processed/mauritius/video/not_augmented/cull2_random_bg/head/224/20230831_134612/m--20230831_134612--f000164.jpg,20230831_134612,mauritius,original,video,False,train,2079.985029068851
data/processed/mauritius/video/not_augmented/cull2_random_bg/head/224/20230831_134612/m--20230831_134612--f000166.jpg,20230831_134612,mauritius,original,video,False,train,2657.4564611886944
data/processed/mauritius/video/not_augmented/cull2_random_bg/head/224/20230831_134612/m--20230831_134612--f000168.jpg,20230831_134612,mauritius,original,video,False,train,3161.608973007806
data/processed/mauritius/video/not_augmented/cull2_random_bg/head/224/20230831_134612/m--20230831_134612--f000170.jpg,20230831_134612,mauritius,original,video,False,train,3729.0487798875884
data/processed/mauritius/video/not_augmented/cull2_random_bg/head/224/20230831_134612/m--20230831_134612--f000172.jpg,20230831_134612,mauritius,original,video,False,train,4526.757134071741
data/processed/mauritius/video/not_augmented/cull2_random_bg/head/224/20230831_134612/m--20230831_134612--f000174.jpg,20230831_134612,mauritius,original,video,False,train,4039.2440908222284
data/processed/mauritius/video/not_augmented/cull2_random_bg/head/224/20230831_134612/m--20230831_134612--f000176.jpg,20230831_134612,mauritius,original,video,False,train,4270.570450893197
data/processed/mauritius/video/not_augmented/cull2_random_bg/head/224/20230831_134612/m--20230831_134612--f000178.jpg,20230831_134612,mauritius,original,video,False,train,6458.147257139563
data/processed/mauritius/video/not_augmented/cull2_random_bg/head/224/20230831_134612/m--20230831_134612--f000180.jpg,20230831_134612,mauritius,original,video,False,train,4383.555614592183
data/processed/mauritius/video/not_augmented/cull2_random_bg/head/224/20230831_134612/m--20230831_134612--f000182.jpg,20230831_134612,mauritius,original,video,False,train,3868.5000371011483
data/processed/mauritius/video/not_augmented/cull2_random_bg/head/224/20230831_134612/m--20230831_134612--f000184.jpg,20230831_134612,mauritius,original,video,False,train,4176.855751329539
data/processed/mauritius/video/not_augmented/cull2_random_bg/head/224/20230831_134612/m--20230831_134612--f000186.jpg,20230831_134612,mauritius,original,video,False,train,4787.200055034595
data/processed/mauritius/video/not_augmented/cull2_random_bg/head/224/20230831_134612/m--20230831_134612--f000188.jpg,20230831_134612,mauritius,original,video,False,train,5243.532057768899
data/processed/mauritius/video/not_augmented/cull2_random_bg/head/224/20230831_134612/m--20230831_134612--f000190.jpg,20230831_134612,mauritius,original,video,False,train,4983.276943206787
data/processed/mauritius/video/not_augmented/cull2_random_bg/head/224/20230831_134612/m--20230831_134612--f000192.jpg,20230831_134612,mauritius,original,video,False,train,4950.557509846907
data/processed/mauritius/video/not_augmented/cull2_random_bg/head/224/20230831_134612/m--20230831_134612--f000194.jpg,20230831_134612,mauritius,original,video,False,train,2498.8573161879463
data/processed/mauritius/video/not_augmented/cull2_random_bg/head/224/20230831_134612/m--20230831_134612--f000224.jpg,20230831_134612,mauritius,original,video,False,train,816.4779002238492
data/processed/mauritius/video/not_augmented/cull2_random_bg/head/224/20230831_134612/m--20230831_134612--f000986.jpg,20230831_134612,mauritius,original,video,False,train,1952.7706003340022
data/processed/mauritius/video/not_augmented/cull2_random_bg/head/224/20230831_134612/m--20230831_134612--f000988.jpg,20230831_134612,mauritius,original,video,False,train,2775.510626637206
data/processed/mauritius/video/not_augmented/cull2_random_bg/head/224/20230831_134612/m--20230831_134612--f000990.jpg,20230831_134612,mauritius,original,video,False,train,4796.822219446667
data/processed/mauritius/video/not_augmented/cull2_random_bg/head/224/20230831_134612/m--20230831_134612--f000992.jpg,20230831_134612,mauritius,original,video,False,train,6025.9082079259415
data/processed/mauritius/video/not_augmented/cull2_random_bg/head/224/20230831_134612/m--20230831_134612--f001006.jpg,20230831_134612,mauritius,original,video,False,train,3825.684819457433
data/processed/mauritius/video/not_augmented/cull2_random_bg/head/224/20230831_134612/m--20230831_134612--f001008.jpg,20230831_134612,mauritius,original,video,False,train,5056.94666768153
data/processed/mauritius/video/not_augmented/cull2_random_bg/head/224/20230831_135124/m--20230831_135124--f000140.jpg,20230831_135124,mauritius,original,video,False,train,141.0995059885218
data/processed/mauritius/video/not_augmented/cull2_random_bg/head/224/20230831_135124/m--20230831_135124--f000142.jpg,20230831_135124,mauritius,original,video,False,train,236.90669582705354
data/processed/mauritius/video/not_augmented/cull2_random_bg/head/224/20230831_135124/m--20230831_135124--f000146.jpg,20230831_135124,mauritius,original,video,False,train,995.4506166292102
data/processed/mauritius/video/not_augmented/cull2_random_bg/head/224/20230831_135124/m--20230831_135124--f000148.jpg,20230831_135124,mauritius,original,video,False,train,1098.648924128903
data/processed/mauritius/video/not_augmented/cull2_random_bg/head/224/20230831_135124/m--20230831_135124--f000152.jpg,20230831_135124,mauritius,original,video,False,train,804.0491658166666
data/processed/mauritius/video/not_augmented/cull2_random_bg/head/224/20230831_135124/m--20230831_135124--f000154.jpg,20230831_135124,mauritius,original,video,False,train,1849.9848367130191
data/processed/mauritius/video/not_augmented/cull2_random_bg/head/224/20230831_135124/m--20230831_135124--f000156.jpg,20230831_135124,mauritius,original,video,False,train,2501.3358207426186
data/processed/mauritius/video/not_augmented/cull2_random_bg/head/224/20230831_135124/m--20230831_135124--f000158.jpg,20230831_135124,mauritius,original,video,False,train,1577.7904169316193
data/processed/mauritius/video/not_augmented/cull2_random_bg/head/224/20230831_135124/m--20230831_135124--f000160.jpg,20230831_135124,mauritius,original,video,False,train,2409.8717679198908
data/processed/mauritius/video/not_augmented/cull2_random_bg/head/224/20230831_135124/m--20230831_135124--f000162.jpg,20230831_135124,mauritius,original,video,False,train,2497.651264458783
data/processed/mauritius/video/not_augmented/cull2_random_bg/head/224/20230831_135124/m--20230831_135124--f000164.jpg,20230831_135124,mauritius,original,video,False,train,5159.166305516571
data/processed/mauritius/video/not_augmented/cull2_random_bg/head/224/20230831_135124/m--20230831_135124--f000166.jpg,20230831_135124,mauritius,original,video,False,train,3370.2674597720707
data/processed/mauritius/video/not_augmented/cull2_random_bg/head/224/20230831_135124/m--20230831_135124--f000168.jpg,20230831_135124,mauritius,original,video,False,train,4272.986939620495
data/processed/mauritius/video/not_augmented/cull2_random_bg/head/224/20230831_135124/m--20230831_135124--f000170.jpg,20230831_135124,mauritius,original,video,False,train,4481.05178830426
data/processed/mauritius/video/not_augmented/cull2_random_bg/head/224/20230831_135124/m--20230831_135124--f000172.jpg,20230831_135124,mauritius,original,video,False,train,2092.818293077754
data/processed/mauritius/video/not_augmented/cull2_random_bg/head/224/20230831_135124/m--20230831_135124--f000174.jpg,20230831_135124,mauritius,original,video,False,train,4039.9811055899563
data/processed/mauritius/video/not_augmented/cull2_random_bg/head/224/20230831_135124/m--20230831_135124--f000176.jpg,20230831_135124,mauritius,original,video,False,train,4625.079320562028
data/processed/mauritius/video/not_augmented/cull2_random_bg/head/224/20230831_135124/m--20230831_135124--f000178.jpg,20230831_135124,mauritius,original,video,False,train,6896.04113660222
data/processed/mauritius/video/not_augmented/cull2_random_bg/head/224/20230831_135124/m--20230831_135124--f000180.jpg,20230831_135124,mauritius,original,video,False,train,5257.190883281775
data/processed/mauritius/video/not_augmented/cull2_random_bg/head/224/20230831_135124/m--20230831_135124--f000182.jpg,20230831_135124,mauritius,original,video,False,train,5251.733334735948
data/processed/mauritius/video/not_augmented/cull2_random_bg/head/224/20230831_135124/m--20230831_135124--f000184.jpg,20230831_135124,mauritius,original,video,False,train,4638.650577136448
data/processed/mauritius/video/not_augmented/cull2_random_bg/head/224/20230831_135124/m--20230831_135124--f000186.jpg,20230831_135124,mauritius,original,video,False,train,5390.418865878698
data/processed/mauritius/video/not_augmented/cull2_random_bg/head/224/20230831_135124/m--20230831_135124--f000188.jpg,20230831_135124,mauritius,original,video,False,train,4627.197210193524
data/processed/mauritius/video/not_augmented/cull2_random_bg/head/224/20230831_135124/m--20230831_135124--f000190.jpg,20230831_135124,mauritius,original,video,False,train,4866.816530779371
data/processed/mauritius/video/not_augmented/cull2_random_bg/head/224/20230831_135124/m--20230831_135124--f000192.jpg,20230831_135124,mauritius,original,video,False,train,4268.779563125298
data/processed/mauritius/video/not_augmented/cull2_random_bg/head/224/20230831_135124/m--20230831_135124--f000194.jpg,20230831_135124,mauritius,original,video,False,train,3859.451867941666
data/processed/mauritius/video/not_augmented/cull2_random_bg/head/224/20230831_135124/m--20230831_135124--f000196.jpg,20230831_135124,mauritius,original,video,False,train,3648.507050424454
data/processed/mauritius/video/not_augmented/cull2_random_bg/head/224/20230831_135124/m--20230831_135124--f000198.jpg,20230831_135124,mauritius,original,video,False,train,3824.6270507151557
data/processed/mauritius/video/not_augmented/cull2_random_bg/head/224/20230831_135124/m--20230831_135124--f000200.jpg,20230831_135124,mauritius,original,video,False,train,3835.2286218184818
data/processed/mauritius/video/not_augmented/cull2_random_bg/head/224/20230831_135124/m--20230831_135124--f000202.jpg,20230831_135124,mauritius,original,video,False,train,3077.6623777824857
data/processed/mauritius/video/not_augmented/cull2_random_bg/head/224/20230831_135124/m--20230831_135124--f000204.jpg,20230831_135124,mauritius,original,video,False,train,2550.65547802348
data/processed/mauritius/video/not_augmented/cull2_random_bg/head/224/20230831_135124/m--20230831_135124--f000206.jpg,20230831_135124,mauritius,original,video,False,train,1993.8955274738403
data/processed/mauritius/video/not_augmented/cull2_random_bg/head/224/20230831_135124/m--20230831_135124--f000208.jpg,20230831_135124,mauritius,original,video,False,train,1051.5058357273722
data/processed/mauritius/video/not_augmented/cull2_random_bg/head/224/20230831_135124/m--20230831_135124--f000210.jpg,20230831_135124,mauritius,original,video,False,train,1088.206567366289
data/processed/mauritius/video/not_augmented/cull2_random_bg/head/224/20230831_135124/m--20230831_135124--f000212.jpg,20230831_135124,mauritius,original,video,False,train,802.8283377901209
data/processed/mauritius/video/not_augmented/cull2_random_bg/head/224/20230831_135124/m--20230831_135124--f000214.jpg,20230831_135124,mauritius,original,video,False,train,1010.4100564859748
data/processed/mauritius/video/not_augmented/cull2_random_bg/head/224/20230831_135124/m--20230831_135124--f001038.jpg,20230831_135124,mauritius,original,video,False,train,5027.936417876358
data/processed/mauritius/video/not_augmented/cull2_random_bg/head/224/20230831_135124/m--20230831_135124--f001040.jpg,20230831_135124,mauritius,original,video,False,train,5277.269642443024
data/processed/mauritius/video/not_augmented/cull2_random_bg/head/224/20230831_135124/m--20230831_135124--f001042.jpg,20230831_135124,mauritius,original,video,False,train,5297.605968006647
data/processed/mauritius/video/not_augmented/cull2_random_bg/head/224/20230831_135124/m--20230831_135124--f001044.jpg,20230831_135124,mauritius,original,video,False,train,3541.6034056485964
data/processed/mauritius/video/not_augmented/cull2_random_bg/head/224/20230831_135124/m--20230831_135124--f001046.jpg,20230831_135124,mauritius,original,video,False,train,3956.269730330805
data/processed/mauritius/video/not_augmented/cull2_random_bg/head/224/20230831_135124/m--20230831_135124--f001048.jpg,20230831_135124,mauritius,original,video,False,train,4242.761785682367
data/processed/mauritius/video/not_augmented/cull2_random_bg/head/224/20230831_135124/m--20230831_135124--f001052.jpg,20230831_135124,mauritius,original,video,False,train,3896.0850404467687
data/processed/mauritius/video/not_augmented/cull2_random_bg/head/224/20230831_135124/m--20230831_135124--f001054.jpg,20230831_135124,mauritius,original,video,False,train,3817.634539061215
data/processed/mauritius/video/not_augmented/cull2_random_bg/head/224/20230831_135124/m--20230831_135124--f001062.jpg,20230831_135124,mauritius,original,video,False,train,6049.946951303717
data/processed/mauritius/video/not_augmented/cull2_random_bg/head/224/20230831_135124/m--20230831_135124--f001064.jpg,20230831_135124,mauritius,original,video,False,train,5362.235604115796
data/processed/mauritius/video/not_augmented/cull2_random_bg/head/224/20230831_135124/m--20230831_135124--f001066.jpg,20230831_135124,mauritius,original,video,False,train,6188.355542951503
data/processed/mauritius/video/not_augmented/cull2_random_bg/head/224/20230831_135124/m--20230831_135124--f001068.jpg,20230831_135124,mauritius,original,video,False,train,5521.724749238229
data/processed/mauritius/video/not_augmented/cull2_random_bg/head/224/20230831_135124/m--20230831_135124--f001070.jpg,20230831_135124,mauritius,original,video,False,train,4267.054928545254
data/processed/mauritius/video/not_augmented/cull2_random_bg/head/224/20230831_135124/m--20230831_135124--f001072.jpg,20230831_135124,mauritius,original,video,False,train,4768.5588328064805
data/processed/mauritius/video/not_augmented/cull2_random_bg/head/224/20230831_135124/m--20230831_135124--f001074.jpg,20230831_135124,mauritius,original,video,False,train,5674.892365296351
data/processed/mauritius/video/not_augmented/cull2_random_bg/head/224/20230831_135124/m--20230831_135124--f001076.jpg,20230831_135124,mauritius,original,video,False,train,6094.263966132182
data/processed/mauritius/video/not_augmented/cull2_random_bg/head/224/20230831_135124/m--20230831_135124--f001078.jpg,20230831_135124,mauritius,original,video,False,train,6112.83243984642
data/processed/mauritius/video/not_augmented/cull2_random_bg/head/224/20230831_135124/m--20230831_135124--f001080.jpg,20230831_135124,mauritius,original,video,False,train,5899.928945312993
data/processed/mauritius/video/not_augmented/cull2_random_bg/head/224/20230831_135124/m--20230831_135124--f001084.jpg,20230831_135124,mauritius,original,video,False,train,5497.570929447844
data/processed/mauritius/video/not_augmented/cull2_random_bg/head/224/20230831_135124/m--20230831_135124--f001088.jpg,20230831_135124,mauritius,original,video,False,train,5716.246262842295
data/processed/mauritius/video/not_augmented/cull2_random_bg/head/224/20230831_135909/m--20230831_135909--f000178.jpg,20230831_135909,mauritius,original,video,False,train,997.3810078252707
data/processed/mauritius/video/not_augmented/cull2_random_bg/head/224/20230831_135909/m--20230831_135909--f000180.jpg,20230831_135909,mauritius,original,video,False,train,2057.1209619800925
data/processed/mauritius/video/not_augmented/cull2_random_bg/head/224/20230831_135909/m--20230831_135909--f000182.jpg,20230831_135909,mauritius,original,video,False,train,1498.8688390712746
data/processed/mauritius/video/not_augmented/cull2_random_bg/head/224/20230831_135909/m--20230831_135909--f000184.jpg,20230831_135909,mauritius,original,video,False,train,2443.21838083867
data/processed/mauritius/video/not_augmented/cull2_random_bg/head/224/20230831_135909/m--20230831_135909--f000186.jpg,20230831_135909,mauritius,original,video,False,train,2140.7629220637614
data/processed/mauritius/video/not_augmented/cull2_random_bg/head/224/20230831_135909/m--20230831_135909--f000188.jpg,20230831_135909,mauritius,original,video,False,train,2528.0611628810843
data/processed/mauritius/video/not_augmented/cull2_random_bg/head/224/20230831_135909/m--20230831_135909--f000190.jpg,20230831_135909,mauritius,original,video,False,train,2154.2983786798627
data/processed/mauritius/video/not_augmented/cull2_random_bg/head/224/20230831_135909/m--20230831_135909--f000192.jpg,20230831_135909,mauritius,original,video,False,train,2172.8506045438808
data/processed/mauritius/video/not_augmented/cull2_random_bg/head/224/20230831_135909/m--20230831_135909--f000194.jpg,20230831_135909,mauritius,original,video,False,train,2095.32861673688
data/processed/mauritius/video/not_augmented/cull2_random_bg/head/224/20230831_135909/m--20230831_135909--f000196.jpg,20230831_135909,mauritius,original,video,False,train,1969.3207306450777
data/processed/mauritius/video/not_augmented/cull2_random_bg/head/224/20230831_135909/m--20230831_135909--f000198.jpg,20230831_135909,mauritius,original,video,False,train,2169.5566602434433
data/processed/mauritius/video/not_augmented/cull2_random_bg/head/224/20230831_135909/m--20230831_135909--f000200.jpg,20230831_135909,mauritius,original,video,False,train,3231.064432238301
data/processed/mauritius/video/not_augmented/cull2_random_bg/head/224/20230831_135909/m--20230831_135909--f000202.jpg,20230831_135909,mauritius,original,video,False,train,2135.310964797646
data/processed/mauritius/video/not_augmented/cull2_random_bg/head/224/20230831_135909/m--20230831_135909--f000204.jpg,20230831_135909,mauritius,original,video,False,train,2053.8807785815866
data/processed/mauritius/video/not_augmented/cull2_random_bg/head/224/20230831_135909/m--20230831_135909--f000206.jpg,20230831_135909,mauritius,original,video,False,train,2018.633067695065
data/processed/mauritius/video/not_augmented/cull2_random_bg/head/224/20230831_135909/m--20230831_135909--f000208.jpg,20230831_135909,mauritius,original,video,False,train,2157.1157083952244
data/processed/mauritius/video/not_augmented/cull2_random_bg/head/224/20230831_135909/m--20230831_135909--f000210.jpg,20230831_135909,mauritius,original,video,False,train,2229.1457648950536
data/processed/mauritius/video/not_augmented/cull2_random_bg/head/224/20230831_135909/m--20230831_135909--f000212.jpg,20230831_135909,mauritius,original,video,False,train,2337.7925539457615
data/processed/mauritius/video/not_augmented/cull2_random_bg/head/224/20230831_135909/m--20230831_135909--f000214.jpg,20230831_135909,mauritius,original,video,False,train,2688.9106235194336
data/processed/mauritius/video/not_augmented/cull2_random_bg/head/224/20230831_135909/m--20230831_135909--f000216.jpg,20230831_135909,mauritius,original,video,False,train,1854.3255078630716
data/processed/mauritius/video/not_augmented/cull2_random_bg/head/224/20230831_135909/m--20230831_135909--f000218.jpg,20230831_135909,mauritius,original,video,False,train,1530.606530325356
data/processed/mauritius/video/not_augmented/cull2_random_bg/head/224/20230831_135909/m--20230831_135909--f000220.jpg,20230831_135909,mauritius,original,video,False,train,2743.621474548858
data/processed/mauritius/video/not_augmented/cull2_random_bg/head/224/20230831_135909/m--20230831_135909--f000222.jpg,20230831_135909,mauritius,original,video,False,train,2857.8164346763265
data/processed/mauritius/video/not_augmented/cull2_random_bg/head/224/20230831_135909/m--20230831_135909--f000224.jpg,20230831_135909,mauritius,original,video,False,train,2396.8779756318822
data/processed/mauritius/video/not_augmented/cull2_random_bg/head/224/20230831_135909/m--20230831_135909--f000226.jpg,20230831_135909,mauritius,original,video,False,train,2629.2927010189437
data/processed/mauritius/video/not_augmented/cull2_random_bg/head/224/20230831_135909/m--20230831_135909--f000228.jpg,20230831_135909,mauritius,original,video,False,train,2116.07144320741
data/processed/mauritius/video/not_augmented/cull2_random_bg/head/224/20230831_135909/m--20230831_135909--f000230.jpg,20230831_135909,mauritius,original,video,False,train,2881.5606563457695
data/processed/mauritius/video/not_augmented/cull2_random_bg/head/224/20230831_135909/m--20230831_135909--f000234.jpg,20230831_135909,mauritius,original,video,False,train,959.1051191288648
data/processed/mauritius/video/not_augmented/cull2_random_bg/head/224/20230831_135909/m--20230831_135909--f000570.jpg,20230831_135909,mauritius,original,video,False,train,791.0015444197489
data/processed/mauritius/video/not_augmented/cull2_random_bg/head/224/20230831_135909/m--20230831_135909--f000986.jpg,20230831_135909,mauritius,original,video,False,train,1839.6428522267279
data/processed/mauritius/video/not_augmented/cull2_random_bg/head/224/20230831_135909/m--20230831_135909--f000992.jpg,20230831_135909,mauritius,original,video,False,train,663.7427696246299
data/processed/mauritius/video/not_augmented/cull2_random_bg/head/224/20230831_135909/m--20230831_135909--f000996.jpg,20230831_135909,mauritius,original,video,False,train,720.5988016343026
data/processed/mauritius/video/not_augmented/cull2_random_bg/head/224/20230831_135909/m--20230831_135909--f000998.jpg,20230831_135909,mauritius,original,video,False,train,956.0347908584838
data/processed/mauritius/video/not_augmented/cull2_random_bg/head/224/20230831_135909/m--20230831_135909--f001000.jpg,20230831_135909,mauritius,original,video,False,train,485.34631349523085
data/processed/mauritius/video/not_augmented/cull2_random_bg/head/224/20230831_135909/m--20230831_135909--f001010.jpg,20230831_135909,mauritius,original,video,False,train,1389.839745840496
data/processed/mauritius/video/not_augmented/cull2_random_bg/head/224/20230831_135909/m--20230831_135909--f001012.jpg,20230831_135909,mauritius,original,video,False,train,1422.216077344212
data/processed/mauritius/video/not_augmented/cull2_random_bg/head/224/20230831_135909/m--20230831_135909--f001014.jpg,20230831_135909,mauritius,original,video,False,train,1381.2310345581006
data/processed/mauritius/video/not_augmented/cull2_random_bg/head/224/20230831_135909/m--20230831_135909--f001016.jpg,20230831_135909,mauritius,original,video,False,train,2464.2700337779766
data/processed/mauritius/video/not_augmented/cull2_random_bg/head/224/20230831_135909/m--20230831_135909--f001018.jpg,20230831_135909,mauritius,original,video,False,train,3272.402773820574
data/processed/mauritius/video/not_augmented/cull2_random_bg/head/224/20230831_135909/m--20230831_135909--f001020.jpg,20230831_135909,mauritius,original,video,False,train,3105.495451298022
data/processed/mauritius/video/not_augmented/cull2_random_bg/head/224/20230831_135909/m--20230831_135909--f001022.jpg,20230831_135909,mauritius,original,video,False,train,3331.7181449768595
data/processed/mauritius/video/not_augmented/cull2_random_bg/head/224/20230831_135909/m--20230831_135909--f001024.jpg,20230831_135909,mauritius,original,video,False,train,2376.7169755254868
data/processed/mauritius/video/not_augmented/cull2_random_bg/head/224/20230831_135909/m--20230831_135909--f001028.jpg,20230831_135909,mauritius,original,video,False,train,1785.7160177917988
data/processed/mauritius/video/not_augmented/cull2_random_bg/head/224/20230831_135909/m--20230831_135909--f001030.jpg,20230831_135909,mauritius,original,video,False,train,1656.8710906101437
data/processed/mauritius/video/not_augmented/cull2_random_bg/head/224/20230831_135909/m--20230831_135909--f001032.jpg,20230831_135909,mauritius,original,video,False,train,530.3193126457624
data/processed/mauritius/video/not_augmented/cull2_random_bg/head/224/20230831_135909/m--20230831_135909--f001034.jpg,20230831_135909,mauritius,original,video,False,train,623.5671969834391
data/processed/mauritius/video/not_augmented/cull2_random_bg/head/224/20230831_135909/m--20230831_135909--f001036.jpg,20230831_135909,mauritius,original,video,False,train,2076.4799630932885
data/processed/mauritius/video/not_augmented/cull2_random_bg/head/224/20230831_135909/m--20230831_135909--f001038.jpg,20230831_135909,mauritius,original,video,False,train,2479.328038273628
data/processed/mauritius/video/not_augmented/cull2_random_bg/head/224/20230831_135909/m--20230831_135909--f001040.jpg,20230831_135909,mauritius,original,video,False,train,2066.805304209524
data/processed/mauritius/video/not_augmented/cull2_random_bg/head/224/20230831_135909/m--20230831_135909--f001042.jpg,20230831_135909,mauritius,original,video,False,train,2495.0560366731042
data/processed/mauritius/video/not_augmented/cull2_random_bg/head/224/20230831_135909/m--20230831_135909--f001044.jpg,20230831_135909,mauritius,original,video,False,train,1551.7627699922296
data/processed/mauritius/video/not_augmented/cull2_random_bg/head/224/20230831_135909/m--20230831_135909--f001046.jpg,20230831_135909,mauritius,original,video,False,train,2232.184072026607
data/processed/mauritius/video/not_augmented/cull2_random_bg/head/224/20230831_135909/m--20230831_135909--f001050.jpg,20230831_135909,mauritius,original,video,False,train,1309.0895750513675
data/processed/mauritius/video/not_augmented/cull2_random_bg/head/224/20230831_135909/m--20230831_135909--f001054.jpg,20230831_135909,mauritius,original,video,False,train,1689.7133212965362
data/processed/mauritius/video/not_augmented/cull2_random_bg/head/224/20230831_135909/m--20230831_135909--f001066.jpg,20230831_135909,mauritius,original,video,False,train,3491.182037595012
data/processed/mauritius/video/not_augmented/cull2_random_bg/head/224/20230831_135909/m--20230831_135909--f001080.jpg,20230831_135909,mauritius,original,video,False,train,1489.5431398298779
data/processed/mauritius/video/not_augmented/cull2_random_bg/head/224/20230831_135909/m--20230831_135909--f001082.jpg,20230831_135909,mauritius,original,video,False,train,755.8357775464549
data/processed/mauritius/video/not_augmented/cull2_random_bg/head/224/20230831_135909/m--20230831_135909--f001084.jpg,20230831_135909,mauritius,original,video,False,train,1215.979135630082
data/processed/mauritius/video/not_augmented/cull2_random_bg/head/224/20230831_135909/m--20230831_135909--f001088.jpg,20230831_135909,mauritius,original,video,False,train,1845.1624477498485
data/processed/mauritius/video/not_augmented/cull2_random_bg/head/224/20230831_135909/m--20230831_135909--f001172.jpg,20230831_135909,mauritius,original,video,False,train,1480.379066219036
data/processed/mauritius/video/not_augmented/cull2_random_bg/head/224/20230831_135909/m--20230831_135909--f001182.jpg,20230831_135909,mauritius,original,video,False,train,1666.453178751722
data/processed/mauritius/video/not_augmented/cull2_random_bg/head/224/20230831_135909/m--20230831_135909--f001184.jpg,20230831_135909,mauritius,original,video,False,train,1164.6999326238824
data/processed/mauritius/video/not_augmented/cull2_random_bg/head/224/20230831_135909/m--20230831_135909--f001202.jpg,20230831_135909,mauritius,original,video,False,train,1925.6670791545744
data/processed/mauritius/video/not_augmented/cull2_random_bg/head/224/20230831_135909/m--20230831_135909--f001230.jpg,20230831_135909,mauritius,original,video,False,train,697.3829654310705
data/processed/mauritius/video/not_augmented/cull2_random_bg/head/224/20230831_135909/m--20230831_135909--f001238.jpg,20230831_135909,mauritius,original,video,False,train,1281.2209339054461
data/processed/mauritius/video/not_augmented/cull2_random_bg/head/224/20230831_135909/m--20230831_135909--f001246.jpg,20230831_135909,mauritius,original,video,False,train,2310.547523074327
data/processed/mauritius/video/not_augmented/cull2_random_bg/head/224/20230831_135909/m--20230831_135909--f001302.jpg,20230831_135909,mauritius,original,video,False,train,462.7111313314252
data/processed/mauritius/video/not_augmented/cull2_random_bg/head/224/20230831_135909/m--20230831_135909--f001304.jpg,20230831_135909,mauritius,original,video,False,train,24.331186652431782
data/processed/mauritius/video/not_augmented/cull2_random_bg/head/224/20230831_135909/m--20230831_135909--f001306.jpg,20230831_135909,mauritius,original,video,False,train,155.11878677131435
data/processed/mauritius/video/not_augmented/cull2_random_bg/head/224/20230831_135909/m--20230831_135909--f001308.jpg,20230831_135909,mauritius,original,video,False,train,674.7301277500646
data/processed/mauritius/video/not_augmented/cull2_random_bg/head/224/20230831_135909/m--20230831_135909--f001310.jpg,20230831_135909,mauritius,original,video,False,train,753.583675100127
data/processed/mauritius/video/not_augmented/cull2_random_bg/head/224/20230831_135909/m--20230831_135909--f001312.jpg,20230831_135909,mauritius,original,video,False,train,1367.9290655804195
data/processed/mauritius/video/not_augmented/cull2_random_bg/head/224/20230831_135909/m--20230831_135909--f001314.jpg,20230831_135909,mauritius,original,video,False,train,1101.5876799058735
data/processed/mauritius/video/not_augmented/cull2_random_bg/head/224/20230831_135909/m--20230831_135909--f001316.jpg,20230831_135909,mauritius,original,video,False,train,1378.9036342961647
data/processed/mauritius/video/not_augmented/cull2_random_bg/head/224/20230831_135909/m--20230831_135909--f001320.jpg,20230831_135909,mauritius,original,video,False,train,1161.7539292541658
data/processed/mauritius/video/not_augmented/cull2_random_bg/head/224/20230831_135909/m--20230831_135909--f001322.jpg,20230831_135909,mauritius,original,video,False,train,1151.1007603236608
data/processed/mauritius/video/not_augmented/cull2_random_bg/head/224/20230831_140541/m--20230831_140541--f000178.jpg,20230831_140541,mauritius,original,video,False,train,1036.6320373141136
data/processed/mauritius/video/not_augmented/cull2_random_bg/head/224/20230831_140541/m--20230831_140541--f000180.jpg,20230831_140541,mauritius,original,video,False,train,347.1369642438813
data/processed/mauritius/video/not_augmented/cull2_random_bg/head/224/20230831_140541/m--20230831_140541--f000182.jpg,20230831_140541,mauritius,original,video,False,train,1250.122333613995
data/processed/mauritius/video/not_augmented/cull2_random_bg/head/224/20230831_140541/m--20230831_140541--f000184.jpg,20230831_140541,mauritius,original,video,False,train,43.74347883301544
data/processed/mauritius/video/not_augmented/cull2_random_bg/head/224/20230831_140541/m--20230831_140541--f000186.jpg,20230831_140541,mauritius,original,video,False,train,754.7707007541999
data/processed/mauritius/video/not_augmented/cull2_random_bg/head/224/20230831_140541/m--20230831_140541--f000188.jpg,20230831_140541,mauritius,original,video,False,train,1064.1839783083444
data/processed/mauritius/video/not_augmented/cull2_random_bg/head/224/20230831_140541/m--20230831_140541--f000190.jpg,20230831_140541,mauritius,original,video,False,train,1238.368522510187
data/processed/mauritius/video/not_augmented/cull2_random_bg/head/224/20230831_140541/m--20230831_140541--f000194.jpg,20230831_140541,mauritius,original,video,False,train,989.870891638966
data/processed/mauritius/video/not_augmented/cull2_random_bg/head/224/20230831_140541/m--20230831_140541--f000196.jpg,20230831_140541,mauritius,original,video,False,train,746.4524585178921
data/processed/mauritius/video/not_augmented/cull2_random_bg/head/224/20230831_140541/m--20230831_140541--f000198.jpg,20230831_140541,mauritius,original,video,False,train,914.2257576540877
data/processed/mauritius/video/not_augmented/cull2_random_bg/head/224/20230831_140541/m--20230831_140541--f000200.jpg,20230831_140541,mauritius,original,video,False,train,602.6739467889356
data/processed/mauritius/video/not_augmented/cull2_random_bg/head/224/20230831_140541/m--20230831_140541--f000202.jpg,20230831_140541,mauritius,original,video,False,train,1091.0150387456943
data/processed/mauritius/video/not_augmented/cull2_random_bg/head/224/20230831_140541/m--20230831_140541--f000204.jpg,20230831_140541,mauritius,original,video,False,train,2994.495925921988
data/processed/mauritius/video/not_augmented/cull2_random_bg/head/224/20230831_140541/m--20230831_140541--f000206.jpg,20230831_140541,mauritius,original,video,False,train,4074.3516547386967
data/processed/mauritius/video/not_augmented/cull2_random_bg/head/224/20230831_140541/m--20230831_140541--f000208.jpg,20230831_140541,mauritius,original,video,False,train,3386.619459284886
data/processed/mauritius/video/not_augmented/cull2_random_bg/head/224/20230831_140541/m--20230831_140541--f000210.jpg,20230831_140541,mauritius,original,video,False,train,2698.7784771388992
data/processed/mauritius/video/not_augmented/cull2_random_bg/head/224/20230831_140541/m--20230831_140541--f000212.jpg,20230831_140541,mauritius,original,video,False,train,2726.968200276863
data/processed/mauritius/video/not_augmented/cull2_random_bg/head/224/20230831_140541/m--20230831_140541--f000214.jpg,20230831_140541,mauritius,original,video,False,train,3359.5976908158277
data/processed/mauritius/video/not_augmented/cull2_random_bg/head/224/20230831_140541/m--20230831_140541--f000216.jpg,20230831_140541,mauritius,original,video,False,train,3302.113473242792
data/processed/mauritius/video/not_augmented/cull2_random_bg/head/224/20230831_140541/m--20230831_140541--f000218.jpg,20230831_140541,mauritius,original,video,False,train,2580.449937722724
data/processed/mauritius/video/not_augmented/cull2_random_bg/head/224/20230831_140541/m--20230831_140541--f000220.jpg,20230831_140541,mauritius,original,video,False,train,2560.782775055513
data/processed/mauritius/video/not_augmented/cull2_random_bg/head/224/20230831_140541/m--20230831_140541--f000222.jpg,20230831_140541,mauritius,original,video,False,train,2614.8728442448273
data/processed/mauritius/video/not_augmented/cull2_random_bg/head/224/20230831_140541/m--20230831_140541--f000224.jpg,20230831_140541,mauritius,original,video,False,train,3158.2238242333256
data/processed/mauritius/video/not_augmented/cull2_random_bg/head/224/20230831_140541/m--20230831_140541--f000226.jpg,20230831_140541,mauritius,original,video,False,train,2787.6431364260434
data/processed/mauritius/video/not_augmented/cull2_random_bg/head/224/20230831_140541/m--20230831_140541--f000228.jpg,20230831_140541,mauritius,original,video,False,train,2824.59278706261
data/processed/mauritius/video/not_augmented/cull2_random_bg/head/224/20230831_140541/m--20230831_140541--f000230.jpg,20230831_140541,mauritius,original,video,False,train,3048.83085640864
data/processed/mauritius/video/not_augmented/cull2_random_bg/head/224/20230831_140541/m--20230831_140541--f000232.jpg,20230831_140541,mauritius,original,video,False,train,3289.1154434096065
data/processed/mauritius/video/not_augmented/cull2_random_bg/head/224/20230831_140541/m--20230831_140541--f000234.jpg,20230831_140541,mauritius,original,video,False,train,3384.3752341757017
data/processed/mauritius/video/not_augmented/cull2_random_bg/head/224/20230831_140541/m--20230831_140541--f000236.jpg,20230831_140541,mauritius,original,video,False,train,3162.2914263984653
data/processed/mauritius/video/not_augmented/cull2_random_bg/head/224/20230831_140541/m--20230831_140541--f000238.jpg,20230831_140541,mauritius,original,video,False,train,3297.235786301352
data/processed/mauritius/video/not_augmented/cull2_random_bg/head/224/20230831_140541/m--20230831_140541--f000240.jpg,20230831_140541,mauritius,original,video,False,train,3640.631775841322
data/processed/mauritius/video/not_augmented/cull2_random_bg/head/224/20230831_140541/m--20230831_140541--f000242.jpg,20230831_140541,mauritius,original,video,False,train,1742.6481706586692
data/processed/mauritius/video/not_augmented/cull2_random_bg/head/224/20230831_140541/m--20230831_140541--f000250.jpg,20230831_140541,mauritius,original,video,False,train,694.4532843100833
data/processed/mauritius/video/not_augmented/cull2_random_bg/head/224/20230831_140541/m--20230831_140541--f000252.jpg,20230831_140541,mauritius,original,video,False,train,252.54077110266695
data/processed/mauritius/video/not_augmented/cull2_random_bg/head/224/20230831_140541/m--20230831_140541--f000254.jpg,20230831_140541,mauritius,original,video,False,train,185.6188026056445
data/processed/mauritius/video/not_augmented/cull2_random_bg/head/224/20230831_140541/m--20230831_140541--f001188.jpg,20230831_140541,mauritius,original,video,False,train,2763.160295726755
data/processed/mauritius/video/not_augmented/cull2_random_bg/head/224/20230831_140541/m--20230831_140541--f001190.jpg,20230831_140541,mauritius,original,video,False,train,4157.3102090141265
data/processed/mauritius/video/not_augmented/cull2_random_bg/head/224/20230831_140541/m--20230831_140541--f001192.jpg,20230831_140541,mauritius,original,video,False,train,3161.0621272241615
data/processed/mauritius/video/not_augmented/cull2_random_bg/head/224/20230831_141252/m--20230831_141252--f000152.jpg,20230831_141252,mauritius,original,video,False,val,1094.275067835438
data/processed/mauritius/video/not_augmented/cull2_random_bg/head/224/20230831_141252/m--20230831_141252--f000154.jpg,20230831_141252,mauritius,original,video,False,val,57.75778311364405
data/processed/mauritius/video/not_augmented/cull2_random_bg/head/224/20230831_141252/m--20230831_141252--f000156.jpg,20230831_141252,mauritius,original,video,False,val,349.130339769064
data/processed/mauritius/video/not_augmented/cull2_random_bg/head/224/20230831_141252/m--20230831_141252--f000158.jpg,20230831_141252,mauritius,original,video,False,val,637.0960732110091
data/processed/mauritius/video/not_augmented/cull2_random_bg/head/224/20230831_141252/m--20230831_141252--f000160.jpg,20230831_141252,mauritius,original,video,False,val,193.01672581263952
data/processed/mauritius/video/not_augmented/cull2_random_bg/head/224/20230831_141252/m--20230831_141252--f000162.jpg,20230831_141252,mauritius,original,video,False,val,1272.3848936882478
data/processed/mauritius/video/not_augmented/cull2_random_bg/head/224/20230831_141252/m--20230831_141252--f000164.jpg,20230831_141252,mauritius,original,video,False,val,784.9184363447392
data/processed/mauritius/video/not_augmented/cull2_random_bg/head/224/20230831_141252/m--20230831_141252--f000166.jpg,20230831_141252,mauritius,original,video,False,val,167.66200447598874
data/processed/mauritius/video/not_augmented/cull2_random_bg/head/224/20230831_141252/m--20230831_141252--f000168.jpg,20230831_141252,mauritius,original,video,False,val,223.05008868623017
data/processed/mauritius/video/not_augmented/cull2_random_bg/head/224/20230831_141252/m--20230831_141252--f000170.jpg,20230831_141252,mauritius,original,video,False,val,466.2020038535624
data/processed/mauritius/video/not_augmented/cull2_random_bg/head/224/20230831_141252/m--20230831_141252--f000172.jpg,20230831_141252,mauritius,original,video,False,val,331.4111866150633
data/processed/mauritius/video/not_augmented/cull2_random_bg/head/224/20230831_141252/m--20230831_141252--f000174.jpg,20230831_141252,mauritius,original,video,False,val,78.61533978480888
data/processed/mauritius/video/not_augmented/cull2_random_bg/head/224/20230831_141252/m--20230831_141252--f000176.jpg,20230831_141252,mauritius,original,video,False,val,175.02559412384667
data/processed/mauritius/video/not_augmented/cull2_random_bg/head/224/20230831_141252/m--20230831_141252--f000178.jpg,20230831_141252,mauritius,original,video,False,val,811.5455665822726
data/processed/mauritius/video/not_augmented/cull2_random_bg/head/224/20230831_141252/m--20230831_141252--f000180.jpg,20230831_141252,mauritius,original,video,False,val,497.52323814433396
data/processed/mauritius/video/not_augmented/cull2_random_bg/head/224/20230831_141252/m--20230831_141252--f000254.jpg,20230831_141252,mauritius,original,video,False,val,1055.258703845881
data/processed/mauritius/video/not_augmented/cull2_random_bg/head/224/20230831_141252/m--20230831_141252--f000256.jpg,20230831_141252,mauritius,original,video,False,val,519.9892574550211
data/processed/mauritius/video/not_augmented/cull2_random_bg/head/224/20230831_141252/m--20230831_141252--f000258.jpg,20230831_141252,mauritius,original,video,False,val,1741.6032527107734
data/processed/mauritius/video/not_augmented/cull2_random_bg/head/224/20230831_141252/m--20230831_141252--f000260.jpg,20230831_141252,mauritius,original,video,False,val,1718.7868671409294
data/processed/mauritius/video/not_augmented/cull2_random_bg/head/224/20230831_141252/m--20230831_141252--f000262.jpg,20230831_141252,mauritius,original,video,False,val,3368.812419380957
data/processed/mauritius/video/not_augmented/cull2_random_bg/head/224/20230831_141252/m--20230831_141252--f000264.jpg,20230831_141252,mauritius,original,video,False,val,2642.293332313607
data/processed/mauritius/video/not_augmented/cull2_random_bg/head/224/20230831_141252/m--20230831_141252--f000266.jpg,20230831_141252,mauritius,original,video,False,val,5240.942829784678
data/processed/mauritius/video/not_augmented/cull2_random_bg/head/224/20230831_141252/m--20230831_141252--f000268.jpg,20230831_141252,mauritius,original,video,False,val,3751.2028602161586
data/processed/mauritius/video/not_augmented/cull2_random_bg/head/224/20230831_141252/m--20230831_141252--f000270.jpg,20230831_141252,mauritius,original,video,False,val,2781.859363719156
data/processed/mauritius/video/not_augmented/cull2_random_bg/head/224/20230831_141252/m--20230831_141252--f000272.jpg,20230831_141252,mauritius,original,video,False,val,3210.6201683590184
data/processed/mauritius/video/not_augmented/cull2_random_bg/head/224/20230831_141252/m--20230831_141252--f000274.jpg,20230831_141252,mauritius,original,video,False,val,3005.4735231077802
data/processed/mauritius/video/not_augmented/cull2_random_bg/head/224/20230831_141252/m--20230831_141252--f000276.jpg,20230831_141252,mauritius,original,video,False,val,3491.2169651693225
data/processed/mauritius/video/not_augmented/cull2_random_bg/head/224/20230831_141252/m--20230831_141252--f000278.jpg,20230831_141252,mauritius,original,video,False,val,3165.5839245532866
data/processed/mauritius/video/not_augmented/cull2_random_bg/head/224/20230831_141252/m--20230831_141252--f000280.jpg,20230831_141252,mauritius,original,video,False,val,2879.619935465872
data/processed/mauritius/video/not_augmented/cull2_random_bg/head/224/20230831_141252/m--20230831_141252--f000282.jpg,20230831_141252,mauritius,original,video,False,val,2827.5987978422454
data/processed/mauritius/video/not_augmented/cull2_random_bg/head/224/20230831_141252/m--20230831_141252--f000284.jpg,20230831_141252,mauritius,original,video,False,val,2683.649182596886
data/processed/mauritius/video/not_augmented/cull2_random_bg/head/224/20230831_141252/m--20230831_141252--f000286.jpg,20230831_141252,mauritius,original,video,False,val,3745.224197355522
data/processed/mauritius/video/not_augmented/cull2_random_bg/head/224/20230831_141252/m--20230831_141252--f000288.jpg,20230831_141252,mauritius,original,video,False,val,2689.783855560173
data/processed/mauritius/video/not_augmented/cull2_random_bg/head/224/20230831_141252/m--20230831_141252--f000290.jpg,20230831_141252,mauritius,original,video,False,val,3567.170362452674
data/processed/mauritius/video/not_augmented/cull2_random_bg/head/224/20230831_141252/m--20230831_141252--f000292.jpg,20230831_141252,mauritius,original,video,False,val,3724.2799943525156
data/processed/mauritius/video/not_augmented/cull2_random_bg/head/224/20230831_141252/m--20230831_141252--f000294.jpg,20230831_141252,mauritius,original,video,False,val,3008.4936105457264
data/processed/mauritius/video/not_augmented/cull2_random_bg/head/224/20230831_141252/m--20230831_141252--f000296.jpg,20230831_141252,mauritius,original,video,False,val,1533.0059052748961
data/processed/mauritius/video/not_augmented/cull2_random_bg/head/224/20230831_141252/m--20230831_141252--f000298.jpg,20230831_141252,mauritius,original,video,False,val,1339.960993631737
data/processed/mauritius/video/not_augmented/cull2_random_bg/head/224/20230831_141252/m--20230831_141252--f000300.jpg,20230831_141252,mauritius,original,video,False,val,2513.395126851188
data/processed/mauritius/video/not_augmented/cull2_random_bg/head/224/20230831_141252/m--20230831_141252--f000310.jpg,20230831_141252,mauritius,original,video,False,val,598.0893148301493
data/processed/mauritius/video/not_augmented/cull2_random_bg/head/224/20230831_141252/m--20230831_141252--f001062.jpg,20230831_141252,mauritius,original,video,False,val,3205.124908135465
data/processed/mauritius/video/not_augmented/cull2_random_bg/head/224/20230831_141252/m--20230831_141252--f001064.jpg,20230831_141252,mauritius,original,video,False,val,3623.019032993896
data/processed/mauritius/video/not_augmented/cull2_random_bg/head/224/20230831_141252/m--20230831_141252--f001066.jpg,20230831_141252,mauritius,original,video,False,val,3655.8465814602373
data/processed/mauritius/video/not_augmented/cull2_random_bg/head/224/20230831_141252/m--20230831_141252--f001068.jpg,20230831_141252,mauritius,original,video,False,val,2559.9461390532238
data/processed/mauritius/video/not_augmented/cull2_random_bg/head/224/20230831_141252/m--20230831_141252--f001070.jpg,20230831_141252,mauritius,original,video,False,val,2466.53397878395
data/processed/mauritius/video/not_augmented/cull2_random_bg/head/224/20230831_141252/m--20230831_141252--f001072.jpg,20230831_141252,mauritius,original,video,False,val,1721.5272521273585
data/processed/mauritius/video/not_augmented/cull2_random_bg/head/224/20230831_141252/m--20230831_141252--f001156.jpg,20230831_141252,mauritius,original,video,False,val,1648.4908705031758
data/processed/mauritius/video/not_augmented/cull2_random_bg/head/224/20230831_141252/m--20230831_141252--f001164.jpg,20230831_141252,mauritius,original,video,False,val,622.3547103417908
data/processed/mauritius/video/not_augmented/cull2_random_bg/head/224/20230831_141252/m--20230831_141252--f001166.jpg,20230831_141252,mauritius,original,video,False,val,1345.2394880225688
data/processed/mauritius/video/not_augmented/cull2_random_bg/head/224/20230831_141252/m--20230831_141252--f001198.jpg,20230831_141252,mauritius,original,video,False,val,2126.768249130408
data/processed/mauritius/video/not_augmented/cull2_random_bg/head/224/20230831_141252/m--20230831_141252--f001200.jpg,20230831_141252,mauritius,original,video,False,val,2120.8677661769443
data/processed/mauritius/video/not_augmented/cull2_random_bg/head/224/20230831_141252/m--20230831_141252--f001202.jpg,20230831_141252,mauritius,original,video,False,val,1729.3205106402377
data/processed/mauritius/video/not_augmented/cull2_random_bg/head/224/20230831_141252/m--20230831_141252--f001204.jpg,20230831_141252,mauritius,original,video,False,val,1780.9671832346412
data/processed/mauritius/video/not_augmented/cull2_random_bg/head/224/20230831_141252/m--20230831_141252--f001206.jpg,20230831_141252,mauritius,original,video,False,val,1430.991765235971
data/processed/mauritius/video/not_augmented/cull2_random_bg/head/224/20230831_141252/m--20230831_141252--f001214.jpg,20230831_141252,mauritius,original,video,False,val,1142.6201907006564
data/processed/mauritius/video/not_augmented/cull2_random_bg/head/224/20230831_141252/m--20230831_141252--f001216.jpg,20230831_141252,mauritius,original,video,False,val,1980.606718634526
data/processed/mauritius/video/not_augmented/cull2_random_bg/head/224/20230831_141252/m--20230831_141252--f001218.jpg,20230831_141252,mauritius,original,video,False,val,1055.2043127816996
data/processed/mauritius/video/not_augmented/cull2_random_bg/head/224/20230831_141252/m--20230831_141252--f001220.jpg,20230831_141252,mauritius,original,video,False,val,1539.37402334813
data/processed/mauritius/video/not_augmented/cull2_random_bg/head/224/20230831_141252/m--20230831_141252--f001222.jpg,20230831_141252,mauritius,original,video,False,val,1033.7952264136743
data/processed/mauritius/video/not_augmented/cull2_random_bg/head/224/20230831_141252/m--20230831_141252--f001224.jpg,20230831_141252,mauritius,original,video,False,val,696.0256573392272
data/processed/mauritius/video/not_augmented/cull2_random_bg/head/224/20230831_141252/m--20230831_141252--f001326.jpg,20230831_141252,mauritius,original,video,False,val,1292.964856433352
data/processed/mauritius/video/not_augmented/cull2_random_bg/head/224/20230831_141252/m--20230831_141252--f001328.jpg,20230831_141252,mauritius,original,video,False,val,1359.525429849176
data/processed/mauritius/video/not_augmented/cull2_random_bg/head/224/20230831_141252/m--20230831_141252--f001330.jpg,20230831_141252,mauritius,original,video,False,val,1643.9882706495584
data/processed/mauritius/video/not_augmented/cull2_random_bg/head/224/20230831_141252/m--20230831_141252--f001332.jpg,20230831_141252,mauritius,original,video,False,val,852.9682011268677
data/processed/mauritius/video/not_augmented/cull2_random_bg/head/224/20230831_142118/m--20230831_142118--f000142.jpg,20230831_142118,mauritius,original,video,False,train,691.4147016770738
data/processed/mauritius/video/not_augmented/cull2_random_bg/head/224/20230831_142118/m--20230831_142118--f000148.jpg,20230831_142118,mauritius,original,video,False,train,73.77647495190337
data/processed/mauritius/video/not_augmented/cull2_random_bg/head/224/20230831_142118/m--20230831_142118--f000150.jpg,20230831_142118,mauritius,original,video,False,train,68.06108060175059
data/processed/mauritius/video/not_augmented/cull2_random_bg/head/224/20230831_142118/m--20230831_142118--f000152.jpg,20230831_142118,mauritius,original,video,False,train,96.03832005878527
data/processed/mauritius/video/not_augmented/cull2_random_bg/head/224/20230831_142118/m--20230831_142118--f000154.jpg,20230831_142118,mauritius,original,video,False,train,312.7712642692715
data/processed/mauritius/video/not_augmented/cull2_random_bg/head/224/20230831_142118/m--20230831_142118--f000156.jpg,20230831_142118,mauritius,original,video,False,train,496.3601758604197
data/processed/mauritius/video/not_augmented/cull2_random_bg/head/224/20230831_142118/m--20230831_142118--f000158.jpg,20230831_142118,mauritius,original,video,False,train,750.2843985090848
data/processed/mauritius/video/not_augmented/cull2_random_bg/head/224/20230831_142118/m--20230831_142118--f000160.jpg,20230831_142118,mauritius,original,video,False,train,928.1772516211685
data/processed/mauritius/video/not_augmented/cull2_random_bg/head/224/20230831_142118/m--20230831_142118--f000162.jpg,20230831_142118,mauritius,original,video,False,train,2581.4320867900697
data/processed/mauritius/video/not_augmented/cull2_random_bg/head/224/20230831_142118/m--20230831_142118--f000164.jpg,20230831_142118,mauritius,original,video,False,train,952.5900954135702
data/processed/mauritius/video/not_augmented/cull2_random_bg/head/224/20230831_142118/m--20230831_142118--f000170.jpg,20230831_142118,mauritius,original,video,False,train,578.7972735953499
data/processed/mauritius/video/not_augmented/cull2_random_bg/head/224/20230831_142118/m--20230831_142118--f000188.jpg,20230831_142118,mauritius,original,video,False,train,5157.149372470622
data/processed/mauritius/video/not_augmented/cull2_random_bg/head/224/20230831_142118/m--20230831_142118--f000190.jpg,20230831_142118,mauritius,original,video,False,train,5165.264996100445
data/processed/mauritius/video/not_augmented/cull2_random_bg/head/224/20230831_142118/m--20230831_142118--f000196.jpg,20230831_142118,mauritius,original,video,False,train,3184.661363022569
data/processed/mauritius/video/not_augmented/cull2_random_bg/head/224/20230831_142118/m--20230831_142118--f000198.jpg,20230831_142118,mauritius,original,video,False,train,1244.687888681268
data/processed/mauritius/video/not_augmented/cull2_random_bg/head/224/20230831_142118/m--20230831_142118--f000200.jpg,20230831_142118,mauritius,original,video,False,train,735.7401246841825
data/processed/mauritius/video/not_augmented/cull2_random_bg/head/224/20230831_142118/m--20230831_142118--f000202.jpg,20230831_142118,mauritius,original,video,False,train,612.3356533880683
data/processed/mauritius/video/not_augmented/cull2_random_bg/head/224/20230831_142118/m--20230831_142118--f000480.jpg,20230831_142118,mauritius,original,video,False,train,1059.8470292208544
data/processed/mauritius/video/not_augmented/cull2_random_bg/head/224/20230831_142118/m--20230831_142118--f000496.jpg,20230831_142118,mauritius,original,video,False,train,3037.6653177463136
data/processed/mauritius/video/not_augmented/cull2_random_bg/head/224/20230831_142118/m--20230831_142118--f000760.jpg,20230831_142118,mauritius,original,video,False,train,1578.0147865165131
data/processed/mauritius/video/not_augmented/cull2_random_bg/head/224/20230831_142118/m--20230831_142118--f000762.jpg,20230831_142118,mauritius,original,video,False,train,2440.44888812172
data/processed/mauritius/video/not_augmented/cull2_random_bg/head/224/20230831_142118/m--20230831_142118--f000772.jpg,20230831_142118,mauritius,original,video,False,train,3313.7841633193348
data/processed/mauritius/video/not_augmented/cull2_random_bg/head/224/20230831_142118/m--20230831_142118--f000782.jpg,20230831_142118,mauritius,original,video,False,train,3114.2666935457983
data/processed/mauritius/video/not_augmented/cull2_random_bg/head/224/20230831_142118/m--20230831_142118--f000784.jpg,20230831_142118,mauritius,original,video,False,train,3374.037166215737
data/processed/mauritius/video/not_augmented/cull2_random_bg/head/224/20230831_142118/m--20230831_142118--f000816.jpg,20230831_142118,mauritius,original,video,False,train,4194.410642608411
data/processed/mauritius/video/not_augmented/cull2_random_bg/head/224/20230831_142118/m--20230831_142118--f000818.jpg,20230831_142118,mauritius,original,video,False,train,3245.40441599492
data/processed/mauritius/video/not_augmented/cull2_random_bg/head/224/20230831_142118/m--20230831_142118--f000824.jpg,20230831_142118,mauritius,original,video,False,train,5134.3400571724615
data/processed/mauritius/video/not_augmented/cull2_random_bg/head/224/20230831_142118/m--20230831_142118--f000828.jpg,20230831_142118,mauritius,original,video,False,train,3556.8424145854647
data/processed/mauritius/video/not_augmented/cull2_random_bg/head/224/20230831_142118/m--20230831_142118--f000832.jpg,20230831_142118,mauritius,original,video,False,train,5458.044697930742
data/processed/mauritius/video/not_augmented/cull2_random_bg/head/224/20230831_142118/m--20230831_142118--f000834.jpg,20230831_142118,mauritius,original,video,False,train,4800.46108229644
data/processed/mauritius/video/not_augmented/cull2_random_bg/head/224/20230831_142118/m--20230831_142118--f000836.jpg,20230831_142118,mauritius,original,video,False,train,4353.601089010036
data/processed/mauritius/video/not_augmented/cull2_random_bg/head/224/20230831_142118/m--20230831_142118--f000838.jpg,20230831_142118,mauritius,original,video,False,train,3546.142236028398
data/processed/mauritius/video/not_augmented/cull2_random_bg/head/224/20230831_142118/m--20230831_142118--f000840.jpg,20230831_142118,mauritius,original,video,False,train,3610.545431876669
data/processed/mauritius/video/not_augmented/cull2_random_bg/head/224/20230831_142118/m--20230831_142118--f000842.jpg,20230831_142118,mauritius,original,video,False,train,3658.4468204537225
data/processed/mauritius/video/not_augmented/cull2_random_bg/head/224/20230831_142118/m--20230831_142118--f000844.jpg,20230831_142118,mauritius,original,video,False,train,4084.013098468884
data/processed/mauritius/video/not_augmented/cull2_random_bg/head/224/20230831_142118/m--20230831_142118--f000846.jpg,20230831_142118,mauritius,original,video,False,train,4193.898152987691
data/processed/mauritius/video/not_augmented/cull2_random_bg/head/224/20230831_142118/m--20230831_142118--f000848.jpg,20230831_142118,mauritius,original,video,False,train,4160.240275429468
data/processed/mauritius/video/not_augmented/cull2_random_bg/head/224/20230831_142118/m--20230831_142118--f000850.jpg,20230831_142118,mauritius,original,video,False,train,5611.998696271205
data/processed/mauritius/video/not_augmented/cull2_random_bg/head/224/20230831_142118/m--20230831_142118--f000852.jpg,20230831_142118,mauritius,original,video,False,train,4596.948110501799
data/processed/mauritius/video/not_augmented/cull2_random_bg/head/224/20230831_142118/m--20230831_142118--f000854.jpg,20230831_142118,mauritius,original,video,False,train,4954.445885735718
data/processed/mauritius/video/not_augmented/cull2_random_bg/head/224/20230831_142118/m--20230831_142118--f000856.jpg,20230831_142118,mauritius,original,video,False,train,4519.009746142796
data/processed/mauritius/video/not_augmented/cull2_random_bg/head/224/20230831_142118/m--20230831_142118--f000858.jpg,20230831_142118,mauritius,original,video,False,train,2295.8319619177582
data/processed/mauritius/video/not_augmented/cull2_random_bg/head/224/20230831_142118/m--20230831_142118--f000860.jpg,20230831_142118,mauritius,original,video,False,train,1432.6381121090876
data/processed/mauritius/video/not_augmented/cull2_random_bg/head/224/20230831_142118/m--20230831_142118--f000862.jpg,20230831_142118,mauritius,original,video,False,train,4340.665715688668
data/processed/mauritius/video/not_augmented/cull2_random_bg/head/224/20230831_142118/m--20230831_142118--f000864.jpg,20230831_142118,mauritius,original,video,False,train,3740.600935064123
data/processed/mauritius/video/not_augmented/cull2_random_bg/head/224/20230831_142118/m--20230831_142118--f000866.jpg,20230831_142118,mauritius,original,video,False,train,3155.9785308389055
data/processed/mauritius/video/not_augmented/cull2_random_bg/head/224/20230831_142118/m--20230831_142118--f000868.jpg,20230831_142118,mauritius,original,video,False,train,4420.919909005759
data/processed/mauritius/video/not_augmented/cull2_random_bg/head/224/20230831_142118/m--20230831_142118--f000870.jpg,20230831_142118,mauritius,original,video,False,train,3959.5133128692487
data/processed/mauritius/video/not_augmented/cull2_random_bg/head/224/20230831_142118/m--20230831_142118--f000872.jpg,20230831_142118,mauritius,original,video,False,train,2823.21177906853
data/processed/mauritius/video/not_augmented/cull2_random_bg/head/224/20230831_142118/m--20230831_142118--f000874.jpg,20230831_142118,mauritius,original,video,False,train,3123.2335740883423
data/processed/mauritius/video/not_augmented/cull2_random_bg/head/224/20230831_142118/m--20230831_142118--f000876.jpg,20230831_142118,mauritius,original,video,False,train,2772.2910421733704
data/processed/mauritius/video/not_augmented/cull2_random_bg/head/224/20230831_142118/m--20230831_142118--f000878.jpg,20230831_142118,mauritius,original,video,False,train,1990.6410163202568
data/processed/mauritius/video/not_augmented/cull2_random_bg/head/224/20230831_142118/m--20230831_142118--f000880.jpg,20230831_142118,mauritius,original,video,False,train,1346.4219787165505
data/processed/mauritius/video/not_augmented/cull2_random_bg/head/224/20230831_142118/m--20230831_142118--f000882.jpg,20230831_142118,mauritius,original,video,False,train,1543.2904265819614
data/processed/mauritius/video/not_augmented/cull2_random_bg/head/224/20230831_142118/m--20230831_142118--f000884.jpg,20230831_142118,mauritius,original,video,False,train,377.6948484176896
data/processed/mauritius/video/not_augmented/cull2_random_bg/head/224/20230831_142118/m--20230831_142118--f000886.jpg,20230831_142118,mauritius,original,video,False,train,362.0161212438943
data/processed/mauritius/video/not_augmented/cull2_random_bg/head/224/20230831_142118/m--20230831_142118--f000888.jpg,20230831_142118,mauritius,original,video,False,train,1413.1206551646749
data/processed/mauritius/video/not_augmented/cull2_random_bg/head/224/20230831_142118/m--20230831_142118--f000942.jpg,20230831_142118,mauritius,original,video,False,train,3775.840555237513
data/processed/mauritius/video/not_augmented/cull2_random_bg/head/224/20230831_142118/m--20230831_142118--f000944.jpg,20230831_142118,mauritius,original,video,False,train,3248.1226389990998
data/processed/mauritius/video/not_augmented/cull2_random_bg/head/224/20230831_142118/m--20230831_142118--f000946.jpg,20230831_142118,mauritius,original,video,False,train,5009.210233625597
data/processed/mauritius/video/not_augmented/cull2_random_bg/head/224/20230831_142118/m--20230831_142118--f000948.jpg,20230831_142118,mauritius,original,video,False,train,4041.628012481206
data/processed/mauritius/video/not_augmented/cull2_random_bg/head/224/20230831_142118/m--20230831_142118--f000950.jpg,20230831_142118,mauritius,original,video,False,train,4458.840521053393
data/processed/mauritius/video/not_augmented/cull2_random_bg/head/224/20230831_142118/m--20230831_142118--f000952.jpg,20230831_142118,mauritius,original,video,False,train,3560.474716369235
data/processed/mauritius/video/not_augmented/cull2_random_bg/head/224/20230831_142118/m--20230831_142118--f000954.jpg,20230831_142118,mauritius,original,video,False,train,3851.6209062070257
data/processed/mauritius/video/not_augmented/cull2_random_bg/head/224/20230831_142118/m--20230831_142118--f000956.jpg,20230831_142118,mauritius,original,video,False,train,3350.415863672231
data/processed/mauritius/video/not_augmented/cull2_random_bg/head/224/20230831_142118/m--20230831_142118--f000958.jpg,20230831_142118,mauritius,original,video,False,train,3185.591462425667
data/processed/mauritius/video/not_augmented/cull2_random_bg/head/224/20230831_142118/m--20230831_142118--f000962.jpg,20230831_142118,mauritius,original,video,False,train,3231.7915098531107
data/processed/mauritius/video/not_augmented/cull2_random_bg/head/224/20230831_142118/m--20230831_142118--f001026.jpg,20230831_142118,mauritius,original,video,False,train,505.0884826224032
data/processed/mauritius/video/not_augmented/cull2_random_bg/head/224/20230831_142118/m--20230831_142118--f001030.jpg,20230831_142118,mauritius,original,video,False,train,446.7361147879363
data/processed/mauritius/video/not_augmented/cull2_random_bg/head/224/20230831_142118/m--20230831_142118--f001032.jpg,20230831_142118,mauritius,original,video,False,train,1158.8452480269293
data/processed/mauritius/video/not_augmented/cull2_random_bg/head/224/20230831_142118/m--20230831_142118--f001034.jpg,20230831_142118,mauritius,original,video,False,train,874.4044776417621
data/processed/mauritius/video/not_augmented/cull2_random_bg/head/224/20230831_142118/m--20230831_142118--f001036.jpg,20230831_142118,mauritius,original,video,False,train,1813.2119623487663
data/processed/mauritius/video/not_augmented/cull2_random_bg/head/224/20230831_142118/m--20230831_142118--f001038.jpg,20230831_142118,mauritius,original,video,False,train,2088.8561248298683
data/processed/mauritius/video/not_augmented/cull2_random_bg/head/224/20230831_142118/m--20230831_142118--f001040.jpg,20230831_142118,mauritius,original,video,False,train,2780.3974729039082
data/processed/mauritius/video/not_augmented/cull2_random_bg/head/224/20230831_142118/m--20230831_142118--f001046.jpg,20230831_142118,mauritius,original,video,False,train,474.75921507529154
data/processed/mauritius/video/not_augmented/cull2_random_bg/head/224/20230831_142118/m--20230831_142118--f001048.jpg,20230831_142118,mauritius,original,video,False,train,217.8944623848638
data/processed/mauritius/video/not_augmented/cull2_random_bg/head/224/20230831_142118/m--20230831_142118--f001050.jpg,20230831_142118,mauritius,original,video,False,train,90.69861969636014
data/processed/mauritius/video/not_augmented/cull2_random_bg/head/224/20230831_143044/m--20230831_143044--f000210.jpg,20230831_143044,mauritius,original,video,False,train,524.0382641478908
data/processed/mauritius/video/not_augmented/cull2_random_bg/head/224/20230831_143044/m--20230831_143044--f000212.jpg,20230831_143044,mauritius,original,video,False,train,1251.68063812661
data/processed/mauritius/video/not_augmented/cull2_random_bg/head/224/20230831_143044/m--20230831_143044--f000214.jpg,20230831_143044,mauritius,original,video,False,train,4801.302392764967
data/processed/mauritius/video/not_augmented/cull2_random_bg/head/224/20230831_143044/m--20230831_143044--f000216.jpg,20230831_143044,mauritius,original,video,False,train,4273.5804583455365
data/processed/mauritius/video/not_augmented/cull2_random_bg/head/224/20230831_143044/m--20230831_143044--f000218.jpg,20230831_143044,mauritius,original,video,False,train,4333.303955490815
data/processed/mauritius/video/not_augmented/cull2_random_bg/head/224/20230831_143044/m--20230831_143044--f000220.jpg,20230831_143044,mauritius,original,video,False,train,3836.452905460279
data/processed/mauritius/video/not_augmented/cull2_random_bg/head/224/20230831_143044/m--20230831_143044--f000222.jpg,20230831_143044,mauritius,original,video,False,train,5286.16941369846
data/processed/mauritius/video/not_augmented/cull2_random_bg/head/224/20230831_143044/m--20230831_143044--f000224.jpg,20230831_143044,mauritius,original,video,False,train,4802.84156375704
data/processed/mauritius/video/not_augmented/cull2_random_bg/head/224/20230831_143044/m--20230831_143044--f000226.jpg,20230831_143044,mauritius,original,video,False,train,3746.190683430804
data/processed/mauritius/video/not_augmented/cull2_random_bg/head/224/20230831_143044/m--20230831_143044--f000228.jpg,20230831_143044,mauritius,original,video,False,train,1584.9950695744853
data/processed/mauritius/video/not_augmented/cull2_random_bg/head/224/20230831_143044/m--20230831_143044--f000288.jpg,20230831_143044,mauritius,original,video,False,train,2432.0755077776735
data/processed/mauritius/video/not_augmented/cull2_random_bg/head/224/20230831_143044/m--20230831_143044--f001070.jpg,20230831_143044,mauritius,original,video,False,train,362.0523715052988
data/processed/mauritius/video/not_augmented/cull2_random_bg/head/224/20230831_143044/m--20230831_143044--f001072.jpg,20230831_143044,mauritius,original,video,False,train,447.18320263906696
data/processed/mauritius/video/not_augmented/cull2_random_bg/head/224/20230831_143044/m--20230831_143044--f001074.jpg,20230831_143044,mauritius,original,video,False,train,4479.946627855599
data/processed/mauritius/video/not_augmented/cull2_random_bg/head/224/20230831_143044/m--20230831_143044--f001076.jpg,20230831_143044,mauritius,original,video,False,train,4159.668107388269
data/processed/mauritius/video/not_augmented/cull2_random_bg/head/224/20230831_143044/m--20230831_143044--f001078.jpg,20230831_143044,mauritius,original,video,False,train,3136.2867990829013
data/processed/mauritius/video/not_augmented/cull2_random_bg/head/224/20230831_143044/m--20230831_143044--f001374.jpg,20230831_143044,mauritius,original,video,False,train,2185.6820391965184
data/processed/mauritius/video/not_augmented/cull2_random_bg/head/224/20230831_143044/m--20230831_143044--f001376.jpg,20230831_143044,mauritius,original,video,False,train,2416.7959021600473
data/processed/mauritius/video/not_augmented/cull2_random_bg/head/224/20230831_143044/m--20230831_143044--f001378.jpg,20230831_143044,mauritius,original,video,False,train,4007.245449280252
data/processed/mauritius/video/not_augmented/cull2_random_bg/head/224/20230831_143044/m--20230831_143044--f001380.jpg,20230831_143044,mauritius,original,video,False,train,3750.5262264329567
data/processed/mauritius/video/not_augmented/cull2_random_bg/head/224/20230831_143044/m--20230831_143044--f001382.jpg,20230831_143044,mauritius,original,video,False,train,3493.667539012676
data/processed/mauritius/video/not_augmented/cull2_random_bg/head/224/20230831_143044/m--20230831_143044--f001384.jpg,20230831_143044,mauritius,original,video,False,train,3877.115015500985
data/processed/mauritius/video/not_augmented/cull2_random_bg/head/224/20230831_143044/m--20230831_143044--f001386.jpg,20230831_143044,mauritius,original,video,False,train,3110.3985841517538
data/processed/mauritius/video/not_augmented/cull2_random_bg/head/224/20230831_143044/m--20230831_143044--f001388.jpg,20230831_143044,mauritius,original,video,False,train,3364.0904688737837
data/processed/mauritius/video/not_augmented/cull2_random_bg/head/224/20230831_143044/m--20230831_143044--f001390.jpg,20230831_143044,mauritius,original,video,False,train,3871.6893269365305
data/processed/mauritius/video/not_augmented/cull2_random_bg/head/224/20230831_143044/m--20230831_143044--f001392.jpg,20230831_143044,mauritius,original,video,False,train,3996.3913311936462
data/processed/mauritius/video/not_augmented/cull2_random_bg/head/224/20230831_143044/m--20230831_143044--f001394.jpg,20230831_143044,mauritius,original,video,False,train,2123.7106752657783
data/processed/mauritius/video/not_augmented/cull2_random_bg/head/224/20230831_143044/m--20230831_143044--f001396.jpg,20230831_143044,mauritius,original,video,False,train,3443.161177231639
data/processed/mauritius/video/not_augmented/cull2_random_bg/head/224/20230831_143044/m--20230831_143044--f001398.jpg,20230831_143044,mauritius,original,video,False,train,2835.380313515812
data/processed/mauritius/video/not_augmented/cull2_random_bg/head/224/20230831_143044/m--20230831_143044--f001400.jpg,20230831_143044,mauritius,original,video,False,train,2654.0637938603913
data/processed/mauritius/video/not_augmented/cull2_random_bg/head/224/20230831_143044/m--20230831_143044--f001406.jpg,20230831_143044,mauritius,original,video,False,train,1906.261468603332
data/processed/mauritius/video/not_augmented/cull2_random_bg/head/224/20230831_143044/m--20230831_143044--f001408.jpg,20230831_143044,mauritius,original,video,False,train,860.6006363070741
data/processed/mauritius/video/not_augmented/cull2_random_bg/head/224/20230831_155428/m--20230831_155428--f000152.jpg,20230831_155428,mauritius,original,video,False,train,190.94321461629488
data/processed/mauritius/video/not_augmented/cull2_random_bg/head/224/20230831_155428/m--20230831_155428--f000154.jpg,20230831_155428,mauritius,original,video,False,train,12.558332791977849
data/processed/mauritius/video/not_augmented/cull2_random_bg/head/224/20230831_155428/m--20230831_155428--f000164.jpg,20230831_155428,mauritius,original,video,False,train,1101.6373581939913
data/processed/mauritius/video/not_augmented/cull2_random_bg/head/224/20230831_155428/m--20230831_155428--f000166.jpg,20230831_155428,mauritius,original,video,False,train,1563.3155234609728
data/processed/mauritius/video/not_augmented/cull2_random_bg/head/224/20230831_155428/m--20230831_155428--f000170.jpg,20230831_155428,mauritius,original,video,False,train,1858.8020867912137
data/processed/mauritius/video/not_augmented/cull2_random_bg/head/224/20230831_155428/m--20230831_155428--f000180.jpg,20230831_155428,mauritius,original,video,False,train,2337.6238935820907
data/processed/mauritius/video/not_augmented/cull2_random_bg/head/224/20230831_155428/m--20230831_155428--f000182.jpg,20230831_155428,mauritius,original,video,False,train,1890.7702732137818
data/processed/mauritius/video/not_augmented/cull2_random_bg/head/224/20230831_155428/m--20230831_155428--f000184.jpg,20230831_155428,mauritius,original,video,False,train,2720.2025795586646
data/processed/mauritius/video/not_augmented/cull2_random_bg/head/224/20230831_155428/m--20230831_155428--f000186.jpg,20230831_155428,mauritius,original,video,False,train,1208.356952674783
data/processed/mauritius/video/not_augmented/cull2_random_bg/head/224/20230831_155428/m--20230831_155428--f000190.jpg,20230831_155428,mauritius,original,video,False,train,1924.2045998070848
data/processed/mauritius/video/not_augmented/cull2_random_bg/head/224/20230831_155428/m--20230831_155428--f000192.jpg,20230831_155428,mauritius,original,video,False,train,1530.7331293591456
data/processed/mauritius/video/not_augmented/cull2_random_bg/head/224/20230831_155428/m--20230831_155428--f000194.jpg,20230831_155428,mauritius,original,video,False,train,1710.997454572151
data/processed/mauritius/video/not_augmented/cull2_random_bg/head/224/20230831_155428/m--20230831_155428--f001002.jpg,20230831_155428,mauritius,original,video,False,train,42.95215573602793
data/processed/mauritius/video/not_augmented/cull2_random_bg/head/224/20230831_155428/m--20230831_155428--f001004.jpg,20230831_155428,mauritius,original,video,False,train,281.6565480702919
data/processed/mauritius/video/not_augmented/cull2_random_bg/head/224/20230831_155428/m--20230831_155428--f001008.jpg,20230831_155428,mauritius,original,video,False,train,241.13328990118052
data/processed/mauritius/video/not_augmented/cull2_random_bg/head/224/20230831_155428/m--20230831_155428--f001016.jpg,20230831_155428,mauritius,original,video,False,train,204.6846851756403
data/processed/mauritius/video/not_augmented/cull2_random_bg/head/224/20230831_155428/m--20230831_155428--f001018.jpg,20230831_155428,mauritius,original,video,False,train,52.361468339353635
data/processed/mauritius/video/not_augmented/cull2_random_bg/head/224/20230831_155428/m--20230831_155428--f001020.jpg,20230831_155428,mauritius,original,video,False,train,1338.9048462926921
data/processed/mauritius/video/not_augmented/cull2_random_bg/head/224/20230831_155428/m--20230831_155428--f001022.jpg,20230831_155428,mauritius,original,video,False,train,1271.8727809166421
data/processed/mauritius/video/not_augmented/cull2_random_bg/head/224/20230831_155428/m--20230831_155428--f001098.jpg,20230831_155428,mauritius,original,video,False,train,266.3341022238837
data/processed/mauritius/video/not_augmented/cull2_random_bg/head/224/20230831_155428/m--20230831_155428--f001102.jpg,20230831_155428,mauritius,original,video,False,train,814.4730102903691
data/processed/mauritius/video/not_augmented/cull2_random_bg/head/224/20230831_155428/m--20230831_155428--f001104.jpg,20230831_155428,mauritius,original,video,False,train,900.5395570283927
data/processed/mauritius/video/not_augmented/cull2_random_bg/head/224/20230831_155428/m--20230831_155428--f001106.jpg,20230831_155428,mauritius,original,video,False,train,179.1258248627459
data/processed/mauritius/video/not_augmented/cull2_random_bg/head/224/20230831_155428/m--20230831_155428--f001110.jpg,20230831_155428,mauritius,original,video,False,train,573.6334167311262
data/processed/mauritius/video/not_augmented/cull2_random_bg/head/224/20230831_155428/m--20230831_155428--f001112.jpg,20230831_155428,mauritius,original,video,False,train,114.0531622311911
data/processed/mauritius/video/not_augmented/cull2_random_bg/head/224/20230831_155428/m--20230831_155428--f001118.jpg,20230831_155428,mauritius,original,video,False,train,641.2762027468
data/processed/mauritius/video/not_augmented/cull2_random_bg/head/224/20230831_155428/m--20230831_155428--f001142.jpg,20230831_155428,mauritius,original,video,False,train,993.3904935176646
data/processed/mauritius/video/not_augmented/cull2_random_bg/head/224/20230831_155428/m--20230831_155428--f001146.jpg,20230831_155428,mauritius,original,video,False,train,563.7826603353644
data/processed/mauritius/video/not_augmented/cull2_random_bg/head/224/20230831_155428/m--20230831_155428--f001152.jpg,20230831_155428,mauritius,original,video,False,train,585.3806807177606
data/processed/mauritius/video/not_augmented/cull2_random_bg/head/224/20230831_155428/m--20230831_155428--f001154.jpg,20230831_155428,mauritius,original,video,False,train,818.6669513741318
data/processed/mauritius/video/not_augmented/cull2_random_bg/head/224/20230831_155428/m--20230831_155428--f001156.jpg,20230831_155428,mauritius,original,video,False,train,63.35671665607915
data/processed/mauritius/video/not_augmented/cull2_random_bg/head/224/20230831_155428/m--20230831_155428--f001158.jpg,20230831_155428,mauritius,original,video,False,train,1017.1339466312635
data/processed/mauritius/video/not_augmented/cull2_random_bg/head/224/20230831_155428/m--20230831_155428--f001160.jpg,20230831_155428,mauritius,original,video,False,train,345.8514961006739
data/processed/mauritius/video/not_augmented/cull2_random_bg/head/224/20230831_155428/m--20230831_155428--f001162.jpg,20230831_155428,mauritius,original,video,False,train,154.17260105994183
data/processed/mauritius/video/not_augmented/cull2_random_bg/head/224/20230831_155428/m--20230831_155428--f001166.jpg,20230831_155428,mauritius,original,video,False,train,216.88207143785948
data/processed/mauritius/video/not_augmented/cull2_random_bg/head/224/20230831_160214/m--20230831_160214--f000932.jpg,20230831_160214,mauritius,original,video,False,train,1458.8968552887711
data/processed/mauritius/video/not_augmented/cull2_random_bg/head/224/20230831_160214/m--20230831_160214--f000934.jpg,20230831_160214,mauritius,original,video,False,train,1295.6456065465886
data/processed/mauritius/video/not_augmented/cull2_random_bg/head/224/20230831_160214/m--20230831_160214--f000936.jpg,20230831_160214,mauritius,original,video,False,train,1977.7078190318548
data/processed/mauritius/video/not_augmented/cull2_random_bg/head/224/20230831_160214/m--20230831_160214--f000938.jpg,20230831_160214,mauritius,original,video,False,train,2185.952328460706
data/processed/mauritius/video/not_augmented/cull2_random_bg/head/224/20230831_160214/m--20230831_160214--f000940.jpg,20230831_160214,mauritius,original,video,False,train,1926.4109920766243
data/processed/mauritius/video/not_augmented/cull2_random_bg/head/224/20230831_160214/m--20230831_160214--f000942.jpg,20230831_160214,mauritius,original,video,False,train,2262.8106580763647
data/processed/mauritius/video/not_augmented/cull2_random_bg/head/224/20230831_160214/m--20230831_160214--f000944.jpg,20230831_160214,mauritius,original,video,False,train,2609.745944920802
data/processed/mauritius/video/not_augmented/cull2_random_bg/head/224/20230831_160214/m--20230831_160214--f000946.jpg,20230831_160214,mauritius,original,video,False,train,2601.97598793446
data/processed/mauritius/video/not_augmented/cull2_random_bg/head/224/20230831_160214/m--20230831_160214--f000948.jpg,20230831_160214,mauritius,original,video,False,train,2535.6220929015926
data/processed/mauritius/video/not_augmented/cull2_random_bg/head/224/20230831_160214/m--20230831_160214--f001140.jpg,20230831_160214,mauritius,original,video,False,train,841.6359018916042
data/processed/mauritius/video/not_augmented/cull2_random_bg/head/224/20230831_160214/m--20230831_160214--f001144.jpg,20230831_160214,mauritius,original,video,False,train,1200.5012355218178
data/processed/mauritius/video/not_augmented/cull2_random_bg/head/224/20230831_160214/m--20230831_160214--f001208.jpg,20230831_160214,mauritius,original,video,False,train,178.93987358654107
data/processed/mauritius/video/not_augmented/cull2_random_bg/head/224/20230831_160214/m--20230831_160214--f001210.jpg,20230831_160214,mauritius,original,video,False,train,44.862256244737274
data/processed/mauritius/video/not_augmented/cull2_random_bg/head/224/20230831_160214/m--20230831_160214--f001212.jpg,20230831_160214,mauritius,original,video,False,train,45.37357363647245
data/processed/mauritius/video/not_augmented/cull2_random_bg/head/224/20230831_160214/m--20230831_160214--f001214.jpg,20230831_160214,mauritius,original,video,False,train,163.02556296757288
data/processed/mauritius/video/not_augmented/cull2_random_bg/head/224/20230831_161620/m--20230831_161620--f000152.jpg,20230831_161620,mauritius,original,video,False,train,599.434767418432
data/processed/mauritius/video/not_augmented/cull2_random_bg/head/224/20230831_161620/m--20230831_161620--f000154.jpg,20230831_161620,mauritius,original,video,False,train,674.7568778753379
data/processed/mauritius/video/not_augmented/cull2_random_bg/head/224/20230831_161620/m--20230831_161620--f000156.jpg,20230831_161620,mauritius,original,video,False,train,523.9640422790858
data/processed/mauritius/video/not_augmented/cull2_random_bg/head/224/20230831_161620/m--20230831_161620--f000158.jpg,20230831_161620,mauritius,original,video,False,train,378.6207712118648
data/processed/mauritius/video/not_augmented/cull2_random_bg/head/224/20230831_161620/m--20230831_161620--f000162.jpg,20230831_161620,mauritius,original,video,False,train,589.9187722212074
data/processed/mauritius/video/not_augmented/cull2_random_bg/head/224/20230831_161620/m--20230831_161620--f000166.jpg,20230831_161620,mauritius,original,video,False,train,126.07813476155766
data/processed/mauritius/video/not_augmented/cull2_random_bg/head/224/20230831_161620/m--20230831_161620--f000168.jpg,20230831_161620,mauritius,original,video,False,train,467.76603048595473
data/processed/mauritius/video/not_augmented/cull2_random_bg/head/224/20230831_161620/m--20230831_161620--f000170.jpg,20230831_161620,mauritius,original,video,False,train,694.2507698395906
data/processed/mauritius/video/not_augmented/cull2_random_bg/head/224/20230831_161620/m--20230831_161620--f000172.jpg,20230831_161620,mauritius,original,video,False,train,365.3103910952198
data/processed/mauritius/video/not_augmented/cull2_random_bg/head/224/20230831_161620/m--20230831_161620--f000174.jpg,20230831_161620,mauritius,original,video,False,train,1315.6868978323214
data/processed/mauritius/video/not_augmented/cull2_random_bg/head/224/20230831_161620/m--20230831_161620--f000176.jpg,20230831_161620,mauritius,original,video,False,train,918.4882792445433
data/processed/mauritius/video/not_augmented/cull2_random_bg/head/224/20230831_161620/m--20230831_161620--f000178.jpg,20230831_161620,mauritius,original,video,False,train,621.4357598970852
data/processed/mauritius/video/not_augmented/cull2_random_bg/head/224/20230831_161620/m--20230831_161620--f000180.jpg,20230831_161620,mauritius,original,video,False,train,727.000501142547
data/processed/mauritius/video/not_augmented/cull2_random_bg/head/224/20230831_161620/m--20230831_161620--f000182.jpg,20230831_161620,mauritius,original,video,False,train,2341.389441651039
data/processed/mauritius/video/not_augmented/cull2_random_bg/head/224/20230831_161620/m--20230831_161620--f000184.jpg,20230831_161620,mauritius,original,video,False,train,1089.576503995159
data/processed/mauritius/video/not_augmented/cull2_random_bg/head/224/20230831_161620/m--20230831_161620--f000186.jpg,20230831_161620,mauritius,original,video,False,train,1476.4521470548514
data/processed/mauritius/video/not_augmented/cull2_random_bg/head/224/20230831_161620/m--20230831_161620--f000188.jpg,20230831_161620,mauritius,original,video,False,train,3074.2628028798927
data/processed/mauritius/video/not_augmented/cull2_random_bg/head/224/20230831_161620/m--20230831_161620--f000190.jpg,20230831_161620,mauritius,original,video,False,train,1964.6707373205593
data/processed/mauritius/video/not_augmented/cull2_random_bg/head/224/20230831_161620/m--20230831_161620--f000192.jpg,20230831_161620,mauritius,original,video,False,train,2090.4766942238325
data/processed/mauritius/video/not_augmented/cull2_random_bg/head/224/20230831_161620/m--20230831_161620--f000194.jpg,20230831_161620,mauritius,original,video,False,train,2710.6320240254304
data/processed/mauritius/video/not_augmented/cull2_random_bg/head/224/20230831_161620/m--20230831_161620--f000196.jpg,20230831_161620,mauritius,original,video,False,train,2333.8464474294738
data/processed/mauritius/video/not_augmented/cull2_random_bg/head/224/20230831_161620/m--20230831_161620--f000198.jpg,20230831_161620,mauritius,original,video,False,train,2534.673489269541
data/processed/mauritius/video/not_augmented/cull2_random_bg/head/224/20230831_161620/m--20230831_161620--f000200.jpg,20230831_161620,mauritius,original,video,False,train,2882.454599794374
data/processed/mauritius/video/not_augmented/cull2_random_bg/head/224/20230831_161620/m--20230831_161620--f000202.jpg,20230831_161620,mauritius,original,video,False,train,2066.79685178095
data/processed/mauritius/video/not_augmented/cull2_random_bg/head/224/20230831_161620/m--20230831_161620--f000204.jpg,20230831_161620,mauritius,original,video,False,train,1821.8406768915604
data/processed/mauritius/video/not_augmented/cull2_random_bg/head/224/20230831_161620/m--20230831_161620--f000206.jpg,20230831_161620,mauritius,original,video,False,train,2003.8113805666808
data/processed/mauritius/video/not_augmented/cull2_random_bg/head/224/20230831_161620/m--20230831_161620--f000208.jpg,20230831_161620,mauritius,original,video,False,train,2923.090891137415
data/processed/mauritius/video/not_augmented/cull2_random_bg/head/224/20230831_161620/m--20230831_161620--f000210.jpg,20230831_161620,mauritius,original,video,False,train,2508.6792274353556
data/processed/mauritius/video/not_augmented/cull2_random_bg/head/224/20230831_161620/m--20230831_161620--f000212.jpg,20230831_161620,mauritius,original,video,False,train,2929.6796159517867
data/processed/mauritius/video/not_augmented/cull2_random_bg/head/224/20230831_161620/m--20230831_161620--f000214.jpg,20230831_161620,mauritius,original,video,False,train,2227.415075788693
data/processed/mauritius/video/not_augmented/cull2_random_bg/head/224/20230831_161620/m--20230831_161620--f000216.jpg,20230831_161620,mauritius,original,video,False,train,2812.6037142303576
data/processed/mauritius/video/not_augmented/cull2_random_bg/head/224/20230831_161620/m--20230831_161620--f000218.jpg,20230831_161620,mauritius,original,video,False,train,4055.344422632334
data/processed/mauritius/video/not_augmented/cull2_random_bg/head/224/20230831_161620/m--20230831_161620--f000220.jpg,20230831_161620,mauritius,original,video,False,train,1967.1025615709611
data/processed/mauritius/video/not_augmented/cull2_random_bg/head/224/20230831_161620/m--20230831_161620--f000222.jpg,20230831_161620,mauritius,original,video,False,train,2200.6642610851004
data/processed/mauritius/video/not_augmented/cull2_random_bg/head/224/20230831_161620/m--20230831_161620--f000224.jpg,20230831_161620,mauritius,original,video,False,train,1166.4582158302774
data/processed/mauritius/video/not_augmented/cull2_random_bg/head/224/20230831_161620/m--20230831_161620--f000226.jpg,20230831_161620,mauritius,original,video,False,train,439.72433442445856
data/processed/mauritius/video/not_augmented/cull2_random_bg/head/224/20230831_161620/m--20230831_161620--f000228.jpg,20230831_161620,mauritius,original,video,False,train,672.4281067123317
data/processed/mauritius/video/not_augmented/cull2_random_bg/head/224/20230831_161620/m--20230831_161620--f000230.jpg,20230831_161620,mauritius,original,video,False,train,70.39888686053408
data/processed/mauritius/video/not_augmented/cull2_random_bg/head/224/20230831_161620/m--20230831_161620--f000232.jpg,20230831_161620,mauritius,original,video,False,train,301.8729546422613
data/processed/mauritius/video/not_augmented/cull2_random_bg/head/224/20230831_161620/m--20230831_161620--f000234.jpg,20230831_161620,mauritius,original,video,False,train,849.6939186309089
data/processed/mauritius/video/not_augmented/cull2_random_bg/head/224/20230831_161620/m--20230831_161620--f001140.jpg,20230831_161620,mauritius,original,video,False,train,3192.716507256702
data/processed/mauritius/video/not_augmented/cull2_random_bg/head/224/20230831_161620/m--20230831_161620--f001142.jpg,20230831_161620,mauritius,original,video,False,train,3733.4520593060897
data/processed/mauritius/video/not_augmented/cull2_random_bg/head/224/20230831_161620/m--20230831_161620--f001144.jpg,20230831_161620,mauritius,original,video,False,train,3411.6289439517127
data/processed/mauritius/video/not_augmented/cull2_random_bg/head/224/20230831_161620/m--20230831_161620--f001146.jpg,20230831_161620,mauritius,original,video,False,train,4277.089345328662
data/processed/mauritius/video/not_augmented/cull2_random_bg/head/224/20230831_161620/m--20230831_161620--f001148.jpg,20230831_161620,mauritius,original,video,False,train,3080.4797259564693
data/processed/mauritius/video/not_augmented/cull2_random_bg/head/224/20230831_161620/m--20230831_161620--f001150.jpg,20230831_161620,mauritius,original,video,False,train,2146.4502375962984
data/processed/mauritius/video/not_augmented/cull2_random_bg/head/224/20230831_161620/m--20230831_161620--f001152.jpg,20230831_161620,mauritius,original,video,False,train,5100.317933459919
data/processed/mauritius/video/not_augmented/cull2_random_bg/head/224/20230831_161620/m--20230831_161620--f001154.jpg,20230831_161620,mauritius,original,video,False,train,4814.083829505599
data/processed/mauritius/video/not_augmented/cull2_random_bg/head/224/20230831_161620/m--20230831_161620--f001156.jpg,20230831_161620,mauritius,original,video,False,train,2866.1327178316383
data/processed/mauritius/video/not_augmented/cull2_random_bg/head/224/20230831_161620/m--20230831_161620--f001158.jpg,20230831_161620,mauritius,original,video,False,train,2966.1385929436547
data/processed/mauritius/video/not_augmented/cull2_random_bg/head/224/20230831_161620/m--20230831_161620--f001160.jpg,20230831_161620,mauritius,original,video,False,train,2265.0822861420024
data/processed/mauritius/video/not_augmented/cull2_random_bg/head/224/20230831_161620/m--20230831_161620--f001162.jpg,20230831_161620,mauritius,original,video,False,train,2583.9877546879216
data/processed/mauritius/video/not_augmented/cull2_random_bg/head/224/20230831_161620/m--20230831_161620--f001164.jpg,20230831_161620,mauritius,original,video,False,train,2795.894936474995
data/processed/mauritius/video/not_augmented/cull2_random_bg/head/224/20230831_161620/m--20230831_161620--f001166.jpg,20230831_161620,mauritius,original,video,False,train,2499.8365361056
data/processed/mauritius/video/not_augmented/cull2_random_bg/head/224/20230831_161620/m--20230831_161620--f001168.jpg,20230831_161620,mauritius,original,video,False,train,2181.904749446092
data/processed/mauritius/video/not_augmented/cull2_random_bg/head/224/20230831_161620/m--20230831_161620--f001170.jpg,20230831_161620,mauritius,original,video,False,train,2024.7182381596976
data/processed/mauritius/video/not_augmented/cull2_random_bg/head/224/20230831_161620/m--20230831_161620--f001172.jpg,20230831_161620,mauritius,original,video,False,train,2319.4340105986207
data/processed/mauritius/video/not_augmented/cull2_random_bg/head/224/20230831_161620/m--20230831_161620--f001174.jpg,20230831_161620,mauritius,original,video,False,train,3465.3310995280663
data/processed/mauritius/video/not_augmented/cull2_random_bg/head/224/20230831_161620/m--20230831_161620--f001176.jpg,20230831_161620,mauritius,original,video,False,train,3129.072514436683
data/processed/mauritius/video/not_augmented/cull2_random_bg/head/224/20230831_161620/m--20230831_161620--f001178.jpg,20230831_161620,mauritius,original,video,False,train,3772.6080204249915
data/processed/mauritius/video/not_augmented/cull2_random_bg/head/224/20230831_161620/m--20230831_161620--f001180.jpg,20230831_161620,mauritius,original,video,False,train,3230.489195410582
data/processed/mauritius/video/not_augmented/cull2_random_bg/head/224/20230831_161620/m--20230831_161620--f001182.jpg,20230831_161620,mauritius,original,video,False,train,2675.8196825105324
data/processed/mauritius/video/not_augmented/cull2_random_bg/head/224/20230831_161620/m--20230831_161620--f001184.jpg,20230831_161620,mauritius,original,video,False,train,3087.7605755022296
data/processed/mauritius/video/not_augmented/cull2_random_bg/head/224/20230831_161620/m--20230831_161620--f001186.jpg,20230831_161620,mauritius,original,video,False,train,2308.4835695698084
data/processed/mauritius/video/not_augmented/cull2_random_bg/head/224/20230831_161620/m--20230831_161620--f001188.jpg,20230831_161620,mauritius,original,video,False,train,1493.3321376385068
data/processed/mauritius/video/not_augmented/cull2_random_bg/head/224/20230831_161620/m--20230831_161620--f001190.jpg,20230831_161620,mauritius,original,video,False,train,514.7077751366211
data/processed/mauritius/video/not_augmented/cull2_random_bg/head/224/20230831_161620/m--20230831_161620--f001192.jpg,20230831_161620,mauritius,original,video,False,train,1695.2499534415488
data/processed/mauritius/video/not_augmented/cull2_random_bg/head/224/20230831_161620/m--20230831_161620--f001194.jpg,20230831_161620,mauritius,original,video,False,train,362.90366716198196
data/processed/mauritius/video/not_augmented/cull2_random_bg/head/224/20230831_161620/m--20230831_161620--f001196.jpg,20230831_161620,mauritius,original,video,False,train,941.824477627892
data/processed/mauritius/video/not_augmented/cull2_random_bg/head/224/20230831_161620/m--20230831_161620--f001198.jpg,20230831_161620,mauritius,original,video,False,train,1196.2176339285713
data/processed/mauritius/video/not_augmented/cull2_random_bg/head/224/20230831_161620/m--20230831_161620--f001200.jpg,20230831_161620,mauritius,original,video,False,train,2351.8435893346746
data/processed/mauritius/video/not_augmented/cull2_random_bg/head/224/20230831_161620/m--20230831_161620--f001202.jpg,20230831_161620,mauritius,original,video,False,train,1984.9848754260001
data/processed/mauritius/video/not_augmented/cull2_random_bg/head/224/20230831_161620/m--20230831_161620--f001204.jpg,20230831_161620,mauritius,original,video,False,train,1032.0196390783524
data/processed/mauritius/video/not_augmented/cull2_random_bg/head/224/20230831_161620/m--20230831_161620--f001206.jpg,20230831_161620,mauritius,original,video,False,train,2279.847385528434
data/processed/mauritius/video/not_augmented/cull2_random_bg/head/224/20230831_161620/m--20230831_161620--f001208.jpg,20230831_161620,mauritius,original,video,False,train,2261.6350356467015
data/processed/mauritius/video/not_augmented/cull2_random_bg/head/224/20230831_161620/m--20230831_161620--f001210.jpg,20230831_161620,mauritius,original,video,False,train,871.6457572342803
data/processed/mauritius/video/not_augmented/cull2_random_bg/head/224/20230831_161620/m--20230831_161620--f001212.jpg,20230831_161620,mauritius,original,video,False,train,3060.5418506540495
data/processed/mauritius/video/not_augmented/cull2_random_bg/head/224/20230831_161620/m--20230831_161620--f001214.jpg,20230831_161620,mauritius,original,video,False,train,1129.3865165138484
data/processed/mauritius/video/not_augmented/cull2_random_bg/head/224/20230831_161620/m--20230831_161620--f001216.jpg,20230831_161620,mauritius,original,video,False,train,899.042392816508
data/processed/mauritius/video/not_augmented/cull2_random_bg/head/224/20230831_161620/m--20230831_161620--f001218.jpg,20230831_161620,mauritius,original,video,False,train,1043.5233892542478
data/processed/mauritius/video/not_augmented/cull2_random_bg/head/224/20230831_161620/m--20230831_161620--f001220.jpg,20230831_161620,mauritius,original,video,False,train,1375.4334722246442
data/processed/mauritius/video/not_augmented/cull2_random_bg/head/224/20230831_162051/m--20230831_162051--f000154.jpg,20230831_162051,mauritius,original,video,False,train,919.2265525569223
data/processed/mauritius/video/not_augmented/cull2_random_bg/head/224/20230831_162051/m--20230831_162051--f000156.jpg,20230831_162051,mauritius,original,video,False,train,296.11847334333083
data/processed/mauritius/video/not_augmented/cull2_random_bg/head/224/20230831_162051/m--20230831_162051--f000158.jpg,20230831_162051,mauritius,original,video,False,train,244.15977564457802
data/processed/mauritius/video/not_augmented/cull2_random_bg/head/224/20230831_162051/m--20230831_162051--f000160.jpg,20230831_162051,mauritius,original,video,False,train,107.67691769891856
data/processed/mauritius/video/not_augmented/cull2_random_bg/head/224/20230831_162051/m--20230831_162051--f000164.jpg,20230831_162051,mauritius,original,video,False,train,716.3787949437748
data/processed/mauritius/video/not_augmented/cull2_random_bg/head/224/20230831_162051/m--20230831_162051--f000170.jpg,20230831_162051,mauritius,original,video,False,train,1297.9812995739055
data/processed/mauritius/video/not_augmented/cull2_random_bg/head/224/20230831_162051/m--20230831_162051--f000178.jpg,20230831_162051,mauritius,original,video,False,train,1284.5042615919897
data/processed/mauritius/video/not_augmented/cull2_random_bg/head/224/20230831_162051/m--20230831_162051--f000180.jpg,20230831_162051,mauritius,original,video,False,train,317.77753262438415
data/processed/mauritius/video/not_augmented/cull2_random_bg/head/224/20230831_162051/m--20230831_162051--f000190.jpg,20230831_162051,mauritius,original,video,False,train,1058.631895026382
data/processed/mauritius/video/not_augmented/cull2_random_bg/head/224/20230831_162051/m--20230831_162051--f000192.jpg,20230831_162051,mauritius,original,video,False,train,1386.729113514053
data/processed/mauritius/video/not_augmented/cull2_random_bg/head/224/20230831_162051/m--20230831_162051--f000194.jpg,20230831_162051,mauritius,original,video,False,train,932.7558271526447
data/processed/mauritius/video/not_augmented/cull2_random_bg/head/224/20230831_162051/m--20230831_162051--f000198.jpg,20230831_162051,mauritius,original,video,False,train,2944.455000026183
data/processed/mauritius/video/not_augmented/cull2_random_bg/head/224/20230831_162051/m--20230831_162051--f000200.jpg,20230831_162051,mauritius,original,video,False,train,3264.0574680055893
data/processed/mauritius/video/not_augmented/cull2_random_bg/head/224/20230831_162051/m--20230831_162051--f000202.jpg,20230831_162051,mauritius,original,video,False,train,3062.8572929534057
data/processed/mauritius/video/not_augmented/cull2_random_bg/head/224/20230831_162051/m--20230831_162051--f000216.jpg,20230831_162051,mauritius,original,video,False,train,2354.1449488231115
data/processed/mauritius/video/not_augmented/cull2_random_bg/head/224/20230831_162051/m--20230831_162051--f000220.jpg,20230831_162051,mauritius,original,video,False,train,2867.5843795766837
data/processed/mauritius/video/not_augmented/cull2_random_bg/head/224/20230831_162051/m--20230831_162051--f000228.jpg,20230831_162051,mauritius,original,video,False,train,1222.9212435806162
data/processed/mauritius/video/not_augmented/cull2_random_bg/head/224/20230831_162051/m--20230831_162051--f000230.jpg,20230831_162051,mauritius,original,video,False,train,1438.7635705336984
data/processed/mauritius/video/not_augmented/cull2_random_bg/head/224/20230831_162051/m--20230831_162051--f000232.jpg,20230831_162051,mauritius,original,video,False,train,3188.4703696778
data/processed/mauritius/video/not_augmented/cull2_random_bg/head/224/20230831_162051/m--20230831_162051--f000234.jpg,20230831_162051,mauritius,original,video,False,train,1785.4983297679285
data/processed/mauritius/video/not_augmented/cull2_random_bg/head/224/20230831_162051/m--20230831_162051--f000236.jpg,20230831_162051,mauritius,original,video,False,train,1434.8490412309734
data/processed/mauritius/video/not_augmented/cull2_random_bg/head/224/20230831_162051/m--20230831_162051--f000956.jpg,20230831_162051,mauritius,original,video,False,train,701.124731613963
data/processed/mauritius/video/not_augmented/cull2_random_bg/head/224/20230831_162051/m--20230831_162051--f000964.jpg,20230831_162051,mauritius,original,video,False,train,1113.4526764878826
data/processed/mauritius/video/not_augmented/cull2_random_bg/head/224/20230831_162051/m--20230831_162051--f000966.jpg,20230831_162051,mauritius,original,video,False,train,1839.3362917870295
data/processed/mauritius/video/not_augmented/cull2_random_bg/head/224/20230831_162051/m--20230831_162051--f000968.jpg,20230831_162051,mauritius,original,video,False,train,1504.1813438376605
data/processed/mauritius/video/not_augmented/cull2_random_bg/head/224/20230831_162051/m--20230831_162051--f000970.jpg,20230831_162051,mauritius,original,video,False,train,482.84351729711165
data/processed/mauritius/video/not_augmented/cull2_random_bg/head/224/20230831_162051/m--20230831_162051--f000974.jpg,20230831_162051,mauritius,original,video,False,train,1111.9250527870054
data/processed/mauritius/video/not_augmented/cull2_random_bg/head/224/20230831_162051/m--20230831_162051--f001402.jpg,20230831_162051,mauritius,original,video,False,train,71.66294179564464
data/processed/mauritius/video/not_augmented/cull2_random_bg/head/224/20230831_162051/m--20230831_162051--f001404.jpg,20230831_162051,mauritius,original,video,False,train,258.5889521943982
data/processed/mauritius/video/not_augmented/cull2_random_bg/head/224/20230831_162051/m--20230831_162051--f001406.jpg,20230831_162051,mauritius,original,video,False,train,220.25994418929488
data/processed/mauritius/video/not_augmented/cull2_random_bg/head/224/20230831_162051/m--20230831_162051--f001408.jpg,20230831_162051,mauritius,original,video,False,train,780.2107262470382
data/processed/mauritius/video/not_augmented/cull2_random_bg/head/224/20230831_162051/m--20230831_162051--f001410.jpg,20230831_162051,mauritius,original,video,False,train,625.2572693922082
data/processed/mauritius/video/not_augmented/cull2_random_bg/head/224/20230831_162051/m--20230831_162051--f001412.jpg,20230831_162051,mauritius,original,video,False,train,315.8693855246719
data/processed/mauritius/video/not_augmented/cull2_random_bg/head/224/20230831_162051/m--20230831_162051--f001456.jpg,20230831_162051,mauritius,original,video,False,train,2718.834724950175
data/processed/mauritius/video/not_augmented/cull2_random_bg/head/224/20230831_162051/m--20230831_162051--f001458.jpg,20230831_162051,mauritius,original,video,False,train,1849.1019391648128
data/processed/mauritius/video/not_augmented/cull2_random_bg/head/224/20230831_162051/m--20230831_162051--f001460.jpg,20230831_162051,mauritius,original,video,False,train,3219.7606425128447
data/processed/mauritius/video/not_augmented/cull2_random_bg/head/224/20230831_162051/m--20230831_162051--f001462.jpg,20230831_162051,mauritius,original,video,False,train,2524.052455164898
data/processed/mauritius/video/not_augmented/cull2_random_bg/head/224/20230831_162051/m--20230831_162051--f001464.jpg,20230831_162051,mauritius,original,video,False,train,1324.8276457685274
data/processed/mauritius/video/not_augmented/cull2_random_bg/head/224/20230831_162746/m--20230831_162746--f000178.jpg,20230831_162746,mauritius,original,video,False,val,473.25121260304996
data/processed/mauritius/video/not_augmented/cull2_random_bg/head/224/20230831_162746/m--20230831_162746--f000180.jpg,20230831_162746,mauritius,original,video,False,val,991.8986284207523
data/processed/mauritius/video/not_augmented/cull2_random_bg/head/224/20230831_162746/m--20230831_162746--f000182.jpg,20230831_162746,mauritius,original,video,False,val,1144.1347462857877
data/processed/mauritius/video/not_augmented/cull2_random_bg/head/224/20230831_162746/m--20230831_162746--f000184.jpg,20230831_162746,mauritius,original,video,False,val,1175.7055957636103
data/processed/mauritius/video/not_augmented/cull2_random_bg/head/224/20230831_162746/m--20230831_162746--f000186.jpg,20230831_162746,mauritius,original,video,False,val,1170.3893976457812
data/processed/mauritius/video/not_augmented/cull2_random_bg/head/224/20230831_162746/m--20230831_162746--f000208.jpg,20230831_162746,mauritius,original,video,False,val,57.57627886923488
data/processed/mauritius/video/not_augmented/cull2_random_bg/head/224/20230831_162746/m--20230831_162746--f000210.jpg,20230831_162746,mauritius,original,video,False,val,1685.835922129598
data/processed/mauritius/video/not_augmented/cull2_random_bg/head/224/20230831_163217/m--20230831_163217--f000154.jpg,20230831_163217,mauritius,original,video,False,train,564.8425114960137
data/processed/mauritius/video/not_augmented/cull2_random_bg/head/224/20230831_163217/m--20230831_163217--f000156.jpg,20230831_163217,mauritius,original,video,False,train,443.5387820522272
data/processed/mauritius/video/not_augmented/cull2_random_bg/head/224/20230831_163217/m--20230831_163217--f000158.jpg,20230831_163217,mauritius,original,video,False,train,695.7677430034131
data/processed/mauritius/video/not_augmented/cull2_random_bg/head/224/20230831_163217/m--20230831_163217--f000160.jpg,20230831_163217,mauritius,original,video,False,train,1011.1249866886767
data/processed/mauritius/video/not_augmented/cull2_random_bg/head/224/20230831_163217/m--20230831_163217--f000162.jpg,20230831_163217,mauritius,original,video,False,train,893.5331007299301
data/processed/mauritius/video/not_augmented/cull2_random_bg/head/224/20230831_163217/m--20230831_163217--f000164.jpg,20230831_163217,mauritius,original,video,False,train,279.3358889066989
data/processed/mauritius/video/not_augmented/cull2_random_bg/head/224/20230831_163217/m--20230831_163217--f000166.jpg,20230831_163217,mauritius,original,video,False,train,542.5510309700766
data/processed/mauritius/video/not_augmented/cull2_random_bg/head/224/20230831_163217/m--20230831_163217--f000168.jpg,20230831_163217,mauritius,original,video,False,train,367.231724282296
data/processed/mauritius/video/not_augmented/cull2_random_bg/head/224/20230831_163217/m--20230831_163217--f000170.jpg,20230831_163217,mauritius,original,video,False,train,291.04259380545534
data/processed/mauritius/video/not_augmented/cull2_random_bg/head/224/20230831_163217/m--20230831_163217--f000172.jpg,20230831_163217,mauritius,original,video,False,train,60.4031030272802
data/processed/mauritius/video/not_augmented/cull2_random_bg/head/224/20230831_163217/m--20230831_163217--f000226.jpg,20230831_163217,mauritius,original,video,False,train,1592.1147592108434
data/processed/mauritius/video/not_augmented/cull2_random_bg/head/224/20230831_163217/m--20230831_163217--f000228.jpg,20230831_163217,mauritius,original,video,False,train,1130.1904083277375
data/processed/mauritius/video/not_augmented/cull2_random_bg/head/224/20230831_163217/m--20230831_163217--f000230.jpg,20230831_163217,mauritius,original,video,False,train,1641.9122924661697
data/processed/mauritius/video/not_augmented/cull2_random_bg/head/224/20230831_163217/m--20230831_163217--f000232.jpg,20230831_163217,mauritius,original,video,False,train,1484.0745835274474
data/processed/mauritius/video/not_augmented/cull2_random_bg/head/224/20230831_163217/m--20230831_163217--f000234.jpg,20230831_163217,mauritius,original,video,False,train,1356.0678805995115
data/processed/mauritius/video/not_augmented/cull2_random_bg/head/224/20230831_163217/m--20230831_163217--f000236.jpg,20230831_163217,mauritius,original,video,False,train,2059.3942579736513
data/processed/mauritius/video/not_augmented/cull2_random_bg/head/224/20230831_163217/m--20230831_163217--f000238.jpg,20230831_163217,mauritius,original,video,False,train,2149.262037621196
data/processed/mauritius/video/not_augmented/cull2_random_bg/head/224/20230831_163217/m--20230831_163217--f000240.jpg,20230831_163217,mauritius,original,video,False,train,2152.8924742543363
data/processed/mauritius/video/not_augmented/cull2_random_bg/head/224/20230831_163217/m--20230831_163217--f000242.jpg,20230831_163217,mauritius,original,video,False,train,1565.4098871204071
data/processed/mauritius/video/not_augmented/cull2_random_bg/head/224/20230831_163217/m--20230831_163217--f000244.jpg,20230831_163217,mauritius,original,video,False,train,2000.258031124177
data/processed/mauritius/video/not_augmented/cull2_random_bg/head/224/20230831_163217/m--20230831_163217--f000246.jpg,20230831_163217,mauritius,original,video,False,train,2470.1365106396756
data/processed/mauritius/video/not_augmented/cull2_random_bg/head/224/20230831_163217/m--20230831_163217--f000248.jpg,20230831_163217,mauritius,original,video,False,train,1809.644662584577
data/processed/mauritius/video/not_augmented/cull2_random_bg/head/224/20230831_163217/m--20230831_163217--f000250.jpg,20230831_163217,mauritius,original,video,False,train,2246.4096532485623
data/processed/mauritius/video/not_augmented/cull2_random_bg/head/224/20230831_163217/m--20230831_163217--f000252.jpg,20230831_163217,mauritius,original,video,False,train,1762.6165430302526
data/processed/mauritius/video/not_augmented/cull2_random_bg/head/224/20230831_163217/m--20230831_163217--f000254.jpg,20230831_163217,mauritius,original,video,False,train,2530.1196002062534
data/processed/mauritius/video/not_augmented/cull2_random_bg/head/224/20230831_163217/m--20230831_163217--f000256.jpg,20230831_163217,mauritius,original,video,False,train,1319.3903195430019
data/processed/mauritius/video/not_augmented/cull2_random_bg/head/224/20230831_163217/m--20230831_163217--f000258.jpg,20230831_163217,mauritius,original,video,False,train,531.1878499253896
data/processed/mauritius/video/not_augmented/cull2_random_bg/head/224/20230831_163217/m--20230831_163217--f000260.jpg,20230831_163217,mauritius,original,video,False,train,194.70630581207152
data/processed/mauritius/video/not_augmented/cull2_random_bg/head/224/20230831_163217/m--20230831_163217--f000262.jpg,20230831_163217,mauritius,original,video,False,train,495.19515984498275
data/processed/mauritius/video/not_augmented/cull2_random_bg/head/224/20230831_163217/m--20230831_163217--f000264.jpg,20230831_163217,mauritius,original,video,False,train,471.17159277754286
data/processed/mauritius/video/not_augmented/cull2_random_bg/head/224/20230831_163217/m--20230831_163217--f000266.jpg,20230831_163217,mauritius,original,video,False,train,292.22802982862567
data/processed/mauritius/video/not_augmented/cull2_random_bg/head/224/20230831_163217/m--20230831_163217--f000268.jpg,20230831_163217,mauritius,original,video,False,train,17.986280721309335
data/processed/mauritius/video/not_augmented/cull2_random_bg/head/224/20230831_163217/m--20230831_163217--f000270.jpg,20230831_163217,mauritius,original,video,False,train,533.8558302771693
data/processed/mauritius/video/not_augmented/cull2_random_bg/head/224/20230831_163217/m--20230831_163217--f001092.jpg,20230831_163217,mauritius,original,video,False,train,20.467303840481506
data/processed/mauritius/video/not_augmented/cull2_random_bg/head/224/20230831_163217/m--20230831_163217--f001136.jpg,20230831_163217,mauritius,original,video,False,train,1744.899746971893
data/processed/mauritius/video/not_augmented/cull2_random_bg/head/224/20230831_163217/m--20230831_163217--f001140.jpg,20230831_163217,mauritius,original,video,False,train,1391.6951129330243
data/processed/mauritius/video/not_augmented/cull2_random_bg/head/224/20230831_163217/m--20230831_163217--f001142.jpg,20230831_163217,mauritius,original,video,False,train,2947.3953187708944
data/processed/mauritius/video/not_augmented/cull2_random_bg/head/224/20230831_163217/m--20230831_163217--f001144.jpg,20230831_163217,mauritius,original,video,False,train,1661.926017012908
data/processed/mauritius/video/not_augmented/cull2_random_bg/head/224/20230831_163217/m--20230831_163217--f001146.jpg,20230831_163217,mauritius,original,video,False,train,2213.1202009980357
data/processed/mauritius/video/not_augmented/cull2_random_bg/head/224/20230831_163217/m--20230831_163217--f001148.jpg,20230831_163217,mauritius,original,video,False,train,2737.3659917075947
data/processed/mauritius/video/not_augmented/cull2_random_bg/head/224/20230831_163217/m--20230831_163217--f001150.jpg,20230831_163217,mauritius,original,video,False,train,1607.0506754612634
data/processed/mauritius/video/not_augmented/cull2_random_bg/head/224/20230831_163217/m--20230831_163217--f001152.jpg,20230831_163217,mauritius,original,video,False,train,1449.7366595969306
data/processed/mauritius/video/not_augmented/cull2_random_bg/head/224/20230831_163217/m--20230831_163217--f001154.jpg,20230831_163217,mauritius,original,video,False,train,989.6705775576697
data/processed/mauritius/video/not_augmented/cull2_random_bg/head/224/20230831_163217/m--20230831_163217--f001156.jpg,20230831_163217,mauritius,original,video,False,train,1335.0959479674752
data/processed/mauritius/video/not_augmented/cull2_random_bg/head/224/20230831_163217/m--20230831_163217--f001158.jpg,20230831_163217,mauritius,original,video,False,train,2360.8583709636564
data/processed/mauritius/video/not_augmented/cull2_random_bg/head/224/20230831_163217/m--20230831_163217--f001160.jpg,20230831_163217,mauritius,original,video,False,train,2178.77181814274
data/processed/mauritius/video/not_augmented/cull2_random_bg/head/224/20230831_163217/m--20230831_163217--f001162.jpg,20230831_163217,mauritius,original,video,False,train,2113.0727886817995
data/processed/mauritius/video/not_augmented/cull2_random_bg/head/224/20230831_163217/m--20230831_163217--f001164.jpg,20230831_163217,mauritius,original,video,False,train,2205.5199660460485
data/processed/mauritius/video/not_augmented/cull2_random_bg/head/224/20230831_163217/m--20230831_163217--f001166.jpg,20230831_163217,mauritius,original,video,False,train,236.06026812247163
data/processed/mauritius/video/not_augmented/cull2_random_bg/head/224/20230831_163217/m--20230831_163217--f001168.jpg,20230831_163217,mauritius,original,video,False,train,176.11743124501496
data/processed/mauritius/video/not_augmented/cull2_random_bg/head/224/20230831_163217/m--20230831_163217--f001170.jpg,20230831_163217,mauritius,original,video,False,train,202.36028923088685
data/processed/mauritius/video/not_augmented/cull2_random_bg/head/224/20230831_163217/m--20230831_163217--f001172.jpg,20230831_163217,mauritius,original,video,False,train,84.88193129063247
data/processed/mauritius/video/not_augmented/cull2_random_bg/head/224/20230831_163217/m--20230831_163217--f001174.jpg,20230831_163217,mauritius,original,video,False,train,356.83794969640536
data/processed/mauritius/video/not_augmented/cull2_random_bg/head/224/20230831_163217/m--20230831_163217--f001176.jpg,20230831_163217,mauritius,original,video,False,train,1445.5450212128308
data/processed/mauritius/video/not_augmented/cull2_random_bg/head/224/20230831_163217/m--20230831_163217--f001178.jpg,20230831_163217,mauritius,original,video,False,train,646.3427408254927
data/processed/mauritius/video/not_augmented/cull2_random_bg/head/224/20230831_163217/m--20230831_163217--f001180.jpg,20230831_163217,mauritius,original,video,False,train,1536.562412934023
data/processed/mauritius/video/not_augmented/cull2_random_bg/head/224/20230831_163217/m--20230831_163217--f001182.jpg,20230831_163217,mauritius,original,video,False,train,1445.5841811043877
data/processed/mauritius/video/not_augmented/cull2_random_bg/head/224/20230831_163217/m--20230831_163217--f001184.jpg,20230831_163217,mauritius,original,video,False,train,247.0034110984024
data/processed/mauritius/video/not_augmented/cull2_random_bg/head/224/20230831_163217/m--20230831_163217--f001186.jpg,20230831_163217,mauritius,original,video,False,train,69.89930686926851
data/processed/mauritius/video/not_augmented/cull2_random_bg/head/224/20230831_163217/m--20230831_163217--f001188.jpg,20230831_163217,mauritius,original,video,False,train,398.3665692930369
data/processed/mauritius/video/not_augmented/cull2_random_bg/head/224/20230831_163217/m--20230831_163217--f001190.jpg,20230831_163217,mauritius,original,video,False,train,323.5924581681029
data/processed/mauritius/video/not_augmented/cull2_random_bg/head/224/20230831_163217/m--20230831_163217--f001192.jpg,20230831_163217,mauritius,original,video,False,train,898.035011057951
data/processed/mauritius/video/not_augmented/cull2_random_bg/head/224/20230831_163217/m--20230831_163217--f001194.jpg,20230831_163217,mauritius,original,video,False,train,15269.121036038603
data/processed/mauritius/video/not_augmented/cull2_random_bg/head/224/20230831_163217/m--20230831_163217--f001196.jpg,20230831_163217,mauritius,original,video,False,train,107.99305597954319
data/processed/mauritius/video/not_augmented/cull2_random_bg/head/224/20230831_163856/m--20230831_163856--f000188.jpg,20230831_163856,mauritius,original,video,False,train,1143.531910156717
data/processed/mauritius/video/not_augmented/cull2_random_bg/head/224/20230831_163856/m--20230831_163856--f000192.jpg,20230831_163856,mauritius,original,video,False,train,1701.1584749996339
data/processed/mauritius/video/not_augmented/cull2_random_bg/head/224/20230831_163856/m--20230831_163856--f000194.jpg,20230831_163856,mauritius,original,video,False,train,988.2143404641682
data/processed/mauritius/video/not_augmented/cull2_random_bg/head/224/20230831_163856/m--20230831_163856--f000196.jpg,20230831_163856,mauritius,original,video,False,train,1107.6428223287796
data/processed/mauritius/video/not_augmented/cull2_random_bg/head/224/20230831_163856/m--20230831_163856--f000198.jpg,20230831_163856,mauritius,original,video,False,train,340.7661024011805
data/processed/mauritius/video/not_augmented/cull2_random_bg/head/224/20230831_163856/m--20230831_163856--f000200.jpg,20230831_163856,mauritius,original,video,False,train,291.17449133855905
data/processed/mauritius/video/not_augmented/cull2_random_bg/head/224/20230831_163856/m--20230831_163856--f000202.jpg,20230831_163856,mauritius,original,video,False,train,1729.948579389818
data/processed/mauritius/video/not_augmented/cull2_random_bg/head/224/20230831_163856/m--20230831_163856--f000204.jpg,20230831_163856,mauritius,original,video,False,train,430.0780393051536
data/processed/mauritius/video/not_augmented/cull2_random_bg/head/224/20230831_163856/m--20230831_163856--f000206.jpg,20230831_163856,mauritius,original,video,False,train,1548.836475871196
data/processed/mauritius/video/not_augmented/cull2_random_bg/head/224/20230831_163856/m--20230831_163856--f000208.jpg,20230831_163856,mauritius,original,video,False,train,1853.2368755503428
data/processed/mauritius/video/not_augmented/cull2_random_bg/head/224/20230831_163856/m--20230831_163856--f000210.jpg,20230831_163856,mauritius,original,video,False,train,2298.2242175336182
data/processed/mauritius/video/not_augmented/cull2_random_bg/head/224/20230831_163856/m--20230831_163856--f000212.jpg,20230831_163856,mauritius,original,video,False,train,2411.928546459066
data/processed/mauritius/video/not_augmented/cull2_random_bg/head/224/20230831_163856/m--20230831_163856--f000214.jpg,20230831_163856,mauritius,original,video,False,train,1398.9411153507351
data/processed/mauritius/video/not_augmented/cull2_random_bg/head/224/20230831_163856/m--20230831_163856--f000216.jpg,20230831_163856,mauritius,original,video,False,train,2513.29627045032
data/processed/mauritius/video/not_augmented/cull2_random_bg/head/224/20230831_163856/m--20230831_163856--f000218.jpg,20230831_163856,mauritius,original,video,False,train,1440.8186514523566
data/processed/mauritius/video/not_augmented/cull2_random_bg/head/224/20230831_163856/m--20230831_163856--f000220.jpg,20230831_163856,mauritius,original,video,False,train,1463.8919687962243
data/processed/mauritius/video/not_augmented/cull2_random_bg/head/224/20230831_163856/m--20230831_163856--f000222.jpg,20230831_163856,mauritius,original,video,False,train,1347.85956091287
data/processed/mauritius/video/not_augmented/cull2_random_bg/head/224/20230831_163856/m--20230831_163856--f000224.jpg,20230831_163856,mauritius,original,video,False,train,752.4817878754126
data/processed/mauritius/video/not_augmented/cull2_random_bg/head/224/20230831_163856/m--20230831_163856--f000226.jpg,20230831_163856,mauritius,original,video,False,train,772.4972903288589
data/processed/mauritius/video/not_augmented/cull2_random_bg/head/224/20230831_163856/m--20230831_163856--f000228.jpg,20230831_163856,mauritius,original,video,False,train,80.91031477362948
data/processed/mauritius/video/not_augmented/cull2_random_bg/head/224/20230831_163856/m--20230831_163856--f000230.jpg,20230831_163856,mauritius,original,video,False,train,193.89895414918826
data/processed/mauritius/video/not_augmented/cull2_random_bg/head/224/20230831_163856/m--20230831_163856--f000232.jpg,20230831_163856,mauritius,original,video,False,train,1041.8916010028468
data/processed/mauritius/video/not_augmented/cull2_random_bg/head/224/20230831_163856/m--20230831_163856--f000234.jpg,20230831_163856,mauritius,original,video,False,train,141.8091047827972
data/processed/mauritius/video/not_augmented/cull2_random_bg/head/224/20230831_163856/m--20230831_163856--f000236.jpg,20230831_163856,mauritius,original,video,False,train,151.58029879554516
data/processed/mauritius/video/not_augmented/cull2_random_bg/head/224/20230831_163856/m--20230831_163856--f000238.jpg,20230831_163856,mauritius,original,video,False,train,313.6859031956874
data/processed/mauritius/video/not_augmented/cull2_random_bg/head/224/20230831_163856/m--20230831_163856--f000240.jpg,20230831_163856,mauritius,original,video,False,train,757.4907720483178
data/processed/mauritius/video/not_augmented/cull2_random_bg/head/224/20230831_163856/m--20230831_163856--f000264.jpg,20230831_163856,mauritius,original,video,False,train,1323.6328111638231
data/processed/mauritius/video/not_augmented/cull2_random_bg/head/224/20230831_163856/m--20230831_163856--f000266.jpg,20230831_163856,mauritius,original,video,False,train,1294.627506864612
data/processed/mauritius/video/not_augmented/cull2_random_bg/head/224/20230831_163856/m--20230831_163856--f000268.jpg,20230831_163856,mauritius,original,video,False,train,1509.254622388313
data/processed/mauritius/video/not_augmented/cull2_random_bg/head/224/20230831_163856/m--20230831_163856--f000270.jpg,20230831_163856,mauritius,original,video,False,train,2155.8813770167885
data/processed/mauritius/video/not_augmented/cull2_random_bg/head/224/20230831_163856/m--20230831_163856--f000272.jpg,20230831_163856,mauritius,original,video,False,train,2058.0782010488733
data/processed/mauritius/video/not_augmented/cull2_random_bg/head/224/20230831_163856/m--20230831_163856--f000274.jpg,20230831_163856,mauritius,original,video,False,train,1661.516123191757
data/processed/mauritius/video/not_augmented/cull2_random_bg/head/224/20230831_163856/m--20230831_163856--f000276.jpg,20230831_163856,mauritius,original,video,False,train,1125.132348012547
data/processed/mauritius/video/not_augmented/cull2_random_bg/head/224/20230831_163856/m--20230831_163856--f000278.jpg,20230831_163856,mauritius,original,video,False,train,898.7993038992543
data/processed/mauritius/video/not_augmented/cull2_random_bg/head/224/20230831_163856/m--20230831_163856--f000280.jpg,20230831_163856,mauritius,original,video,False,train,1135.0491616385323
data/processed/mauritius/video/not_augmented/cull2_random_bg/head/224/20230831_163856/m--20230831_163856--f000282.jpg,20230831_163856,mauritius,original,video,False,train,2955.372874445838
data/processed/mauritius/video/not_augmented/cull2_random_bg/head/224/20230831_163856/m--20230831_163856--f000284.jpg,20230831_163856,mauritius,original,video,False,train,840.8026434053535
data/processed/mauritius/video/not_augmented/cull2_random_bg/head/224/20230831_163856/m--20230831_163856--f001018.jpg,20230831_163856,mauritius,original,video,False,train,796.1017615299629
data/processed/mauritius/video/not_augmented/cull2_random_bg/head/224/20230831_163856/m--20230831_163856--f001020.jpg,20230831_163856,mauritius,original,video,False,train,1038.2272400893753
data/processed/mauritius/video/not_augmented/cull2_random_bg/head/224/20230831_163856/m--20230831_163856--f001036.jpg,20230831_163856,mauritius,original,video,False,train,1382.2376556714241
data/processed/mauritius/video/not_augmented/cull2_random_bg/head/224/20230831_163856/m--20230831_163856--f001038.jpg,20230831_163856,mauritius,original,video,False,train,1047.288374761401
data/processed/mauritius/video/not_augmented/cull2_random_bg/head/224/20230831_163856/m--20230831_163856--f001040.jpg,20230831_163856,mauritius,original,video,False,train,132.47639634657878
data/processed/mauritius/video/not_augmented/cull2_random_bg/head/224/20230831_163856/m--20230831_163856--f001042.jpg,20230831_163856,mauritius,original,video,False,train,453.70524112545723
data/processed/mauritius/video/not_augmented/cull2_random_bg/head/224/20230831_163856/m--20230831_163856--f001044.jpg,20230831_163856,mauritius,original,video,False,train,219.605636501352
data/processed/mauritius/video/not_augmented/cull2_random_bg/head/224/20230831_163856/m--20230831_163856--f001092.jpg,20230831_163856,mauritius,original,video,False,train,733.4964732051342
data/processed/mauritius/video/not_augmented/cull2_random_bg/head/224/20230831_163856/m--20230831_163856--f001094.jpg,20230831_163856,mauritius,original,video,False,train,1570.423907818967
data/processed/mauritius/video/not_augmented/cull2_random_bg/head/224/20230831_163856/m--20230831_163856--f001096.jpg,20230831_163856,mauritius,original,video,False,train,615.8413041574366
data/processed/mauritius/video/not_augmented/cull2_random_bg/head/224/20230831_163856/m--20230831_163856--f001098.jpg,20230831_163856,mauritius,original,video,False,train,1993.2105147911082
data/processed/mauritius/video/not_augmented/cull2_random_bg/head/224/20230831_164728/m--20230831_164728--f000162.jpg,20230831_164728,mauritius,original,video,False,train,536.3838992295589
data/processed/mauritius/video/not_augmented/cull2_random_bg/head/224/20230831_164728/m--20230831_164728--f000164.jpg,20230831_164728,mauritius,original,video,False,train,273.1224179722676
data/processed/mauritius/video/not_augmented/cull2_random_bg/head/224/20230831_164728/m--20230831_164728--f000166.jpg,20230831_164728,mauritius,original,video,False,train,46.84164876751181
data/processed/mauritius/video/not_augmented/cull2_random_bg/head/224/20230831_164728/m--20230831_164728--f000168.jpg,20230831_164728,mauritius,original,video,False,train,147.52146349147876
data/processed/mauritius/video/not_augmented/cull2_random_bg/head/224/20230831_164728/m--20230831_164728--f000170.jpg,20230831_164728,mauritius,original,video,False,train,50.93542613768668
data/processed/mauritius/video/not_augmented/cull2_random_bg/head/224/20230831_164728/m--20230831_164728--f000172.jpg,20230831_164728,mauritius,original,video,False,train,13.603073256356376
data/processed/mauritius/video/not_augmented/cull2_random_bg/head/224/20230831_164728/m--20230831_164728--f000174.jpg,20230831_164728,mauritius,original,video,False,train,56.208172544743896
data/processed/mauritius/video/not_augmented/cull2_random_bg/head/224/20230831_164728/m--20230831_164728--f000176.jpg,20230831_164728,mauritius,original,video,False,train,661.0799768933254
data/processed/mauritius/video/not_augmented/cull2_random_bg/head/224/20230831_164728/m--20230831_164728--f000178.jpg,20230831_164728,mauritius,original,video,False,train,64.29816276577303
data/processed/mauritius/video/not_augmented/cull2_random_bg/head/224/20230831_164728/m--20230831_164728--f000180.jpg,20230831_164728,mauritius,original,video,False,train,926.9869624351968
data/processed/mauritius/video/not_augmented/cull2_random_bg/head/224/20230831_164728/m--20230831_164728--f000182.jpg,20230831_164728,mauritius,original,video,False,train,526.1656369479782
data/processed/mauritius/video/not_augmented/cull2_random_bg/head/224/20230831_164728/m--20230831_164728--f000184.jpg,20230831_164728,mauritius,original,video,False,train,64.89932552490171
data/processed/mauritius/video/not_augmented/cull2_random_bg/head/224/20230831_164728/m--20230831_164728--f000186.jpg,20230831_164728,mauritius,original,video,False,train,1076.9849176653124
data/processed/mauritius/video/not_augmented/cull2_random_bg/head/224/20230831_164728/m--20230831_164728--f000188.jpg,20230831_164728,mauritius,original,video,False,train,681.1765934786464
data/processed/mauritius/video/not_augmented/cull2_random_bg/head/224/20230831_164728/m--20230831_164728--f000190.jpg,20230831_164728,mauritius,original,video,False,train,38.183708167086046
data/processed/mauritius/video/not_augmented/cull2_random_bg/head/224/20230831_164728/m--20230831_164728--f000192.jpg,20230831_164728,mauritius,original,video,False,train,17.954697265370793
data/processed/mauritius/video/not_augmented/cull2_random_bg/head/224/20230831_164728/m--20230831_164728--f000194.jpg,20230831_164728,mauritius,original,video,False,train,1148.522901834522
data/processed/mauritius/video/not_augmented/cull2_random_bg/head/224/20230831_164728/m--20230831_164728--f000196.jpg,20230831_164728,mauritius,original,video,False,train,1962.8994841585554
data/processed/mauritius/video/not_augmented/cull2_random_bg/head/224/20230831_164728/m--20230831_164728--f000198.jpg,20230831_164728,mauritius,original,video,False,train,1299.1321243383845
data/processed/mauritius/video/not_augmented/cull2_random_bg/head/224/20230831_164728/m--20230831_164728--f000200.jpg,20230831_164728,mauritius,original,video,False,train,2008.421777090496
data/processed/mauritius/video/not_augmented/cull2_random_bg/head/224/20230831_164728/m--20230831_164728--f000202.jpg,20230831_164728,mauritius,original,video,False,train,2160.354511217691
data/processed/mauritius/video/not_augmented/cull2_random_bg/head/224/20230831_164728/m--20230831_164728--f000204.jpg,20230831_164728,mauritius,original,video,False,train,1653.0941594511903
data/processed/mauritius/video/not_augmented/cull2_random_bg/head/224/20230831_164728/m--20230831_164728--f000206.jpg,20230831_164728,mauritius,original,video,False,train,1573.2419538692552
data/processed/mauritius/video/not_augmented/cull2_random_bg/head/224/20230831_164728/m--20230831_164728--f000208.jpg,20230831_164728,mauritius,original,video,False,train,1452.159807899901
data/processed/mauritius/video/not_augmented/cull2_random_bg/head/224/20230831_164728/m--20230831_164728--f000210.jpg,20230831_164728,mauritius,original,video,False,train,2030.5809549365824
data/processed/mauritius/video/not_augmented/cull2_random_bg/head/224/20230831_164728/m--20230831_164728--f000212.jpg,20230831_164728,mauritius,original,video,False,train,1397.780302461611
data/processed/mauritius/video/not_augmented/cull2_random_bg/head/224/20230831_164728/m--20230831_164728--f000214.jpg,20230831_164728,mauritius,original,video,False,train,1604.0670003763887
data/processed/mauritius/video/not_augmented/cull2_random_bg/head/224/20230831_164728/m--20230831_164728--f000216.jpg,20230831_164728,mauritius,original,video,False,train,1401.5604780289295
data/processed/mauritius/video/not_augmented/cull2_random_bg/head/224/20230831_164728/m--20230831_164728--f000218.jpg,20230831_164728,mauritius,original,video,False,train,1311.0355053142625
data/processed/mauritius/video/not_augmented/cull2_random_bg/head/224/20230831_164728/m--20230831_164728--f000220.jpg,20230831_164728,mauritius,original,video,False,train,1517.0811343874252
data/processed/mauritius/video/not_augmented/cull2_random_bg/head/224/20230831_164728/m--20230831_164728--f000222.jpg,20230831_164728,mauritius,original,video,False,train,1522.0080936051365
data/processed/mauritius/video/not_augmented/cull2_random_bg/head/224/20230831_164728/m--20230831_164728--f000224.jpg,20230831_164728,mauritius,original,video,False,train,2138.542339479064
data/processed/mauritius/video/not_augmented/cull2_random_bg/head/224/20230831_164728/m--20230831_164728--f000226.jpg,20230831_164728,mauritius,original,video,False,train,744.0531223714972
data/processed/mauritius/video/not_augmented/cull2_random_bg/head/224/20230831_164728/m--20230831_164728--f000228.jpg,20230831_164728,mauritius,original,video,False,train,700.3992188059254
data/processed/mauritius/video/not_augmented/cull2_random_bg/head/224/20230831_164728/m--20230831_164728--f000230.jpg,20230831_164728,mauritius,original,video,False,train,739.7054758508817
data/processed/mauritius/video/not_augmented/cull2_random_bg/head/224/20230831_164728/m--20230831_164728--f000232.jpg,20230831_164728,mauritius,original,video,False,train,1605.7191561453046
data/processed/mauritius/video/not_augmented/cull2_random_bg/head/224/20230831_164728/m--20230831_164728--f000234.jpg,20230831_164728,mauritius,original,video,False,train,2440.3135719394645
data/processed/mauritius/video/not_augmented/cull2_random_bg/head/224/20230831_164728/m--20230831_164728--f000236.jpg,20230831_164728,mauritius,original,video,False,train,2239.096757045541
data/processed/mauritius/video/not_augmented/cull2_random_bg/head/224/20230831_164728/m--20230831_164728--f000238.jpg,20230831_164728,mauritius,original,video,False,train,828.6903490907
data/processed/mauritius/video/not_augmented/cull2_random_bg/head/224/20230831_164728/m--20230831_164728--f000240.jpg,20230831_164728,mauritius,original,video,False,train,864.3043154514316
data/processed/mauritius/video/not_augmented/cull2_random_bg/head/224/20230831_164728/m--20230831_164728--f000242.jpg,20230831_164728,mauritius,original,video,False,train,1554.4956397215856
data/processed/mauritius/video/not_augmented/cull2_random_bg/head/224/20230831_164728/m--20230831_164728--f000244.jpg,20230831_164728,mauritius,original,video,False,train,1476.5168006858048
data/processed/mauritius/video/not_augmented/cull2_random_bg/head/224/20230831_164728/m--20230831_164728--f000246.jpg,20230831_164728,mauritius,original,video,False,train,1537.4901139824551
data/processed/mauritius/video/not_augmented/cull2_random_bg/head/224/20230831_164728/m--20230831_164728--f000248.jpg,20230831_164728,mauritius,original,video,False,train,780.14409811742
data/processed/mauritius/video/not_augmented/cull2_random_bg/head/224/20230831_164728/m--20230831_164728--f000250.jpg,20230831_164728,mauritius,original,video,False,train,2079.0849583537215
data/processed/mauritius/video/not_augmented/cull2_random_bg/head/224/20230831_164728/m--20230831_164728--f000252.jpg,20230831_164728,mauritius,original,video,False,train,340.7098807315437
data/processed/mauritius/video/not_augmented/cull2_random_bg/head/224/20230831_164728/m--20230831_164728--f000254.jpg,20230831_164728,mauritius,original,video,False,train,118.76960981115607
data/processed/mauritius/video/not_augmented/cull2_random_bg/head/224/20230831_164728/m--20230831_164728--f000256.jpg,20230831_164728,mauritius,original,video,False,train,635.259812240251
data/processed/mauritius/video/not_augmented/cull2_random_bg/head/224/20230831_164728/m--20230831_164728--f000258.jpg,20230831_164728,mauritius,original,video,False,train,524.0840857639654
data/processed/mauritius/video/not_augmented/cull2_random_bg/head/224/20230831_164728/m--20230831_164728--f000260.jpg,20230831_164728,mauritius,original,video,False,train,165.18504775141437
data/processed/mauritius/video/not_augmented/cull2_random_bg/head/224/20230831_164728/m--20230831_164728--f000262.jpg,20230831_164728,mauritius,original,video,False,train,633.7201244472614
data/processed/mauritius/video/not_augmented/cull2_random_bg/head/224/20230831_164728/m--20230831_164728--f000264.jpg,20230831_164728,mauritius,original,video,False,train,61.0431868625849
data/processed/mauritius/video/not_augmented/cull2_random_bg/head/224/20230831_164728/m--20230831_164728--f001052.jpg,20230831_164728,mauritius,original,video,False,train,1407.659804675044
data/processed/mauritius/video/not_augmented/cull2_random_bg/head/224/20230831_164728/m--20230831_164728--f001054.jpg,20230831_164728,mauritius,original,video,False,train,1526.4918541767258
data/processed/mauritius/video/not_augmented/cull2_random_bg/head/224/20230831_164728/m--20230831_164728--f001056.jpg,20230831_164728,mauritius,original,video,False,train,303.46090252386534
data/processed/mauritius/video/not_augmented/cull2_random_bg/head/224/20230831_164728/m--20230831_164728--f001058.jpg,20230831_164728,mauritius,original,video,False,train,739.0574975603574
data/processed/mauritius/video/not_augmented/cull2_random_bg/head/224/20230831_164728/m--20230831_164728--f001060.jpg,20230831_164728,mauritius,original,video,False,train,1923.8317750722656
data/processed/mauritius/video/not_augmented/cull2_random_bg/head/224/20230831_164728/m--20230831_164728--f001062.jpg,20230831_164728,mauritius,original,video,False,train,973.5357986566971
data/processed/mauritius/video/not_augmented/cull2_random_bg/head/224/20230831_164728/m--20230831_164728--f001064.jpg,20230831_164728,mauritius,original,video,False,train,952.8186410604443
data/processed/mauritius/video/not_augmented/cull2_random_bg/head/224/20230831_164728/m--20230831_164728--f001066.jpg,20230831_164728,mauritius,original,video,False,train,1356.7977797473684
data/processed/mauritius/video/not_augmented/cull2_random_bg/head/224/20230831_164728/m--20230831_164728--f001068.jpg,20230831_164728,mauritius,original,video,False,train,893.361620487148
data/processed/mauritius/video/not_augmented/cull2_random_bg/head/224/20230831_164728/m--20230831_164728--f001070.jpg,20230831_164728,mauritius,original,video,False,train,1186.3184494815337
data/processed/mauritius/video/not_augmented/cull2_random_bg/head/224/20230831_164728/m--20230831_164728--f001072.jpg,20230831_164728,mauritius,original,video,False,train,2269.8194287481633
data/processed/mauritius/video/not_augmented/cull2_random_bg/head/224/20230831_164728/m--20230831_164728--f001074.jpg,20230831_164728,mauritius,original,video,False,train,2447.8916913830503
data/processed/mauritius/video/not_augmented/cull2_random_bg/head/224/20230831_164728/m--20230831_164728--f001076.jpg,20230831_164728,mauritius,original,video,False,train,2079.4581412204548
data/processed/mauritius/video/not_augmented/cull2_random_bg/head/224/20230831_164728/m--20230831_164728--f001078.jpg,20230831_164728,mauritius,original,video,False,train,1631.034458037666
data/processed/mauritius/video/not_augmented/cull2_random_bg/head/224/20230831_164728/m--20230831_164728--f001080.jpg,20230831_164728,mauritius,original,video,False,train,1368.4699633656717
data/processed/mauritius/video/not_augmented/cull2_random_bg/head/224/20230831_164728/m--20230831_164728--f001082.jpg,20230831_164728,mauritius,original,video,False,train,2154.9485292319505
data/processed/mauritius/video/not_augmented/cull2_random_bg/head/224/20230831_165242/m--20230831_165242--f000148.jpg,20230831_165242,mauritius,original,video,False,train,921.5773896738074
data/processed/mauritius/video/not_augmented/cull2_random_bg/head/224/20230831_165242/m--20230831_165242--f000150.jpg,20230831_165242,mauritius,original,video,False,train,132.87982876446782
data/processed/mauritius/video/not_augmented/cull2_random_bg/head/224/20230831_165242/m--20230831_165242--f000154.jpg,20230831_165242,mauritius,original,video,False,train,797.721734494579
data/processed/mauritius/video/not_augmented/cull2_random_bg/head/224/20230831_165242/m--20230831_165242--f000156.jpg,20230831_165242,mauritius,original,video,False,train,234.6697570720547
data/processed/mauritius/video/not_augmented/cull2_random_bg/head/224/20230831_165242/m--20230831_165242--f000158.jpg,20230831_165242,mauritius,original,video,False,train,1044.6361981903895
data/processed/mauritius/video/not_augmented/cull2_random_bg/head/224/20230831_165242/m--20230831_165242--f000160.jpg,20230831_165242,mauritius,original,video,False,train,1187.439034597817
data/processed/mauritius/video/not_augmented/cull2_random_bg/head/224/20230831_165242/m--20230831_165242--f000162.jpg,20230831_165242,mauritius,original,video,False,train,780.8678904576682
data/processed/mauritius/video/not_augmented/cull2_random_bg/head/224/20230831_165242/m--20230831_165242--f000200.jpg,20230831_165242,mauritius,original,video,False,train,1089.0250397109826
data/processed/mauritius/video/not_augmented/cull2_random_bg/head/224/20230831_165242/m--20230831_165242--f000202.jpg,20230831_165242,mauritius,original,video,False,train,2771.1058432349855
data/processed/mauritius/video/not_augmented/cull2_random_bg/head/224/20230831_165242/m--20230831_165242--f000204.jpg,20230831_165242,mauritius,original,video,False,train,1294.4842233268585
data/processed/mauritius/video/not_augmented/cull2_random_bg/head/224/20230831_165242/m--20230831_165242--f000212.jpg,20230831_165242,mauritius,original,video,False,train,1000.2334700504575
data/processed/mauritius/video/not_augmented/cull2_random_bg/head/224/20230831_165242/m--20230831_165242--f000214.jpg,20230831_165242,mauritius,original,video,False,train,1428.3828643229244
data/processed/mauritius/video/not_augmented/cull2_random_bg/head/224/20230831_165242/m--20230831_165242--f000216.jpg,20230831_165242,mauritius,original,video,False,train,1323.933126415426
data/processed/mauritius/video/not_augmented/cull2_random_bg/head/224/20230831_165242/m--20230831_165242--f000218.jpg,20230831_165242,mauritius,original,video,False,train,1966.8654996513674
data/processed/mauritius/video/not_augmented/cull2_random_bg/head/224/20230831_165242/m--20230831_165242--f000220.jpg,20230831_165242,mauritius,original,video,False,train,2255.6001659807985
data/processed/mauritius/video/not_augmented/cull2_random_bg/head/224/20230831_165242/m--20230831_165242--f000222.jpg,20230831_165242,mauritius,original,video,False,train,2682.7097541510393
data/processed/mauritius/video/not_augmented/cull2_random_bg/head/224/20230831_165242/m--20230831_165242--f000224.jpg,20230831_165242,mauritius,original,video,False,train,900.0506941840233
data/processed/mauritius/video/not_augmented/cull2_random_bg/head/224/20230831_165242/m--20230831_165242--f000226.jpg,20230831_165242,mauritius,original,video,False,train,684.7214328550588
data/processed/mauritius/video/not_augmented/cull2_random_bg/head/224/20230831_165242/m--20230831_165242--f000228.jpg,20230831_165242,mauritius,original,video,False,train,1312.8625989160853
data/processed/mauritius/video/not_augmented/cull2_random_bg/head/224/20230831_165242/m--20230831_165242--f000230.jpg,20230831_165242,mauritius,original,video,False,train,1564.2727462179907
data/processed/mauritius/video/not_augmented/cull2_random_bg/head/224/20230831_165242/m--20230831_165242--f000232.jpg,20230831_165242,mauritius,original,video,False,train,3103.9264904992965
data/processed/mauritius/video/not_augmented/cull2_random_bg/head/224/20230831_165242/m--20230831_165242--f000234.jpg,20230831_165242,mauritius,original,video,False,train,3422.572813050342
data/processed/mauritius/video/not_augmented/cull2_random_bg/head/224/20230831_165242/m--20230831_165242--f000236.jpg,20230831_165242,mauritius,original,video,False,train,2618.790736478451
data/processed/mauritius/video/not_augmented/cull2_random_bg/head/224/20230831_165242/m--20230831_165242--f000238.jpg,20230831_165242,mauritius,original,video,False,train,1860.7226289846858
data/processed/mauritius/video/not_augmented/cull2_random_bg/head/224/20230831_165242/m--20230831_165242--f000240.jpg,20230831_165242,mauritius,original,video,False,train,3114.365677603977
data/processed/mauritius/video/not_augmented/cull2_random_bg/head/224/20230831_165242/m--20230831_165242--f000242.jpg,20230831_165242,mauritius,original,video,False,train,4638.407196791259
data/processed/mauritius/video/not_augmented/cull2_random_bg/head/224/20230831_165242/m--20230831_165242--f000244.jpg,20230831_165242,mauritius,original,video,False,train,3133.4713440159862
data/processed/mauritius/video/not_augmented/cull2_random_bg/head/224/20230831_165242/m--20230831_165242--f000246.jpg,20230831_165242,mauritius,original,video,False,train,2112.9217614611207
data/processed/mauritius/video/not_augmented/cull2_random_bg/head/224/20230831_165242/m--20230831_165242--f000248.jpg,20230831_165242,mauritius,original,video,False,train,1402.8579976480235
data/processed/mauritius/video/not_augmented/cull2_random_bg/head/224/20230831_165242/m--20230831_165242--f000250.jpg,20230831_165242,mauritius,original,video,False,train,1641.3465842517503
data/processed/mauritius/video/not_augmented/cull2_random_bg/head/224/20230831_165242/m--20230831_165242--f000252.jpg,20230831_165242,mauritius,original,video,False,train,1301.1010065515654
data/processed/mauritius/video/not_augmented/cull2_random_bg/head/224/20230831_165242/m--20230831_165242--f000254.jpg,20230831_165242,mauritius,original,video,False,train,1487.6215472414015
data/processed/mauritius/video/not_augmented/cull2_random_bg/head/224/20230831_165242/m--20230831_165242--f000256.jpg,20230831_165242,mauritius,original,video,False,train,1375.4904275724957
data/processed/mauritius/video/not_augmented/cull2_random_bg/head/224/20230831_165242/m--20230831_165242--f000258.jpg,20230831_165242,mauritius,original,video,False,train,1344.4739325482465
data/processed/mauritius/video/not_augmented/cull2_random_bg/head/224/20230831_165242/m--20230831_165242--f000260.jpg,20230831_165242,mauritius,original,video,False,train,674.8190561979326
data/processed/mauritius/video/not_augmented/cull2_random_bg/head/224/20230831_165242/m--20230831_165242--f000262.jpg,20230831_165242,mauritius,original,video,False,train,83.3091169847443
data/processed/mauritius/video/not_augmented/cull2_random_bg/head/224/20230831_165242/m--20230831_165242--f000264.jpg,20230831_165242,mauritius,original,video,False,train,210.2270413465869
data/processed/mauritius/video/not_augmented/cull2_random_bg/head/224/20230831_165242/m--20230831_165242--f000266.jpg,20230831_165242,mauritius,original,video,False,train,728.0237164400062
data/processed/mauritius/video/not_augmented/cull2_random_bg/head/224/20230831_165242/m--20230831_165242--f000268.jpg,20230831_165242,mauritius,original,video,False,train,48.22778804219797
data/processed/mauritius/video/not_augmented/cull2_random_bg/head/224/20230831_165242/m--20230831_165242--f000582.jpg,20230831_165242,mauritius,original,video,False,train,175.13296841443056
data/processed/mauritius/video/not_augmented/cull2_random_bg/head/224/20230831_165242/m--20230831_165242--f000584.jpg,20230831_165242,mauritius,original,video,False,train,150.52621673336134
data/processed/mauritius/video/not_augmented/cull2_random_bg/head/224/20230831_165242/m--20230831_165242--f000586.jpg,20230831_165242,mauritius,original,video,False,train,573.9535036670918
data/processed/mauritius/video/not_augmented/cull2_random_bg/head/224/20230831_165242/m--20230831_165242--f000588.jpg,20230831_165242,mauritius,original,video,False,train,1231.4928115497576
data/processed/mauritius/video/not_augmented/cull2_random_bg/head/224/20230831_165242/m--20230831_165242--f000594.jpg,20230831_165242,mauritius,original,video,False,train,805.1470424107143
data/processed/mauritius/video/not_augmented/cull2_random_bg/head/224/20230831_165242/m--20230831_165242--f001102.jpg,20230831_165242,mauritius,original,video,False,train,1514.5248061517334
data/processed/mauritius/video/not_augmented/cull2_random_bg/head/224/20230831_165242/m--20230831_165242--f001104.jpg,20230831_165242,mauritius,original,video,False,train,1646.8614191911659
data/processed/mauritius/video/not_augmented/cull2_random_bg/head/224/20230831_165242/m--20230831_165242--f001106.jpg,20230831_165242,mauritius,original,video,False,train,1195.7840477885031
data/processed/mauritius/video/not_augmented/cull2_random_bg/head/224/20230831_165242/m--20230831_165242--f001108.jpg,20230831_165242,mauritius,original,video,False,train,1968.7718921357125
data/processed/mauritius/video/not_augmented/cull2_random_bg/head/224/20230831_165242/m--20230831_165242--f001110.jpg,20230831_165242,mauritius,original,video,False,train,1607.665670207817
data/processed/mauritius/video/not_augmented/cull2_random_bg/head/224/20230831_165242/m--20230831_165242--f001112.jpg,20230831_165242,mauritius,original,video,False,train,2406.2760762659923
data/processed/mauritius/video/not_augmented/cull2_random_bg/head/224/20230831_165242/m--20230831_165242--f001114.jpg,20230831_165242,mauritius,original,video,False,train,2098.888434603928
data/processed/mauritius/video/not_augmented/cull2_random_bg/head/224/20230831_165242/m--20230831_165242--f001116.jpg,20230831_165242,mauritius,original,video,False,train,2455.466775654654
data/processed/mauritius/video/not_augmented/cull2_random_bg/head/224/20230831_165242/m--20230831_165242--f001118.jpg,20230831_165242,mauritius,original,video,False,train,2256.5813139530583
data/processed/mauritius/video/not_augmented/cull2_random_bg/head/224/20230831_165242/m--20230831_165242--f001120.jpg,20230831_165242,mauritius,original,video,False,train,2058.7745634596927
data/processed/mauritius/video/not_augmented/cull2_random_bg/head/224/20230831_165242/m--20230831_165242--f001122.jpg,20230831_165242,mauritius,original,video,False,train,1955.4476369566244
data/processed/mauritius/video/not_augmented/cull2_random_bg/head/224/20230831_165242/m--20230831_165242--f001124.jpg,20230831_165242,mauritius,original,video,False,train,1920.6345260601051
data/processed/mauritius/video/not_augmented/cull2_random_bg/head/224/20230831_165242/m--20230831_165242--f001126.jpg,20230831_165242,mauritius,original,video,False,train,2038.1908898645518
data/processed/mauritius/video/not_augmented/cull2_random_bg/head/224/20230831_165242/m--20230831_165242--f001128.jpg,20230831_165242,mauritius,original,video,False,train,1652.1379233872276
data/processed/mauritius/video/not_augmented/cull2_random_bg/head/224/20230831_165242/m--20230831_165242--f001130.jpg,20230831_165242,mauritius,original,video,False,train,1836.124934916594
data/processed/mauritius/video/not_augmented/cull2_random_bg/head/224/20230831_165242/m--20230831_165242--f001132.jpg,20230831_165242,mauritius,original,video,False,train,1817.8457020509743
data/processed/mauritius/video/not_augmented/cull2_random_bg/head/224/20230831_165242/m--20230831_165242--f001134.jpg,20230831_165242,mauritius,original,video,False,train,1859.1698921546
data/processed/mauritius/video/not_augmented/cull2_random_bg/head/224/20230831_165242/m--20230831_165242--f001136.jpg,20230831_165242,mauritius,original,video,False,train,2163.808715908888
data/processed/mauritius/video/not_augmented/cull2_random_bg/head/224/20230831_165242/m--20230831_165242--f001138.jpg,20230831_165242,mauritius,original,video,False,train,1315.9813413671632
data/processed/mauritius/video/not_augmented/cull2_random_bg/head/224/20230831_165242/m--20230831_165242--f001452.jpg,20230831_165242,mauritius,original,video,False,train,1701.9232105650735
data/processed/mauritius/video/not_augmented/cull2_random_bg/head/224/20230831_165242/m--20230831_165242--f001454.jpg,20230831_165242,mauritius,original,video,False,train,1162.2385809313303
data/processed/mauritius/video/not_augmented/cull2_random_bg/head/224/20230831_165242/m--20230831_165242--f001456.jpg,20230831_165242,mauritius,original,video,False,train,1229.0475418932087
data/processed/mauritius/video/not_augmented/cull2_random_bg/head/224/20230831_165242/m--20230831_165242--f001458.jpg,20230831_165242,mauritius,original,video,False,train,2673.1098818951778
data/processed/mauritius/video/not_augmented/cull2_random_bg/head/224/20230831_165242/m--20230831_165242--f001460.jpg,20230831_165242,mauritius,original,video,False,train,1330.0571176762485
data/processed/mauritius/video/not_augmented/cull2_random_bg/head/224/20230831_165242/m--20230831_165242--f001462.jpg,20230831_165242,mauritius,original,video,False,train,1944.5245017572422
data/processed/mauritius/video/not_augmented/cull2_random_bg/head/224/20230831_165242/m--20230831_165242--f001464.jpg,20230831_165242,mauritius,original,video,False,train,359.0017530130675
data/processed/mauritius/video/not_augmented/cull2_random_bg/head/224/20230831_165242/m--20230831_165242--f001466.jpg,20230831_165242,mauritius,original,video,False,train,1483.4515027157815
data/processed/mauritius/video/not_augmented/cull2_random_bg/head/224/20230902_054933/m--20230902_054933--f000190.jpg,20230902_054933,mauritius,original,video,False,train,766.702509920183
data/processed/mauritius/video/not_augmented/cull2_random_bg/head/224/20230902_054933/m--20230902_054933--f000192.jpg,20230902_054933,mauritius,original,video,False,train,1571.943528101475
data/processed/mauritius/video/not_augmented/cull2_random_bg/head/224/20230902_054933/m--20230902_054933--f000194.jpg,20230902_054933,mauritius,original,video,False,train,193.58818799622205
data/processed/mauritius/video/not_augmented/cull2_random_bg/head/224/20230902_054933/m--20230902_054933--f000196.jpg,20230902_054933,mauritius,original,video,False,train,656.0332915636957
data/processed/mauritius/video/not_augmented/cull2_random_bg/head/224/20230902_054933/m--20230902_054933--f000198.jpg,20230902_054933,mauritius,original,video,False,train,721.2092094945689
data/processed/mauritius/video/not_augmented/cull2_random_bg/head/224/20230902_054933/m--20230902_054933--f000222.jpg,20230902_054933,mauritius,original,video,False,train,1422.1639769846875
data/processed/mauritius/video/not_augmented/cull2_random_bg/head/224/20230902_054933/m--20230902_054933--f000224.jpg,20230902_054933,mauritius,original,video,False,train,1219.6315562074653
data/processed/mauritius/video/not_augmented/cull2_random_bg/head/224/20230902_054933/m--20230902_054933--f000226.jpg,20230902_054933,mauritius,original,video,False,train,1177.1107098131763
data/processed/mauritius/video/not_augmented/cull2_random_bg/head/224/20230902_054933/m--20230902_054933--f000232.jpg,20230902_054933,mauritius,original,video,False,train,1337.9035765470342
data/processed/mauritius/video/not_augmented/cull2_random_bg/head/224/20230902_054933/m--20230902_054933--f000234.jpg,20230902_054933,mauritius,original,video,False,train,1386.0745082856813
data/processed/mauritius/video/not_augmented/cull2_random_bg/head/224/20230902_054933/m--20230902_054933--f000236.jpg,20230902_054933,mauritius,original,video,False,train,1291.8715301475538
data/processed/mauritius/video/not_augmented/cull2_random_bg/head/224/20230902_054933/m--20230902_054933--f000238.jpg,20230902_054933,mauritius,original,video,False,train,974.8266747922313
data/processed/mauritius/video/not_augmented/cull2_random_bg/head/224/20230902_054933/m--20230902_054933--f000240.jpg,20230902_054933,mauritius,original,video,False,train,1150.7547229920165
data/processed/mauritius/video/not_augmented/cull2_random_bg/head/224/20230902_054933/m--20230902_054933--f000242.jpg,20230902_054933,mauritius,original,video,False,train,1424.631880917881
data/processed/mauritius/video/not_augmented/cull2_random_bg/head/224/20230902_054933/m--20230902_054933--f000244.jpg,20230902_054933,mauritius,original,video,False,train,874.1500765738116
data/processed/mauritius/video/not_augmented/cull2_random_bg/head/224/20230902_054933/m--20230902_054933--f000250.jpg,20230902_054933,mauritius,original,video,False,train,1512.6135064776067
data/processed/mauritius/video/not_augmented/cull2_random_bg/head/224/20230902_054933/m--20230902_054933--f000972.jpg,20230902_054933,mauritius,original,video,False,train,100.60912350921123
data/processed/mauritius/video/not_augmented/cull2_random_bg/head/224/20230902_054933/m--20230902_054933--f000974.jpg,20230902_054933,mauritius,original,video,False,train,68.73271753350083
data/processed/mauritius/video/not_augmented/cull2_random_bg/head/224/20230902_054933/m--20230902_054933--f000976.jpg,20230902_054933,mauritius,original,video,False,train,308.21946046750577
data/processed/mauritius/video/not_augmented/cull2_random_bg/head/224/20230902_054933/m--20230902_054933--f000978.jpg,20230902_054933,mauritius,original,video,False,train,389.73596868709643
data/processed/mauritius/video/not_augmented/cull2_random_bg/head/224/20230902_054933/m--20230902_054933--f000980.jpg,20230902_054933,mauritius,original,video,False,train,410.2137684180607
data/processed/mauritius/video/not_augmented/cull2_random_bg/head/224/20230902_054933/m--20230902_054933--f000982.jpg,20230902_054933,mauritius,original,video,False,train,1023.5675743560602
data/processed/mauritius/video/not_augmented/cull2_random_bg/head/224/20230902_054933/m--20230902_054933--f001100.jpg,20230902_054933,mauritius,original,video,False,train,1193.7633760016147
data/processed/mauritius/video/not_augmented/cull2_random_bg/head/224/20230902_054933/m--20230902_054933--f001102.jpg,20230902_054933,mauritius,original,video,False,train,1688.1322405337291
data/processed/mauritius/video/not_augmented/cull2_random_bg/head/224/20230902_054933/m--20230902_054933--f001104.jpg,20230902_054933,mauritius,original,video,False,train,1437.0200892841256
data/processed/mauritius/video/not_augmented/cull2_random_bg/head/224/20230902_054933/m--20230902_054933--f001106.jpg,20230902_054933,mauritius,original,video,False,train,1478.262193704436
data/processed/mauritius/video/not_augmented/cull2_random_bg/head/224/20230902_054933/m--20230902_054933--f001370.jpg,20230902_054933,mauritius,original,video,False,train,945.1831667036972
data/processed/mauritius/video/not_augmented/cull2_random_bg/head/224/20230902_054933/m--20230902_054933--f001372.jpg,20230902_054933,mauritius,original,video,False,train,602.369363920632
data/processed/mauritius/video/not_augmented/cull2_random_bg/head/224/20230902_054933/m--20230902_054933--f001374.jpg,20230902_054933,mauritius,original,video,False,train,512.176974103134
data/processed/mauritius/video/not_augmented/cull2_random_bg/head/224/20230902_054933/m--20230902_054933--f001376.jpg,20230902_054933,mauritius,original,video,False,train,202.74575881568757
data/processed/mauritius/video/not_augmented/cull2_random_bg/head/224/20230902_054933/m--20230902_054933--f001378.jpg,20230902_054933,mauritius,original,video,False,train,180.32138698153673
data/processed/mauritius/video/not_augmented/cull2_random_bg/head/224/20230907_195130/m--20230907_195130--f000152.jpg,20230907_195130,mauritius,original,video,False,test,562.4873727896172
data/processed/mauritius/video/not_augmented/cull2_random_bg/head/224/20230907_195130/m--20230907_195130--f000154.jpg,20230907_195130,mauritius,original,video,False,test,1035.6749824542196
data/processed/mauritius/video/not_augmented/cull2_random_bg/head/224/20230907_195130/m--20230907_195130--f000156.jpg,20230907_195130,mauritius,original,video,False,test,292.9510887075295
data/processed/mauritius/video/not_augmented/cull2_random_bg/head/224/20230907_195130/m--20230907_195130--f000158.jpg,20230907_195130,mauritius,original,video,False,test,571.236467566802
data/processed/mauritius/video/not_augmented/cull2_random_bg/head/224/20230907_195130/m--20230907_195130--f000160.jpg,20230907_195130,mauritius,original,video,False,test,110.45344654513815
data/processed/mauritius/video/not_augmented/cull2_random_bg/head/224/20230907_195130/m--20230907_195130--f000162.jpg,20230907_195130,mauritius,original,video,False,test,47.61618670479847
data/processed/mauritius/video/not_augmented/cull2_random_bg/head/224/20230907_195130/m--20230907_195130--f000164.jpg,20230907_195130,mauritius,original,video,False,test,115.21601453913792
data/processed/mauritius/video/not_augmented/cull2_random_bg/head/224/20230907_195130/m--20230907_195130--f000166.jpg,20230907_195130,mauritius,original,video,False,test,603.3461381367274
data/processed/mauritius/video/not_augmented/cull2_random_bg/head/224/20230907_195130/m--20230907_195130--f000168.jpg,20230907_195130,mauritius,original,video,False,test,406.3805802792919
data/processed/mauritius/video/not_augmented/cull2_random_bg/head/224/20230907_195130/m--20230907_195130--f000170.jpg,20230907_195130,mauritius,original,video,False,test,108.65747509733531
data/processed/mauritius/video/not_augmented/cull2_random_bg/head/224/20230907_195130/m--20230907_195130--f000172.jpg,20230907_195130,mauritius,original,video,False,test,113.1453646429873
data/processed/mauritius/video/not_augmented/cull2_random_bg/head/224/20230907_195130/m--20230907_195130--f000174.jpg,20230907_195130,mauritius,original,video,False,test,397.482644177635
data/processed/mauritius/video/not_augmented/cull2_random_bg/head/224/20230907_195130/m--20230907_195130--f000176.jpg,20230907_195130,mauritius,original,video,False,test,96.48135078196623
data/processed/mauritius/video/not_augmented/cull2_random_bg/head/224/20230907_195130/m--20230907_195130--f000178.jpg,20230907_195130,mauritius,original,video,False,test,73.51943642395031
data/processed/mauritius/video/not_augmented/cull2_random_bg/head/224/20230907_195130/m--20230907_195130--f000180.jpg,20230907_195130,mauritius,original,video,False,test,882.9334844901432
data/processed/mauritius/video/not_augmented/cull2_random_bg/head/224/20230907_195130/m--20230907_195130--f000182.jpg,20230907_195130,mauritius,original,video,False,test,662.4296448277415
data/processed/mauritius/video/not_augmented/cull2_random_bg/head/224/20230907_195130/m--20230907_195130--f000184.jpg,20230907_195130,mauritius,original,video,False,test,75.54819611140661
data/processed/mauritius/video/not_augmented/cull2_random_bg/head/224/20230907_195130/m--20230907_195130--f000186.jpg,20230907_195130,mauritius,original,video,False,test,364.9916505281352
data/processed/mauritius/video/not_augmented/cull2_random_bg/head/224/20230907_195130/m--20230907_195130--f000188.jpg,20230907_195130,mauritius,original,video,False,test,589.4186501508949
data/processed/mauritius/video/not_augmented/cull2_random_bg/head/224/20230907_195130/m--20230907_195130--f000190.jpg,20230907_195130,mauritius,original,video,False,test,79.74738749798414
data/processed/mauritius/video/not_augmented/cull2_random_bg/head/224/20230907_195130/m--20230907_195130--f000192.jpg,20230907_195130,mauritius,original,video,False,test,150.96388595911523
data/processed/mauritius/video/not_augmented/cull2_random_bg/head/224/20230907_195130/m--20230907_195130--f000194.jpg,20230907_195130,mauritius,original,video,False,test,498.34343260280895
data/processed/mauritius/video/not_augmented/cull2_random_bg/head/224/20230907_195130/m--20230907_195130--f000196.jpg,20230907_195130,mauritius,original,video,False,test,49.03020347966992
data/processed/mauritius/video/not_augmented/cull2_random_bg/head/224/20230907_195130/m--20230907_195130--f000198.jpg,20230907_195130,mauritius,original,video,False,test,179.95681637974894
data/processed/mauritius/video/not_augmented/cull2_random_bg/head/224/20230907_195130/m--20230907_195130--f000200.jpg,20230907_195130,mauritius,original,video,False,test,1069.4650900005452
data/processed/mauritius/video/not_augmented/cull2_random_bg/head/224/20230907_195130/m--20230907_195130--f000202.jpg,20230907_195130,mauritius,original,video,False,test,101.4636568115533
data/processed/mauritius/video/not_augmented/cull2_random_bg/head/224/20230907_195130/m--20230907_195130--f000204.jpg,20230907_195130,mauritius,original,video,False,test,171.08881987278187
data/processed/mauritius/video/not_augmented/cull2_random_bg/head/224/20230907_195130/m--20230907_195130--f000206.jpg,20230907_195130,mauritius,original,video,False,test,568.6946987893273
data/processed/mauritius/video/not_augmented/cull2_random_bg/head/224/20230907_195130/m--20230907_195130--f000208.jpg,20230907_195130,mauritius,original,video,False,test,112.5292602655839
data/processed/mauritius/video/not_augmented/cull2_random_bg/head/224/20230907_195130/m--20230907_195130--f000210.jpg,20230907_195130,mauritius,original,video,False,test,326.92446113874
data/processed/mauritius/video/not_augmented/cull2_random_bg/head/224/20230907_195130/m--20230907_195130--f000212.jpg,20230907_195130,mauritius,original,video,False,test,415.4960737307833
data/processed/mauritius/video/not_augmented/cull2_random_bg/head/224/20230907_195130/m--20230907_195130--f000214.jpg,20230907_195130,mauritius,original,video,False,test,571.9721131422082
data/processed/mauritius/video/not_augmented/cull2_random_bg/head/224/20230907_195130/m--20230907_195130--f000216.jpg,20230907_195130,mauritius,original,video,False,test,698.9858381115661
data/processed/mauritius/video/not_augmented/cull2_random_bg/head/224/20230907_195130/m--20230907_195130--f000218.jpg,20230907_195130,mauritius,original,video,False,test,504.10768000933587
data/processed/mauritius/video/not_augmented/cull2_random_bg/head/224/20230907_195130/m--20230907_195130--f000220.jpg,20230907_195130,mauritius,original,video,False,test,974.8372659675285
data/processed/mauritius/video/not_augmented/cull2_random_bg/head/224/20230907_195130/m--20230907_195130--f000222.jpg,20230907_195130,mauritius,original,video,False,test,460.8162749706333
data/processed/mauritius/video/not_augmented/cull2_random_bg/head/224/20230907_195130/m--20230907_195130--f000224.jpg,20230907_195130,mauritius,original,video,False,test,657.7443736821897
data/processed/mauritius/video/not_augmented/cull2_random_bg/head/224/20230907_195130/m--20230907_195130--f000226.jpg,20230907_195130,mauritius,original,video,False,test,835.3686142126652
data/processed/mauritius/video/not_augmented/cull2_random_bg/head/224/20230907_195130/m--20230907_195130--f000228.jpg,20230907_195130,mauritius,original,video,False,test,1732.068130105101
data/processed/mauritius/video/not_augmented/cull2_random_bg/head/224/20230907_195130/m--20230907_195130--f000230.jpg,20230907_195130,mauritius,original,video,False,test,1793.6197385140529
data/processed/mauritius/video/not_augmented/cull2_random_bg/head/224/20230907_195130/m--20230907_195130--f000232.jpg,20230907_195130,mauritius,original,video,False,test,1685.072785922062
data/processed/mauritius/video/not_augmented/cull2_random_bg/head/224/20230907_195130/m--20230907_195130--f001282.jpg,20230907_195130,mauritius,original,video,False,test,422.05431039469386
data/processed/mauritius/video/not_augmented/cull2_random_bg/head/224/20230907_195130/m--20230907_195130--f001664.jpg,20230907_195130,mauritius,original,video,False,test,637.3840653345218
data/processed/mauritius/video/not_augmented/cull2_random_bg/head/224/20230907_195130/m--20230907_195130--f001666.jpg,20230907_195130,mauritius,original,video,False,test,157.63404345363438
data/processed/mauritius/video/not_augmented/cull2_random_bg/head/224/20230907_195130/m--20230907_195130--f001668.jpg,20230907_195130,mauritius,original,video,False,test,745.9518850533875
data/processed/mauritius/video/not_augmented/cull2_random_bg/head/224/20230907_195130/m--20230907_195130--f001670.jpg,20230907_195130,mauritius,original,video,False,test,675.5394286330866
data/processed/mauritius/video/not_augmented/cull2_random_bg/head/224/20230907_195130/m--20230907_195130--f001932.jpg,20230907_195130,mauritius,original,video,False,test,1504.7292521519246
data/processed/mauritius/video/not_augmented/cull2_random_bg/head/224/20230907_195130/m--20230907_195130--f001934.jpg,20230907_195130,mauritius,original,video,False,test,880.9120150192339
data/processed/mauritius/video/not_augmented/cull2_random_bg/head/224/20230907_195130/m--20230907_195130--f001936.jpg,20230907_195130,mauritius,original,video,False,test,680.7063460912071
data/processed/mauritius/video/not_augmented/cull2_random_bg/head/224/20230907_195130/m--20230907_195130--f001938.jpg,20230907_195130,mauritius,original,video,False,test,1414.548497966606
data/processed/mauritius/video/not_augmented/cull2_random_bg/head/224/20230907_195130/m--20230907_195130--f001940.jpg,20230907_195130,mauritius,original,video,False,test,901.186078371082
data/processed/mauritius/video/not_augmented/cull2_random_bg/head/224/20230907_195130/m--20230907_195130--f001942.jpg,20230907_195130,mauritius,original,video,False,test,1879.5425306711038
data/processed/mauritius/video/not_augmented/cull2_random_bg/head/224/20230907_195130/m--20230907_195130--f001944.jpg,20230907_195130,mauritius,original,video,False,test,1105.6059680495448
data/processed/mauritius/video/not_augmented/cull2_random_bg/head/224/20230907_195130/m--20230907_195130--f001946.jpg,20230907_195130,mauritius,original,video,False,test,1136.839800151871
data/processed/mauritius/video/not_augmented/cull2_random_bg/head/224/20230907_195130/m--20230907_195130--f001948.jpg,20230907_195130,mauritius,original,video,False,test,912.7742628028423
data/processed/mauritius/video/not_augmented/cull2_random_bg/head/224/20230907_203553/m--20230907_203553--f000160.jpg,20230907_203553,mauritius,original,video,False,train,523.7435967132778
data/processed/mauritius/video/not_augmented/cull2_random_bg/head/224/20230907_203553/m--20230907_203553--f000162.jpg,20230907_203553,mauritius,original,video,False,train,127.90691693173702
data/processed/mauritius/video/not_augmented/cull2_random_bg/head/224/20230907_203553/m--20230907_203553--f000164.jpg,20230907_203553,mauritius,original,video,False,train,886.3325734470151
data/processed/mauritius/video/not_augmented/cull2_random_bg/head/224/20230907_203553/m--20230907_203553--f000166.jpg,20230907_203553,mauritius,original,video,False,train,197.84888691804846
data/processed/mauritius/video/not_augmented/cull2_random_bg/head/224/20230907_203553/m--20230907_203553--f000168.jpg,20230907_203553,mauritius,original,video,False,train,340.99134454842357
data/processed/mauritius/video/not_augmented/cull2_random_bg/head/224/20230907_203553/m--20230907_203553--f000170.jpg,20230907_203553,mauritius,original,video,False,train,948.0620451624917
data/processed/mauritius/video/not_augmented/cull2_random_bg/head/224/20230907_203553/m--20230907_203553--f000172.jpg,20230907_203553,mauritius,original,video,False,train,457.2045719821171
data/processed/mauritius/video/not_augmented/cull2_random_bg/head/224/20230907_203553/m--20230907_203553--f000174.jpg,20230907_203553,mauritius,original,video,False,train,476.4613600686807
data/processed/mauritius/video/not_augmented/cull2_random_bg/head/224/20230907_203553/m--20230907_203553--f000176.jpg,20230907_203553,mauritius,original,video,False,train,338.6757707031803
data/processed/mauritius/video/not_augmented/cull2_random_bg/head/224/20230907_203553/m--20230907_203553--f000178.jpg,20230907_203553,mauritius,original,video,False,train,2065.141573246595
data/processed/mauritius/video/not_augmented/cull2_random_bg/head/224/20230907_203553/m--20230907_203553--f000180.jpg,20230907_203553,mauritius,original,video,False,train,646.1846024188735
data/processed/mauritius/video/not_augmented/cull2_random_bg/head/224/20230907_203553/m--20230907_203553--f000182.jpg,20230907_203553,mauritius,original,video,False,train,766.1684386326045
data/processed/mauritius/video/not_augmented/cull2_random_bg/head/224/20230907_203553/m--20230907_203553--f000184.jpg,20230907_203553,mauritius,original,video,False,train,1272.553048867079
data/processed/mauritius/video/not_augmented/cull2_random_bg/head/224/20230907_203553/m--20230907_203553--f000186.jpg,20230907_203553,mauritius,original,video,False,train,904.9820346883911
data/processed/mauritius/video/not_augmented/cull2_random_bg/head/224/20230907_203553/m--20230907_203553--f000188.jpg,20230907_203553,mauritius,original,video,False,train,884.8466929027012
data/processed/mauritius/video/not_augmented/cull2_random_bg/head/224/20230907_203553/m--20230907_203553--f000190.jpg,20230907_203553,mauritius,original,video,False,train,1700.872750631028
data/processed/mauritius/video/not_augmented/cull2_random_bg/head/224/20230907_203553/m--20230907_203553--f000192.jpg,20230907_203553,mauritius,original,video,False,train,2422.227498468386
data/processed/mauritius/video/not_augmented/cull2_random_bg/head/224/20230907_203553/m--20230907_203553--f000194.jpg,20230907_203553,mauritius,original,video,False,train,2154.471239552702
data/processed/mauritius/video/not_augmented/cull2_random_bg/head/224/20230907_203553/m--20230907_203553--f000196.jpg,20230907_203553,mauritius,original,video,False,train,2238.6912773284052
data/processed/mauritius/video/not_augmented/cull2_random_bg/head/224/20230907_203553/m--20230907_203553--f000198.jpg,20230907_203553,mauritius,original,video,False,train,1865.5283184214366
data/processed/mauritius/video/not_augmented/cull2_random_bg/head/224/20230907_203553/m--20230907_203553--f000200.jpg,20230907_203553,mauritius,original,video,False,train,2555.547663382022
data/processed/mauritius/video/not_augmented/cull2_random_bg/head/224/20230907_203553/m--20230907_203553--f000202.jpg,20230907_203553,mauritius,original,video,False,train,2388.6611062732654
data/processed/mauritius/video/not_augmented/cull2_random_bg/head/224/20230907_203553/m--20230907_203553--f000204.jpg,20230907_203553,mauritius,original,video,False,train,2363.228416520722
data/processed/mauritius/video/not_augmented/cull2_random_bg/head/224/20230907_203553/m--20230907_203553--f000206.jpg,20230907_203553,mauritius,original,video,False,train,2237.79939215365
data/processed/mauritius/video/not_augmented/cull2_random_bg/head/224/20230907_203553/m--20230907_203553--f000208.jpg,20230907_203553,mauritius,original,video,False,train,3101.6198503445808
data/processed/mauritius/video/not_augmented/cull2_random_bg/head/224/20230907_203553/m--20230907_203553--f000210.jpg,20230907_203553,mauritius,original,video,False,train,3870.2441587654666
data/processed/mauritius/video/not_augmented/cull2_random_bg/head/224/20230907_203553/m--20230907_203553--f000212.jpg,20230907_203553,mauritius,original,video,False,train,2601.105186910045
data/processed/mauritius/video/not_augmented/cull2_random_bg/head/224/20230907_203553/m--20230907_203553--f000214.jpg,20230907_203553,mauritius,original,video,False,train,3503.9351172647794
data/processed/mauritius/video/not_augmented/cull2_random_bg/head/224/20230907_203553/m--20230907_203553--f000216.jpg,20230907_203553,mauritius,original,video,False,train,3080.012594036339
data/processed/mauritius/video/not_augmented/cull2_random_bg/head/224/20230907_203553/m--20230907_203553--f000218.jpg,20230907_203553,mauritius,original,video,False,train,2927.8680431929197
data/processed/mauritius/video/not_augmented/cull2_random_bg/head/224/20230907_203553/m--20230907_203553--f000220.jpg,20230907_203553,mauritius,original,video,False,train,2473.6203605047317
data/processed/mauritius/video/not_augmented/cull2_random_bg/head/224/20230907_203553/m--20230907_203553--f000222.jpg,20230907_203553,mauritius,original,video,False,train,2891.1737136805077
data/processed/mauritius/video/not_augmented/cull2_random_bg/head/224/20230907_203553/m--20230907_203553--f000224.jpg,20230907_203553,mauritius,original,video,False,train,1409.308945774585
data/processed/mauritius/video/not_augmented/cull2_random_bg/head/224/20230907_203553/m--20230907_203553--f000226.jpg,20230907_203553,mauritius,original,video,False,train,1500.7689047908345
data/processed/mauritius/video/not_augmented/cull2_random_bg/head/224/20230907_203553/m--20230907_203553--f000228.jpg,20230907_203553,mauritius,original,video,False,train,1340.404247736345
data/processed/mauritius/video/not_augmented/cull2_random_bg/head/224/20230907_203553/m--20230907_203553--f000230.jpg,20230907_203553,mauritius,original,video,False,train,109.77839042126563
data/processed/mauritius/video/not_augmented/cull2_random_bg/head/224/20230907_203553/m--20230907_203553--f000232.jpg,20230907_203553,mauritius,original,video,False,train,968.327317217994
data/processed/mauritius/video/not_augmented/cull2_random_bg/head/224/20230907_203553/m--20230907_203553--f000234.jpg,20230907_203553,mauritius,original,video,False,train,715.2412784660622
data/processed/mauritius/video/not_augmented/cull2_random_bg/head/224/20230907_203553/m--20230907_203553--f000236.jpg,20230907_203553,mauritius,original,video,False,train,674.1527700583074
data/processed/mauritius/video/not_augmented/cull2_random_bg/head/224/20230907_203553/m--20230907_203553--f000238.jpg,20230907_203553,mauritius,original,video,False,train,350.36154606281747
data/processed/mauritius/video/not_augmented/cull2_random_bg/head/224/20230911_185250/m--20230911_185250--f000188.jpg,20230911_185250,mauritius,original,video,False,train,192.84889918195861
data/processed/mauritius/video/not_augmented/cull2_random_bg/head/224/20230911_185250/m--20230911_185250--f000190.jpg,20230911_185250,mauritius,original,video,False,train,750.0851702227387
data/processed/mauritius/video/not_augmented/cull2_random_bg/head/224/20230911_185250/m--20230911_185250--f000194.jpg,20230911_185250,mauritius,original,video,False,train,314.02370247926285
data/processed/mauritius/video/not_augmented/cull2_random_bg/head/224/20230911_185250/m--20230911_185250--f000196.jpg,20230911_185250,mauritius,original,video,False,train,320.91996170927314
data/processed/mauritius/video/not_augmented/cull2_random_bg/head/224/20230911_185250/m--20230911_185250--f000198.jpg,20230911_185250,mauritius,original,video,False,train,422.19099087816437
data/processed/mauritius/video/not_augmented/cull2_random_bg/head/224/20230911_185250/m--20230911_185250--f000200.jpg,20230911_185250,mauritius,original,video,False,train,1012.7842052861681
data/processed/mauritius/video/not_augmented/cull2_random_bg/head/224/20230911_185250/m--20230911_185250--f000202.jpg,20230911_185250,mauritius,original,video,False,train,152.9168296025128
data/processed/mauritius/video/not_augmented/cull2_random_bg/head/224/20230911_185250/m--20230911_185250--f000204.jpg,20230911_185250,mauritius,original,video,False,train,618.6545893149989
data/processed/mauritius/video/not_augmented/cull2_random_bg/head/224/20230911_185250/m--20230911_185250--f000206.jpg,20230911_185250,mauritius,original,video,False,train,708.8354086023924
data/processed/mauritius/video/not_augmented/cull2_random_bg/head/224/20230911_185250/m--20230911_185250--f000208.jpg,20230911_185250,mauritius,original,video,False,train,355.7045414172724
data/processed/mauritius/video/not_augmented/cull2_random_bg/head/224/20230911_185250/m--20230911_185250--f000210.jpg,20230911_185250,mauritius,original,video,False,train,292.4594818867529
data/processed/mauritius/video/not_augmented/cull2_random_bg/head/224/20230911_185250/m--20230911_185250--f000212.jpg,20230911_185250,mauritius,original,video,False,train,165.53386577294796
data/processed/mauritius/video/not_augmented/cull2_random_bg/head/224/20230911_185250/m--20230911_185250--f000214.jpg,20230911_185250,mauritius,original,video,False,train,705.6529043655206
data/processed/mauritius/video/not_augmented/cull2_random_bg/head/224/20230911_185250/m--20230911_185250--f000216.jpg,20230911_185250,mauritius,original,video,False,train,113.70220659336216
data/processed/mauritius/video/not_augmented/cull2_random_bg/head/224/20230911_185250/m--20230911_185250--f000218.jpg,20230911_185250,mauritius,original,video,False,train,110.09162600285704
data/processed/mauritius/video/not_augmented/cull2_random_bg/head/224/20230911_185250/m--20230911_185250--f000220.jpg,20230911_185250,mauritius,original,video,False,train,881.8125751845689
data/processed/mauritius/video/not_augmented/cull2_random_bg/head/224/20230911_185250/m--20230911_185250--f000222.jpg,20230911_185250,mauritius,original,video,False,train,1492.0558774948913
data/processed/mauritius/video/not_augmented/cull2_random_bg/head/224/20230911_185250/m--20230911_185250--f000224.jpg,20230911_185250,mauritius,original,video,False,train,569.2589157844076
data/processed/mauritius/video/not_augmented/cull2_random_bg/head/224/20230911_185250/m--20230911_185250--f000226.jpg,20230911_185250,mauritius,original,video,False,train,2064.1113539901885
data/processed/mauritius/video/not_augmented/cull2_random_bg/head/224/20230911_185250/m--20230911_185250--f000228.jpg,20230911_185250,mauritius,original,video,False,train,1652.8882109194385
data/processed/mauritius/video/not_augmented/cull2_random_bg/head/224/20230911_185250/m--20230911_185250--f000230.jpg,20230911_185250,mauritius,original,video,False,train,1267.6847332704572
data/processed/mauritius/video/not_augmented/cull2_random_bg/head/224/20230911_185250/m--20230911_185250--f000232.jpg,20230911_185250,mauritius,original,video,False,train,2310.119910909453
data/processed/mauritius/video/not_augmented/cull2_random_bg/head/224/20230911_185250/m--20230911_185250--f000234.jpg,20230911_185250,mauritius,original,video,False,train,2286.624720670739
data/processed/mauritius/video/not_augmented/cull2_random_bg/head/224/20230911_185250/m--20230911_185250--f000236.jpg,20230911_185250,mauritius,original,video,False,train,2530.2190049809747
data/processed/mauritius/video/not_augmented/cull2_random_bg/head/224/20230911_185250/m--20230911_185250--f000238.jpg,20230911_185250,mauritius,original,video,False,train,3138.6325026070867
data/processed/mauritius/video/not_augmented/cull2_random_bg/head/224/20230911_185250/m--20230911_185250--f000240.jpg,20230911_185250,mauritius,original,video,False,train,2650.4160706846974
data/processed/mauritius/video/not_augmented/cull2_random_bg/head/224/20230911_185250/m--20230911_185250--f000242.jpg,20230911_185250,mauritius,original,video,False,train,2291.205887074373
data/processed/mauritius/video/not_augmented/cull2_random_bg/head/224/20230911_185250/m--20230911_185250--f000244.jpg,20230911_185250,mauritius,original,video,False,train,2496.846453153506
data/processed/mauritius/video/not_augmented/cull2_random_bg/head/224/20230911_185250/m--20230911_185250--f000246.jpg,20230911_185250,mauritius,original,video,False,train,1187.132312362763
data/processed/mauritius/video/not_augmented/cull2_random_bg/head/224/20230911_185250/m--20230911_185250--f000248.jpg,20230911_185250,mauritius,original,video,False,train,1612.4252242756008
