path,identity,species,background,source,augmented,split,quality
data/processed/mauritius/video/not_augmented/cull2_green_bg/head/224/occ/raw/span_matched/20230805_131123/m--20230805_131123--f000746.jpg,20230805_131123,mauritius,original,video,False,train,281.9374800697558
data/processed/mauritius/video/not_augmented/cull2_green_bg/head/224/occ/raw/span_matched/20230805_131123/m--20230805_131123--f000748.jpg,20230805_131123,mauritius,original,video,False,train,267.4978474986797
data/processed/mauritius/video/not_augmented/cull2_green_bg/head/224/occ/raw/span_matched/20230805_131123/m--20230805_131123--f000750.jpg,20230805_131123,mauritius,original,video,False,train,284.35313686853846
data/processed/mauritius/video/not_augmented/cull2_green_bg/head/224/occ/raw/span_matched/20230805_131123/m--20230805_131123--f000752.jpg,20230805_131123,mauritius,original,video,False,train,289.8013392857143
data/processed/mauritius/video/not_augmented/cull2_green_bg/head/224/occ/raw/span_matched/20230805_131123/m--20230805_131123--f000754.jpg,20230805_131123,mauritius,original,video,False,train,302.97361275396065
data/processed/mauritius/video/not_augmented/cull2_green_bg/head/224/occ/raw/span_matched/20230805_131123/m--20230805_131123--f000756.jpg,20230805_131123,mauritius,original,video,False,train,314.8087531887755
data/processed/mauritius/video/not_augmented/cull2_green_bg/head/224/occ/raw/span_matched/20230805_131123/m--20230805_131123--f000758.jpg,20230805_131123,mauritius,original,video,False,train,298.47273596303256
data/processed/mauritius/video/not_augmented/cull2_green_bg/head/224/occ/raw/span_matched/20230805_131123/m--20230805_131123--f000760.jpg,20230805_131123,mauritius,original,video,False,train,311.4475809929024
data/processed/mauritius/video/not_augmented/cull2_green_bg/head/224/occ/raw/span_matched/20230805_131123/m--20230805_131123--f000824.jpg,20230805_131123,mauritius,original,video,False,train,1213.038464603003
data/processed/mauritius/video/not_augmented/cull2_green_bg/head/224/occ/raw/span_matched/20230805_131123/m--20230805_131123--f000826.jpg,20230805_131123,mauritius,original,video,False,train,1508.6401465819906
data/processed/mauritius/video/not_augmented/cull2_green_bg/head/224/occ/raw/span_matched/20230805_131123/m--20230805_131123--f000828.jpg,20230805_131123,mauritius,original,video,False,train,1597.2596061608037
data/processed/mauritius/video/not_augmented/cull2_green_bg/head/224/occ/raw/span_matched/20230805_131123/m--20230805_131123--f000830.jpg,20230805_131123,mauritius,original,video,False,train,1138.194973692205
data/processed/mauritius/video/not_augmented/cull2_green_bg/head/224/occ/raw/span_matched/20230805_131123/m--20230805_131123--f000836.jpg,20230805_131123,mauritius,original,video,False,train,699.3823341693743
data/processed/mauritius/video/not_augmented/cull2_green_bg/head/224/occ/raw/span_matched/20230805_131123/m--20230805_131123--f000850.jpg,20230805_131123,mauritius,original,video,False,train,285.9038584167785
data/processed/mauritius/video/not_augmented/cull2_green_bg/head/224/occ/raw/span_matched/20230805_131123/m--20230805_131123--f000852.jpg,20230805_131123,mauritius,original,video,False,train,264.8994937719578
data/processed/mauritius/video/not_augmented/cull2_green_bg/head/224/occ/raw/span_matched/20230805_131123/m--20230805_131123--f000874.jpg,20230805_131123,mauritius,original,video,False,train,254.80542465608744
data/processed/mauritius/video/not_augmented/cull2_green_bg/head/224/occ/raw/span_matched/20230805_131123/m--20230805_131123--f000876.jpg,20230805_131123,mauritius,original,video,False,train,296.1429367335525
data/processed/mauritius/video/not_augmented/cull2_green_bg/head/224/occ/raw/span_matched/20230805_132834/m--20230805_132834--f000538.jpg,20230805_132834,mauritius,original,video,False,test,143.57698779719811
data/processed/mauritius/video/not_augmented/cull2_green_bg/head/224/occ/raw/span_matched/20230805_132834/m--20230805_132834--f000540.jpg,20230805_132834,mauritius,original,video,False,test,413.20228621623056
data/processed/mauritius/video/not_augmented/cull2_green_bg/head/224/occ/raw/span_matched/20230805_132834/m--20230805_132834--f000542.jpg,20230805_132834,mauritius,original,video,False,test,761.5776246371541
data/processed/mauritius/video/not_augmented/cull2_green_bg/head/224/occ/raw/span_matched/20230805_132834/m--20230805_132834--f000544.jpg,20230805_132834,mauritius,original,video,False,test,1138.4746064373178
data/processed/mauritius/video/not_augmented/cull2_green_bg/head/224/occ/raw/span_matched/20230805_132834/m--20230805_132834--f000546.jpg,20230805_132834,mauritius,original,video,False,test,1371.205494296794
data/processed/mauritius/video/not_augmented/cull2_green_bg/head/224/occ/raw/span_matched/20230805_132834/m--20230805_132834--f000548.jpg,20230805_132834,mauritius,original,video,False,test,1479.8035472848426
data/processed/mauritius/video/not_augmented/cull2_green_bg/head/224/occ/raw/span_matched/20230805_132834/m--20230805_132834--f000550.jpg,20230805_132834,mauritius,original,video,False,test,1554.8536949836928
data/processed/mauritius/video/not_augmented/cull2_green_bg/head/224/occ/raw/span_matched/20230805_132834/m--20230805_132834--f000552.jpg,20230805_132834,mauritius,original,video,False,test,1660.6719538042419
data/processed/mauritius/video/not_augmented/cull2_green_bg/head/224/occ/raw/span_matched/20230805_132834/m--20230805_132834--f000554.jpg,20230805_132834,mauritius,original,video,False,test,1773.9289053408916
data/processed/mauritius/video/not_augmented/cull2_green_bg/head/224/occ/raw/span_matched/20230805_132834/m--20230805_132834--f000556.jpg,20230805_132834,mauritius,original,video,False,test,1722.0990235127297
data/processed/mauritius/video/not_augmented/cull2_green_bg/head/224/occ/raw/span_matched/20230805_132834/m--20230805_132834--f000558.jpg,20230805_132834,mauritius,original,video,False,test,1771.1786261462803
data/processed/mauritius/video/not_augmented/cull2_green_bg/head/224/occ/raw/span_matched/20230805_132834/m--20230805_132834--f000560.jpg,20230805_132834,mauritius,original,video,False,test,1722.8961243921397
data/processed/mauritius/video/not_augmented/cull2_green_bg/head/224/occ/raw/span_matched/20230805_132834/m--20230805_132834--f000562.jpg,20230805_132834,mauritius,original,video,False,test,1579.6244799873323
data/processed/mauritius/video/not_augmented/cull2_green_bg/head/224/occ/raw/span_matched/20230805_132834/m--20230805_132834--f000564.jpg,20230805_132834,mauritius,original,video,False,test,1508.3309536083495
data/processed/mauritius/video/not_augmented/cull2_green_bg/head/224/occ/raw/span_matched/20230805_132834/m--20230805_132834--f000566.jpg,20230805_132834,mauritius,original,video,False,test,1422.7441404963076
data/processed/mauritius/video/not_augmented/cull2_green_bg/head/224/occ/raw/span_matched/20230805_132834/m--20230805_132834--f000568.jpg,20230805_132834,mauritius,original,video,False,test,1335.9784757255863
data/processed/mauritius/video/not_augmented/cull2_green_bg/head/224/occ/raw/span_matched/20230805_132834/m--20230805_132834--f000570.jpg,20230805_132834,mauritius,original,video,False,test,1225.1416610835345
data/processed/mauritius/video/not_augmented/cull2_green_bg/head/224/occ/raw/span_matched/20230805_132834/m--20230805_132834--f000572.jpg,20230805_132834,mauritius,original,video,False,test,1246.861400497799
data/processed/mauritius/video/not_augmented/cull2_green_bg/head/224/occ/raw/span_matched/20230805_132834/m--20230805_132834--f000574.jpg,20230805_132834,mauritius,original,video,False,test,1201.8860410573532
data/processed/mauritius/video/not_augmented/cull2_green_bg/head/224/occ/raw/span_matched/20230805_132834/m--20230805_132834--f000576.jpg,20230805_132834,mauritius,original,video,False,test,1114.3200399374177
data/processed/mauritius/video/not_augmented/cull2_green_bg/head/224/occ/raw/span_matched/20230805_132834/m--20230805_132834--f000578.jpg,20230805_132834,mauritius,original,video,False,test,1013.08956463046
data/processed/mauritius/video/not_augmented/cull2_green_bg/head/224/occ/raw/span_matched/20230805_132834/m--20230805_132834--f000580.jpg,20230805_132834,mauritius,original,video,False,test,1009.8826233408244
data/processed/mauritius/video/not_augmented/cull2_green_bg/head/224/occ/raw/span_matched/20230805_132834/m--20230805_132834--f000582.jpg,20230805_132834,mauritius,original,video,False,test,991.166851432956
data/processed/mauritius/video/not_augmented/cull2_green_bg/head/224/occ/raw/span_matched/20230805_132834/m--20230805_132834--f000584.jpg,20230805_132834,mauritius,original,video,False,test,939.8582766241751
data/processed/mauritius/video/not_augmented/cull2_green_bg/head/224/occ/raw/span_matched/20230805_132834/m--20230805_132834--f000586.jpg,20230805_132834,mauritius,original,video,False,test,831.389965932402
data/processed/mauritius/video/not_augmented/cull2_green_bg/head/224/occ/raw/span_matched/20230805_132834/m--20230805_132834--f000588.jpg,20230805_132834,mauritius,original,video,False,test,747.3996329333374
data/processed/mauritius/video/not_augmented/cull2_green_bg/head/224/occ/raw/span_matched/20230805_132834/m--20230805_132834--f000590.jpg,20230805_132834,mauritius,original,video,False,test,683.4909909402069
data/processed/mauritius/video/not_augmented/cull2_green_bg/head/224/occ/raw/span_matched/20230805_133951/m--20230805_133951--f000614.jpg,20230805_133951,mauritius,original,video,False,val,732.2172945170341
data/processed/mauritius/video/not_augmented/cull2_green_bg/head/224/occ/raw/span_matched/20230805_133951/m--20230805_133951--f000616.jpg,20230805_133951,mauritius,original,video,False,val,691.2085658160412
data/processed/mauritius/video/not_augmented/cull2_green_bg/head/224/occ/raw/span_matched/20230805_133951/m--20230805_133951--f000630.jpg,20230805_133951,mauritius,original,video,False,val,401.6847696010395
data/processed/mauritius/video/not_augmented/cull2_green_bg/head/224/occ/raw/span_matched/20230805_133951/m--20230805_133951--f000632.jpg,20230805_133951,mauritius,original,video,False,val,519.0883290673336
data/processed/mauritius/video/not_augmented/cull2_green_bg/head/224/occ/raw/span_matched/20230805_133951/m--20230805_133951--f000634.jpg,20230805_133951,mauritius,original,video,False,val,649.6906886166305
data/processed/mauritius/video/not_augmented/cull2_green_bg/head/224/occ/raw/span_matched/20230805_133951/m--20230805_133951--f000636.jpg,20230805_133951,mauritius,original,video,False,val,571.9084622030803
data/processed/mauritius/video/not_augmented/cull2_green_bg/head/224/occ/raw/span_matched/20230805_133951/m--20230805_133951--f000638.jpg,20230805_133951,mauritius,original,video,False,val,499.143335300304
data/processed/mauritius/video/not_augmented/cull2_green_bg/head/224/occ/raw/span_matched/20230805_133951/m--20230805_133951--f000640.jpg,20230805_133951,mauritius,original,video,False,val,501.9579479975385
data/processed/mauritius/video/not_augmented/cull2_green_bg/head/224/occ/raw/span_matched/20230805_133951/m--20230805_133951--f000642.jpg,20230805_133951,mauritius,original,video,False,val,426.3786670521168
data/processed/mauritius/video/not_augmented/cull2_green_bg/head/224/occ/raw/span_matched/20230805_133951/m--20230805_133951--f000644.jpg,20230805_133951,mauritius,original,video,False,val,382.2898397636334
data/processed/mauritius/video/not_augmented/cull2_green_bg/head/224/occ/raw/span_matched/20230805_133951/m--20230805_133951--f000646.jpg,20230805_133951,mauritius,original,video,False,val,358.7476681185385
data/processed/mauritius/video/not_augmented/cull2_green_bg/head/224/occ/raw/span_matched/20230805_133951/m--20230805_133951--f000648.jpg,20230805_133951,mauritius,original,video,False,val,316.8504065672887
data/processed/mauritius/video/not_augmented/cull2_green_bg/head/224/occ/raw/span_matched/20230805_133951/m--20230805_133951--f000650.jpg,20230805_133951,mauritius,original,video,False,val,286.3275868905579
data/processed/mauritius/video/not_augmented/cull2_green_bg/head/224/occ/raw/span_matched/20230805_133951/m--20230805_133951--f000652.jpg,20230805_133951,mauritius,original,video,False,val,241.84305238823052
data/processed/mauritius/video/not_augmented/cull2_green_bg/head/224/occ/raw/span_matched/20230805_133951/m--20230805_133951--f000654.jpg,20230805_133951,mauritius,original,video,False,val,223.41208944157827
data/processed/mauritius/video/not_augmented/cull2_green_bg/head/224/occ/raw/span_matched/20230805_133951/m--20230805_133951--f000656.jpg,20230805_133951,mauritius,original,video,False,val,217.87667387835634
data/processed/mauritius/video/not_augmented/cull2_green_bg/head/224/occ/raw/span_matched/20230805_133951/m--20230805_133951--f000658.jpg,20230805_133951,mauritius,original,video,False,val,178.14126274874687
data/processed/mauritius/video/not_augmented/cull2_green_bg/head/224/occ/raw/span_matched/20230805_133951/m--20230805_133951--f000982.jpg,20230805_133951,mauritius,original,video,False,val,544.0803560688316
data/processed/mauritius/video/not_augmented/cull2_green_bg/head/224/occ/raw/span_matched/20230805_133951/m--20230805_133951--f000984.jpg,20230805_133951,mauritius,original,video,False,val,86.70540903568865
data/processed/mauritius/video/not_augmented/cull2_green_bg/head/224/occ/raw/span_matched/20230805_133951/m--20230805_133951--f000986.jpg,20230805_133951,mauritius,original,video,False,val,212.56996947871997
data/processed/mauritius/video/not_augmented/cull2_green_bg/head/224/occ/raw/span_matched/20230805_133951/m--20230805_133951--f000990.jpg,20230805_133951,mauritius,original,video,False,val,364.7359660258645
data/processed/mauritius/video/not_augmented/cull2_green_bg/head/224/occ/raw/span_matched/20230805_133951/m--20230805_133951--f000992.jpg,20230805_133951,mauritius,original,video,False,val,352.6647956904546
data/processed/mauritius/video/not_augmented/cull2_green_bg/head/224/occ/raw/span_matched/20230805_133951/m--20230805_133951--f000994.jpg,20230805_133951,mauritius,original,video,False,val,605.4097144314768
data/processed/mauritius/video/not_augmented/cull2_green_bg/head/224/occ/raw/span_matched/20230805_133951/m--20230805_133951--f001034.jpg,20230805_133951,mauritius,original,video,False,val,568.8564245421804
data/processed/mauritius/video/not_augmented/cull2_green_bg/head/224/occ/raw/span_matched/20230805_133951/m--20230805_133951--f001048.jpg,20230805_133951,mauritius,original,video,False,val,243.12370208103127
data/processed/mauritius/video/not_augmented/cull2_green_bg/head/224/occ/raw/span_matched/20230805_133951/m--20230805_133951--f001050.jpg,20230805_133951,mauritius,original,video,False,val,243.9248644373209
data/processed/mauritius/video/not_augmented/cull2_green_bg/head/224/occ/raw/span_matched/20230805_133951/m--20230805_133951--f001052.jpg,20230805_133951,mauritius,original,video,False,val,262.1624083223069
data/processed/mauritius/video/not_augmented/cull2_green_bg/head/224/occ/raw/span_matched/20230805_133951/m--20230805_133951--f001054.jpg,20230805_133951,mauritius,original,video,False,val,215.74565529336735
data/processed/mauritius/video/not_augmented/cull2_green_bg/head/224/occ/raw/span_matched/20230805_133951/m--20230805_133951--f001056.jpg,20230805_133951,mauritius,original,video,False,val,185.30522186862387
data/processed/mauritius/video/not_augmented/cull2_green_bg/head/224/occ/raw/span_matched/20230805_133951/m--20230805_133951--f001058.jpg,20230805_133951,mauritius,original,video,False,val,175.74712994316133
data/processed/mauritius/video/not_augmented/cull2_green_bg/head/224/occ/raw/span_matched/20230805_133951/m--20230805_133951--f001242.jpg,20230805_133951,mauritius,original,video,False,val,463.7462332267554
data/processed/mauritius/video/not_augmented/cull2_green_bg/head/224/occ/raw/span_matched/20230805_133951/m--20230805_133951--f001270.jpg,20230805_133951,mauritius,original,video,False,val,206.51381135175546
data/processed/mauritius/video/not_augmented/cull2_green_bg/head/224/occ/raw/span_matched/20230805_133951/m--20230805_133951--f001272.jpg,20230805_133951,mauritius,original,video,False,val,219.5147281469578
data/processed/mauritius/video/not_augmented/cull2_green_bg/head/224/occ/raw/span_matched/20230805_133951/m--20230805_133951--f001274.jpg,20230805_133951,mauritius,original,video,False,val,222.52981504943162
data/processed/mauritius/video/not_augmented/cull2_green_bg/head/224/occ/raw/span_matched/20230805_133951/m--20230805_133951--f001276.jpg,20230805_133951,mauritius,original,video,False,val,193.2403937883548
data/processed/mauritius/video/not_augmented/cull2_green_bg/head/224/occ/raw/span_matched/20230805_133951/m--20230805_133951--f001278.jpg,20230805_133951,mauritius,original,video,False,val,277.5559829078779
data/processed/mauritius/video/not_augmented/cull2_green_bg/head/224/occ/raw/span_matched/20230805_133951/m--20230805_133951--f001280.jpg,20230805_133951,mauritius,original,video,False,val,358.39307637077627
data/processed/mauritius/video/not_augmented/cull2_green_bg/head/224/occ/raw/span_matched/20230805_133951/m--20230805_133951--f001282.jpg,20230805_133951,mauritius,original,video,False,val,1140.0577367661845
data/processed/mauritius/video/not_augmented/cull2_green_bg/head/224/occ/raw/span_matched/20230805_133951/m--20230805_133951--f001284.jpg,20230805_133951,mauritius,original,video,False,val,991.8279655612245
data/processed/mauritius/video/not_augmented/cull2_green_bg/head/224/occ/raw/span_matched/20230805_133951/m--20230805_133951--f001286.jpg,20230805_133951,mauritius,original,video,False,val,753.1970862242044
data/processed/mauritius/video/not_augmented/cull2_green_bg/head/224/occ/raw/span_matched/20230805_133951/m--20230805_133951--f001302.jpg,20230805_133951,mauritius,original,video,False,val,693.6622281851047
data/processed/mauritius/video/not_augmented/cull2_green_bg/head/224/occ/raw/span_matched/20230805_135856/m--20230805_135856--f000146.jpg,20230805_135856,mauritius,original,video,False,train,117.96416577772514
data/processed/mauritius/video/not_augmented/cull2_green_bg/head/224/occ/raw/span_matched/20230805_135856/m--20230805_135856--f000148.jpg,20230805_135856,mauritius,original,video,False,train,113.94409674716361
data/processed/mauritius/video/not_augmented/cull2_green_bg/head/224/occ/raw/span_matched/20230805_135856/m--20230805_135856--f000152.jpg,20230805_135856,mauritius,original,video,False,train,103.94080765393315
data/processed/mauritius/video/not_augmented/cull2_green_bg/head/224/occ/raw/span_matched/20230805_135856/m--20230805_135856--f000154.jpg,20230805_135856,mauritius,original,video,False,train,133.73774293401448
data/processed/mauritius/video/not_augmented/cull2_green_bg/head/224/occ/raw/span_matched/20230805_135856/m--20230805_135856--f000156.jpg,20230805_135856,mauritius,original,video,False,train,287.5433072233538
data/processed/mauritius/video/not_augmented/cull2_green_bg/head/224/occ/raw/span_matched/20230805_135856/m--20230805_135856--f000158.jpg,20230805_135856,mauritius,original,video,False,train,197.083745191416
data/processed/mauritius/video/not_augmented/cull2_green_bg/head/224/occ/raw/span_matched/20230805_135856/m--20230805_135856--f000162.jpg,20230805_135856,mauritius,original,video,False,train,200.98881928874073
data/processed/mauritius/video/not_augmented/cull2_green_bg/head/224/occ/raw/span_matched/20230805_135856/m--20230805_135856--f000322.jpg,20230805_135856,mauritius,original,video,False,train,118.32852226076203
data/processed/mauritius/video/not_augmented/cull2_green_bg/head/224/occ/raw/span_matched/20230805_135856/m--20230805_135856--f000574.jpg,20230805_135856,mauritius,original,video,False,train,284.91185023892876
data/processed/mauritius/video/not_augmented/cull2_green_bg/head/224/occ/raw/span_matched/20230805_135856/m--20230805_135856--f000576.jpg,20230805_135856,mauritius,original,video,False,train,247.2610011738273
data/processed/mauritius/video/not_augmented/cull2_green_bg/head/224/occ/raw/span_matched/20230805_135856/m--20230805_135856--f000582.jpg,20230805_135856,mauritius,original,video,False,train,399.1698022387218
data/processed/mauritius/video/not_augmented/cull2_green_bg/head/224/occ/raw/span_matched/20230805_135856/m--20230805_135856--f000586.jpg,20230805_135856,mauritius,original,video,False,train,437.40258290816325
data/processed/mauritius/video/not_augmented/cull2_green_bg/head/224/occ/raw/span_matched/20230805_135856/m--20230805_135856--f000588.jpg,20230805_135856,mauritius,original,video,False,train,818.4992227165068
data/processed/mauritius/video/not_augmented/cull2_green_bg/head/224/occ/raw/span_matched/20230805_135856/m--20230805_135856--f000590.jpg,20230805_135856,mauritius,original,video,False,train,919.1188615928438
data/processed/mauritius/video/not_augmented/cull2_green_bg/head/224/occ/raw/span_matched/20230805_135856/m--20230805_135856--f000592.jpg,20230805_135856,mauritius,original,video,False,train,961.9511320153061
data/processed/mauritius/video/not_augmented/cull2_green_bg/head/224/occ/raw/span_matched/20230805_135856/m--20230805_135856--f000594.jpg,20230805_135856,mauritius,original,video,False,train,1045.2136877616808
data/processed/mauritius/video/not_augmented/cull2_green_bg/head/224/occ/raw/span_matched/20230805_135856/m--20230805_135856--f000596.jpg,20230805_135856,mauritius,original,video,False,train,1062.2966956278028
data/processed/mauritius/video/not_augmented/cull2_green_bg/head/224/occ/raw/span_matched/20230805_135856/m--20230805_135856--f000598.jpg,20230805_135856,mauritius,original,video,False,train,1008.2413305161845
data/processed/mauritius/video/not_augmented/cull2_green_bg/head/224/occ/raw/span_matched/20230805_135856/m--20230805_135856--f000600.jpg,20230805_135856,mauritius,original,video,False,train,1069.1206552917783
data/processed/mauritius/video/not_augmented/cull2_green_bg/head/224/occ/raw/span_matched/20230805_135856/m--20230805_135856--f000602.jpg,20230805_135856,mauritius,original,video,False,train,1111.515684770078
data/processed/mauritius/video/not_augmented/cull2_green_bg/head/224/occ/raw/span_matched/20230805_135856/m--20230805_135856--f000604.jpg,20230805_135856,mauritius,original,video,False,train,1110.7003945787965
data/processed/mauritius/video/not_augmented/cull2_green_bg/head/224/occ/raw/span_matched/20230805_135856/m--20230805_135856--f000606.jpg,20230805_135856,mauritius,original,video,False,train,1143.2709263138652
data/processed/mauritius/video/not_augmented/cull2_green_bg/head/224/occ/raw/span_matched/20230805_135856/m--20230805_135856--f000608.jpg,20230805_135856,mauritius,original,video,False,train,376.5715481250895
data/processed/mauritius/video/not_augmented/cull2_green_bg/head/224/occ/raw/span_matched/20230805_135856/m--20230805_135856--f000610.jpg,20230805_135856,mauritius,original,video,False,train,328.6914659247504
data/processed/mauritius/video/not_augmented/cull2_green_bg/head/224/occ/raw/span_matched/20230805_135856/m--20230805_135856--f001484.jpg,20230805_135856,mauritius,original,video,False,train,423.11993781887753
data/processed/mauritius/video/not_augmented/cull2_green_bg/head/224/occ/raw/span_matched/20230805_135856/m--20230805_135856--f001486.jpg,20230805_135856,mauritius,original,video,False,train,442.92042011124363
data/processed/mauritius/video/not_augmented/cull2_green_bg/head/224/occ/raw/span_matched/20230805_135856/m--20230805_135856--f001488.jpg,20230805_135856,mauritius,original,video,False,train,537.5852200239214
data/processed/mauritius/video/not_augmented/cull2_green_bg/head/224/occ/raw/span_matched/20230805_135856/m--20230805_135856--f001490.jpg,20230805_135856,mauritius,original,video,False,train,699.4864476786611
data/processed/mauritius/video/not_augmented/cull2_green_bg/head/224/occ/raw/span_matched/20230805_135856/m--20230805_135856--f001492.jpg,20230805_135856,mauritius,original,video,False,train,755.3948501132518
data/processed/mauritius/video/not_augmented/cull2_green_bg/head/224/occ/raw/span_matched/20230805_135856/m--20230805_135856--f001494.jpg,20230805_135856,mauritius,original,video,False,train,775.319654814654
data/processed/mauritius/video/not_augmented/cull2_green_bg/head/224/occ/raw/span_matched/20230805_135856/m--20230805_135856--f001498.jpg,20230805_135856,mauritius,original,video,False,train,939.3901466820846
data/processed/mauritius/video/not_augmented/cull2_green_bg/head/224/occ/raw/span_matched/20230805_135856/m--20230805_135856--f001506.jpg,20230805_135856,mauritius,original,video,False,train,322.3501275367213
data/processed/mauritius/video/not_augmented/cull2_green_bg/head/224/occ/raw/span_matched/20230805_135856/m--20230805_135856--f001508.jpg,20230805_135856,mauritius,original,video,False,train,338.96727516590585
data/processed/mauritius/video/not_augmented/cull2_green_bg/head/224/occ/raw/span_matched/20230805_135856/m--20230805_135856--f001510.jpg,20230805_135856,mauritius,original,video,False,train,311.82661033004376
data/processed/mauritius/video/not_augmented/cull2_green_bg/head/224/occ/raw/span_matched/20230805_143328/m--20230805_143328--f000198.jpg,20230805_143328,mauritius,original,video,False,train,608.6010641644568
data/processed/mauritius/video/not_augmented/cull2_green_bg/head/224/occ/raw/span_matched/20230805_143328/m--20230805_143328--f000200.jpg,20230805_143328,mauritius,original,video,False,train,676.4167131025164
data/processed/mauritius/video/not_augmented/cull2_green_bg/head/224/occ/raw/span_matched/20230805_143328/m--20230805_143328--f000202.jpg,20230805_143328,mauritius,original,video,False,train,708.0724051303537
data/processed/mauritius/video/not_augmented/cull2_green_bg/head/224/occ/raw/span_matched/20230805_143328/m--20230805_143328--f000204.jpg,20230805_143328,mauritius,original,video,False,train,613.1258370519827
data/processed/mauritius/video/not_augmented/cull2_green_bg/head/224/occ/raw/span_matched/20230805_143328/m--20230805_143328--f000206.jpg,20230805_143328,mauritius,original,video,False,train,553.9384964351502
data/processed/mauritius/video/not_augmented/cull2_green_bg/head/224/occ/raw/span_matched/20230805_143328/m--20230805_143328--f000208.jpg,20230805_143328,mauritius,original,video,False,train,569.7228954065745
data/processed/mauritius/video/not_augmented/cull2_green_bg/head/224/occ/raw/span_matched/20230805_143328/m--20230805_143328--f000210.jpg,20230805_143328,mauritius,original,video,False,train,607.5785235953499
data/processed/mauritius/video/not_augmented/cull2_green_bg/head/224/occ/raw/span_matched/20230805_143328/m--20230805_143328--f000212.jpg,20230805_143328,mauritius,original,video,False,train,600.633529972901
data/processed/mauritius/video/not_augmented/cull2_green_bg/head/224/occ/raw/span_matched/20230805_143328/m--20230805_143328--f000214.jpg,20230805_143328,mauritius,original,video,False,train,548.3206114441294
data/processed/mauritius/video/not_augmented/cull2_green_bg/head/224/occ/raw/span_matched/20230805_143328/m--20230805_143328--f000918.jpg,20230805_143328,mauritius,original,video,False,train,343.77489236889664
data/processed/mauritius/video/not_augmented/cull2_green_bg/head/224/occ/raw/span_matched/20230805_143328/m--20230805_143328--f000920.jpg,20230805_143328,mauritius,original,video,False,train,339.9213966773183
data/processed/mauritius/video/not_augmented/cull2_green_bg/head/224/occ/raw/span_matched/20230805_143328/m--20230805_143328--f000922.jpg,20230805_143328,mauritius,original,video,False,train,341.88514429169464
data/processed/mauritius/video/not_augmented/cull2_green_bg/head/224/occ/raw/span_matched/20230805_143328/m--20230805_143328--f000924.jpg,20230805_143328,mauritius,original,video,False,train,340.44547193718677
data/processed/mauritius/video/not_augmented/cull2_green_bg/head/224/occ/raw/span_matched/20230805_143328/m--20230805_143328--f000932.jpg,20230805_143328,mauritius,original,video,False,train,323.9196827104816
data/processed/mauritius/video/not_augmented/cull2_green_bg/head/224/occ/raw/span_matched/20230805_143328/m--20230805_143328--f000936.jpg,20230805_143328,mauritius,original,video,False,train,324.3045479239449
data/processed/mauritius/video/not_augmented/cull2_green_bg/head/224/occ/raw/span_matched/20230805_144129/m--20230805_144129--f000140.jpg,20230805_144129,mauritius,original,video,False,val,176.65919370544
data/processed/mauritius/video/not_augmented/cull2_green_bg/head/224/occ/raw/span_matched/20230805_144129/m--20230805_144129--f000146.jpg,20230805_144129,mauritius,original,video,False,val,473.21534199259867
data/processed/mauritius/video/not_augmented/cull2_green_bg/head/224/occ/raw/span_matched/20230805_144129/m--20230805_144129--f001030.jpg,20230805_144129,mauritius,original,video,False,val,494.0408163265306
data/processed/mauritius/video/not_augmented/cull2_green_bg/head/224/occ/raw/span_matched/20230805_145141/m--20230805_145141--f000694.jpg,20230805_145141,mauritius,original,video,False,val,448.09815446400034
data/processed/mauritius/video/not_augmented/cull2_green_bg/head/224/occ/raw/span_matched/20230805_145141/m--20230805_145141--f000702.jpg,20230805_145141,mauritius,original,video,False,val,842.3741031469579
data/processed/mauritius/video/not_augmented/cull2_green_bg/head/224/occ/raw/span_matched/20230805_145141/m--20230805_145141--f000704.jpg,20230805_145141,mauritius,original,video,False,val,810.8982182522209
data/processed/mauritius/video/not_augmented/cull2_green_bg/head/224/occ/raw/span_matched/20230805_145141/m--20230805_145141--f000706.jpg,20230805_145141,mauritius,original,video,False,val,789.985052513113
data/processed/mauritius/video/not_augmented/cull2_green_bg/head/224/occ/raw/span_matched/20230805_145141/m--20230805_145141--f000708.jpg,20230805_145141,mauritius,original,video,False,val,803.5070950239214
data/processed/mauritius/video/not_augmented/cull2_green_bg/head/224/occ/raw/span_matched/20230805_145141/m--20230805_145141--f000710.jpg,20230805_145141,mauritius,original,video,False,val,759.2689332767409
data/processed/mauritius/video/not_augmented/cull2_green_bg/head/224/occ/raw/span_matched/20230805_145141/m--20230805_145141--f000712.jpg,20230805_145141,mauritius,original,video,False,val,730.8153100412919
data/processed/mauritius/video/not_augmented/cull2_green_bg/head/224/occ/raw/span_matched/20230805_145141/m--20230805_145141--f000714.jpg,20230805_145141,mauritius,original,video,False,val,705.3746412564
data/processed/mauritius/video/not_augmented/cull2_green_bg/head/224/occ/raw/span_matched/20230805_145141/m--20230805_145141--f000716.jpg,20230805_145141,mauritius,original,video,False,val,715.1950932522209
data/processed/mauritius/video/not_augmented/cull2_green_bg/head/224/occ/raw/span_matched/20230805_145141/m--20230805_145141--f000718.jpg,20230805_145141,mauritius,original,video,False,val,699.1690848198398
data/processed/mauritius/video/not_augmented/cull2_green_bg/head/224/occ/raw/span_matched/20230805_145141/m--20230805_145141--f000720.jpg,20230805_145141,mauritius,original,video,False,val,701.7308274872449
data/processed/mauritius/video/not_augmented/cull2_green_bg/head/224/occ/raw/span_matched/20230805_145141/m--20230805_145141--f000722.jpg,20230805_145141,mauritius,original,video,False,val,669.0697943176244
data/processed/mauritius/video/not_augmented/cull2_green_bg/head/224/occ/raw/span_matched/20230805_145141/m--20230805_145141--f000724.jpg,20230805_145141,mauritius,original,video,False,val,626.482421875
data/processed/mauritius/video/not_augmented/cull2_green_bg/head/224/occ/raw/span_matched/20230805_145141/m--20230805_145141--f000726.jpg,20230805_145141,mauritius,original,video,False,val,681.4765425506903
data/processed/mauritius/video/not_augmented/cull2_green_bg/head/224/occ/raw/span_matched/20230805_145141/m--20230805_145141--f000728.jpg,20230805_145141,mauritius,original,video,False,val,474.6134406887755
data/processed/mauritius/video/not_augmented/cull2_green_bg/head/224/occ/raw/span_matched/20230805_145141/m--20230805_145141--f000730.jpg,20230805_145141,mauritius,original,video,False,val,517.2456951530612
data/processed/mauritius/video/not_augmented/cull2_green_bg/head/224/occ/raw/span_matched/20230805_145141/m--20230805_145141--f000732.jpg,20230805_145141,mauritius,original,video,False,val,533.2116948341836
data/processed/mauritius/video/not_augmented/cull2_green_bg/head/224/occ/raw/span_matched/20230805_145141/m--20230805_145141--f000734.jpg,20230805_145141,mauritius,original,video,False,val,534.8510443223907
data/processed/mauritius/video/not_augmented/cull2_green_bg/head/224/occ/raw/span_matched/20230805_145141/m--20230805_145141--f000736.jpg,20230805_145141,mauritius,original,video,False,val,507.4546595882843
data/processed/mauritius/video/not_augmented/cull2_green_bg/head/224/occ/raw/span_matched/20230805_145141/m--20230805_145141--f000738.jpg,20230805_145141,mauritius,original,video,False,val,555.5369698338983
data/processed/mauritius/video/not_augmented/cull2_green_bg/head/224/occ/raw/span_matched/20230805_145141/m--20230805_145141--f000740.jpg,20230805_145141,mauritius,original,video,False,val,585.6939769901369
data/processed/mauritius/video/not_augmented/cull2_green_bg/head/224/occ/raw/span_matched/20230805_145141/m--20230805_145141--f000742.jpg,20230805_145141,mauritius,original,video,False,val,596.0312898596939
data/processed/mauritius/video/not_augmented/cull2_green_bg/head/224/occ/raw/span_matched/20230805_145141/m--20230805_145141--f000934.jpg,20230805_145141,mauritius,original,video,False,val,535.5887874645375
data/processed/mauritius/video/not_augmented/cull2_green_bg/head/224/occ/raw/span_matched/20230805_145141/m--20230805_145141--f000936.jpg,20230805_145141,mauritius,original,video,False,val,478.4347895344612
data/processed/mauritius/video/not_augmented/cull2_green_bg/head/224/occ/raw/span_matched/20230805_145141/m--20230805_145141--f000996.jpg,20230805_145141,mauritius,original,video,False,val,204.8933154812757
data/processed/mauritius/video/not_augmented/cull2_green_bg/head/224/occ/raw/span_matched/20230805_145141/m--20230805_145141--f000998.jpg,20230805_145141,mauritius,original,video,False,val,225.6509685806313
data/processed/mauritius/video/not_augmented/cull2_green_bg/head/224/occ/raw/span_matched/20230805_145141/m--20230805_145141--f001000.jpg,20230805_145141,mauritius,original,video,False,val,253.6270727024928
data/processed/mauritius/video/not_augmented/cull2_green_bg/head/224/occ/raw/span_matched/20230805_145141/m--20230805_145141--f001002.jpg,20230805_145141,mauritius,original,video,False,val,210.15790388773797
data/processed/mauritius/video/not_augmented/cull2_green_bg/head/224/occ/raw/span_matched/20230805_145141/m--20230805_145141--f001060.jpg,20230805_145141,mauritius,original,video,False,val,215.5014548784293
data/processed/mauritius/video/not_augmented/cull2_green_bg/head/224/occ/raw/span_matched/20230805_145141/m--20230805_145141--f001062.jpg,20230805_145141,mauritius,original,video,False,val,260.0099051239986
data/processed/mauritius/video/not_augmented/cull2_green_bg/head/224/occ/raw/span_matched/20230805_145141/m--20230805_145141--f001064.jpg,20230805_145141,mauritius,original,video,False,val,236.48696587374687
data/processed/mauritius/video/not_augmented/cull2_green_bg/head/224/occ/raw/span_matched/20230805_145544/m--20230805_145544--f000146.jpg,20230805_145544,mauritius,original,video,False,test,707.6909942054987
data/processed/mauritius/video/not_augmented/cull2_green_bg/head/224/occ/raw/span_matched/20230805_145544/m--20230805_145544--f000148.jpg,20230805_145544,mauritius,original,video,False,test,249.37167122899274
data/processed/mauritius/video/not_augmented/cull2_green_bg/head/224/occ/raw/span_matched/20230805_145544/m--20230805_145544--f000150.jpg,20230805_145544,mauritius,original,video,False,test,408.1029370552994
data/processed/mauritius/video/not_augmented/cull2_green_bg/head/224/occ/raw/span_matched/20230805_145544/m--20230805_145544--f000152.jpg,20230805_145544,mauritius,original,video,False,test,777.0230171901887
data/processed/mauritius/video/not_augmented/cull2_green_bg/head/224/occ/raw/span_matched/20230805_145544/m--20230805_145544--f000154.jpg,20230805_145544,mauritius,original,video,False,test,251.72265623570084
data/processed/mauritius/video/not_augmented/cull2_green_bg/head/224/occ/raw/span_matched/20230805_145544/m--20230805_145544--f000156.jpg,20230805_145544,mauritius,original,video,False,test,274.31305712056826
data/processed/mauritius/video/not_augmented/cull2_green_bg/head/224/occ/raw/span_matched/20230805_145544/m--20230805_145544--f000158.jpg,20230805_145544,mauritius,original,video,False,test,360.2872612495215
data/processed/mauritius/video/not_augmented/cull2_green_bg/head/224/occ/raw/span_matched/20230805_145544/m--20230805_145544--f000160.jpg,20230805_145544,mauritius,original,video,False,test,345.55589160617313
data/processed/mauritius/video/not_augmented/cull2_green_bg/head/224/occ/raw/span_matched/20230805_145544/m--20230805_145544--f000162.jpg,20230805_145544,mauritius,original,video,False,test,262.4882991775678
data/processed/mauritius/video/not_augmented/cull2_green_bg/head/224/occ/raw/span_matched/20230805_145544/m--20230805_145544--f000164.jpg,20230805_145544,mauritius,original,video,False,test,279.5976952692213
data/processed/mauritius/video/not_augmented/cull2_green_bg/head/224/occ/raw/span_matched/20230805_145544/m--20230805_145544--f000166.jpg,20230805_145544,mauritius,original,video,False,test,431.42478598380575
data/processed/mauritius/video/not_augmented/cull2_green_bg/head/224/occ/raw/span_matched/20230805_145544/m--20230805_145544--f000168.jpg,20230805_145544,mauritius,original,video,False,test,575.0420716967697
data/processed/mauritius/video/not_augmented/cull2_green_bg/head/224/occ/raw/span_matched/20230805_145544/m--20230805_145544--f000170.jpg,20230805_145544,mauritius,original,video,False,test,482.4873041437349
data/processed/mauritius/video/not_augmented/cull2_green_bg/head/224/occ/raw/span_matched/20230805_145544/m--20230805_145544--f000172.jpg,20230805_145544,mauritius,original,video,False,test,435.27289878999323
data/processed/mauritius/video/not_augmented/cull2_green_bg/head/224/occ/raw/span_matched/20230805_145544/m--20230805_145544--f000174.jpg,20230805_145544,mauritius,original,video,False,test,414.4737681889722
data/processed/mauritius/video/not_augmented/cull2_green_bg/head/224/occ/raw/span_matched/20230805_145544/m--20230805_145544--f000176.jpg,20230805_145544,mauritius,original,video,False,test,436.72092210506696
data/processed/mauritius/video/not_augmented/cull2_green_bg/head/224/occ/raw/span_matched/20230805_145544/m--20230805_145544--f000178.jpg,20230805_145544,mauritius,original,video,False,test,354.33679447984355
data/processed/mauritius/video/not_augmented/cull2_green_bg/head/224/occ/raw/span_matched/20230805_145544/m--20230805_145544--f000180.jpg,20230805_145544,mauritius,original,video,False,test,293.09733401055837
data/processed/mauritius/video/not_augmented/cull2_green_bg/head/224/occ/raw/span_matched/20230805_145544/m--20230805_145544--f000182.jpg,20230805_145544,mauritius,original,video,False,test,255.2817441943485
data/processed/mauritius/video/not_augmented/cull2_green_bg/head/224/occ/raw/span_matched/20230805_145544/m--20230805_145544--f000184.jpg,20230805_145544,mauritius,original,video,False,test,229.2498795804457
data/processed/mauritius/video/not_augmented/cull2_green_bg/head/224/occ/raw/span_matched/20230805_145544/m--20230805_145544--f000186.jpg,20230805_145544,mauritius,original,video,False,test,236.07218520495357
data/processed/mauritius/video/not_augmented/cull2_green_bg/head/224/occ/raw/span_matched/20230805_145544/m--20230805_145544--f000188.jpg,20230805_145544,mauritius,original,video,False,test,187.65361894880022
data/processed/mauritius/video/not_augmented/cull2_green_bg/head/224/occ/raw/span_matched/20230805_145544/m--20230805_145544--f000190.jpg,20230805_145544,mauritius,original,video,False,test,172.58304767179672
data/processed/mauritius/video/not_augmented/cull2_green_bg/head/224/occ/raw/span_matched/20230805_145544/m--20230805_145544--f001056.jpg,20230805_145544,mauritius,original,video,False,test,614.2624758919395
data/processed/mauritius/video/not_augmented/cull2_green_bg/head/224/occ/raw/span_matched/20230805_145544/m--20230805_145544--f001058.jpg,20230805_145544,mauritius,original,video,False,test,506.2508241843304
data/processed/mauritius/video/not_augmented/cull2_green_bg/head/224/occ/raw/span_matched/20230805_145544/m--20230805_145544--f001060.jpg,20230805_145544,mauritius,original,video,False,test,510.27515123805017
data/processed/mauritius/video/not_augmented/cull2_green_bg/head/224/occ/raw/span_matched/20230805_145544/m--20230805_145544--f001062.jpg,20230805_145544,mauritius,original,video,False,test,656.4835179272119
data/processed/mauritius/video/not_augmented/cull2_green_bg/head/224/occ/raw/span_matched/20230805_145544/m--20230805_145544--f001064.jpg,20230805_145544,mauritius,original,video,False,test,502.23814174067417
data/processed/mauritius/video/not_augmented/cull2_green_bg/head/224/occ/raw/span_matched/20230805_145544/m--20230805_145544--f001066.jpg,20230805_145544,mauritius,original,video,False,test,421.7941046841489
data/processed/mauritius/video/not_augmented/cull2_green_bg/head/224/occ/raw/span_matched/20230805_145544/m--20230805_145544--f001068.jpg,20230805_145544,mauritius,original,video,False,test,368.7528897606795
data/processed/mauritius/video/not_augmented/cull2_green_bg/head/224/occ/raw/span_matched/20230805_145544/m--20230805_145544--f001070.jpg,20230805_145544,mauritius,original,video,False,test,331.1743861543591
data/processed/mauritius/video/not_augmented/cull2_green_bg/head/224/occ/raw/span_matched/20230805_150231/m--20230805_150231--f000134.jpg,20230805_150231,mauritius,original,video,False,val,268.8924983992571
data/processed/mauritius/video/not_augmented/cull2_green_bg/head/224/occ/raw/span_matched/20230805_150231/m--20230805_150231--f000136.jpg,20230805_150231,mauritius,original,video,False,val,194.6420001495088
data/processed/mauritius/video/not_augmented/cull2_green_bg/head/224/occ/raw/span_matched/20230805_150231/m--20230805_150231--f000138.jpg,20230805_150231,mauritius,original,video,False,val,643.2447983095518
data/processed/mauritius/video/not_augmented/cull2_green_bg/head/224/occ/raw/span_matched/20230805_150231/m--20230805_150231--f000140.jpg,20230805_150231,mauritius,original,video,False,val,1008.4282923709944
data/processed/mauritius/video/not_augmented/cull2_green_bg/head/224/occ/raw/span_matched/20230805_150231/m--20230805_150231--f000142.jpg,20230805_150231,mauritius,original,video,False,val,561.8531768140273
data/processed/mauritius/video/not_augmented/cull2_green_bg/head/224/occ/raw/span_matched/20230805_150231/m--20230805_150231--f000144.jpg,20230805_150231,mauritius,original,video,False,val,469.6692641896538
data/processed/mauritius/video/not_augmented/cull2_green_bg/head/224/occ/raw/span_matched/20230805_150231/m--20230805_150231--f000146.jpg,20230805_150231,mauritius,original,video,False,val,556.6337691310644
data/processed/mauritius/video/not_augmented/cull2_green_bg/head/224/occ/raw/span_matched/20230805_150231/m--20230805_150231--f000148.jpg,20230805_150231,mauritius,original,video,False,val,498.32087053412545
data/processed/mauritius/video/not_augmented/cull2_green_bg/head/224/occ/raw/span_matched/20230805_150231/m--20230805_150231--f000470.jpg,20230805_150231,mauritius,original,video,False,val,185.06720343752238
data/processed/mauritius/video/not_augmented/cull2_green_bg/head/224/occ/raw/span_matched/20230805_150231/m--20230805_150231--f000472.jpg,20230805_150231,mauritius,original,video,False,val,201.1185224180369
data/processed/mauritius/video/not_augmented/cull2_green_bg/head/224/occ/raw/span_matched/20230805_150231/m--20230805_150231--f000474.jpg,20230805_150231,mauritius,original,video,False,val,169.83824935588973
data/processed/mauritius/video/not_augmented/cull2_green_bg/head/224/occ/raw/span_matched/20230805_150231/m--20230805_150231--f000476.jpg,20230805_150231,mauritius,original,video,False,val,132.13582123919656
data/processed/mauritius/video/not_augmented/cull2_green_bg/head/224/occ/raw/span_matched/20230805_150231/m--20230805_150231--f000478.jpg,20230805_150231,mauritius,original,video,False,val,93.13436529786327
data/processed/mauritius/video/not_augmented/cull2_green_bg/head/224/occ/raw/span_matched/20230805_150231/m--20230805_150231--f000480.jpg,20230805_150231,mauritius,original,video,False,val,107.13956811397287
data/processed/mauritius/video/not_augmented/cull2_green_bg/head/224/occ/raw/span_matched/20230805_150231/m--20230805_150231--f000482.jpg,20230805_150231,mauritius,original,video,False,val,119.37033498590064
data/processed/mauritius/video/not_augmented/cull2_green_bg/head/224/occ/raw/span_matched/20230805_150231/m--20230805_150231--f000484.jpg,20230805_150231,mauritius,original,video,False,val,123.61423782545644
data/processed/mauritius/video/not_augmented/cull2_green_bg/head/224/occ/raw/span_matched/20230805_150231/m--20230805_150231--f000486.jpg,20230805_150231,mauritius,original,video,False,val,111.57938003659197
data/processed/mauritius/video/not_augmented/cull2_green_bg/head/224/occ/raw/span_matched/20230805_150231/m--20230805_150231--f000488.jpg,20230805_150231,mauritius,original,video,False,val,103.27146437802645
data/processed/mauritius/video/not_augmented/cull2_green_bg/head/224/occ/raw/span_matched/20230805_150231/m--20230805_150231--f000490.jpg,20230805_150231,mauritius,original,video,False,val,128.87840788903605
data/processed/mauritius/video/not_augmented/cull2_green_bg/head/224/occ/raw/span_matched/20230805_150231/m--20230805_150231--f000548.jpg,20230805_150231,mauritius,original,video,False,val,149.79294241373364
data/processed/mauritius/video/not_augmented/cull2_green_bg/head/224/occ/raw/span_matched/20230805_150231/m--20230805_150231--f000840.jpg,20230805_150231,mauritius,original,video,False,val,290.1055417567281
data/processed/mauritius/video/not_augmented/cull2_green_bg/head/224/occ/raw/span_matched/20230805_150231/m--20230805_150231--f000844.jpg,20230805_150231,mauritius,original,video,False,val,277.96651785555406
data/processed/mauritius/video/not_augmented/cull2_green_bg/head/224/occ/raw/span_matched/20230805_150231/m--20230805_150231--f000846.jpg,20230805_150231,mauritius,original,video,False,val,342.72022475147685
data/processed/mauritius/video/not_augmented/cull2_green_bg/head/224/occ/raw/span_matched/20230805_150231/m--20230805_150231--f000848.jpg,20230805_150231,mauritius,original,video,False,val,289.06423387722094
data/processed/mauritius/video/not_augmented/cull2_green_bg/head/224/occ/raw/span_matched/20230805_150231/m--20230805_150231--f000850.jpg,20230805_150231,mauritius,original,video,False,val,245.78918207908163
data/processed/mauritius/video/not_augmented/cull2_green_bg/head/224/occ/raw/span_matched/20230805_150231/m--20230805_150231--f000852.jpg,20230805_150231,mauritius,original,video,False,val,213.69455514039558
data/processed/mauritius/video/not_augmented/cull2_green_bg/head/224/occ/raw/span_matched/20230805_150231/m--20230805_150231--f000854.jpg,20230805_150231,mauritius,original,video,False,val,236.45922350774256
data/processed/mauritius/video/not_augmented/cull2_green_bg/head/224/occ/raw/span_matched/20230805_150231/m--20230805_150231--f000856.jpg,20230805_150231,mauritius,original,video,False,val,340.2537067227441
data/processed/mauritius/video/not_augmented/cull2_green_bg/head/224/occ/raw/span_matched/20230805_150231/m--20230805_150231--f000858.jpg,20230805_150231,mauritius,original,video,False,val,398.329420407878
data/processed/mauritius/video/not_augmented/cull2_green_bg/head/224/occ/raw/span_matched/20230805_150231/m--20230805_150231--f000860.jpg,20230805_150231,mauritius,original,video,False,val,337.92472494864955
data/processed/mauritius/video/not_augmented/cull2_green_bg/head/224/occ/raw/span_matched/20230805_150231/m--20230805_150231--f000862.jpg,20230805_150231,mauritius,original,video,False,val,343.04637675342923
data/processed/mauritius/video/not_augmented/cull2_green_bg/head/224/occ/raw/span_matched/20230805_150231/m--20230805_150231--f000864.jpg,20230805_150231,mauritius,original,video,False,val,355.14891580202743
data/processed/mauritius/video/not_augmented/cull2_green_bg/head/224/occ/raw/span_matched/20230805_150231/m--20230805_150231--f000866.jpg,20230805_150231,mauritius,original,video,False,val,373.8258928555541
data/processed/mauritius/video/not_augmented/cull2_green_bg/head/224/occ/raw/span_matched/20230805_150231/m--20230805_150231--f000868.jpg,20230805_150231,mauritius,original,video,False,val,391.88105865917026
data/processed/mauritius/video/not_augmented/cull2_green_bg/head/224/occ/raw/span_matched/20230805_150231/m--20230805_150231--f000870.jpg,20230805_150231,mauritius,original,video,False,val,411.7816884550438
data/processed/mauritius/video/not_augmented/cull2_green_bg/head/224/occ/raw/span_matched/20230805_150231/m--20230805_150231--f000872.jpg,20230805_150231,mauritius,original,video,False,val,703.4161332578075
data/processed/mauritius/video/not_augmented/cull2_green_bg/head/224/occ/raw/span_matched/20230805_150231/m--20230805_150231--f000874.jpg,20230805_150231,mauritius,original,video,False,val,865.8079950141192
data/processed/mauritius/video/not_augmented/cull2_green_bg/head/224/occ/raw/span_matched/20230805_150231/m--20230805_150231--f000876.jpg,20230805_150231,mauritius,original,video,False,val,1140.646643407044
data/processed/mauritius/video/not_augmented/cull2_green_bg/head/224/occ/raw/span_matched/20230805_150231/m--20230805_150231--f000878.jpg,20230805_150231,mauritius,original,video,False,val,1005.8260013893316
data/processed/mauritius/video/not_augmented/cull2_green_bg/head/224/occ/raw/span_matched/20230805_150231/m--20230805_150231--f000880.jpg,20230805_150231,mauritius,original,video,False,val,800.4838553940639
data/processed/mauritius/video/not_augmented/cull2_green_bg/head/224/occ/raw/span_matched/20230805_150231/m--20230805_150231--f000888.jpg,20230805_150231,mauritius,original,video,False,val,435.3767337532949
data/processed/mauritius/video/not_augmented/cull2_green_bg/head/224/occ/raw/span_matched/20230805_150231/m--20230805_150231--f000892.jpg,20230805_150231,mauritius,original,video,False,val,1633.807076665075
data/processed/mauritius/video/not_augmented/cull2_green_bg/head/224/occ/raw/span_matched/20230805_150231/m--20230805_150231--f000934.jpg,20230805_150231,mauritius,original,video,False,val,132.7838867327314
data/processed/mauritius/video/not_augmented/cull2_green_bg/head/224/occ/raw/span_matched/20230805_150231/m--20230805_150231--f000948.jpg,20230805_150231,mauritius,original,video,False,val,940.9768990731546
data/processed/mauritius/video/not_augmented/cull2_green_bg/head/224/occ/raw/span_matched/20230805_150231/m--20230805_150231--f000950.jpg,20230805_150231,mauritius,original,video,False,val,770.2292729528285
data/processed/mauritius/video/not_augmented/cull2_green_bg/head/224/occ/raw/span_matched/20230805_150231/m--20230805_150231--f000952.jpg,20230805_150231,mauritius,original,video,False,val,480.6766973874411
data/processed/mauritius/video/not_augmented/cull2_green_bg/head/224/occ/raw/span_matched/20230805_150231/m--20230805_150231--f000954.jpg,20230805_150231,mauritius,original,video,False,val,918.227160389053
data/processed/mauritius/video/not_augmented/cull2_green_bg/head/224/occ/raw/span_matched/20230805_150231/m--20230805_150231--f000956.jpg,20230805_150231,mauritius,original,video,False,val,796.948282037264
data/processed/mauritius/video/not_augmented/cull2_green_bg/head/224/occ/raw/span_matched/20230805_150231/m--20230805_150231--f000962.jpg,20230805_150231,mauritius,original,video,False,val,426.58354476013557
data/processed/mauritius/video/not_augmented/cull2_green_bg/head/224/occ/raw/span_matched/20230805_150231/m--20230805_150231--f000964.jpg,20230805_150231,mauritius,original,video,False,val,210.40912503254805
data/processed/mauritius/video/not_augmented/cull2_green_bg/head/224/occ/raw/span_matched/20230805_150231/m--20230805_150231--f001026.jpg,20230805_150231,mauritius,original,video,False,val,529.4967513678224
data/processed/mauritius/video/not_augmented/cull2_green_bg/head/224/occ/raw/span_matched/20230807_060504/m--20230807_060504--f000170.jpg,20230807_060504,mauritius,original,video,False,train,313.5767498083881
data/processed/mauritius/video/not_augmented/cull2_green_bg/head/224/occ/raw/span_matched/20230807_060504/m--20230807_060504--f000172.jpg,20230807_060504,mauritius,original,video,False,train,373.72815657635124
data/processed/mauritius/video/not_augmented/cull2_green_bg/head/224/occ/raw/span_matched/20230807_060504/m--20230807_060504--f000174.jpg,20230807_060504,mauritius,original,video,False,train,406.67954781590674
data/processed/mauritius/video/not_augmented/cull2_green_bg/head/224/occ/raw/span_matched/20230807_060504/m--20230807_060504--f000176.jpg,20230807_060504,mauritius,original,video,False,train,401.62342542730136
data/processed/mauritius/video/not_augmented/cull2_green_bg/head/224/occ/raw/span_matched/20230807_060504/m--20230807_060504--f000178.jpg,20230807_060504,mauritius,original,video,False,train,439.87143250933684
data/processed/mauritius/video/not_augmented/cull2_green_bg/head/224/occ/raw/span_matched/20230807_060504/m--20230807_060504--f000180.jpg,20230807_060504,mauritius,original,video,False,train,632.9734532849981
data/processed/mauritius/video/not_augmented/cull2_green_bg/head/224/occ/raw/span_matched/20230807_060504/m--20230807_060504--f000182.jpg,20230807_060504,mauritius,original,video,False,train,483.8278855304328
data/processed/mauritius/video/not_augmented/cull2_green_bg/head/224/occ/raw/span_matched/20230807_060504/m--20230807_060504--f000184.jpg,20230807_060504,mauritius,original,video,False,train,431.13030131386506
data/processed/mauritius/video/not_augmented/cull2_green_bg/head/224/occ/raw/span_matched/20230807_060504/m--20230807_060504--f000186.jpg,20230807_060504,mauritius,original,video,False,train,452.95709092475033
data/processed/mauritius/video/not_augmented/cull2_green_bg/head/224/occ/raw/span_matched/20230807_060504/m--20230807_060504--f000188.jpg,20230807_060504,mauritius,original,video,False,train,461.7665019132653
data/processed/mauritius/video/not_augmented/cull2_green_bg/head/224/occ/raw/span_matched/20230807_060504/m--20230807_060504--f000190.jpg,20230807_060504,mauritius,original,video,False,train,491.9956951514724
data/processed/mauritius/video/not_augmented/cull2_green_bg/head/224/occ/raw/span_matched/20230807_060504/m--20230807_060504--f000236.jpg,20230807_060504,mauritius,original,video,False,train,655.4720978075542
data/processed/mauritius/video/not_augmented/cull2_green_bg/head/224/occ/raw/span_matched/20230807_060504/m--20230807_060504--f000238.jpg,20230807_060504,mauritius,original,video,False,train,710.4438974486942
data/processed/mauritius/video/not_augmented/cull2_green_bg/head/224/occ/raw/span_matched/20230807_060504/m--20230807_060504--f000240.jpg,20230807_060504,mauritius,original,video,False,train,739.2484647976463
data/processed/mauritius/video/not_augmented/cull2_green_bg/head/224/occ/raw/span_matched/20230807_060504/m--20230807_060504--f000242.jpg,20230807_060504,mauritius,original,video,False,train,568.7167370850619
data/processed/mauritius/video/not_augmented/cull2_green_bg/head/224/occ/raw/span_matched/20230807_060504/m--20230807_060504--f000244.jpg,20230807_060504,mauritius,original,video,False,train,520.1357023242314
data/processed/mauritius/video/not_augmented/cull2_green_bg/head/224/occ/raw/span_matched/20230807_060504/m--20230807_060504--f000246.jpg,20230807_060504,mauritius,original,video,False,train,582.2338368842028
data/processed/mauritius/video/not_augmented/cull2_green_bg/head/224/occ/raw/span_matched/20230807_060504/m--20230807_060504--f000248.jpg,20230807_060504,mauritius,original,video,False,train,500.20990112253855
data/processed/mauritius/video/not_augmented/cull2_green_bg/head/224/occ/raw/span_matched/20230807_060504/m--20230807_060504--f000250.jpg,20230807_060504,mauritius,original,video,False,train,418.57019290661924
data/processed/mauritius/video/not_augmented/cull2_green_bg/head/224/occ/raw/span_matched/20230807_060504/m--20230807_060504--f000252.jpg,20230807_060504,mauritius,original,video,False,train,416.0836853379262
data/processed/mauritius/video/not_augmented/cull2_green_bg/head/224/occ/raw/span_matched/20230807_060504/m--20230807_060504--f000254.jpg,20230807_060504,mauritius,original,video,False,train,423.45986127396617
data/processed/mauritius/video/not_augmented/cull2_green_bg/head/224/occ/raw/span_matched/20230807_060504/m--20230807_060504--f000256.jpg,20230807_060504,mauritius,original,video,False,train,383.9449136742747
data/processed/mauritius/video/not_augmented/cull2_green_bg/head/224/occ/raw/span_matched/20230807_060504/m--20230807_060504--f000258.jpg,20230807_060504,mauritius,original,video,False,train,387.7750916451228
data/processed/mauritius/video/not_augmented/cull2_green_bg/head/224/occ/raw/span_matched/20230807_060504/m--20230807_060504--f000260.jpg,20230807_060504,mauritius,original,video,False,train,353.0598891419899
data/processed/mauritius/video/not_augmented/cull2_green_bg/head/224/occ/raw/span_matched/20230807_060504/m--20230807_060504--f000262.jpg,20230807_060504,mauritius,original,video,False,train,322.87099408130257
data/processed/mauritius/video/not_augmented/cull2_green_bg/head/224/occ/raw/span_matched/20230807_060504/m--20230807_060504--f000264.jpg,20230807_060504,mauritius,original,video,False,train,282.69581072671076
data/processed/mauritius/video/not_augmented/cull2_green_bg/head/224/occ/raw/span_matched/20230807_060504/m--20230807_060504--f000266.jpg,20230807_060504,mauritius,original,video,False,train,282.5610251913265
data/processed/mauritius/video/not_augmented/cull2_green_bg/head/224/occ/raw/span_matched/20230807_060504/m--20230807_060504--f000268.jpg,20230807_060504,mauritius,original,video,False,train,281.8882334167785
data/processed/mauritius/video/not_augmented/cull2_green_bg/head/224/occ/raw/span_matched/20230807_060504/m--20230807_060504--f000270.jpg,20230807_060504,mauritius,original,video,False,train,263.9665377198632
data/processed/mauritius/video/not_augmented/cull2_green_bg/head/224/occ/raw/span_matched/20230807_060504/m--20230807_060504--f000272.jpg,20230807_060504,mauritius,original,video,False,train,271.0552654333882
data/processed/mauritius/video/not_augmented/cull2_green_bg/head/224/occ/raw/span_matched/20230807_060504/m--20230807_060504--f000274.jpg,20230807_060504,mauritius,original,video,False,train,283.6604950570008
data/processed/mauritius/video/not_augmented/cull2_green_bg/head/224/occ/raw/span_matched/20230807_060504/m--20230807_060504--f001412.jpg,20230807_060504,mauritius,original,video,False,train,359.0297154013885
data/processed/mauritius/video/not_augmented/cull2_green_bg/head/224/occ/raw/span_matched/20230807_060504/m--20230807_060504--f001414.jpg,20230807_060504,mauritius,original,video,False,train,351.93162068522315
data/processed/mauritius/video/not_augmented/cull2_green_bg/head/224/occ/raw/span_matched/20230807_060504/m--20230807_060504--f001416.jpg,20230807_060504,mauritius,original,video,False,train,364.29069673314984
data/processed/mauritius/video/not_augmented/cull2_green_bg/head/224/occ/raw/span_matched/20230807_060504/m--20230807_060504--f001418.jpg,20230807_060504,mauritius,original,video,False,train,415.6658561862245
data/processed/mauritius/video/not_augmented/cull2_green_bg/head/224/occ/raw/span_matched/20230807_060504/m--20230807_060504--f001420.jpg,20230807_060504,mauritius,original,video,False,train,390.2716437994764
data/processed/mauritius/video/not_augmented/cull2_green_bg/head/224/occ/raw/span_matched/20230807_122321/m--20230807_122321--f001160.jpg,20230807_122321,mauritius,original,video,False,train,1993.668108255354
data/processed/mauritius/video/not_augmented/cull2_green_bg/head/224/occ/raw/span_matched/20230807_122321/m--20230807_122321--f001162.jpg,20230807_122321,mauritius,original,video,False,train,2180.93797804782
data/processed/mauritius/video/not_augmented/cull2_green_bg/head/224/occ/raw/span_matched/20230807_122321/m--20230807_122321--f001164.jpg,20230807_122321,mauritius,original,video,False,train,2101.7949417567856
data/processed/mauritius/video/not_augmented/cull2_green_bg/head/224/occ/raw/span_matched/20230807_122321/m--20230807_122321--f001166.jpg,20230807_122321,mauritius,original,video,False,train,1983.4532045906956
data/processed/mauritius/video/not_augmented/cull2_green_bg/head/224/occ/raw/span_matched/20230807_122321/m--20230807_122321--f001168.jpg,20230807_122321,mauritius,original,video,False,train,1901.6996372096592
data/processed/mauritius/video/not_augmented/cull2_green_bg/head/224/occ/raw/span_matched/20230807_122321/m--20230807_122321--f001170.jpg,20230807_122321,mauritius,original,video,False,train,1662.1722138038235
data/processed/mauritius/video/not_augmented/cull2_green_bg/head/224/occ/raw/span_matched/20230807_122321/m--20230807_122321--f001176.jpg,20230807_122321,mauritius,original,video,False,train,1219.534877232143
data/processed/mauritius/video/not_augmented/cull2_green_bg/head/224/occ/raw/span_matched/20230807_122321/m--20230807_122321--f001178.jpg,20230807_122321,mauritius,original,video,False,train,1512.9744897959183
data/processed/mauritius/video/not_augmented/cull2_green_bg/head/224/occ/raw/span_matched/20230807_123413/m--20230807_123413--f000182.jpg,20230807_123413,mauritius,original,video,False,train,312.0977359439671
data/processed/mauritius/video/not_augmented/cull2_green_bg/head/224/occ/raw/span_matched/20230807_123413/m--20230807_123413--f000192.jpg,20230807_123413,mauritius,original,video,False,train,1317.6714564060878
data/processed/mauritius/video/not_augmented/cull2_green_bg/head/224/occ/raw/span_matched/20230807_123413/m--20230807_123413--f000194.jpg,20230807_123413,mauritius,original,video,False,train,305.96582030892523
data/processed/mauritius/video/not_augmented/cull2_green_bg/head/224/occ/raw/span_matched/20230807_123413/m--20230807_123413--f000196.jpg,20230807_123413,mauritius,original,video,False,train,369.83904654976726
data/processed/mauritius/video/not_augmented/cull2_green_bg/head/224/occ/raw/span_matched/20230807_123413/m--20230807_123413--f000198.jpg,20230807_123413,mauritius,original,video,False,train,1588.8912826527762
data/processed/mauritius/video/not_augmented/cull2_green_bg/head/224/occ/raw/span_matched/20230807_123413/m--20230807_123413--f000200.jpg,20230807_123413,mauritius,original,video,False,train,1528.896105697978
data/processed/mauritius/video/not_augmented/cull2_green_bg/head/224/occ/raw/span_matched/20230807_123413/m--20230807_123413--f000202.jpg,20230807_123413,mauritius,original,video,False,train,1857.8212890621026
data/processed/mauritius/video/not_augmented/cull2_green_bg/head/224/occ/raw/span_matched/20230807_124816/m--20230807_124816--f000256.jpg,20230807_124816,mauritius,original,video,False,train,1424.5117187245794
data/processed/mauritius/video/not_augmented/cull2_green_bg/head/224/occ/raw/span_matched/20230807_124816/m--20230807_124816--f000258.jpg,20230807_124816,mauritius,original,video,False,train,1349.1882573341836
data/processed/mauritius/video/not_augmented/cull2_green_bg/head/224/occ/raw/span_matched/20230807_124816/m--20230807_124816--f000866.jpg,20230807_124816,mauritius,original,video,False,train,1050.5315489441293
data/processed/mauritius/video/not_augmented/cull2_green_bg/head/224/occ/raw/span_matched/20230807_124816/m--20230807_124816--f000868.jpg,20230807_124816,mauritius,original,video,False,train,936.7103396045918
data/processed/mauritius/video/not_augmented/cull2_green_bg/head/224/occ/raw/span_matched/20230807_124816/m--20230807_124816--f000870.jpg,20230807_124816,mauritius,original,video,False,train,959.6527822050436
data/processed/mauritius/video/not_augmented/cull2_green_bg/head/224/occ/raw/span_matched/20230807_124816/m--20230807_124816--f000872.jpg,20230807_124816,mauritius,original,video,False,train,971.4284717789396
data/processed/mauritius/video/not_augmented/cull2_green_bg/head/224/occ/raw/span_matched/20230807_124816/m--20230807_124816--f000874.jpg,20230807_124816,mauritius,original,video,False,train,1126.571647767572
data/processed/mauritius/video/not_augmented/cull2_green_bg/head/224/occ/raw/span_matched/20230807_124816/m--20230807_124816--f000876.jpg,20230807_124816,mauritius,original,video,False,train,989.0787029333882
data/processed/mauritius/video/not_augmented/cull2_green_bg/head/224/occ/raw/span_matched/20230807_124816/m--20230807_124816--f000878.jpg,20230807_124816,mauritius,original,video,False,train,911.9100365930675
data/processed/mauritius/video/not_augmented/cull2_green_bg/head/224/occ/raw/span_matched/20230807_124816/m--20230807_124816--f000880.jpg,20230807_124816,mauritius,original,video,False,train,793.2442601897826
data/processed/mauritius/video/not_augmented/cull2_green_bg/head/224/occ/raw/span_matched/20230807_124816/m--20230807_124816--f001408.jpg,20230807_124816,mauritius,original,video,False,train,155.72237517306428
data/processed/mauritius/video/not_augmented/cull2_green_bg/head/224/occ/raw/span_matched/20230807_124816/m--20230807_124816--f001494.jpg,20230807_124816,mauritius,original,video,False,train,595.1293844646436
data/processed/mauritius/video/not_augmented/cull2_green_bg/head/224/occ/raw/span_matched/20230807_124816/m--20230807_124816--f001496.jpg,20230807_124816,mauritius,original,video,False,train,510.8153300128446
data/processed/mauritius/video/not_augmented/cull2_green_bg/head/224/occ/raw/span_matched/20230807_124816/m--20230807_124816--f001498.jpg,20230807_124816,mauritius,original,video,False,train,484.36605145066346
data/processed/mauritius/video/not_augmented/cull2_green_bg/head/224/occ/raw/span_matched/20230807_124816/m--20230807_124816--f001500.jpg,20230807_124816,mauritius,original,video,False,train,474.86714764030614
data/processed/mauritius/video/not_augmented/cull2_green_bg/head/224/occ/raw/span_matched/20230807_124816/m--20230807_124816--f001502.jpg,20230807_124816,mauritius,original,video,False,train,476.781309779611
data/processed/mauritius/video/not_augmented/cull2_green_bg/head/224/occ/raw/span_matched/20230807_124816/m--20230807_124816--f001504.jpg,20230807_124816,mauritius,original,video,False,train,469.3588368619594
data/processed/mauritius/video/not_augmented/cull2_green_bg/head/224/occ/raw/span_matched/20230807_124816/m--20230807_124816--f001506.jpg,20230807_124816,mauritius,original,video,False,train,352.070571587613
data/processed/mauritius/video/not_augmented/cull2_green_bg/head/224/occ/raw/span_matched/20230807_124816/m--20230807_124816--f001508.jpg,20230807_124816,mauritius,original,video,False,train,1176.3284837118242
data/processed/mauritius/video/not_augmented/cull2_green_bg/head/224/occ/raw/span_matched/20230807_124816/m--20230807_124816--f001510.jpg,20230807_124816,mauritius,original,video,False,train,925.1033960459183
data/processed/mauritius/video/not_augmented/cull2_green_bg/head/224/occ/raw/span_matched/20230807_124816/m--20230807_124816--f001512.jpg,20230807_124816,mauritius,original,video,False,train,1193.8614476897824
data/processed/mauritius/video/not_augmented/cull2_green_bg/head/224/occ/raw/span_matched/20230807_124816/m--20230807_124816--f001514.jpg,20230807_124816,mauritius,original,video,False,train,1155.0810148178762
data/processed/mauritius/video/not_augmented/cull2_green_bg/head/224/occ/raw/span_matched/20230807_124816/m--20230807_124816--f001516.jpg,20230807_124816,mauritius,original,video,False,train,1108.565070949858
data/processed/mauritius/video/not_augmented/cull2_green_bg/head/224/occ/raw/span_matched/20230807_124816/m--20230807_124816--f001584.jpg,20230807_124816,mauritius,original,video,False,train,1293.5039460842731
data/processed/mauritius/video/not_augmented/cull2_green_bg/head/224/occ/raw/span_matched/20230807_124816/m--20230807_124816--f001622.jpg,20230807_124816,mauritius,original,video,False,train,450.4424425448442
data/processed/mauritius/video/not_augmented/cull2_green_bg/head/224/occ/raw/span_matched/20230807_125815/m--20230807_125815--f000242.jpg,20230807_125815,mauritius,original,video,False,train,441.3589564632843
data/processed/mauritius/video/not_augmented/cull2_green_bg/head/224/occ/raw/span_matched/20230807_125815/m--20230807_125815--f000244.jpg,20230807_125815,mauritius,original,video,False,train,333.7045599426244
data/processed/mauritius/video/not_augmented/cull2_green_bg/head/224/occ/raw/span_matched/20230807_125815/m--20230807_125815--f000246.jpg,20230807_125815,mauritius,original,video,False,train,831.523377662398
data/processed/mauritius/video/not_augmented/cull2_green_bg/head/224/occ/raw/span_matched/20230807_125815/m--20230807_125815--f000248.jpg,20230807_125815,mauritius,original,video,False,train,1265.9543606441548
data/processed/mauritius/video/not_augmented/cull2_green_bg/head/224/occ/raw/span_matched/20230807_125815/m--20230807_125815--f000250.jpg,20230807_125815,mauritius,original,video,False,train,1104.5588129588537
data/processed/mauritius/video/not_augmented/cull2_green_bg/head/224/occ/raw/span_matched/20230807_125815/m--20230807_125815--f000252.jpg,20230807_125815,mauritius,original,video,False,train,769.156987400762
data/processed/mauritius/video/not_augmented/cull2_green_bg/head/224/occ/raw/span_matched/20230807_125815/m--20230807_125815--f000254.jpg,20230807_125815,mauritius,original,video,False,train,924.5488081947559
data/processed/mauritius/video/not_augmented/cull2_green_bg/head/224/occ/raw/span_matched/20230807_125815/m--20230807_125815--f000256.jpg,20230807_125815,mauritius,original,video,False,train,805.4801299231393
data/processed/mauritius/video/not_augmented/cull2_green_bg/head/224/occ/raw/span_matched/20230807_125815/m--20230807_125815--f000258.jpg,20230807_125815,mauritius,original,video,False,train,749.4674146807926
data/processed/mauritius/video/not_augmented/cull2_green_bg/head/224/occ/raw/span_matched/20230807_125815/m--20230807_125815--f000260.jpg,20230807_125815,mauritius,original,video,False,train,922.0325055608944
data/processed/mauritius/video/not_augmented/cull2_green_bg/head/224/occ/raw/span_matched/20230807_125815/m--20230807_125815--f000262.jpg,20230807_125815,mauritius,original,video,False,train,961.3597734380592
data/processed/mauritius/video/not_augmented/cull2_green_bg/head/224/occ/raw/span_matched/20230807_125815/m--20230807_125815--f000264.jpg,20230807_125815,mauritius,original,video,False,train,715.4933233261107
data/processed/mauritius/video/not_augmented/cull2_green_bg/head/224/occ/raw/span_matched/20230807_125815/m--20230807_125815--f000268.jpg,20230807_125815,mauritius,original,video,False,train,339.06287866669464
data/processed/mauritius/video/not_augmented/cull2_green_bg/head/224/occ/raw/span_matched/20230807_125815/m--20230807_125815--f000270.jpg,20230807_125815,mauritius,original,video,False,train,733.4710020532414
data/processed/mauritius/video/not_augmented/cull2_green_bg/head/224/occ/raw/span_matched/20230807_125815/m--20230807_125815--f000276.jpg,20230807_125815,mauritius,original,video,False,train,355.70715077188504
data/processed/mauritius/video/not_augmented/cull2_green_bg/head/224/occ/raw/span_matched/20230807_125815/m--20230807_125815--f000278.jpg,20230807_125815,mauritius,original,video,False,train,376.8138552280031
data/processed/mauritius/video/not_augmented/cull2_green_bg/head/224/occ/raw/span_matched/20230807_125815/m--20230807_125815--f000280.jpg,20230807_125815,mauritius,original,video,False,train,284.0366708929467
data/processed/mauritius/video/not_augmented/cull2_green_bg/head/224/occ/raw/span_matched/20230807_125815/m--20230807_125815--f000282.jpg,20230807_125815,mauritius,original,video,False,train,278.9243861591254
data/processed/mauritius/video/not_augmented/cull2_green_bg/head/224/occ/raw/span_matched/20230807_125815/m--20230807_125815--f000284.jpg,20230807_125815,mauritius,original,video,False,train,237.0493263707762
data/processed/mauritius/video/not_augmented/cull2_green_bg/head/224/occ/raw/span_matched/20230807_125815/m--20230807_125815--f000286.jpg,20230807_125815,mauritius,original,video,False,train,389.846719537264
data/processed/mauritius/video/not_augmented/cull2_green_bg/head/224/occ/raw/span_matched/20230807_125815/m--20230807_125815--f000288.jpg,20230807_125815,mauritius,original,video,False,train,371.7012715206599
data/processed/mauritius/video/not_augmented/cull2_green_bg/head/224/occ/raw/span_matched/20230807_125815/m--20230807_125815--f000290.jpg,20230807_125815,mauritius,original,video,False,train,297.3652941641436
data/processed/mauritius/video/not_augmented/cull2_green_bg/head/224/occ/raw/span_matched/20230807_125815/m--20230807_125815--f000292.jpg,20230807_125815,mauritius,original,video,False,train,316.6853874108038
data/processed/mauritius/video/not_augmented/cull2_green_bg/head/224/occ/raw/span_matched/20230807_125815/m--20230807_125815--f000294.jpg,20230807_125815,mauritius,original,video,False,train,349.5950055608944
data/processed/mauritius/video/not_augmented/cull2_green_bg/head/224/occ/raw/span_matched/20230807_125815/m--20230807_125815--f000296.jpg,20230807_125815,mauritius,original,video,False,train,363.8788065527042
data/processed/mauritius/video/not_augmented/cull2_green_bg/head/224/occ/raw/span_matched/20230807_125815/m--20230807_125815--f000298.jpg,20230807_125815,mauritius,original,video,False,train,275.5431680230487
data/processed/mauritius/video/not_augmented/cull2_green_bg/head/224/occ/raw/span_matched/20230807_125815/m--20230807_125815--f000300.jpg,20230807_125815,mauritius,original,video,False,train,325.25847695798296
data/processed/mauritius/video/not_augmented/cull2_green_bg/head/224/occ/raw/span_matched/20230807_125815/m--20230807_125815--f000302.jpg,20230807_125815,mauritius,original,video,False,train,323.03283592106555
data/processed/mauritius/video/not_augmented/cull2_green_bg/head/224/occ/raw/span_matched/20230807_125815/m--20230807_125815--f000304.jpg,20230807_125815,mauritius,original,video,False,train,285.1817801303538
data/processed/mauritius/video/not_augmented/cull2_green_bg/head/224/occ/raw/span_matched/20230807_125815/m--20230807_125815--f000306.jpg,20230807_125815,mauritius,original,video,False,train,283.51588408443547
data/processed/mauritius/video/not_augmented/cull2_green_bg/head/224/occ/raw/span_matched/20230807_125815/m--20230807_125815--f000308.jpg,20230807_125815,mauritius,original,video,False,train,279.5071149072961
data/processed/mauritius/video/not_augmented/cull2_green_bg/head/224/occ/raw/span_matched/20230807_125815/m--20230807_125815--f001354.jpg,20230807_125815,mauritius,original,video,False,train,793.7410714269826
data/processed/mauritius/video/not_augmented/cull2_green_bg/head/224/occ/raw/span_matched/20230807_125815/m--20230807_125815--f001356.jpg,20230807_125815,mauritius,original,video,False,train,949.7035271586204
data/processed/mauritius/video/not_augmented/cull2_green_bg/head/224/occ/raw/span_matched/20230807_125815/m--20230807_125815--f001358.jpg,20230807_125815,mauritius,original,video,False,train,1142.1980627791577
data/processed/mauritius/video/not_augmented/cull2_green_bg/head/224/occ/raw/span_matched/20230807_125815/m--20230807_125815--f001360.jpg,20230807_125815,mauritius,original,video,False,train,1462.4165337946654
data/processed/mauritius/video/not_augmented/cull2_green_bg/head/224/occ/raw/span_matched/20230807_125815/m--20230807_125815--f001416.jpg,20230807_125815,mauritius,original,video,False,train,1104.4359806987059
data/processed/mauritius/video/not_augmented/cull2_green_bg/head/224/occ/raw/span_matched/20230807_125815/m--20230807_125815--f001418.jpg,20230807_125815,mauritius,original,video,False,train,1314.379280537975
data/processed/mauritius/video/not_augmented/cull2_green_bg/head/224/occ/raw/span_matched/20230807_125815/m--20230807_125815--f001420.jpg,20230807_125815,mauritius,original,video,False,train,1077.0373865562099
data/processed/mauritius/video/not_augmented/cull2_green_bg/head/224/occ/raw/span_matched/20230807_125815/m--20230807_125815--f001422.jpg,20230807_125815,mauritius,original,video,False,train,957.1658959442356
data/processed/mauritius/video/not_augmented/cull2_green_bg/head/224/occ/raw/span_matched/20230807_125815/m--20230807_125815--f001424.jpg,20230807_125815,mauritius,original,video,False,train,1151.9761041035906
data/processed/mauritius/video/not_augmented/cull2_green_bg/head/224/occ/raw/span_matched/20230807_125815/m--20230807_125815--f001426.jpg,20230807_125815,mauritius,original,video,False,train,1382.572624305048
data/processed/mauritius/video/not_augmented/cull2_green_bg/head/224/occ/raw/span_matched/20230807_125815/m--20230807_125815--f001428.jpg,20230807_125815,mauritius,original,video,False,train,1464.7973731981124
data/processed/mauritius/video/not_augmented/cull2_green_bg/head/224/occ/raw/span_matched/20230807_125815/m--20230807_125815--f001430.jpg,20230807_125815,mauritius,original,video,False,train,1407.5934510328332
data/processed/mauritius/video/not_augmented/cull2_green_bg/head/224/occ/raw/span_matched/20230807_125815/m--20230807_125815--f001432.jpg,20230807_125815,mauritius,original,video,False,train,1174.9776785317088
data/processed/mauritius/video/not_augmented/cull2_green_bg/head/224/occ/raw/span_matched/20230807_125815/m--20230807_125815--f001434.jpg,20230807_125815,mauritius,original,video,False,train,1005.366968268109
data/processed/mauritius/video/not_augmented/cull2_green_bg/head/224/occ/raw/span_matched/20230807_125815/m--20230807_125815--f001436.jpg,20230807_125815,mauritius,original,video,False,train,1212.0233178954977
data/processed/mauritius/video/not_augmented/cull2_green_bg/head/224/occ/raw/span_matched/20230807_125815/m--20230807_125815--f001438.jpg,20230807_125815,mauritius,original,video,False,train,1276.8702168224354
data/processed/mauritius/video/not_augmented/cull2_green_bg/head/224/occ/raw/span_matched/20230807_125815/m--20230807_125815--f001440.jpg,20230807_125815,mauritius,original,video,False,train,1355.0584940908352
data/processed/mauritius/video/not_augmented/cull2_green_bg/head/224/occ/raw/span_matched/20230807_125815/m--20230807_125815--f001442.jpg,20230807_125815,mauritius,original,video,False,train,1178.3713528280803
data/processed/mauritius/video/not_augmented/cull2_green_bg/head/224/occ/raw/span_matched/20230807_125815/m--20230807_125815--f001444.jpg,20230807_125815,mauritius,original,video,False,train,1232.972357292366
data/processed/mauritius/video/not_augmented/cull2_green_bg/head/224/occ/raw/span_matched/20230809_185948/m--20230809_185948--f000166.jpg,20230809_185948,mauritius,original,video,False,test,564.175223157089
data/processed/mauritius/video/not_augmented/cull2_green_bg/head/224/occ/raw/span_matched/20230809_185948/m--20230809_185948--f000168.jpg,20230809_185948,mauritius,original,video,False,test,537.5057793871059
data/processed/mauritius/video/not_augmented/cull2_green_bg/head/224/occ/raw/span_matched/20230809_185948/m--20230809_185948--f000170.jpg,20230809_185948,mauritius,original,video,False,test,495.6269728065977
data/processed/mauritius/video/not_augmented/cull2_green_bg/head/224/occ/raw/span_matched/20230809_185948/m--20230809_185948--f000172.jpg,20230809_185948,mauritius,original,video,False,test,525.189154167366
data/processed/mauritius/video/not_augmented/cull2_green_bg/head/224/occ/raw/span_matched/20230809_185948/m--20230809_185948--f000174.jpg,20230809_185948,mauritius,original,video,False,test,486.14801894104124
data/processed/mauritius/video/not_augmented/cull2_green_bg/head/224/occ/raw/span_matched/20230809_185948/m--20230809_185948--f000176.jpg,20230809_185948,mauritius,original,video,False,test,518.1938177515497
data/processed/mauritius/video/not_augmented/cull2_green_bg/head/224/occ/raw/span_matched/20230809_185948/m--20230809_185948--f000178.jpg,20230809_185948,mauritius,original,video,False,test,468.6600964568844
data/processed/mauritius/video/not_augmented/cull2_green_bg/head/224/occ/raw/span_matched/20230809_185948/m--20230809_185948--f000180.jpg,20230809_185948,mauritius,original,video,False,test,521.2146843096357
data/processed/mauritius/video/not_augmented/cull2_green_bg/head/224/occ/raw/span_matched/20230809_185948/m--20230809_185948--f000182.jpg,20230809_185948,mauritius,original,video,False,test,504.5939093609246
data/processed/mauritius/video/not_augmented/cull2_green_bg/head/224/occ/raw/span_matched/20230809_185948/m--20230809_185948--f000184.jpg,20230809_185948,mauritius,original,video,False,test,547.2614595726202
data/processed/mauritius/video/not_augmented/cull2_green_bg/head/224/occ/raw/span_matched/20230809_185948/m--20230809_185948--f000186.jpg,20230809_185948,mauritius,original,video,False,test,528.3486516683215
data/processed/mauritius/video/not_augmented/cull2_green_bg/head/224/occ/raw/span_matched/20230809_185948/m--20230809_185948--f000188.jpg,20230809_185948,mauritius,original,video,False,test,481.4583938500128
data/processed/mauritius/video/not_augmented/cull2_green_bg/head/224/occ/raw/span_matched/20230809_185948/m--20230809_185948--f000196.jpg,20230809_185948,mauritius,original,video,False,test,454.08771839920354
data/processed/mauritius/video/not_augmented/cull2_green_bg/head/224/occ/raw/span_matched/20230809_185948/m--20230809_185948--f000198.jpg,20230809_185948,mauritius,original,video,False,test,504.13586028860493
data/processed/mauritius/video/not_augmented/cull2_green_bg/head/224/occ/raw/span_matched/20230809_185948/m--20230809_185948--f000202.jpg,20230809_185948,mauritius,original,video,False,test,471.496512273211
data/processed/mauritius/video/not_augmented/cull2_green_bg/head/224/occ/raw/span_matched/20230809_185948/m--20230809_185948--f000206.jpg,20230809_185948,mauritius,original,video,False,test,471.59034196400034
data/processed/mauritius/video/not_augmented/cull2_green_bg/head/224/occ/raw/span_matched/20230809_185948/m--20230809_185948--f000208.jpg,20230809_185948,mauritius,original,video,False,test,488.2973769687206
data/processed/mauritius/video/not_augmented/cull2_green_bg/head/224/occ/raw/span_matched/20230809_185948/m--20230809_185948--f000212.jpg,20230809_185948,mauritius,original,video,False,test,494.3581482018595
data/processed/mauritius/video/not_augmented/cull2_green_bg/head/224/occ/raw/span_matched/20230809_185948/m--20230809_185948--f000214.jpg,20230809_185948,mauritius,original,video,False,test,478.03730866711413
data/processed/mauritius/video/not_augmented/cull2_green_bg/head/224/occ/raw/span_matched/20230809_185948/m--20230809_185948--f000216.jpg,20230809_185948,mauritius,original,video,False,test,490.4955913967909
data/processed/mauritius/video/not_augmented/cull2_green_bg/head/224/occ/raw/span_matched/20230809_185948/m--20230809_185948--f000218.jpg,20230809_185948,mauritius,original,video,False,test,449.82537455243
data/processed/mauritius/video/not_augmented/cull2_green_bg/head/224/occ/raw/span_matched/20230809_185948/m--20230809_185948--f000220.jpg,20230809_185948,mauritius,original,video,False,test,474.73981583828436
data/processed/mauritius/video/not_augmented/cull2_green_bg/head/224/occ/raw/span_matched/20230809_185948/m--20230809_185948--f000222.jpg,20230809_185948,mauritius,original,video,False,test,505.2738759550438
data/processed/mauritius/video/not_augmented/cull2_green_bg/head/224/occ/raw/span_matched/20230809_185948/m--20230809_185948--f000224.jpg,20230809_185948,mauritius,original,video,False,test,506.2249879273014
data/processed/mauritius/video/not_augmented/cull2_green_bg/head/224/occ/raw/span_matched/20230809_185948/m--20230809_185948--f000226.jpg,20230809_185948,mauritius,original,video,False,test,554.7247598768025
data/processed/mauritius/video/not_augmented/cull2_green_bg/head/224/occ/raw/span_matched/20230809_185948/m--20230809_185948--f000228.jpg,20230809_185948,mauritius,original,video,False,test,614.5896843048694
data/processed/mauritius/video/not_augmented/cull2_green_bg/head/224/occ/raw/span_matched/20230809_185948/m--20230809_185948--f000230.jpg,20230809_185948,mauritius,original,video,False,test,808.7965760518987
data/processed/mauritius/video/not_augmented/cull2_green_bg/head/224/occ/raw/span_matched/20230809_185948/m--20230809_185948--f000232.jpg,20230809_185948,mauritius,original,video,False,test,768.4126076112437
data/processed/mauritius/video/not_augmented/cull2_green_bg/head/224/occ/raw/span_matched/20230809_185948/m--20230809_185948--f000234.jpg,20230809_185948,mauritius,original,video,False,test,764.184231503513
data/processed/mauritius/video/not_augmented/cull2_green_bg/head/224/occ/raw/span_matched/20230809_185948/m--20230809_185948--f000236.jpg,20230809_185948,mauritius,original,video,False,test,722.3227837946653
data/processed/mauritius/video/not_augmented/cull2_green_bg/head/224/occ/raw/span_matched/20230809_185948/m--20230809_185948--f000238.jpg,20230809_185948,mauritius,original,video,False,test,712.0101243479455
data/processed/mauritius/video/not_augmented/cull2_green_bg/head/224/occ/raw/span_matched/20230809_185948/m--20230809_185948--f000240.jpg,20230809_185948,mauritius,original,video,False,test,690.0065369834406
data/processed/mauritius/video/not_augmented/cull2_green_bg/head/224/occ/raw/span_matched/20230809_185948/m--20230809_185948--f000242.jpg,20230809_185948,mauritius,original,video,False,test,630.9169323836602
data/processed/mauritius/video/not_augmented/cull2_green_bg/head/224/occ/raw/span_matched/20230809_185948/m--20230809_185948--f000244.jpg,20230809_185948,mauritius,original,video,False,test,608.7352718109393
data/processed/mauritius/video/not_augmented/cull2_green_bg/head/224/occ/raw/span_matched/20230809_185948/m--20230809_185948--f000246.jpg,20230809_185948,mauritius,original,video,False,test,599.3453440763512
data/processed/mauritius/video/not_augmented/cull2_green_bg/head/224/occ/raw/span_matched/20230809_185948/m--20230809_185948--f000248.jpg,20230809_185948,mauritius,original,video,False,test,602.949836543082
data/processed/mauritius/video/not_augmented/cull2_green_bg/head/224/occ/raw/span_matched/20230809_185948/m--20230809_185948--f000250.jpg,20230809_185948,mauritius,original,video,False,test,595.0159239282414
data/processed/mauritius/video/not_augmented/cull2_green_bg/head/224/occ/raw/span_matched/20230809_185948/m--20230809_185948--f000252.jpg,20230809_185948,mauritius,original,video,False,test,576.769571069974
data/processed/mauritius/video/not_augmented/cull2_green_bg/head/224/occ/raw/span_matched/20230809_185948/m--20230809_185948--f000254.jpg,20230809_185948,mauritius,original,video,False,test,544.1774154195981
data/processed/mauritius/video/not_augmented/cull2_green_bg/head/224/occ/raw/span_matched/20230809_185948/m--20230809_185948--f000256.jpg,20230809_185948,mauritius,original,video,False,test,549.9620336411845
data/processed/mauritius/video/not_augmented/cull2_green_bg/head/224/occ/raw/span_matched/20230809_185948/m--20230809_185948--f000258.jpg,20230809_185948,mauritius,original,video,False,test,541.4205795404862
data/processed/mauritius/video/not_augmented/cull2_green_bg/head/224/occ/raw/span_matched/20230809_185948/m--20230809_185948--f000260.jpg,20230809_185948,mauritius,original,video,False,test,507.02345742627216
data/processed/mauritius/video/not_augmented/cull2_green_bg/head/224/occ/raw/span_matched/20230809_185948/m--20230809_185948--f000262.jpg,20230809_185948,mauritius,original,video,False,test,527.5175979654772
data/processed/mauritius/video/not_augmented/cull2_green_bg/head/224/occ/raw/span_matched/20230809_185948/m--20230809_185948--f000264.jpg,20230809_185948,mauritius,original,video,False,test,527.1179647318576
data/processed/mauritius/video/not_augmented/cull2_green_bg/head/224/occ/raw/span_matched/20230809_185948/m--20230809_185948--f000266.jpg,20230809_185948,mauritius,original,video,False,test,484.93317520375155
data/processed/mauritius/video/not_augmented/cull2_green_bg/head/224/occ/raw/span_matched/20230809_185948/m--20230809_185948--f000268.jpg,20230809_185948,mauritius,original,video,False,test,529.4989038484885
data/processed/mauritius/video/not_augmented/cull2_green_bg/head/224/occ/raw/span_matched/20230809_185948/m--20230809_185948--f001144.jpg,20230809_185948,mauritius,original,video,False,test,413.1479591264768
data/processed/mauritius/video/not_augmented/cull2_green_bg/head/224/occ/raw/span_matched/20230809_185948/m--20230809_185948--f001146.jpg,20230809_185948,mauritius,original,video,False,test,557.5258290816327
data/processed/mauritius/video/not_augmented/cull2_green_bg/head/224/occ/raw/span_matched/20230809_185948/m--20230809_185948--f001156.jpg,20230809_185948,mauritius,original,video,False,test,626.2756297815745
data/processed/mauritius/video/not_augmented/cull2_green_bg/head/224/occ/raw/span_matched/20230809_185948/m--20230809_185948--f001158.jpg,20230809_185948,mauritius,original,video,False,test,630.8270487104144
data/processed/mauritius/video/not_augmented/cull2_green_bg/head/224/occ/raw/span_matched/20230809_185948/m--20230809_185948--f001162.jpg,20230809_185948,mauritius,original,video,False,test,680.5680006361662
data/processed/mauritius/video/not_augmented/cull2_green_bg/head/224/occ/raw/span_matched/20230809_185948/m--20230809_185948--f001172.jpg,20230809_185948,mauritius,original,video,False,test,611.4828802610824
data/processed/mauritius/video/not_augmented/cull2_green_bg/head/224/occ/raw/span_matched/20230809_185948/m--20230809_185948--f001174.jpg,20230809_185948,mauritius,original,video,False,test,707.3751189435635
data/processed/mauritius/video/not_augmented/cull2_green_bg/head/224/occ/raw/span_matched/20230809_185948/m--20230809_185948--f001176.jpg,20230809_185948,mauritius,original,video,False,test,658.4082429274973
data/processed/mauritius/video/not_augmented/cull2_green_bg/head/224/occ/raw/span_matched/20230809_185948/m--20230809_185948--f001178.jpg,20230809_185948,mauritius,original,video,False,test,717.2746531726021
data/processed/mauritius/video/not_augmented/cull2_green_bg/head/224/occ/raw/span_matched/20230809_185948/m--20230809_185948--f001180.jpg,20230809_185948,mauritius,original,video,False,test,653.4491987307833
data/processed/mauritius/video/not_augmented/cull2_green_bg/head/224/occ/raw/span_matched/20230809_185948/m--20230809_185948--f001182.jpg,20230809_185948,mauritius,original,video,False,test,691.2160194008511
data/processed/mauritius/video/not_augmented/cull2_green_bg/head/224/occ/raw/span_matched/20230809_185948/m--20230809_185948--f001184.jpg,20230809_185948,mauritius,original,video,False,test,614.3385680475518
data/processed/mauritius/video/not_augmented/cull2_green_bg/head/224/occ/raw/span_matched/20230809_185948/m--20230809_185948--f001186.jpg,20230809_185948,mauritius,original,video,False,test,607.0122369117213
data/processed/mauritius/video/not_augmented/cull2_green_bg/head/224/occ/raw/span_matched/20230809_185948/m--20230809_185948--f001188.jpg,20230809_185948,mauritius,original,video,False,test,617.2817877483884
data/processed/mauritius/video/not_augmented/cull2_green_bg/head/224/occ/raw/span_matched/20230809_185948/m--20230809_185948--f001190.jpg,20230809_185948,mauritius,original,video,False,test,624.5481504530075
data/processed/mauritius/video/not_augmented/cull2_green_bg/head/224/occ/raw/span_matched/20230809_185948/m--20230809_185948--f001192.jpg,20230809_185948,mauritius,original,video,False,test,570.9881616709183
data/processed/mauritius/video/not_augmented/cull2_green_bg/head/224/occ/raw/span_matched/20230809_185948/m--20230809_185948--f001194.jpg,20230809_185948,mauritius,original,video,False,test,591.6992767565154
data/processed/mauritius/video/not_augmented/cull2_green_bg/head/224/occ/raw/span_matched/20230809_185948/m--20230809_185948--f001196.jpg,20230809_185948,mauritius,original,video,False,test,550.0160799511071
data/processed/mauritius/video/not_augmented/cull2_green_bg/head/224/occ/raw/span_matched/20230809_185948/m--20230809_185948--f001358.jpg,20230809_185948,mauritius,original,video,False,test,760.8322504747415
data/processed/mauritius/video/not_augmented/cull2_green_bg/head/224/occ/raw/span_matched/20230809_185948/m--20230809_185948--f001360.jpg,20230809_185948,mauritius,original,video,False,test,794.2026466820846
data/processed/mauritius/video/not_augmented/cull2_green_bg/head/224/occ/raw/span_matched/20230809_185948/m--20230809_185948--f001362.jpg,20230809_185948,mauritius,original,video,False,test,778.0946866992313
data/processed/mauritius/video/not_augmented/cull2_green_bg/head/224/occ/raw/span_matched/20230809_185948/m--20230809_185948--f001364.jpg,20230809_185948,mauritius,original,video,False,test,736.186244416068
data/processed/mauritius/video/not_augmented/cull2_green_bg/head/224/occ/raw/span_matched/20230809_185948/m--20230809_185948--f001366.jpg,20230809_185948,mauritius,original,video,False,test,709.4566723205107
data/processed/mauritius/video/not_augmented/cull2_green_bg/head/224/occ/raw/span_matched/20230809_185948/m--20230809_185948--f001368.jpg,20230809_185948,mauritius,original,video,False,test,666.2126315048167
data/processed/mauritius/video/not_augmented/cull2_green_bg/head/224/occ/raw/span_matched/20230815_061623/m--20230815_061623--f000188.jpg,20230815_061623,mauritius,original,video,False,test,473.71548043107646
data/processed/mauritius/video/not_augmented/cull2_green_bg/head/224/occ/raw/span_matched/20230815_061623/m--20230815_061623--f000190.jpg,20230815_061623,mauritius,original,video,False,test,302.34906915246023
data/processed/mauritius/video/not_augmented/cull2_green_bg/head/224/occ/raw/span_matched/20230815_061623/m--20230815_061623--f000194.jpg,20230815_061623,mauritius,original,video,False,test,123.41145114628586
data/processed/mauritius/video/not_augmented/cull2_green_bg/head/224/occ/raw/span_matched/20230815_061623/m--20230815_061623--f000196.jpg,20230815_061623,mauritius,original,video,False,test,103.34107646282787
data/processed/mauritius/video/not_augmented/cull2_green_bg/head/224/occ/raw/span_matched/20230815_061623/m--20230815_061623--f001216.jpg,20230815_061623,mauritius,original,video,False,test,502.32401703497317
data/processed/mauritius/video/not_augmented/cull2_green_bg/head/224/occ/raw/span_matched/20230815_061623/m--20230815_061623--f001270.jpg,20230815_061623,mauritius,original,video,False,test,388.18431121019063
data/processed/mauritius/video/not_augmented/cull2_green_bg/head/224/occ/raw/span_matched/20230815_061623/m--20230815_061623--f001272.jpg,20230815_061623,mauritius,original,video,False,test,416.42960774089227
data/processed/mauritius/video/not_augmented/cull2_green_bg/head/224/occ/raw/span_matched/20230815_061623/m--20230815_061623--f001274.jpg,20230815_061623,mauritius,original,video,False,test,416.11722720081434
data/processed/mauritius/video/not_augmented/cull2_green_bg/head/224/occ/raw/span_matched/20230815_061623/m--20230815_061623--f001320.jpg,20230815_061623,mauritius,original,video,False,test,413.83948498733446
data/processed/mauritius/video/not_augmented/cull2_green_bg/head/224/occ/raw/span_matched/20230815_061623/m--20230815_061623--f001322.jpg,20230815_061623,mauritius,original,video,False,test,595.0382254067086
data/processed/mauritius/video/not_augmented/cull2_green_bg/head/224/occ/raw/span_matched/20230815_061623/m--20230815_061623--f001324.jpg,20230815_061623,mauritius,original,video,False,test,588.5007371942187
data/processed/mauritius/video/not_augmented/cull2_green_bg/head/224/occ/raw/span_matched/20230828_204505/m--20230828_204505--f000214.jpg,20230828_204505,mauritius,original,video,False,train,1079.2996850889558
data/processed/mauritius/video/not_augmented/cull2_green_bg/head/224/occ/raw/span_matched/20230828_204505/m--20230828_204505--f000216.jpg,20230828_204505,mauritius,original,video,False,train,1042.8440887402714
data/processed/mauritius/video/not_augmented/cull2_green_bg/head/224/occ/raw/span_matched/20230828_204505/m--20230828_204505--f000218.jpg,20230828_204505,mauritius,original,video,False,train,952.6128627196395
data/processed/mauritius/video/not_augmented/cull2_green_bg/head/224/occ/raw/span_matched/20230828_204505/m--20230828_204505--f000220.jpg,20230828_204505,mauritius,original,video,False,train,921.229890780864
data/processed/mauritius/video/not_augmented/cull2_green_bg/head/224/occ/raw/span_matched/20230828_204505/m--20230828_204505--f000222.jpg,20230828_204505,mauritius,original,video,False,train,952.1323939696395
data/processed/mauritius/video/not_augmented/cull2_green_bg/head/224/occ/raw/span_matched/20230828_204505/m--20230828_204505--f000224.jpg,20230828_204505,mauritius,original,video,False,train,951.3603913741326
data/processed/mauritius/video/not_augmented/cull2_green_bg/head/224/occ/raw/span_matched/20230828_204505/m--20230828_204505--f000226.jpg,20230828_204505,mauritius,original,video,False,train,911.9258609121908
data/processed/mauritius/video/not_augmented/cull2_green_bg/head/224/occ/raw/span_matched/20230828_204505/m--20230828_204505--f000228.jpg,20230828_204505,mauritius,original,video,False,train,956.70400190691
data/processed/mauritius/video/not_augmented/cull2_green_bg/head/224/occ/raw/span_matched/20230828_204505/m--20230828_204505--f000230.jpg,20230828_204505,mauritius,original,video,False,train,977.8754982140006
data/processed/mauritius/video/not_augmented/cull2_green_bg/head/224/occ/raw/span_matched/20230828_204505/m--20230828_204505--f000232.jpg,20230828_204505,mauritius,original,video,False,train,1041.6150151145105
data/processed/mauritius/video/not_augmented/cull2_green_bg/head/224/occ/raw/span_matched/20230828_204505/m--20230828_204505--f000234.jpg,20230828_204505,mauritius,original,video,False,train,998.9254424390275
data/processed/mauritius/video/not_augmented/cull2_green_bg/head/224/occ/raw/span_matched/20230828_204505/m--20230828_204505--f001168.jpg,20230828_204505,mauritius,original,video,False,train,1024.1476602355724
data/processed/mauritius/video/not_augmented/cull2_green_bg/head/224/occ/raw/span_matched/20230828_204505/m--20230828_204505--f001170.jpg,20230828_204505,mauritius,original,video,False,train,787.2389986847701
data/processed/mauritius/video/not_augmented/cull2_green_bg/head/224/occ/raw/span_matched/20230828_204505/m--20230828_204505--f001172.jpg,20230828_204505,mauritius,original,video,False,train,1048.652662613252
data/processed/mauritius/video/not_augmented/cull2_green_bg/head/224/occ/raw/span_matched/20230828_204505/m--20230828_204505--f001174.jpg,20230828_204505,mauritius,original,video,False,train,1231.545659259874
data/processed/mauritius/video/not_augmented/cull2_green_bg/head/224/occ/raw/span_matched/20230828_204505/m--20230828_204505--f001176.jpg,20230828_204505,mauritius,original,video,False,train,1033.5691563400908
data/processed/mauritius/video/not_augmented/cull2_green_bg/head/224/occ/raw/span_matched/20230828_204505/m--20230828_204505--f001178.jpg,20230828_204505,mauritius,original,video,False,train,1129.946010044246
data/processed/mauritius/video/not_augmented/cull2_green_bg/head/224/occ/raw/span_matched/20230828_204505/m--20230828_204505--f001180.jpg,20230828_204505,mauritius,original,video,False,train,1189.2693717969255
data/processed/mauritius/video/not_augmented/cull2_green_bg/head/224/occ/raw/span_matched/20230828_204505/m--20230828_204505--f001182.jpg,20230828_204505,mauritius,original,video,False,train,1206.6642218609247
data/processed/mauritius/video/not_augmented/cull2_green_bg/head/224/occ/raw/span_matched/20230828_204505/m--20230828_204505--f001184.jpg,20230828_204505,mauritius,original,video,False,train,827.8913225124699
data/processed/mauritius/video/not_augmented/cull2_green_bg/head/224/occ/raw/span_matched/20230828_204505/m--20230828_204505--f001186.jpg,20230828_204505,mauritius,original,video,False,train,819.4534837356562
data/processed/mauritius/video/not_augmented/cull2_green_bg/head/224/occ/raw/span_matched/20230828_204505/m--20230828_204505--f001188.jpg,20230828_204505,mauritius,original,video,False,train,768.5526745850619
data/processed/mauritius/video/not_augmented/cull2_green_bg/head/224/occ/raw/span_matched/20230828_204505/m--20230828_204505--f001382.jpg,20230828_204505,mauritius,original,video,False,train,406.34042171198644
data/processed/mauritius/video/not_augmented/cull2_green_bg/head/224/occ/raw/span_matched/20230828_204505/m--20230828_204505--f001384.jpg,20230828_204505,mauritius,original,video,False,train,545.6603555421143
data/processed/mauritius/video/not_augmented/cull2_green_bg/head/224/occ/raw/span_matched/20230828_204505/m--20230828_204505--f001386.jpg,20230828_204505,mauritius,original,video,False,train,606.0412747030803
data/processed/mauritius/video/not_augmented/cull2_green_bg/head/224/occ/raw/span_matched/20230828_204505/m--20230828_204505--f001388.jpg,20230828_204505,mauritius,original,video,False,train,437.0380261336601
data/processed/mauritius/video/not_augmented/cull2_green_bg/head/224/occ/raw/span_matched/20230828_204505/m--20230828_204505--f001390.jpg,20230828_204505,mauritius,original,video,False,train,486.6782326112434
data/processed/mauritius/video/not_augmented/cull2_green_bg/head/224/occ/raw/span_matched/20230831_053936/m--20230831_053936--f000228.jpg,20230831_053936,mauritius,original,video,False,test,579.7418087657817
data/processed/mauritius/video/not_augmented/cull2_green_bg/head/224/occ/raw/span_matched/20230831_053936/m--20230831_053936--f000230.jpg,20230831_053936,mauritius,original,video,False,test,662.9915497385427
data/processed/mauritius/video/not_augmented/cull2_green_bg/head/224/occ/raw/span_matched/20230831_053936/m--20230831_053936--f000232.jpg,20230831_053936,mauritius,original,video,False,test,664.4482621109917
data/processed/mauritius/video/not_augmented/cull2_green_bg/head/224/occ/raw/span_matched/20230831_053936/m--20230831_053936--f000234.jpg,20230831_053936,mauritius,original,video,False,test,700.8150708354647
data/processed/mauritius/video/not_augmented/cull2_green_bg/head/224/occ/raw/span_matched/20230831_053936/m--20230831_053936--f000236.jpg,20230831_053936,mauritius,original,video,False,test,645.6545958191293
data/processed/mauritius/video/not_augmented/cull2_green_bg/head/224/occ/raw/span_matched/20230831_053936/m--20230831_053936--f000238.jpg,20230831_053936,mauritius,original,video,False,test,636.1213926083344
data/processed/mauritius/video/not_augmented/cull2_green_bg/head/224/occ/raw/span_matched/20230831_053936/m--20230831_053936--f000240.jpg,20230831_053936,mauritius,original,video,False,test,618.8587770473953
data/processed/mauritius/video/not_augmented/cull2_green_bg/head/224/occ/raw/span_matched/20230831_053936/m--20230831_053936--f000242.jpg,20230831_053936,mauritius,original,video,False,test,609.6520447701229
data/processed/mauritius/video/not_augmented/cull2_green_bg/head/224/occ/raw/span_matched/20230831_053936/m--20230831_053936--f000244.jpg,20230831_053936,mauritius,original,video,False,test,589.7595663122314
data/processed/mauritius/video/not_augmented/cull2_green_bg/head/224/occ/raw/span_matched/20230831_053936/m--20230831_053936--f000246.jpg,20230831_053936,mauritius,original,video,False,test,619.5466555234343
data/processed/mauritius/video/not_augmented/cull2_green_bg/head/224/occ/raw/span_matched/20230831_053936/m--20230831_053936--f000248.jpg,20230831_053936,mauritius,original,video,False,test,585.5003984380592
data/processed/mauritius/video/not_augmented/cull2_green_bg/head/224/occ/raw/span_matched/20230831_053936/m--20230831_053936--f000250.jpg,20230831_053936,mauritius,original,video,False,test,555.0890066567086
data/processed/mauritius/video/not_augmented/cull2_green_bg/head/224/occ/raw/span_matched/20230831_053936/m--20230831_053936--f000252.jpg,20230831_053936,mauritius,original,video,False,test,554.0759526462865
data/processed/mauritius/video/not_augmented/cull2_green_bg/head/224/occ/raw/span_matched/20230831_053936/m--20230831_053936--f000254.jpg,20230831_053936,mauritius,original,video,False,test,563.7562181122449
data/processed/mauritius/video/not_augmented/cull2_green_bg/head/224/occ/raw/span_matched/20230831_053936/m--20230831_053936--f000256.jpg,20230831_053936,mauritius,original,video,False,test,549.4673150494316
data/processed/mauritius/video/not_augmented/cull2_green_bg/head/224/occ/raw/span_matched/20230831_053936/m--20230831_053936--f000258.jpg,20230831_053936,mauritius,original,video,False,test,523.2974329785177
data/processed/mauritius/video/not_augmented/cull2_green_bg/head/224/occ/raw/span_matched/20230831_053936/m--20230831_053936--f000260.jpg,20230831_053936,mauritius,original,video,False,test,510.399653010545
data/processed/mauritius/video/not_augmented/cull2_green_bg/head/224/occ/raw/span_matched/20230831_053936/m--20230831_053936--f000262.jpg,20230831_053936,mauritius,original,video,False,test,506.45141100774265
data/processed/mauritius/video/not_augmented/cull2_green_bg/head/224/occ/raw/span_matched/20230831_053936/m--20230831_053936--f000264.jpg,20230831_053936,mauritius,original,video,False,test,514.5384645029088
data/processed/mauritius/video/not_augmented/cull2_green_bg/head/224/occ/raw/span_matched/20230831_053936/m--20230831_053936--f000266.jpg,20230831_053936,mauritius,original,video,False,test,479.7067323018987
data/processed/mauritius/video/not_augmented/cull2_green_bg/head/224/occ/raw/span_matched/20230831_053936/m--20230831_053936--f000268.jpg,20230831_053936,mauritius,original,video,False,test,456.99422011560114
data/processed/mauritius/video/not_augmented/cull2_green_bg/head/224/occ/raw/span_matched/20230831_053936/m--20230831_053936--f000270.jpg,20230831_053936,mauritius,original,video,False,test,528.6613918226593
data/processed/mauritius/video/not_augmented/cull2_green_bg/head/224/occ/raw/span_matched/20230831_053936/m--20230831_053936--f000272.jpg,20230831_053936,mauritius,original,video,False,test,494.4340322050439
data/processed/mauritius/video/not_augmented/cull2_green_bg/head/224/occ/raw/span_matched/20230831_053936/m--20230831_053936--f000274.jpg,20230831_053936,mauritius,original,video,False,test,490.73353794642856
data/processed/mauritius/video/not_augmented/cull2_green_bg/head/224/occ/raw/span_matched/20230831_053936/m--20230831_053936--f000276.jpg,20230831_053936,mauritius,original,video,False,test,450.9391940048168
data/processed/mauritius/video/not_augmented/cull2_green_bg/head/224/occ/raw/span_matched/20230831_053936/m--20230831_053936--f000278.jpg,20230831_053936,mauritius,original,video,False,test,427.62844772013165
data/processed/mauritius/video/not_augmented/cull2_green_bg/head/224/occ/raw/span_matched/20230831_053936/m--20230831_053936--f000280.jpg,20230831_053936,mauritius,original,video,False,test,430.3776305809163
data/processed/mauritius/video/not_augmented/cull2_green_bg/head/224/occ/raw/span_matched/20230831_053936/m--20230831_053936--f000282.jpg,20230831_053936,mauritius,original,video,False,test,389.9794722322324
data/processed/mauritius/video/not_augmented/cull2_green_bg/head/224/occ/raw/span_matched/20230831_053936/m--20230831_053936--f001300.jpg,20230831_053936,mauritius,original,video,False,test,863.8887914477264
data/processed/mauritius/video/not_augmented/cull2_green_bg/head/224/occ/raw/span_matched/20230831_053936/m--20230831_053936--f001302.jpg,20230831_053936,mauritius,original,video,False,test,438.1061861847699
data/processed/mauritius/video/not_augmented/cull2_green_bg/head/224/occ/raw/span_matched/20230831_053936/m--20230831_053936--f001304.jpg,20230831_053936,mauritius,original,video,False,test,624.1868818407006
data/processed/mauritius/video/not_augmented/cull2_green_bg/head/224/occ/raw/span_matched/20230831_053936/m--20230831_053936--f001306.jpg,20230831_053936,mauritius,original,video,False,test,824.4197424583165
data/processed/mauritius/video/not_augmented/cull2_green_bg/head/224/occ/raw/span_matched/20230831_053936/m--20230831_053936--f001308.jpg,20230831_053936,mauritius,original,video,False,test,731.7609014828865
data/processed/mauritius/video/not_augmented/cull2_green_bg/head/224/occ/raw/span_matched/20230831_053936/m--20230831_053936--f001442.jpg,20230831_053936,mauritius,original,video,False,test,351.33026040389797
data/processed/mauritius/video/not_augmented/cull2_green_bg/head/224/occ/raw/span_matched/20230831_053936/m--20230831_053936--f001444.jpg,20230831_053936,mauritius,original,video,False,test,396.1967670892686
data/processed/mauritius/video/not_augmented/cull2_green_bg/head/224/occ/raw/span_matched/20230831_053936/m--20230831_053936--f001446.jpg,20230831_053936,mauritius,original,video,False,test,372.22789762458024
data/processed/mauritius/video/not_augmented/cull2_green_bg/head/224/occ/raw/span_matched/20230831_053936/m--20230831_053936--f001448.jpg,20230831_053936,mauritius,original,video,False,test,350.41840718121193
data/processed/mauritius/video/not_augmented/cull2_green_bg/head/224/occ/raw/span_matched/20230831_053936/m--20230831_053936--f001450.jpg,20230831_053936,mauritius,original,video,False,test,307.0631376534192
data/processed/mauritius/video/not_augmented/cull2_green_bg/head/224/occ/raw/span_matched/20230831_053936/m--20230831_053936--f001452.jpg,20230831_053936,mauritius,original,video,False,test,289.7723214031507
data/processed/mauritius/video/not_augmented/cull2_green_bg/head/224/occ/raw/span_matched/20230831_054710/m--20230831_054710--f000270.jpg,20230831_054710,mauritius,original,video,False,train,746.8598920177886
data/processed/mauritius/video/not_augmented/cull2_green_bg/head/224/occ/raw/span_matched/20230831_054710/m--20230831_054710--f000272.jpg,20230831_054710,mauritius,original,video,False,train,798.9800499336565
data/processed/mauritius/video/not_augmented/cull2_green_bg/head/224/occ/raw/span_matched/20230831_054710/m--20230831_054710--f000274.jpg,20230831_054710,mauritius,original,video,False,train,958.8925971011727
data/processed/mauritius/video/not_augmented/cull2_green_bg/head/224/occ/raw/span_matched/20230831_054710/m--20230831_054710--f000276.jpg,20230831_054710,mauritius,original,video,False,train,854.763989837405
data/processed/mauritius/video/not_augmented/cull2_green_bg/head/224/occ/raw/span_matched/20230831_054710/m--20230831_054710--f000278.jpg,20230831_054710,mauritius,original,video,False,train,937.9914099464115
data/processed/mauritius/video/not_augmented/cull2_green_bg/head/224/occ/raw/span_matched/20230831_054710/m--20230831_054710--f000280.jpg,20230831_054710,mauritius,original,video,False,train,872.6972797394594
data/processed/mauritius/video/not_augmented/cull2_green_bg/head/224/occ/raw/span_matched/20230831_054710/m--20230831_054710--f000282.jpg,20230831_054710,mauritius,original,video,False,train,831.7749890903789
data/processed/mauritius/video/not_augmented/cull2_green_bg/head/224/occ/raw/span_matched/20230831_054710/m--20230831_054710--f000284.jpg,20230831_054710,mauritius,original,video,False,train,667.6098259314552
data/processed/mauritius/video/not_augmented/cull2_green_bg/head/224/occ/raw/span_matched/20230831_054710/m--20230831_054710--f000286.jpg,20230831_054710,mauritius,original,video,False,train,671.7002483873949
data/processed/mauritius/video/not_augmented/cull2_green_bg/head/224/occ/raw/span_matched/20230831_054710/m--20230831_054710--f000288.jpg,20230831_054710,mauritius,original,video,False,train,651.8903229060843
data/processed/mauritius/video/not_augmented/cull2_green_bg/head/224/occ/raw/span_matched/20230831_054710/m--20230831_054710--f000294.jpg,20230831_054710,mauritius,original,video,False,train,248.14889588608239
data/processed/mauritius/video/not_augmented/cull2_green_bg/head/224/occ/raw/span_matched/20230831_054710/m--20230831_054710--f001072.jpg,20230831_054710,mauritius,original,video,False,train,1244.8485729832394
data/processed/mauritius/video/not_augmented/cull2_green_bg/head/224/occ/raw/span_matched/20230831_054710/m--20230831_054710--f001074.jpg,20230831_054710,mauritius,original,video,False,train,1034.232202557314
data/processed/mauritius/video/not_augmented/cull2_green_bg/head/224/occ/raw/span_matched/20230831_054710/m--20230831_054710--f001076.jpg,20230831_054710,mauritius,original,video,False,train,690.6405651623982
data/processed/mauritius/video/not_augmented/cull2_green_bg/head/224/occ/raw/span_matched/20230831_054710/m--20230831_054710--f001078.jpg,20230831_054710,mauritius,original,video,False,train,466.73507251246974
data/processed/mauritius/video/not_augmented/cull2_green_bg/head/224/occ/raw/span_matched/20230831_054710/m--20230831_054710--f001082.jpg,20230831_054710,mauritius,original,video,False,train,832.9081433350619
data/processed/mauritius/video/not_augmented/cull2_green_bg/head/224/occ/raw/span_matched/20230831_054710/m--20230831_054710--f001244.jpg,20230831_054710,mauritius,original,video,False,train,877.0116982160137
data/processed/mauritius/video/not_augmented/cull2_green_bg/head/224/occ/raw/span_matched/20230831_054710/m--20230831_054710--f001248.jpg,20230831_054710,mauritius,original,video,False,train,1091.7690902512952
data/processed/mauritius/video/not_augmented/cull2_green_bg/head/224/occ/raw/span_matched/20230831_055535/m--20230831_055535--f000196.jpg,20230831_055535,mauritius,original,video,False,train,575.4563139725208
data/processed/mauritius/video/not_augmented/cull2_green_bg/head/224/occ/raw/span_matched/20230831_055535/m--20230831_055535--f000198.jpg,20230831_055535,mauritius,original,video,False,train,657.9686289910027
data/processed/mauritius/video/not_augmented/cull2_green_bg/head/224/occ/raw/span_matched/20230831_055535/m--20230831_055535--f000200.jpg,20230831_055535,mauritius,original,video,False,train,636.2587672960058
data/processed/mauritius/video/not_augmented/cull2_green_bg/head/224/occ/raw/span_matched/20230831_055535/m--20230831_055535--f000206.jpg,20230831_055535,mauritius,original,video,False,train,713.672312755974
data/processed/mauritius/video/not_augmented/cull2_green_bg/head/224/occ/raw/span_matched/20230831_055535/m--20230831_055535--f000208.jpg,20230831_055535,mauritius,original,video,False,train,628.3770915181971
data/processed/mauritius/video/not_augmented/cull2_green_bg/head/224/occ/raw/span_matched/20230831_055535/m--20230831_055535--f000210.jpg,20230831_055535,mauritius,original,video,False,train,522.1132577354339
data/processed/mauritius/video/not_augmented/cull2_green_bg/head/224/occ/raw/span_matched/20230831_055535/m--20230831_055535--f000232.jpg,20230831_055535,mauritius,original,video,False,train,738.048469195511
data/processed/mauritius/video/not_augmented/cull2_green_bg/head/224/occ/raw/span_matched/20230831_055535/m--20230831_055535--f000234.jpg,20230831_055535,mauritius,original,video,False,train,886.957409773703
data/processed/mauritius/video/not_augmented/cull2_green_bg/head/224/occ/raw/span_matched/20230831_055535/m--20230831_055535--f000236.jpg,20230831_055535,mauritius,original,video,False,train,716.0646922815745
data/processed/mauritius/video/not_augmented/cull2_green_bg/head/224/occ/raw/span_matched/20230831_055535/m--20230831_055535--f000238.jpg,20230831_055535,mauritius,original,video,False,train,541.5204479832393
data/processed/mauritius/video/not_augmented/cull2_green_bg/head/224/occ/raw/span_matched/20230831_055535/m--20230831_055535--f000240.jpg,20230831_055535,mauritius,original,video,False,train,402.9094985614762
data/processed/mauritius/video/not_augmented/cull2_green_bg/head/224/occ/raw/span_matched/20230831_055535/m--20230831_055535--f000242.jpg,20230831_055535,mauritius,original,video,False,train,399.8683832844612
data/processed/mauritius/video/not_augmented/cull2_green_bg/head/224/occ/raw/span_matched/20230831_055535/m--20230831_055535--f000244.jpg,20230831_055535,mauritius,original,video,False,train,408.9211375476022
data/processed/mauritius/video/not_augmented/cull2_green_bg/head/224/occ/raw/span_matched/20230831_055535/m--20230831_055535--f000292.jpg,20230831_055535,mauritius,original,video,False,train,703.5752750283131
data/processed/mauritius/video/not_augmented/cull2_green_bg/head/224/occ/raw/span_matched/20230831_055535/m--20230831_055535--f000294.jpg,20230831_055535,mauritius,original,video,False,train,413.41848692443165
data/processed/mauritius/video/not_augmented/cull2_green_bg/head/224/occ/raw/span_matched/20230831_055535/m--20230831_055535--f001474.jpg,20230831_055535,mauritius,original,video,False,train,1233.887097407162
data/processed/mauritius/video/not_augmented/cull2_green_bg/head/224/occ/raw/span_matched/20230831_055535/m--20230831_055535--f001476.jpg,20230831_055535,mauritius,original,video,False,train,844.3951887915601
data/processed/mauritius/video/not_augmented/cull2_green_bg/head/224/occ/raw/span_matched/20230831_055535/m--20230831_055535--f001478.jpg,20230831_055535,mauritius,original,video,False,train,678.1748444800672
data/processed/mauritius/video/not_augmented/cull2_green_bg/head/224/occ/raw/span_matched/20230831_055535/m--20230831_055535--f001480.jpg,20230831_055535,mauritius,original,video,False,train,681.809988813865
data/processed/mauritius/video/not_augmented/cull2_green_bg/head/224/occ/raw/span_matched/20230831_055535/m--20230831_055535--f001482.jpg,20230831_055535,mauritius,original,video,False,train,564.1390305105621
data/processed/mauritius/video/not_augmented/cull2_green_bg/head/224/occ/raw/span_matched/20230831_055535/m--20230831_055535--f001484.jpg,20230831_055535,mauritius,original,video,False,train,859.3413782334238
data/processed/mauritius/video/not_augmented/cull2_green_bg/head/224/occ/raw/span_matched/20230831_055535/m--20230831_055535--f001486.jpg,20230831_055535,mauritius,original,video,False,train,865.762456010948
data/processed/mauritius/video/not_augmented/cull2_green_bg/head/224/occ/raw/span_matched/20230831_055535/m--20230831_055535--f001488.jpg,20230831_055535,mauritius,original,video,False,train,1178.2705874170972
data/processed/mauritius/video/not_augmented/cull2_green_bg/head/224/occ/raw/span_matched/20230831_055535/m--20230831_055535--f001490.jpg,20230831_055535,mauritius,original,video,False,train,1184.8556481150476
data/processed/mauritius/video/not_augmented/cull2_green_bg/head/224/occ/raw/span_matched/20230831_055535/m--20230831_055535--f001492.jpg,20230831_055535,mauritius,original,video,False,train,584.4765823150565
data/processed/mauritius/video/not_augmented/cull2_green_bg/head/224/occ/raw/span_matched/20230831_055535/m--20230831_055535--f001494.jpg,20230831_055535,mauritius,original,video,False,train,694.3150705685471
data/processed/mauritius/video/not_augmented/cull2_green_bg/head/224/occ/raw/span_matched/20230831_055535/m--20230831_055535--f001496.jpg,20230831_055535,mauritius,original,video,False,train,582.375338759337
data/processed/mauritius/video/not_augmented/cull2_green_bg/head/224/occ/raw/span_matched/20230831_055535/m--20230831_055535--f001498.jpg,20230831_055535,mauritius,original,video,False,train,572.0136319755863
data/processed/mauritius/video/not_augmented/cull2_green_bg/head/224/occ/raw/span_matched/20230831_055535/m--20230831_055535--f001500.jpg,20230831_055535,mauritius,original,video,False,train,692.4501152114044
data/processed/mauritius/video/not_augmented/cull2_green_bg/head/224/occ/raw/span_matched/20230831_055535/m--20230831_055535--f001502.jpg,20230831_055535,mauritius,original,video,False,train,793.1780333223069
data/processed/mauritius/video/not_augmented/cull2_green_bg/head/224/occ/raw/span_matched/20230831_055535/m--20230831_055535--f001646.jpg,20230831_055535,mauritius,original,video,False,train,574.8594933140034
data/processed/mauritius/video/not_augmented/cull2_green_bg/head/224/occ/raw/span_matched/20230831_055535/m--20230831_055535--f001648.jpg,20230831_055535,mauritius,original,video,False,train,600.0519171841488
data/processed/mauritius/video/not_augmented/cull2_green_bg/head/224/occ/raw/span_matched/20230831_055535/m--20230831_055535--f001650.jpg,20230831_055535,mauritius,original,video,False,train,898.8454439221994
data/processed/mauritius/video/not_augmented/cull2_green_bg/head/224/occ/raw/span_matched/20230831_055535/m--20230831_055535--f001652.jpg,20230831_055535,mauritius,original,video,False,train,705.3128388070007
data/processed/mauritius/video/not_augmented/cull2_green_bg/head/224/occ/raw/span_matched/20230831_055535/m--20230831_055535--f001654.jpg,20230831_055535,mauritius,original,video,False,train,670.1691844226021
data/processed/mauritius/video/not_augmented/cull2_green_bg/head/224/occ/raw/span_matched/20230831_055535/m--20230831_055535--f001656.jpg,20230831_055535,mauritius,original,video,False,train,736.600326747807
data/processed/mauritius/video/not_augmented/cull2_green_bg/head/224/occ/raw/span_matched/20230831_055535/m--20230831_055535--f001658.jpg,20230831_055535,mauritius,original,video,False,train,826.5027702006633
data/processed/mauritius/video/not_augmented/cull2_green_bg/head/224/occ/raw/span_matched/20230831_055535/m--20230831_055535--f001660.jpg,20230831_055535,mauritius,original,video,False,train,649.7997644937619
data/processed/mauritius/video/not_augmented/cull2_green_bg/head/224/occ/raw/span_matched/20230831_055535/m--20230831_055535--f001662.jpg,20230831_055535,mauritius,original,video,False,train,548.5771484371028
data/processed/mauritius/video/not_augmented/cull2_green_bg/head/224/occ/raw/span_matched/20230831_055535/m--20230831_055535--f001664.jpg,20230831_055535,mauritius,original,video,False,train,507.389030572525
data/processed/mauritius/video/not_augmented/cull2_green_bg/head/224/occ/raw/span_matched/20230831_055535/m--20230831_055535--f001666.jpg,20230831_055535,mauritius,original,video,False,train,534.128268417047
data/processed/mauritius/video/not_augmented/cull2_green_bg/head/224/occ/raw/span_matched/20230831_055535/m--20230831_055535--f001760.jpg,20230831_055535,mauritius,original,video,False,train,679.9570910073679
data/processed/mauritius/video/not_augmented/cull2_green_bg/head/224/occ/raw/span_matched/20230831_055535/m--20230831_055535--f001772.jpg,20230831_055535,mauritius,original,video,False,train,539.6094347573679
data/processed/mauritius/video/not_augmented/cull2_green_bg/head/224/occ/raw/span_matched/20230831_060427/m--20230831_060427--f000202.jpg,20230831_060427,mauritius,original,video,False,train,314.3681839859918
data/processed/mauritius/video/not_augmented/cull2_green_bg/head/224/occ/raw/span_matched/20230831_060427/m--20230831_060427--f000206.jpg,20230831_060427,mauritius,original,video,False,train,269.3536949614494
data/processed/mauritius/video/not_augmented/cull2_green_bg/head/224/occ/raw/span_matched/20230831_060427/m--20230831_060427--f000210.jpg,20230831_060427,mauritius,original,video,False,train,294.7287746649492
data/processed/mauritius/video/not_augmented/cull2_green_bg/head/224/occ/raw/span_matched/20230831_060427/m--20230831_060427--f000212.jpg,20230831_060427,mauritius,original,video,False,train,286.66487957566346
data/processed/mauritius/video/not_augmented/cull2_green_bg/head/224/occ/raw/span_matched/20230831_060427/m--20230831_060427--f000214.jpg,20230831_060427,mauritius,original,video,False,train,265.23985565984714
data/processed/mauritius/video/not_augmented/cull2_green_bg/head/224/occ/raw/span_matched/20230831_060427/m--20230831_060427--f000216.jpg,20230831_060427,mauritius,original,video,False,train,296.71452464366246
data/processed/mauritius/video/not_augmented/cull2_green_bg/head/224/occ/raw/span_matched/20230831_060427/m--20230831_060427--f000218.jpg,20230831_060427,mauritius,original,video,False,train,356.484335126007
data/processed/mauritius/video/not_augmented/cull2_green_bg/head/224/occ/raw/span_matched/20230831_060427/m--20230831_060427--f000220.jpg,20230831_060427,mauritius,original,video,False,train,363.5132532334238
data/processed/mauritius/video/not_augmented/cull2_green_bg/head/224/occ/raw/span_matched/20230831_060427/m--20230831_060427--f000222.jpg,20230831_060427,mauritius,original,video,False,train,428.37577697447267
data/processed/mauritius/video/not_augmented/cull2_green_bg/head/224/occ/raw/span_matched/20230831_060427/m--20230831_060427--f000224.jpg,20230831_060427,mauritius,original,video,False,train,558.265166365271
data/processed/mauritius/video/not_augmented/cull2_green_bg/head/224/occ/raw/span_matched/20230831_060427/m--20230831_060427--f000226.jpg,20230831_060427,mauritius,original,video,False,train,545.4975685523184
data/processed/mauritius/video/not_augmented/cull2_green_bg/head/224/occ/raw/span_matched/20230831_060427/m--20230831_060427--f000228.jpg,20230831_060427,mauritius,original,video,False,train,471.8932554712895
data/processed/mauritius/video/not_augmented/cull2_green_bg/head/224/occ/raw/span_matched/20230831_060427/m--20230831_060427--f000230.jpg,20230831_060427,mauritius,original,video,False,train,565.6390505099189
data/processed/mauritius/video/not_augmented/cull2_green_bg/head/224/occ/raw/span_matched/20230831_060427/m--20230831_060427--f000232.jpg,20230831_060427,mauritius,original,video,False,train,634.4019647488639
data/processed/mauritius/video/not_augmented/cull2_green_bg/head/224/occ/raw/span_matched/20230831_060427/m--20230831_060427--f000234.jpg,20230831_060427,mauritius,original,video,False,train,680.9534832224754
data/processed/mauritius/video/not_augmented/cull2_green_bg/head/224/occ/raw/span_matched/20230831_060427/m--20230831_060427--f000236.jpg,20230831_060427,mauritius,original,video,False,train,682.7596061862245
data/processed/mauritius/video/not_augmented/cull2_green_bg/head/224/occ/raw/span_matched/20230831_060427/m--20230831_060427--f000238.jpg,20230831_060427,mauritius,original,video,False,train,682.5409757081095
data/processed/mauritius/video/not_augmented/cull2_green_bg/head/224/occ/raw/span_matched/20230831_060427/m--20230831_060427--f000240.jpg,20230831_060427,mauritius,original,video,False,train,513.2857541311091
data/processed/mauritius/video/not_augmented/cull2_green_bg/head/224/occ/raw/span_matched/20230831_060427/m--20230831_060427--f000242.jpg,20230831_060427,mauritius,original,video,False,train,483.869140610701
data/processed/mauritius/video/not_augmented/cull2_green_bg/head/224/occ/raw/span_matched/20230831_060427/m--20230831_060427--f000244.jpg,20230831_060427,mauritius,original,video,False,train,397.14259794005636
data/processed/mauritius/video/not_augmented/cull2_green_bg/head/224/occ/raw/span_matched/20230831_060427/m--20230831_060427--f000246.jpg,20230831_060427,mauritius,original,video,False,train,307.40603077128645
data/processed/mauritius/video/not_augmented/cull2_green_bg/head/224/occ/raw/span_matched/20230831_060427/m--20230831_060427--f000248.jpg,20230831_060427,mauritius,original,video,False,train,251.20495850619847
data/processed/mauritius/video/not_augmented/cull2_green_bg/head/224/occ/raw/span_matched/20230831_060427/m--20230831_060427--f000250.jpg,20230831_060427,mauritius,original,video,False,train,188.77096619262443
data/processed/mauritius/video/not_augmented/cull2_green_bg/head/224/occ/raw/span_matched/20230831_060427/m--20230831_060427--f000252.jpg,20230831_060427,mauritius,original,video,False,train,138.88701758291364
data/processed/mauritius/video/not_augmented/cull2_green_bg/head/224/occ/raw/span_matched/20230831_060427/m--20230831_060427--f000254.jpg,20230831_060427,mauritius,original,video,False,train,168.74561541937433
data/processed/mauritius/video/not_augmented/cull2_green_bg/head/224/occ/raw/span_matched/20230831_060427/m--20230831_060427--f001500.jpg,20230831_060427,mauritius,original,video,False,train,416.12117346779894
data/processed/mauritius/video/not_augmented/cull2_green_bg/head/224/occ/raw/span_matched/20230831_060427/m--20230831_060427--f001502.jpg,20230831_060427,mauritius,original,video,False,train,415.82846251689915
data/processed/mauritius/video/not_augmented/cull2_green_bg/head/224/occ/raw/span_matched/20230831_060427/m--20230831_060427--f001504.jpg,20230831_060427,mauritius,original,video,False,train,426.44632680552144
data/processed/mauritius/video/not_augmented/cull2_green_bg/head/224/occ/raw/span_matched/20230831_060427/m--20230831_060427--f001506.jpg,20230831_060427,mauritius,original,video,False,train,482.76157735000794
data/processed/mauritius/video/not_augmented/cull2_green_bg/head/224/occ/raw/span_matched/20230831_133234/m--20230831_133234--f000214.jpg,20230831_133234,mauritius,original,video,False,train,697.6751234216621
data/processed/mauritius/video/not_augmented/cull2_green_bg/head/224/occ/raw/span_matched/20230831_133234/m--20230831_133234--f000216.jpg,20230831_133234,mauritius,original,video,False,train,723.1933793044498
data/processed/mauritius/video/not_augmented/cull2_green_bg/head/224/occ/raw/span_matched/20230831_133234/m--20230831_133234--f000218.jpg,20230831_133234,mauritius,original,video,False,train,669.2590281884902
data/processed/mauritius/video/not_augmented/cull2_green_bg/head/224/occ/raw/span_matched/20230831_133234/m--20230831_133234--f000242.jpg,20230831_133234,mauritius,original,video,False,train,823.8670081214476
data/processed/mauritius/video/not_augmented/cull2_green_bg/head/224/occ/raw/span_matched/20230831_133234/m--20230831_133234--f000244.jpg,20230831_133234,mauritius,original,video,False,train,812.0889070467966
data/processed/mauritius/video/not_augmented/cull2_green_bg/head/224/occ/raw/span_matched/20230831_133234/m--20230831_133234--f000246.jpg,20230831_133234,mauritius,original,video,False,train,655.4991629321295
data/processed/mauritius/video/not_augmented/cull2_green_bg/head/224/occ/raw/span_matched/20230831_133234/m--20230831_133234--f000248.jpg,20230831_133234,mauritius,original,video,False,train,618.171675644334
data/processed/mauritius/video/not_augmented/cull2_green_bg/head/224/occ/raw/span_matched/20230831_133234/m--20230831_133234--f000250.jpg,20230831_133234,mauritius,original,video,False,train,596.4110132139558
data/processed/mauritius/video/not_augmented/cull2_green_bg/head/224/occ/raw/span_matched/20230831_133234/m--20230831_133234--f000252.jpg,20230831_133234,mauritius,original,video,False,train,621.7962571552822
data/processed/mauritius/video/not_augmented/cull2_green_bg/head/224/occ/raw/span_matched/20230831_133234/m--20230831_133234--f000254.jpg,20230831_133234,mauritius,original,video,False,train,714.8984574294495
data/processed/mauritius/video/not_augmented/cull2_green_bg/head/224/occ/raw/span_matched/20230831_133234/m--20230831_133234--f000262.jpg,20230831_133234,mauritius,original,video,False,train,961.0634566262979
data/processed/mauritius/video/not_augmented/cull2_green_bg/head/224/occ/raw/span_matched/20230831_133920/m--20230831_133920--f000140.jpg,20230831_133920,mauritius,original,video,False,train,189.0862563759622
data/processed/mauritius/video/not_augmented/cull2_green_bg/head/224/occ/raw/span_matched/20230831_133920/m--20230831_133920--f000142.jpg,20230831_133920,mauritius,original,video,False,train,214.23981584463948
data/processed/mauritius/video/not_augmented/cull2_green_bg/head/224/occ/raw/span_matched/20230831_133920/m--20230831_133920--f000144.jpg,20230831_133920,mauritius,original,video,False,train,253.9379975784823
data/processed/mauritius/video/not_augmented/cull2_green_bg/head/224/occ/raw/span_matched/20230831_133920/m--20230831_133920--f000146.jpg,20230831_133920,mauritius,original,video,False,train,253.65417727049768
data/processed/mauritius/video/not_augmented/cull2_green_bg/head/224/occ/raw/span_matched/20230831_133920/m--20230831_133920--f000148.jpg,20230831_133920,mauritius,original,video,False,train,254.99972098055403
data/processed/mauritius/video/not_augmented/cull2_green_bg/head/224/occ/raw/span_matched/20230831_133920/m--20230831_133920--f000194.jpg,20230831_133920,mauritius,original,video,False,train,868.7996851048435
data/processed/mauritius/video/not_augmented/cull2_green_bg/head/224/occ/raw/span_matched/20230831_133920/m--20230831_133920--f000196.jpg,20230831_133920,mauritius,original,video,False,train,969.0763711671142
data/processed/mauritius/video/not_augmented/cull2_green_bg/head/224/occ/raw/span_matched/20230831_133920/m--20230831_133920--f000198.jpg,20230831_133920,mauritius,original,video,False,train,1027.0503029320846
data/processed/mauritius/video/not_augmented/cull2_green_bg/head/224/occ/raw/span_matched/20230831_133920/m--20230831_133920--f000200.jpg,20230831_133920,mauritius,original,video,False,train,1149.8759765621028
data/processed/mauritius/video/not_augmented/cull2_green_bg/head/224/occ/raw/span_matched/20230831_133920/m--20230831_133920--f000202.jpg,20230831_133920,mauritius,original,video,False,train,1104.3530771667786
data/processed/mauritius/video/not_augmented/cull2_green_bg/head/224/occ/raw/span_matched/20230831_133920/m--20230831_133920--f000204.jpg,20230831_133920,mauritius,original,video,False,train,958.8588169626969
data/processed/mauritius/video/not_augmented/cull2_green_bg/head/224/occ/raw/span_matched/20230831_133920/m--20230831_133920--f000206.jpg,20230831_133920,mauritius,original,video,False,train,1045.2184310652524
data/processed/mauritius/video/not_augmented/cull2_green_bg/head/224/occ/raw/span_matched/20230831_133920/m--20230831_133920--f000208.jpg,20230831_133920,mauritius,original,video,False,train,1066.7076490081286
data/processed/mauritius/video/not_augmented/cull2_green_bg/head/224/occ/raw/span_matched/20230831_133920/m--20230831_133920--f001046.jpg,20230831_133920,mauritius,original,video,False,train,466.0909199045381
data/processed/mauritius/video/not_augmented/cull2_green_bg/head/224/occ/raw/span_matched/20230831_133920/m--20230831_133920--f001048.jpg,20230831_133920,mauritius,original,video,False,train,364.7672393140272
data/processed/mauritius/video/not_augmented/cull2_green_bg/head/224/occ/raw/span_matched/20230831_133920/m--20230831_133920--f001368.jpg,20230831_133920,mauritius,original,video,False,train,224.4968710104558
data/processed/mauritius/video/not_augmented/cull2_green_bg/head/224/occ/raw/span_matched/20230831_133920/m--20230831_133920--f001370.jpg,20230831_133920,mauritius,original,video,False,train,158.86698819994183
data/processed/mauritius/video/not_augmented/cull2_green_bg/head/224/occ/raw/span_matched/20230831_133920/m--20230831_133920--f001372.jpg,20230831_133920,mauritius,original,video,False,train,154.07641103157448
data/processed/mauritius/video/not_augmented/cull2_green_bg/head/224/occ/raw/span_matched/20230831_134612/m--20230831_134612--f000136.jpg,20230831_134612,mauritius,original,video,False,train,158.86212325979898
data/processed/mauritius/video/not_augmented/cull2_green_bg/head/224/occ/raw/span_matched/20230831_134612/m--20230831_134612--f000138.jpg,20230831_134612,mauritius,original,video,False,train,158.24248024147286
data/processed/mauritius/video/not_augmented/cull2_green_bg/head/224/occ/raw/span_matched/20230831_134612/m--20230831_134612--f000140.jpg,20230831_134612,mauritius,original,video,False,train,190.08545521168548
data/processed/mauritius/video/not_augmented/cull2_green_bg/head/224/occ/raw/span_matched/20230831_134612/m--20230831_134612--f000142.jpg,20230831_134612,mauritius,original,video,False,train,203.47643537692161
data/processed/mauritius/video/not_augmented/cull2_green_bg/head/224/occ/raw/span_matched/20230831_134612/m--20230831_134612--f000144.jpg,20230831_134612,mauritius,original,video,False,train,227.66959886499268
data/processed/mauritius/video/not_augmented/cull2_green_bg/head/224/occ/raw/span_matched/20230831_134612/m--20230831_134612--f000146.jpg,20230831_134612,mauritius,original,video,False,train,322.1867582165465
data/processed/mauritius/video/not_augmented/cull2_green_bg/head/224/occ/raw/span_matched/20230831_134612/m--20230831_134612--f000148.jpg,20230831_134612,mauritius,original,video,False,train,343.26434551780795
data/processed/mauritius/video/not_augmented/cull2_green_bg/head/224/occ/raw/span_matched/20230831_134612/m--20230831_134612--f000150.jpg,20230831_134612,mauritius,original,video,False,train,319.8928740663064
data/processed/mauritius/video/not_augmented/cull2_green_bg/head/224/occ/raw/span_matched/20230831_134612/m--20230831_134612--f000152.jpg,20230831_134612,mauritius,original,video,False,train,336.53485204934185
data/processed/mauritius/video/not_augmented/cull2_green_bg/head/224/occ/raw/span_matched/20230831_134612/m--20230831_134612--f000154.jpg,20230831_134612,mauritius,original,video,False,train,422.3140142092056
data/processed/mauritius/video/not_augmented/cull2_green_bg/head/224/occ/raw/span_matched/20230831_134612/m--20230831_134612--f000156.jpg,20230831_134612,mauritius,original,video,False,train,614.7239897667195
data/processed/mauritius/video/not_augmented/cull2_green_bg/head/224/occ/raw/span_matched/20230831_134612/m--20230831_134612--f000158.jpg,20230831_134612,mauritius,original,video,False,train,644.9028397619303
data/processed/mauritius/video/not_augmented/cull2_green_bg/head/224/occ/raw/span_matched/20230831_134612/m--20230831_134612--f000160.jpg,20230831_134612,mauritius,original,video,False,train,752.3638586717963
data/processed/mauritius/video/not_augmented/cull2_green_bg/head/224/occ/raw/span_matched/20230831_134612/m--20230831_134612--f000162.jpg,20230831_134612,mauritius,original,video,False,train,960.5076501235422
data/processed/mauritius/video/not_augmented/cull2_green_bg/head/224/occ/raw/span_matched/20230831_134612/m--20230831_134612--f000164.jpg,20230831_134612,mauritius,original,video,False,train,1224.0094443308915
data/processed/mauritius/video/not_augmented/cull2_green_bg/head/224/occ/raw/span_matched/20230831_134612/m--20230831_134612--f000166.jpg,20230831_134612,mauritius,original,video,False,train,1441.0680200810334
data/processed/mauritius/video/not_augmented/cull2_green_bg/head/224/occ/raw/span_matched/20230831_134612/m--20230831_134612--f000168.jpg,20230831_134612,mauritius,original,video,False,train,1649.2251266358742
data/processed/mauritius/video/not_augmented/cull2_green_bg/head/224/occ/raw/span_matched/20230831_134612/m--20230831_134612--f000170.jpg,20230831_134612,mauritius,original,video,False,train,2153.9659193881794
data/processed/mauritius/video/not_augmented/cull2_green_bg/head/224/occ/raw/span_matched/20230831_134612/m--20230831_134612--f000172.jpg,20230831_134612,mauritius,original,video,False,train,2367.032046035646
data/processed/mauritius/video/not_augmented/cull2_green_bg/head/224/occ/raw/span_matched/20230831_134612/m--20230831_134612--f000174.jpg,20230831_134612,mauritius,original,video,False,train,2559.9195603351204
data/processed/mauritius/video/not_augmented/cull2_green_bg/head/224/occ/raw/span_matched/20230831_134612/m--20230831_134612--f000176.jpg,20230831_134612,mauritius,original,video,False,train,2632.142154704328
data/processed/mauritius/video/not_augmented/cull2_green_bg/head/224/occ/raw/span_matched/20230831_134612/m--20230831_134612--f000178.jpg,20230831_134612,mauritius,original,video,False,train,2582.246626961981
data/processed/mauritius/video/not_augmented/cull2_green_bg/head/224/occ/raw/span_matched/20230831_134612/m--20230831_134612--f000180.jpg,20230831_134612,mauritius,original,video,False,train,2253.4708575813142
data/processed/mauritius/video/not_augmented/cull2_green_bg/head/224/occ/raw/span_matched/20230831_134612/m--20230831_134612--f000182.jpg,20230831_134612,mauritius,original,video,False,train,2287.701596293038
data/processed/mauritius/video/not_augmented/cull2_green_bg/head/224/occ/raw/span_matched/20230831_134612/m--20230831_134612--f000184.jpg,20230831_134612,mauritius,original,video,False,train,2607.4264140226405
data/processed/mauritius/video/not_augmented/cull2_green_bg/head/224/occ/raw/span_matched/20230831_134612/m--20230831_134612--f000186.jpg,20230831_134612,mauritius,original,video,False,train,2719.5326012576043
data/processed/mauritius/video/not_augmented/cull2_green_bg/head/224/occ/raw/span_matched/20230831_134612/m--20230831_134612--f000188.jpg,20230831_134612,mauritius,original,video,False,train,2934.314229517567
data/processed/mauritius/video/not_augmented/cull2_green_bg/head/224/occ/raw/span_matched/20230831_134612/m--20230831_134612--f000190.jpg,20230831_134612,mauritius,original,video,False,train,2893.157640106824
data/processed/mauritius/video/not_augmented/cull2_green_bg/head/224/occ/raw/span_matched/20230831_134612/m--20230831_134612--f000192.jpg,20230831_134612,mauritius,original,video,False,train,2935.818071890453
data/processed/mauritius/video/not_augmented/cull2_green_bg/head/224/occ/raw/span_matched/20230831_134612/m--20230831_134612--f000194.jpg,20230831_134612,mauritius,original,video,False,train,1251.2048389271167
data/processed/mauritius/video/not_augmented/cull2_green_bg/head/224/occ/raw/span_matched/20230831_134612/m--20230831_134612--f000224.jpg,20230831_134612,mauritius,original,video,False,train,660.1433302971882
data/processed/mauritius/video/not_augmented/cull2_green_bg/head/224/occ/raw/span_matched/20230831_134612/m--20230831_134612--f000986.jpg,20230831_134612,mauritius,original,video,False,train,469.87358410345524
data/processed/mauritius/video/not_augmented/cull2_green_bg/head/224/occ/raw/span_matched/20230831_134612/m--20230831_134612--f000988.jpg,20230831_134612,mauritius,original,video,False,train,1596.0822883357312
data/processed/mauritius/video/not_augmented/cull2_green_bg/head/224/occ/raw/span_matched/20230831_134612/m--20230831_134612--f000990.jpg,20230831_134612,mauritius,original,video,False,train,2284.3980567162357
data/processed/mauritius/video/not_augmented/cull2_green_bg/head/224/occ/raw/span_matched/20230831_134612/m--20230831_134612--f000992.jpg,20230831_134612,mauritius,original,video,False,train,2353.725107573112
data/processed/mauritius/video/not_augmented/cull2_green_bg/head/224/occ/raw/span_matched/20230831_134612/m--20230831_134612--f001006.jpg,20230831_134612,mauritius,original,video,False,train,2117.5041016364585
data/processed/mauritius/video/not_augmented/cull2_green_bg/head/224/occ/raw/span_matched/20230831_134612/m--20230831_134612--f001008.jpg,20230831_134612,mauritius,original,video,False,train,2436.7909698533995
data/processed/mauritius/video/not_augmented/cull2_green_bg/head/224/occ/raw/span_matched/20230831_135124/m--20230831_135124--f000140.jpg,20230831_135124,mauritius,original,video,False,train,279.1911266585878
data/processed/mauritius/video/not_augmented/cull2_green_bg/head/224/occ/raw/span_matched/20230831_135124/m--20230831_135124--f000142.jpg,20230831_135124,mauritius,original,video,False,train,345.02662484559454
data/processed/mauritius/video/not_augmented/cull2_green_bg/head/224/occ/raw/span_matched/20230831_135124/m--20230831_135124--f000146.jpg,20230831_135124,mauritius,original,video,False,train,472.0502019939399
data/processed/mauritius/video/not_augmented/cull2_green_bg/head/224/occ/raw/span_matched/20230831_135124/m--20230831_135124--f000148.jpg,20230831_135124,mauritius,original,video,False,train,502.4160338766819
data/processed/mauritius/video/not_augmented/cull2_green_bg/head/224/occ/raw/span_matched/20230831_135124/m--20230831_135124--f000152.jpg,20230831_135124,mauritius,original,video,False,train,668.8463394501862
data/processed/mauritius/video/not_augmented/cull2_green_bg/head/224/occ/raw/span_matched/20230831_135124/m--20230831_135124--f000154.jpg,20230831_135124,mauritius,original,video,False,train,885.0767487248298
data/processed/mauritius/video/not_augmented/cull2_green_bg/head/224/occ/raw/span_matched/20230831_135124/m--20230831_135124--f000156.jpg,20230831_135124,mauritius,original,video,False,train,977.8239965152856
data/processed/mauritius/video/not_augmented/cull2_green_bg/head/224/occ/raw/span_matched/20230831_135124/m--20230831_135124--f000158.jpg,20230831_135124,mauritius,original,video,False,train,975.4328923124117
data/processed/mauritius/video/not_augmented/cull2_green_bg/head/224/occ/raw/span_matched/20230831_135124/m--20230831_135124--f000160.jpg,20230831_135124,mauritius,original,video,False,train,1180.4899330723042
data/processed/mauritius/video/not_augmented/cull2_green_bg/head/224/occ/raw/span_matched/20230831_135124/m--20230831_135124--f000162.jpg,20230831_135124,mauritius,original,video,False,train,1532.2902743277177
data/processed/mauritius/video/not_augmented/cull2_green_bg/head/224/occ/raw/span_matched/20230831_135124/m--20230831_135124--f000164.jpg,20230831_135124,mauritius,original,video,False,train,1770.9055513733872
data/processed/mauritius/video/not_augmented/cull2_green_bg/head/224/occ/raw/span_matched/20230831_135124/m--20230831_135124--f000166.jpg,20230831_135124,mauritius,original,video,False,train,1913.6123783976673
data/processed/mauritius/video/not_augmented/cull2_green_bg/head/224/occ/raw/span_matched/20230831_135124/m--20230831_135124--f000168.jpg,20230831_135124,mauritius,original,video,False,train,2025.2821798864773
data/processed/mauritius/video/not_augmented/cull2_green_bg/head/224/occ/raw/span_matched/20230831_135124/m--20230831_135124--f000170.jpg,20230831_135124,mauritius,original,video,False,train,2619.9788728354124
data/processed/mauritius/video/not_augmented/cull2_green_bg/head/224/occ/raw/span_matched/20230831_135124/m--20230831_135124--f000172.jpg,20230831_135124,mauritius,original,video,False,train,1286.1467389154811
data/processed/mauritius/video/not_augmented/cull2_green_bg/head/224/occ/raw/span_matched/20230831_135124/m--20230831_135124--f000174.jpg,20230831_135124,mauritius,original,video,False,train,2428.538182077086
data/processed/mauritius/video/not_augmented/cull2_green_bg/head/224/occ/raw/span_matched/20230831_135124/m--20230831_135124--f000176.jpg,20230831_135124,mauritius,original,video,False,train,2646.0284148676596
data/processed/mauritius/video/not_augmented/cull2_green_bg/head/224/occ/raw/span_matched/20230831_135124/m--20230831_135124--f000178.jpg,20230831_135124,mauritius,original,video,False,train,2787.7866507402714
data/processed/mauritius/video/not_augmented/cull2_green_bg/head/224/occ/raw/span_matched/20230831_135124/m--20230831_135124--f000180.jpg,20230831_135124,mauritius,original,video,False,train,2857.8619809160627
data/processed/mauritius/video/not_augmented/cull2_green_bg/head/224/occ/raw/span_matched/20230831_135124/m--20230831_135124--f000182.jpg,20230831_135124,mauritius,original,video,False,train,2628.974561730209
data/processed/mauritius/video/not_augmented/cull2_green_bg/head/224/occ/raw/span_matched/20230831_135124/m--20230831_135124--f000184.jpg,20230831_135124,mauritius,original,video,False,train,2575.64295257821
data/processed/mauritius/video/not_augmented/cull2_green_bg/head/224/occ/raw/span_matched/20230831_135124/m--20230831_135124--f000186.jpg,20230831_135124,mauritius,original,video,False,train,2663.110188230779
data/processed/mauritius/video/not_augmented/cull2_green_bg/head/224/occ/raw/span_matched/20230831_135124/m--20230831_135124--f000188.jpg,20230831_135124,mauritius,original,video,False,train,2615.103473471086
data/processed/mauritius/video/not_augmented/cull2_green_bg/head/224/occ/raw/span_matched/20230831_135124/m--20230831_135124--f000190.jpg,20230831_135124,mauritius,original,video,False,train,2338.1582572898083
data/processed/mauritius/video/not_augmented/cull2_green_bg/head/224/occ/raw/span_matched/20230831_135124/m--20230831_135124--f000192.jpg,20230831_135124,mauritius,original,video,False,train,2365.517298033117
data/processed/mauritius/video/not_augmented/cull2_green_bg/head/224/occ/raw/span_matched/20230831_135124/m--20230831_135124--f000194.jpg,20230831_135124,mauritius,original,video,False,train,2226.758307599962
data/processed/mauritius/video/not_augmented/cull2_green_bg/head/224/occ/raw/span_matched/20230831_135124/m--20230831_135124--f000196.jpg,20230831_135124,mauritius,original,video,False,train,1879.487444118578
data/processed/mauritius/video/not_augmented/cull2_green_bg/head/224/occ/raw/span_matched/20230831_135124/m--20230831_135124--f000198.jpg,20230831_135124,mauritius,original,video,False,train,1839.2047592220283
data/processed/mauritius/video/not_augmented/cull2_green_bg/head/224/occ/raw/span_matched/20230831_135124/m--20230831_135124--f000200.jpg,20230831_135124,mauritius,original,video,False,train,1758.7865513249865
data/processed/mauritius/video/not_augmented/cull2_green_bg/head/224/occ/raw/span_matched/20230831_135124/m--20230831_135124--f000202.jpg,20230831_135124,mauritius,original,video,False,train,1458.6100676507563
data/processed/mauritius/video/not_augmented/cull2_green_bg/head/224/occ/raw/span_matched/20230831_135124/m--20230831_135124--f000204.jpg,20230831_135124,mauritius,original,video,False,train,1264.184271363207
data/processed/mauritius/video/not_augmented/cull2_green_bg/head/224/occ/raw/span_matched/20230831_135124/m--20230831_135124--f000206.jpg,20230831_135124,mauritius,original,video,False,train,1087.132892162191
data/processed/mauritius/video/not_augmented/cull2_green_bg/head/224/occ/raw/span_matched/20230831_135124/m--20230831_135124--f000208.jpg,20230831_135124,mauritius,original,video,False,train,814.959363032162
data/processed/mauritius/video/not_augmented/cull2_green_bg/head/224/occ/raw/span_matched/20230831_135124/m--20230831_135124--f000210.jpg,20230831_135124,mauritius,original,video,False,train,416.47544642221635
data/processed/mauritius/video/not_augmented/cull2_green_bg/head/224/occ/raw/span_matched/20230831_135124/m--20230831_135124--f000212.jpg,20230831_135124,mauritius,original,video,False,train,309.5888871030478
data/processed/mauritius/video/not_augmented/cull2_green_bg/head/224/occ/raw/span_matched/20230831_135124/m--20230831_135124--f000214.jpg,20230831_135124,mauritius,original,video,False,train,255.5384247051781
data/processed/mauritius/video/not_augmented/cull2_green_bg/head/224/occ/raw/span_matched/20230831_135124/m--20230831_135124--f001038.jpg,20230831_135124,mauritius,original,video,False,train,2678.039899451889
data/processed/mauritius/video/not_augmented/cull2_green_bg/head/224/occ/raw/span_matched/20230831_135124/m--20230831_135124--f001040.jpg,20230831_135124,mauritius,original,video,False,train,2714.0404177041705
data/processed/mauritius/video/not_augmented/cull2_green_bg/head/224/occ/raw/span_matched/20230831_135124/m--20230831_135124--f001042.jpg,20230831_135124,mauritius,original,video,False,train,2686.6867226688437
data/processed/mauritius/video/not_augmented/cull2_green_bg/head/224/occ/raw/span_matched/20230831_135124/m--20230831_135124--f001044.jpg,20230831_135124,mauritius,original,video,False,train,1769.3507453568127
data/processed/mauritius/video/not_augmented/cull2_green_bg/head/224/occ/raw/span_matched/20230831_135124/m--20230831_135124--f001046.jpg,20230831_135124,mauritius,original,video,False,train,1626.4131457270407
data/processed/mauritius/video/not_augmented/cull2_green_bg/head/224/occ/raw/span_matched/20230831_135124/m--20230831_135124--f001048.jpg,20230831_135124,mauritius,original,video,False,train,1546.1101721160267
data/processed/mauritius/video/not_augmented/cull2_green_bg/head/224/occ/raw/span_matched/20230831_135124/m--20230831_135124--f001052.jpg,20230831_135124,mauritius,original,video,False,train,1770.8987563521307
data/processed/mauritius/video/not_augmented/cull2_green_bg/head/224/occ/raw/span_matched/20230831_135124/m--20230831_135124--f001054.jpg,20230831_135124,mauritius,original,video,False,train,1871.0378467789396
data/processed/mauritius/video/not_augmented/cull2_green_bg/head/224/occ/raw/span_matched/20230831_135124/m--20230831_135124--f001062.jpg,20230831_135124,mauritius,original,video,False,train,2722.977040802027
data/processed/mauritius/video/not_augmented/cull2_green_bg/head/224/occ/raw/span_matched/20230831_135124/m--20230831_135124--f001064.jpg,20230831_135124,mauritius,original,video,False,train,2628.6224888376973
data/processed/mauritius/video/not_augmented/cull2_green_bg/head/224/occ/raw/span_matched/20230831_135124/m--20230831_135124--f001066.jpg,20230831_135124,mauritius,original,video,False,train,2745.00851002518
data/processed/mauritius/video/not_augmented/cull2_green_bg/head/224/occ/raw/span_matched/20230831_135124/m--20230831_135124--f001068.jpg,20230831_135124,mauritius,original,video,False,train,2716.533183147092
data/processed/mauritius/video/not_augmented/cull2_green_bg/head/224/occ/raw/span_matched/20230831_135124/m--20230831_135124--f001070.jpg,20230831_135124,mauritius,original,video,False,train,1894.6050302917781
data/processed/mauritius/video/not_augmented/cull2_green_bg/head/224/occ/raw/span_matched/20230831_135124/m--20230831_135124--f001072.jpg,20230831_135124,mauritius,original,video,False,train,2169.9124279411476
data/processed/mauritius/video/not_augmented/cull2_green_bg/head/224/occ/raw/span_matched/20230831_135124/m--20230831_135124--f001074.jpg,20230831_135124,mauritius,original,video,False,train,2676.633948291157
data/processed/mauritius/video/not_augmented/cull2_green_bg/head/224/occ/raw/span_matched/20230831_135124/m--20230831_135124--f001076.jpg,20230831_135124,mauritius,original,video,False,train,2646.7794961671143
data/processed/mauritius/video/not_augmented/cull2_green_bg/head/224/occ/raw/span_matched/20230831_135124/m--20230831_135124--f001078.jpg,20230831_135124,mauritius,original,video,False,train,2667.087252741206
data/processed/mauritius/video/not_augmented/cull2_green_bg/head/224/occ/raw/span_matched/20230831_135124/m--20230831_135124--f001080.jpg,20230831_135124,mauritius,original,video,False,train,2631.1897121808374
data/processed/mauritius/video/not_augmented/cull2_green_bg/head/224/occ/raw/span_matched/20230831_135124/m--20230831_135124--f001084.jpg,20230831_135124,mauritius,original,video,False,train,2602.861985695158
data/processed/mauritius/video/not_augmented/cull2_green_bg/head/224/occ/raw/span_matched/20230831_135124/m--20230831_135124--f001088.jpg,20230831_135124,mauritius,original,video,False,train,2487.034159756064
data/processed/mauritius/video/not_augmented/cull2_green_bg/head/224/occ/raw/span_matched/20230831_135909/m--20230831_135909--f000178.jpg,20230831_135909,mauritius,original,video,False,train,376.6576052295918
data/processed/mauritius/video/not_augmented/cull2_green_bg/head/224/occ/raw/span_matched/20230831_135909/m--20230831_135909--f000180.jpg,20230831_135909,mauritius,original,video,False,train,1060.9435586734694
data/processed/mauritius/video/not_augmented/cull2_green_bg/head/224/occ/raw/span_matched/20230831_135909/m--20230831_135909--f000182.jpg,20230831_135909,mauritius,original,video,False,train,1130.9115313613777
data/processed/mauritius/video/not_augmented/cull2_green_bg/head/224/occ/raw/span_matched/20230831_135909/m--20230831_135909--f000184.jpg,20230831_135909,mauritius,original,video,False,train,1362.8116430066516
data/processed/mauritius/video/not_augmented/cull2_green_bg/head/224/occ/raw/span_matched/20230831_135909/m--20230831_135909--f000186.jpg,20230831_135909,mauritius,original,video,False,train,1436.400450404611
data/processed/mauritius/video/not_augmented/cull2_green_bg/head/224/occ/raw/span_matched/20230831_135909/m--20230831_135909--f000188.jpg,20230831_135909,mauritius,original,video,False,train,1544.9770009566328
data/processed/mauritius/video/not_augmented/cull2_green_bg/head/224/occ/raw/span_matched/20230831_135909/m--20230831_135909--f000190.jpg,20230831_135909,mauritius,original,video,False,train,1481.3550501910413
data/processed/mauritius/video/not_augmented/cull2_green_bg/head/224/occ/raw/span_matched/20230831_135909/m--20230831_135909--f000192.jpg,20230831_135909,mauritius,original,video,False,train,1537.656289859694
data/processed/mauritius/video/not_augmented/cull2_green_bg/head/224/occ/raw/span_matched/20230831_135909/m--20230831_135909--f000194.jpg,20230831_135909,mauritius,original,video,False,train,1428.8097496811224
data/processed/mauritius/video/not_augmented/cull2_green_bg/head/224/occ/raw/span_matched/20230831_135909/m--20230831_135909--f000196.jpg,20230831_135909,mauritius,original,video,False,train,1434.3505261479593
data/processed/mauritius/video/not_augmented/cull2_green_bg/head/224/occ/raw/span_matched/20230831_135909/m--20230831_135909--f000198.jpg,20230831_135909,mauritius,original,video,False,train,1497.5210459183672
data/processed/mauritius/video/not_augmented/cull2_green_bg/head/224/occ/raw/span_matched/20230831_135909/m--20230831_135909--f000200.jpg,20230831_135909,mauritius,original,video,False,train,1569.2158801020407
data/processed/mauritius/video/not_augmented/cull2_green_bg/head/224/occ/raw/span_matched/20230831_135909/m--20230831_135909--f000202.jpg,20230831_135909,mauritius,original,video,False,train,1556.1219308035713
data/processed/mauritius/video/not_augmented/cull2_green_bg/head/224/occ/raw/span_matched/20230831_135909/m--20230831_135909--f000204.jpg,20230831_135909,mauritius,original,video,False,train,1357.3839285714287
data/processed/mauritius/video/not_augmented/cull2_green_bg/head/224/occ/raw/span_matched/20230831_135909/m--20230831_135909--f000206.jpg,20230831_135909,mauritius,original,video,False,train,1378.2329001913265
data/processed/mauritius/video/not_augmented/cull2_green_bg/head/224/occ/raw/span_matched/20230831_135909/m--20230831_135909--f000208.jpg,20230831_135909,mauritius,original,video,False,train,1466.5393016581634
data/processed/mauritius/video/not_augmented/cull2_green_bg/head/224/occ/raw/span_matched/20230831_135909/m--20230831_135909--f000210.jpg,20230831_135909,mauritius,original,video,False,train,1414.7456951530612
data/processed/mauritius/video/not_augmented/cull2_green_bg/head/224/occ/raw/span_matched/20230831_135909/m--20230831_135909--f000212.jpg,20230831_135909,mauritius,original,video,False,train,1441.2127709680674
data/processed/mauritius/video/not_augmented/cull2_green_bg/head/224/occ/raw/span_matched/20230831_135909/m--20230831_135909--f000214.jpg,20230831_135909,mauritius,original,video,False,train,1417.0092474489795
data/processed/mauritius/video/not_augmented/cull2_green_bg/head/224/occ/raw/span_matched/20230831_135909/m--20230831_135909--f000216.jpg,20230831_135909,mauritius,original,video,False,train,1415.1936383674367
data/processed/mauritius/video/not_augmented/cull2_green_bg/head/224/occ/raw/span_matched/20230831_135909/m--20230831_135909--f000218.jpg,20230831_135909,mauritius,original,video,False,train,1266.5818718112246
data/processed/mauritius/video/not_augmented/cull2_green_bg/head/224/occ/raw/span_matched/20230831_135909/m--20230831_135909--f000220.jpg,20230831_135909,mauritius,original,video,False,train,1490.8054846938776
data/processed/mauritius/video/not_augmented/cull2_green_bg/head/224/occ/raw/span_matched/20230831_135909/m--20230831_135909--f000222.jpg,20230831_135909,mauritius,original,video,False,train,1511.267259247449
data/processed/mauritius/video/not_augmented/cull2_green_bg/head/224/occ/raw/span_matched/20230831_135909/m--20230831_135909--f000224.jpg,20230831_135909,mauritius,original,video,False,train,1534.3386080994899
data/processed/mauritius/video/not_augmented/cull2_green_bg/head/224/occ/raw/span_matched/20230831_135909/m--20230831_135909--f000226.jpg,20230831_135909,mauritius,original,video,False,train,1469.4629703443877
data/processed/mauritius/video/not_augmented/cull2_green_bg/head/224/occ/raw/span_matched/20230831_135909/m--20230831_135909--f000228.jpg,20230831_135909,mauritius,original,video,False,train,1538.5975765306123
data/processed/mauritius/video/not_augmented/cull2_green_bg/head/224/occ/raw/span_matched/20230831_135909/m--20230831_135909--f000230.jpg,20230831_135909,mauritius,original,video,False,train,1479.5184151785713
data/processed/mauritius/video/not_augmented/cull2_green_bg/head/224/occ/raw/span_matched/20230831_135909/m--20230831_135909--f000234.jpg,20230831_135909,mauritius,original,video,False,train,888.7891820790817
data/processed/mauritius/video/not_augmented/cull2_green_bg/head/224/occ/raw/span_matched/20230831_135909/m--20230831_135909--f000570.jpg,20230831_135909,mauritius,original,video,False,train,729.5767697449876
data/processed/mauritius/video/not_augmented/cull2_green_bg/head/224/occ/raw/span_matched/20230831_135909/m--20230831_135909--f000986.jpg,20230831_135909,mauritius,original,video,False,train,752.6787499928664
data/processed/mauritius/video/not_augmented/cull2_green_bg/head/224/occ/raw/span_matched/20230831_135909/m--20230831_135909--f000992.jpg,20230831_135909,mauritius,original,video,False,train,617.5121970409058
data/processed/mauritius/video/not_augmented/cull2_green_bg/head/224/occ/raw/span_matched/20230831_135909/m--20230831_135909--f000996.jpg,20230831_135909,mauritius,original,video,False,train,675.017259247449
data/processed/mauritius/video/not_augmented/cull2_green_bg/head/224/occ/raw/span_matched/20230831_135909/m--20230831_135909--f000998.jpg,20230831_135909,mauritius,original,video,False,train,585.6346460459183
data/processed/mauritius/video/not_augmented/cull2_green_bg/head/224/occ/raw/span_matched/20230831_135909/m--20230831_135909--f001000.jpg,20230831_135909,mauritius,original,video,False,train,540.9439173535176
data/processed/mauritius/video/not_augmented/cull2_green_bg/head/224/occ/raw/span_matched/20230831_135909/m--20230831_135909--f001010.jpg,20230831_135909,mauritius,original,video,False,train,1076.7949417949171
data/processed/mauritius/video/not_augmented/cull2_green_bg/head/224/occ/raw/span_matched/20230831_135909/m--20230831_135909--f001012.jpg,20230831_135909,mauritius,original,video,False,train,907.0617024947186
data/processed/mauritius/video/not_augmented/cull2_green_bg/head/224/occ/raw/span_matched/20230831_135909/m--20230831_135909--f001014.jpg,20230831_135909,mauritius,original,video,False,train,1115.5416308442339
data/processed/mauritius/video/not_augmented/cull2_green_bg/head/224/occ/raw/span_matched/20230831_135909/m--20230831_135909--f001016.jpg,20230831_135909,mauritius,original,video,False,train,1458.168384540483
data/processed/mauritius/video/not_augmented/cull2_green_bg/head/224/occ/raw/span_matched/20230831_135909/m--20230831_135909--f001018.jpg,20230831_135909,mauritius,original,video,False,train,1757.0949255714113
data/processed/mauritius/video/not_augmented/cull2_green_bg/head/224/occ/raw/span_matched/20230831_135909/m--20230831_135909--f001020.jpg,20230831_135909,mauritius,original,video,False,train,1874.5784576011667
data/processed/mauritius/video/not_augmented/cull2_green_bg/head/224/occ/raw/span_matched/20230831_135909/m--20230831_135909--f001022.jpg,20230831_135909,mauritius,original,video,False,train,1721.2447979759047
data/processed/mauritius/video/not_augmented/cull2_green_bg/head/224/occ/raw/span_matched/20230831_135909/m--20230831_135909--f001024.jpg,20230831_135909,mauritius,original,video,False,train,1554.0505018746642
data/processed/mauritius/video/not_augmented/cull2_green_bg/head/224/occ/raw/span_matched/20230831_135909/m--20230831_135909--f001028.jpg,20230831_135909,mauritius,original,video,False,train,1232.0758523619309
data/processed/mauritius/video/not_augmented/cull2_green_bg/head/224/occ/raw/span_matched/20230831_135909/m--20230831_135909--f001030.jpg,20230831_135909,mauritius,original,video,False,train,931.0533318112464
data/processed/mauritius/video/not_augmented/cull2_green_bg/head/224/occ/raw/span_matched/20230831_135909/m--20230831_135909--f001032.jpg,20230831_135909,mauritius,original,video,False,train,518.2034636640092
data/processed/mauritius/video/not_augmented/cull2_green_bg/head/224/occ/raw/span_matched/20230831_135909/m--20230831_135909--f001034.jpg,20230831_135909,mauritius,original,video,False,train,472.62832725132466
data/processed/mauritius/video/not_augmented/cull2_green_bg/head/224/occ/raw/span_matched/20230831_135909/m--20230831_135909--f001036.jpg,20230831_135909,mauritius,original,video,False,train,1128.9715598188604
data/processed/mauritius/video/not_augmented/cull2_green_bg/head/224/occ/raw/span_matched/20230831_135909/m--20230831_135909--f001038.jpg,20230831_135909,mauritius,original,video,False,train,1625.3854028065473
data/processed/mauritius/video/not_augmented/cull2_green_bg/head/224/occ/raw/span_matched/20230831_135909/m--20230831_135909--f001040.jpg,20230831_135909,mauritius,original,video,False,train,1562.183889112985
data/processed/mauritius/video/not_augmented/cull2_green_bg/head/224/occ/raw/span_matched/20230831_135909/m--20230831_135909--f001042.jpg,20230831_135909,mauritius,original,video,False,train,1617.3993503009713
data/processed/mauritius/video/not_augmented/cull2_green_bg/head/224/occ/raw/span_matched/20230831_135909/m--20230831_135909--f001044.jpg,20230831_135909,mauritius,original,video,False,train,1060.3444641125989
data/processed/mauritius/video/not_augmented/cull2_green_bg/head/224/occ/raw/span_matched/20230831_135909/m--20230831_135909--f001046.jpg,20230831_135909,mauritius,original,video,False,train,960.4864470685635
data/processed/mauritius/video/not_augmented/cull2_green_bg/head/224/occ/raw/span_matched/20230831_135909/m--20230831_135909--f001050.jpg,20230831_135909,mauritius,original,video,False,train,526.7146033462213
data/processed/mauritius/video/not_augmented/cull2_green_bg/head/224/occ/raw/span_matched/20230831_135909/m--20230831_135909--f001054.jpg,20230831_135909,mauritius,original,video,False,train,967.8468590418232
data/processed/mauritius/video/not_augmented/cull2_green_bg/head/224/occ/raw/span_matched/20230831_135909/m--20230831_135909--f001066.jpg,20230831_135909,mauritius,original,video,False,train,1665.2003148816516
data/processed/mauritius/video/not_augmented/cull2_green_bg/head/224/occ/raw/span_matched/20230831_135909/m--20230831_135909--f001080.jpg,20230831_135909,mauritius,original,video,False,train,1046.2215595042787
data/processed/mauritius/video/not_augmented/cull2_green_bg/head/224/occ/raw/span_matched/20230831_135909/m--20230831_135909--f001082.jpg,20230831_135909,mauritius,original,video,False,train,894.5086080669513
data/processed/mauritius/video/not_augmented/cull2_green_bg/head/224/occ/raw/span_matched/20230831_135909/m--20230831_135909--f001084.jpg,20230831_135909,mauritius,original,video,False,train,757.9651425829137
data/processed/mauritius/video/not_augmented/cull2_green_bg/head/224/occ/raw/span_matched/20230831_135909/m--20230831_135909--f001088.jpg,20230831_135909,mauritius,original,video,False,train,1073.3613660384199
data/processed/mauritius/video/not_augmented/cull2_green_bg/head/224/occ/raw/span_matched/20230831_135909/m--20230831_135909--f001182.jpg,20230831_135909,mauritius,original,video,False,train,1142.0769076011718
data/processed/mauritius/video/not_augmented/cull2_green_bg/head/224/occ/raw/span_matched/20230831_135909/m--20230831_135909--f001184.jpg,20230831_135909,mauritius,original,video,False,train,1051.6954916934576
data/processed/mauritius/video/not_augmented/cull2_green_bg/head/224/occ/raw/span_matched/20230831_135909/m--20230831_135909--f001202.jpg,20230831_135909,mauritius,original,video,False,train,867.0710887309164
data/processed/mauritius/video/not_augmented/cull2_green_bg/head/224/occ/raw/span_matched/20230831_135909/m--20230831_135909--f001238.jpg,20230831_135909,mauritius,original,video,False,train,442.33719241266607
data/processed/mauritius/video/not_augmented/cull2_green_bg/head/224/occ/raw/span_matched/20230831_135909/m--20230831_135909--f001246.jpg,20230831_135909,mauritius,original,video,False,train,838.0336809821647
data/processed/mauritius/video/not_augmented/cull2_green_bg/head/224/occ/raw/span_matched/20230831_135909/m--20230831_135909--f001302.jpg,20230831_135909,mauritius,original,video,False,train,343.5629982425987
data/processed/mauritius/video/not_augmented/cull2_green_bg/head/224/occ/raw/span_matched/20230831_135909/m--20230831_135909--f001304.jpg,20230831_135909,mauritius,original,video,False,train,345.2908162248476
data/processed/mauritius/video/not_augmented/cull2_green_bg/head/224/occ/raw/span_matched/20230831_135909/m--20230831_135909--f001306.jpg,20230831_135909,mauritius,original,video,False,train,351.3425009019273
data/processed/mauritius/video/not_augmented/cull2_green_bg/head/224/occ/raw/span_matched/20230831_135909/m--20230831_135909--f001308.jpg,20230831_135909,mauritius,original,video,False,train,373.64136137122256
data/processed/mauritius/video/not_augmented/cull2_green_bg/head/224/occ/raw/span_matched/20230831_135909/m--20230831_135909--f001310.jpg,20230831_135909,mauritius,original,video,False,train,740.5372284949198
data/processed/mauritius/video/not_augmented/cull2_green_bg/head/224/occ/raw/span_matched/20230831_135909/m--20230831_135909--f001312.jpg,20230831_135909,mauritius,original,video,False,train,1041.7904374111893
data/processed/mauritius/video/not_augmented/cull2_green_bg/head/224/occ/raw/span_matched/20230831_135909/m--20230831_135909--f001314.jpg,20230831_135909,mauritius,original,video,False,train,993.6974843667477
data/processed/mauritius/video/not_augmented/cull2_green_bg/head/224/occ/raw/span_matched/20230831_135909/m--20230831_135909--f001316.jpg,20230831_135909,mauritius,original,video,False,train,1168.9606323460644
data/processed/mauritius/video/not_augmented/cull2_green_bg/head/224/occ/raw/span_matched/20230831_135909/m--20230831_135909--f001320.jpg,20230831_135909,mauritius,original,video,False,train,720.6385522561985
data/processed/mauritius/video/not_augmented/cull2_green_bg/head/224/occ/raw/span_matched/20230831_135909/m--20230831_135909--f001322.jpg,20230831_135909,mauritius,original,video,False,train,700.9930444798435
data/processed/mauritius/video/not_augmented/cull2_green_bg/head/224/occ/raw/span_matched/20230831_140541/m--20230831_140541--f000178.jpg,20230831_140541,mauritius,original,video,False,train,220.74286508937521
data/processed/mauritius/video/not_augmented/cull2_green_bg/head/224/occ/raw/span_matched/20230831_140541/m--20230831_140541--f000180.jpg,20230831_140541,mauritius,original,video,False,train,209.24854512077633
data/processed/mauritius/video/not_augmented/cull2_green_bg/head/224/occ/raw/span_matched/20230831_140541/m--20230831_140541--f000182.jpg,20230831_140541,mauritius,original,video,False,train,224.37521921838635
data/processed/mauritius/video/not_augmented/cull2_green_bg/head/224/occ/raw/span_matched/20230831_140541/m--20230831_140541--f000184.jpg,20230831_140541,mauritius,original,video,False,train,229.26122050342937
data/processed/mauritius/video/not_augmented/cull2_green_bg/head/224/occ/raw/span_matched/20230831_140541/m--20230831_140541--f000186.jpg,20230831_140541,mauritius,original,video,False,train,255.86874202806123
data/processed/mauritius/video/not_augmented/cull2_green_bg/head/224/occ/raw/span_matched/20230831_140541/m--20230831_140541--f000188.jpg,20230831_140541,mauritius,original,video,False,train,250.82639108385365
data/processed/mauritius/video/not_augmented/cull2_green_bg/head/224/occ/raw/span_matched/20230831_140541/m--20230831_140541--f000190.jpg,20230831_140541,mauritius,original,video,False,train,187.64104351685575
data/processed/mauritius/video/not_augmented/cull2_green_bg/head/224/occ/raw/span_matched/20230831_140541/m--20230831_140541--f000194.jpg,20230831_140541,mauritius,original,video,False,train,218.83448261759867
data/processed/mauritius/video/not_augmented/cull2_green_bg/head/224/occ/raw/span_matched/20230831_140541/m--20230831_140541--f000196.jpg,20230831_140541,mauritius,original,video,False,train,306.20059379464834
data/processed/mauritius/video/not_augmented/cull2_green_bg/head/224/occ/raw/span_matched/20230831_140541/m--20230831_140541--f000198.jpg,20230831_140541,mauritius,original,video,False,train,454.64925460426184
data/processed/mauritius/video/not_augmented/cull2_green_bg/head/224/occ/raw/span_matched/20230831_140541/m--20230831_140541--f000200.jpg,20230831_140541,mauritius,original,video,False,train,579.1670320277311
data/processed/mauritius/video/not_augmented/cull2_green_bg/head/224/occ/raw/span_matched/20230831_140541/m--20230831_140541--f000202.jpg,20230831_140541,mauritius,original,video,False,train,898.2254663484885
data/processed/mauritius/video/not_augmented/cull2_green_bg/head/224/occ/raw/span_matched/20230831_140541/m--20230831_140541--f000204.jpg,20230831_140541,mauritius,original,video,False,train,1551.675920755354
data/processed/mauritius/video/not_augmented/cull2_green_bg/head/224/occ/raw/span_matched/20230831_140541/m--20230831_140541--f000206.jpg,20230831_140541,mauritius,original,video,False,train,1793.0833066315117
data/processed/mauritius/video/not_augmented/cull2_green_bg/head/224/occ/raw/span_matched/20230831_140541/m--20230831_140541--f000208.jpg,20230831_140541,mauritius,original,video,False,train,1895.1396284822324
data/processed/mauritius/video/not_augmented/cull2_green_bg/head/224/occ/raw/span_matched/20230831_140541/m--20230831_140541--f000210.jpg,20230831_140541,mauritius,original,video,False,train,1813.7887834678436
data/processed/mauritius/video/not_augmented/cull2_green_bg/head/224/occ/raw/span_matched/20230831_140541/m--20230831_140541--f000212.jpg,20230831_140541,mauritius,original,video,False,train,1908.5933912373348
data/processed/mauritius/video/not_augmented/cull2_green_bg/head/224/occ/raw/span_matched/20230831_140541/m--20230831_140541--f000214.jpg,20230831_140541,mauritius,original,video,False,train,1840.2703683035713
data/processed/mauritius/video/not_augmented/cull2_green_bg/head/224/occ/raw/span_matched/20230831_140541/m--20230831_140541--f000216.jpg,20230831_140541,mauritius,original,video,False,train,1296.0099050858673
data/processed/mauritius/video/not_augmented/cull2_green_bg/head/224/occ/raw/span_matched/20230831_140541/m--20230831_140541--f000218.jpg,20230831_140541,mauritius,original,video,False,train,1531.7274792332394
data/processed/mauritius/video/not_augmented/cull2_green_bg/head/224/occ/raw/span_matched/20230831_140541/m--20230831_140541--f000220.jpg,20230831_140541,mauritius,original,video,False,train,1640.5327048688969
data/processed/mauritius/video/not_augmented/cull2_green_bg/head/224/occ/raw/span_matched/20230831_140541/m--20230831_140541--f000222.jpg,20230831_140541,mauritius,original,video,False,train,1674.964823810223
data/processed/mauritius/video/not_augmented/cull2_green_bg/head/224/occ/raw/span_matched/20230831_140541/m--20230831_140541--f000224.jpg,20230831_140541,mauritius,original,video,False,train,1709.9876633766842
data/processed/mauritius/video/not_augmented/cull2_green_bg/head/224/occ/raw/span_matched/20230831_140541/m--20230831_140541--f000226.jpg,20230831_140541,mauritius,original,video,False,train,1797.8316525825107
data/processed/mauritius/video/not_augmented/cull2_green_bg/head/224/occ/raw/span_matched/20230831_140541/m--20230831_140541--f000228.jpg,20230831_140541,mauritius,original,video,False,train,1729.4869060901635
data/processed/mauritius/video/not_augmented/cull2_green_bg/head/224/occ/raw/span_matched/20230831_140541/m--20230831_140541--f000230.jpg,20230831_140541,mauritius,original,video,False,train,1859.8780691900733
data/processed/mauritius/video/not_augmented/cull2_green_bg/head/224/occ/raw/span_matched/20230831_140541/m--20230831_140541--f000232.jpg,20230831_140541,mauritius,original,video,False,train,1907.6673308360184
data/processed/mauritius/video/not_augmented/cull2_green_bg/head/224/occ/raw/span_matched/20230831_140541/m--20230831_140541--f000234.jpg,20230831_140541,mauritius,original,video,False,train,1932.8606903683092
data/processed/mauritius/video/not_augmented/cull2_green_bg/head/224/occ/raw/span_matched/20230831_140541/m--20230831_140541--f000236.jpg,20230831_140541,mauritius,original,video,False,train,1871.5097257255861
data/processed/mauritius/video/not_augmented/cull2_green_bg/head/224/occ/raw/span_matched/20230831_140541/m--20230831_140541--f000238.jpg,20230831_140541,mauritius,original,video,False,train,1854.9966517841258
data/processed/mauritius/video/not_augmented/cull2_green_bg/head/224/occ/raw/span_matched/20230831_140541/m--20230831_140541--f000240.jpg,20230831_140541,mauritius,original,video,False,train,1657.503308340293
data/processed/mauritius/video/not_augmented/cull2_green_bg/head/224/occ/raw/span_matched/20230831_140541/m--20230831_140541--f000242.jpg,20230831_140541,mauritius,original,video,False,train,1165.51438930977
data/processed/mauritius/video/not_augmented/cull2_green_bg/head/224/occ/raw/span_matched/20230831_140541/m--20230831_140541--f000250.jpg,20230831_140541,mauritius,original,video,False,train,289.18939330328607
data/processed/mauritius/video/not_augmented/cull2_green_bg/head/224/occ/raw/span_matched/20230831_140541/m--20230831_140541--f000252.jpg,20230831_140541,mauritius,original,video,False,train,239.38510442882315
data/processed/mauritius/video/not_augmented/cull2_green_bg/head/224/occ/raw/span_matched/20230831_140541/m--20230831_140541--f000254.jpg,20230831_140541,mauritius,original,video,False,train,231.46639827170605
data/processed/mauritius/video/not_augmented/cull2_green_bg/head/224/occ/raw/span_matched/20230831_140541/m--20230831_140541--f001188.jpg,20230831_140541,mauritius,original,video,False,train,1293.7365666476453
data/processed/mauritius/video/not_augmented/cull2_green_bg/head/224/occ/raw/span_matched/20230831_140541/m--20230831_140541--f001190.jpg,20230831_140541,mauritius,original,video,False,train,1669.5879703046678
data/processed/mauritius/video/not_augmented/cull2_green_bg/head/224/occ/raw/span_matched/20230831_140541/m--20230831_140541--f001192.jpg,20230831_140541,mauritius,original,video,False,train,1286.2157206489662
data/processed/mauritius/video/not_augmented/cull2_green_bg/head/224/occ/raw/span_matched/20230831_141252/m--20230831_141252--f000152.jpg,20230831_141252,mauritius,original,video,False,val,235.26339285078768
data/processed/mauritius/video/not_augmented/cull2_green_bg/head/224/occ/raw/span_matched/20230831_141252/m--20230831_141252--f000154.jpg,20230831_141252,mauritius,original,video,False,val,231.9925063759622
data/processed/mauritius/video/not_augmented/cull2_green_bg/head/224/occ/raw/span_matched/20230831_141252/m--20230831_141252--f000156.jpg,20230831_141252,mauritius,original,video,False,val,203.94971699577627
data/processed/mauritius/video/not_augmented/cull2_green_bg/head/224/occ/raw/span_matched/20230831_141252/m--20230831_141252--f000158.jpg,20230831_141252,mauritius,original,video,False,val,209.89211967139383
data/processed/mauritius/video/not_augmented/cull2_green_bg/head/224/occ/raw/span_matched/20230831_141252/m--20230831_141252--f000160.jpg,20230831_141252,mauritius,original,video,False,val,314.4956951530612
data/processed/mauritius/video/not_augmented/cull2_green_bg/head/224/occ/raw/span_matched/20230831_141252/m--20230831_141252--f000162.jpg,20230831_141252,mauritius,original,video,False,val,321.08280846596955
data/processed/mauritius/video/not_augmented/cull2_green_bg/head/224/occ/raw/span_matched/20230831_141252/m--20230831_141252--f000164.jpg,20230831_141252,mauritius,original,video,False,val,327.82708863365997
data/processed/mauritius/video/not_augmented/cull2_green_bg/head/224/occ/raw/span_matched/20230831_141252/m--20230831_141252--f000166.jpg,20230831_141252,mauritius,original,video,False,val,309.573780164675
data/processed/mauritius/video/not_augmented/cull2_green_bg/head/224/occ/raw/span_matched/20230831_141252/m--20230831_141252--f000168.jpg,20230831_141252,mauritius,original,video,False,val,320.3709343048693
data/processed/mauritius/video/not_augmented/cull2_green_bg/head/224/occ/raw/span_matched/20230831_141252/m--20230831_141252--f000170.jpg,20230831_141252,mauritius,original,video,False,val,273.4989237866765
data/processed/mauritius/video/not_augmented/cull2_green_bg/head/224/occ/raw/span_matched/20230831_141252/m--20230831_141252--f000172.jpg,20230831_141252,mauritius,original,video,False,val,272.8606305322961
data/processed/mauritius/video/not_augmented/cull2_green_bg/head/224/occ/raw/span_matched/20230831_141252/m--20230831_141252--f000174.jpg,20230831_141252,mauritius,original,video,False,val,226.83274871813467
data/processed/mauritius/video/not_augmented/cull2_green_bg/head/224/occ/raw/span_matched/20230831_141252/m--20230831_141252--f000176.jpg,20230831_141252,mauritius,original,video,False,val,221.7325813121867
data/processed/mauritius/video/not_augmented/cull2_green_bg/head/224/occ/raw/span_matched/20230831_141252/m--20230831_141252--f000178.jpg,20230831_141252,mauritius,original,video,False,val,226.41216915461087
data/processed/mauritius/video/not_augmented/cull2_green_bg/head/224/occ/raw/span_matched/20230831_141252/m--20230831_141252--f000180.jpg,20230831_141252,mauritius,original,video,False,val,210.31257971303253
data/processed/mauritius/video/not_augmented/cull2_green_bg/head/224/occ/raw/span_matched/20230831_141252/m--20230831_141252--f000254.jpg,20230831_141252,mauritius,original,video,False,val,287.28501670889835
data/processed/mauritius/video/not_augmented/cull2_green_bg/head/224/occ/raw/span_matched/20230831_141252/m--20230831_141252--f000256.jpg,20230831_141252,mauritius,original,video,False,val,495.379264909394
data/processed/mauritius/video/not_augmented/cull2_green_bg/head/224/occ/raw/span_matched/20230831_141252/m--20230831_141252--f000258.jpg,20230831_141252,mauritius,original,video,False,val,735.3403220409058
data/processed/mauritius/video/not_augmented/cull2_green_bg/head/224/occ/raw/span_matched/20230831_141252/m--20230831_141252--f000260.jpg,20230831_141252,mauritius,original,video,False,val,1148.0585339123982
data/processed/mauritius/video/not_augmented/cull2_green_bg/head/224/occ/raw/span_matched/20230831_141252/m--20230831_141252--f000262.jpg,20230831_141252,mauritius,original,video,False,val,1576.781847881109
data/processed/mauritius/video/not_augmented/cull2_green_bg/head/224/occ/raw/span_matched/20230831_141252/m--20230831_141252--f000264.jpg,20230831_141252,mauritius,original,video,False,val,1667.0731226048435
data/processed/mauritius/video/not_augmented/cull2_green_bg/head/224/occ/raw/span_matched/20230831_141252/m--20230831_141252--f000266.jpg,20230831_141252,mauritius,original,video,False,val,1767.6300621795335
data/processed/mauritius/video/not_augmented/cull2_green_bg/head/224/occ/raw/span_matched/20230831_141252/m--20230831_141252--f000268.jpg,20230831_141252,mauritius,original,video,False,val,1683.6606744244314
data/processed/mauritius/video/not_augmented/cull2_green_bg/head/224/occ/raw/span_matched/20230831_141252/m--20230831_141252--f000270.jpg,20230831_141252,mauritius,original,video,False,val,1547.9344905895375
data/processed/mauritius/video/not_augmented/cull2_green_bg/head/224/occ/raw/span_matched/20230831_141252/m--20230831_141252--f000272.jpg,20230831_141252,mauritius,original,video,False,val,1635.8966238517555
data/processed/mauritius/video/not_augmented/cull2_green_bg/head/224/occ/raw/span_matched/20230831_141252/m--20230831_141252--f000274.jpg,20230831_141252,mauritius,original,video,False,val,1443.5818318736797
data/processed/mauritius/video/not_augmented/cull2_green_bg/head/224/occ/raw/span_matched/20230831_141252/m--20230831_141252--f000276.jpg,20230831_141252,mauritius,original,video,False,val,1457.4945591037247
data/processed/mauritius/video/not_augmented/cull2_green_bg/head/224/occ/raw/span_matched/20230831_141252/m--20230831_141252--f000278.jpg,20230831_141252,mauritius,original,video,False,val,1532.0092275187353
data/processed/mauritius/video/not_augmented/cull2_green_bg/head/224/occ/raw/span_matched/20230831_141252/m--20230831_141252--f000280.jpg,20230831_141252,mauritius,original,video,False,val,1459.8805404958603
data/processed/mauritius/video/not_augmented/cull2_green_bg/head/224/occ/raw/span_matched/20230831_141252/m--20230831_141252--f000282.jpg,20230831_141252,mauritius,original,video,False,val,1375.9255420521167
data/processed/mauritius/video/not_augmented/cull2_green_bg/head/224/occ/raw/span_matched/20230831_141252/m--20230831_141252--f000284.jpg,20230831_141252,mauritius,original,video,False,val,1257.216637277345
data/processed/mauritius/video/not_augmented/cull2_green_bg/head/224/occ/raw/span_matched/20230831_141252/m--20230831_141252--f000286.jpg,20230831_141252,mauritius,original,video,False,val,1234.405931116094
data/processed/mauritius/video/not_augmented/cull2_green_bg/head/224/occ/raw/span_matched/20230831_141252/m--20230831_141252--f000288.jpg,20230831_141252,mauritius,original,video,False,val,1242.2818877487468
data/processed/mauritius/video/not_augmented/cull2_green_bg/head/224/occ/raw/span_matched/20230831_141252/m--20230831_141252--f000290.jpg,20230831_141252,mauritius,original,video,False,val,1239.2803730851458
data/processed/mauritius/video/not_augmented/cull2_green_bg/head/224/occ/raw/span_matched/20230831_141252/m--20230831_141252--f000292.jpg,20230831_141252,mauritius,original,video,False,val,1294.854193239796
data/processed/mauritius/video/not_augmented/cull2_green_bg/head/224/occ/raw/span_matched/20230831_141252/m--20230831_141252--f000294.jpg,20230831_141252,mauritius,original,video,False,val,1233.2297711858944
data/processed/mauritius/video/not_augmented/cull2_green_bg/head/224/occ/raw/span_matched/20230831_141252/m--20230831_141252--f000296.jpg,20230831_141252,mauritius,original,video,False,val,779.6025789217966
data/processed/mauritius/video/not_augmented/cull2_green_bg/head/224/occ/raw/span_matched/20230831_141252/m--20230831_141252--f000298.jpg,20230831_141252,mauritius,original,video,False,val,672.1865433276269
data/processed/mauritius/video/not_augmented/cull2_green_bg/head/224/occ/raw/span_matched/20230831_141252/m--20230831_141252--f000300.jpg,20230831_141252,mauritius,original,video,False,val,1002.534199617347
data/processed/mauritius/video/not_augmented/cull2_green_bg/head/224/occ/raw/span_matched/20230831_141252/m--20230831_141252--f000310.jpg,20230831_141252,mauritius,original,video,False,val,531.0722855544498
data/processed/mauritius/video/not_augmented/cull2_green_bg/head/224/occ/raw/span_matched/20230831_141252/m--20230831_141252--f001062.jpg,20230831_141252,mauritius,original,video,False,val,1018.7481860943706
data/processed/mauritius/video/not_augmented/cull2_green_bg/head/224/occ/raw/span_matched/20230831_141252/m--20230831_141252--f001064.jpg,20230831_141252,mauritius,original,video,False,val,1326.5051618267823
data/processed/mauritius/video/not_augmented/cull2_green_bg/head/224/occ/raw/span_matched/20230831_141252/m--20230831_141252--f001066.jpg,20230831_141252,mauritius,original,video,False,val,1765.8764349426247
data/processed/mauritius/video/not_augmented/cull2_green_bg/head/224/occ/raw/span_matched/20230831_141252/m--20230831_141252--f001068.jpg,20230831_141252,mauritius,original,video,False,val,1418.3513233402475
data/processed/mauritius/video/not_augmented/cull2_green_bg/head/224/occ/raw/span_matched/20230831_141252/m--20230831_141252--f001070.jpg,20230831_141252,mauritius,original,video,False,val,658.28196743477
data/processed/mauritius/video/not_augmented/cull2_green_bg/head/224/occ/raw/span_matched/20230831_141252/m--20230831_141252--f001072.jpg,20230831_141252,mauritius,original,video,False,val,1064.9265385825947
data/processed/mauritius/video/not_augmented/cull2_green_bg/head/224/occ/raw/span_matched/20230831_141252/m--20230831_141252--f001156.jpg,20230831_141252,mauritius,original,video,False,val,484.67285155892523
data/processed/mauritius/video/not_augmented/cull2_green_bg/head/224/occ/raw/span_matched/20230831_141252/m--20230831_141252--f001164.jpg,20230831_141252,mauritius,original,video,False,val,681.7698300543152
data/processed/mauritius/video/not_augmented/cull2_green_bg/head/224/occ/raw/span_matched/20230831_141252/m--20230831_141252--f001166.jpg,20230831_141252,mauritius,original,video,False,val,897.3740832206856
data/processed/mauritius/video/not_augmented/cull2_green_bg/head/224/occ/raw/span_matched/20230831_141252/m--20230831_141252--f001198.jpg,20230831_141252,mauritius,original,video,False,val,770.6683672897422
data/processed/mauritius/video/not_augmented/cull2_green_bg/head/224/occ/raw/span_matched/20230831_141252/m--20230831_141252--f001200.jpg,20230831_141252,mauritius,original,video,False,val,714.8313337017825
data/processed/mauritius/video/not_augmented/cull2_green_bg/head/224/occ/raw/span_matched/20230831_141252/m--20230831_141252--f001202.jpg,20230831_141252,mauritius,original,video,False,val,864.2405133674364
data/processed/mauritius/video/not_augmented/cull2_green_bg/head/224/occ/raw/span_matched/20230831_141252/m--20230831_141252--f001204.jpg,20230831_141252,mauritius,original,video,False,val,862.6966677280031
data/processed/mauritius/video/not_augmented/cull2_green_bg/head/224/occ/raw/span_matched/20230831_141252/m--20230831_141252--f001206.jpg,20230831_141252,mauritius,original,video,False,val,706.6559909115925
data/processed/mauritius/video/not_augmented/cull2_green_bg/head/224/occ/raw/span_matched/20230831_141252/m--20230831_141252--f001214.jpg,20230831_141252,mauritius,original,video,False,val,655.2364874859245
data/processed/mauritius/video/not_augmented/cull2_green_bg/head/224/occ/raw/span_matched/20230831_141252/m--20230831_141252--f001216.jpg,20230831_141252,mauritius,original,video,False,val,617.2554408287515
data/processed/mauritius/video/not_augmented/cull2_green_bg/head/224/occ/raw/span_matched/20230831_141252/m--20230831_141252--f001218.jpg,20230831_141252,mauritius,original,video,False,val,483.3846858913132
data/processed/mauritius/video/not_augmented/cull2_green_bg/head/224/occ/raw/span_matched/20230831_141252/m--20230831_141252--f001220.jpg,20230831_141252,mauritius,original,video,False,val,445.39373395443954
data/processed/mauritius/video/not_augmented/cull2_green_bg/head/224/occ/raw/span_matched/20230831_141252/m--20230831_141252--f001222.jpg,20230831_141252,mauritius,original,video,False,val,426.13793442260214
data/processed/mauritius/video/not_augmented/cull2_green_bg/head/224/occ/raw/span_matched/20230831_141252/m--20230831_141252--f001224.jpg,20230831_141252,mauritius,original,video,False,val,428.88432712864744
data/processed/mauritius/video/not_augmented/cull2_green_bg/head/224/occ/raw/span_matched/20230831_141252/m--20230831_141252--f001326.jpg,20230831_141252,mauritius,original,video,False,val,557.2798261626568
data/processed/mauritius/video/not_augmented/cull2_green_bg/head/224/occ/raw/span_matched/20230831_141252/m--20230831_141252--f001328.jpg,20230831_141252,mauritius,original,video,False,val,497.8980870356117
data/processed/mauritius/video/not_augmented/cull2_green_bg/head/224/occ/raw/span_matched/20230831_141252/m--20230831_141252--f001330.jpg,20230831_141252,mauritius,original,video,False,val,376.9491388018257
data/processed/mauritius/video/not_augmented/cull2_green_bg/head/224/occ/raw/span_matched/20230831_141252/m--20230831_141252--f001332.jpg,20230831_141252,mauritius,original,video,False,val,257.84396856062517
data/processed/mauritius/video/not_augmented/cull2_green_bg/head/224/occ/raw/span_matched/20230831_142118/m--20230831_142118--f000142.jpg,20230831_142118,mauritius,original,video,False,train,86.86952103182259
data/processed/mauritius/video/not_augmented/cull2_green_bg/head/224/occ/raw/span_matched/20230831_142118/m--20230831_142118--f000148.jpg,20230831_142118,mauritius,original,video,False,train,81.91095267490067
data/processed/mauritius/video/not_augmented/cull2_green_bg/head/224/occ/raw/span_matched/20230831_142118/m--20230831_142118--f000150.jpg,20230831_142118,mauritius,original,video,False,train,93.53184738063852
data/processed/mauritius/video/not_augmented/cull2_green_bg/head/224/occ/raw/span_matched/20230831_142118/m--20230831_142118--f000152.jpg,20230831_142118,mauritius,original,video,False,train,80.69858048012833
data/processed/mauritius/video/not_augmented/cull2_green_bg/head/224/occ/raw/span_matched/20230831_142118/m--20230831_142118--f000154.jpg,20230831_142118,mauritius,original,video,False,train,76.32120756008683
data/processed/mauritius/video/not_augmented/cull2_green_bg/head/224/occ/raw/span_matched/20230831_142118/m--20230831_142118--f000156.jpg,20230831_142118,mauritius,original,video,False,train,73.3685020294253
data/processed/mauritius/video/not_augmented/cull2_green_bg/head/224/occ/raw/span_matched/20230831_142118/m--20230831_142118--f000158.jpg,20230831_142118,mauritius,original,video,False,train,81.0238353279619
data/processed/mauritius/video/not_augmented/cull2_green_bg/head/224/occ/raw/span_matched/20230831_142118/m--20230831_142118--f000160.jpg,20230831_142118,mauritius,original,video,False,train,86.45378156921755
data/processed/mauritius/video/not_augmented/cull2_green_bg/head/224/occ/raw/span_matched/20230831_142118/m--20230831_142118--f000162.jpg,20230831_142118,mauritius,original,video,False,train,99.82839435162715
data/processed/mauritius/video/not_augmented/cull2_green_bg/head/224/occ/raw/span_matched/20230831_142118/m--20230831_142118--f000164.jpg,20230831_142118,mauritius,original,video,False,train,142.5117286382641
data/processed/mauritius/video/not_augmented/cull2_green_bg/head/224/occ/raw/span_matched/20230831_142118/m--20230831_142118--f000170.jpg,20230831_142118,mauritius,original,video,False,train,241.4589843607008
data/processed/mauritius/video/not_augmented/cull2_green_bg/head/224/occ/raw/span_matched/20230831_142118/m--20230831_142118--f000188.jpg,20230831_142118,mauritius,original,video,False,train,2338.1330914606606
data/processed/mauritius/video/not_augmented/cull2_green_bg/head/224/occ/raw/span_matched/20230831_142118/m--20230831_142118--f000190.jpg,20230831_142118,mauritius,original,video,False,train,2524.5559231441553
data/processed/mauritius/video/not_augmented/cull2_green_bg/head/224/occ/raw/span_matched/20230831_142118/m--20230831_142118--f000196.jpg,20230831_142118,mauritius,original,video,False,train,1455.6978926970432
data/processed/mauritius/video/not_augmented/cull2_green_bg/head/224/occ/raw/span_matched/20230831_142118/m--20230831_142118--f000198.jpg,20230831_142118,mauritius,original,video,False,train,820.1013233402479
data/processed/mauritius/video/not_augmented/cull2_green_bg/head/224/occ/raw/span_matched/20230831_142118/m--20230831_142118--f000200.jpg,20230831_142118,mauritius,original,video,False,train,565.6519433164138
data/processed/mauritius/video/not_augmented/cull2_green_bg/head/224/occ/raw/span_matched/20230831_142118/m--20230831_142118--f000202.jpg,20230831_142118,mauritius,original,video,False,train,335.14831399977186
data/processed/mauritius/video/not_augmented/cull2_green_bg/head/224/occ/raw/span_matched/20230831_142118/m--20230831_142118--f000824.jpg,20230831_142118,mauritius,original,video,False,train,2127.7087609328023
data/processed/mauritius/video/not_augmented/cull2_green_bg/head/224/occ/raw/span_matched/20230831_142118/m--20230831_142118--f000828.jpg,20230831_142118,mauritius,original,video,False,train,1997.6030163457121
data/processed/mauritius/video/not_augmented/cull2_green_bg/head/224/occ/raw/span_matched/20230831_142118/m--20230831_142118--f000832.jpg,20230831_142118,mauritius,original,video,False,train,2800.1580426932273
data/processed/mauritius/video/not_augmented/cull2_green_bg/head/224/occ/raw/span_matched/20230831_142118/m--20230831_142118--f000834.jpg,20230831_142118,mauritius,original,video,False,train,2545.7954200063828
data/processed/mauritius/video/not_augmented/cull2_green_bg/head/224/occ/raw/span_matched/20230831_142118/m--20230831_142118--f000836.jpg,20230831_142118,mauritius,original,video,False,train,2169.4897552896964
data/processed/mauritius/video/not_augmented/cull2_green_bg/head/224/occ/raw/span_matched/20230831_142118/m--20230831_142118--f000838.jpg,20230831_142118,mauritius,original,video,False,train,2211.2084852514145
data/processed/mauritius/video/not_augmented/cull2_green_bg/head/224/occ/raw/span_matched/20230831_142118/m--20230831_142118--f000840.jpg,20230831_142118,mauritius,original,video,False,train,2197.6023392774623
data/processed/mauritius/video/not_augmented/cull2_green_bg/head/224/occ/raw/span_matched/20230831_142118/m--20230831_142118--f000842.jpg,20230831_142118,mauritius,original,video,False,train,2442.7587285723007
data/processed/mauritius/video/not_augmented/cull2_green_bg/head/224/occ/raw/span_matched/20230831_142118/m--20230831_142118--f000844.jpg,20230831_142118,mauritius,original,video,False,train,2684.314014209205
data/processed/mauritius/video/not_augmented/cull2_green_bg/head/224/occ/raw/span_matched/20230831_142118/m--20230831_142118--f000846.jpg,20230831_142118,mauritius,original,video,False,train,2601.569633549027
data/processed/mauritius/video/not_augmented/cull2_green_bg/head/224/occ/raw/span_matched/20230831_142118/m--20230831_142118--f000848.jpg,20230831_142118,mauritius,original,video,False,train,2507.032084637014
data/processed/mauritius/video/not_augmented/cull2_green_bg/head/224/occ/raw/span_matched/20230831_142118/m--20230831_142118--f000850.jpg,20230831_142118,mauritius,original,video,False,train,2662.506255555381
data/processed/mauritius/video/not_augmented/cull2_green_bg/head/224/occ/raw/span_matched/20230831_142118/m--20230831_142118--f000852.jpg,20230831_142118,mauritius,original,video,False,train,2543.4778153440543
data/processed/mauritius/video/not_augmented/cull2_green_bg/head/224/occ/raw/span_matched/20230831_142118/m--20230831_142118--f000854.jpg,20230831_142118,mauritius,original,video,False,train,2722.5961614634184
data/processed/mauritius/video/not_augmented/cull2_green_bg/head/224/occ/raw/span_matched/20230831_142118/m--20230831_142118--f000856.jpg,20230831_142118,mauritius,original,video,False,train,2790.685903775597
data/processed/mauritius/video/not_augmented/cull2_green_bg/head/224/occ/raw/span_matched/20230831_142118/m--20230831_142118--f000858.jpg,20230831_142118,mauritius,original,video,False,train,1529.6196581003617
data/processed/mauritius/video/not_augmented/cull2_green_bg/head/224/occ/raw/span_matched/20230831_142118/m--20230831_142118--f000860.jpg,20230831_142118,mauritius,original,video,False,train,967.1027378744009
data/processed/mauritius/video/not_augmented/cull2_green_bg/head/224/occ/raw/span_matched/20230831_142118/m--20230831_142118--f000862.jpg,20230831_142118,mauritius,original,video,False,train,908.9387155772745
data/processed/mauritius/video/not_augmented/cull2_green_bg/head/224/occ/raw/span_matched/20230831_142118/m--20230831_142118--f000864.jpg,20230831_142118,mauritius,original,video,False,train,1819.041692725026
data/processed/mauritius/video/not_augmented/cull2_green_bg/head/224/occ/raw/span_matched/20230831_142118/m--20230831_142118--f000866.jpg,20230831_142118,mauritius,original,video,False,train,2151.5143290161836
data/processed/mauritius/video/not_augmented/cull2_green_bg/head/224/occ/raw/span_matched/20230831_142118/m--20230831_142118--f000868.jpg,20230831_142118,mauritius,original,video,False,train,2312.12129304688
data/processed/mauritius/video/not_augmented/cull2_green_bg/head/224/occ/raw/span_matched/20230831_142118/m--20230831_142118--f000870.jpg,20230831_142118,mauritius,original,video,False,train,1863.1301815679599
data/processed/mauritius/video/not_augmented/cull2_green_bg/head/224/occ/raw/span_matched/20230831_142118/m--20230831_142118--f000872.jpg,20230831_142118,mauritius,original,video,False,train,1716.0628980821693
data/processed/mauritius/video/not_augmented/cull2_green_bg/head/224/occ/raw/span_matched/20230831_142118/m--20230831_142118--f000874.jpg,20230831_142118,mauritius,original,video,False,train,2013.7618372550558
data/processed/mauritius/video/not_augmented/cull2_green_bg/head/224/occ/raw/span_matched/20230831_142118/m--20230831_142118--f000876.jpg,20230831_142118,mauritius,original,video,False,train,1974.4905931122448
data/processed/mauritius/video/not_augmented/cull2_green_bg/head/224/occ/raw/span_matched/20230831_142118/m--20230831_142118--f000878.jpg,20230831_142118,mauritius,original,video,False,train,1446.8295199605934
data/processed/mauritius/video/not_augmented/cull2_green_bg/head/224/occ/raw/span_matched/20230831_142118/m--20230831_142118--f000880.jpg,20230831_142118,mauritius,original,video,False,train,625.0276821248485
data/processed/mauritius/video/not_augmented/cull2_green_bg/head/224/occ/raw/span_matched/20230831_142118/m--20230831_142118--f000882.jpg,20230831_142118,mauritius,original,video,False,train,449.1803647080644
data/processed/mauritius/video/not_augmented/cull2_green_bg/head/224/occ/raw/span_matched/20230831_142118/m--20230831_142118--f000884.jpg,20230831_142118,mauritius,original,video,False,train,352.65210325566
data/processed/mauritius/video/not_augmented/cull2_green_bg/head/224/occ/raw/span_matched/20230831_142118/m--20230831_142118--f000886.jpg,20230831_142118,mauritius,original,video,False,train,271.43455028097014
data/processed/mauritius/video/not_augmented/cull2_green_bg/head/224/occ/raw/span_matched/20230831_142118/m--20230831_142118--f000888.jpg,20230831_142118,mauritius,original,video,False,train,207.84747673798873
data/processed/mauritius/video/not_augmented/cull2_green_bg/head/224/occ/raw/span_matched/20230831_142118/m--20230831_142118--f000942.jpg,20230831_142118,mauritius,original,video,False,train,1868.01757808528
data/processed/mauritius/video/not_augmented/cull2_green_bg/head/224/occ/raw/span_matched/20230831_142118/m--20230831_142118--f000944.jpg,20230831_142118,mauritius,original,video,False,train,1810.9022838933324
data/processed/mauritius/video/not_augmented/cull2_green_bg/head/224/occ/raw/span_matched/20230831_142118/m--20230831_142118--f000946.jpg,20230831_142118,mauritius,original,video,False,train,2463.697703813126
data/processed/mauritius/video/not_augmented/cull2_green_bg/head/224/occ/raw/span_matched/20230831_142118/m--20230831_142118--f000948.jpg,20230831_142118,mauritius,original,video,False,train,2296.049525602516
data/processed/mauritius/video/not_augmented/cull2_green_bg/head/224/occ/raw/span_matched/20230831_142118/m--20230831_142118--f000950.jpg,20230831_142118,mauritius,original,video,False,train,2362.750856983021
data/processed/mauritius/video/not_augmented/cull2_green_bg/head/224/occ/raw/span_matched/20230831_142118/m--20230831_142118--f000952.jpg,20230831_142118,mauritius,original,video,False,train,2176.6748839203187
data/processed/mauritius/video/not_augmented/cull2_green_bg/head/224/occ/raw/span_matched/20230831_142118/m--20230831_142118--f000954.jpg,20230831_142118,mauritius,original,video,False,train,2544.7840997579947
data/processed/mauritius/video/not_augmented/cull2_green_bg/head/224/occ/raw/span_matched/20230831_142118/m--20230831_142118--f000956.jpg,20230831_142118,mauritius,original,video,False,train,1476.0414732071522
data/processed/mauritius/video/not_augmented/cull2_green_bg/head/224/occ/raw/span_matched/20230831_142118/m--20230831_142118--f000958.jpg,20230831_142118,mauritius,original,video,False,train,1711.3914819353572
data/processed/mauritius/video/not_augmented/cull2_green_bg/head/224/occ/raw/span_matched/20230831_142118/m--20230831_142118--f000962.jpg,20230831_142118,mauritius,original,video,False,train,1353.462810848416
data/processed/mauritius/video/not_augmented/cull2_green_bg/head/224/occ/raw/span_matched/20230831_142118/m--20230831_142118--f001026.jpg,20230831_142118,mauritius,original,video,False,train,233.22779723536416
data/processed/mauritius/video/not_augmented/cull2_green_bg/head/224/occ/raw/span_matched/20230831_142118/m--20230831_142118--f001030.jpg,20230831_142118,mauritius,original,video,False,train,243.35935506975585
data/processed/mauritius/video/not_augmented/cull2_green_bg/head/224/occ/raw/span_matched/20230831_142118/m--20230831_142118--f001032.jpg,20230831_142118,mauritius,original,video,False,train,425.7317442204842
data/processed/mauritius/video/not_augmented/cull2_green_bg/head/224/occ/raw/span_matched/20230831_142118/m--20230831_142118--f001034.jpg,20230831_142118,mauritius,original,video,False,train,601.642378769334
data/processed/mauritius/video/not_augmented/cull2_green_bg/head/224/occ/raw/span_matched/20230831_142118/m--20230831_142118--f001036.jpg,20230831_142118,mauritius,original,video,False,train,799.46039937467
data/processed/mauritius/video/not_augmented/cull2_green_bg/head/224/occ/raw/span_matched/20230831_142118/m--20230831_142118--f001038.jpg,20230831_142118,mauritius,original,video,False,train,991.3154573829808
data/processed/mauritius/video/not_augmented/cull2_green_bg/head/224/occ/raw/span_matched/20230831_142118/m--20230831_142118--f001040.jpg,20230831_142118,mauritius,original,video,False,train,1111.255261401741
data/processed/mauritius/video/not_augmented/cull2_green_bg/head/224/occ/raw/span_matched/20230831_142118/m--20230831_142118--f001050.jpg,20230831_142118,mauritius,original,video,False,train,223.50982541414356
data/processed/mauritius/video/not_augmented/cull2_green_bg/head/224/occ/raw/span_matched/20230831_143044/m--20230831_143044--f000210.jpg,20230831_143044,mauritius,original,video,False,train,452.21312908250457
data/processed/mauritius/video/not_augmented/cull2_green_bg/head/224/occ/raw/span_matched/20230831_143044/m--20230831_143044--f000212.jpg,20230831_143044,mauritius,original,video,False,train,842.3919004704842
data/processed/mauritius/video/not_augmented/cull2_green_bg/head/224/occ/raw/span_matched/20230831_143044/m--20230831_143044--f000214.jpg,20230831_143044,mauritius,original,video,False,train,1337.0179767076395
data/processed/mauritius/video/not_augmented/cull2_green_bg/head/224/occ/raw/span_matched/20230831_143044/m--20230831_143044--f000216.jpg,20230831_143044,mauritius,original,video,False,train,1959.8034477170336
data/processed/mauritius/video/not_augmented/cull2_green_bg/head/224/occ/raw/span_matched/20230831_143044/m--20230831_143044--f000218.jpg,20230831_143044,mauritius,original,video,False,train,2246.7479224898125
data/processed/mauritius/video/not_augmented/cull2_green_bg/head/224/occ/raw/span_matched/20230831_143044/m--20230831_143044--f000220.jpg,20230831_143044,mauritius,original,video,False,train,2197.917828436744
data/processed/mauritius/video/not_augmented/cull2_green_bg/head/224/occ/raw/span_matched/20230831_143044/m--20230831_143044--f000222.jpg,20230831_143044,mauritius,original,video,False,train,2159.2278180132303
data/processed/mauritius/video/not_augmented/cull2_green_bg/head/224/occ/raw/span_matched/20230831_143044/m--20230831_143044--f000224.jpg,20230831_143044,mauritius,original,video,False,train,2222.7224129593806
data/processed/mauritius/video/not_augmented/cull2_green_bg/head/224/occ/raw/span_matched/20230831_143044/m--20230831_143044--f000226.jpg,20230831_143044,mauritius,original,video,False,train,2254.686580424406
data/processed/mauritius/video/not_augmented/cull2_green_bg/head/224/occ/raw/span_matched/20230831_143044/m--20230831_143044--f000228.jpg,20230831_143044,mauritius,original,video,False,train,863.0956767887337
data/processed/mauritius/video/not_augmented/cull2_green_bg/head/224/occ/raw/span_matched/20230831_143044/m--20230831_143044--f000288.jpg,20230831_143044,mauritius,original,video,False,train,397.73891884622253
data/processed/mauritius/video/not_augmented/cull2_green_bg/head/224/occ/raw/span_matched/20230831_143044/m--20230831_143044--f001070.jpg,20230831_143044,mauritius,original,video,False,train,306.50593642362304
data/processed/mauritius/video/not_augmented/cull2_green_bg/head/224/occ/raw/span_matched/20230831_143044/m--20230831_143044--f001072.jpg,20230831_143044,mauritius,original,video,False,train,397.25649709038214
data/processed/mauritius/video/not_augmented/cull2_green_bg/head/224/occ/raw/span_matched/20230831_143044/m--20230831_143044--f001074.jpg,20230831_143044,mauritius,original,video,False,train,1894.4938971707345
data/processed/mauritius/video/not_augmented/cull2_green_bg/head/224/occ/raw/span_matched/20230831_143044/m--20230831_143044--f001076.jpg,20230831_143044,mauritius,original,video,False,train,1990.5679588317869
data/processed/mauritius/video/not_augmented/cull2_green_bg/head/224/occ/raw/span_matched/20230831_143044/m--20230831_143044--f001078.jpg,20230831_143044,mauritius,original,video,False,train,1983.2430442351692
data/processed/mauritius/video/not_augmented/cull2_green_bg/head/224/occ/raw/span_matched/20230831_143044/m--20230831_143044--f001374.jpg,20230831_143044,mauritius,original,video,False,train,852.776147933763
data/processed/mauritius/video/not_augmented/cull2_green_bg/head/224/occ/raw/span_matched/20230831_143044/m--20230831_143044--f001376.jpg,20230831_143044,mauritius,original,video,False,train,1349.1056879683865
data/processed/mauritius/video/not_augmented/cull2_green_bg/head/224/occ/raw/span_matched/20230831_143044/m--20230831_143044--f001378.jpg,20230831_143044,mauritius,original,video,False,train,1825.0667051655312
data/processed/mauritius/video/not_augmented/cull2_green_bg/head/224/occ/raw/span_matched/20230831_143044/m--20230831_143044--f001380.jpg,20230831_143044,mauritius,original,video,False,train,2093.0207270153956
data/processed/mauritius/video/not_augmented/cull2_green_bg/head/224/occ/raw/span_matched/20230831_143044/m--20230831_143044--f001382.jpg,20230831_143044,mauritius,original,video,False,train,2018.119579056212
data/processed/mauritius/video/not_augmented/cull2_green_bg/head/224/occ/raw/span_matched/20230831_143044/m--20230831_143044--f001384.jpg,20230831_143044,mauritius,original,video,False,train,1988.3979591820844
data/processed/mauritius/video/not_augmented/cull2_green_bg/head/224/occ/raw/span_matched/20230831_143044/m--20230831_143044--f001386.jpg,20230831_143044,mauritius,original,video,False,train,2003.2078483415517
data/processed/mauritius/video/not_augmented/cull2_green_bg/head/224/occ/raw/span_matched/20230831_143044/m--20230831_143044--f001388.jpg,20230831_143044,mauritius,original,video,False,train,1995.6108298688964
data/processed/mauritius/video/not_augmented/cull2_green_bg/head/224/occ/raw/span_matched/20230831_143044/m--20230831_143044--f001390.jpg,20230831_143044,mauritius,original,video,False,train,2035.8617266965184
data/processed/mauritius/video/not_augmented/cull2_green_bg/head/224/occ/raw/span_matched/20230831_143044/m--20230831_143044--f001392.jpg,20230831_143044,mauritius,original,video,False,train,1846.9045161029192
data/processed/mauritius/video/not_augmented/cull2_green_bg/head/224/occ/raw/span_matched/20230831_143044/m--20230831_143044--f001394.jpg,20230831_143044,mauritius,original,video,False,train,1330.242765465164
data/processed/mauritius/video/not_augmented/cull2_green_bg/head/224/occ/raw/span_matched/20230831_143044/m--20230831_143044--f001396.jpg,20230831_143044,mauritius,original,video,False,train,1590.4636678886332
data/processed/mauritius/video/not_augmented/cull2_green_bg/head/224/occ/raw/span_matched/20230831_143044/m--20230831_143044--f001398.jpg,20230831_143044,mauritius,original,video,False,train,1657.7035235969388
data/processed/mauritius/video/not_augmented/cull2_green_bg/head/224/occ/raw/span_matched/20230831_143044/m--20230831_143044--f001400.jpg,20230831_143044,mauritius,original,video,False,train,1542.217534189967
data/processed/mauritius/video/not_augmented/cull2_green_bg/head/224/occ/raw/span_matched/20230831_143044/m--20230831_143044--f001406.jpg,20230831_143044,mauritius,original,video,False,train,1150.1380141419895
data/processed/mauritius/video/not_augmented/cull2_green_bg/head/224/occ/raw/span_matched/20230831_143044/m--20230831_143044--f001408.jpg,20230831_143044,mauritius,original,video,False,train,638.2410913262453
data/processed/mauritius/video/not_augmented/cull2_green_bg/head/224/occ/raw/span_matched/20230831_155428/m--20230831_155428--f000152.jpg,20230831_155428,mauritius,original,video,False,train,122.79284915661924
data/processed/mauritius/video/not_augmented/cull2_green_bg/head/224/occ/raw/span_matched/20230831_155428/m--20230831_155428--f000154.jpg,20230831_155428,mauritius,original,video,False,train,242.0547869009854
data/processed/mauritius/video/not_augmented/cull2_green_bg/head/224/occ/raw/span_matched/20230831_155428/m--20230831_155428--f000164.jpg,20230831_155428,mauritius,original,video,False,train,810.3015784295785
data/processed/mauritius/video/not_augmented/cull2_green_bg/head/224/occ/raw/span_matched/20230831_155428/m--20230831_155428--f000166.jpg,20230831_155428,mauritius,original,video,False,train,798.8699378188776
data/processed/mauritius/video/not_augmented/cull2_green_bg/head/224/occ/raw/span_matched/20230831_155428/m--20230831_155428--f000170.jpg,20230831_155428,mauritius,original,video,False,train,882.8184788762306
data/processed/mauritius/video/not_augmented/cull2_green_bg/head/224/occ/raw/span_matched/20230831_155428/m--20230831_155428--f000180.jpg,20230831_155428,mauritius,original,video,False,train,905.5333025641166
data/processed/mauritius/video/not_augmented/cull2_green_bg/head/224/occ/raw/span_matched/20230831_155428/m--20230831_155428--f000182.jpg,20230831_155428,mauritius,original,video,False,train,735.1234454576396
data/processed/mauritius/video/not_augmented/cull2_green_bg/head/224/occ/raw/span_matched/20230831_155428/m--20230831_155428--f000184.jpg,20230831_155428,mauritius,original,video,False,train,913.4988639887946
data/processed/mauritius/video/not_augmented/cull2_green_bg/head/224/occ/raw/span_matched/20230831_155428/m--20230831_155428--f000186.jpg,20230831_155428,mauritius,original,video,False,train,892.8896284822323
data/processed/mauritius/video/not_augmented/cull2_green_bg/head/224/occ/raw/span_matched/20230831_155428/m--20230831_155428--f000190.jpg,20230831_155428,mauritius,original,video,False,train,1159.6087173051212
data/processed/mauritius/video/not_augmented/cull2_green_bg/head/224/occ/raw/span_matched/20230831_155428/m--20230831_155428--f000192.jpg,20230831_155428,mauritius,original,video,False,train,983.6139388868878
data/processed/mauritius/video/not_augmented/cull2_green_bg/head/224/occ/raw/span_matched/20230831_155428/m--20230831_155428--f000194.jpg,20230831_155428,mauritius,original,video,False,train,716.9907724804701
data/processed/mauritius/video/not_augmented/cull2_green_bg/head/224/occ/raw/span_matched/20230831_155428/m--20230831_155428--f001002.jpg,20230831_155428,mauritius,original,video,False,train,139.11413816629178
data/processed/mauritius/video/not_augmented/cull2_green_bg/head/224/occ/raw/span_matched/20230831_155428/m--20230831_155428--f001004.jpg,20230831_155428,mauritius,original,video,False,train,183.8812379527221
data/processed/mauritius/video/not_augmented/cull2_green_bg/head/224/occ/raw/span_matched/20230831_155428/m--20230831_155428--f001008.jpg,20230831_155428,mauritius,original,video,False,train,173.18500876873546
data/processed/mauritius/video/not_augmented/cull2_green_bg/head/224/occ/raw/span_matched/20230831_155428/m--20230831_155428--f001016.jpg,20230831_155428,mauritius,original,video,False,train,179.47546633895567
data/processed/mauritius/video/not_augmented/cull2_green_bg/head/224/occ/raw/span_matched/20230831_155428/m--20230831_155428--f001018.jpg,20230831_155428,mauritius,original,video,False,train,221.02543045927317
data/processed/mauritius/video/not_augmented/cull2_green_bg/head/224/occ/raw/span_matched/20230831_155428/m--20230831_155428--f001020.jpg,20230831_155428,mauritius,original,video,False,train,238.0071348852041
data/processed/mauritius/video/not_augmented/cull2_green_bg/head/224/occ/raw/span_matched/20230831_155428/m--20230831_155428--f001022.jpg,20230831_155428,mauritius,original,video,False,train,200.87167166750015
data/processed/mauritius/video/not_augmented/cull2_green_bg/head/224/occ/raw/span_matched/20230831_155428/m--20230831_155428--f001098.jpg,20230831_155428,mauritius,original,video,False,train,454.5688974614047
data/processed/mauritius/video/not_augmented/cull2_green_bg/head/224/occ/raw/span_matched/20230831_155428/m--20230831_155428--f001102.jpg,20230831_155428,mauritius,original,video,False,train,820.8892494080117
data/processed/mauritius/video/not_augmented/cull2_green_bg/head/224/occ/raw/span_matched/20230831_155428/m--20230831_155428--f001104.jpg,20230831_155428,mauritius,original,video,False,train,542.3033521903251
data/processed/mauritius/video/not_augmented/cull2_green_bg/head/224/occ/raw/span_matched/20230831_155428/m--20230831_155428--f001106.jpg,20230831_155428,mauritius,original,video,False,train,380.5773200210261
data/processed/mauritius/video/not_augmented/cull2_green_bg/head/224/occ/raw/span_matched/20230831_155428/m--20230831_155428--f001110.jpg,20230831_155428,mauritius,original,video,False,train,430.95099249644767
data/processed/mauritius/video/not_augmented/cull2_green_bg/head/224/occ/raw/span_matched/20230831_155428/m--20230831_155428--f001112.jpg,20230831_155428,mauritius,original,video,False,train,229.27222177893952
data/processed/mauritius/video/not_augmented/cull2_green_bg/head/224/occ/raw/span_matched/20230831_155428/m--20230831_155428--f001118.jpg,20230831_155428,mauritius,original,video,False,train,297.1883500781173
data/processed/mauritius/video/not_augmented/cull2_green_bg/head/224/occ/raw/span_matched/20230831_155428/m--20230831_155428--f001142.jpg,20230831_155428,mauritius,original,video,False,train,411.6575852326183
data/processed/mauritius/video/not_augmented/cull2_green_bg/head/224/occ/raw/span_matched/20230831_155428/m--20230831_155428--f001146.jpg,20230831_155428,mauritius,original,video,False,train,474.82071101908775
data/processed/mauritius/video/not_augmented/cull2_green_bg/head/224/occ/raw/span_matched/20230831_155428/m--20230831_155428--f001152.jpg,20230831_155428,mauritius,original,video,False,train,261.1152542154772
data/processed/mauritius/video/not_augmented/cull2_green_bg/head/224/occ/raw/span_matched/20230831_155428/m--20230831_155428--f001154.jpg,20230831_155428,mauritius,original,video,False,train,213.81658172567705
data/processed/mauritius/video/not_augmented/cull2_green_bg/head/224/occ/raw/span_matched/20230831_155428/m--20230831_155428--f001156.jpg,20230831_155428,mauritius,original,video,False,train,274.31106492232806
data/processed/mauritius/video/not_augmented/cull2_green_bg/head/224/occ/raw/span_matched/20230831_155428/m--20230831_155428--f001158.jpg,20230831_155428,mauritius,original,video,False,train,284.2550422508783
data/processed/mauritius/video/not_augmented/cull2_green_bg/head/224/occ/raw/span_matched/20230831_155428/m--20230831_155428--f001160.jpg,20230831_155428,mauritius,original,video,False,train,268.5115990692355
data/processed/mauritius/video/not_augmented/cull2_green_bg/head/224/occ/raw/span_matched/20230831_155428/m--20230831_155428--f001162.jpg,20230831_155428,mauritius,original,video,False,train,230.79892768486502
data/processed/mauritius/video/not_augmented/cull2_green_bg/head/224/occ/raw/span_matched/20230831_155428/m--20230831_155428--f001166.jpg,20230831_155428,mauritius,original,video,False,train,322.61471619739075
data/processed/mauritius/video/not_augmented/cull2_green_bg/head/224/occ/raw/span_matched/20230831_160214/m--20230831_160214--f000932.jpg,20230831_160214,mauritius,original,video,False,train,956.7972335450008
data/processed/mauritius/video/not_augmented/cull2_green_bg/head/224/occ/raw/span_matched/20230831_160214/m--20230831_160214--f000934.jpg,20230831_160214,mauritius,original,video,False,train,925.6139588393752
data/processed/mauritius/video/not_augmented/cull2_green_bg/head/224/occ/raw/span_matched/20230831_160214/m--20230831_160214--f000936.jpg,20230831_160214,mauritius,original,video,False,train,868.1602957267555
data/processed/mauritius/video/not_augmented/cull2_green_bg/head/224/occ/raw/span_matched/20230831_160214/m--20230831_160214--f000938.jpg,20230831_160214,mauritius,original,video,False,train,777.5170798752519
data/processed/mauritius/video/not_augmented/cull2_green_bg/head/224/occ/raw/span_matched/20230831_160214/m--20230831_160214--f000940.jpg,20230831_160214,mauritius,original,video,False,train,1009.9022440813027
data/processed/mauritius/video/not_augmented/cull2_green_bg/head/224/occ/raw/span_matched/20230831_160214/m--20230831_160214--f000942.jpg,20230831_160214,mauritius,original,video,False,train,1029.3729072989452
data/processed/mauritius/video/not_augmented/cull2_green_bg/head/224/occ/raw/span_matched/20230831_160214/m--20230831_160214--f000944.jpg,20230831_160214,mauritius,original,video,False,train,1330.4742107526406
data/processed/mauritius/video/not_augmented/cull2_green_bg/head/224/occ/raw/span_matched/20230831_160214/m--20230831_160214--f000946.jpg,20230831_160214,mauritius,original,video,False,train,1338.75286988366
data/processed/mauritius/video/not_augmented/cull2_green_bg/head/224/occ/raw/span_matched/20230831_160214/m--20230831_160214--f000948.jpg,20230831_160214,mauritius,original,video,False,train,1211.92067889778
data/processed/mauritius/video/not_augmented/cull2_green_bg/head/224/occ/raw/span_matched/20230831_160214/m--20230831_160214--f001140.jpg,20230831_160214,mauritius,original,video,False,train,107.65381829016708
data/processed/mauritius/video/not_augmented/cull2_green_bg/head/224/occ/raw/span_matched/20230831_160214/m--20230831_160214--f001144.jpg,20230831_160214,mauritius,original,video,False,train,111.46224530564402
data/processed/mauritius/video/not_augmented/cull2_green_bg/head/224/occ/raw/span_matched/20230831_160214/m--20230831_160214--f001208.jpg,20230831_160214,mauritius,original,video,False,train,242.8850047815745
data/processed/mauritius/video/not_augmented/cull2_green_bg/head/224/occ/raw/span_matched/20230831_160214/m--20230831_160214--f001210.jpg,20230831_160214,mauritius,original,video,False,train,241.54276925928642
data/processed/mauritius/video/not_augmented/cull2_green_bg/head/224/occ/raw/span_matched/20230831_160214/m--20230831_160214--f001212.jpg,20230831_160214,mauritius,original,video,False,train,264.655034275762
data/processed/mauritius/video/not_augmented/cull2_green_bg/head/224/occ/raw/span_matched/20230831_160214/m--20230831_160214--f001214.jpg,20230831_160214,mauritius,original,video,False,train,301.42556173212574
data/processed/mauritius/video/not_augmented/cull2_green_bg/head/224/occ/raw/span_matched/20230831_161620/m--20230831_161620--f000152.jpg,20230831_161620,mauritius,original,video,False,train,224.0556241547451
data/processed/mauritius/video/not_augmented/cull2_green_bg/head/224/occ/raw/span_matched/20230831_161620/m--20230831_161620--f000154.jpg,20230831_161620,mauritius,original,video,False,train,204.50193310578337
data/processed/mauritius/video/not_augmented/cull2_green_bg/head/224/occ/raw/span_matched/20230831_161620/m--20230831_161620--f000158.jpg,20230831_161620,mauritius,original,video,False,train,196.53051254760223
data/processed/mauritius/video/not_augmented/cull2_green_bg/head/224/occ/raw/span_matched/20230831_161620/m--20230831_161620--f000162.jpg,20230831_161620,mauritius,original,video,False,train,196.65706710426176
data/processed/mauritius/video/not_augmented/cull2_green_bg/head/224/occ/raw/span_matched/20230831_161620/m--20230831_161620--f000166.jpg,20230831_161620,mauritius,original,video,False,train,188.73796221356946
data/processed/mauritius/video/not_augmented/cull2_green_bg/head/224/occ/raw/span_matched/20230831_161620/m--20230831_161620--f000168.jpg,20230831_161620,mauritius,original,video,False,train,177.86324138395094
data/processed/mauritius/video/not_augmented/cull2_green_bg/head/224/occ/raw/span_matched/20230831_161620/m--20230831_161620--f000170.jpg,20230831_161620,mauritius,original,video,False,train,187.74840559794575
data/processed/mauritius/video/not_augmented/cull2_green_bg/head/224/occ/raw/span_matched/20230831_161620/m--20230831_161620--f000172.jpg,20230831_161620,mauritius,original,video,False,train,226.01921218020482
data/processed/mauritius/video/not_augmented/cull2_green_bg/head/224/occ/raw/span_matched/20230831_161620/m--20230831_161620--f000174.jpg,20230831_161620,mauritius,original,video,False,train,350.12645487842923
data/processed/mauritius/video/not_augmented/cull2_green_bg/head/224/occ/raw/span_matched/20230831_161620/m--20230831_161620--f000176.jpg,20230831_161620,mauritius,original,video,False,train,560.6420000700691
data/processed/mauritius/video/not_augmented/cull2_green_bg/head/224/occ/raw/span_matched/20230831_161620/m--20230831_161620--f000178.jpg,20230831_161620,mauritius,original,video,False,train,392.53266498695956
data/processed/mauritius/video/not_augmented/cull2_green_bg/head/224/occ/raw/span_matched/20230831_161620/m--20230831_161620--f000180.jpg,20230831_161620,mauritius,original,video,False,train,433.94870057239086
data/processed/mauritius/video/not_augmented/cull2_green_bg/head/224/occ/raw/span_matched/20230831_161620/m--20230831_161620--f000182.jpg,20230831_161620,mauritius,original,video,False,train,350.931281873456
data/processed/mauritius/video/not_augmented/cull2_green_bg/head/224/occ/raw/span_matched/20230831_161620/m--20230831_161620--f000184.jpg,20230831_161620,mauritius,original,video,False,train,486.6067043862111
data/processed/mauritius/video/not_augmented/cull2_green_bg/head/224/occ/raw/span_matched/20230831_161620/m--20230831_161620--f000186.jpg,20230831_161620,mauritius,original,video,False,train,665.4569515163131
data/processed/mauritius/video/not_augmented/cull2_green_bg/head/224/occ/raw/span_matched/20230831_161620/m--20230831_161620--f000188.jpg,20230831_161620,mauritius,original,video,False,train,915.1269929592734
data/processed/mauritius/video/not_augmented/cull2_green_bg/head/224/occ/raw/span_matched/20230831_161620/m--20230831_161620--f000190.jpg,20230831_161620,mauritius,original,video,False,train,896.7374840418232
data/processed/mauritius/video/not_augmented/cull2_green_bg/head/224/occ/raw/span_matched/20230831_161620/m--20230831_161620--f000192.jpg,20230831_161620,mauritius,original,video,False,train,973.3481744244316
data/processed/mauritius/video/not_augmented/cull2_green_bg/head/224/occ/raw/span_matched/20230831_161620/m--20230831_161620--f000194.jpg,20230831_161620,mauritius,original,video,False,train,944.9389548752519
data/processed/mauritius/video/not_augmented/cull2_green_bg/head/224/occ/raw/span_matched/20230831_161620/m--20230831_161620--f000196.jpg,20230831_161620,mauritius,original,video,False,train,1099.8465003045783
data/processed/mauritius/video/not_augmented/cull2_green_bg/head/224/occ/raw/span_matched/20230831_161620/m--20230831_161620--f000198.jpg,20230831_161620,mauritius,original,video,False,train,988.5403977103754
data/processed/mauritius/video/not_augmented/cull2_green_bg/head/224/occ/raw/span_matched/20230831_161620/m--20230831_161620--f000200.jpg,20230831_161620,mauritius,original,video,False,train,884.3321508227264
data/processed/mauritius/video/not_augmented/cull2_green_bg/head/224/occ/raw/span_matched/20230831_161620/m--20230831_161620--f000202.jpg,20230831_161620,mauritius,original,video,False,train,998.7427056617214
data/processed/mauritius/video/not_augmented/cull2_green_bg/head/224/occ/raw/span_matched/20230831_161620/m--20230831_161620--f000204.jpg,20230831_161620,mauritius,original,video,False,train,934.2618383227265
data/processed/mauritius/video/not_augmented/cull2_green_bg/head/224/occ/raw/span_matched/20230831_161620/m--20230831_161620--f000206.jpg,20230831_161620,mauritius,original,video,False,train,953.0803969882518
data/processed/mauritius/video/not_augmented/cull2_green_bg/head/224/occ/raw/span_matched/20230831_161620/m--20230831_161620--f000208.jpg,20230831_161620,mauritius,original,video,False,train,957.6965879530075
data/processed/mauritius/video/not_augmented/cull2_green_bg/head/224/occ/raw/span_matched/20230831_161620/m--20230831_161620--f000210.jpg,20230831_161620,mauritius,original,video,False,train,1138.1549545595517
data/processed/mauritius/video/not_augmented/cull2_green_bg/head/224/occ/raw/span_matched/20230831_161620/m--20230831_161620--f000212.jpg,20230831_161620,mauritius,original,video,False,train,1235.3107262400476
data/processed/mauritius/video/not_augmented/cull2_green_bg/head/224/occ/raw/span_matched/20230831_161620/m--20230831_161620--f000214.jpg,20230831_161620,mauritius,original,video,False,train,1192.749362243309
data/processed/mauritius/video/not_augmented/cull2_green_bg/head/224/occ/raw/span_matched/20230831_161620/m--20230831_161620--f000216.jpg,20230831_161620,mauritius,original,video,False,train,1190.1676100111663
data/processed/mauritius/video/not_augmented/cull2_green_bg/head/224/occ/raw/span_matched/20230831_161620/m--20230831_161620--f000218.jpg,20230831_161620,mauritius,original,video,False,train,1198.1667728575007
data/processed/mauritius/video/not_augmented/cull2_green_bg/head/224/occ/raw/span_matched/20230831_161620/m--20230831_161620--f000220.jpg,20230831_161620,mauritius,original,video,False,train,991.7077287465818
data/processed/mauritius/video/not_augmented/cull2_green_bg/head/224/occ/raw/span_matched/20230831_161620/m--20230831_161620--f000222.jpg,20230831_161620,mauritius,original,video,False,train,838.1599369736225
data/processed/mauritius/video/not_augmented/cull2_green_bg/head/224/occ/raw/span_matched/20230831_161620/m--20230831_161620--f000224.jpg,20230831_161620,mauritius,original,video,False,train,629.6037946412683
data/processed/mauritius/video/not_augmented/cull2_green_bg/head/224/occ/raw/span_matched/20230831_161620/m--20230831_161620--f000226.jpg,20230831_161620,mauritius,original,video,False,train,359.5449816546109
data/processed/mauritius/video/not_augmented/cull2_green_bg/head/224/occ/raw/span_matched/20230831_161620/m--20230831_161620--f000228.jpg,20230831_161620,mauritius,original,video,False,train,242.64949377831294
data/processed/mauritius/video/not_augmented/cull2_green_bg/head/224/occ/raw/span_matched/20230831_161620/m--20230831_161620--f000230.jpg,20230831_161620,mauritius,original,video,False,train,180.98925779303727
data/processed/mauritius/video/not_augmented/cull2_green_bg/head/224/occ/raw/span_matched/20230831_161620/m--20230831_161620--f000232.jpg,20230831_161620,mauritius,original,video,False,train,156.40417728956322
data/processed/mauritius/video/not_augmented/cull2_green_bg/head/224/occ/raw/span_matched/20230831_161620/m--20230831_161620--f000234.jpg,20230831_161620,mauritius,original,video,False,train,168.75898834150664
data/processed/mauritius/video/not_augmented/cull2_green_bg/head/224/occ/raw/span_matched/20230831_161620/m--20230831_161620--f001140.jpg,20230831_161620,mauritius,original,video,False,train,1729.9562938357333
data/processed/mauritius/video/not_augmented/cull2_green_bg/head/224/occ/raw/span_matched/20230831_161620/m--20230831_161620--f001142.jpg,20230831_161620,mauritius,original,video,False,train,1739.8359175665782
data/processed/mauritius/video/not_augmented/cull2_green_bg/head/224/occ/raw/span_matched/20230831_161620/m--20230831_161620--f001144.jpg,20230831_161620,mauritius,original,video,False,train,1599.1577048688964
data/processed/mauritius/video/not_augmented/cull2_green_bg/head/224/occ/raw/span_matched/20230831_161620/m--20230831_161620--f001146.jpg,20230831_161620,mauritius,original,video,False,train,1668.0894850064
data/processed/mauritius/video/not_augmented/cull2_green_bg/head/224/occ/raw/span_matched/20230831_161620/m--20230831_161620--f001148.jpg,20230831_161620,mauritius,original,video,False,train,1618.3220862559801
data/processed/mauritius/video/not_augmented/cull2_green_bg/head/224/occ/raw/span_matched/20230831_161620/m--20230831_161620--f001150.jpg,20230831_161620,mauritius,original,video,False,train,1346.8971819160681
data/processed/mauritius/video/not_augmented/cull2_green_bg/head/224/occ/raw/span_matched/20230831_161620/m--20230831_161620--f001152.jpg,20230831_161620,mauritius,original,video,False,train,1322.5627989282414
data/processed/mauritius/video/not_augmented/cull2_green_bg/head/224/occ/raw/span_matched/20230831_161620/m--20230831_161620--f001154.jpg,20230831_161620,mauritius,original,video,False,train,1601.4359653823226
data/processed/mauritius/video/not_augmented/cull2_green_bg/head/224/occ/raw/span_matched/20230831_161620/m--20230831_161620--f001156.jpg,20230831_161620,mauritius,original,video,False,train,1362.359634087613
data/processed/mauritius/video/not_augmented/cull2_green_bg/head/224/occ/raw/span_matched/20230831_161620/m--20230831_161620--f001158.jpg,20230831_161620,mauritius,original,video,False,train,1308.9562938452661
data/processed/mauritius/video/not_augmented/cull2_green_bg/head/224/occ/raw/span_matched/20230831_161620/m--20230831_161620--f001160.jpg,20230831_161620,mauritius,original,video,False,train,1076.9551976643618
data/processed/mauritius/video/not_augmented/cull2_green_bg/head/224/occ/raw/span_matched/20230831_161620/m--20230831_161620--f001162.jpg,20230831_161620,mauritius,original,video,False,train,1266.165676817205
data/processed/mauritius/video/not_augmented/cull2_green_bg/head/224/occ/raw/span_matched/20230831_161620/m--20230831_161620--f001164.jpg,20230831_161620,mauritius,original,video,False,train,1376.5648317599187
data/processed/mauritius/video/not_augmented/cull2_green_bg/head/224/occ/raw/span_matched/20230831_161620/m--20230831_161620--f001166.jpg,20230831_161620,mauritius,original,video,False,train,1343.7407724709374
data/processed/mauritius/video/not_augmented/cull2_green_bg/head/224/occ/raw/span_matched/20230831_161620/m--20230831_161620--f001168.jpg,20230831_161620,mauritius,original,video,False,train,1033.170938293619
data/processed/mauritius/video/not_augmented/cull2_green_bg/head/224/occ/raw/span_matched/20230831_161620/m--20230831_161620--f001170.jpg,20230831_161620,mauritius,original,video,False,train,1020.2837611209945
data/processed/mauritius/video/not_augmented/cull2_green_bg/head/224/occ/raw/span_matched/20230831_161620/m--20230831_161620--f001172.jpg,20230831_161620,mauritius,original,video,False,train,1087.0242943940486
data/processed/mauritius/video/not_augmented/cull2_green_bg/head/224/occ/raw/span_matched/20230831_161620/m--20230831_161620--f001174.jpg,20230831_161620,mauritius,original,video,False,train,1274.6486367984694
data/processed/mauritius/video/not_augmented/cull2_green_bg/head/224/occ/raw/span_matched/20230831_161620/m--20230831_161620--f001176.jpg,20230831_161620,mauritius,original,video,False,train,1038.7945232717059
data/processed/mauritius/video/not_augmented/cull2_green_bg/head/224/occ/raw/span_matched/20230831_161620/m--20230831_161620--f001178.jpg,20230831_161620,mauritius,original,video,False,train,1007.7865911989796
data/processed/mauritius/video/not_augmented/cull2_green_bg/head/224/occ/raw/span_matched/20230831_161620/m--20230831_161620--f001180.jpg,20230831_161620,mauritius,original,video,False,train,1067.1011041099457
data/processed/mauritius/video/not_augmented/cull2_green_bg/head/224/occ/raw/span_matched/20230831_161620/m--20230831_161620--f001182.jpg,20230831_161620,mauritius,original,video,False,train,1000.5383250285367
data/processed/mauritius/video/not_augmented/cull2_green_bg/head/224/occ/raw/span_matched/20230831_161620/m--20230831_161620--f001184.jpg,20230831_161620,mauritius,original,video,False,train,893.9667370532862
data/processed/mauritius/video/not_augmented/cull2_green_bg/head/224/occ/raw/span_matched/20230831_161620/m--20230831_161620--f001186.jpg,20230831_161620,mauritius,original,video,False,train,754.2486646998578
data/processed/mauritius/video/not_augmented/cull2_green_bg/head/224/occ/raw/span_matched/20230831_161620/m--20230831_161620--f001188.jpg,20230831_161620,mauritius,original,video,False,train,499.17402742188057
data/processed/mauritius/video/not_augmented/cull2_green_bg/head/224/occ/raw/span_matched/20230831_161620/m--20230831_161620--f001190.jpg,20230831_161620,mauritius,original,video,False,train,340.156568877551
data/processed/mauritius/video/not_augmented/cull2_green_bg/head/224/occ/raw/span_matched/20230831_161620/m--20230831_161620--f001192.jpg,20230831_161620,mauritius,original,video,False,train,592.0846420500192
data/processed/mauritius/video/not_augmented/cull2_green_bg/head/224/occ/raw/span_matched/20230831_161620/m--20230831_161620--f001194.jpg,20230831_161620,mauritius,original,video,False,train,389.9437779013885
data/processed/mauritius/video/not_augmented/cull2_green_bg/head/224/occ/raw/span_matched/20230831_161620/m--20230831_161620--f001196.jpg,20230831_161620,mauritius,original,video,False,train,388.9181481150477
data/processed/mauritius/video/not_augmented/cull2_green_bg/head/224/occ/raw/span_matched/20230831_161620/m--20230831_161620--f001198.jpg,20230831_161620,mauritius,original,video,False,train,491.2024871877013
data/processed/mauritius/video/not_augmented/cull2_green_bg/head/224/occ/raw/span_matched/20230831_161620/m--20230831_161620--f001200.jpg,20230831_161620,mauritius,original,video,False,train,754.6959900893751
data/processed/mauritius/video/not_augmented/cull2_green_bg/head/224/occ/raw/span_matched/20230831_161620/m--20230831_161620--f001202.jpg,20230831_161620,mauritius,original,video,False,train,600.5988121747673
data/processed/mauritius/video/not_augmented/cull2_green_bg/head/224/occ/raw/span_matched/20230831_161620/m--20230831_161620--f001204.jpg,20230831_161620,mauritius,original,video,False,train,608.9990234339252
data/processed/mauritius/video/not_augmented/cull2_green_bg/head/224/occ/raw/span_matched/20230831_161620/m--20230831_161620--f001206.jpg,20230831_161620,mauritius,original,video,False,train,772.3294802295918
data/processed/mauritius/video/not_augmented/cull2_green_bg/head/224/occ/raw/span_matched/20230831_161620/m--20230831_161620--f001208.jpg,20230831_161620,mauritius,original,video,False,train,729.4425223071295
data/processed/mauritius/video/not_augmented/cull2_green_bg/head/224/occ/raw/span_matched/20230831_161620/m--20230831_161620--f001210.jpg,20230831_161620,mauritius,original,video,False,train,542.0044841833882
data/processed/mauritius/video/not_augmented/cull2_green_bg/head/224/occ/raw/span_matched/20230831_161620/m--20230831_161620--f001212.jpg,20230831_161620,mauritius,original,video,False,train,547.0113799231393
data/processed/mauritius/video/not_augmented/cull2_green_bg/head/224/occ/raw/span_matched/20230831_161620/m--20230831_161620--f001214.jpg,20230831_161620,mauritius,original,video,False,train,615.6280093969577
data/processed/mauritius/video/not_augmented/cull2_green_bg/head/224/occ/raw/span_matched/20230831_161620/m--20230831_161620--f001216.jpg,20230831_161620,mauritius,original,video,False,train,643.3410993267825
data/processed/mauritius/video/not_augmented/cull2_green_bg/head/224/occ/raw/span_matched/20230831_161620/m--20230831_161620--f001218.jpg,20230831_161620,mauritius,original,video,False,train,642.7524912209374
data/processed/mauritius/video/not_augmented/cull2_green_bg/head/224/occ/raw/span_matched/20230831_161620/m--20230831_161620--f001220.jpg,20230831_161620,mauritius,original,video,False,train,746.1934590238375
data/processed/mauritius/video/not_augmented/cull2_green_bg/head/224/occ/raw/span_matched/20230831_162051/m--20230831_162051--f000154.jpg,20230831_162051,mauritius,original,video,False,train,228.06477198825183
data/processed/mauritius/video/not_augmented/cull2_green_bg/head/224/occ/raw/span_matched/20230831_162051/m--20230831_162051--f000156.jpg,20230831_162051,mauritius,original,video,False,train,206.6616815501876
data/processed/mauritius/video/not_augmented/cull2_green_bg/head/224/occ/raw/span_matched/20230831_162051/m--20230831_162051--f000158.jpg,20230831_162051,mauritius,original,video,False,train,158.4961601219193
data/processed/mauritius/video/not_augmented/cull2_green_bg/head/224/occ/raw/span_matched/20230831_162051/m--20230831_162051--f000160.jpg,20230831_162051,mauritius,original,video,False,train,147.62276781742295
data/processed/mauritius/video/not_augmented/cull2_green_bg/head/224/occ/raw/span_matched/20230831_162051/m--20230831_162051--f000164.jpg,20230831_162051,mauritius,original,video,False,train,512.5287388376969
data/processed/mauritius/video/not_augmented/cull2_green_bg/head/224/occ/raw/span_matched/20230831_162051/m--20230831_162051--f000170.jpg,20230831_162051,mauritius,original,video,False,train,669.6076012241597
data/processed/mauritius/video/not_augmented/cull2_green_bg/head/224/occ/raw/span_matched/20230831_162051/m--20230831_162051--f000178.jpg,20230831_162051,mauritius,original,video,False,train,694.7068319118107
data/processed/mauritius/video/not_augmented/cull2_green_bg/head/224/occ/raw/span_matched/20230831_162051/m--20230831_162051--f000180.jpg,20230831_162051,mauritius,original,video,False,train,298.81341677295916
data/processed/mauritius/video/not_augmented/cull2_green_bg/head/224/occ/raw/span_matched/20230831_162051/m--20230831_162051--f000190.jpg,20230831_162051,mauritius,original,video,False,train,605.8821149231841
data/processed/mauritius/video/not_augmented/cull2_green_bg/head/224/occ/raw/span_matched/20230831_162051/m--20230831_162051--f000192.jpg,20230831_162051,mauritius,original,video,False,train,691.5197504461432
data/processed/mauritius/video/not_augmented/cull2_green_bg/head/224/occ/raw/span_matched/20230831_162051/m--20230831_162051--f000194.jpg,20230831_162051,mauritius,original,video,False,train,708.4297672177988
data/processed/mauritius/video/not_augmented/cull2_green_bg/head/224/occ/raw/span_matched/20230831_162051/m--20230831_162051--f000198.jpg,20230831_162051,mauritius,original,video,False,train,962.4642457973954
data/processed/mauritius/video/not_augmented/cull2_green_bg/head/224/occ/raw/span_matched/20230831_162051/m--20230831_162051--f000200.jpg,20230831_162051,mauritius,original,video,False,train,1423.3881935586735
data/processed/mauritius/video/not_augmented/cull2_green_bg/head/224/occ/raw/span_matched/20230831_162051/m--20230831_162051--f000202.jpg,20230831_162051,mauritius,original,video,False,train,1338.126255570427
data/processed/mauritius/video/not_augmented/cull2_green_bg/head/224/occ/raw/span_matched/20230831_162051/m--20230831_162051--f000216.jpg,20230831_162051,mauritius,original,video,False,train,1329.0256695856606
data/processed/mauritius/video/not_augmented/cull2_green_bg/head/224/occ/raw/span_matched/20230831_162051/m--20230831_162051--f000220.jpg,20230831_162051,mauritius,original,video,False,train,1173.3442283163265
data/processed/mauritius/video/not_augmented/cull2_green_bg/head/224/occ/raw/span_matched/20230831_162051/m--20230831_162051--f000228.jpg,20230831_162051,mauritius,original,video,False,train,869.1135203938642
data/processed/mauritius/video/not_augmented/cull2_green_bg/head/224/occ/raw/span_matched/20230831_162051/m--20230831_162051--f000230.jpg,20230831_162051,mauritius,original,video,False,train,321.4628108801915
data/processed/mauritius/video/not_augmented/cull2_green_bg/head/224/occ/raw/span_matched/20230831_162051/m--20230831_162051--f000232.jpg,20230831_162051,mauritius,original,video,False,train,201.82254464285714
data/processed/mauritius/video/not_augmented/cull2_green_bg/head/224/occ/raw/span_matched/20230831_162051/m--20230831_162051--f000234.jpg,20230831_162051,mauritius,original,video,False,train,169.71560108418367
data/processed/mauritius/video/not_augmented/cull2_green_bg/head/224/occ/raw/span_matched/20230831_162051/m--20230831_162051--f000236.jpg,20230831_162051,mauritius,original,video,False,train,163.84066086379454
data/processed/mauritius/video/not_augmented/cull2_green_bg/head/224/occ/raw/span_matched/20230831_162051/m--20230831_162051--f000956.jpg,20230831_162051,mauritius,original,video,False,train,489.6792091773183
data/processed/mauritius/video/not_augmented/cull2_green_bg/head/224/occ/raw/span_matched/20230831_162051/m--20230831_162051--f000964.jpg,20230831_162051,mauritius,original,video,False,train,399.4845942279191
data/processed/mauritius/video/not_augmented/cull2_green_bg/head/224/occ/raw/span_matched/20230831_162051/m--20230831_162051--f000966.jpg,20230831_162051,mauritius,original,video,False,train,597.1293048215182
data/processed/mauritius/video/not_augmented/cull2_green_bg/head/224/occ/raw/span_matched/20230831_162051/m--20230831_162051--f000968.jpg,20230831_162051,mauritius,original,video,False,train,429.72028457875155
data/processed/mauritius/video/not_augmented/cull2_green_bg/head/224/occ/raw/span_matched/20230831_162051/m--20230831_162051--f000970.jpg,20230831_162051,mauritius,original,video,False,train,438.17769450100695
data/processed/mauritius/video/not_augmented/cull2_green_bg/head/224/occ/raw/span_matched/20230831_162051/m--20230831_162051--f000974.jpg,20230831_162051,mauritius,original,video,False,train,781.0651107777759
data/processed/mauritius/video/not_augmented/cull2_green_bg/head/224/occ/raw/span_matched/20230831_162051/m--20230831_162051--f001402.jpg,20230831_162051,mauritius,original,video,False,train,320.0643136124966
data/processed/mauritius/video/not_augmented/cull2_green_bg/head/224/occ/raw/span_matched/20230831_162051/m--20230831_162051--f001404.jpg,20230831_162051,mauritius,original,video,False,train,339.87220982142856
data/processed/mauritius/video/not_augmented/cull2_green_bg/head/224/occ/raw/span_matched/20230831_162051/m--20230831_162051--f001406.jpg,20230831_162051,mauritius,original,video,False,train,323.857102997449
data/processed/mauritius/video/not_augmented/cull2_green_bg/head/224/occ/raw/span_matched/20230831_162051/m--20230831_162051--f001408.jpg,20230831_162051,mauritius,original,video,False,train,312.97134088010205
data/processed/mauritius/video/not_augmented/cull2_green_bg/head/224/occ/raw/span_matched/20230831_162051/m--20230831_162051--f001410.jpg,20230831_162051,mauritius,original,video,False,train,310.1960896746609
data/processed/mauritius/video/not_augmented/cull2_green_bg/head/224/occ/raw/span_matched/20230831_162051/m--20230831_162051--f001412.jpg,20230831_162051,mauritius,original,video,False,train,313.1916055230487
data/processed/mauritius/video/not_augmented/cull2_green_bg/head/224/occ/raw/span_matched/20230831_162051/m--20230831_162051--f001456.jpg,20230831_162051,mauritius,original,video,False,train,1651.404197110975
data/processed/mauritius/video/not_augmented/cull2_green_bg/head/224/occ/raw/span_matched/20230831_162051/m--20230831_162051--f001458.jpg,20230831_162051,mauritius,original,video,False,train,1278.1606943522927
data/processed/mauritius/video/not_augmented/cull2_green_bg/head/224/occ/raw/span_matched/20230831_162051/m--20230831_162051--f001460.jpg,20230831_162051,mauritius,original,video,False,train,1507.1985411097833
data/processed/mauritius/video/not_augmented/cull2_green_bg/head/224/occ/raw/span_matched/20230831_162051/m--20230831_162051--f001462.jpg,20230831_162051,mauritius,original,video,False,train,1342.116171045633
data/processed/mauritius/video/not_augmented/cull2_green_bg/head/224/occ/raw/span_matched/20230831_162051/m--20230831_162051--f001464.jpg,20230831_162051,mauritius,original,video,False,train,746.0964205931344
data/processed/mauritius/video/not_augmented/cull2_green_bg/head/224/occ/raw/span_matched/20230831_162746/m--20230831_162746--f000178.jpg,20230831_162746,mauritius,original,video,False,val,349.7486646807924
data/processed/mauritius/video/not_augmented/cull2_green_bg/head/224/occ/raw/span_matched/20230831_162746/m--20230831_162746--f000180.jpg,20230831_162746,mauritius,original,video,False,val,421.6046316948397
data/processed/mauritius/video/not_augmented/cull2_green_bg/head/224/occ/raw/span_matched/20230831_162746/m--20230831_162746--f000182.jpg,20230831_162746,mauritius,original,video,False,val,734.1965680799599
data/processed/mauritius/video/not_augmented/cull2_green_bg/head/224/occ/raw/span_matched/20230831_162746/m--20230831_162746--f000184.jpg,20230831_162746,mauritius,original,video,False,val,655.3459422688642
data/processed/mauritius/video/not_augmented/cull2_green_bg/head/224/occ/raw/span_matched/20230831_162746/m--20230831_162746--f000186.jpg,20230831_162746,mauritius,original,video,False,val,618.1651387101458
data/processed/mauritius/video/not_augmented/cull2_green_bg/head/224/occ/raw/span_matched/20230831_162746/m--20230831_162746--f000208.jpg,20230831_162746,mauritius,original,video,False,val,228.32666994600885
data/processed/mauritius/video/not_augmented/cull2_green_bg/head/224/occ/raw/span_matched/20230831_162746/m--20230831_162746--f000210.jpg,20230831_162746,mauritius,original,video,False,val,661.4691087356562
data/processed/mauritius/video/not_augmented/cull2_green_bg/head/224/occ/raw/span_matched/20230831_163217/m--20230831_163217--f000154.jpg,20230831_163217,mauritius,original,video,False,train,142.92731582875157
data/processed/mauritius/video/not_augmented/cull2_green_bg/head/224/occ/raw/span_matched/20230831_163217/m--20230831_163217--f000156.jpg,20230831_163217,mauritius,original,video,False,train,152.29601798440856
data/processed/mauritius/video/not_augmented/cull2_green_bg/head/224/occ/raw/span_matched/20230831_163217/m--20230831_163217--f000158.jpg,20230831_163217,mauritius,original,video,False,train,140.59297271650664
data/processed/mauritius/video/not_augmented/cull2_green_bg/head/224/occ/raw/span_matched/20230831_163217/m--20230831_163217--f000160.jpg,20230831_163217,mauritius,original,video,False,train,155.3586774072961
data/processed/mauritius/video/not_augmented/cull2_green_bg/head/224/occ/raw/span_matched/20230831_163217/m--20230831_163217--f000162.jpg,20230831_163217,mauritius,original,video,False,train,140.56403457875157
data/processed/mauritius/video/not_augmented/cull2_green_bg/head/224/occ/raw/span_matched/20230831_163217/m--20230831_163217--f000164.jpg,20230831_163217,mauritius,original,video,False,train,140.6054886762722
data/processed/mauritius/video/not_augmented/cull2_green_bg/head/224/occ/raw/span_matched/20230831_163217/m--20230831_163217--f000166.jpg,20230831_163217,mauritius,original,video,False,train,134.19858099330918
data/processed/mauritius/video/not_augmented/cull2_green_bg/head/224/occ/raw/span_matched/20230831_163217/m--20230831_163217--f000168.jpg,20230831_163217,mauritius,original,video,False,train,154.1737284753681
data/processed/mauritius/video/not_augmented/cull2_green_bg/head/224/occ/raw/span_matched/20230831_163217/m--20230831_163217--f000170.jpg,20230831_163217,mauritius,original,video,False,train,161.68158083506196
data/processed/mauritius/video/not_augmented/cull2_green_bg/head/224/occ/raw/span_matched/20230831_163217/m--20230831_163217--f000172.jpg,20230831_163217,mauritius,original,video,False,train,153.2226761762722
data/processed/mauritius/video/not_augmented/cull2_green_bg/head/224/occ/raw/span_matched/20230831_163217/m--20230831_163217--f000226.jpg,20230831_163217,mauritius,original,video,False,train,330.3863400729782
data/processed/mauritius/video/not_augmented/cull2_green_bg/head/224/occ/raw/span_matched/20230831_163217/m--20230831_163217--f000228.jpg,20230831_163217,mauritius,original,video,False,train,393.9627909658353
data/processed/mauritius/video/not_augmented/cull2_green_bg/head/224/occ/raw/span_matched/20230831_163217/m--20230831_163217--f000230.jpg,20230831_163217,mauritius,original,video,False,train,454.2008928555541
data/processed/mauritius/video/not_augmented/cull2_green_bg/head/224/occ/raw/span_matched/20230831_163217/m--20230831_163217--f000232.jpg,20230831_163217,mauritius,original,video,False,train,566.151506671008
data/processed/mauritius/video/not_augmented/cull2_green_bg/head/224/occ/raw/span_matched/20230831_163217/m--20230831_163217--f000234.jpg,20230831_163217,mauritius,original,video,False,train,511.60233969690404
data/processed/mauritius/video/not_augmented/cull2_green_bg/head/224/occ/raw/span_matched/20230831_163217/m--20230831_163217--f000236.jpg,20230831_163217,mauritius,original,video,False,train,772.8745216582529
data/processed/mauritius/video/not_augmented/cull2_green_bg/head/224/occ/raw/span_matched/20230831_163217/m--20230831_163217--f000238.jpg,20230831_163217,mauritius,original,video,False,train,891.3582190625224
data/processed/mauritius/video/not_augmented/cull2_green_bg/head/224/occ/raw/span_matched/20230831_163217/m--20230831_163217--f000240.jpg,20230831_163217,mauritius,original,video,False,train,956.1796277005292
data/processed/mauritius/video/not_augmented/cull2_green_bg/head/224/occ/raw/span_matched/20230831_163217/m--20230831_163217--f000242.jpg,20230831_163217,mauritius,original,video,False,train,919.7368064349715
data/processed/mauritius/video/not_augmented/cull2_green_bg/head/224/occ/raw/span_matched/20230831_163217/m--20230831_163217--f000244.jpg,20230831_163217,mauritius,original,video,False,train,903.3704360455881
data/processed/mauritius/video/not_augmented/cull2_green_bg/head/224/occ/raw/span_matched/20230831_163217/m--20230831_163217--f000246.jpg,20230831_163217,mauritius,original,video,False,train,729.1991788887173
data/processed/mauritius/video/not_augmented/cull2_green_bg/head/224/occ/raw/span_matched/20230831_163217/m--20230831_163217--f000248.jpg,20230831_163217,mauritius,original,video,False,train,900.8612683159964
data/processed/mauritius/video/not_augmented/cull2_green_bg/head/224/occ/raw/span_matched/20230831_163217/m--20230831_163217--f000250.jpg,20230831_163217,mauritius,original,video,False,train,819.292570146706
data/processed/mauritius/video/not_augmented/cull2_green_bg/head/224/occ/raw/span_matched/20230831_163217/m--20230831_163217--f000252.jpg,20230831_163217,mauritius,original,video,False,train,897.6123644754518
data/processed/mauritius/video/not_augmented/cull2_green_bg/head/224/occ/raw/span_matched/20230831_163217/m--20230831_163217--f000254.jpg,20230831_163217,mauritius,original,video,False,train,766.2628946010396
data/processed/mauritius/video/not_augmented/cull2_green_bg/head/224/occ/raw/span_matched/20230831_163217/m--20230831_163217--f000256.jpg,20230831_163217,mauritius,original,video,False,train,630.5088089144961
data/processed/mauritius/video/not_augmented/cull2_green_bg/head/224/occ/raw/span_matched/20230831_163217/m--20230831_163217--f000258.jpg,20230831_163217,mauritius,original,video,False,train,413.7250079719388
data/processed/mauritius/video/not_augmented/cull2_green_bg/head/224/occ/raw/span_matched/20230831_163217/m--20230831_163217--f000260.jpg,20230831_163217,mauritius,original,video,False,train,257.0984933019826
data/processed/mauritius/video/not_augmented/cull2_green_bg/head/224/occ/raw/span_matched/20230831_163217/m--20230831_163217--f000262.jpg,20230831_163217,mauritius,original,video,False,train,151.41364390608769
data/processed/mauritius/video/not_augmented/cull2_green_bg/head/224/occ/raw/span_matched/20230831_163217/m--20230831_163217--f000264.jpg,20230831_163217,mauritius,original,video,False,train,174.11172670763963
data/processed/mauritius/video/not_augmented/cull2_green_bg/head/224/occ/raw/span_matched/20230831_163217/m--20230831_163217--f000266.jpg,20230831_163217,mauritius,original,video,False,train,173.6785913389556
data/processed/mauritius/video/not_augmented/cull2_green_bg/head/224/occ/raw/span_matched/20230831_163217/m--20230831_163217--f000268.jpg,20230831_163217,mauritius,original,video,False,train,167.45609452773112
data/processed/mauritius/video/not_augmented/cull2_green_bg/head/224/occ/raw/span_matched/20230831_163217/m--20230831_163217--f000270.jpg,20230831_163217,mauritius,original,video,False,train,162.21867027902346
data/processed/mauritius/video/not_augmented/cull2_green_bg/head/224/occ/raw/span_matched/20230831_163217/m--20230831_163217--f001092.jpg,20230831_163217,mauritius,original,video,False,train,224.8603913328242
data/processed/mauritius/video/not_augmented/cull2_green_bg/head/224/occ/raw/span_matched/20230831_163217/m--20230831_163217--f001136.jpg,20230831_163217,mauritius,original,video,False,train,653.5260084180819
data/processed/mauritius/video/not_augmented/cull2_green_bg/head/224/occ/raw/span_matched/20230831_163217/m--20230831_163217--f001140.jpg,20230831_163217,mauritius,original,video,False,train,517.0246532012006
data/processed/mauritius/video/not_augmented/cull2_green_bg/head/224/occ/raw/span_matched/20230831_163217/m--20230831_163217--f001142.jpg,20230831_163217,mauritius,original,video,False,train,779.017199457511
data/processed/mauritius/video/not_augmented/cull2_green_bg/head/224/occ/raw/span_matched/20230831_163217/m--20230831_163217--f001144.jpg,20230831_163217,mauritius,original,video,False,train,774.3746811160938
data/processed/mauritius/video/not_augmented/cull2_green_bg/head/224/occ/raw/span_matched/20230831_163217/m--20230831_163217--f001146.jpg,20230831_163217,mauritius,original,video,False,train,652.7994060806313
data/processed/mauritius/video/not_augmented/cull2_green_bg/head/224/occ/raw/span_matched/20230831_163217/m--20230831_163217--f001148.jpg,20230831_163217,mauritius,original,video,False,train,744.2881656088266
data/processed/mauritius/video/not_augmented/cull2_green_bg/head/224/occ/raw/span_matched/20230831_163217/m--20230831_163217--f001150.jpg,20230831_163217,mauritius,original,video,False,train,768.1381137995659
data/processed/mauritius/video/not_augmented/cull2_green_bg/head/224/occ/raw/span_matched/20230831_163217/m--20230831_163217--f001152.jpg,20230831_163217,mauritius,original,video,False,train,717.8832509550439
data/processed/mauritius/video/not_augmented/cull2_green_bg/head/224/occ/raw/span_matched/20230831_163217/m--20230831_163217--f001154.jpg,20230831_163217,mauritius,original,video,False,train,520.6918447002774
data/processed/mauritius/video/not_augmented/cull2_green_bg/head/224/occ/raw/span_matched/20230831_163217/m--20230831_163217--f001156.jpg,20230831_163217,mauritius,original,video,False,train,629.3778698201082
data/processed/mauritius/video/not_augmented/cull2_green_bg/head/224/occ/raw/span_matched/20230831_163217/m--20230831_163217--f001158.jpg,20230831_163217,mauritius,original,video,False,train,597.3873764154862
data/processed/mauritius/video/not_augmented/cull2_green_bg/head/224/occ/raw/span_matched/20230831_163217/m--20230831_163217--f001160.jpg,20230831_163217,mauritius,original,video,False,train,608.7866111188965
data/processed/mauritius/video/not_augmented/cull2_green_bg/head/224/occ/raw/span_matched/20230831_163217/m--20230831_163217--f001162.jpg,20230831_163217,mauritius,original,video,False,train,665.5844427420169
data/processed/mauritius/video/not_augmented/cull2_green_bg/head/224/occ/raw/span_matched/20230831_163217/m--20230831_163217--f001164.jpg,20230831_163217,mauritius,original,video,False,train,782.0665856086925
data/processed/mauritius/video/not_augmented/cull2_green_bg/head/224/occ/raw/span_matched/20230831_163217/m--20230831_163217--f001166.jpg,20230831_163217,mauritius,original,video,False,train,231.40280211701688
data/processed/mauritius/video/not_augmented/cull2_green_bg/head/224/occ/raw/span_matched/20230831_163217/m--20230831_163217--f001168.jpg,20230831_163217,mauritius,original,video,False,train,219.32427853914362
data/processed/mauritius/video/not_augmented/cull2_green_bg/head/224/occ/raw/span_matched/20230831_163217/m--20230831_163217--f001170.jpg,20230831_163217,mauritius,original,video,False,train,232.34811462654963
data/processed/mauritius/video/not_augmented/cull2_green_bg/head/224/occ/raw/span_matched/20230831_163217/m--20230831_163217--f001172.jpg,20230831_163217,mauritius,original,video,False,train,209.22325414381936
data/processed/mauritius/video/not_augmented/cull2_green_bg/head/224/occ/raw/span_matched/20230831_163217/m--20230831_163217--f001174.jpg,20230831_163217,mauritius,original,video,False,train,170.92978712977197
data/processed/mauritius/video/not_augmented/cull2_green_bg/head/224/occ/raw/span_matched/20230831_163217/m--20230831_163217--f001178.jpg,20230831_163217,mauritius,original,video,False,train,178.44421634848842
data/processed/mauritius/video/not_augmented/cull2_green_bg/head/224/occ/raw/span_matched/20230831_163217/m--20230831_163217--f001180.jpg,20230831_163217,mauritius,original,video,False,train,181.44874043367346
data/processed/mauritius/video/not_augmented/cull2_green_bg/head/224/occ/raw/span_matched/20230831_163217/m--20230831_163217--f001182.jpg,20230831_163217,mauritius,original,video,False,train,161.5913982002103
data/processed/mauritius/video/not_augmented/cull2_green_bg/head/224/occ/raw/span_matched/20230831_163217/m--20230831_163217--f001184.jpg,20230831_163217,mauritius,original,video,False,train,171.32252470308026
data/processed/mauritius/video/not_augmented/cull2_green_bg/head/224/occ/raw/span_matched/20230831_163217/m--20230831_163217--f001186.jpg,20230831_163217,mauritius,original,video,False,train,168.43775902088362
data/processed/mauritius/video/not_augmented/cull2_green_bg/head/224/occ/raw/span_matched/20230831_163217/m--20230831_163217--f001188.jpg,20230831_163217,mauritius,original,video,False,train,171.00542087864744
data/processed/mauritius/video/not_augmented/cull2_green_bg/head/224/occ/raw/span_matched/20230831_163217/m--20230831_163217--f001190.jpg,20230831_163217,mauritius,original,video,False,train,187.00542089294663
data/processed/mauritius/video/not_augmented/cull2_green_bg/head/224/occ/raw/span_matched/20230831_163217/m--20230831_163217--f001192.jpg,20230831_163217,mauritius,original,video,False,train,175.1700813121867
data/processed/mauritius/video/not_augmented/cull2_green_bg/head/224/occ/raw/span_matched/20230831_163217/m--20230831_163217--f001196.jpg,20230831_163217,mauritius,original,video,False,train,135.29087611567422
data/processed/mauritius/video/not_augmented/cull2_green_bg/head/224/occ/raw/span_matched/20230831_163856/m--20230831_163856--f000188.jpg,20230831_163856,mauritius,original,video,False,train,224.37109374364482
data/processed/mauritius/video/not_augmented/cull2_green_bg/head/224/occ/raw/span_matched/20230831_163856/m--20230831_163856--f000192.jpg,20230831_163856,mauritius,original,video,False,train,198.59398915180807
data/processed/mauritius/video/not_augmented/cull2_green_bg/head/224/occ/raw/span_matched/20230831_163856/m--20230831_163856--f000194.jpg,20230831_163856,mauritius,original,video,False,train,244.83834900154963
data/processed/mauritius/video/not_augmented/cull2_green_bg/head/224/occ/raw/span_matched/20230831_163856/m--20230831_163856--f000196.jpg,20230831_163856,mauritius,original,video,False,train,228.80233561918172
data/processed/mauritius/video/not_augmented/cull2_green_bg/head/224/occ/raw/span_matched/20230831_163856/m--20230831_163856--f000198.jpg,20230831_163856,mauritius,original,video,False,train,279.03170838290475
data/processed/mauritius/video/not_augmented/cull2_green_bg/head/224/occ/raw/span_matched/20230831_163856/m--20230831_163856--f000200.jpg,20230831_163856,mauritius,original,video,False,train,306.2896201782354
data/processed/mauritius/video/not_augmented/cull2_green_bg/head/224/occ/raw/span_matched/20230831_163856/m--20230831_163856--f000202.jpg,20230831_163856,mauritius,original,video,False,train,266.92763439172114
data/processed/mauritius/video/not_augmented/cull2_green_bg/head/224/occ/raw/span_matched/20230831_163856/m--20230831_163856--f000204.jpg,20230831_163856,mauritius,original,video,False,train,303.98850044614323
data/processed/mauritius/video/not_augmented/cull2_green_bg/head/224/occ/raw/span_matched/20230831_163856/m--20230831_163856--f000206.jpg,20230831_163856,mauritius,original,video,False,train,477.74404097219053
data/processed/mauritius/video/not_augmented/cull2_green_bg/head/224/occ/raw/span_matched/20230831_163856/m--20230831_163856--f000208.jpg,20230831_163856,mauritius,original,video,False,train,781.65995692611
data/processed/mauritius/video/not_augmented/cull2_green_bg/head/224/occ/raw/span_matched/20230831_163856/m--20230831_163856--f000210.jpg,20230831_163856,mauritius,original,video,False,train,1096.2079081235454
data/processed/mauritius/video/not_augmented/cull2_green_bg/head/224/occ/raw/span_matched/20230831_163856/m--20230831_163856--f000212.jpg,20230831_163856,mauritius,original,video,False,train,994.6028380038488
data/processed/mauritius/video/not_augmented/cull2_green_bg/head/224/occ/raw/span_matched/20230831_163856/m--20230831_163856--f000214.jpg,20230831_163856,mauritius,original,video,False,train,1066.0628188711958
data/processed/mauritius/video/not_augmented/cull2_green_bg/head/224/occ/raw/span_matched/20230831_163856/m--20230831_163856--f000216.jpg,20230831_163856,mauritius,original,video,False,train,1018.2742546042617
data/processed/mauritius/video/not_augmented/cull2_green_bg/head/224/occ/raw/span_matched/20230831_163856/m--20230831_163856--f000218.jpg,20230831_163856,mauritius,original,video,False,train,1038.0421715418233
data/processed/mauritius/video/not_augmented/cull2_green_bg/head/224/occ/raw/span_matched/20230831_163856/m--20230831_163856--f000220.jpg,20230831_163856,mauritius,original,video,False,train,1093.6254980710087
data/processed/mauritius/video/not_augmented/cull2_green_bg/head/224/occ/raw/span_matched/20230831_163856/m--20230831_163856--f000222.jpg,20230831_163856,mauritius,original,video,False,train,260.77172350774254
data/processed/mauritius/video/not_augmented/cull2_green_bg/head/224/occ/raw/span_matched/20230831_163856/m--20230831_163856--f000224.jpg,20230831_163856,mauritius,original,video,False,train,212.2728794070891
data/processed/mauritius/video/not_augmented/cull2_green_bg/head/224/occ/raw/span_matched/20230831_163856/m--20230831_163856--f000226.jpg,20230831_163856,mauritius,original,video,False,train,204.45467945021025
data/processed/mauritius/video/not_augmented/cull2_green_bg/head/224/occ/raw/span_matched/20230831_163856/m--20230831_163856--f000228.jpg,20230831_163856,mauritius,original,video,False,train,198.28405999362792
data/processed/mauritius/video/not_augmented/cull2_green_bg/head/224/occ/raw/span_matched/20230831_163856/m--20230831_163856--f000230.jpg,20230831_163856,mauritius,original,video,False,train,189.6626671422079
data/processed/mauritius/video/not_augmented/cull2_green_bg/head/224/occ/raw/span_matched/20230831_163856/m--20230831_163856--f000232.jpg,20230831_163856,mauritius,original,video,False,train,182.66262755102042
data/processed/mauritius/video/not_augmented/cull2_green_bg/head/224/occ/raw/span_matched/20230831_163856/m--20230831_163856--f000234.jpg,20230831_163856,mauritius,original,video,False,train,182.08731265586397
data/processed/mauritius/video/not_augmented/cull2_green_bg/head/224/occ/raw/span_matched/20230831_163856/m--20230831_163856--f000236.jpg,20230831_163856,mauritius,original,video,False,train,204.21789300665165
data/processed/mauritius/video/not_augmented/cull2_green_bg/head/224/occ/raw/span_matched/20230831_163856/m--20230831_163856--f000238.jpg,20230831_163856,mauritius,original,video,False,train,340.75452404308203
data/processed/mauritius/video/not_augmented/cull2_green_bg/head/224/occ/raw/span_matched/20230831_163856/m--20230831_163856--f000240.jpg,20230831_163856,mauritius,original,video,False,train,245.37874677150458
data/processed/mauritius/video/not_augmented/cull2_green_bg/head/224/occ/raw/span_matched/20230831_163856/m--20230831_163856--f000264.jpg,20230831_163856,mauritius,original,video,False,train,628.2108577790235
data/processed/mauritius/video/not_augmented/cull2_green_bg/head/224/occ/raw/span_matched/20230831_163856/m--20230831_163856--f000266.jpg,20230831_163856,mauritius,original,video,False,train,770.0543087657817
data/processed/mauritius/video/not_augmented/cull2_green_bg/head/224/occ/raw/span_matched/20230831_163856/m--20230831_163856--f000268.jpg,20230831_163856,mauritius,original,video,False,train,750.2617586081049
data/processed/mauritius/video/not_augmented/cull2_green_bg/head/224/occ/raw/span_matched/20230831_163856/m--20230831_163856--f000270.jpg,20230831_163856,mauritius,original,video,False,train,772.2710856763783
data/processed/mauritius/video/not_augmented/cull2_green_bg/head/224/occ/raw/span_matched/20230831_163856/m--20230831_163856--f000272.jpg,20230831_163856,mauritius,original,video,False,train,547.1411232425987
data/processed/mauritius/video/not_augmented/cull2_green_bg/head/224/occ/raw/span_matched/20230831_163856/m--20230831_163856--f000274.jpg,20230831_163856,mauritius,original,video,False,train,616.0192123581498
data/processed/mauritius/video/not_augmented/cull2_green_bg/head/224/occ/raw/span_matched/20230831_163856/m--20230831_163856--f000276.jpg,20230831_163856,mauritius,original,video,False,train,657.8452845787515
data/processed/mauritius/video/not_augmented/cull2_green_bg/head/224/occ/raw/span_matched/20230831_163856/m--20230831_163856--f000278.jpg,20230831_163856,mauritius,original,video,False,train,642.2196269116765
data/processed/mauritius/video/not_augmented/cull2_green_bg/head/224/occ/raw/span_matched/20230831_163856/m--20230831_163856--f000280.jpg,20230831_163856,mauritius,original,video,False,train,617.5580955002517
data/processed/mauritius/video/not_augmented/cull2_green_bg/head/224/occ/raw/span_matched/20230831_163856/m--20230831_163856--f000282.jpg,20230831_163856,mauritius,original,video,False,train,525.652722413517
data/processed/mauritius/video/not_augmented/cull2_green_bg/head/224/occ/raw/span_matched/20230831_163856/m--20230831_163856--f000284.jpg,20230831_163856,mauritius,original,video,False,train,476.51492745495995
data/processed/mauritius/video/not_augmented/cull2_green_bg/head/224/occ/raw/span_matched/20230831_163856/m--20230831_163856--f001018.jpg,20230831_163856,mauritius,original,video,False,train,489.95254359906636
data/processed/mauritius/video/not_augmented/cull2_green_bg/head/224/occ/raw/span_matched/20230831_163856/m--20230831_163856--f001020.jpg,20230831_163856,mauritius,original,video,False,train,378.47558591803727
data/processed/mauritius/video/not_augmented/cull2_green_bg/head/224/occ/raw/span_matched/20230831_163856/m--20230831_163856--f001036.jpg,20230831_163856,mauritius,original,video,False,train,196.10594705997136
data/processed/mauritius/video/not_augmented/cull2_green_bg/head/224/occ/raw/span_matched/20230831_163856/m--20230831_163856--f001038.jpg,20230831_163856,mauritius,original,video,False,train,230.05869338930472
data/processed/mauritius/video/not_augmented/cull2_green_bg/head/224/occ/raw/span_matched/20230831_163856/m--20230831_163856--f001040.jpg,20230831_163856,mauritius,original,video,False,train,243.42807316293522
data/processed/mauritius/video/not_augmented/cull2_green_bg/head/224/occ/raw/span_matched/20230831_163856/m--20230831_163856--f001042.jpg,20230831_163856,mauritius,original,video,False,train,246.79298866038422
data/processed/mauritius/video/not_augmented/cull2_green_bg/head/224/occ/raw/span_matched/20230831_163856/m--20230831_163856--f001044.jpg,20230831_163856,mauritius,original,video,False,train,306.3890704655836
data/processed/mauritius/video/not_augmented/cull2_green_bg/head/224/occ/raw/span_matched/20230831_163856/m--20230831_163856--f001092.jpg,20230831_163856,mauritius,original,video,False,train,384.53752783465904
data/processed/mauritius/video/not_augmented/cull2_green_bg/head/224/occ/raw/span_matched/20230831_163856/m--20230831_163856--f001094.jpg,20230831_163856,mauritius,original,video,False,train,259.5345982142857
data/processed/mauritius/video/not_augmented/cull2_green_bg/head/224/occ/raw/span_matched/20230831_163856/m--20230831_163856--f001096.jpg,20230831_163856,mauritius,original,video,False,train,342.8621651531508
data/processed/mauritius/video/not_augmented/cull2_green_bg/head/224/occ/raw/span_matched/20230831_163856/m--20230831_163856--f001098.jpg,20230831_163856,mauritius,original,video,False,train,304.4683713134454
data/processed/mauritius/video/not_augmented/cull2_green_bg/head/224/occ/raw/span_matched/20230831_164728/m--20230831_164728--f000162.jpg,20230831_164728,mauritius,original,video,False,train,89.10002709745817
data/processed/mauritius/video/not_augmented/cull2_green_bg/head/224/occ/raw/span_matched/20230831_164728/m--20230831_164728--f000164.jpg,20230831_164728,mauritius,original,video,False,train,95.54080262118605
data/processed/mauritius/video/not_augmented/cull2_green_bg/head/224/occ/raw/span_matched/20230831_164728/m--20230831_164728--f000166.jpg,20230831_164728,mauritius,original,video,False,train,101.30143893137421
data/processed/mauritius/video/not_augmented/cull2_green_bg/head/224/occ/raw/span_matched/20230831_164728/m--20230831_164728--f000168.jpg,20230831_164728,mauritius,original,video,False,train,101.83769132494182
data/processed/mauritius/video/not_augmented/cull2_green_bg/head/224/occ/raw/span_matched/20230831_164728/m--20230831_164728--f000170.jpg,20230831_164728,mauritius,original,video,False,train,105.23062818877551
data/processed/mauritius/video/not_augmented/cull2_green_bg/head/224/occ/raw/span_matched/20230831_164728/m--20230831_164728--f000172.jpg,20230831_164728,mauritius,original,video,False,train,97.7113758787817
data/processed/mauritius/video/not_augmented/cull2_green_bg/head/224/occ/raw/span_matched/20230831_164728/m--20230831_164728--f000174.jpg,20230831_164728,mauritius,original,video,False,train,123.94796313746976
data/processed/mauritius/video/not_augmented/cull2_green_bg/head/224/occ/raw/span_matched/20230831_164728/m--20230831_164728--f000176.jpg,20230831_164728,mauritius,original,video,False,train,175.45872523892876
data/processed/mauritius/video/not_augmented/cull2_green_bg/head/224/occ/raw/span_matched/20230831_164728/m--20230831_164728--f000178.jpg,20230831_164728,mauritius,original,video,False,train,157.716856660966
data/processed/mauritius/video/not_augmented/cull2_green_bg/head/224/occ/raw/span_matched/20230831_164728/m--20230831_164728--f000180.jpg,20230831_164728,mauritius,original,video,False,train,143.69027024514972
data/processed/mauritius/video/not_augmented/cull2_green_bg/head/224/occ/raw/span_matched/20230831_164728/m--20230831_164728--f000182.jpg,20230831_164728,mauritius,original,video,False,train,129.31596779177855
data/processed/mauritius/video/not_augmented/cull2_green_bg/head/224/occ/raw/span_matched/20230831_164728/m--20230831_164728--f000184.jpg,20230831_164728,mauritius,original,video,False,train,147.09129862525177
data/processed/mauritius/video/not_augmented/cull2_green_bg/head/224/occ/raw/span_matched/20230831_164728/m--20230831_164728--f000186.jpg,20230831_164728,mauritius,original,video,False,train,144.5165417729592
data/processed/mauritius/video/not_augmented/cull2_green_bg/head/224/occ/raw/span_matched/20230831_164728/m--20230831_164728--f000188.jpg,20230831_164728,mauritius,original,video,False,train,149.73509246813467
data/processed/mauritius/video/not_augmented/cull2_green_bg/head/224/occ/raw/span_matched/20230831_164728/m--20230831_164728--f000190.jpg,20230831_164728,mauritius,original,video,False,train,153.1850884881232
data/processed/mauritius/video/not_augmented/cull2_green_bg/head/224/occ/raw/span_matched/20230831_164728/m--20230831_164728--f000192.jpg,20230831_164728,mauritius,original,video,False,train,156.72901386759867
data/processed/mauritius/video/not_augmented/cull2_green_bg/head/224/occ/raw/span_matched/20230831_164728/m--20230831_164728--f000194.jpg,20230831_164728,mauritius,original,video,False,train,180.50420517824134
data/processed/mauritius/video/not_augmented/cull2_green_bg/head/224/occ/raw/span_matched/20230831_164728/m--20230831_164728--f000196.jpg,20230831_164728,mauritius,original,video,False,train,509.86158719354745
data/processed/mauritius/video/not_augmented/cull2_green_bg/head/224/occ/raw/span_matched/20230831_164728/m--20230831_164728--f000198.jpg,20230831_164728,mauritius,original,video,False,train,721.299844543619
data/processed/mauritius/video/not_augmented/cull2_green_bg/head/224/occ/raw/span_matched/20230831_164728/m--20230831_164728--f000200.jpg,20230831_164728,mauritius,original,video,False,train,837.3761160698399
data/processed/mauritius/video/not_augmented/cull2_green_bg/head/224/occ/raw/span_matched/20230831_164728/m--20230831_164728--f000202.jpg,20230831_164728,mauritius,original,video,False,train,951.8329280259856
data/processed/mauritius/video/not_augmented/cull2_green_bg/head/224/occ/raw/span_matched/20230831_164728/m--20230831_164728--f000204.jpg,20230831_164728,mauritius,original,video,False,train,971.3628826387619
data/processed/mauritius/video/not_augmented/cull2_green_bg/head/224/occ/raw/span_matched/20230831_164728/m--20230831_164728--f000206.jpg,20230831_164728,mauritius,original,video,False,train,933.4277742283385
data/processed/mauritius/video/not_augmented/cull2_green_bg/head/224/occ/raw/span_matched/20230831_164728/m--20230831_164728--f000208.jpg,20230831_164728,mauritius,original,video,False,train,921.7580516581633
data/processed/mauritius/video/not_augmented/cull2_green_bg/head/224/occ/raw/span_matched/20230831_164728/m--20230831_164728--f000210.jpg,20230831_164728,mauritius,original,video,False,train,799.6678292406742
data/processed/mauritius/video/not_augmented/cull2_green_bg/head/224/occ/raw/span_matched/20230831_164728/m--20230831_164728--f000212.jpg,20230831_164728,mauritius,original,video,False,train,720.6079799091254
data/processed/mauritius/video/not_augmented/cull2_green_bg/head/224/occ/raw/span_matched/20230831_164728/m--20230831_164728--f000214.jpg,20230831_164728,mauritius,original,video,False,train,741.6338887053795
data/processed/mauritius/video/not_augmented/cull2_green_bg/head/224/occ/raw/span_matched/20230831_164728/m--20230831_164728--f000216.jpg,20230831_164728,mauritius,original,video,False,train,848.1653578506815
data/processed/mauritius/video/not_augmented/cull2_green_bg/head/224/occ/raw/span_matched/20230831_164728/m--20230831_164728--f000218.jpg,20230831_164728,mauritius,original,video,False,train,854.9652219845424
data/processed/mauritius/video/not_augmented/cull2_green_bg/head/224/occ/raw/span_matched/20230831_164728/m--20230831_164728--f000220.jpg,20230831_164728,mauritius,original,video,False,train,801.2443797815746
data/processed/mauritius/video/not_augmented/cull2_green_bg/head/224/occ/raw/span_matched/20230831_164728/m--20230831_164728--f000222.jpg,20230831_164728,mauritius,original,video,False,train,746.0549464986406
data/processed/mauritius/video/not_augmented/cull2_green_bg/head/224/occ/raw/span_matched/20230831_164728/m--20230831_164728--f000224.jpg,20230831_164728,mauritius,original,video,False,train,777.001235644155
data/processed/mauritius/video/not_augmented/cull2_green_bg/head/224/occ/raw/span_matched/20230831_164728/m--20230831_164728--f000226.jpg,20230831_164728,mauritius,original,video,False,train,547.9608179066191
data/processed/mauritius/video/not_augmented/cull2_green_bg/head/224/occ/raw/span_matched/20230831_164728/m--20230831_164728--f000228.jpg,20230831_164728,mauritius,original,video,False,train,465.52066713648503
data/processed/mauritius/video/not_augmented/cull2_green_bg/head/224/occ/raw/span_matched/20230831_164728/m--20230831_164728--f000230.jpg,20230831_164728,mauritius,original,video,False,train,468.9647440908354
data/processed/mauritius/video/not_augmented/cull2_green_bg/head/224/occ/raw/span_matched/20230831_164728/m--20230831_164728--f000232.jpg,20230831_164728,mauritius,original,video,False,train,777.1186623023183
data/processed/mauritius/video/not_augmented/cull2_green_bg/head/224/occ/raw/span_matched/20230831_164728/m--20230831_164728--f000234.jpg,20230831_164728,mauritius,original,video,False,train,1026.4936423466536
data/processed/mauritius/video/not_augmented/cull2_green_bg/head/224/occ/raw/span_matched/20230831_164728/m--20230831_164728--f000236.jpg,20230831_164728,mauritius,original,video,False,train,755.1362602201316
data/processed/mauritius/video/not_augmented/cull2_green_bg/head/224/occ/raw/span_matched/20230831_164728/m--20230831_164728--f000238.jpg,20230831_164728,mauritius,original,video,False,train,571.4308234532144
data/processed/mauritius/video/not_augmented/cull2_green_bg/head/224/occ/raw/span_matched/20230831_164728/m--20230831_164728--f000240.jpg,20230831_164728,mauritius,original,video,False,train,608.5982940035133
data/processed/mauritius/video/not_augmented/cull2_green_bg/head/224/occ/raw/span_matched/20230831_164728/m--20230831_164728--f000242.jpg,20230831_164728,mauritius,original,video,False,train,616.6419802152926
data/processed/mauritius/video/not_augmented/cull2_green_bg/head/224/occ/raw/span_matched/20230831_164728/m--20230831_164728--f000244.jpg,20230831_164728,mauritius,original,video,False,train,713.2481465206599
data/processed/mauritius/video/not_augmented/cull2_green_bg/head/224/occ/raw/span_matched/20230831_164728/m--20230831_164728--f000246.jpg,20230831_164728,mauritius,original,video,False,train,640.3873963632071
data/processed/mauritius/video/not_augmented/cull2_green_bg/head/224/occ/raw/span_matched/20230831_164728/m--20230831_164728--f000248.jpg,20230831_164728,mauritius,original,video,False,train,561.4243463010204
data/processed/mauritius/video/not_augmented/cull2_green_bg/head/224/occ/raw/span_matched/20230831_164728/m--20230831_164728--f000250.jpg,20230831_164728,mauritius,original,video,False,train,254.83093504129175
data/processed/mauritius/video/not_augmented/cull2_green_bg/head/224/occ/raw/span_matched/20230831_164728/m--20230831_164728--f000252.jpg,20230831_164728,mauritius,original,video,False,train,257.1575252814175
data/processed/mauritius/video/not_augmented/cull2_green_bg/head/224/occ/raw/span_matched/20230831_164728/m--20230831_164728--f000254.jpg,20230831_164728,mauritius,original,video,False,train,208.43979192246798
data/processed/mauritius/video/not_augmented/cull2_green_bg/head/224/occ/raw/span_matched/20230831_164728/m--20230831_164728--f000256.jpg,20230831_164728,mauritius,original,video,False,train,150.05693950557747
data/processed/mauritius/video/not_augmented/cull2_green_bg/head/224/occ/raw/span_matched/20230831_164728/m--20230831_164728--f000258.jpg,20230831_164728,mauritius,original,video,False,train,145.2600645691293
data/processed/mauritius/video/not_augmented/cull2_green_bg/head/224/occ/raw/span_matched/20230831_164728/m--20230831_164728--f000260.jpg,20230831_164728,mauritius,original,video,False,train,156.30687972596664
data/processed/mauritius/video/not_augmented/cull2_green_bg/head/224/occ/raw/span_matched/20230831_164728/m--20230831_164728--f000262.jpg,20230831_164728,mauritius,original,video,False,train,161.57093032168032
data/processed/mauritius/video/not_augmented/cull2_green_bg/head/224/occ/raw/span_matched/20230831_164728/m--20230831_164728--f000264.jpg,20230831_164728,mauritius,original,video,False,train,154.6056280870926
data/processed/mauritius/video/not_augmented/cull2_green_bg/head/224/occ/raw/span_matched/20230831_164728/m--20230831_164728--f001052.jpg,20230831_164728,mauritius,original,video,False,train,578.7600844882519
data/processed/mauritius/video/not_augmented/cull2_green_bg/head/224/occ/raw/span_matched/20230831_164728/m--20230831_164728--f001054.jpg,20230831_164728,mauritius,original,video,False,train,385.4071268354143
data/processed/mauritius/video/not_augmented/cull2_green_bg/head/224/occ/raw/span_matched/20230831_164728/m--20230831_164728--f001056.jpg,20230831_164728,mauritius,original,video,False,train,249.8007613102231
data/processed/mauritius/video/not_augmented/cull2_green_bg/head/224/occ/raw/span_matched/20230831_164728/m--20230831_164728--f001058.jpg,20230831_164728,mauritius,original,video,False,train,314.0745176877741
data/processed/mauritius/video/not_augmented/cull2_green_bg/head/224/occ/raw/span_matched/20230831_164728/m--20230831_164728--f001060.jpg,20230831_164728,mauritius,original,video,False,train,678.4675940545785
data/processed/mauritius/video/not_augmented/cull2_green_bg/head/224/occ/raw/span_matched/20230831_164728/m--20230831_164728--f001062.jpg,20230831_164728,mauritius,original,video,False,train,575.9977479268987
data/processed/mauritius/video/not_augmented/cull2_green_bg/head/224/occ/raw/span_matched/20230831_164728/m--20230831_164728--f001064.jpg,20230831_164728,mauritius,original,video,False,train,588.1468231629353
data/processed/mauritius/video/not_augmented/cull2_green_bg/head/224/occ/raw/span_matched/20230831_164728/m--20230831_164728--f001066.jpg,20230831_164728,mauritius,original,video,False,train,453.05317277443606
data/processed/mauritius/video/not_augmented/cull2_green_bg/head/224/occ/raw/span_matched/20230831_164728/m--20230831_164728--f001068.jpg,20230831_164728,mauritius,original,video,False,train,513.187081472817
data/processed/mauritius/video/not_augmented/cull2_green_bg/head/224/occ/raw/span_matched/20230831_164728/m--20230831_164728--f001070.jpg,20230831_164728,mauritius,original,video,False,train,772.6632453441024
data/processed/mauritius/video/not_augmented/cull2_green_bg/head/224/occ/raw/span_matched/20230831_164728/m--20230831_164728--f001072.jpg,20230831_164728,mauritius,original,video,False,train,1032.6663742843941
data/processed/mauritius/video/not_augmented/cull2_green_bg/head/224/occ/raw/span_matched/20230831_164728/m--20230831_164728--f001074.jpg,20230831_164728,mauritius,original,video,False,train,1165.9503746557018
data/processed/mauritius/video/not_augmented/cull2_green_bg/head/224/occ/raw/span_matched/20230831_164728/m--20230831_164728--f001076.jpg,20230831_164728,mauritius,original,video,False,train,1035.388014157878
data/processed/mauritius/video/not_augmented/cull2_green_bg/head/224/occ/raw/span_matched/20230831_164728/m--20230831_164728--f001078.jpg,20230831_164728,mauritius,original,video,False,train,871.4152382938429
data/processed/mauritius/video/not_augmented/cull2_green_bg/head/224/occ/raw/span_matched/20230831_164728/m--20230831_164728--f001080.jpg,20230831_164728,mauritius,original,video,False,train,882.9538224775164
data/processed/mauritius/video/not_augmented/cull2_green_bg/head/224/occ/raw/span_matched/20230831_164728/m--20230831_164728--f001082.jpg,20230831_164728,mauritius,original,video,False,train,1087.4171316948398
data/processed/mauritius/video/not_augmented/cull2_green_bg/head/224/occ/raw/span_matched/20230831_165242/m--20230831_165242--f000148.jpg,20230831_165242,mauritius,original,video,False,train,174.04627709823666
data/processed/mauritius/video/not_augmented/cull2_green_bg/head/224/occ/raw/span_matched/20230831_165242/m--20230831_165242--f000150.jpg,20230831_165242,mauritius,original,video,False,train,177.79219147603945
data/processed/mauritius/video/not_augmented/cull2_green_bg/head/224/occ/raw/span_matched/20230831_165242/m--20230831_165242--f000154.jpg,20230831_165242,mauritius,original,video,False,train,169.90784433055848
data/processed/mauritius/video/not_augmented/cull2_green_bg/head/224/occ/raw/span_matched/20230831_165242/m--20230831_165242--f000156.jpg,20230831_165242,mauritius,original,video,False,train,152.50671635802115
data/processed/mauritius/video/not_augmented/cull2_green_bg/head/224/occ/raw/span_matched/20230831_165242/m--20230831_165242--f000158.jpg,20230831_165242,mauritius,original,video,False,train,171.81787114300263
data/processed/mauritius/video/not_augmented/cull2_green_bg/head/224/occ/raw/span_matched/20230831_165242/m--20230831_165242--f000160.jpg,20230831_165242,mauritius,original,video,False,train,150.6839710344428
data/processed/mauritius/video/not_augmented/cull2_green_bg/head/224/occ/raw/span_matched/20230831_165242/m--20230831_165242--f000162.jpg,20230831_165242,mauritius,original,video,False,train,138.47134017944336
data/processed/mauritius/video/not_augmented/cull2_green_bg/head/224/occ/raw/span_matched/20230831_165242/m--20230831_165242--f000200.jpg,20230831_165242,mauritius,original,video,False,train,368.1586814413265
data/processed/mauritius/video/not_augmented/cull2_green_bg/head/224/occ/raw/span_matched/20230831_165242/m--20230831_165242--f000202.jpg,20230831_165242,mauritius,original,video,False,train,709.7632334120121
data/processed/mauritius/video/not_augmented/cull2_green_bg/head/224/occ/raw/span_matched/20230831_165242/m--20230831_165242--f000204.jpg,20230831_165242,mauritius,original,video,False,train,695.3031728300439
data/processed/mauritius/video/not_augmented/cull2_green_bg/head/224/occ/raw/span_matched/20230831_165242/m--20230831_165242--f000212.jpg,20230831_165242,mauritius,original,video,False,train,624.2894810168559
data/processed/mauritius/video/not_augmented/cull2_green_bg/head/224/occ/raw/span_matched/20230831_165242/m--20230831_165242--f000214.jpg,20230831_165242,mauritius,original,video,False,train,542.6340680704272
data/processed/mauritius/video/not_augmented/cull2_green_bg/head/224/occ/raw/span_matched/20230831_165242/m--20230831_165242--f000216.jpg,20230831_165242,mauritius,original,video,False,train,863.636778249983
data/processed/mauritius/video/not_augmented/cull2_green_bg/head/224/occ/raw/span_matched/20230831_165242/m--20230831_165242--f000218.jpg,20230831_165242,mauritius,original,video,False,train,1234.8371133510395
data/processed/mauritius/video/not_augmented/cull2_green_bg/head/224/occ/raw/span_matched/20230831_165242/m--20230831_165242--f000220.jpg,20230831_165242,mauritius,original,video,False,train,1418.256397413741
data/processed/mauritius/video/not_augmented/cull2_green_bg/head/224/occ/raw/span_matched/20230831_165242/m--20230831_165242--f000222.jpg,20230831_165242,mauritius,original,video,False,train,760.9103752300671
data/processed/mauritius/video/not_augmented/cull2_green_bg/head/224/occ/raw/span_matched/20230831_165242/m--20230831_165242--f000224.jpg,20230831_165242,mauritius,original,video,False,train,606.0775270791711
data/processed/mauritius/video/not_augmented/cull2_green_bg/head/224/occ/raw/span_matched/20230831_165242/m--20230831_165242--f000226.jpg,20230831_165242,mauritius,original,video,False,train,592.9383967950512
data/processed/mauritius/video/not_augmented/cull2_green_bg/head/224/occ/raw/span_matched/20230831_165242/m--20230831_165242--f000228.jpg,20230831_165242,mauritius,original,video,False,train,637.3972417028284
data/processed/mauritius/video/not_augmented/cull2_green_bg/head/224/occ/raw/span_matched/20230831_165242/m--20230831_165242--f000230.jpg,20230831_165242,mauritius,original,video,False,train,726.7926100127551
data/processed/mauritius/video/not_augmented/cull2_green_bg/head/224/occ/raw/span_matched/20230831_165242/m--20230831_165242--f000232.jpg,20230831_165242,mauritius,original,video,False,train,1536.3533960395634
data/processed/mauritius/video/not_augmented/cull2_green_bg/head/224/occ/raw/span_matched/20230831_165242/m--20230831_165242--f000234.jpg,20230831_165242,mauritius,original,video,False,train,1537.3321507893618
data/processed/mauritius/video/not_augmented/cull2_green_bg/head/224/occ/raw/span_matched/20230831_165242/m--20230831_165242--f000236.jpg,20230831_165242,mauritius,original,video,False,train,1459.0582350064
data/processed/mauritius/video/not_augmented/cull2_green_bg/head/224/occ/raw/span_matched/20230831_165242/m--20230831_165242--f000238.jpg,20230831_165242,mauritius,original,video,False,train,1123.183274872449
data/processed/mauritius/video/not_augmented/cull2_green_bg/head/224/occ/raw/span_matched/20230831_165242/m--20230831_165242--f000240.jpg,20230831_165242,mauritius,original,video,False,train,1315.5415537304702
data/processed/mauritius/video/not_augmented/cull2_green_bg/head/224/occ/raw/span_matched/20230831_165242/m--20230831_165242--f000242.jpg,20230831_165242,mauritius,original,video,False,train,1612.805285381109
data/processed/mauritius/video/not_augmented/cull2_green_bg/head/224/occ/raw/span_matched/20230831_165242/m--20230831_165242--f000244.jpg,20230831_165242,mauritius,original,video,False,train,1492.8334661989795
data/processed/mauritius/video/not_augmented/cull2_green_bg/head/224/occ/raw/span_matched/20230831_165242/m--20230831_165242--f000246.jpg,20230831_165242,mauritius,original,video,False,train,1208.089863669917
data/processed/mauritius/video/not_augmented/cull2_green_bg/head/224/occ/raw/span_matched/20230831_165242/m--20230831_165242--f000248.jpg,20230831_165242,mauritius,original,video,False,train,838.9836574476594
data/processed/mauritius/video/not_augmented/cull2_green_bg/head/224/occ/raw/span_matched/20230831_165242/m--20230831_165242--f000250.jpg,20230831_165242,mauritius,original,video,False,train,769.6139388868878
data/processed/mauritius/video/not_augmented/cull2_green_bg/head/224/occ/raw/span_matched/20230831_165242/m--20230831_165242--f000252.jpg,20230831_165242,mauritius,original,video,False,train,712.0378268097701
data/processed/mauritius/video/not_augmented/cull2_green_bg/head/224/occ/raw/span_matched/20230831_165242/m--20230831_165242--f000254.jpg,20230831_165242,mauritius,original,video,False,train,710.1429567027222
data/processed/mauritius/video/not_augmented/cull2_green_bg/head/224/occ/raw/span_matched/20230831_165242/m--20230831_165242--f000256.jpg,20230831_165242,mauritius,original,video,False,train,789.248146504772
data/processed/mauritius/video/not_augmented/cull2_green_bg/head/224/occ/raw/span_matched/20230831_165242/m--20230831_165242--f000258.jpg,20230831_165242,mauritius,original,video,False,train,712.0445631123346
data/processed/mauritius/video/not_augmented/cull2_green_bg/head/224/occ/raw/span_matched/20230831_165242/m--20230831_165242--f000260.jpg,20230831_165242,mauritius,original,video,False,train,253.12402332270955
data/processed/mauritius/video/not_augmented/cull2_green_bg/head/224/occ/raw/span_matched/20230831_165242/m--20230831_165242--f000262.jpg,20230831_165242,mauritius,original,video,False,train,159.3032326112435
data/processed/mauritius/video/not_augmented/cull2_green_bg/head/224/occ/raw/span_matched/20230831_165242/m--20230831_165242--f000264.jpg,20230831_165242,mauritius,original,video,False,train,129.46560108418367
data/processed/mauritius/video/not_augmented/cull2_green_bg/head/224/occ/raw/span_matched/20230831_165242/m--20230831_165242--f000266.jpg,20230831_165242,mauritius,original,video,False,train,130.68490911830918
data/processed/mauritius/video/not_augmented/cull2_green_bg/head/224/occ/raw/span_matched/20230831_165242/m--20230831_165242--f000268.jpg,20230831_165242,mauritius,original,video,False,train,119.20631377551021
data/processed/mauritius/video/not_augmented/cull2_green_bg/head/224/occ/raw/span_matched/20230831_165242/m--20230831_165242--f000582.jpg,20230831_165242,mauritius,original,video,False,train,151.3293887594748
data/processed/mauritius/video/not_augmented/cull2_green_bg/head/224/occ/raw/span_matched/20230831_165242/m--20230831_165242--f000584.jpg,20230831_165242,mauritius,original,video,False,train,174.5932517216534
data/processed/mauritius/video/not_augmented/cull2_green_bg/head/224/occ/raw/span_matched/20230831_165242/m--20230831_165242--f000586.jpg,20230831_165242,mauritius,original,video,False,train,256.84185652115207
data/processed/mauritius/video/not_augmented/cull2_green_bg/head/224/occ/raw/span_matched/20230831_165242/m--20230831_165242--f000588.jpg,20230831_165242,mauritius,original,video,False,train,272.475286911945
data/processed/mauritius/video/not_augmented/cull2_green_bg/head/224/occ/raw/span_matched/20230831_165242/m--20230831_165242--f000594.jpg,20230831_165242,mauritius,original,video,False,train,323.5176179831051
data/processed/mauritius/video/not_augmented/cull2_green_bg/head/224/occ/raw/span_matched/20230831_165242/m--20230831_165242--f001102.jpg,20230831_165242,mauritius,original,video,False,train,856.5388432681088
data/processed/mauritius/video/not_augmented/cull2_green_bg/head/224/occ/raw/span_matched/20230831_165242/m--20230831_165242--f001104.jpg,20230831_165242,mauritius,original,video,False,train,1067.0928332206859
data/processed/mauritius/video/not_augmented/cull2_green_bg/head/224/occ/raw/span_matched/20230831_165242/m--20230831_165242--f001106.jpg,20230831_165242,mauritius,original,video,False,train,820.1763791390529
data/processed/mauritius/video/not_augmented/cull2_green_bg/head/224/occ/raw/span_matched/20230831_165242/m--20230831_165242--f001108.jpg,20230831_165242,mauritius,original,video,False,train,1064.5995695010072
data/processed/mauritius/video/not_augmented/cull2_green_bg/head/224/occ/raw/span_matched/20230831_165242/m--20230831_165242--f001110.jpg,20230831_165242,mauritius,original,video,False,train,1059.2387595266064
data/processed/mauritius/video/not_augmented/cull2_green_bg/head/224/occ/raw/span_matched/20230831_165242/m--20230831_165242--f001112.jpg,20230831_165242,mauritius,original,video,False,train,1276.9478236035177
data/processed/mauritius/video/not_augmented/cull2_green_bg/head/224/occ/raw/span_matched/20230831_165242/m--20230831_165242--f001114.jpg,20230831_165242,mauritius,original,video,False,train,1322.6250594554967
data/processed/mauritius/video/not_augmented/cull2_green_bg/head/224/occ/raw/span_matched/20230831_165242/m--20230831_165242--f001116.jpg,20230831_165242,mauritius,original,video,False,train,1404.9040974748475
data/processed/mauritius/video/not_augmented/cull2_green_bg/head/224/occ/raw/span_matched/20230831_165242/m--20230831_165242--f001118.jpg,20230831_165242,mauritius,original,video,False,train,1387.9361048328635
data/processed/mauritius/video/not_augmented/cull2_green_bg/head/224/occ/raw/span_matched/20230831_165242/m--20230831_165242--f001120.jpg,20230831_165242,mauritius,original,video,False,train,1326.1767179492313
data/processed/mauritius/video/not_augmented/cull2_green_bg/head/224/occ/raw/span_matched/20230831_165242/m--20230831_165242--f001122.jpg,20230831_165242,mauritius,original,video,False,train,1330.0662866454977
data/processed/mauritius/video/not_augmented/cull2_green_bg/head/224/occ/raw/span_matched/20230831_165242/m--20230831_165242--f001124.jpg,20230831_165242,mauritius,original,video,False,train,1231.16539779617
data/processed/mauritius/video/not_augmented/cull2_green_bg/head/224/occ/raw/span_matched/20230831_165242/m--20230831_165242--f001126.jpg,20230831_165242,mauritius,original,video,False,train,1034.314054521706
data/processed/mauritius/video/not_augmented/cull2_green_bg/head/224/occ/raw/span_matched/20230831_165242/m--20230831_165242--f001128.jpg,20230831_165242,mauritius,original,video,False,train,970.5540896045918
data/processed/mauritius/video/not_augmented/cull2_green_bg/head/224/occ/raw/span_matched/20230831_165242/m--20230831_165242--f001130.jpg,20230831_165242,mauritius,original,video,False,train,1133.4596819192454
data/processed/mauritius/video/not_augmented/cull2_green_bg/head/224/occ/raw/span_matched/20230831_165242/m--20230831_165242--f001132.jpg,20230831_165242,mauritius,original,video,False,train,1196.494838026254
data/processed/mauritius/video/not_augmented/cull2_green_bg/head/224/occ/raw/span_matched/20230831_165242/m--20230831_165242--f001134.jpg,20230831_165242,mauritius,original,video,False,train,1276.7018295563742
data/processed/mauritius/video/not_augmented/cull2_green_bg/head/224/occ/raw/span_matched/20230831_165242/m--20230831_165242--f001136.jpg,20230831_165242,mauritius,original,video,False,train,1236.0680006123343
data/processed/mauritius/video/not_augmented/cull2_green_bg/head/224/occ/raw/span_matched/20230831_165242/m--20230831_165242--f001138.jpg,20230831_165242,mauritius,original,video,False,train,920.471301014053
data/processed/mauritius/video/not_augmented/cull2_green_bg/head/224/occ/raw/span_matched/20230831_165242/m--20230831_165242--f001452.jpg,20230831_165242,mauritius,original,video,False,train,490.628885776388
data/processed/mauritius/video/not_augmented/cull2_green_bg/head/224/occ/raw/span_matched/20230831_165242/m--20230831_165242--f001454.jpg,20230831_165242,mauritius,original,video,False,train,299.8813563306746
data/processed/mauritius/video/not_augmented/cull2_green_bg/head/224/occ/raw/span_matched/20230831_165242/m--20230831_165242--f001456.jpg,20230831_165242,mauritius,original,video,False,train,433.41388209826334
data/processed/mauritius/video/not_augmented/cull2_green_bg/head/224/occ/raw/span_matched/20230831_165242/m--20230831_165242--f001458.jpg,20230831_165242,mauritius,original,video,False,train,1073.5322838099685
data/processed/mauritius/video/not_augmented/cull2_green_bg/head/224/occ/raw/span_matched/20230831_165242/m--20230831_165242--f001460.jpg,20230831_165242,mauritius,original,video,False,train,782.5773615584877
data/processed/mauritius/video/not_augmented/cull2_green_bg/head/224/occ/raw/span_matched/20230831_165242/m--20230831_165242--f001462.jpg,20230831_165242,mauritius,original,video,False,train,663.9074646875491
data/processed/mauritius/video/not_augmented/cull2_green_bg/head/224/occ/raw/span_matched/20230831_165242/m--20230831_165242--f001464.jpg,20230831_165242,mauritius,original,video,False,train,282.9110123560062
data/processed/mauritius/video/not_augmented/cull2_green_bg/head/224/occ/raw/span_matched/20230831_165242/m--20230831_165242--f001466.jpg,20230831_165242,mauritius,original,video,False,train,289.56407342479406
data/processed/mauritius/video/not_augmented/cull2_green_bg/head/224/occ/raw/span_matched/20230902_054933/m--20230902_054933--f000190.jpg,20230902_054933,mauritius,original,video,False,train,342.168227837613
data/processed/mauritius/video/not_augmented/cull2_green_bg/head/224/occ/raw/span_matched/20230902_054933/m--20230902_054933--f000192.jpg,20230902_054933,mauritius,original,video,False,train,312.4943199900477
data/processed/mauritius/video/not_augmented/cull2_green_bg/head/224/occ/raw/span_matched/20230902_054933/m--20230902_054933--f000194.jpg,20230902_054933,mauritius,original,video,False,train,382.55761716803727
data/processed/mauritius/video/not_augmented/cull2_green_bg/head/224/occ/raw/span_matched/20230902_054933/m--20230902_054933--f000196.jpg,20230902_054933,mauritius,original,video,False,train,332.1196986591255
data/processed/mauritius/video/not_augmented/cull2_green_bg/head/224/occ/raw/span_matched/20230902_054933/m--20230902_054933--f000198.jpg,20230902_054933,mauritius,original,video,False,train,385.8269292091837
data/processed/mauritius/video/not_augmented/cull2_green_bg/head/224/occ/raw/span_matched/20230902_054933/m--20230902_054933--f000222.jpg,20230902_054933,mauritius,original,video,False,train,697.456134387425
data/processed/mauritius/video/not_augmented/cull2_green_bg/head/224/occ/raw/span_matched/20230902_054933/m--20230902_054933--f000224.jpg,20230902_054933,mauritius,original,video,False,train,591.6687858733272
data/processed/mauritius/video/not_augmented/cull2_green_bg/head/224/occ/raw/span_matched/20230902_054933/m--20230902_054933--f000226.jpg,20230902_054933,mauritius,original,video,False,train,678.7802535012979
data/processed/mauritius/video/not_augmented/cull2_green_bg/head/224/occ/raw/span_matched/20230902_054933/m--20230902_054933--f000232.jpg,20230902_054933,mauritius,original,video,False,train,693.3631616709183
data/processed/mauritius/video/not_augmented/cull2_green_bg/head/224/occ/raw/span_matched/20230902_054933/m--20230902_054933--f000234.jpg,20230902_054933,mauritius,original,video,False,train,732.7877670563742
data/processed/mauritius/video/not_augmented/cull2_green_bg/head/224/occ/raw/span_matched/20230902_054933/m--20230902_054933--f000236.jpg,20230902_054933,mauritius,original,video,False,train,754.5548867587495
data/processed/mauritius/video/not_augmented/cull2_green_bg/head/224/occ/raw/span_matched/20230902_054933/m--20230902_054933--f000238.jpg,20230902_054933,mauritius,original,video,False,train,697.2530492661845
data/processed/mauritius/video/not_augmented/cull2_green_bg/head/224/occ/raw/span_matched/20230902_054933/m--20230902_054933--f000240.jpg,20230902_054933,mauritius,original,video,False,train,729.436224450076
data/processed/mauritius/video/not_augmented/cull2_green_bg/head/224/occ/raw/span_matched/20230902_054933/m--20230902_054933--f000242.jpg,20230902_054933,mauritius,original,video,False,train,794.3178810586735
data/processed/mauritius/video/not_augmented/cull2_green_bg/head/224/occ/raw/span_matched/20230902_054933/m--20230902_054933--f000244.jpg,20230902_054933,mauritius,original,video,False,train,549.2911352040817
data/processed/mauritius/video/not_augmented/cull2_green_bg/head/224/occ/raw/span_matched/20230902_054933/m--20230902_054933--f000250.jpg,20230902_054933,mauritius,original,video,False,train,740.6307198561416
data/processed/mauritius/video/not_augmented/cull2_green_bg/head/224/occ/raw/span_matched/20230902_054933/m--20230902_054933--f000972.jpg,20230902_054933,mauritius,original,video,False,train,351.16280690971297
data/processed/mauritius/video/not_augmented/cull2_green_bg/head/224/occ/raw/span_matched/20230902_054933/m--20230902_054933--f000974.jpg,20230902_054933,mauritius,original,video,False,train,409.4014269627417
data/processed/mauritius/video/not_augmented/cull2_green_bg/head/224/occ/raw/span_matched/20230902_054933/m--20230902_054933--f000976.jpg,20230902_054933,mauritius,original,video,False,train,404.70689153095327
data/processed/mauritius/video/not_augmented/cull2_green_bg/head/224/occ/raw/span_matched/20230902_054933/m--20230902_054933--f000978.jpg,20230902_054933,mauritius,original,video,False,train,439.46482370536256
data/processed/mauritius/video/not_augmented/cull2_green_bg/head/224/occ/raw/span_matched/20230902_054933/m--20230902_054933--f000980.jpg,20230902_054933,mauritius,original,video,False,train,501.3539536224708
data/processed/mauritius/video/not_augmented/cull2_green_bg/head/224/occ/raw/span_matched/20230902_054933/m--20230902_054933--f000982.jpg,20230902_054933,mauritius,original,video,False,train,475.32730785681287
data/processed/mauritius/video/not_augmented/cull2_green_bg/head/224/occ/raw/span_matched/20230902_054933/m--20230902_054933--f001100.jpg,20230902_054933,mauritius,original,video,False,train,861.4391141424373
data/processed/mauritius/video/not_augmented/cull2_green_bg/head/224/occ/raw/span_matched/20230902_054933/m--20230902_054933--f001102.jpg,20230902_054933,mauritius,original,video,False,train,793.5670838584407
data/processed/mauritius/video/not_augmented/cull2_green_bg/head/224/occ/raw/span_matched/20230902_054933/m--20230902_054933--f001104.jpg,20230902_054933,mauritius,original,video,False,train,863.4619738456856
data/processed/mauritius/video/not_augmented/cull2_green_bg/head/224/occ/raw/span_matched/20230902_054933/m--20230902_054933--f001106.jpg,20230902_054933,mauritius,original,video,False,train,894.6618501721993
data/processed/mauritius/video/not_augmented/cull2_green_bg/head/224/occ/raw/span_matched/20230902_054933/m--20230902_054933--f001370.jpg,20230902_054933,mauritius,original,video,False,train,847.9146403221721
data/processed/mauritius/video/not_augmented/cull2_green_bg/head/224/occ/raw/span_matched/20230902_054933/m--20230902_054933--f001372.jpg,20230902_054933,mauritius,original,video,False,train,526.021982554047
data/processed/mauritius/video/not_augmented/cull2_green_bg/head/224/occ/raw/span_matched/20230902_054933/m--20230902_054933--f001374.jpg,20230902_054933,mauritius,original,video,False,train,569.0013750700691
data/processed/mauritius/video/not_augmented/cull2_green_bg/head/224/occ/raw/span_matched/20230902_054933/m--20230902_054933--f001376.jpg,20230902_054933,mauritius,original,video,False,train,504.76102117318413
data/processed/mauritius/video/not_augmented/cull2_green_bg/head/224/occ/raw/span_matched/20230902_054933/m--20230902_054933--f001378.jpg,20230902_054933,mauritius,original,video,False,train,380.6209940908353
data/processed/mauritius/video/not_augmented/cull2_green_bg/head/224/occ/raw/span_matched/20230907_195130/m--20230907_195130--f000152.jpg,20230907_195130,mauritius,original,video,False,test,544.8550102741507
data/processed/mauritius/video/not_augmented/cull2_green_bg/head/224/occ/raw/span_matched/20230907_195130/m--20230907_195130--f000154.jpg,20230907_195130,mauritius,original,video,False,test,620.7737363329135
data/processed/mauritius/video/not_augmented/cull2_green_bg/head/224/occ/raw/span_matched/20230907_195130/m--20230907_195130--f000156.jpg,20230907_195130,mauritius,original,video,False,test,678.4048548090315
data/processed/mauritius/video/not_augmented/cull2_green_bg/head/224/occ/raw/span_matched/20230907_195130/m--20230907_195130--f000158.jpg,20230907_195130,mauritius,original,video,False,test,709.5612642922932
data/processed/mauritius/video/not_augmented/cull2_green_bg/head/224/occ/raw/span_matched/20230907_195130/m--20230907_195130--f000160.jpg,20230907_195130,mauritius,original,video,False,test,751.5726442599189
data/processed/mauritius/video/not_augmented/cull2_green_bg/head/224/occ/raw/span_matched/20230907_195130/m--20230907_195130--f000162.jpg,20230907_195130,mauritius,original,video,False,test,884.2559987087639
data/processed/mauritius/video/not_augmented/cull2_green_bg/head/224/occ/raw/span_matched/20230907_195130/m--20230907_195130--f000164.jpg,20230907_195130,mauritius,original,video,False,test,875.3139947190576
data/processed/mauritius/video/not_augmented/cull2_green_bg/head/224/occ/raw/span_matched/20230907_195130/m--20230907_195130--f000166.jpg,20230907_195130,mauritius,original,video,False,test,885.2520903996852
data/processed/mauritius/video/not_augmented/cull2_green_bg/head/224/occ/raw/span_matched/20230907_195130/m--20230907_195130--f000168.jpg,20230907_195130,mauritius,original,video,False,test,961.9725167311414
data/processed/mauritius/video/not_augmented/cull2_green_bg/head/224/occ/raw/span_matched/20230907_195130/m--20230907_195130--f000170.jpg,20230907_195130,mauritius,original,video,False,test,928.2792370183327
data/processed/mauritius/video/not_augmented/cull2_green_bg/head/224/occ/raw/span_matched/20230907_195130/m--20230907_195130--f000172.jpg,20230907_195130,mauritius,original,video,False,test,930.7581114155312
data/processed/mauritius/video/not_augmented/cull2_green_bg/head/224/occ/raw/span_matched/20230907_195130/m--20230907_195130--f000174.jpg,20230907_195130,mauritius,original,video,False,test,915.1393088611252
data/processed/mauritius/video/not_augmented/cull2_green_bg/head/224/occ/raw/span_matched/20230907_195130/m--20230907_195130--f000176.jpg,20230907_195130,mauritius,original,video,False,test,1032.015345904292
data/processed/mauritius/video/not_augmented/cull2_green_bg/head/224/occ/raw/span_matched/20230907_195130/m--20230907_195130--f000178.jpg,20230907_195130,mauritius,original,video,False,test,982.9443489465549
data/processed/mauritius/video/not_augmented/cull2_green_bg/head/224/occ/raw/span_matched/20230907_195130/m--20230907_195130--f000180.jpg,20230907_195130,mauritius,original,video,False,test,1054.5240353938193
data/processed/mauritius/video/not_augmented/cull2_green_bg/head/224/occ/raw/span_matched/20230907_195130/m--20230907_195130--f000182.jpg,20230907_195130,mauritius,original,video,False,test,1095.589225892572
data/processed/mauritius/video/not_augmented/cull2_green_bg/head/224/occ/raw/span_matched/20230907_195130/m--20230907_195130--f000184.jpg,20230907_195130,mauritius,original,video,False,test,1074.9885403376131
data/processed/mauritius/video/not_augmented/cull2_green_bg/head/224/occ/raw/span_matched/20230907_195130/m--20230907_195130--f000186.jpg,20230907_195130,mauritius,original,video,False,test,1050.319176409355
data/processed/mauritius/video/not_augmented/cull2_green_bg/head/224/occ/raw/span_matched/20230907_195130/m--20230907_195130--f000188.jpg,20230907_195130,mauritius,original,video,False,test,1014.6443717969253
data/processed/mauritius/video/not_augmented/cull2_green_bg/head/224/occ/raw/span_matched/20230907_195130/m--20230907_195130--f000190.jpg,20230907_195130,mauritius,original,video,False,test,904.3106662618375
data/processed/mauritius/video/not_augmented/cull2_green_bg/head/224/occ/raw/span_matched/20230907_195130/m--20230907_195130--f000192.jpg,20230907_195130,mauritius,original,video,False,test,816.9405890782144
data/processed/mauritius/video/not_augmented/cull2_green_bg/head/224/occ/raw/span_matched/20230907_195130/m--20230907_195130--f000194.jpg,20230907_195130,mauritius,original,video,False,test,679.2191884169127
data/processed/mauritius/video/not_augmented/cull2_green_bg/head/224/occ/raw/span_matched/20230907_195130/m--20230907_195130--f000196.jpg,20230907_195130,mauritius,original,video,False,test,630.7370655289394
data/processed/mauritius/video/not_augmented/cull2_green_bg/head/224/occ/raw/span_matched/20230907_195130/m--20230907_195130--f000198.jpg,20230907_195130,mauritius,original,video,False,test,558.0005779333882
data/processed/mauritius/video/not_augmented/cull2_green_bg/head/224/occ/raw/span_matched/20230907_195130/m--20230907_195130--f000200.jpg,20230907_195130,mauritius,original,video,False,test,539.2428252535132
data/processed/mauritius/video/not_augmented/cull2_green_bg/head/224/occ/raw/span_matched/20230907_195130/m--20230907_195130--f000202.jpg,20230907_195130,mauritius,original,video,False,test,546.983119409713
data/processed/mauritius/video/not_augmented/cull2_green_bg/head/224/occ/raw/span_matched/20230907_195130/m--20230907_195130--f000204.jpg,20230907_195130,mauritius,original,video,False,test,511.8575414397825
data/processed/mauritius/video/not_augmented/cull2_green_bg/head/224/occ/raw/span_matched/20230907_195130/m--20230907_195130--f000206.jpg,20230907_195130,mauritius,original,video,False,test,495.03121008310944
data/processed/mauritius/video/not_augmented/cull2_green_bg/head/224/occ/raw/span_matched/20230907_195130/m--20230907_195130--f000208.jpg,20230907_195130,mauritius,original,video,False,test,475.55157831518517
data/processed/mauritius/video/not_augmented/cull2_green_bg/head/224/occ/raw/span_matched/20230907_195130/m--20230907_195130--f000210.jpg,20230907_195130,mauritius,original,video,False,test,454.3116230724355
data/processed/mauritius/video/not_augmented/cull2_green_bg/head/224/occ/raw/span_matched/20230907_195130/m--20230907_195130--f000212.jpg,20230907_195130,mauritius,original,video,False,test,460.554448316416
data/processed/mauritius/video/not_augmented/cull2_green_bg/head/224/occ/raw/span_matched/20230907_195130/m--20230907_195130--f000214.jpg,20230907_195130,mauritius,original,video,False,test,409.65072943200073
data/processed/mauritius/video/not_augmented/cull2_green_bg/head/224/occ/raw/span_matched/20230907_195130/m--20230907_195130--f000216.jpg,20230907_195130,mauritius,original,video,False,test,413.9936224092597
data/processed/mauritius/video/not_augmented/cull2_green_bg/head/224/occ/raw/span_matched/20230907_195130/m--20230907_195130--f000218.jpg,20230907_195130,mauritius,original,video,False,test,388.93203916474215
data/processed/mauritius/video/not_augmented/cull2_green_bg/head/224/occ/raw/span_matched/20230907_195130/m--20230907_195130--f000220.jpg,20230907_195130,mauritius,original,video,False,test,366.3678451368879
data/processed/mauritius/video/not_augmented/cull2_green_bg/head/224/occ/raw/span_matched/20230907_195130/m--20230907_195130--f000222.jpg,20230907_195130,mauritius,original,video,False,test,339.87936460430655
data/processed/mauritius/video/not_augmented/cull2_green_bg/head/224/occ/raw/span_matched/20230907_195130/m--20230907_195130--f000224.jpg,20230907_195130,mauritius,original,video,False,test,412.47877470943547
data/processed/mauritius/video/not_augmented/cull2_green_bg/head/224/occ/raw/span_matched/20230907_195130/m--20230907_195130--f000226.jpg,20230907_195130,mauritius,original,video,False,test,626.3543924985455
data/processed/mauritius/video/not_augmented/cull2_green_bg/head/224/occ/raw/span_matched/20230907_195130/m--20230907_195130--f000228.jpg,20230907_195130,mauritius,original,video,False,test,1079.450254790637
data/processed/mauritius/video/not_augmented/cull2_green_bg/head/224/occ/raw/span_matched/20230907_195130/m--20230907_195130--f000230.jpg,20230907_195130,mauritius,original,video,False,test,765.9671356788232
data/processed/mauritius/video/not_augmented/cull2_green_bg/head/224/occ/raw/span_matched/20230907_195130/m--20230907_195130--f000232.jpg,20230907_195130,mauritius,original,video,False,test,782.3617665673335
data/processed/mauritius/video/not_augmented/cull2_green_bg/head/224/occ/raw/span_matched/20230907_195130/m--20230907_195130--f001282.jpg,20230907_195130,mauritius,original,video,False,test,376.2431427027373
data/processed/mauritius/video/not_augmented/cull2_green_bg/head/224/occ/raw/span_matched/20230907_195130/m--20230907_195130--f001664.jpg,20230907_195130,mauritius,original,video,False,test,612.7874655701727
data/processed/mauritius/video/not_augmented/cull2_green_bg/head/224/occ/raw/span_matched/20230907_195130/m--20230907_195130--f001666.jpg,20230907_195130,mauritius,original,video,False,test,670.2330311171862
data/processed/mauritius/video/not_augmented/cull2_green_bg/head/224/occ/raw/span_matched/20230907_195130/m--20230907_195130--f001668.jpg,20230907_195130,mauritius,original,video,False,test,657.7519929274973
data/processed/mauritius/video/not_augmented/cull2_green_bg/head/224/occ/raw/span_matched/20230907_195130/m--20230907_195130--f001670.jpg,20230907_195130,mauritius,original,video,False,test,540.694415646958
data/processed/mauritius/video/not_augmented/cull2_green_bg/head/224/occ/raw/span_matched/20230907_195130/m--20230907_195130--f001932.jpg,20230907_195130,mauritius,original,video,False,test,829.6808832653957
data/processed/mauritius/video/not_augmented/cull2_green_bg/head/224/occ/raw/span_matched/20230907_195130/m--20230907_195130--f001934.jpg,20230907_195130,mauritius,original,video,False,test,606.6902303886334
data/processed/mauritius/video/not_augmented/cull2_green_bg/head/224/occ/raw/span_matched/20230907_195130/m--20230907_195130--f001936.jpg,20230907_195130,mauritius,original,video,False,test,487.0276825379353
data/processed/mauritius/video/not_augmented/cull2_green_bg/head/224/occ/raw/span_matched/20230907_195130/m--20230907_195130--f001938.jpg,20230907_195130,mauritius,original,video,False,test,544.8624043351458
data/processed/mauritius/video/not_augmented/cull2_green_bg/head/224/occ/raw/span_matched/20230907_195130/m--20230907_195130--f001940.jpg,20230907_195130,mauritius,original,video,False,test,585.3922791578332
data/processed/mauritius/video/not_augmented/cull2_green_bg/head/224/occ/raw/span_matched/20230907_195130/m--20230907_195130--f001942.jpg,20230907_195130,mauritius,original,video,False,test,607.5335020627742
data/processed/mauritius/video/not_augmented/cull2_green_bg/head/224/occ/raw/span_matched/20230907_195130/m--20230907_195130--f001944.jpg,20230907_195130,mauritius,original,video,False,test,633.9995017502519
data/processed/mauritius/video/not_augmented/cull2_green_bg/head/224/occ/raw/span_matched/20230907_195130/m--20230907_195130--f001946.jpg,20230907_195130,mauritius,original,video,False,test,716.4960538903061
data/processed/mauritius/video/not_augmented/cull2_green_bg/head/224/occ/raw/span_matched/20230907_195130/m--20230907_195130--f001948.jpg,20230907_195130,mauritius,original,video,False,test,692.1825573963704
data/processed/mauritius/video/not_augmented/cull2_green_bg/head/224/occ/raw/span_matched/20230907_203553/m--20230907_203553--f000160.jpg,20230907_203553,mauritius,original,video,False,train,201.42482459192627
data/processed/mauritius/video/not_augmented/cull2_green_bg/head/224/occ/raw/span_matched/20230907_203553/m--20230907_203553--f000162.jpg,20230907_203553,mauritius,original,video,False,train,219.23630819475588
data/processed/mauritius/video/not_augmented/cull2_green_bg/head/224/occ/raw/span_matched/20230907_203553/m--20230907_203553--f000164.jpg,20230907_203553,mauritius,original,video,False,train,279.89315607109853
data/processed/mauritius/video/not_augmented/cull2_green_bg/head/224/occ/raw/span_matched/20230907_203553/m--20230907_203553--f000166.jpg,20230907_203553,mauritius,original,video,False,train,308.11896319113293
data/processed/mauritius/video/not_augmented/cull2_green_bg/head/224/occ/raw/span_matched/20230907_203553/m--20230907_203553--f000168.jpg,20230907_203553,mauritius,original,video,False,train,441.57529947669343
data/processed/mauritius/video/not_augmented/cull2_green_bg/head/224/occ/raw/span_matched/20230907_203553/m--20230907_203553--f000170.jpg,20230907_203553,mauritius,original,video,False,train,421.25839032217243
data/processed/mauritius/video/not_augmented/cull2_green_bg/head/224/occ/raw/span_matched/20230907_203553/m--20230907_203553--f000172.jpg,20230907_203553,mauritius,original,video,False,train,368.78778697549683
data/processed/mauritius/video/not_augmented/cull2_green_bg/head/224/occ/raw/span_matched/20230907_203553/m--20230907_203553--f000174.jpg,20230907_203553,mauritius,original,video,False,train,356.09648036956787
data/processed/mauritius/video/not_augmented/cull2_green_bg/head/224/occ/raw/span_matched/20230907_203553/m--20230907_203553--f000176.jpg,20230907_203553,mauritius,original,video,False,train,425.92141659405775
data/processed/mauritius/video/not_augmented/cull2_green_bg/head/224/occ/raw/span_matched/20230907_203553/m--20230907_203553--f000178.jpg,20230907_203553,mauritius,original,video,False,train,757.6142777026269
data/processed/mauritius/video/not_augmented/cull2_green_bg/head/224/occ/raw/span_matched/20230907_203553/m--20230907_203553--f000180.jpg,20230907_203553,mauritius,original,video,False,train,648.5093744791134
data/processed/mauritius/video/not_augmented/cull2_green_bg/head/224/occ/raw/span_matched/20230907_203553/m--20230907_203553--f000182.jpg,20230907_203553,mauritius,original,video,False,train,693.2823458075374
data/processed/mauritius/video/not_augmented/cull2_green_bg/head/224/occ/raw/span_matched/20230907_203553/m--20230907_203553--f000184.jpg,20230907_203553,mauritius,original,video,False,train,743.0754145344612
data/processed/mauritius/video/not_augmented/cull2_green_bg/head/224/occ/raw/span_matched/20230907_203553/m--20230907_203553--f000186.jpg,20230907_203553,mauritius,original,video,False,train,779.9721609141022
data/processed/mauritius/video/not_augmented/cull2_green_bg/head/224/occ/raw/span_matched/20230907_203553/m--20230907_203553--f000188.jpg,20230907_203553,mauritius,original,video,False,train,820.3956234986364
data/processed/mauritius/video/not_augmented/cull2_green_bg/head/224/occ/raw/span_matched/20230907_203553/m--20230907_203553--f000190.jpg,20230907_203553,mauritius,original,video,False,train,1280.8487639353702
data/processed/mauritius/video/not_augmented/cull2_green_bg/head/224/occ/raw/span_matched/20230907_203553/m--20230907_203553--f000192.jpg,20230907_203553,mauritius,original,video,False,train,1426.988993742028
data/processed/mauritius/video/not_augmented/cull2_green_bg/head/224/occ/raw/span_matched/20230907_203553/m--20230907_203553--f000194.jpg,20230907_203553,mauritius,original,video,False,train,1526.4250780806249
data/processed/mauritius/video/not_augmented/cull2_green_bg/head/224/occ/raw/span_matched/20230907_203553/m--20230907_203553--f000196.jpg,20230907_203553,mauritius,original,video,False,train,1227.2903180767826
data/processed/mauritius/video/not_augmented/cull2_green_bg/head/224/occ/raw/span_matched/20230907_203553/m--20230907_203553--f000198.jpg,20230907_203553,mauritius,original,video,False,train,1339.0229193176242
data/processed/mauritius/video/not_augmented/cull2_green_bg/head/224/occ/raw/span_matched/20230907_203553/m--20230907_203553--f000200.jpg,20230907_203553,mauritius,original,video,False,train,1122.139167642256
data/processed/mauritius/video/not_augmented/cull2_green_bg/head/224/occ/raw/span_matched/20230907_203553/m--20230907_203553--f000202.jpg,20230907_203553,mauritius,original,video,False,train,1035.1877959413064
data/processed/mauritius/video/not_augmented/cull2_green_bg/head/224/occ/raw/span_matched/20230907_203553/m--20230907_203553--f000204.jpg,20230907_203553,mauritius,original,video,False,train,1268.2776341146352
data/processed/mauritius/video/not_augmented/cull2_green_bg/head/224/occ/raw/span_matched/20230907_203553/m--20230907_203553--f000206.jpg,20230907_203553,mauritius,original,video,False,train,1481.838360705012
data/processed/mauritius/video/not_augmented/cull2_green_bg/head/224/occ/raw/span_matched/20230907_203553/m--20230907_203553--f000208.jpg,20230907_203553,mauritius,original,video,False,train,1627.1176228167762
data/processed/mauritius/video/not_augmented/cull2_green_bg/head/224/occ/raw/span_matched/20230907_203553/m--20230907_203553--f000210.jpg,20230907_203553,mauritius,original,video,False,train,1700.8727075810332
data/processed/mauritius/video/not_augmented/cull2_green_bg/head/224/occ/raw/span_matched/20230907_203553/m--20230907_203553--f000212.jpg,20230907_203553,mauritius,original,video,False,train,1628.8084708090278
data/processed/mauritius/video/not_augmented/cull2_green_bg/head/224/occ/raw/span_matched/20230907_203553/m--20230907_203553--f000214.jpg,20230907_203553,mauritius,original,video,False,train,1815.1900246841417
data/processed/mauritius/video/not_augmented/cull2_green_bg/head/224/occ/raw/span_matched/20230907_203553/m--20230907_203553--f000216.jpg,20230907_203553,mauritius,original,video,False,train,1865.4440679125169
data/processed/mauritius/video/not_augmented/cull2_green_bg/head/224/occ/raw/span_matched/20230907_203553/m--20230907_203553--f000218.jpg,20230907_203553,mauritius,original,video,False,train,1775.2270408020274
data/processed/mauritius/video/not_augmented/cull2_green_bg/head/224/occ/raw/span_matched/20230907_203553/m--20230907_203553--f000220.jpg,20230907_203553,mauritius,original,video,False,train,1130.3268661304396
data/processed/mauritius/video/not_augmented/cull2_green_bg/head/224/occ/raw/span_matched/20230907_203553/m--20230907_203553--f000222.jpg,20230907_203553,mauritius,original,video,False,train,1278.8380100753893
data/processed/mauritius/video/not_augmented/cull2_green_bg/head/224/occ/raw/span_matched/20230907_203553/m--20230907_203553--f000224.jpg,20230907_203553,mauritius,original,video,False,train,860.2236328121028
data/processed/mauritius/video/not_augmented/cull2_green_bg/head/224/occ/raw/span_matched/20230907_203553/m--20230907_203553--f000226.jpg,20230907_203553,mauritius,original,video,False,train,328.6349648980487
data/processed/mauritius/video/not_augmented/cull2_green_bg/head/224/occ/raw/span_matched/20230907_203553/m--20230907_203553--f000228.jpg,20230907_203553,mauritius,original,video,False,train,228.0137462496807
data/processed/mauritius/video/not_augmented/cull2_green_bg/head/224/occ/raw/span_matched/20230907_203553/m--20230907_203553--f000230.jpg,20230907_203553,mauritius,original,video,False,train,176.68145524715692
data/processed/mauritius/video/not_augmented/cull2_green_bg/head/224/occ/raw/span_matched/20230907_203553/m--20230907_203553--f000232.jpg,20230907_203553,mauritius,original,video,False,train,153.21450492313932
data/processed/mauritius/video/not_augmented/cull2_green_bg/head/224/occ/raw/span_matched/20230907_203553/m--20230907_203553--f000234.jpg,20230907_203553,mauritius,original,video,False,train,137.96930802141515
data/processed/mauritius/video/not_augmented/cull2_green_bg/head/224/occ/raw/span_matched/20230907_203553/m--20230907_203553--f000236.jpg,20230907_203553,mauritius,original,video,False,train,172.24976076398576
data/processed/mauritius/video/not_augmented/cull2_green_bg/head/224/occ/raw/span_matched/20230907_203553/m--20230907_203553--f000238.jpg,20230907_203553,mauritius,original,video,False,train,206.28372129943162
data/processed/mauritius/video/not_augmented/cull2_green_bg/head/224/occ/raw/span_matched/20230911_185250/m--20230911_185250--f000188.jpg,20230911_185250,mauritius,original,video,False,train,860.4284717122104
data/processed/mauritius/video/not_augmented/cull2_green_bg/head/224/occ/raw/span_matched/20230911_185250/m--20230911_185250--f000190.jpg,20230911_185250,mauritius,original,video,False,train,876.5582748470283
data/processed/mauritius/video/not_augmented/cull2_green_bg/head/224/occ/raw/span_matched/20230911_185250/m--20230911_185250--f000194.jpg,20230911_185250,mauritius,original,video,False,train,869.6321747385426
data/processed/mauritius/video/not_augmented/cull2_green_bg/head/224/occ/raw/span_matched/20230911_185250/m--20230911_185250--f000196.jpg,20230911_185250,mauritius,original,video,False,train,914.6527423405836
data/processed/mauritius/video/not_augmented/cull2_green_bg/head/224/occ/raw/span_matched/20230911_185250/m--20230911_185250--f000198.jpg,20230911_185250,mauritius,original,video,False,train,1007.7717631640706
data/processed/mauritius/video/not_augmented/cull2_green_bg/head/224/occ/raw/span_matched/20230911_185250/m--20230911_185250--f000200.jpg,20230911_185250,mauritius,original,video,False,train,1054.111347911458
data/processed/mauritius/video/not_augmented/cull2_green_bg/head/224/occ/raw/span_matched/20230911_185250/m--20230911_185250--f000202.jpg,20230911_185250,mauritius,original,video,False,train,1124.4618540441725
data/processed/mauritius/video/not_augmented/cull2_green_bg/head/224/occ/raw/span_matched/20230911_185250/m--20230911_185250--f000204.jpg,20230911_185250,mauritius,original,video,False,train,1120.806640618645
data/processed/mauritius/video/not_augmented/cull2_green_bg/head/224/occ/raw/span_matched/20230911_185250/m--20230911_185250--f000206.jpg,20230911_185250,mauritius,original,video,False,train,1153.2760881374697
data/processed/mauritius/video/not_augmented/cull2_green_bg/head/224/occ/raw/span_matched/20230911_185250/m--20230911_185250--f000208.jpg,20230911_185250,mauritius,original,video,False,train,1095.0432278344354
data/processed/mauritius/video/not_augmented/cull2_green_bg/head/224/occ/raw/span_matched/20230911_185250/m--20230911_185250--f000210.jpg,20230911_185250,mauritius,original,video,False,train,1034.7862920030261
data/processed/mauritius/video/not_augmented/cull2_green_bg/head/224/occ/raw/span_matched/20230911_185250/m--20230911_185250--f000212.jpg,20230911_185250,mauritius,original,video,False,train,1015.8545120394962
data/processed/mauritius/video/not_augmented/cull2_green_bg/head/224/occ/raw/span_matched/20230911_185250/m--20230911_185250--f000214.jpg,20230911_185250,mauritius,original,video,False,train,947.4992426403957
data/processed/mauritius/video/not_augmented/cull2_green_bg/head/224/occ/raw/span_matched/20230911_185250/m--20230911_185250--f000216.jpg,20230911_185250,mauritius,original,video,False,train,911.0559429655667
data/processed/mauritius/video/not_augmented/cull2_green_bg/head/224/occ/raw/span_matched/20230911_185250/m--20230911_185250--f000218.jpg,20230911_185250,mauritius,original,video,False,train,821.3644370524299
data/processed/mauritius/video/not_augmented/cull2_green_bg/head/224/occ/raw/span_matched/20230911_185250/m--20230911_185250--f000220.jpg,20230911_185250,mauritius,original,video,False,train,871.9761838293334
data/processed/mauritius/video/not_augmented/cull2_green_bg/head/224/occ/raw/span_matched/20230911_185250/m--20230911_185250--f000222.jpg,20230911_185250,mauritius,original,video,False,train,1010.8799424733485
data/processed/mauritius/video/not_augmented/cull2_green_bg/head/224/occ/raw/span_matched/20230911_185250/m--20230911_185250--f000224.jpg,20230911_185250,mauritius,original,video,False,train,1110.2277121263858
data/processed/mauritius/video/not_augmented/cull2_green_bg/head/224/occ/raw/span_matched/20230911_185250/m--20230911_185250--f000226.jpg,20230911_185250,mauritius,original,video,False,train,1536.5912985807654
data/processed/mauritius/video/not_augmented/cull2_green_bg/head/224/occ/raw/span_matched/20230911_185250/m--20230911_185250--f000228.jpg,20230911_185250,mauritius,original,video,False,train,1521.9900151462866
data/processed/mauritius/video/not_augmented/cull2_green_bg/head/224/occ/raw/span_matched/20230911_185250/m--20230911_185250--f000230.jpg,20230911_185250,mauritius,original,video,False,train,1359.3808992092731
data/processed/mauritius/video/not_augmented/cull2_green_bg/head/224/occ/raw/span_matched/20230911_185250/m--20230911_185250--f000232.jpg,20230911_185250,mauritius,original,video,False,train,1527.3439691611898
data/processed/mauritius/video/not_augmented/cull2_green_bg/head/224/occ/raw/span_matched/20230911_185250/m--20230911_185250--f000234.jpg,20230911_185250,mauritius,original,video,False,train,1586.8173429333433
data/processed/mauritius/video/not_augmented/cull2_green_bg/head/224/occ/raw/span_matched/20230911_185250/m--20230911_185250--f000236.jpg,20230911_185250,mauritius,original,video,False,train,1715.318472846753
data/processed/mauritius/video/not_augmented/cull2_green_bg/head/224/occ/raw/span_matched/20230911_185250/m--20230911_185250--f000238.jpg,20230911_185250,mauritius,original,video,False,train,1686.9882811928035
data/processed/mauritius/video/not_augmented/cull2_green_bg/head/224/occ/raw/span_matched/20230911_185250/m--20230911_185250--f000240.jpg,20230911_185250,mauritius,original,video,False,train,1766.2143055547629
data/processed/mauritius/video/not_augmented/cull2_green_bg/head/224/occ/raw/span_matched/20230911_185250/m--20230911_185250--f000242.jpg,20230911_185250,mauritius,original,video,False,train,1625.044448998311
data/processed/mauritius/video/not_augmented/cull2_green_bg/head/224/occ/raw/span_matched/20230911_185250/m--20230911_185250--f000244.jpg,20230911_185250,mauritius,original,video,False,train,1385.9813853640796
data/processed/mauritius/video/not_augmented/cull2_green_bg/head/224/occ/raw/span_matched/20230911_185250/m--20230911_185250--f000246.jpg,20230911_185250,mauritius,original,video,False,train,952.5665656633549
data/processed/mauritius/video/not_augmented/cull2_green_bg/head/224/occ/raw/span_matched/20230911_185250/m--20230911_185250--f000248.jpg,20230911_185250,mauritius,original,video,False,train,891.1159717757619
