path,identity,species,background,source,augmented,split,quality
data/processed/mauritius/video/not_augmented/cull2_original_bg/head/224/20230805_132834/m--20230805_132834--f000538.jpg,20230805_132834,mauritius,original,video,False,val,292.20285329695594
data/processed/mauritius/video/not_augmented/cull2_original_bg/head/224/20230805_132834/m--20230805_132834--f000540.jpg,20230805_132834,mauritius,original,video,False,val,1085.9966404000106
data/processed/mauritius/video/not_augmented/cull2_original_bg/head/224/20230805_132834/m--20230805_132834--f000542.jpg,20230805_132834,mauritius,original,video,False,val,2063.7832496894093
data/processed/mauritius/video/not_augmented/cull2_original_bg/head/224/20230805_132834/m--20230805_132834--f000544.jpg,20230805_132834,mauritius,original,video,False,val,2945.02602820176
data/processed/mauritius/video/not_augmented/cull2_original_bg/head/224/20230805_132834/m--20230805_132834--f000546.jpg,20230805_132834,mauritius,original,video,False,val,3381.78409785144
data/processed/mauritius/video/not_augmented/cull2_original_bg/head/224/20230805_132834/m--20230805_132834--f000548.jpg,20230805_132834,mauritius,original,video,False,val,3568.1632922965755
data/processed/mauritius/video/not_augmented/cull2_original_bg/head/224/20230805_132834/m--20230805_132834--f000550.jpg,20230805_132834,mauritius,original,video,False,val,3520.98211882026
data/processed/mauritius/video/not_augmented/cull2_original_bg/head/224/20230805_132834/m--20230805_132834--f000552.jpg,20230805_132834,mauritius,original,video,False,val,3400.3573346116154
data/processed/mauritius/video/not_augmented/cull2_original_bg/head/224/20230805_132834/m--20230805_132834--f000554.jpg,20230805_132834,mauritius,original,video,False,val,3306.8159058112888
data/processed/mauritius/video/not_augmented/cull2_original_bg/head/224/20230805_132834/m--20230805_132834--f000556.jpg,20230805_132834,mauritius,original,video,False,val,3448.1010935130785
data/processed/mauritius/video/not_augmented/cull2_original_bg/head/224/20230805_132834/m--20230805_132834--f000558.jpg,20230805_132834,mauritius,original,video,False,val,3469.803351532564
data/processed/mauritius/video/not_augmented/cull2_original_bg/head/224/20230805_132834/m--20230805_132834--f000560.jpg,20230805_132834,mauritius,original,video,False,val,3034.463703388673
data/processed/mauritius/video/not_augmented/cull2_original_bg/head/224/20230805_132834/m--20230805_132834--f000562.jpg,20230805_132834,mauritius,original,video,False,val,2818.722012775235
data/processed/mauritius/video/not_augmented/cull2_original_bg/head/224/20230805_132834/m--20230805_132834--f000564.jpg,20230805_132834,mauritius,original,video,False,val,2564.0469617001568
data/processed/mauritius/video/not_augmented/cull2_original_bg/head/224/20230805_132834/m--20230805_132834--f000566.jpg,20230805_132834,mauritius,original,video,False,val,2205.688583374023
data/processed/mauritius/video/not_augmented/cull2_original_bg/head/224/20230805_132834/m--20230805_132834--f000568.jpg,20230805_132834,mauritius,original,video,False,val,2051.3473970948635
data/processed/mauritius/video/not_augmented/cull2_original_bg/head/224/20230805_132834/m--20230805_132834--f000570.jpg,20230805_132834,mauritius,original,video,False,val,1760.363486075888
data/processed/mauritius/video/not_augmented/cull2_original_bg/head/224/20230805_132834/m--20230805_132834--f000572.jpg,20230805_132834,mauritius,original,video,False,val,1749.7694115692354
data/processed/mauritius/video/not_augmented/cull2_original_bg/head/224/20230805_132834/m--20230805_132834--f000574.jpg,20230805_132834,mauritius,original,video,False,val,1627.7682101604394
data/processed/mauritius/video/not_augmented/cull2_original_bg/head/224/20230805_132834/m--20230805_132834--f000576.jpg,20230805_132834,mauritius,original,video,False,val,1459.36408305615
data/processed/mauritius/video/not_augmented/cull2_original_bg/head/224/20230805_132834/m--20230805_132834--f000578.jpg,20230805_132834,mauritius,original,video,False,val,1286.639221113555
data/processed/mauritius/video/not_augmented/cull2_original_bg/head/224/20230805_132834/m--20230805_132834--f000580.jpg,20230805_132834,mauritius,original,video,False,val,1335.279606332584
data/processed/mauritius/video/not_augmented/cull2_original_bg/head/224/20230805_132834/m--20230805_132834--f000582.jpg,20230805_132834,mauritius,original,video,False,val,1389.135367720785
data/processed/mauritius/video/not_augmented/cull2_original_bg/head/224/20230805_132834/m--20230805_132834--f000584.jpg,20230805_132834,mauritius,original,video,False,val,1288.7060232786075
data/processed/mauritius/video/not_augmented/cull2_original_bg/head/224/20230805_132834/m--20230805_132834--f000586.jpg,20230805_132834,mauritius,original,video,False,val,1141.2162981422578
data/processed/mauritius/video/not_augmented/cull2_original_bg/head/224/20230805_132834/m--20230805_132834--f000588.jpg,20230805_132834,mauritius,original,video,False,val,1068.7810482039445
data/processed/mauritius/video/not_augmented/cull2_original_bg/head/224/20230805_132834/m--20230805_132834--f000590.jpg,20230805_132834,mauritius,original,video,False,val,1018.6452943658091
data/processed/mauritius/video/not_augmented/cull2_original_bg/head/224/20230805_145141/m--20230805_145141--f000694.jpg,20230805_145141,mauritius,original,video,False,test,683.9114936815109
data/processed/mauritius/video/not_augmented/cull2_original_bg/head/224/20230805_145141/m--20230805_145141--f000702.jpg,20230805_145141,mauritius,original,video,False,test,1620.4497767078635
data/processed/mauritius/video/not_augmented/cull2_original_bg/head/224/20230805_145141/m--20230805_145141--f000704.jpg,20230805_145141,mauritius,original,video,False,test,1326.4424821932282
data/processed/mauritius/video/not_augmented/cull2_original_bg/head/224/20230805_145141/m--20230805_145141--f000706.jpg,20230805_145141,mauritius,original,video,False,test,1265.4512590803936
data/processed/mauritius/video/not_augmented/cull2_original_bg/head/224/20230805_145141/m--20230805_145141--f000708.jpg,20230805_145141,mauritius,original,video,False,test,1284.398820208987
data/processed/mauritius/video/not_augmented/cull2_original_bg/head/224/20230805_145141/m--20230805_145141--f000710.jpg,20230805_145141,mauritius,original,video,False,test,1187.1064647275773
data/processed/mauritius/video/not_augmented/cull2_original_bg/head/224/20230805_145141/m--20230805_145141--f000712.jpg,20230805_145141,mauritius,original,video,False,test,1109.6502180675425
data/processed/mauritius/video/not_augmented/cull2_original_bg/head/224/20230805_145141/m--20230805_145141--f000714.jpg,20230805_145141,mauritius,original,video,False,test,1054.499860058522
data/processed/mauritius/video/not_augmented/cull2_original_bg/head/224/20230805_145141/m--20230805_145141--f000716.jpg,20230805_145141,mauritius,original,video,False,test,1015.4444896804448
data/processed/mauritius/video/not_augmented/cull2_original_bg/head/224/20230805_145141/m--20230805_145141--f000718.jpg,20230805_145141,mauritius,original,video,False,test,957.946061591514
data/processed/mauritius/video/not_augmented/cull2_original_bg/head/224/20230805_145141/m--20230805_145141--f000720.jpg,20230805_145141,mauritius,original,video,False,test,956.1534993236436
data/processed/mauritius/video/not_augmented/cull2_original_bg/head/224/20230805_145141/m--20230805_145141--f000722.jpg,20230805_145141,mauritius,original,video,False,test,914.6894445069778
data/processed/mauritius/video/not_augmented/cull2_original_bg/head/224/20230805_145141/m--20230805_145141--f000724.jpg,20230805_145141,mauritius,original,video,False,test,807.3733094647149
data/processed/mauritius/video/not_augmented/cull2_original_bg/head/224/20230805_145141/m--20230805_145141--f000726.jpg,20230805_145141,mauritius,original,video,False,test,693.9596680299979
data/processed/mauritius/video/not_augmented/cull2_original_bg/head/224/20230805_145141/m--20230805_145141--f000728.jpg,20230805_145141,mauritius,original,video,False,test,462.2884737671737
data/processed/mauritius/video/not_augmented/cull2_original_bg/head/224/20230805_145141/m--20230805_145141--f000730.jpg,20230805_145141,mauritius,original,video,False,test,530.1915048311671
data/processed/mauritius/video/not_augmented/cull2_original_bg/head/224/20230805_145141/m--20230805_145141--f000732.jpg,20230805_145141,mauritius,original,video,False,test,478.0206604321665
data/processed/mauritius/video/not_augmented/cull2_original_bg/head/224/20230805_145141/m--20230805_145141--f000734.jpg,20230805_145141,mauritius,original,video,False,test,501.29990403009725
data/processed/mauritius/video/not_augmented/cull2_original_bg/head/224/20230805_145141/m--20230805_145141--f000736.jpg,20230805_145141,mauritius,original,video,False,test,430.9596233498996
data/processed/mauritius/video/not_augmented/cull2_original_bg/head/224/20230805_145141/m--20230805_145141--f000738.jpg,20230805_145141,mauritius,original,video,False,test,547.1424108502868
data/processed/mauritius/video/not_augmented/cull2_original_bg/head/224/20230805_145141/m--20230805_145141--f000740.jpg,20230805_145141,mauritius,original,video,False,test,607.8776774722206
data/processed/mauritius/video/not_augmented/cull2_original_bg/head/224/20230805_145141/m--20230805_145141--f000742.jpg,20230805_145141,mauritius,original,video,False,test,672.5801558198655
data/processed/mauritius/video/not_augmented/cull2_original_bg/head/224/20230805_145141/m--20230805_145141--f000934.jpg,20230805_145141,mauritius,original,video,False,test,1327.4398294085015
data/processed/mauritius/video/not_augmented/cull2_original_bg/head/224/20230805_145141/m--20230805_145141--f000936.jpg,20230805_145141,mauritius,original,video,False,test,880.2612671746854
data/processed/mauritius/video/not_augmented/cull2_original_bg/head/224/20230805_145141/m--20230805_145141--f000996.jpg,20230805_145141,mauritius,original,video,False,test,119.91098901859075
data/processed/mauritius/video/not_augmented/cull2_original_bg/head/224/20230805_145141/m--20230805_145141--f000998.jpg,20230805_145141,mauritius,original,video,False,test,117.41234601611448
data/processed/mauritius/video/not_augmented/cull2_original_bg/head/224/20230805_145141/m--20230805_145141--f001000.jpg,20230805_145141,mauritius,original,video,False,test,114.77498081752232
data/processed/mauritius/video/not_augmented/cull2_original_bg/head/224/20230805_145141/m--20230805_145141--f001002.jpg,20230805_145141,mauritius,original,video,False,test,127.13482228620306
data/processed/mauritius/video/not_augmented/cull2_original_bg/head/224/20230805_145141/m--20230805_145141--f001060.jpg,20230805_145141,mauritius,original,video,False,test,31.34724617401593
data/processed/mauritius/video/not_augmented/cull2_original_bg/head/224/20230805_145141/m--20230805_145141--f001062.jpg,20230805_145141,mauritius,original,video,False,test,32.26484384302396
data/processed/mauritius/video/not_augmented/cull2_original_bg/head/224/20230805_145141/m--20230805_145141--f001064.jpg,20230805_145141,mauritius,original,video,False,test,66.82049486787058
data/processed/mauritius/video/not_augmented/cull2_original_bg/head/224/20230805_150231/m--20230805_150231--f000134.jpg,20230805_150231,mauritius,original,video,False,train,267.0506161134077
data/processed/mauritius/video/not_augmented/cull2_original_bg/head/224/20230805_150231/m--20230805_150231--f000136.jpg,20230805_150231,mauritius,original,video,False,train,72.21294893656409
data/processed/mauritius/video/not_augmented/cull2_original_bg/head/224/20230805_150231/m--20230805_150231--f000138.jpg,20230805_150231,mauritius,original,video,False,train,1089.3518978720256
data/processed/mauritius/video/not_augmented/cull2_original_bg/head/224/20230805_150231/m--20230805_150231--f000140.jpg,20230805_150231,mauritius,original,video,False,train,2015.6779454809985
data/processed/mauritius/video/not_augmented/cull2_original_bg/head/224/20230805_150231/m--20230805_150231--f000142.jpg,20230805_150231,mauritius,original,video,False,train,821.0183149049402
data/processed/mauritius/video/not_augmented/cull2_original_bg/head/224/20230805_150231/m--20230805_150231--f000144.jpg,20230805_150231,mauritius,original,video,False,train,622.6733126165667
data/processed/mauritius/video/not_augmented/cull2_original_bg/head/224/20230805_150231/m--20230805_150231--f000146.jpg,20230805_150231,mauritius,original,video,False,train,721.885624737404
data/processed/mauritius/video/not_augmented/cull2_original_bg/head/224/20230805_150231/m--20230805_150231--f000148.jpg,20230805_150231,mauritius,original,video,False,train,585.9672090748061
data/processed/mauritius/video/not_augmented/cull2_original_bg/head/224/20230805_150231/m--20230805_150231--f000470.jpg,20230805_150231,mauritius,original,video,False,train,624.92715030211
data/processed/mauritius/video/not_augmented/cull2_original_bg/head/224/20230805_150231/m--20230805_150231--f000472.jpg,20230805_150231,mauritius,original,video,False,train,564.8125811413595
data/processed/mauritius/video/not_augmented/cull2_original_bg/head/224/20230805_150231/m--20230805_150231--f000474.jpg,20230805_150231,mauritius,original,video,False,train,521.5532006657357
data/processed/mauritius/video/not_augmented/cull2_original_bg/head/224/20230805_150231/m--20230805_150231--f000476.jpg,20230805_150231,mauritius,original,video,False,train,490.64900405125934
data/processed/mauritius/video/not_augmented/cull2_original_bg/head/224/20230805_150231/m--20230805_150231--f000478.jpg,20230805_150231,mauritius,original,video,False,train,414.197055292348
data/processed/mauritius/video/not_augmented/cull2_original_bg/head/224/20230805_150231/m--20230805_150231--f000480.jpg,20230805_150231,mauritius,original,video,False,train,369.814814042072
data/processed/mauritius/video/not_augmented/cull2_original_bg/head/224/20230805_150231/m--20230805_150231--f000482.jpg,20230805_150231,mauritius,original,video,False,train,333.4641427699848
data/processed/mauritius/video/not_augmented/cull2_original_bg/head/224/20230805_150231/m--20230805_150231--f000484.jpg,20230805_150231,mauritius,original,video,False,train,269.33126790977326
data/processed/mauritius/video/not_augmented/cull2_original_bg/head/224/20230805_150231/m--20230805_150231--f000486.jpg,20230805_150231,mauritius,original,video,False,train,151.99834430858226
data/processed/mauritius/video/not_augmented/cull2_original_bg/head/224/20230805_150231/m--20230805_150231--f000488.jpg,20230805_150231,mauritius,original,video,False,train,146.74520094878275
data/processed/mauritius/video/not_augmented/cull2_original_bg/head/224/20230805_150231/m--20230805_150231--f000490.jpg,20230805_150231,mauritius,original,video,False,train,171.98421854657067
data/processed/mauritius/video/not_augmented/cull2_original_bg/head/224/20230805_150231/m--20230805_150231--f000548.jpg,20230805_150231,mauritius,original,video,False,train,127.79148762268802
data/processed/mauritius/video/not_augmented/cull2_original_bg/head/224/20230805_150231/m--20230805_150231--f000800.jpg,20230805_150231,mauritius,original,video,False,train,1464.659612134912
data/processed/mauritius/video/not_augmented/cull2_original_bg/head/224/20230805_150231/m--20230805_150231--f000804.jpg,20230805_150231,mauritius,original,video,False,train,392.5893875556607
data/processed/mauritius/video/not_augmented/cull2_original_bg/head/224/20230805_150231/m--20230805_150231--f000806.jpg,20230805_150231,mauritius,original,video,False,train,205.8396240891342
data/processed/mauritius/video/not_augmented/cull2_original_bg/head/224/20230805_150231/m--20230805_150231--f000828.jpg,20230805_150231,mauritius,original,video,False,train,62.52489332535128
data/processed/mauritius/video/not_augmented/cull2_original_bg/head/224/20230805_150231/m--20230805_150231--f000830.jpg,20230805_150231,mauritius,original,video,False,train,73.89047467733413
data/processed/mauritius/video/not_augmented/cull2_original_bg/head/224/20230805_150231/m--20230805_150231--f000832.jpg,20230805_150231,mauritius,original,video,False,train,93.04900259655844
data/processed/mauritius/video/not_augmented/cull2_original_bg/head/224/20230805_150231/m--20230805_150231--f000840.jpg,20230805_150231,mauritius,original,video,False,train,405.9942024954653
data/processed/mauritius/video/not_augmented/cull2_original_bg/head/224/20230805_150231/m--20230805_150231--f000844.jpg,20230805_150231,mauritius,original,video,False,train,168.6280506647214
data/processed/mauritius/video/not_augmented/cull2_original_bg/head/224/20230805_150231/m--20230805_150231--f000846.jpg,20230805_150231,mauritius,original,video,False,train,278.3327370242048
data/processed/mauritius/video/not_augmented/cull2_original_bg/head/224/20230805_150231/m--20230805_150231--f000848.jpg,20230805_150231,mauritius,original,video,False,train,219.58122333453525
data/processed/mauritius/video/not_augmented/cull2_original_bg/head/224/20230805_150231/m--20230805_150231--f000850.jpg,20230805_150231,mauritius,original,video,False,train,91.1794787815639
data/processed/mauritius/video/not_augmented/cull2_original_bg/head/224/20230805_150231/m--20230805_150231--f000852.jpg,20230805_150231,mauritius,original,video,False,train,69.19845713877966
data/processed/mauritius/video/not_augmented/cull2_original_bg/head/224/20230805_150231/m--20230805_150231--f000854.jpg,20230805_150231,mauritius,original,video,False,train,95.77764081935094
data/processed/mauritius/video/not_augmented/cull2_original_bg/head/224/20230805_150231/m--20230805_150231--f000856.jpg,20230805_150231,mauritius,original,video,False,train,202.74679748300017
data/processed/mauritius/video/not_augmented/cull2_original_bg/head/224/20230805_150231/m--20230805_150231--f000858.jpg,20230805_150231,mauritius,original,video,False,train,380.6592890728716
data/processed/mauritius/video/not_augmented/cull2_original_bg/head/224/20230805_150231/m--20230805_150231--f000860.jpg,20230805_150231,mauritius,original,video,False,train,241.58024378192272
data/processed/mauritius/video/not_augmented/cull2_original_bg/head/224/20230805_150231/m--20230805_150231--f000862.jpg,20230805_150231,mauritius,original,video,False,train,233.057024331353
data/processed/mauritius/video/not_augmented/cull2_original_bg/head/224/20230805_150231/m--20230805_150231--f000864.jpg,20230805_150231,mauritius,original,video,False,train,243.9619852008049
data/processed/mauritius/video/not_augmented/cull2_original_bg/head/224/20230805_150231/m--20230805_150231--f000866.jpg,20230805_150231,mauritius,original,video,False,train,292.543127959989
data/processed/mauritius/video/not_augmented/cull2_original_bg/head/224/20230805_150231/m--20230805_150231--f000868.jpg,20230805_150231,mauritius,original,video,False,train,369.4821296125489
data/processed/mauritius/video/not_augmented/cull2_original_bg/head/224/20230805_150231/m--20230805_150231--f000870.jpg,20230805_150231,mauritius,original,video,False,train,486.7110495148277
data/processed/mauritius/video/not_augmented/cull2_original_bg/head/224/20230805_150231/m--20230805_150231--f000872.jpg,20230805_150231,mauritius,original,video,False,train,1198.2095710598692
data/processed/mauritius/video/not_augmented/cull2_original_bg/head/224/20230805_150231/m--20230805_150231--f000874.jpg,20230805_150231,mauritius,original,video,False,train,1688.9490172764697
data/processed/mauritius/video/not_augmented/cull2_original_bg/head/224/20230805_150231/m--20230805_150231--f000876.jpg,20230805_150231,mauritius,original,video,False,train,2311.9687869220115
data/processed/mauritius/video/not_augmented/cull2_original_bg/head/224/20230805_150231/m--20230805_150231--f000878.jpg,20230805_150231,mauritius,original,video,False,train,2173.645724882835
data/processed/mauritius/video/not_augmented/cull2_original_bg/head/224/20230805_150231/m--20230805_150231--f000880.jpg,20230805_150231,mauritius,original,video,False,train,1916.6296248922545
data/processed/mauritius/video/not_augmented/cull2_original_bg/head/224/20230805_150231/m--20230805_150231--f000888.jpg,20230805_150231,mauritius,original,video,False,train,1521.0342045219577
data/processed/mauritius/video/not_augmented/cull2_original_bg/head/224/20230805_150231/m--20230805_150231--f000892.jpg,20230805_150231,mauritius,original,video,False,train,4604.754064465005
data/processed/mauritius/video/not_augmented/cull2_original_bg/head/224/20230805_150231/m--20230805_150231--f000934.jpg,20230805_150231,mauritius,original,video,False,train,874.7089998419212
data/processed/mauritius/video/not_augmented/cull2_original_bg/head/224/20230805_150231/m--20230805_150231--f000940.jpg,20230805_150231,mauritius,original,video,False,train,1147.2765176893024
data/processed/mauritius/video/not_augmented/cull2_original_bg/head/224/20230805_150231/m--20230805_150231--f000948.jpg,20230805_150231,mauritius,original,video,False,train,1469.697902744584
data/processed/mauritius/video/not_augmented/cull2_original_bg/head/224/20230805_150231/m--20230805_150231--f000950.jpg,20230805_150231,mauritius,original,video,False,train,1217.6730372338732
data/processed/mauritius/video/not_augmented/cull2_original_bg/head/224/20230805_150231/m--20230805_150231--f000952.jpg,20230805_150231,mauritius,original,video,False,train,484.7425640440642
data/processed/mauritius/video/not_augmented/cull2_original_bg/head/224/20230805_150231/m--20230805_150231--f000954.jpg,20230805_150231,mauritius,original,video,False,train,1175.3604198230994
data/processed/mauritius/video/not_augmented/cull2_original_bg/head/224/20230805_150231/m--20230805_150231--f000956.jpg,20230805_150231,mauritius,original,video,False,train,885.2319969358368
data/processed/mauritius/video/not_augmented/cull2_original_bg/head/224/20230805_150231/m--20230805_150231--f000962.jpg,20230805_150231,mauritius,original,video,False,train,423.5754261418017
data/processed/mauritius/video/not_augmented/cull2_original_bg/head/224/20230805_150231/m--20230805_150231--f000964.jpg,20230805_150231,mauritius,original,video,False,train,231.71863365848577
data/processed/mauritius/video/not_augmented/cull2_original_bg/head/224/20230805_150231/m--20230805_150231--f000966.jpg,20230805_150231,mauritius,original,video,False,train,375.7738923684898
data/processed/mauritius/video/not_augmented/cull2_original_bg/head/224/20230805_150231/m--20230805_150231--f001026.jpg,20230805_150231,mauritius,original,video,False,train,755.9699925395263
data/processed/mauritius/video/not_augmented/cull2_original_bg/head/224/20230807_060504/m--20230807_060504--f000170.jpg,20230807_060504,mauritius,original,video,False,train,137.9427586070501
data/processed/mauritius/video/not_augmented/cull2_original_bg/head/224/20230807_060504/m--20230807_060504--f000172.jpg,20230807_060504,mauritius,original,video,False,train,144.4366442606083
data/processed/mauritius/video/not_augmented/cull2_original_bg/head/224/20230807_060504/m--20230807_060504--f000174.jpg,20230807_060504,mauritius,original,video,False,train,218.3924087705537
data/processed/mauritius/video/not_augmented/cull2_original_bg/head/224/20230807_060504/m--20230807_060504--f000176.jpg,20230807_060504,mauritius,original,video,False,train,188.3037213456973
data/processed/mauritius/video/not_augmented/cull2_original_bg/head/224/20230807_060504/m--20230807_060504--f000178.jpg,20230807_060504,mauritius,original,video,False,train,174.52783010841063
data/processed/mauritius/video/not_augmented/cull2_original_bg/head/224/20230807_060504/m--20230807_060504--f000180.jpg,20230807_060504,mauritius,original,video,False,train,653.9150609016815
data/processed/mauritius/video/not_augmented/cull2_original_bg/head/224/20230807_060504/m--20230807_060504--f000182.jpg,20230807_060504,mauritius,original,video,False,train,347.4247334645918
data/processed/mauritius/video/not_augmented/cull2_original_bg/head/224/20230807_060504/m--20230807_060504--f000184.jpg,20230807_060504,mauritius,original,video,False,train,159.90553856571233
data/processed/mauritius/video/not_augmented/cull2_original_bg/head/224/20230807_060504/m--20230807_060504--f000186.jpg,20230807_060504,mauritius,original,video,False,train,114.06735346268634
data/processed/mauritius/video/not_augmented/cull2_original_bg/head/224/20230807_060504/m--20230807_060504--f000188.jpg,20230807_060504,mauritius,original,video,False,train,193.76325261379367
data/processed/mauritius/video/not_augmented/cull2_original_bg/head/224/20230807_060504/m--20230807_060504--f000190.jpg,20230807_060504,mauritius,original,video,False,train,263.1598738702522
data/processed/mauritius/video/not_augmented/cull2_original_bg/head/224/20230807_060504/m--20230807_060504--f000236.jpg,20230807_060504,mauritius,original,video,False,train,779.7385255268642
data/processed/mauritius/video/not_augmented/cull2_original_bg/head/224/20230807_060504/m--20230807_060504--f000238.jpg,20230807_060504,mauritius,original,video,False,train,948.5190121743242
data/processed/mauritius/video/not_augmented/cull2_original_bg/head/224/20230807_060504/m--20230807_060504--f000240.jpg,20230807_060504,mauritius,original,video,False,train,991.6100651277496
data/processed/mauritius/video/not_augmented/cull2_original_bg/head/224/20230807_060504/m--20230807_060504--f000242.jpg,20230807_060504,mauritius,original,video,False,train,733.044178264432
data/processed/mauritius/video/not_augmented/cull2_original_bg/head/224/20230807_060504/m--20230807_060504--f000244.jpg,20230807_060504,mauritius,original,video,False,train,512.2333051239833
data/processed/mauritius/video/not_augmented/cull2_original_bg/head/224/20230807_060504/m--20230807_060504--f000246.jpg,20230807_060504,mauritius,original,video,False,train,473.9211204013244
data/processed/mauritius/video/not_augmented/cull2_original_bg/head/224/20230807_060504/m--20230807_060504--f000248.jpg,20230807_060504,mauritius,original,video,False,train,303.58174592621475
data/processed/mauritius/video/not_augmented/cull2_original_bg/head/224/20230807_060504/m--20230807_060504--f000250.jpg,20230807_060504,mauritius,original,video,False,train,150.47798641479696
data/processed/mauritius/video/not_augmented/cull2_original_bg/head/224/20230807_060504/m--20230807_060504--f000252.jpg,20230807_060504,mauritius,original,video,False,train,126.9216854340928
data/processed/mauritius/video/not_augmented/cull2_original_bg/head/224/20230807_060504/m--20230807_060504--f000254.jpg,20230807_060504,mauritius,original,video,False,train,105.04501623036911
data/processed/mauritius/video/not_augmented/cull2_original_bg/head/224/20230807_060504/m--20230807_060504--f000256.jpg,20230807_060504,mauritius,original,video,False,train,89.90114261447664
data/processed/mauritius/video/not_augmented/cull2_original_bg/head/224/20230807_060504/m--20230807_060504--f000258.jpg,20230807_060504,mauritius,original,video,False,train,63.7359473634789
data/processed/mauritius/video/not_augmented/cull2_original_bg/head/224/20230807_060504/m--20230807_060504--f000260.jpg,20230807_060504,mauritius,original,video,False,train,60.55194935764884
data/processed/mauritius/video/not_augmented/cull2_original_bg/head/224/20230807_060504/m--20230807_060504--f000262.jpg,20230807_060504,mauritius,original,video,False,train,48.58453742825256
data/processed/mauritius/video/not_augmented/cull2_original_bg/head/224/20230807_060504/m--20230807_060504--f000264.jpg,20230807_060504,mauritius,original,video,False,train,35.02436392647879
data/processed/mauritius/video/not_augmented/cull2_original_bg/head/224/20230807_060504/m--20230807_060504--f000266.jpg,20230807_060504,mauritius,original,video,False,train,27.976093036043103
data/processed/mauritius/video/not_augmented/cull2_original_bg/head/224/20230807_060504/m--20230807_060504--f000268.jpg,20230807_060504,mauritius,original,video,False,train,21.72052346681963
data/processed/mauritius/video/not_augmented/cull2_original_bg/head/224/20230807_060504/m--20230807_060504--f000270.jpg,20230807_060504,mauritius,original,video,False,train,28.65736143850178
data/processed/mauritius/video/not_augmented/cull2_original_bg/head/224/20230807_060504/m--20230807_060504--f000272.jpg,20230807_060504,mauritius,original,video,False,train,11.633046313456228
data/processed/mauritius/video/not_augmented/cull2_original_bg/head/224/20230807_060504/m--20230807_060504--f000274.jpg,20230807_060504,mauritius,original,video,False,train,11.728493692873917
data/processed/mauritius/video/not_augmented/cull2_original_bg/head/224/20230807_060504/m--20230807_060504--f000860.jpg,20230807_060504,mauritius,original,video,False,train,327.7982251692792
data/processed/mauritius/video/not_augmented/cull2_original_bg/head/224/20230807_060504/m--20230807_060504--f000862.jpg,20230807_060504,mauritius,original,video,False,train,23.500128094626685
data/processed/mauritius/video/not_augmented/cull2_original_bg/head/224/20230807_060504/m--20230807_060504--f000864.jpg,20230807_060504,mauritius,original,video,False,train,11.166179578734257
data/processed/mauritius/video/not_augmented/cull2_original_bg/head/224/20230807_060504/m--20230807_060504--f001412.jpg,20230807_060504,mauritius,original,video,False,train,33.704735655429104
data/processed/mauritius/video/not_augmented/cull2_original_bg/head/224/20230807_060504/m--20230807_060504--f001414.jpg,20230807_060504,mauritius,original,video,False,train,50.53781523221932
data/processed/mauritius/video/not_augmented/cull2_original_bg/head/224/20230807_060504/m--20230807_060504--f001416.jpg,20230807_060504,mauritius,original,video,False,train,47.37305781703251
data/processed/mauritius/video/not_augmented/cull2_original_bg/head/224/20230807_060504/m--20230807_060504--f001418.jpg,20230807_060504,mauritius,original,video,False,train,95.88369167213489
data/processed/mauritius/video/not_augmented/cull2_original_bg/head/224/20230807_060504/m--20230807_060504--f001420.jpg,20230807_060504,mauritius,original,video,False,train,52.00009667143531
data/processed/mauritius/video/not_augmented/cull2_original_bg/head/224/20230831_133920/m--20230831_133920--f000140.jpg,20230831_133920,mauritius,original,video,False,val,637.5651645430025
data/processed/mauritius/video/not_augmented/cull2_original_bg/head/224/20230831_133920/m--20230831_133920--f000142.jpg,20230831_133920,mauritius,original,video,False,val,573.882502341757
data/processed/mauritius/video/not_augmented/cull2_original_bg/head/224/20230831_133920/m--20230831_133920--f000144.jpg,20230831_133920,mauritius,original,video,False,val,284.93939455565385
data/processed/mauritius/video/not_augmented/cull2_original_bg/head/224/20230831_133920/m--20230831_133920--f000146.jpg,20230831_133920,mauritius,original,video,False,val,170.03282445790816
data/processed/mauritius/video/not_augmented/cull2_original_bg/head/224/20230831_133920/m--20230831_133920--f000148.jpg,20230831_133920,mauritius,original,video,False,val,166.5431986292021
data/processed/mauritius/video/not_augmented/cull2_original_bg/head/224/20230831_133920/m--20230831_133920--f000194.jpg,20230831_133920,mauritius,original,video,False,val,1933.7136759374705
data/processed/mauritius/video/not_augmented/cull2_original_bg/head/224/20230831_133920/m--20230831_133920--f000196.jpg,20230831_133920,mauritius,original,video,False,val,2047.963056691832
data/processed/mauritius/video/not_augmented/cull2_original_bg/head/224/20230831_133920/m--20230831_133920--f000198.jpg,20230831_133920,mauritius,original,video,False,val,1876.7281961119309
data/processed/mauritius/video/not_augmented/cull2_original_bg/head/224/20230831_133920/m--20230831_133920--f000200.jpg,20230831_133920,mauritius,original,video,False,val,1942.7238786781595
data/processed/mauritius/video/not_augmented/cull2_original_bg/head/224/20230831_133920/m--20230831_133920--f000202.jpg,20230831_133920,mauritius,original,video,False,val,1734.530230629002
data/processed/mauritius/video/not_augmented/cull2_original_bg/head/224/20230831_133920/m--20230831_133920--f000204.jpg,20230831_133920,mauritius,original,video,False,val,1520.28584085192
data/processed/mauritius/video/not_augmented/cull2_original_bg/head/224/20230831_133920/m--20230831_133920--f000206.jpg,20230831_133920,mauritius,original,video,False,val,1830.165639868184
data/processed/mauritius/video/not_augmented/cull2_original_bg/head/224/20230831_133920/m--20230831_133920--f000208.jpg,20230831_133920,mauritius,original,video,False,val,2254.4888566317827
data/processed/mauritius/video/not_augmented/cull2_original_bg/head/224/20230831_133920/m--20230831_133920--f001046.jpg,20230831_133920,mauritius,original,video,False,val,1458.0663282195012
data/processed/mauritius/video/not_augmented/cull2_original_bg/head/224/20230831_133920/m--20230831_133920--f001048.jpg,20230831_133920,mauritius,original,video,False,val,969.9325745915036
data/processed/mauritius/video/not_augmented/cull2_original_bg/head/224/20230831_133920/m--20230831_133920--f001368.jpg,20230831_133920,mauritius,original,video,False,val,341.2208995366285
data/processed/mauritius/video/not_augmented/cull2_original_bg/head/224/20230831_133920/m--20230831_133920--f001370.jpg,20230831_133920,mauritius,original,video,False,val,332.3661182690342
data/processed/mauritius/video/not_augmented/cull2_original_bg/head/224/20230831_133920/m--20230831_133920--f001372.jpg,20230831_133920,mauritius,original,video,False,val,292.82483964957385
data/processed/mauritius/video/not_augmented/cull2_original_bg/head/224/20230831_135124/m--20230831_135124--f000140.jpg,20230831_135124,mauritius,original,video,False,train,206.07845569143487
data/processed/mauritius/video/not_augmented/cull2_original_bg/head/224/20230831_135124/m--20230831_135124--f000142.jpg,20230831_135124,mauritius,original,video,False,train,344.098830787503
data/processed/mauritius/video/not_augmented/cull2_original_bg/head/224/20230831_135124/m--20230831_135124--f000146.jpg,20230831_135124,mauritius,original,video,False,train,870.3398678643363
data/processed/mauritius/video/not_augmented/cull2_original_bg/head/224/20230831_135124/m--20230831_135124--f000148.jpg,20230831_135124,mauritius,original,video,False,train,885.2945629089687
data/processed/mauritius/video/not_augmented/cull2_original_bg/head/224/20230831_135124/m--20230831_135124--f000152.jpg,20230831_135124,mauritius,original,video,False,train,1492.1725818863615
data/processed/mauritius/video/not_augmented/cull2_original_bg/head/224/20230831_135124/m--20230831_135124--f000154.jpg,20230831_135124,mauritius,original,video,False,train,2460.4708846539866
data/processed/mauritius/video/not_augmented/cull2_original_bg/head/224/20230831_135124/m--20230831_135124--f000156.jpg,20230831_135124,mauritius,original,video,False,train,2773.4833096619795
data/processed/mauritius/video/not_augmented/cull2_original_bg/head/224/20230831_135124/m--20230831_135124--f000158.jpg,20230831_135124,mauritius,original,video,False,train,2574.4975099114763
data/processed/mauritius/video/not_augmented/cull2_original_bg/head/224/20230831_135124/m--20230831_135124--f000160.jpg,20230831_135124,mauritius,original,video,False,train,3095.1168183132486
data/processed/mauritius/video/not_augmented/cull2_original_bg/head/224/20230831_135124/m--20230831_135124--f000162.jpg,20230831_135124,mauritius,original,video,False,train,4040.638326629407
data/processed/mauritius/video/not_augmented/cull2_original_bg/head/224/20230831_135124/m--20230831_135124--f000164.jpg,20230831_135124,mauritius,original,video,False,train,4727.385225434643
data/processed/mauritius/video/not_augmented/cull2_original_bg/head/224/20230831_135124/m--20230831_135124--f000166.jpg,20230831_135124,mauritius,original,video,False,train,5129.951578548977
data/processed/mauritius/video/not_augmented/cull2_original_bg/head/224/20230831_135124/m--20230831_135124--f000168.jpg,20230831_135124,mauritius,original,video,False,train,5360.584661585845
data/processed/mauritius/video/not_augmented/cull2_original_bg/head/224/20230831_135124/m--20230831_135124--f000170.jpg,20230831_135124,mauritius,original,video,False,train,6045.753289435219
data/processed/mauritius/video/not_augmented/cull2_original_bg/head/224/20230831_135124/m--20230831_135124--f000172.jpg,20230831_135124,mauritius,original,video,False,train,2280.432488908176
data/processed/mauritius/video/not_augmented/cull2_original_bg/head/224/20230831_135124/m--20230831_135124--f000174.jpg,20230831_135124,mauritius,original,video,False,train,4645.466414356271
data/processed/mauritius/video/not_augmented/cull2_original_bg/head/224/20230831_135124/m--20230831_135124--f000176.jpg,20230831_135124,mauritius,original,video,False,train,5427.971596497788
data/processed/mauritius/video/not_augmented/cull2_original_bg/head/224/20230831_135124/m--20230831_135124--f000178.jpg,20230831_135124,mauritius,original,video,False,train,5937.516464900296
data/processed/mauritius/video/not_augmented/cull2_original_bg/head/224/20230831_135124/m--20230831_135124--f000180.jpg,20230831_135124,mauritius,original,video,False,train,6138.733908065803
data/processed/mauritius/video/not_augmented/cull2_original_bg/head/224/20230831_135124/m--20230831_135124--f000182.jpg,20230831_135124,mauritius,original,video,False,train,5471.541067308111
data/processed/mauritius/video/not_augmented/cull2_original_bg/head/224/20230831_135124/m--20230831_135124--f000184.jpg,20230831_135124,mauritius,original,video,False,train,5323.709878593026
data/processed/mauritius/video/not_augmented/cull2_original_bg/head/224/20230831_135124/m--20230831_135124--f000186.jpg,20230831_135124,mauritius,original,video,False,train,5114.752852713551
data/processed/mauritius/video/not_augmented/cull2_original_bg/head/224/20230831_135124/m--20230831_135124--f000188.jpg,20230831_135124,mauritius,original,video,False,train,5082.842063868855
data/processed/mauritius/video/not_augmented/cull2_original_bg/head/224/20230831_135124/m--20230831_135124--f000190.jpg,20230831_135124,mauritius,original,video,False,train,4748.470590250634
data/processed/mauritius/video/not_augmented/cull2_original_bg/head/224/20230831_135124/m--20230831_135124--f000192.jpg,20230831_135124,mauritius,original,video,False,train,4716.560747993832
data/processed/mauritius/video/not_augmented/cull2_original_bg/head/224/20230831_135124/m--20230831_135124--f000194.jpg,20230831_135124,mauritius,original,video,False,train,4332.522833366585
data/processed/mauritius/video/not_augmented/cull2_original_bg/head/224/20230831_135124/m--20230831_135124--f000196.jpg,20230831_135124,mauritius,original,video,False,train,3872.312801880223
data/processed/mauritius/video/not_augmented/cull2_original_bg/head/224/20230831_135124/m--20230831_135124--f000198.jpg,20230831_135124,mauritius,original,video,False,train,3532.5256125987544
data/processed/mauritius/video/not_augmented/cull2_original_bg/head/224/20230831_135124/m--20230831_135124--f000200.jpg,20230831_135124,mauritius,original,video,False,train,3280.2916508884737
data/processed/mauritius/video/not_augmented/cull2_original_bg/head/224/20230831_135124/m--20230831_135124--f000202.jpg,20230831_135124,mauritius,original,video,False,train,2718.966449316121
data/processed/mauritius/video/not_augmented/cull2_original_bg/head/224/20230831_135124/m--20230831_135124--f000204.jpg,20230831_135124,mauritius,original,video,False,train,2161.12716182874
data/processed/mauritius/video/not_augmented/cull2_original_bg/head/224/20230831_135124/m--20230831_135124--f000206.jpg,20230831_135124,mauritius,original,video,False,train,1823.7107518806604
data/processed/mauritius/video/not_augmented/cull2_original_bg/head/224/20230831_135124/m--20230831_135124--f000208.jpg,20230831_135124,mauritius,original,video,False,train,1198.1475125983673
data/processed/mauritius/video/not_augmented/cull2_original_bg/head/224/20230831_135124/m--20230831_135124--f000210.jpg,20230831_135124,mauritius,original,video,False,train,498.4305599137973
data/processed/mauritius/video/not_augmented/cull2_original_bg/head/224/20230831_135124/m--20230831_135124--f000212.jpg,20230831_135124,mauritius,original,video,False,train,289.7486121921626
data/processed/mauritius/video/not_augmented/cull2_original_bg/head/224/20230831_135124/m--20230831_135124--f000214.jpg,20230831_135124,mauritius,original,video,False,train,141.25962825101496
data/processed/mauritius/video/not_augmented/cull2_original_bg/head/224/20230831_135124/m--20230831_135124--f001038.jpg,20230831_135124,mauritius,original,video,False,train,6980.050696693923
data/processed/mauritius/video/not_augmented/cull2_original_bg/head/224/20230831_135124/m--20230831_135124--f001040.jpg,20230831_135124,mauritius,original,video,False,train,7173.491118836631
data/processed/mauritius/video/not_augmented/cull2_original_bg/head/224/20230831_135124/m--20230831_135124--f001042.jpg,20230831_135124,mauritius,original,video,False,train,7026.695168491604
data/processed/mauritius/video/not_augmented/cull2_original_bg/head/224/20230831_135124/m--20230831_135124--f001044.jpg,20230831_135124,mauritius,original,video,False,train,4889.055569220563
data/processed/mauritius/video/not_augmented/cull2_original_bg/head/224/20230831_135124/m--20230831_135124--f001046.jpg,20230831_135124,mauritius,original,video,False,train,4593.241427623744
data/processed/mauritius/video/not_augmented/cull2_original_bg/head/224/20230831_135124/m--20230831_135124--f001048.jpg,20230831_135124,mauritius,original,video,False,train,4891.42487813075
data/processed/mauritius/video/not_augmented/cull2_original_bg/head/224/20230831_135124/m--20230831_135124--f001052.jpg,20230831_135124,mauritius,original,video,False,train,5051.41388232705
data/processed/mauritius/video/not_augmented/cull2_original_bg/head/224/20230831_135124/m--20230831_135124--f001054.jpg,20230831_135124,mauritius,original,video,False,train,5410.845438684338
data/processed/mauritius/video/not_augmented/cull2_original_bg/head/224/20230831_135124/m--20230831_135124--f001062.jpg,20230831_135124,mauritius,original,video,False,train,7441.340746083591
data/processed/mauritius/video/not_augmented/cull2_original_bg/head/224/20230831_135124/m--20230831_135124--f001064.jpg,20230831_135124,mauritius,original,video,False,train,7328.817663978012
data/processed/mauritius/video/not_augmented/cull2_original_bg/head/224/20230831_135124/m--20230831_135124--f001066.jpg,20230831_135124,mauritius,original,video,False,train,7343.436065214666
data/processed/mauritius/video/not_augmented/cull2_original_bg/head/224/20230831_135124/m--20230831_135124--f001068.jpg,20230831_135124,mauritius,original,video,False,train,7287.707164429167
data/processed/mauritius/video/not_augmented/cull2_original_bg/head/224/20230831_135124/m--20230831_135124--f001070.jpg,20230831_135124,mauritius,original,video,False,train,4553.238088101757
data/processed/mauritius/video/not_augmented/cull2_original_bg/head/224/20230831_135124/m--20230831_135124--f001072.jpg,20230831_135124,mauritius,original,video,False,train,5291.430363689647
data/processed/mauritius/video/not_augmented/cull2_original_bg/head/224/20230831_135124/m--20230831_135124--f001074.jpg,20230831_135124,mauritius,original,video,False,train,6513.007765925659
data/processed/mauritius/video/not_augmented/cull2_original_bg/head/224/20230831_135124/m--20230831_135124--f001076.jpg,20230831_135124,mauritius,original,video,False,train,6532.466443730314
data/processed/mauritius/video/not_augmented/cull2_original_bg/head/224/20230831_135124/m--20230831_135124--f001078.jpg,20230831_135124,mauritius,original,video,False,train,6495.468504136724
data/processed/mauritius/video/not_augmented/cull2_original_bg/head/224/20230831_135124/m--20230831_135124--f001080.jpg,20230831_135124,mauritius,original,video,False,train,6401.689656862167
data/processed/mauritius/video/not_augmented/cull2_original_bg/head/224/20230831_135124/m--20230831_135124--f001084.jpg,20230831_135124,mauritius,original,video,False,train,6329.119871197121
data/processed/mauritius/video/not_augmented/cull2_original_bg/head/224/20230831_135124/m--20230831_135124--f001088.jpg,20230831_135124,mauritius,original,video,False,train,5883.320395469665
data/processed/mauritius/video/not_augmented/cull2_original_bg/head/224/20230831_140541/m--20230831_140541--f000182.jpg,20230831_140541,mauritius,original,video,False,train,1544.4654920912444
data/processed/mauritius/video/not_augmented/cull2_original_bg/head/224/20230831_140541/m--20230831_140541--f000184.jpg,20230831_140541,mauritius,original,video,False,train,1302.102582644741
data/processed/mauritius/video/not_augmented/cull2_original_bg/head/224/20230831_140541/m--20230831_140541--f000186.jpg,20230831_140541,mauritius,original,video,False,train,1097.713781327419
data/processed/mauritius/video/not_augmented/cull2_original_bg/head/224/20230831_140541/m--20230831_140541--f000188.jpg,20230831_140541,mauritius,original,video,False,train,1168.6528012813103
data/processed/mauritius/video/not_augmented/cull2_original_bg/head/224/20230831_140541/m--20230831_140541--f000192.jpg,20230831_140541,mauritius,original,video,False,train,716.7818260744976
data/processed/mauritius/video/not_augmented/cull2_original_bg/head/224/20230831_140541/m--20230831_140541--f000194.jpg,20230831_140541,mauritius,original,video,False,train,103.31805208294354
data/processed/mauritius/video/not_augmented/cull2_original_bg/head/224/20230831_140541/m--20230831_140541--f000196.jpg,20230831_140541,mauritius,original,video,False,train,391.0023762906704
data/processed/mauritius/video/not_augmented/cull2_original_bg/head/224/20230831_140541/m--20230831_140541--f000198.jpg,20230831_140541,mauritius,original,video,False,train,853.5762035678894
data/processed/mauritius/video/not_augmented/cull2_original_bg/head/224/20230831_140541/m--20230831_140541--f000202.jpg,20230831_140541,mauritius,original,video,False,train,2341.5115592333736
data/processed/mauritius/video/not_augmented/cull2_original_bg/head/224/20230831_140541/m--20230831_140541--f000204.jpg,20230831_140541,mauritius,original,video,False,train,3754.1409994849855
data/processed/mauritius/video/not_augmented/cull2_original_bg/head/224/20230831_140541/m--20230831_140541--f000206.jpg,20230831_140541,mauritius,original,video,False,train,4223.524768014294
data/processed/mauritius/video/not_augmented/cull2_original_bg/head/224/20230831_140541/m--20230831_140541--f000208.jpg,20230831_140541,mauritius,original,video,False,train,4303.414456215764
data/processed/mauritius/video/not_augmented/cull2_original_bg/head/224/20230831_140541/m--20230831_140541--f000212.jpg,20230831_140541,mauritius,original,video,False,train,4331.219375845097
data/processed/mauritius/video/not_augmented/cull2_original_bg/head/224/20230831_140541/m--20230831_140541--f000214.jpg,20230831_140541,mauritius,original,video,False,train,4215.535280608177
data/processed/mauritius/video/not_augmented/cull2_original_bg/head/224/20230831_140541/m--20230831_140541--f000218.jpg,20230831_140541,mauritius,original,video,False,train,3945.570273185264
data/processed/mauritius/video/not_augmented/cull2_original_bg/head/224/20230831_140541/m--20230831_140541--f000220.jpg,20230831_140541,mauritius,original,video,False,train,4028.951344061872
data/processed/mauritius/video/not_augmented/cull2_original_bg/head/224/20230831_140541/m--20230831_140541--f000226.jpg,20230831_140541,mauritius,original,video,False,train,4269.15520503947
data/processed/mauritius/video/not_augmented/cull2_original_bg/head/224/20230831_140541/m--20230831_140541--f000228.jpg,20230831_140541,mauritius,original,video,False,train,4314.484343925946
data/processed/mauritius/video/not_augmented/cull2_original_bg/head/224/20230831_140541/m--20230831_140541--f000230.jpg,20230831_140541,mauritius,original,video,False,train,4372.216710925945
data/processed/mauritius/video/not_augmented/cull2_original_bg/head/224/20230831_140541/m--20230831_140541--f000232.jpg,20230831_140541,mauritius,original,video,False,train,4430.002129881246
data/processed/mauritius/video/not_augmented/cull2_original_bg/head/224/20230831_140541/m--20230831_140541--f000234.jpg,20230831_140541,mauritius,original,video,False,train,4349.885186083759
data/processed/mauritius/video/not_augmented/cull2_original_bg/head/224/20230831_140541/m--20230831_140541--f000236.jpg,20230831_140541,mauritius,original,video,False,train,4275.210036277771
data/processed/mauritius/video/not_augmented/cull2_original_bg/head/224/20230831_140541/m--20230831_140541--f000238.jpg,20230831_140541,mauritius,original,video,False,train,4141.703689215731
data/processed/mauritius/video/not_augmented/cull2_original_bg/head/224/20230831_140541/m--20230831_140541--f000240.jpg,20230831_140541,mauritius,original,video,False,train,3746.49223350992
data/processed/mauritius/video/not_augmented/cull2_original_bg/head/224/20230831_140541/m--20230831_140541--f000242.jpg,20230831_140541,mauritius,original,video,False,train,2244.99372844704
data/processed/mauritius/video/not_augmented/cull2_original_bg/head/224/20230831_140541/m--20230831_140541--f000582.jpg,20230831_140541,mauritius,original,video,False,train,3638.345164685089
data/processed/mauritius/video/not_augmented/cull2_original_bg/head/224/20230831_140541/m--20230831_140541--f000586.jpg,20230831_140541,mauritius,original,video,False,train,4547.009294578603
data/processed/mauritius/video/not_augmented/cull2_original_bg/head/224/20230831_140541/m--20230831_140541--f000600.jpg,20230831_140541,mauritius,original,video,False,train,3640.1832388953735
data/processed/mauritius/video/not_augmented/cull2_original_bg/head/224/20230831_140541/m--20230831_140541--f000976.jpg,20230831_140541,mauritius,original,video,False,train,3407.6256413124147
data/processed/mauritius/video/not_augmented/cull2_original_bg/head/224/20230831_140541/m--20230831_140541--f000978.jpg,20230831_140541,mauritius,original,video,False,train,1944.3408782193185
data/processed/mauritius/video/not_augmented/cull2_original_bg/head/224/20230831_140541/m--20230831_140541--f000980.jpg,20230831_140541,mauritius,original,video,False,train,2597.291552125788
data/processed/mauritius/video/not_augmented/cull2_original_bg/head/224/20230831_140541/m--20230831_140541--f000982.jpg,20230831_140541,mauritius,original,video,False,train,2855.678898078509
data/processed/mauritius/video/not_augmented/cull2_original_bg/head/224/20230831_140541/m--20230831_140541--f000984.jpg,20230831_140541,mauritius,original,video,False,train,3570.090195367853
data/processed/mauritius/video/not_augmented/cull2_original_bg/head/224/20230831_140541/m--20230831_140541--f000986.jpg,20230831_140541,mauritius,original,video,False,train,3869.945448194231
data/processed/mauritius/video/not_augmented/cull2_original_bg/head/224/20230831_140541/m--20230831_140541--f000988.jpg,20230831_140541,mauritius,original,video,False,train,4349.862227300464
data/processed/mauritius/video/not_augmented/cull2_original_bg/head/224/20230831_140541/m--20230831_140541--f000990.jpg,20230831_140541,mauritius,original,video,False,train,4669.490994530885
data/processed/mauritius/video/not_augmented/cull2_original_bg/head/224/20230831_140541/m--20230831_140541--f000992.jpg,20230831_140541,mauritius,original,video,False,train,4840.026548735949
data/processed/mauritius/video/not_augmented/cull2_original_bg/head/224/20230831_140541/m--20230831_140541--f000994.jpg,20230831_140541,mauritius,original,video,False,train,5067.13331060914
data/processed/mauritius/video/not_augmented/cull2_original_bg/head/224/20230831_140541/m--20230831_140541--f000996.jpg,20230831_140541,mauritius,original,video,False,train,5193.375297840314
data/processed/mauritius/video/not_augmented/cull2_original_bg/head/224/20230831_140541/m--20230831_140541--f000998.jpg,20230831_140541,mauritius,original,video,False,train,5311.061681552809
data/processed/mauritius/video/not_augmented/cull2_original_bg/head/224/20230831_140541/m--20230831_140541--f001000.jpg,20230831_140541,mauritius,original,video,False,train,5393.281228123879
data/processed/mauritius/video/not_augmented/cull2_original_bg/head/224/20230831_140541/m--20230831_140541--f001108.jpg,20230831_140541,mauritius,original,video,False,train,3563.3920393768626
data/processed/mauritius/video/not_augmented/cull2_original_bg/head/224/20230831_140541/m--20230831_140541--f001110.jpg,20230831_140541,mauritius,original,video,False,train,4820.458901401759
data/processed/mauritius/video/not_augmented/cull2_original_bg/head/224/20230831_140541/m--20230831_140541--f001112.jpg,20230831_140541,mauritius,original,video,False,train,4332.137182363219
data/processed/mauritius/video/not_augmented/cull2_original_bg/head/224/20230831_140541/m--20230831_140541--f001116.jpg,20230831_140541,mauritius,original,video,False,train,3782.867065162373
data/processed/mauritius/video/not_augmented/cull2_original_bg/head/224/20230831_140541/m--20230831_140541--f001118.jpg,20230831_140541,mauritius,original,video,False,train,3975.676099227895
data/processed/mauritius/video/not_augmented/cull2_original_bg/head/224/20230831_140541/m--20230831_140541--f001120.jpg,20230831_140541,mauritius,original,video,False,train,4264.847720767398
data/processed/mauritius/video/not_augmented/cull2_original_bg/head/224/20230831_140541/m--20230831_140541--f001126.jpg,20230831_140541,mauritius,original,video,False,train,2895.921462001824
data/processed/mauritius/video/not_augmented/cull2_original_bg/head/224/20230831_140541/m--20230831_140541--f001136.jpg,20230831_140541,mauritius,original,video,False,train,4929.843342836277
data/processed/mauritius/video/not_augmented/cull2_original_bg/head/224/20230831_140541/m--20230831_140541--f001138.jpg,20230831_140541,mauritius,original,video,False,train,3827.685516026555
data/processed/mauritius/video/not_augmented/cull2_original_bg/head/224/20230831_140541/m--20230831_140541--f001140.jpg,20230831_140541,mauritius,original,video,False,train,3983.2757979905
data/processed/mauritius/video/not_augmented/cull2_original_bg/head/224/20230831_140541/m--20230831_140541--f001142.jpg,20230831_140541,mauritius,original,video,False,train,3687.549990391841
data/processed/mauritius/video/not_augmented/cull2_original_bg/head/224/20230831_140541/m--20230831_140541--f001144.jpg,20230831_140541,mauritius,original,video,False,train,3831.162251629368
data/processed/mauritius/video/not_augmented/cull2_original_bg/head/224/20230831_140541/m--20230831_140541--f001146.jpg,20230831_140541,mauritius,original,video,False,train,4751.516719915031
data/processed/mauritius/video/not_augmented/cull2_original_bg/head/224/20230831_140541/m--20230831_140541--f001148.jpg,20230831_140541,mauritius,original,video,False,train,4981.240374289072
data/processed/mauritius/video/not_augmented/cull2_original_bg/head/224/20230831_140541/m--20230831_140541--f001150.jpg,20230831_140541,mauritius,original,video,False,train,5012.999369803989
data/processed/mauritius/video/not_augmented/cull2_original_bg/head/224/20230831_140541/m--20230831_140541--f001152.jpg,20230831_140541,mauritius,original,video,False,train,4596.0007038803615
data/processed/mauritius/video/not_augmented/cull2_original_bg/head/224/20230831_140541/m--20230831_140541--f001154.jpg,20230831_140541,mauritius,original,video,False,train,4552.8710553075125
data/processed/mauritius/video/not_augmented/cull2_original_bg/head/224/20230831_140541/m--20230831_140541--f001156.jpg,20230831_140541,mauritius,original,video,False,train,4976.939111063749
data/processed/mauritius/video/not_augmented/cull2_original_bg/head/224/20230831_140541/m--20230831_140541--f001158.jpg,20230831_140541,mauritius,original,video,False,train,4988.775988514053
data/processed/mauritius/video/not_augmented/cull2_original_bg/head/224/20230831_140541/m--20230831_140541--f001160.jpg,20230831_140541,mauritius,original,video,False,train,4945.411044662568
data/processed/mauritius/video/not_augmented/cull2_original_bg/head/224/20230831_140541/m--20230831_140541--f001162.jpg,20230831_140541,mauritius,original,video,False,train,4909.482608232733
data/processed/mauritius/video/not_augmented/cull2_original_bg/head/224/20230831_140541/m--20230831_140541--f001164.jpg,20230831_140541,mauritius,original,video,False,train,4712.598543194522
data/processed/mauritius/video/not_augmented/cull2_original_bg/head/224/20230831_140541/m--20230831_140541--f001166.jpg,20230831_140541,mauritius,original,video,False,train,4658.398237972744
data/processed/mauritius/video/not_augmented/cull2_original_bg/head/224/20230831_140541/m--20230831_140541--f001168.jpg,20230831_140541,mauritius,original,video,False,train,4532.676008917996
data/processed/mauritius/video/not_augmented/cull2_original_bg/head/224/20230831_140541/m--20230831_140541--f001170.jpg,20230831_140541,mauritius,original,video,False,train,4872.1546702482265
data/processed/mauritius/video/not_augmented/cull2_original_bg/head/224/20230831_140541/m--20230831_140541--f001172.jpg,20230831_140541,mauritius,original,video,False,train,4778.5372495953125
data/processed/mauritius/video/not_augmented/cull2_original_bg/head/224/20230831_140541/m--20230831_140541--f001174.jpg,20230831_140541,mauritius,original,video,False,train,4931.836403248559
data/processed/mauritius/video/not_augmented/cull2_original_bg/head/224/20230831_140541/m--20230831_140541--f001176.jpg,20230831_140541,mauritius,original,video,False,train,5050.0197871207
data/processed/mauritius/video/not_augmented/cull2_original_bg/head/224/20230831_140541/m--20230831_140541--f001178.jpg,20230831_140541,mauritius,original,video,False,train,5112.197959604386
data/processed/mauritius/video/not_augmented/cull2_original_bg/head/224/20230831_140541/m--20230831_140541--f001180.jpg,20230831_140541,mauritius,original,video,False,train,4770.135150977346
data/processed/mauritius/video/not_augmented/cull2_original_bg/head/224/20230831_140541/m--20230831_140541--f001182.jpg,20230831_140541,mauritius,original,video,False,train,3548.149669335813
data/processed/mauritius/video/not_augmented/cull2_original_bg/head/224/20230831_140541/m--20230831_140541--f001184.jpg,20230831_140541,mauritius,original,video,False,train,3747.515749729559
data/processed/mauritius/video/not_augmented/cull2_original_bg/head/224/20230831_140541/m--20230831_140541--f001186.jpg,20230831_140541,mauritius,original,video,False,train,4651.016320653579
data/processed/mauritius/video/not_augmented/cull2_original_bg/head/224/20230831_140541/m--20230831_140541--f001188.jpg,20230831_140541,mauritius,original,video,False,train,2889.2087398721296
data/processed/mauritius/video/not_augmented/cull2_original_bg/head/224/20230831_140541/m--20230831_140541--f001190.jpg,20230831_140541,mauritius,original,video,False,train,4305.888380947137
data/processed/mauritius/video/not_augmented/cull2_original_bg/head/224/20230831_140541/m--20230831_140541--f001192.jpg,20230831_140541,mauritius,original,video,False,train,3250.668516121324
data/processed/mauritius/video/not_augmented/cull2_original_bg/head/224/20230831_140541/m--20230831_140541--f001194.jpg,20230831_140541,mauritius,original,video,False,train,2653.677911693679
data/processed/mauritius/video/not_augmented/cull2_original_bg/head/224/20230831_140541/m--20230831_140541--f001196.jpg,20230831_140541,mauritius,original,video,False,train,2558.166496152929
data/processed/mauritius/video/not_augmented/cull2_original_bg/head/224/20230831_140541/m--20230831_140541--f001198.jpg,20230831_140541,mauritius,original,video,False,train,2482.852268484323
data/processed/mauritius/video/not_augmented/cull2_original_bg/head/224/20230831_140541/m--20230831_140541--f001204.jpg,20230831_140541,mauritius,original,video,False,train,2287.444228950812
data/processed/mauritius/video/not_augmented/cull2_original_bg/head/224/20230831_140541/m--20230831_140541--f001208.jpg,20230831_140541,mauritius,original,video,False,train,1761.6096513470925
data/processed/mauritius/video/not_augmented/cull2_original_bg/head/224/20230831_141252/m--20230831_141252--f000152.jpg,20230831_141252,mauritius,original,video,False,train,241.69706509958357
data/processed/mauritius/video/not_augmented/cull2_original_bg/head/224/20230831_141252/m--20230831_141252--f000154.jpg,20230831_141252,mauritius,original,video,False,train,134.53397838675144
data/processed/mauritius/video/not_augmented/cull2_original_bg/head/224/20230831_141252/m--20230831_141252--f000156.jpg,20230831_141252,mauritius,original,video,False,train,276.1832840394001
data/processed/mauritius/video/not_augmented/cull2_original_bg/head/224/20230831_141252/m--20230831_141252--f000158.jpg,20230831_141252,mauritius,original,video,False,train,203.52025639519303
data/processed/mauritius/video/not_augmented/cull2_original_bg/head/224/20230831_141252/m--20230831_141252--f000160.jpg,20230831_141252,mauritius,original,video,False,train,191.94830178479657
data/processed/mauritius/video/not_augmented/cull2_original_bg/head/224/20230831_141252/m--20230831_141252--f000162.jpg,20230831_141252,mauritius,original,video,False,train,210.53737369809036
data/processed/mauritius/video/not_augmented/cull2_original_bg/head/224/20230831_141252/m--20230831_141252--f000164.jpg,20230831_141252,mauritius,original,video,False,train,233.48334286144404
data/processed/mauritius/video/not_augmented/cull2_original_bg/head/224/20230831_141252/m--20230831_141252--f000166.jpg,20230831_141252,mauritius,original,video,False,train,280.0408123545426
data/processed/mauritius/video/not_augmented/cull2_original_bg/head/224/20230831_141252/m--20230831_141252--f000168.jpg,20230831_141252,mauritius,original,video,False,train,290.3971398257058
data/processed/mauritius/video/not_augmented/cull2_original_bg/head/224/20230831_141252/m--20230831_141252--f000170.jpg,20230831_141252,mauritius,original,video,False,train,244.86947310541828
data/processed/mauritius/video/not_augmented/cull2_original_bg/head/224/20230831_141252/m--20230831_141252--f000172.jpg,20230831_141252,mauritius,original,video,False,train,484.4822072716665
data/processed/mauritius/video/not_augmented/cull2_original_bg/head/224/20230831_141252/m--20230831_141252--f000174.jpg,20230831_141252,mauritius,original,video,False,train,216.89007799965995
data/processed/mauritius/video/not_augmented/cull2_original_bg/head/224/20230831_141252/m--20230831_141252--f000176.jpg,20230831_141252,mauritius,original,video,False,train,642.4335147165746
data/processed/mauritius/video/not_augmented/cull2_original_bg/head/224/20230831_141252/m--20230831_141252--f000178.jpg,20230831_141252,mauritius,original,video,False,train,505.0405355764897
data/processed/mauritius/video/not_augmented/cull2_original_bg/head/224/20230831_141252/m--20230831_141252--f000180.jpg,20230831_141252,mauritius,original,video,False,train,240.91722280271156
data/processed/mauritius/video/not_augmented/cull2_original_bg/head/224/20230831_141252/m--20230831_141252--f000254.jpg,20230831_141252,mauritius,original,video,False,train,626.724966987378
data/processed/mauritius/video/not_augmented/cull2_original_bg/head/224/20230831_141252/m--20230831_141252--f000256.jpg,20230831_141252,mauritius,original,video,False,train,1748.1606265444998
data/processed/mauritius/video/not_augmented/cull2_original_bg/head/224/20230831_141252/m--20230831_141252--f000258.jpg,20230831_141252,mauritius,original,video,False,train,2655.1602375673183
data/processed/mauritius/video/not_augmented/cull2_original_bg/head/224/20230831_141252/m--20230831_141252--f000260.jpg,20230831_141252,mauritius,original,video,False,train,2948.034693078069
data/processed/mauritius/video/not_augmented/cull2_original_bg/head/224/20230831_141252/m--20230831_141252--f000262.jpg,20230831_141252,mauritius,original,video,False,train,3673.688387545086
data/processed/mauritius/video/not_augmented/cull2_original_bg/head/224/20230831_141252/m--20230831_141252--f000264.jpg,20230831_141252,mauritius,original,video,False,train,3404.858393540436
data/processed/mauritius/video/not_augmented/cull2_original_bg/head/224/20230831_141252/m--20230831_141252--f000266.jpg,20230831_141252,mauritius,original,video,False,train,3136.665517264036
data/processed/mauritius/video/not_augmented/cull2_original_bg/head/224/20230831_141252/m--20230831_141252--f000268.jpg,20230831_141252,mauritius,original,video,False,train,2750.4278899017645
data/processed/mauritius/video/not_augmented/cull2_original_bg/head/224/20230831_141252/m--20230831_141252--f000270.jpg,20230831_141252,mauritius,original,video,False,train,2244.4258222436965
data/processed/mauritius/video/not_augmented/cull2_original_bg/head/224/20230831_141252/m--20230831_141252--f000272.jpg,20230831_141252,mauritius,original,video,False,train,2640.482570766956
data/processed/mauritius/video/not_augmented/cull2_original_bg/head/224/20230831_141252/m--20230831_141252--f000274.jpg,20230831_141252,mauritius,original,video,False,train,3020.056290200332
data/processed/mauritius/video/not_augmented/cull2_original_bg/head/224/20230831_141252/m--20230831_141252--f000276.jpg,20230831_141252,mauritius,original,video,False,train,3272.73831665948
data/processed/mauritius/video/not_augmented/cull2_original_bg/head/224/20230831_141252/m--20230831_141252--f000278.jpg,20230831_141252,mauritius,original,video,False,train,3499.0251504738394
data/processed/mauritius/video/not_augmented/cull2_original_bg/head/224/20230831_141252/m--20230831_141252--f000280.jpg,20230831_141252,mauritius,original,video,False,train,3737.8767165851714
data/processed/mauritius/video/not_augmented/cull2_original_bg/head/224/20230831_141252/m--20230831_141252--f000282.jpg,20230831_141252,mauritius,original,video,False,train,3921.579865515208
data/processed/mauritius/video/not_augmented/cull2_original_bg/head/224/20230831_141252/m--20230831_141252--f000284.jpg,20230831_141252,mauritius,original,video,False,train,3881.1749174121214
data/processed/mauritius/video/not_augmented/cull2_original_bg/head/224/20230831_141252/m--20230831_141252--f000286.jpg,20230831_141252,mauritius,original,video,False,train,3907.634128171372
data/processed/mauritius/video/not_augmented/cull2_original_bg/head/224/20230831_141252/m--20230831_141252--f000288.jpg,20230831_141252,mauritius,original,video,False,train,3920.771966094129
data/processed/mauritius/video/not_augmented/cull2_original_bg/head/224/20230831_141252/m--20230831_141252--f000290.jpg,20230831_141252,mauritius,original,video,False,train,3935.640599450585
data/processed/mauritius/video/not_augmented/cull2_original_bg/head/224/20230831_141252/m--20230831_141252--f000292.jpg,20230831_141252,mauritius,original,video,False,train,3933.623244368201
data/processed/mauritius/video/not_augmented/cull2_original_bg/head/224/20230831_141252/m--20230831_141252--f000294.jpg,20230831_141252,mauritius,original,video,False,train,3733.8237151511753
data/processed/mauritius/video/not_augmented/cull2_original_bg/head/224/20230831_141252/m--20230831_141252--f000296.jpg,20230831_141252,mauritius,original,video,False,train,1809.996601649693
data/processed/mauritius/video/not_augmented/cull2_original_bg/head/224/20230831_141252/m--20230831_141252--f000298.jpg,20230831_141252,mauritius,original,video,False,train,1587.8206064588874
data/processed/mauritius/video/not_augmented/cull2_original_bg/head/224/20230831_141252/m--20230831_141252--f000300.jpg,20230831_141252,mauritius,original,video,False,train,2644.7843255452544
data/processed/mauritius/video/not_augmented/cull2_original_bg/head/224/20230831_141252/m--20230831_141252--f000310.jpg,20230831_141252,mauritius,original,video,False,train,664.8394110285208
data/processed/mauritius/video/not_augmented/cull2_original_bg/head/224/20230831_141252/m--20230831_141252--f001062.jpg,20230831_141252,mauritius,original,video,False,train,3284.2038248769945
data/processed/mauritius/video/not_augmented/cull2_original_bg/head/224/20230831_141252/m--20230831_141252--f001064.jpg,20230831_141252,mauritius,original,video,False,train,3214.3187624996085
data/processed/mauritius/video/not_augmented/cull2_original_bg/head/224/20230831_141252/m--20230831_141252--f001066.jpg,20230831_141252,mauritius,original,video,False,train,3570.6884289494856
data/processed/mauritius/video/not_augmented/cull2_original_bg/head/224/20230831_141252/m--20230831_141252--f001068.jpg,20230831_141252,mauritius,original,video,False,train,2748.718987531237
data/processed/mauritius/video/not_augmented/cull2_original_bg/head/224/20230831_141252/m--20230831_141252--f001070.jpg,20230831_141252,mauritius,original,video,False,train,2065.2123765607816
data/processed/mauritius/video/not_augmented/cull2_original_bg/head/224/20230831_141252/m--20230831_141252--f001072.jpg,20230831_141252,mauritius,original,video,False,train,2223.5084094802623
data/processed/mauritius/video/not_augmented/cull2_original_bg/head/224/20230831_141252/m--20230831_141252--f001156.jpg,20230831_141252,mauritius,original,video,False,train,2026.128701231868
data/processed/mauritius/video/not_augmented/cull2_original_bg/head/224/20230831_141252/m--20230831_141252--f001164.jpg,20230831_141252,mauritius,original,video,False,train,1211.8721693881796
data/processed/mauritius/video/not_augmented/cull2_original_bg/head/224/20230831_141252/m--20230831_141252--f001166.jpg,20230831_141252,mauritius,original,video,False,train,1834.9196627869896
data/processed/mauritius/video/not_augmented/cull2_original_bg/head/224/20230831_141252/m--20230831_141252--f001198.jpg,20230831_141252,mauritius,original,video,False,train,2333.857461656843
data/processed/mauritius/video/not_augmented/cull2_original_bg/head/224/20230831_141252/m--20230831_141252--f001200.jpg,20230831_141252,mauritius,original,video,False,train,2315.2412280694784
data/processed/mauritius/video/not_augmented/cull2_original_bg/head/224/20230831_141252/m--20230831_141252--f001202.jpg,20230831_141252,mauritius,original,video,False,train,2376.352600564365
data/processed/mauritius/video/not_augmented/cull2_original_bg/head/224/20230831_141252/m--20230831_141252--f001204.jpg,20230831_141252,mauritius,original,video,False,train,2335.70561587458
data/processed/mauritius/video/not_augmented/cull2_original_bg/head/224/20230831_141252/m--20230831_141252--f001206.jpg,20230831_141252,mauritius,original,video,False,train,1987.946445494878
data/processed/mauritius/video/not_augmented/cull2_original_bg/head/224/20230831_141252/m--20230831_141252--f001214.jpg,20230831_141252,mauritius,original,video,False,train,1326.0675412181613
data/processed/mauritius/video/not_augmented/cull2_original_bg/head/224/20230831_141252/m--20230831_141252--f001216.jpg,20230831_141252,mauritius,original,video,False,train,1565.7058820744346
data/processed/mauritius/video/not_augmented/cull2_original_bg/head/224/20230831_141252/m--20230831_141252--f001218.jpg,20230831_141252,mauritius,original,video,False,train,1430.4308065420782
data/processed/mauritius/video/not_augmented/cull2_original_bg/head/224/20230831_141252/m--20230831_141252--f001220.jpg,20230831_141252,mauritius,original,video,False,train,1456.3757373372102
data/processed/mauritius/video/not_augmented/cull2_original_bg/head/224/20230831_141252/m--20230831_141252--f001222.jpg,20230831_141252,mauritius,original,video,False,train,1140.06571368623
data/processed/mauritius/video/not_augmented/cull2_original_bg/head/224/20230831_141252/m--20230831_141252--f001224.jpg,20230831_141252,mauritius,original,video,False,train,808.7514660699028
data/processed/mauritius/video/not_augmented/cull2_original_bg/head/224/20230831_141252/m--20230831_141252--f001326.jpg,20230831_141252,mauritius,original,video,False,train,1619.3718687797875
data/processed/mauritius/video/not_augmented/cull2_original_bg/head/224/20230831_141252/m--20230831_141252--f001328.jpg,20230831_141252,mauritius,original,video,False,train,1531.0010360454032
data/processed/mauritius/video/not_augmented/cull2_original_bg/head/224/20230831_141252/m--20230831_141252--f001330.jpg,20230831_141252,mauritius,original,video,False,train,1388.9230307023358
data/processed/mauritius/video/not_augmented/cull2_original_bg/head/224/20230831_141252/m--20230831_141252--f001332.jpg,20230831_141252,mauritius,original,video,False,train,1096.7776915559368
data/processed/mauritius/video/not_augmented/cull2_original_bg/head/224/20230831_143044/m--20230831_143044--f000210.jpg,20230831_143044,mauritius,original,video,False,train,1369.4803103725396
data/processed/mauritius/video/not_augmented/cull2_original_bg/head/224/20230831_143044/m--20230831_143044--f000212.jpg,20230831_143044,mauritius,original,video,False,train,2888.157726128962
data/processed/mauritius/video/not_augmented/cull2_original_bg/head/224/20230831_143044/m--20230831_143044--f000214.jpg,20230831_143044,mauritius,original,video,False,train,3962.403489231616
data/processed/mauritius/video/not_augmented/cull2_original_bg/head/224/20230831_143044/m--20230831_143044--f000216.jpg,20230831_143044,mauritius,original,video,False,train,4888.250719784201
data/processed/mauritius/video/not_augmented/cull2_original_bg/head/224/20230831_143044/m--20230831_143044--f000218.jpg,20230831_143044,mauritius,original,video,False,train,4777.636414552519
data/processed/mauritius/video/not_augmented/cull2_original_bg/head/224/20230831_143044/m--20230831_143044--f000220.jpg,20230831_143044,mauritius,original,video,False,train,4709.126026830392
data/processed/mauritius/video/not_augmented/cull2_original_bg/head/224/20230831_143044/m--20230831_143044--f000222.jpg,20230831_143044,mauritius,original,video,False,train,4672.721838989241
data/processed/mauritius/video/not_augmented/cull2_original_bg/head/224/20230831_143044/m--20230831_143044--f000224.jpg,20230831_143044,mauritius,original,video,False,train,4613.313127920062
data/processed/mauritius/video/not_augmented/cull2_original_bg/head/224/20230831_143044/m--20230831_143044--f000226.jpg,20230831_143044,mauritius,original,video,False,train,4512.550775142671
data/processed/mauritius/video/not_augmented/cull2_original_bg/head/224/20230831_143044/m--20230831_143044--f000228.jpg,20230831_143044,mauritius,original,video,False,train,2161.2770732476883
data/processed/mauritius/video/not_augmented/cull2_original_bg/head/224/20230831_143044/m--20230831_143044--f000288.jpg,20230831_143044,mauritius,original,video,False,train,772.2721959514848
data/processed/mauritius/video/not_augmented/cull2_original_bg/head/224/20230831_143044/m--20230831_143044--f001070.jpg,20230831_143044,mauritius,original,video,False,train,1855.1011443148052
data/processed/mauritius/video/not_augmented/cull2_original_bg/head/224/20230831_143044/m--20230831_143044--f001072.jpg,20230831_143044,mauritius,original,video,False,train,2081.62437197746
data/processed/mauritius/video/not_augmented/cull2_original_bg/head/224/20230831_143044/m--20230831_143044--f001074.jpg,20230831_143044,mauritius,original,video,False,train,4341.472717092913
data/processed/mauritius/video/not_augmented/cull2_original_bg/head/224/20230831_143044/m--20230831_143044--f001076.jpg,20230831_143044,mauritius,original,video,False,train,4839.104663364295
data/processed/mauritius/video/not_augmented/cull2_original_bg/head/224/20230831_143044/m--20230831_143044--f001078.jpg,20230831_143044,mauritius,original,video,False,train,5256.6626401454005
data/processed/mauritius/video/not_augmented/cull2_original_bg/head/224/20230831_143044/m--20230831_143044--f001374.jpg,20230831_143044,mauritius,original,video,False,train,1836.5858035820415
data/processed/mauritius/video/not_augmented/cull2_original_bg/head/224/20230831_143044/m--20230831_143044--f001376.jpg,20230831_143044,mauritius,original,video,False,train,3137.120169412786
data/processed/mauritius/video/not_augmented/cull2_original_bg/head/224/20230831_143044/m--20230831_143044--f001378.jpg,20230831_143044,mauritius,original,video,False,train,4468.055800431573
data/processed/mauritius/video/not_augmented/cull2_original_bg/head/224/20230831_143044/m--20230831_143044--f001380.jpg,20230831_143044,mauritius,original,video,False,train,4985.150011468162
data/processed/mauritius/video/not_augmented/cull2_original_bg/head/224/20230831_143044/m--20230831_143044--f001382.jpg,20230831_143044,mauritius,original,video,False,train,4746.09694884172
data/processed/mauritius/video/not_augmented/cull2_original_bg/head/224/20230831_143044/m--20230831_143044--f001384.jpg,20230831_143044,mauritius,original,video,False,train,4585.479050962789
data/processed/mauritius/video/not_augmented/cull2_original_bg/head/224/20230831_143044/m--20230831_143044--f001386.jpg,20230831_143044,mauritius,original,video,False,train,4783.663679619026
data/processed/mauritius/video/not_augmented/cull2_original_bg/head/224/20230831_143044/m--20230831_143044--f001388.jpg,20230831_143044,mauritius,original,video,False,train,4629.566577534435
data/processed/mauritius/video/not_augmented/cull2_original_bg/head/224/20230831_143044/m--20230831_143044--f001390.jpg,20230831_143044,mauritius,original,video,False,train,4588.588950629434
data/processed/mauritius/video/not_augmented/cull2_original_bg/head/224/20230831_143044/m--20230831_143044--f001392.jpg,20230831_143044,mauritius,original,video,False,train,4054.986518783204
data/processed/mauritius/video/not_augmented/cull2_original_bg/head/224/20230831_143044/m--20230831_143044--f001394.jpg,20230831_143044,mauritius,original,video,False,train,3062.017197265371
data/processed/mauritius/video/not_augmented/cull2_original_bg/head/224/20230831_143044/m--20230831_143044--f001396.jpg,20230831_143044,mauritius,original,video,False,train,3735.799055665893
data/processed/mauritius/video/not_augmented/cull2_original_bg/head/224/20230831_143044/m--20230831_143044--f001398.jpg,20230831_143044,mauritius,original,video,False,train,3999.9974432817753
data/processed/mauritius/video/not_augmented/cull2_original_bg/head/224/20230831_143044/m--20230831_143044--f001400.jpg,20230831_143044,mauritius,original,video,False,train,3560.79230331173
data/processed/mauritius/video/not_augmented/cull2_original_bg/head/224/20230831_143044/m--20230831_143044--f001406.jpg,20230831_143044,mauritius,original,video,False,train,2714.879800231693
data/processed/mauritius/video/not_augmented/cull2_original_bg/head/224/20230831_143044/m--20230831_143044--f001408.jpg,20230831_143044,mauritius,original,video,False,train,1388.0496703131605
data/processed/mauritius/video/not_augmented/cull2_original_bg/head/224/20230831_155428/m--20230831_155428--f000152.jpg,20230831_155428,mauritius,original,video,False,train,1538.6731728534303
data/processed/mauritius/video/not_augmented/cull2_original_bg/head/224/20230831_155428/m--20230831_155428--f000154.jpg,20230831_155428,mauritius,original,video,False,train,665.3919171508476
data/processed/mauritius/video/not_augmented/cull2_original_bg/head/224/20230831_155428/m--20230831_155428--f000164.jpg,20230831_155428,mauritius,original,video,False,train,1618.153938515491
data/processed/mauritius/video/not_augmented/cull2_original_bg/head/224/20230831_155428/m--20230831_155428--f000166.jpg,20230831_155428,mauritius,original,video,False,train,1495.4991680651294
data/processed/mauritius/video/not_augmented/cull2_original_bg/head/224/20230831_155428/m--20230831_155428--f000170.jpg,20230831_155428,mauritius,original,video,False,train,1979.2461304178044
data/processed/mauritius/video/not_augmented/cull2_original_bg/head/224/20230831_155428/m--20230831_155428--f000180.jpg,20230831_155428,mauritius,original,video,False,train,2277.543307537936
data/processed/mauritius/video/not_augmented/cull2_original_bg/head/224/20230831_155428/m--20230831_155428--f000182.jpg,20230831_155428,mauritius,original,video,False,train,1709.8560381960444
data/processed/mauritius/video/not_augmented/cull2_original_bg/head/224/20230831_155428/m--20230831_155428--f000184.jpg,20230831_155428,mauritius,original,video,False,train,1819.731136529756
data/processed/mauritius/video/not_augmented/cull2_original_bg/head/224/20230831_155428/m--20230831_155428--f000186.jpg,20230831_155428,mauritius,original,video,False,train,1514.062308152583
data/processed/mauritius/video/not_augmented/cull2_original_bg/head/224/20230831_155428/m--20230831_155428--f000190.jpg,20230831_155428,mauritius,original,video,False,train,2138.117556376539
data/processed/mauritius/video/not_augmented/cull2_original_bg/head/224/20230831_155428/m--20230831_155428--f000192.jpg,20230831_155428,mauritius,original,video,False,train,2005.1954819783723
data/processed/mauritius/video/not_augmented/cull2_original_bg/head/224/20230831_155428/m--20230831_155428--f000194.jpg,20230831_155428,mauritius,original,video,False,train,1414.8812689536908
data/processed/mauritius/video/not_augmented/cull2_original_bg/head/224/20230831_155428/m--20230831_155428--f001002.jpg,20230831_155428,mauritius,original,video,False,train,142.71645806720483
data/processed/mauritius/video/not_augmented/cull2_original_bg/head/224/20230831_155428/m--20230831_155428--f001004.jpg,20230831_155428,mauritius,original,video,False,train,180.1949276934064
data/processed/mauritius/video/not_augmented/cull2_original_bg/head/224/20230831_155428/m--20230831_155428--f001008.jpg,20230831_155428,mauritius,original,video,False,train,313.87226171426005
data/processed/mauritius/video/not_augmented/cull2_original_bg/head/224/20230831_155428/m--20230831_155428--f001016.jpg,20230831_155428,mauritius,original,video,False,train,144.76419426450525
data/processed/mauritius/video/not_augmented/cull2_original_bg/head/224/20230831_155428/m--20230831_155428--f001018.jpg,20230831_155428,mauritius,original,video,False,train,256.2829532452496
data/processed/mauritius/video/not_augmented/cull2_original_bg/head/224/20230831_155428/m--20230831_155428--f001020.jpg,20230831_155428,mauritius,original,video,False,train,183.57633090704397
data/processed/mauritius/video/not_augmented/cull2_original_bg/head/224/20230831_155428/m--20230831_155428--f001022.jpg,20230831_155428,mauritius,original,video,False,train,190.9730779654976
data/processed/mauritius/video/not_augmented/cull2_original_bg/head/224/20230831_155428/m--20230831_155428--f001098.jpg,20230831_155428,mauritius,original,video,False,train,363.29010848609767
data/processed/mauritius/video/not_augmented/cull2_original_bg/head/224/20230831_155428/m--20230831_155428--f001102.jpg,20230831_155428,mauritius,original,video,False,train,1366.4290434262596
data/processed/mauritius/video/not_augmented/cull2_original_bg/head/224/20230831_155428/m--20230831_155428--f001104.jpg,20230831_155428,mauritius,original,video,False,train,1290.3319716284743
data/processed/mauritius/video/not_augmented/cull2_original_bg/head/224/20230831_155428/m--20230831_155428--f001106.jpg,20230831_155428,mauritius,original,video,False,train,289.23240598347326
data/processed/mauritius/video/not_augmented/cull2_original_bg/head/224/20230831_155428/m--20230831_155428--f001110.jpg,20230831_155428,mauritius,original,video,False,train,399.8204936083532
data/processed/mauritius/video/not_augmented/cull2_original_bg/head/224/20230831_155428/m--20230831_155428--f001112.jpg,20230831_155428,mauritius,original,video,False,train,168.31535376175793
data/processed/mauritius/video/not_augmented/cull2_original_bg/head/224/20230831_155428/m--20230831_155428--f001118.jpg,20230831_155428,mauritius,original,video,False,train,189.9657337767836
data/processed/mauritius/video/not_augmented/cull2_original_bg/head/224/20230831_155428/m--20230831_155428--f001142.jpg,20230831_155428,mauritius,original,video,False,train,969.5752210112624
data/processed/mauritius/video/not_augmented/cull2_original_bg/head/224/20230831_155428/m--20230831_155428--f001146.jpg,20230831_155428,mauritius,original,video,False,train,730.47871512048
data/processed/mauritius/video/not_augmented/cull2_original_bg/head/224/20230831_155428/m--20230831_155428--f001152.jpg,20230831_155428,mauritius,original,video,False,train,1252.0340582205326
data/processed/mauritius/video/not_augmented/cull2_original_bg/head/224/20230831_155428/m--20230831_155428--f001154.jpg,20230831_155428,mauritius,original,video,False,train,1512.147058233526
data/processed/mauritius/video/not_augmented/cull2_original_bg/head/224/20230831_155428/m--20230831_155428--f001156.jpg,20230831_155428,mauritius,original,video,False,train,1097.9987256575605
data/processed/mauritius/video/not_augmented/cull2_original_bg/head/224/20230831_155428/m--20230831_155428--f001158.jpg,20230831_155428,mauritius,original,video,False,train,1381.622174866346
data/processed/mauritius/video/not_augmented/cull2_original_bg/head/224/20230831_155428/m--20230831_155428--f001160.jpg,20230831_155428,mauritius,original,video,False,train,611.799409126749
data/processed/mauritius/video/not_augmented/cull2_original_bg/head/224/20230831_155428/m--20230831_155428--f001162.jpg,20230831_155428,mauritius,original,video,False,train,935.9576620843102
data/processed/mauritius/video/not_augmented/cull2_original_bg/head/224/20230831_155428/m--20230831_155428--f001166.jpg,20230831_155428,mauritius,original,video,False,train,133.6676432181775
data/processed/mauritius/video/not_augmented/cull2_original_bg/head/224/20230831_161620/m--20230831_161620--f000152.jpg,20230831_161620,mauritius,original,video,False,test,57.48171985630986
data/processed/mauritius/video/not_augmented/cull2_original_bg/head/224/20230831_161620/m--20230831_161620--f000154.jpg,20230831_161620,mauritius,original,video,False,test,76.17891769019924
data/processed/mauritius/video/not_augmented/cull2_original_bg/head/224/20230831_161620/m--20230831_161620--f000156.jpg,20230831_161620,mauritius,original,video,False,test,1351.6053771936909
data/processed/mauritius/video/not_augmented/cull2_original_bg/head/224/20230831_161620/m--20230831_161620--f000158.jpg,20230831_161620,mauritius,original,video,False,test,74.68010058953136
data/processed/mauritius/video/not_augmented/cull2_original_bg/head/224/20230831_161620/m--20230831_161620--f000162.jpg,20230831_161620,mauritius,original,video,False,test,91.6909042443399
data/processed/mauritius/video/not_augmented/cull2_original_bg/head/224/20230831_161620/m--20230831_161620--f000166.jpg,20230831_161620,mauritius,original,video,False,test,70.41887535466994
data/processed/mauritius/video/not_augmented/cull2_original_bg/head/224/20230831_161620/m--20230831_161620--f000168.jpg,20230831_161620,mauritius,original,video,False,test,79.3441954155556
data/processed/mauritius/video/not_augmented/cull2_original_bg/head/224/20230831_161620/m--20230831_161620--f000170.jpg,20230831_161620,mauritius,original,video,False,test,83.9242051139269
data/processed/mauritius/video/not_augmented/cull2_original_bg/head/224/20230831_161620/m--20230831_161620--f000172.jpg,20230831_161620,mauritius,original,video,False,test,281.970627650873
data/processed/mauritius/video/not_augmented/cull2_original_bg/head/224/20230831_161620/m--20230831_161620--f000174.jpg,20230831_161620,mauritius,original,video,False,test,655.5011555049282
data/processed/mauritius/video/not_augmented/cull2_original_bg/head/224/20230831_161620/m--20230831_161620--f000176.jpg,20230831_161620,mauritius,original,video,False,test,1444.8241177772989
data/processed/mauritius/video/not_augmented/cull2_original_bg/head/224/20230831_161620/m--20230831_161620--f000178.jpg,20230831_161620,mauritius,original,video,False,test,868.7688715170939
data/processed/mauritius/video/not_augmented/cull2_original_bg/head/224/20230831_161620/m--20230831_161620--f000180.jpg,20230831_161620,mauritius,original,video,False,test,925.1751272002144
data/processed/mauritius/video/not_augmented/cull2_original_bg/head/224/20230831_161620/m--20230831_161620--f000182.jpg,20230831_161620,mauritius,original,video,False,test,543.8976309512964
data/processed/mauritius/video/not_augmented/cull2_original_bg/head/224/20230831_161620/m--20230831_161620--f000184.jpg,20230831_161620,mauritius,original,video,False,test,1319.3007214600618
data/processed/mauritius/video/not_augmented/cull2_original_bg/head/224/20230831_161620/m--20230831_161620--f000186.jpg,20230831_161620,mauritius,original,video,False,test,2141.5622521082296
data/processed/mauritius/video/not_augmented/cull2_original_bg/head/224/20230831_161620/m--20230831_161620--f000188.jpg,20230831_161620,mauritius,original,video,False,test,2863.9686891392143
data/processed/mauritius/video/not_augmented/cull2_original_bg/head/224/20230831_161620/m--20230831_161620--f000190.jpg,20230831_161620,mauritius,original,video,False,test,2403.2905270323463
data/processed/mauritius/video/not_augmented/cull2_original_bg/head/224/20230831_161620/m--20230831_161620--f000192.jpg,20230831_161620,mauritius,original,video,False,test,2494.6464972787976
data/processed/mauritius/video/not_augmented/cull2_original_bg/head/224/20230831_161620/m--20230831_161620--f000194.jpg,20230831_161620,mauritius,original,video,False,test,2196.9231581475424
data/processed/mauritius/video/not_augmented/cull2_original_bg/head/224/20230831_161620/m--20230831_161620--f000196.jpg,20230831_161620,mauritius,original,video,False,test,3175.379594846549
data/processed/mauritius/video/not_augmented/cull2_original_bg/head/224/20230831_161620/m--20230831_161620--f000198.jpg,20230831_161620,mauritius,original,video,False,test,3189.913629905624
data/processed/mauritius/video/not_augmented/cull2_original_bg/head/224/20230831_161620/m--20230831_161620--f000200.jpg,20230831_161620,mauritius,original,video,False,test,2950.735497985865
data/processed/mauritius/video/not_augmented/cull2_original_bg/head/224/20230831_161620/m--20230831_161620--f000202.jpg,20230831_161620,mauritius,original,video,False,test,3110.557078210576
data/processed/mauritius/video/not_augmented/cull2_original_bg/head/224/20230831_161620/m--20230831_161620--f000204.jpg,20230831_161620,mauritius,original,video,False,test,2704.163705360685
data/processed/mauritius/video/not_augmented/cull2_original_bg/head/224/20230831_161620/m--20230831_161620--f000206.jpg,20230831_161620,mauritius,original,video,False,test,2999.595613883963
data/processed/mauritius/video/not_augmented/cull2_original_bg/head/224/20230831_161620/m--20230831_161620--f000208.jpg,20230831_161620,mauritius,original,video,False,test,2976.4153638753924
data/processed/mauritius/video/not_augmented/cull2_original_bg/head/224/20230831_161620/m--20230831_161620--f000210.jpg,20230831_161620,mauritius,original,video,False,test,3500.099776839972
data/processed/mauritius/video/not_augmented/cull2_original_bg/head/224/20230831_161620/m--20230831_161620--f000212.jpg,20230831_161620,mauritius,original,video,False,test,3013.222805698432
data/processed/mauritius/video/not_augmented/cull2_original_bg/head/224/20230831_161620/m--20230831_161620--f000214.jpg,20230831_161620,mauritius,original,video,False,test,2779.4567857731986
data/processed/mauritius/video/not_augmented/cull2_original_bg/head/224/20230831_161620/m--20230831_161620--f000216.jpg,20230831_161620,mauritius,original,video,False,test,2694.6885523889423
data/processed/mauritius/video/not_augmented/cull2_original_bg/head/224/20230831_161620/m--20230831_161620--f000218.jpg,20230831_161620,mauritius,original,video,False,test,2464.66388232705
data/processed/mauritius/video/not_augmented/cull2_original_bg/head/224/20230831_161620/m--20230831_161620--f000220.jpg,20230831_161620,mauritius,original,video,False,test,1880.804544253828
data/processed/mauritius/video/not_augmented/cull2_original_bg/head/224/20230831_161620/m--20230831_161620--f000222.jpg,20230831_161620,mauritius,original,video,False,test,1422.052652599314
data/processed/mauritius/video/not_augmented/cull2_original_bg/head/224/20230831_161620/m--20230831_161620--f000224.jpg,20230831_161620,mauritius,original,video,False,test,790.9454579001812
data/processed/mauritius/video/not_augmented/cull2_original_bg/head/224/20230831_161620/m--20230831_161620--f000226.jpg,20230831_161620,mauritius,original,video,False,test,250.0505127293127
data/processed/mauritius/video/not_augmented/cull2_original_bg/head/224/20230831_161620/m--20230831_161620--f000228.jpg,20230831_161620,mauritius,original,video,False,test,93.40326387174224
data/processed/mauritius/video/not_augmented/cull2_original_bg/head/224/20230831_161620/m--20230831_161620--f000230.jpg,20230831_161620,mauritius,original,video,False,test,43.33681908432319
data/processed/mauritius/video/not_augmented/cull2_original_bg/head/224/20230831_161620/m--20230831_161620--f000232.jpg,20230831_161620,mauritius,original,video,False,test,28.09367566821676
data/processed/mauritius/video/not_augmented/cull2_original_bg/head/224/20230831_161620/m--20230831_161620--f000234.jpg,20230831_161620,mauritius,original,video,False,test,21.92486192861332
data/processed/mauritius/video/not_augmented/cull2_original_bg/head/224/20230831_161620/m--20230831_161620--f001140.jpg,20230831_161620,mauritius,original,video,False,test,3785.8667991980574
data/processed/mauritius/video/not_augmented/cull2_original_bg/head/224/20230831_161620/m--20230831_161620--f001142.jpg,20230831_161620,mauritius,original,video,False,test,3637.020233906989
data/processed/mauritius/video/not_augmented/cull2_original_bg/head/224/20230831_161620/m--20230831_161620--f001144.jpg,20230831_161620,mauritius,original,video,False,test,3517.104212921394
data/processed/mauritius/video/not_augmented/cull2_original_bg/head/224/20230831_161620/m--20230831_161620--f001146.jpg,20230831_161620,mauritius,original,video,False,test,3764.8801883882606
data/processed/mauritius/video/not_augmented/cull2_original_bg/head/224/20230831_161620/m--20230831_161620--f001148.jpg,20230831_161620,mauritius,original,video,False,test,3473.807781449461
data/processed/mauritius/video/not_augmented/cull2_original_bg/head/224/20230831_161620/m--20230831_161620--f001150.jpg,20230831_161620,mauritius,original,video,False,test,2623.686889759256
data/processed/mauritius/video/not_augmented/cull2_original_bg/head/224/20230831_161620/m--20230831_161620--f001152.jpg,20230831_161620,mauritius,original,video,False,test,2753.244204137088
data/processed/mauritius/video/not_augmented/cull2_original_bg/head/224/20230831_161620/m--20230831_161620--f001154.jpg,20230831_161620,mauritius,original,video,False,test,3071.044336031795
data/processed/mauritius/video/not_augmented/cull2_original_bg/head/224/20230831_161620/m--20230831_161620--f001156.jpg,20230831_161620,mauritius,original,video,False,test,3026.8738061630047
data/processed/mauritius/video/not_augmented/cull2_original_bg/head/224/20230831_161620/m--20230831_161620--f001158.jpg,20230831_161620,mauritius,original,video,False,test,3044.604897008941
data/processed/mauritius/video/not_augmented/cull2_original_bg/head/224/20230831_161620/m--20230831_161620--f001160.jpg,20230831_161620,mauritius,original,video,False,test,2735.7539854351558
data/processed/mauritius/video/not_augmented/cull2_original_bg/head/224/20230831_161620/m--20230831_161620--f001162.jpg,20230831_161620,mauritius,original,video,False,test,3145.932159150555
data/processed/mauritius/video/not_augmented/cull2_original_bg/head/224/20230831_161620/m--20230831_161620--f001164.jpg,20230831_161620,mauritius,original,video,False,test,3233.5251196841805
data/processed/mauritius/video/not_augmented/cull2_original_bg/head/224/20230831_161620/m--20230831_161620--f001166.jpg,20230831_161620,mauritius,original,video,False,test,3045.50992271077
data/processed/mauritius/video/not_augmented/cull2_original_bg/head/224/20230831_161620/m--20230831_161620--f001168.jpg,20230831_161620,mauritius,original,video,False,test,2722.78410313895
data/processed/mauritius/video/not_augmented/cull2_original_bg/head/224/20230831_161620/m--20230831_161620--f001170.jpg,20230831_161620,mauritius,original,video,False,test,2633.94828996853
data/processed/mauritius/video/not_augmented/cull2_original_bg/head/224/20230831_161620/m--20230831_161620--f001172.jpg,20230831_161620,mauritius,original,video,False,test,2826.8979731773843
data/processed/mauritius/video/not_augmented/cull2_original_bg/head/224/20230831_161620/m--20230831_161620--f001174.jpg,20230831_161620,mauritius,original,video,False,test,3390.9826247351502
data/processed/mauritius/video/not_augmented/cull2_original_bg/head/224/20230831_161620/m--20230831_161620--f001176.jpg,20230831_161620,mauritius,original,video,False,test,3192.5084394572523
data/processed/mauritius/video/not_augmented/cull2_original_bg/head/224/20230831_161620/m--20230831_161620--f001178.jpg,20230831_161620,mauritius,original,video,False,test,3378.90011484471
data/processed/mauritius/video/not_augmented/cull2_original_bg/head/224/20230831_161620/m--20230831_161620--f001180.jpg,20230831_161620,mauritius,original,video,False,test,3705.174169112225
data/processed/mauritius/video/not_augmented/cull2_original_bg/head/224/20230831_161620/m--20230831_161620--f001182.jpg,20230831_161620,mauritius,original,video,False,test,3566.5667135861454
data/processed/mauritius/video/not_augmented/cull2_original_bg/head/224/20230831_161620/m--20230831_161620--f001184.jpg,20230831_161620,mauritius,original,video,False,test,3324.164916229566
data/processed/mauritius/video/not_augmented/cull2_original_bg/head/224/20230831_161620/m--20230831_161620--f001186.jpg,20230831_161620,mauritius,original,video,False,test,3211.4431961799155
data/processed/mauritius/video/not_augmented/cull2_original_bg/head/224/20230831_161620/m--20230831_161620--f001188.jpg,20230831_161620,mauritius,original,video,False,test,1644.9038185523182
data/processed/mauritius/video/not_augmented/cull2_original_bg/head/224/20230831_161620/m--20230831_161620--f001190.jpg,20230831_161620,mauritius,original,video,False,test,1073.3954077041035
data/processed/mauritius/video/not_augmented/cull2_original_bg/head/224/20230831_161620/m--20230831_161620--f001192.jpg,20230831_161620,mauritius,original,video,False,test,1524.7529905570243
data/processed/mauritius/video/not_augmented/cull2_original_bg/head/224/20230831_161620/m--20230831_161620--f001194.jpg,20230831_161620,mauritius,original,video,False,test,962.5932531960552
data/processed/mauritius/video/not_augmented/cull2_original_bg/head/224/20230831_161620/m--20230831_161620--f001196.jpg,20230831_161620,mauritius,original,video,False,test,975.7133034559548
data/processed/mauritius/video/not_augmented/cull2_original_bg/head/224/20230831_161620/m--20230831_161620--f001198.jpg,20230831_161620,mauritius,original,video,False,test,1493.3747318860442
data/processed/mauritius/video/not_augmented/cull2_original_bg/head/224/20230831_161620/m--20230831_161620--f001200.jpg,20230831_161620,mauritius,original,video,False,test,2534.1085336614483
data/processed/mauritius/video/not_augmented/cull2_original_bg/head/224/20230831_161620/m--20230831_161620--f001202.jpg,20230831_161620,mauritius,original,video,False,test,2127.805791202658
data/processed/mauritius/video/not_augmented/cull2_original_bg/head/224/20230831_161620/m--20230831_161620--f001204.jpg,20230831_161620,mauritius,original,video,False,test,1585.5167052790505
data/processed/mauritius/video/not_augmented/cull2_original_bg/head/224/20230831_161620/m--20230831_161620--f001206.jpg,20230831_161620,mauritius,original,video,False,test,2599.842320490658
data/processed/mauritius/video/not_augmented/cull2_original_bg/head/224/20230831_161620/m--20230831_161620--f001208.jpg,20230831_161620,mauritius,original,video,False,test,2591.077764532557
data/processed/mauritius/video/not_augmented/cull2_original_bg/head/224/20230831_161620/m--20230831_161620--f001210.jpg,20230831_161620,mauritius,original,video,False,test,1347.4958757418783
data/processed/mauritius/video/not_augmented/cull2_original_bg/head/224/20230831_161620/m--20230831_161620--f001212.jpg,20230831_161620,mauritius,original,video,False,test,1302.5041656923115
data/processed/mauritius/video/not_augmented/cull2_original_bg/head/224/20230831_161620/m--20230831_161620--f001214.jpg,20230831_161620,mauritius,original,video,False,test,1664.0213135695867
data/processed/mauritius/video/not_augmented/cull2_original_bg/head/224/20230831_161620/m--20230831_161620--f001216.jpg,20230831_161620,mauritius,original,video,False,test,1120.3762623196292
data/processed/mauritius/video/not_augmented/cull2_original_bg/head/224/20230831_161620/m--20230831_161620--f001218.jpg,20230831_161620,mauritius,original,video,False,test,1216.4915398292271
data/processed/mauritius/video/not_augmented/cull2_original_bg/head/224/20230831_161620/m--20230831_161620--f001220.jpg,20230831_161620,mauritius,original,video,False,test,1574.078800590274
data/processed/mauritius/video/not_augmented/cull2_original_bg/head/224/20230831_165242/m--20230831_165242--f000148.jpg,20230831_165242,mauritius,original,video,False,train,43.34972421271957
data/processed/mauritius/video/not_augmented/cull2_original_bg/head/224/20230831_165242/m--20230831_165242--f000150.jpg,20230831_165242,mauritius,original,video,False,train,48.93426993488025
data/processed/mauritius/video/not_augmented/cull2_original_bg/head/224/20230831_165242/m--20230831_165242--f000154.jpg,20230831_165242,mauritius,original,video,False,train,62.64563312673509
data/processed/mauritius/video/not_augmented/cull2_original_bg/head/224/20230831_165242/m--20230831_165242--f000156.jpg,20230831_165242,mauritius,original,video,False,train,102.72048013401944
data/processed/mauritius/video/not_augmented/cull2_original_bg/head/224/20230831_165242/m--20230831_165242--f000158.jpg,20230831_165242,mauritius,original,video,False,train,169.2536266947329
data/processed/mauritius/video/not_augmented/cull2_original_bg/head/224/20230831_165242/m--20230831_165242--f000160.jpg,20230831_165242,mauritius,original,video,False,train,180.3231229627197
data/processed/mauritius/video/not_augmented/cull2_original_bg/head/224/20230831_165242/m--20230831_165242--f000162.jpg,20230831_165242,mauritius,original,video,False,train,150.62196913643314
data/processed/mauritius/video/not_augmented/cull2_original_bg/head/224/20230831_165242/m--20230831_165242--f000200.jpg,20230831_165242,mauritius,original,video,False,train,685.25543989454
data/processed/mauritius/video/not_augmented/cull2_original_bg/head/224/20230831_165242/m--20230831_165242--f000202.jpg,20230831_165242,mauritius,original,video,False,train,1537.3884526403288
data/processed/mauritius/video/not_augmented/cull2_original_bg/head/224/20230831_165242/m--20230831_165242--f000204.jpg,20230831_165242,mauritius,original,video,False,train,1305.1670015705272
data/processed/mauritius/video/not_augmented/cull2_original_bg/head/224/20230831_165242/m--20230831_165242--f000212.jpg,20230831_165242,mauritius,original,video,False,train,907.569616887332
data/processed/mauritius/video/not_augmented/cull2_original_bg/head/224/20230831_165242/m--20230831_165242--f000214.jpg,20230831_165242,mauritius,original,video,False,train,991.6701517923332
data/processed/mauritius/video/not_augmented/cull2_original_bg/head/224/20230831_165242/m--20230831_165242--f000216.jpg,20230831_165242,mauritius,original,video,False,train,1853.8843537167377
data/processed/mauritius/video/not_augmented/cull2_original_bg/head/224/20230831_165242/m--20230831_165242--f000218.jpg,20230831_165242,mauritius,original,video,False,train,2576.9881028279024
data/processed/mauritius/video/not_augmented/cull2_original_bg/head/224/20230831_165242/m--20230831_165242--f000220.jpg,20230831_165242,mauritius,original,video,False,train,3016.771930034833
data/processed/mauritius/video/not_augmented/cull2_original_bg/head/224/20230831_165242/m--20230831_165242--f000222.jpg,20230831_165242,mauritius,original,video,False,train,1394.3068512102705
data/processed/mauritius/video/not_augmented/cull2_original_bg/head/224/20230831_165242/m--20230831_165242--f000224.jpg,20230831_165242,mauritius,original,video,False,train,997.0316845354862
data/processed/mauritius/video/not_augmented/cull2_original_bg/head/224/20230831_165242/m--20230831_165242--f000226.jpg,20230831_165242,mauritius,original,video,False,train,846.2240511470415
data/processed/mauritius/video/not_augmented/cull2_original_bg/head/224/20230831_165242/m--20230831_165242--f000228.jpg,20230831_165242,mauritius,original,video,False,train,1008.0786263586234
data/processed/mauritius/video/not_augmented/cull2_original_bg/head/224/20230831_165242/m--20230831_165242--f000230.jpg,20230831_165242,mauritius,original,video,False,train,1230.8583616521248
data/processed/mauritius/video/not_augmented/cull2_original_bg/head/224/20230831_165242/m--20230831_165242--f000232.jpg,20230831_165242,mauritius,original,video,False,train,3264.6268353364903
data/processed/mauritius/video/not_augmented/cull2_original_bg/head/224/20230831_165242/m--20230831_165242--f000234.jpg,20230831_165242,mauritius,original,video,False,train,3427.409749708688
data/processed/mauritius/video/not_augmented/cull2_original_bg/head/224/20230831_165242/m--20230831_165242--f000236.jpg,20230831_165242,mauritius,original,video,False,train,3222.4193076849083
data/processed/mauritius/video/not_augmented/cull2_original_bg/head/224/20230831_165242/m--20230831_165242--f000238.jpg,20230831_165242,mauritius,original,video,False,train,2588.4058366999534
data/processed/mauritius/video/not_augmented/cull2_original_bg/head/224/20230831_165242/m--20230831_165242--f000240.jpg,20230831_165242,mauritius,original,video,False,train,3004.7753997919517
data/processed/mauritius/video/not_augmented/cull2_original_bg/head/224/20230831_165242/m--20230831_165242--f000242.jpg,20230831_165242,mauritius,original,video,False,train,3461.352459790756
data/processed/mauritius/video/not_augmented/cull2_original_bg/head/224/20230831_165242/m--20230831_165242--f000244.jpg,20230831_165242,mauritius,original,video,False,train,3338.4891541591046
data/processed/mauritius/video/not_augmented/cull2_original_bg/head/224/20230831_165242/m--20230831_165242--f000246.jpg,20230831_165242,mauritius,original,video,False,train,2432.9414224620664
data/processed/mauritius/video/not_augmented/cull2_original_bg/head/224/20230831_165242/m--20230831_165242--f000248.jpg,20230831_165242,mauritius,original,video,False,train,1467.2600698967565
data/processed/mauritius/video/not_augmented/cull2_original_bg/head/224/20230831_165242/m--20230831_165242--f000250.jpg,20230831_165242,mauritius,original,video,False,train,1314.0989488202897
data/processed/mauritius/video/not_augmented/cull2_original_bg/head/224/20230831_165242/m--20230831_165242--f000252.jpg,20230831_165242,mauritius,original,video,False,train,1137.1371378852944
data/processed/mauritius/video/not_augmented/cull2_original_bg/head/224/20230831_165242/m--20230831_165242--f000254.jpg,20230831_165242,mauritius,original,video,False,train,1096.7299295760652
data/processed/mauritius/video/not_augmented/cull2_original_bg/head/224/20230831_165242/m--20230831_165242--f000256.jpg,20230831_165242,mauritius,original,video,False,train,1184.7353632560328
data/processed/mauritius/video/not_augmented/cull2_original_bg/head/224/20230831_165242/m--20230831_165242--f000258.jpg,20230831_165242,mauritius,original,video,False,train,1015.9774212529392
data/processed/mauritius/video/not_augmented/cull2_original_bg/head/224/20230831_165242/m--20230831_165242--f000260.jpg,20230831_165242,mauritius,original,video,False,train,196.7418734015449
data/processed/mauritius/video/not_augmented/cull2_original_bg/head/224/20230831_165242/m--20230831_165242--f000262.jpg,20230831_165242,mauritius,original,video,False,train,65.80161351136792
data/processed/mauritius/video/not_augmented/cull2_original_bg/head/224/20230831_165242/m--20230831_165242--f000264.jpg,20230831_165242,mauritius,original,video,False,train,29.767301897067227
data/processed/mauritius/video/not_augmented/cull2_original_bg/head/224/20230831_165242/m--20230831_165242--f000266.jpg,20230831_165242,mauritius,original,video,False,train,17.872320210521593
data/processed/mauritius/video/not_augmented/cull2_original_bg/head/224/20230831_165242/m--20230831_165242--f000268.jpg,20230831_165242,mauritius,original,video,False,train,19.744844358000144
data/processed/mauritius/video/not_augmented/cull2_original_bg/head/224/20230831_165242/m--20230831_165242--f000582.jpg,20230831_165242,mauritius,original,video,False,train,232.1530362927184
data/processed/mauritius/video/not_augmented/cull2_original_bg/head/224/20230831_165242/m--20230831_165242--f000584.jpg,20230831_165242,mauritius,original,video,False,train,287.87017593121635
data/processed/mauritius/video/not_augmented/cull2_original_bg/head/224/20230831_165242/m--20230831_165242--f000586.jpg,20230831_165242,mauritius,original,video,False,train,363.95424355630416
data/processed/mauritius/video/not_augmented/cull2_original_bg/head/224/20230831_165242/m--20230831_165242--f000588.jpg,20230831_165242,mauritius,original,video,False,train,349.1233582085542
data/processed/mauritius/video/not_augmented/cull2_original_bg/head/224/20230831_165242/m--20230831_165242--f000594.jpg,20230831_165242,mauritius,original,video,False,train,470.14768944080544
data/processed/mauritius/video/not_augmented/cull2_original_bg/head/224/20230831_165242/m--20230831_165242--f001102.jpg,20230831_165242,mauritius,original,video,False,train,1403.5516895562694
data/processed/mauritius/video/not_augmented/cull2_original_bg/head/224/20230831_165242/m--20230831_165242--f001104.jpg,20230831_165242,mauritius,original,video,False,train,1863.2066189115712
data/processed/mauritius/video/not_augmented/cull2_original_bg/head/224/20230831_165242/m--20230831_165242--f001106.jpg,20230831_165242,mauritius,original,video,False,train,1361.4533590640883
data/processed/mauritius/video/not_augmented/cull2_original_bg/head/224/20230831_165242/m--20230831_165242--f001108.jpg,20230831_165242,mauritius,original,video,False,train,1833.539489968128
data/processed/mauritius/video/not_augmented/cull2_original_bg/head/224/20230831_165242/m--20230831_165242--f001110.jpg,20230831_165242,mauritius,original,video,False,train,1819.52600677209
data/processed/mauritius/video/not_augmented/cull2_original_bg/head/224/20230831_165242/m--20230831_165242--f001112.jpg,20230831_165242,mauritius,original,video,False,train,2276.6738240445766
data/processed/mauritius/video/not_augmented/cull2_original_bg/head/224/20230831_165242/m--20230831_165242--f001114.jpg,20230831_165242,mauritius,original,video,False,train,2398.276910820786
data/processed/mauritius/video/not_augmented/cull2_original_bg/head/224/20230831_165242/m--20230831_165242--f001116.jpg,20230831_165242,mauritius,original,video,False,train,2720.146531605115
data/processed/mauritius/video/not_augmented/cull2_original_bg/head/224/20230831_165242/m--20230831_165242--f001118.jpg,20230831_165242,mauritius,original,video,False,train,2597.095382517251
data/processed/mauritius/video/not_augmented/cull2_original_bg/head/224/20230831_165242/m--20230831_165242--f001120.jpg,20230831_165242,mauritius,original,video,False,train,2413.005387051609
data/processed/mauritius/video/not_augmented/cull2_original_bg/head/224/20230831_165242/m--20230831_165242--f001122.jpg,20230831_165242,mauritius,original,video,False,train,2373.3775702158346
data/processed/mauritius/video/not_augmented/cull2_original_bg/head/224/20230831_165242/m--20230831_165242--f001124.jpg,20230831_165242,mauritius,original,video,False,train,2303.6785292746576
data/processed/mauritius/video/not_augmented/cull2_original_bg/head/224/20230831_165242/m--20230831_165242--f001126.jpg,20230831_165242,mauritius,original,video,False,train,1839.1525342366135
data/processed/mauritius/video/not_augmented/cull2_original_bg/head/224/20230831_165242/m--20230831_165242--f001128.jpg,20230831_165242,mauritius,original,video,False,train,1551.6387913253889
data/processed/mauritius/video/not_augmented/cull2_original_bg/head/224/20230831_165242/m--20230831_165242--f001130.jpg,20230831_165242,mauritius,original,video,False,train,1964.9415165882515
data/processed/mauritius/video/not_augmented/cull2_original_bg/head/224/20230831_165242/m--20230831_165242--f001132.jpg,20230831_165242,mauritius,original,video,False,train,2088.4471787735106
data/processed/mauritius/video/not_augmented/cull2_original_bg/head/224/20230831_165242/m--20230831_165242--f001134.jpg,20230831_165242,mauritius,original,video,False,train,2218.3660827598587
data/processed/mauritius/video/not_augmented/cull2_original_bg/head/224/20230831_165242/m--20230831_165242--f001136.jpg,20230831_165242,mauritius,original,video,False,train,2372.4598561941903
data/processed/mauritius/video/not_augmented/cull2_original_bg/head/224/20230831_165242/m--20230831_165242--f001138.jpg,20230831_165242,mauritius,original,video,False,train,1751.9457241214843
data/processed/mauritius/video/not_augmented/cull2_original_bg/head/224/20230831_165242/m--20230831_165242--f001452.jpg,20230831_165242,mauritius,original,video,False,train,756.2514808016091
data/processed/mauritius/video/not_augmented/cull2_original_bg/head/224/20230831_165242/m--20230831_165242--f001454.jpg,20230831_165242,mauritius,original,video,False,train,406.3630428381732
data/processed/mauritius/video/not_augmented/cull2_original_bg/head/224/20230831_165242/m--20230831_165242--f001456.jpg,20230831_165242,mauritius,original,video,False,train,557.1921526389734
data/processed/mauritius/video/not_augmented/cull2_original_bg/head/224/20230831_165242/m--20230831_165242--f001458.jpg,20230831_165242,mauritius,original,video,False,train,1537.7276104931432
data/processed/mauritius/video/not_augmented/cull2_original_bg/head/224/20230831_165242/m--20230831_165242--f001460.jpg,20230831_165242,mauritius,original,video,False,train,1108.9574801799708
data/processed/mauritius/video/not_augmented/cull2_original_bg/head/224/20230831_165242/m--20230831_165242--f001462.jpg,20230831_165242,mauritius,original,video,False,train,916.1925162649412
data/processed/mauritius/video/not_augmented/cull2_original_bg/head/224/20230831_165242/m--20230831_165242--f001464.jpg,20230831_165242,mauritius,original,video,False,train,331.4267229158052
data/processed/mauritius/video/not_augmented/cull2_original_bg/head/224/20230831_165242/m--20230831_165242--f001466.jpg,20230831_165242,mauritius,original,video,False,train,342.7805805257934
