path,identity,species,background,source,augmented,split,quality
data/processed/mauritius/video/not_augmented/cull2_random_bg/head/224/occ/raw/centre/20230805_131123/m--20230805_131123--f000746.jpg,20230805_131123,mauritius,original,video,False,train,355.05794843064405
data/processed/mauritius/video/not_augmented/cull2_random_bg/head/224/occ/raw/centre/20230805_131123/m--20230805_131123--f000748.jpg,20230805_131123,mauritius,original,video,False,train,485.05794473947554
data/processed/mauritius/video/not_augmented/cull2_random_bg/head/224/occ/raw/centre/20230805_131123/m--20230805_131123--f000750.jpg,20230805_131123,mauritius,original,video,False,train,728.078729876177
data/processed/mauritius/video/not_augmented/cull2_random_bg/head/224/occ/raw/centre/20230805_131123/m--20230805_131123--f000752.jpg,20230805_131123,mauritius,original,video,False,train,825.7615254790225
data/processed/mauritius/video/not_augmented/cull2_random_bg/head/224/occ/raw/centre/20230805_131123/m--20230805_131123--f000754.jpg,20230805_131123,mauritius,original,video,False,train,866.2977465522732
data/processed/mauritius/video/not_augmented/cull2_random_bg/head/224/occ/raw/centre/20230805_131123/m--20230805_131123--f000756.jpg,20230805_131123,mauritius,original,video,False,train,1149.856219485917
data/processed/mauritius/video/not_augmented/cull2_random_bg/head/224/occ/raw/centre/20230805_131123/m--20230805_131123--f000758.jpg,20230805_131123,mauritius,original,video,False,train,362.5382372539573
data/processed/mauritius/video/not_augmented/cull2_random_bg/head/224/occ/raw/centre/20230805_131123/m--20230805_131123--f000760.jpg,20230805_131123,mauritius,original,video,False,train,509.94945759675943
data/processed/mauritius/video/not_augmented/cull2_random_bg/head/224/occ/raw/centre/20230805_131123/m--20230805_131123--f000824.jpg,20230805_131123,mauritius,original,video,False,train,2329.885373796338
data/processed/mauritius/video/not_augmented/cull2_random_bg/head/224/occ/raw/centre/20230805_131123/m--20230805_131123--f000826.jpg,20230805_131123,mauritius,original,video,False,train,1581.2892936979022
data/processed/mauritius/video/not_augmented/cull2_random_bg/head/224/occ/raw/centre/20230805_131123/m--20230805_131123--f000828.jpg,20230805_131123,mauritius,original,video,False,train,1473.1714089809482
data/processed/mauritius/video/not_augmented/cull2_random_bg/head/224/occ/raw/centre/20230805_131123/m--20230805_131123--f000830.jpg,20230805_131123,mauritius,original,video,False,train,2307.4008738459374
data/processed/mauritius/video/not_augmented/cull2_random_bg/head/224/occ/raw/centre/20230805_131123/m--20230805_131123--f000836.jpg,20230805_131123,mauritius,original,video,False,train,3258.38831770713
data/processed/mauritius/video/not_augmented/cull2_random_bg/head/224/occ/raw/centre/20230805_131123/m--20230805_131123--f000850.jpg,20230805_131123,mauritius,original,video,False,train,238.00168159314865
data/processed/mauritius/video/not_augmented/cull2_random_bg/head/224/occ/raw/centre/20230805_131123/m--20230805_131123--f000852.jpg,20230805_131123,mauritius,original,video,False,train,1485.72353737675
data/processed/mauritius/video/not_augmented/cull2_random_bg/head/224/occ/raw/centre/20230805_131123/m--20230805_131123--f000874.jpg,20230805_131123,mauritius,original,video,False,train,235.69450814860008
data/processed/mauritius/video/not_augmented/cull2_random_bg/head/224/occ/raw/centre/20230805_131123/m--20230805_131123--f000876.jpg,20230805_131123,mauritius,original,video,False,train,614.3922591457662
data/processed/mauritius/video/not_augmented/cull2_random_bg/head/224/occ/raw/centre/20230805_132834/m--20230805_132834--f000538.jpg,20230805_132834,mauritius,original,video,False,test,1083.5586302478034
data/processed/mauritius/video/not_augmented/cull2_random_bg/head/224/occ/raw/centre/20230805_132834/m--20230805_132834--f000540.jpg,20230805_132834,mauritius,original,video,False,test,1435.4304747782066
data/processed/mauritius/video/not_augmented/cull2_random_bg/head/224/occ/raw/centre/20230805_132834/m--20230805_132834--f000542.jpg,20230805_132834,mauritius,original,video,False,test,1211.956191323887
data/processed/mauritius/video/not_augmented/cull2_random_bg/head/224/occ/raw/centre/20230805_132834/m--20230805_132834--f000544.jpg,20230805_132834,mauritius,original,video,False,test,1692.649690582771
data/processed/mauritius/video/not_augmented/cull2_random_bg/head/224/occ/raw/centre/20230805_132834/m--20230805_132834--f000546.jpg,20230805_132834,mauritius,original,video,False,test,1985.8095251998523
data/processed/mauritius/video/not_augmented/cull2_random_bg/head/224/occ/raw/centre/20230805_132834/m--20230805_132834--f000548.jpg,20230805_132834,mauritius,original,video,False,test,2967.472135201438
data/processed/mauritius/video/not_augmented/cull2_random_bg/head/224/occ/raw/centre/20230805_132834/m--20230805_132834--f000550.jpg,20230805_132834,mauritius,original,video,False,test,2806.3487975256776
data/processed/mauritius/video/not_augmented/cull2_random_bg/head/224/occ/raw/centre/20230805_132834/m--20230805_132834--f000552.jpg,20230805_132834,mauritius,original,video,False,test,3079.9097419684754
data/processed/mauritius/video/not_augmented/cull2_random_bg/head/224/occ/raw/centre/20230805_132834/m--20230805_132834--f000554.jpg,20230805_132834,mauritius,original,video,False,test,2379.1237943804995
data/processed/mauritius/video/not_augmented/cull2_random_bg/head/224/occ/raw/centre/20230805_132834/m--20230805_132834--f000556.jpg,20230805_132834,mauritius,original,video,False,test,2228.7058148616456
data/processed/mauritius/video/not_augmented/cull2_random_bg/head/224/occ/raw/centre/20230805_132834/m--20230805_132834--f000558.jpg,20230805_132834,mauritius,original,video,False,test,1931.1851135529562
data/processed/mauritius/video/not_augmented/cull2_random_bg/head/224/occ/raw/centre/20230805_132834/m--20230805_132834--f000560.jpg,20230805_132834,mauritius,original,video,False,test,2110.405951597253
data/processed/mauritius/video/not_augmented/cull2_random_bg/head/224/occ/raw/centre/20230805_132834/m--20230805_132834--f000562.jpg,20230805_132834,mauritius,original,video,False,test,1603.553313560756
data/processed/mauritius/video/not_augmented/cull2_random_bg/head/224/occ/raw/centre/20230805_132834/m--20230805_132834--f000564.jpg,20230805_132834,mauritius,original,video,False,test,1406.1931793057188
data/processed/mauritius/video/not_augmented/cull2_random_bg/head/224/occ/raw/centre/20230805_132834/m--20230805_132834--f000566.jpg,20230805_132834,mauritius,original,video,False,test,1227.5571089982493
data/processed/mauritius/video/not_augmented/cull2_random_bg/head/224/occ/raw/centre/20230805_132834/m--20230805_132834--f000568.jpg,20230805_132834,mauritius,original,video,False,test,1356.5616674296111
data/processed/mauritius/video/not_augmented/cull2_random_bg/head/224/occ/raw/centre/20230805_132834/m--20230805_132834--f000570.jpg,20230805_132834,mauritius,original,video,False,test,1249.8190594454297
data/processed/mauritius/video/not_augmented/cull2_random_bg/head/224/occ/raw/centre/20230805_132834/m--20230805_132834--f000572.jpg,20230805_132834,mauritius,original,video,False,test,1571.6487556085744
data/processed/mauritius/video/not_augmented/cull2_random_bg/head/224/occ/raw/centre/20230805_132834/m--20230805_132834--f000574.jpg,20230805_132834,mauritius,original,video,False,test,751.1191466652022
data/processed/mauritius/video/not_augmented/cull2_random_bg/head/224/occ/raw/centre/20230805_132834/m--20230805_132834--f000576.jpg,20230805_132834,mauritius,original,video,False,test,717.2391807114468
data/processed/mauritius/video/not_augmented/cull2_random_bg/head/224/occ/raw/centre/20230805_132834/m--20230805_132834--f000578.jpg,20230805_132834,mauritius,original,video,False,test,744.0231568552166
data/processed/mauritius/video/not_augmented/cull2_random_bg/head/224/occ/raw/centre/20230805_132834/m--20230805_132834--f000580.jpg,20230805_132834,mauritius,original,video,False,test,1000.6041852306793
data/processed/mauritius/video/not_augmented/cull2_random_bg/head/224/occ/raw/centre/20230805_132834/m--20230805_132834--f000582.jpg,20230805_132834,mauritius,original,video,False,test,1490.7759374501754
data/processed/mauritius/video/not_augmented/cull2_random_bg/head/224/occ/raw/centre/20230805_132834/m--20230805_132834--f000584.jpg,20230805_132834,mauritius,original,video,False,test,665.9465296188031
data/processed/mauritius/video/not_augmented/cull2_random_bg/head/224/occ/raw/centre/20230805_132834/m--20230805_132834--f000586.jpg,20230805_132834,mauritius,original,video,False,test,817.3920782991669
data/processed/mauritius/video/not_augmented/cull2_random_bg/head/224/occ/raw/centre/20230805_132834/m--20230805_132834--f000588.jpg,20230805_132834,mauritius,original,video,False,test,1257.6472151695516
data/processed/mauritius/video/not_augmented/cull2_random_bg/head/224/occ/raw/centre/20230805_132834/m--20230805_132834--f000590.jpg,20230805_132834,mauritius,original,video,False,test,598.3435668802321
data/processed/mauritius/video/not_augmented/cull2_random_bg/head/224/occ/raw/centre/20230805_133951/m--20230805_133951--f000614.jpg,20230805_133951,mauritius,original,video,False,val,1417.4978403916014
data/processed/mauritius/video/not_augmented/cull2_random_bg/head/224/occ/raw/centre/20230805_133951/m--20230805_133951--f000616.jpg,20230805_133951,mauritius,original,video,False,val,886.8400215389629
data/processed/mauritius/video/not_augmented/cull2_random_bg/head/224/occ/raw/centre/20230805_133951/m--20230805_133951--f000630.jpg,20230805_133951,mauritius,original,video,False,val,281.4111135801341
data/processed/mauritius/video/not_augmented/cull2_random_bg/head/224/occ/raw/centre/20230805_133951/m--20230805_133951--f000632.jpg,20230805_133951,mauritius,original,video,False,val,595.0960073602145
data/processed/mauritius/video/not_augmented/cull2_random_bg/head/224/occ/raw/centre/20230805_133951/m--20230805_133951--f000634.jpg,20230805_133951,mauritius,original,video,False,val,1361.3447861232544
data/processed/mauritius/video/not_augmented/cull2_random_bg/head/224/occ/raw/centre/20230805_133951/m--20230805_133951--f000636.jpg,20230805_133951,mauritius,original,video,False,val,620.418173789978
data/processed/mauritius/video/not_augmented/cull2_random_bg/head/224/occ/raw/centre/20230805_133951/m--20230805_133951--f000638.jpg,20230805_133951,mauritius,original,video,False,val,408.6814781067422
data/processed/mauritius/video/not_augmented/cull2_random_bg/head/224/occ/raw/centre/20230805_133951/m--20230805_133951--f000640.jpg,20230805_133951,mauritius,original,video,False,val,945.1503368347499
data/processed/mauritius/video/not_augmented/cull2_random_bg/head/224/occ/raw/centre/20230805_133951/m--20230805_133951--f000642.jpg,20230805_133951,mauritius,original,video,False,val,687.821666299676
data/processed/mauritius/video/not_augmented/cull2_random_bg/head/224/occ/raw/centre/20230805_133951/m--20230805_133951--f000644.jpg,20230805_133951,mauritius,original,video,False,val,310.92772445932917
data/processed/mauritius/video/not_augmented/cull2_random_bg/head/224/occ/raw/centre/20230805_133951/m--20230805_133951--f000646.jpg,20230805_133951,mauritius,original,video,False,val,826.706727902922
data/processed/mauritius/video/not_augmented/cull2_random_bg/head/224/occ/raw/centre/20230805_133951/m--20230805_133951--f000648.jpg,20230805_133951,mauritius,original,video,False,val,790.9508333329309
data/processed/mauritius/video/not_augmented/cull2_random_bg/head/224/occ/raw/centre/20230805_133951/m--20230805_133951--f000650.jpg,20230805_133951,mauritius,original,video,False,val,836.8916128743246
data/processed/mauritius/video/not_augmented/cull2_random_bg/head/224/occ/raw/centre/20230805_133951/m--20230805_133951--f000652.jpg,20230805_133951,mauritius,original,video,False,val,253.890354008339
data/processed/mauritius/video/not_augmented/cull2_random_bg/head/224/occ/raw/centre/20230805_133951/m--20230805_133951--f000654.jpg,20230805_133951,mauritius,original,video,False,val,583.251516577702
data/processed/mauritius/video/not_augmented/cull2_random_bg/head/224/occ/raw/centre/20230805_133951/m--20230805_133951--f000656.jpg,20230805_133951,mauritius,original,video,False,val,1945.452869570985
data/processed/mauritius/video/not_augmented/cull2_random_bg/head/224/occ/raw/centre/20230805_133951/m--20230805_133951--f000658.jpg,20230805_133951,mauritius,original,video,False,val,122.68099244581265
data/processed/mauritius/video/not_augmented/cull2_random_bg/head/224/occ/raw/centre/20230805_133951/m--20230805_133951--f000982.jpg,20230805_133951,mauritius,original,video,False,val,668.5776210532293
data/processed/mauritius/video/not_augmented/cull2_random_bg/head/224/occ/raw/centre/20230805_133951/m--20230805_133951--f000984.jpg,20230805_133951,mauritius,original,video,False,val,1104.094048899643
data/processed/mauritius/video/not_augmented/cull2_random_bg/head/224/occ/raw/centre/20230805_133951/m--20230805_133951--f000986.jpg,20230805_133951,mauritius,original,video,False,val,836.2901756988867
data/processed/mauritius/video/not_augmented/cull2_random_bg/head/224/occ/raw/centre/20230805_133951/m--20230805_133951--f000990.jpg,20230805_133951,mauritius,original,video,False,val,388.5195167077576
data/processed/mauritius/video/not_augmented/cull2_random_bg/head/224/occ/raw/centre/20230805_133951/m--20230805_133951--f000992.jpg,20230805_133951,mauritius,original,video,False,val,291.4689712329787
data/processed/mauritius/video/not_augmented/cull2_random_bg/head/224/occ/raw/centre/20230805_133951/m--20230805_133951--f000994.jpg,20230805_133951,mauritius,original,video,False,val,812.0918834671186
data/processed/mauritius/video/not_augmented/cull2_random_bg/head/224/occ/raw/centre/20230805_133951/m--20230805_133951--f001034.jpg,20230805_133951,mauritius,original,video,False,val,1324.9411799956342
data/processed/mauritius/video/not_augmented/cull2_random_bg/head/224/occ/raw/centre/20230805_133951/m--20230805_133951--f001048.jpg,20230805_133951,mauritius,original,video,False,val,395.927981019169
data/processed/mauritius/video/not_augmented/cull2_random_bg/head/224/occ/raw/centre/20230805_133951/m--20230805_133951--f001050.jpg,20230805_133951,mauritius,original,video,False,val,272.56872696461454
data/processed/mauritius/video/not_augmented/cull2_random_bg/head/224/occ/raw/centre/20230805_133951/m--20230805_133951--f001052.jpg,20230805_133951,mauritius,original,video,False,val,846.8200158429413
data/processed/mauritius/video/not_augmented/cull2_random_bg/head/224/occ/raw/centre/20230805_133951/m--20230805_133951--f001054.jpg,20230805_133951,mauritius,original,video,False,val,199.63986268335458
data/processed/mauritius/video/not_augmented/cull2_random_bg/head/224/occ/raw/centre/20230805_133951/m--20230805_133951--f001056.jpg,20230805_133951,mauritius,original,video,False,val,2572.896537807771
data/processed/mauritius/video/not_augmented/cull2_random_bg/head/224/occ/raw/centre/20230805_133951/m--20230805_133951--f001058.jpg,20230805_133951,mauritius,original,video,False,val,238.41069379621425
data/processed/mauritius/video/not_augmented/cull2_random_bg/head/224/occ/raw/centre/20230805_133951/m--20230805_133951--f001242.jpg,20230805_133951,mauritius,original,video,False,val,940.6970692229041
data/processed/mauritius/video/not_augmented/cull2_random_bg/head/224/occ/raw/centre/20230805_133951/m--20230805_133951--f001270.jpg,20230805_133951,mauritius,original,video,False,val,397.81654352468536
data/processed/mauritius/video/not_augmented/cull2_random_bg/head/224/occ/raw/centre/20230805_133951/m--20230805_133951--f001272.jpg,20230805_133951,mauritius,original,video,False,val,757.0765088632274
data/processed/mauritius/video/not_augmented/cull2_random_bg/head/224/occ/raw/centre/20230805_133951/m--20230805_133951--f001274.jpg,20230805_133951,mauritius,original,video,False,val,964.0419805702296
data/processed/mauritius/video/not_augmented/cull2_random_bg/head/224/occ/raw/centre/20230805_133951/m--20230805_133951--f001276.jpg,20230805_133951,mauritius,original,video,False,val,463.8609577704845
data/processed/mauritius/video/not_augmented/cull2_random_bg/head/224/occ/raw/centre/20230805_133951/m--20230805_133951--f001278.jpg,20230805_133951,mauritius,original,video,False,val,1453.3671672392866
data/processed/mauritius/video/not_augmented/cull2_random_bg/head/224/occ/raw/centre/20230805_133951/m--20230805_133951--f001280.jpg,20230805_133951,mauritius,original,video,False,val,532.1345361008936
data/processed/mauritius/video/not_augmented/cull2_random_bg/head/224/occ/raw/centre/20230805_133951/m--20230805_133951--f001284.jpg,20230805_133951,mauritius,original,video,False,val,1601.9647239532535
data/processed/mauritius/video/not_augmented/cull2_random_bg/head/224/occ/raw/centre/20230805_133951/m--20230805_133951--f001286.jpg,20230805_133951,mauritius,original,video,False,val,1271.1410232855349
data/processed/mauritius/video/not_augmented/cull2_random_bg/head/224/occ/raw/centre/20230805_133951/m--20230805_133951--f001290.jpg,20230805_133951,mauritius,original,video,False,val,1316.3148812604218
data/processed/mauritius/video/not_augmented/cull2_random_bg/head/224/occ/raw/centre/20230805_133951/m--20230805_133951--f001292.jpg,20230805_133951,mauritius,original,video,False,val,1563.3793069679805
data/processed/mauritius/video/not_augmented/cull2_random_bg/head/224/occ/raw/centre/20230805_133951/m--20230805_133951--f001302.jpg,20230805_133951,mauritius,original,video,False,val,1032.6468170174753
data/processed/mauritius/video/not_augmented/cull2_random_bg/head/224/occ/raw/centre/20230805_135856/m--20230805_135856--f000146.jpg,20230805_135856,mauritius,original,video,False,train,615.2158723471315
data/processed/mauritius/video/not_augmented/cull2_random_bg/head/224/occ/raw/centre/20230805_135856/m--20230805_135856--f000148.jpg,20230805_135856,mauritius,original,video,False,train,555.6674716378291
data/processed/mauritius/video/not_augmented/cull2_random_bg/head/224/occ/raw/centre/20230805_135856/m--20230805_135856--f000152.jpg,20230805_135856,mauritius,original,video,False,train,1197.5936583992045
data/processed/mauritius/video/not_augmented/cull2_random_bg/head/224/occ/raw/centre/20230805_135856/m--20230805_135856--f000154.jpg,20230805_135856,mauritius,original,video,False,train,783.6037674665151
data/processed/mauritius/video/not_augmented/cull2_random_bg/head/224/occ/raw/centre/20230805_135856/m--20230805_135856--f000156.jpg,20230805_135856,mauritius,original,video,False,train,555.9322286047374
data/processed/mauritius/video/not_augmented/cull2_random_bg/head/224/occ/raw/centre/20230805_135856/m--20230805_135856--f000158.jpg,20230805_135856,mauritius,original,video,False,train,214.75717187235625
data/processed/mauritius/video/not_augmented/cull2_random_bg/head/224/occ/raw/centre/20230805_135856/m--20230805_135856--f000162.jpg,20230805_135856,mauritius,original,video,False,train,1263.5226046599134
data/processed/mauritius/video/not_augmented/cull2_random_bg/head/224/occ/raw/centre/20230805_135856/m--20230805_135856--f000322.jpg,20230805_135856,mauritius,original,video,False,train,1264.6750997231932
data/processed/mauritius/video/not_augmented/cull2_random_bg/head/224/occ/raw/centre/20230805_135856/m--20230805_135856--f000574.jpg,20230805_135856,mauritius,original,video,False,train,278.5972809829299
data/processed/mauritius/video/not_augmented/cull2_random_bg/head/224/occ/raw/centre/20230805_135856/m--20230805_135856--f000576.jpg,20230805_135856,mauritius,original,video,False,train,863.6402732216782
data/processed/mauritius/video/not_augmented/cull2_random_bg/head/224/occ/raw/centre/20230805_135856/m--20230805_135856--f000582.jpg,20230805_135856,mauritius,original,video,False,train,1201.384732042636
data/processed/mauritius/video/not_augmented/cull2_random_bg/head/224/occ/raw/centre/20230805_135856/m--20230805_135856--f000586.jpg,20230805_135856,mauritius,original,video,False,train,358.80126855096336
data/processed/mauritius/video/not_augmented/cull2_random_bg/head/224/occ/raw/centre/20230805_135856/m--20230805_135856--f000588.jpg,20230805_135856,mauritius,original,video,False,train,1303.098971082488
data/processed/mauritius/video/not_augmented/cull2_random_bg/head/224/occ/raw/centre/20230805_135856/m--20230805_135856--f000590.jpg,20230805_135856,mauritius,original,video,False,train,1446.3819243058915
data/processed/mauritius/video/not_augmented/cull2_random_bg/head/224/occ/raw/centre/20230805_135856/m--20230805_135856--f000592.jpg,20230805_135856,mauritius,original,video,False,train,1617.3371814630866
data/processed/mauritius/video/not_augmented/cull2_random_bg/head/224/occ/raw/centre/20230805_135856/m--20230805_135856--f000594.jpg,20230805_135856,mauritius,original,video,False,train,1637.6064302872637
data/processed/mauritius/video/not_augmented/cull2_random_bg/head/224/occ/raw/centre/20230805_135856/m--20230805_135856--f000596.jpg,20230805_135856,mauritius,original,video,False,train,1719.119471570642
data/processed/mauritius/video/not_augmented/cull2_random_bg/head/224/occ/raw/centre/20230805_135856/m--20230805_135856--f000598.jpg,20230805_135856,mauritius,original,video,False,train,1006.7820563564593
data/processed/mauritius/video/not_augmented/cull2_random_bg/head/224/occ/raw/centre/20230805_135856/m--20230805_135856--f000600.jpg,20230805_135856,mauritius,original,video,False,train,1151.1689564463795
data/processed/mauritius/video/not_augmented/cull2_random_bg/head/224/occ/raw/centre/20230805_135856/m--20230805_135856--f000602.jpg,20230805_135856,mauritius,original,video,False,train,1199.6508223689727
data/processed/mauritius/video/not_augmented/cull2_random_bg/head/224/occ/raw/centre/20230805_135856/m--20230805_135856--f000604.jpg,20230805_135856,mauritius,original,video,False,train,1276.8094293736558
data/processed/mauritius/video/not_augmented/cull2_random_bg/head/224/occ/raw/centre/20230805_135856/m--20230805_135856--f000606.jpg,20230805_135856,mauritius,original,video,False,train,1160.6199694422571
data/processed/mauritius/video/not_augmented/cull2_random_bg/head/224/occ/raw/centre/20230805_135856/m--20230805_135856--f000608.jpg,20230805_135856,mauritius,original,video,False,train,657.2684345646533
data/processed/mauritius/video/not_augmented/cull2_random_bg/head/224/occ/raw/centre/20230805_135856/m--20230805_135856--f000610.jpg,20230805_135856,mauritius,original,video,False,train,225.31568164777778
data/processed/mauritius/video/not_augmented/cull2_random_bg/head/224/occ/raw/centre/20230805_135856/m--20230805_135856--f001484.jpg,20230805_135856,mauritius,original,video,False,train,1021.6276153693941
data/processed/mauritius/video/not_augmented/cull2_random_bg/head/224/occ/raw/centre/20230805_135856/m--20230805_135856--f001486.jpg,20230805_135856,mauritius,original,video,False,train,1019.0573237052512
data/processed/mauritius/video/not_augmented/cull2_random_bg/head/224/occ/raw/centre/20230805_135856/m--20230805_135856--f001488.jpg,20230805_135856,mauritius,original,video,False,train,1167.6457629408355
data/processed/mauritius/video/not_augmented/cull2_random_bg/head/224/occ/raw/centre/20230805_135856/m--20230805_135856--f001490.jpg,20230805_135856,mauritius,original,video,False,train,1485.819611738047
data/processed/mauritius/video/not_augmented/cull2_random_bg/head/224/occ/raw/centre/20230805_135856/m--20230805_135856--f001492.jpg,20230805_135856,mauritius,original,video,False,train,584.1682266364838
data/processed/mauritius/video/not_augmented/cull2_random_bg/head/224/occ/raw/centre/20230805_135856/m--20230805_135856--f001494.jpg,20230805_135856,mauritius,original,video,False,train,1668.6387185077278
data/processed/mauritius/video/not_augmented/cull2_random_bg/head/224/occ/raw/centre/20230805_135856/m--20230805_135856--f001498.jpg,20230805_135856,mauritius,original,video,False,train,1851.0062412129298
data/processed/mauritius/video/not_augmented/cull2_random_bg/head/224/occ/raw/centre/20230805_135856/m--20230805_135856--f001506.jpg,20230805_135856,mauritius,original,video,False,train,395.8278049642172
data/processed/mauritius/video/not_augmented/cull2_random_bg/head/224/occ/raw/centre/20230805_135856/m--20230805_135856--f001508.jpg,20230805_135856,mauritius,original,video,False,train,904.5989576253927
data/processed/mauritius/video/not_augmented/cull2_random_bg/head/224/occ/raw/centre/20230805_135856/m--20230805_135856--f001510.jpg,20230805_135856,mauritius,original,video,False,train,236.97893913265867
data/processed/mauritius/video/not_augmented/cull2_random_bg/head/224/occ/raw/centre/20230805_143328/m--20230805_143328--f000198.jpg,20230805_143328,mauritius,original,video,False,train,317.0715960522881
data/processed/mauritius/video/not_augmented/cull2_random_bg/head/224/occ/raw/centre/20230805_143328/m--20230805_143328--f000200.jpg,20230805_143328,mauritius,original,video,False,train,779.4040377865928
data/processed/mauritius/video/not_augmented/cull2_random_bg/head/224/occ/raw/centre/20230805_143328/m--20230805_143328--f000202.jpg,20230805_143328,mauritius,original,video,False,train,516.844673753728
data/processed/mauritius/video/not_augmented/cull2_random_bg/head/224/occ/raw/centre/20230805_143328/m--20230805_143328--f000204.jpg,20230805_143328,mauritius,original,video,False,train,1119.068690549826
data/processed/mauritius/video/not_augmented/cull2_random_bg/head/224/occ/raw/centre/20230805_143328/m--20230805_143328--f000206.jpg,20230805_143328,mauritius,original,video,False,train,1355.5915711373896
data/processed/mauritius/video/not_augmented/cull2_random_bg/head/224/occ/raw/centre/20230805_143328/m--20230805_143328--f000208.jpg,20230805_143328,mauritius,original,video,False,train,1126.5974017214348
data/processed/mauritius/video/not_augmented/cull2_random_bg/head/224/occ/raw/centre/20230805_143328/m--20230805_143328--f000210.jpg,20230805_143328,mauritius,original,video,False,train,546.2041597251146
data/processed/mauritius/video/not_augmented/cull2_random_bg/head/224/occ/raw/centre/20230805_143328/m--20230805_143328--f000212.jpg,20230805_143328,mauritius,original,video,False,train,1040.8531484985192
data/processed/mauritius/video/not_augmented/cull2_random_bg/head/224/occ/raw/centre/20230805_143328/m--20230805_143328--f000214.jpg,20230805_143328,mauritius,original,video,False,train,452.40239106074614
data/processed/mauritius/video/not_augmented/cull2_random_bg/head/224/occ/raw/centre/20230805_143328/m--20230805_143328--f000918.jpg,20230805_143328,mauritius,original,video,False,train,282.5273485572971
data/processed/mauritius/video/not_augmented/cull2_random_bg/head/224/occ/raw/centre/20230805_143328/m--20230805_143328--f000920.jpg,20230805_143328,mauritius,original,video,False,train,1444.4705353001664
data/processed/mauritius/video/not_augmented/cull2_random_bg/head/224/occ/raw/centre/20230805_143328/m--20230805_143328--f000922.jpg,20230805_143328,mauritius,original,video,False,train,253.5576102667081
data/processed/mauritius/video/not_augmented/cull2_random_bg/head/224/occ/raw/centre/20230805_143328/m--20230805_143328--f000924.jpg,20230805_143328,mauritius,original,video,False,train,442.9816894515362
data/processed/mauritius/video/not_augmented/cull2_random_bg/head/224/occ/raw/centre/20230805_143328/m--20230805_143328--f000932.jpg,20230805_143328,mauritius,original,video,False,train,330.51996146396317
data/processed/mauritius/video/not_augmented/cull2_random_bg/head/224/occ/raw/centre/20230805_143328/m--20230805_143328--f000936.jpg,20230805_143328,mauritius,original,video,False,train,526.7099955442397
data/processed/mauritius/video/not_augmented/cull2_random_bg/head/224/occ/raw/centre/20230805_144129/m--20230805_144129--f000140.jpg,20230805_144129,mauritius,original,video,False,val,286.21299533295854
data/processed/mauritius/video/not_augmented/cull2_random_bg/head/224/occ/raw/centre/20230805_144129/m--20230805_144129--f000146.jpg,20230805_144129,mauritius,original,video,False,val,339.69258646903455
data/processed/mauritius/video/not_augmented/cull2_random_bg/head/224/occ/raw/centre/20230805_144129/m--20230805_144129--f001030.jpg,20230805_144129,mauritius,original,video,False,val,924.5596734439766
data/processed/mauritius/video/not_augmented/cull2_random_bg/head/224/occ/raw/centre/20230805_145141/m--20230805_145141--f000694.jpg,20230805_145141,mauritius,original,video,False,val,921.9326100057485
data/processed/mauritius/video/not_augmented/cull2_random_bg/head/224/occ/raw/centre/20230805_145141/m--20230805_145141--f000702.jpg,20230805_145141,mauritius,original,video,False,val,1186.4974151601
data/processed/mauritius/video/not_augmented/cull2_random_bg/head/224/occ/raw/centre/20230805_145141/m--20230805_145141--f000704.jpg,20230805_145141,mauritius,original,video,False,val,874.08597219889
data/processed/mauritius/video/not_augmented/cull2_random_bg/head/224/occ/raw/centre/20230805_145141/m--20230805_145141--f000706.jpg,20230805_145141,mauritius,original,video,False,val,1285.3692600702257
data/processed/mauritius/video/not_augmented/cull2_random_bg/head/224/occ/raw/centre/20230805_145141/m--20230805_145141--f000708.jpg,20230805_145141,mauritius,original,video,False,val,797.2229474443835
data/processed/mauritius/video/not_augmented/cull2_random_bg/head/224/occ/raw/centre/20230805_145141/m--20230805_145141--f000710.jpg,20230805_145141,mauritius,original,video,False,val,813.7579866156684
data/processed/mauritius/video/not_augmented/cull2_random_bg/head/224/occ/raw/centre/20230805_145141/m--20230805_145141--f000712.jpg,20230805_145141,mauritius,original,video,False,val,733.7951719370647
data/processed/mauritius/video/not_augmented/cull2_random_bg/head/224/occ/raw/centre/20230805_145141/m--20230805_145141--f000714.jpg,20230805_145141,mauritius,original,video,False,val,734.4527098315301
data/processed/mauritius/video/not_augmented/cull2_random_bg/head/224/occ/raw/centre/20230805_145141/m--20230805_145141--f000716.jpg,20230805_145141,mauritius,original,video,False,val,678.0272221654615
data/processed/mauritius/video/not_augmented/cull2_random_bg/head/224/occ/raw/centre/20230805_145141/m--20230805_145141--f000718.jpg,20230805_145141,mauritius,original,video,False,val,749.8984369852303
data/processed/mauritius/video/not_augmented/cull2_random_bg/head/224/occ/raw/centre/20230805_145141/m--20230805_145141--f000720.jpg,20230805_145141,mauritius,original,video,False,val,1607.5641201862143
data/processed/mauritius/video/not_augmented/cull2_random_bg/head/224/occ/raw/centre/20230805_145141/m--20230805_145141--f000722.jpg,20230805_145141,mauritius,original,video,False,val,646.1644545892336
data/processed/mauritius/video/not_augmented/cull2_random_bg/head/224/occ/raw/centre/20230805_145141/m--20230805_145141--f000724.jpg,20230805_145141,mauritius,original,video,False,val,840.0081113698532
data/processed/mauritius/video/not_augmented/cull2_random_bg/head/224/occ/raw/centre/20230805_145141/m--20230805_145141--f000726.jpg,20230805_145141,mauritius,original,video,False,val,853.6137653840973
data/processed/mauritius/video/not_augmented/cull2_random_bg/head/224/occ/raw/centre/20230805_145141/m--20230805_145141--f000728.jpg,20230805_145141,mauritius,original,video,False,val,813.8170169697657
data/processed/mauritius/video/not_augmented/cull2_random_bg/head/224/occ/raw/centre/20230805_145141/m--20230805_145141--f000730.jpg,20230805_145141,mauritius,original,video,False,val,596.4972706643406
data/processed/mauritius/video/not_augmented/cull2_random_bg/head/224/occ/raw/centre/20230805_145141/m--20230805_145141--f000732.jpg,20230805_145141,mauritius,original,video,False,val,2163.875685323233
data/processed/mauritius/video/not_augmented/cull2_random_bg/head/224/occ/raw/centre/20230805_145141/m--20230805_145141--f000734.jpg,20230805_145141,mauritius,original,video,False,val,891.3701356921977
data/processed/mauritius/video/not_augmented/cull2_random_bg/head/224/occ/raw/centre/20230805_145141/m--20230805_145141--f000736.jpg,20230805_145141,mauritius,original,video,False,val,321.3307859265074
data/processed/mauritius/video/not_augmented/cull2_random_bg/head/224/occ/raw/centre/20230805_145141/m--20230805_145141--f000738.jpg,20230805_145141,mauritius,original,video,False,val,621.7937657849981
data/processed/mauritius/video/not_augmented/cull2_random_bg/head/224/occ/raw/centre/20230805_145141/m--20230805_145141--f000740.jpg,20230805_145141,mauritius,original,video,False,val,709.7769052536474
data/processed/mauritius/video/not_augmented/cull2_random_bg/head/224/occ/raw/centre/20230805_145141/m--20230805_145141--f000742.jpg,20230805_145141,mauritius,original,video,False,val,509.46499947099477
data/processed/mauritius/video/not_augmented/cull2_random_bg/head/224/occ/raw/centre/20230805_145141/m--20230805_145141--f000934.jpg,20230805_145141,mauritius,original,video,False,val,1523.7227956155396
data/processed/mauritius/video/not_augmented/cull2_random_bg/head/224/occ/raw/centre/20230805_145141/m--20230805_145141--f000936.jpg,20230805_145141,mauritius,original,video,False,val,401.88506262642994
data/processed/mauritius/video/not_augmented/cull2_random_bg/head/224/occ/raw/centre/20230805_145141/m--20230805_145141--f000996.jpg,20230805_145141,mauritius,original,video,False,val,571.460832027831
data/processed/mauritius/video/not_augmented/cull2_random_bg/head/224/occ/raw/centre/20230805_145141/m--20230805_145141--f000998.jpg,20230805_145141,mauritius,original,video,False,val,930.8956728422457
data/processed/mauritius/video/not_augmented/cull2_random_bg/head/224/occ/raw/centre/20230805_145141/m--20230805_145141--f001000.jpg,20230805_145141,mauritius,original,video,False,val,242.17798329472095
data/processed/mauritius/video/not_augmented/cull2_random_bg/head/224/occ/raw/centre/20230805_145141/m--20230805_145141--f001002.jpg,20230805_145141,mauritius,original,video,False,val,235.07553040211718
data/processed/mauritius/video/not_augmented/cull2_random_bg/head/224/occ/raw/centre/20230805_145141/m--20230805_145141--f001060.jpg,20230805_145141,mauritius,original,video,False,val,170.24026381060858
data/processed/mauritius/video/not_augmented/cull2_random_bg/head/224/occ/raw/centre/20230805_145141/m--20230805_145141--f001062.jpg,20230805_145141,mauritius,original,video,False,val,204.4159634616761
data/processed/mauritius/video/not_augmented/cull2_random_bg/head/224/occ/raw/centre/20230805_145141/m--20230805_145141--f001064.jpg,20230805_145141,mauritius,original,video,False,val,474.3716925252035
data/processed/mauritius/video/not_augmented/cull2_random_bg/head/224/occ/raw/centre/20230805_145544/m--20230805_145544--f000146.jpg,20230805_145544,mauritius,original,video,False,test,636.7887032285226
data/processed/mauritius/video/not_augmented/cull2_random_bg/head/224/occ/raw/centre/20230805_145544/m--20230805_145544--f000148.jpg,20230805_145544,mauritius,original,video,False,test,174.3089350291661
data/processed/mauritius/video/not_augmented/cull2_random_bg/head/224/occ/raw/centre/20230805_145544/m--20230805_145544--f000150.jpg,20230805_145544,mauritius,original,video,False,test,576.9345888171977
data/processed/mauritius/video/not_augmented/cull2_random_bg/head/224/occ/raw/centre/20230805_145544/m--20230805_145544--f000152.jpg,20230805_145544,mauritius,original,video,False,test,1327.813404748957
data/processed/mauritius/video/not_augmented/cull2_random_bg/head/224/occ/raw/centre/20230805_145544/m--20230805_145544--f000154.jpg,20230805_145544,mauritius,original,video,False,test,486.3673643710365
data/processed/mauritius/video/not_augmented/cull2_random_bg/head/224/occ/raw/centre/20230805_145544/m--20230805_145544--f000156.jpg,20230805_145544,mauritius,original,video,False,test,1744.3835357561156
data/processed/mauritius/video/not_augmented/cull2_random_bg/head/224/occ/raw/centre/20230805_145544/m--20230805_145544--f000158.jpg,20230805_145544,mauritius,original,video,False,test,1505.589461793705
data/processed/mauritius/video/not_augmented/cull2_random_bg/head/224/occ/raw/centre/20230805_145544/m--20230805_145544--f000160.jpg,20230805_145544,mauritius,original,video,False,test,432.1957389310418
data/processed/mauritius/video/not_augmented/cull2_random_bg/head/224/occ/raw/centre/20230805_145544/m--20230805_145544--f000162.jpg,20230805_145544,mauritius,original,video,False,test,1209.7962795449812
data/processed/mauritius/video/not_augmented/cull2_random_bg/head/224/occ/raw/centre/20230805_145544/m--20230805_145544--f000164.jpg,20230805_145544,mauritius,original,video,False,test,495.1452480889718
data/processed/mauritius/video/not_augmented/cull2_random_bg/head/224/occ/raw/centre/20230805_145544/m--20230805_145544--f000166.jpg,20230805_145544,mauritius,original,video,False,test,434.2130976382617
data/processed/mauritius/video/not_augmented/cull2_random_bg/head/224/occ/raw/centre/20230805_145544/m--20230805_145544--f000168.jpg,20230805_145544,mauritius,original,video,False,test,749.5840612218461
data/processed/mauritius/video/not_augmented/cull2_random_bg/head/224/occ/raw/centre/20230805_145544/m--20230805_145544--f000170.jpg,20230805_145544,mauritius,original,video,False,test,1307.4851478265257
data/processed/mauritius/video/not_augmented/cull2_random_bg/head/224/occ/raw/centre/20230805_145544/m--20230805_145544--f000172.jpg,20230805_145544,mauritius,original,video,False,test,1138.8887473221173
data/processed/mauritius/video/not_augmented/cull2_random_bg/head/224/occ/raw/centre/20230805_145544/m--20230805_145544--f000174.jpg,20230805_145544,mauritius,original,video,False,test,505.85136477086303
data/processed/mauritius/video/not_augmented/cull2_random_bg/head/224/occ/raw/centre/20230805_145544/m--20230805_145544--f000176.jpg,20230805_145544,mauritius,original,video,False,test,402.5440638096121
data/processed/mauritius/video/not_augmented/cull2_random_bg/head/224/occ/raw/centre/20230805_145544/m--20230805_145544--f000178.jpg,20230805_145544,mauritius,original,video,False,test,473.80959482919866
data/processed/mauritius/video/not_augmented/cull2_random_bg/head/224/occ/raw/centre/20230805_145544/m--20230805_145544--f000180.jpg,20230805_145544,mauritius,original,video,False,test,1777.3418079103742
data/processed/mauritius/video/not_augmented/cull2_random_bg/head/224/occ/raw/centre/20230805_145544/m--20230805_145544--f000182.jpg,20230805_145544,mauritius,original,video,False,test,368.75084544201286
data/processed/mauritius/video/not_augmented/cull2_random_bg/head/224/occ/raw/centre/20230805_145544/m--20230805_145544--f000184.jpg,20230805_145544,mauritius,original,video,False,test,297.384603769667
data/processed/mauritius/video/not_augmented/cull2_random_bg/head/224/occ/raw/centre/20230805_145544/m--20230805_145544--f000186.jpg,20230805_145544,mauritius,original,video,False,test,1270.82295128188
data/processed/mauritius/video/not_augmented/cull2_random_bg/head/224/occ/raw/centre/20230805_145544/m--20230805_145544--f000188.jpg,20230805_145544,mauritius,original,video,False,test,652.7227907570041
data/processed/mauritius/video/not_augmented/cull2_random_bg/head/224/occ/raw/centre/20230805_145544/m--20230805_145544--f000190.jpg,20230805_145544,mauritius,original,video,False,test,167.1820376951066
data/processed/mauritius/video/not_augmented/cull2_random_bg/head/224/occ/raw/centre/20230805_145544/m--20230805_145544--f001056.jpg,20230805_145544,mauritius,original,video,False,test,433.30989678727246
data/processed/mauritius/video/not_augmented/cull2_random_bg/head/224/occ/raw/centre/20230805_145544/m--20230805_145544--f001058.jpg,20230805_145544,mauritius,original,video,False,test,1312.2175980023374
data/processed/mauritius/video/not_augmented/cull2_random_bg/head/224/occ/raw/centre/20230805_145544/m--20230805_145544--f001060.jpg,20230805_145544,mauritius,original,video,False,test,445.131536888113
data/processed/mauritius/video/not_augmented/cull2_random_bg/head/224/occ/raw/centre/20230805_145544/m--20230805_145544--f001062.jpg,20230805_145544,mauritius,original,video,False,test,819.4449388721692
data/processed/mauritius/video/not_augmented/cull2_random_bg/head/224/occ/raw/centre/20230805_145544/m--20230805_145544--f001064.jpg,20230805_145544,mauritius,original,video,False,test,398.37040857095013
data/processed/mauritius/video/not_augmented/cull2_random_bg/head/224/occ/raw/centre/20230805_145544/m--20230805_145544--f001066.jpg,20230805_145544,mauritius,original,video,False,test,1175.8015383919394
data/processed/mauritius/video/not_augmented/cull2_random_bg/head/224/occ/raw/centre/20230805_145544/m--20230805_145544--f001068.jpg,20230805_145544,mauritius,original,video,False,test,272.9686674271361
data/processed/mauritius/video/not_augmented/cull2_random_bg/head/224/occ/raw/centre/20230805_145544/m--20230805_145544--f001070.jpg,20230805_145544,mauritius,original,video,False,test,390.19983628569713
data/processed/mauritius/video/not_augmented/cull2_random_bg/head/224/occ/raw/centre/20230805_150231/m--20230805_150231--f000134.jpg,20230805_150231,mauritius,original,video,False,val,866.1718320004496
data/processed/mauritius/video/not_augmented/cull2_random_bg/head/224/occ/raw/centre/20230805_150231/m--20230805_150231--f000136.jpg,20230805_150231,mauritius,original,video,False,val,1209.3568438423122
data/processed/mauritius/video/not_augmented/cull2_random_bg/head/224/occ/raw/centre/20230805_150231/m--20230805_150231--f000138.jpg,20230805_150231,mauritius,original,video,False,val,1612.2458741399757
data/processed/mauritius/video/not_augmented/cull2_random_bg/head/224/occ/raw/centre/20230805_150231/m--20230805_150231--f000140.jpg,20230805_150231,mauritius,original,video,False,val,1161.9053550694
data/processed/mauritius/video/not_augmented/cull2_random_bg/head/224/occ/raw/centre/20230805_150231/m--20230805_150231--f000142.jpg,20230805_150231,mauritius,original,video,False,val,1948.8284784112066
data/processed/mauritius/video/not_augmented/cull2_random_bg/head/224/occ/raw/centre/20230805_150231/m--20230805_150231--f000144.jpg,20230805_150231,mauritius,original,video,False,val,510.75938547993144
data/processed/mauritius/video/not_augmented/cull2_random_bg/head/224/occ/raw/centre/20230805_150231/m--20230805_150231--f000146.jpg,20230805_150231,mauritius,original,video,False,val,393.1303118126237
data/processed/mauritius/video/not_augmented/cull2_random_bg/head/224/occ/raw/centre/20230805_150231/m--20230805_150231--f000148.jpg,20230805_150231,mauritius,original,video,False,val,1760.3628098064044
data/processed/mauritius/video/not_augmented/cull2_random_bg/head/224/occ/raw/centre/20230805_150231/m--20230805_150231--f000470.jpg,20230805_150231,mauritius,original,video,False,val,1379.9894625239947
data/processed/mauritius/video/not_augmented/cull2_random_bg/head/224/occ/raw/centre/20230805_150231/m--20230805_150231--f000472.jpg,20230805_150231,mauritius,original,video,False,val,449.9531237543845
data/processed/mauritius/video/not_augmented/cull2_random_bg/head/224/occ/raw/centre/20230805_150231/m--20230805_150231--f000474.jpg,20230805_150231,mauritius,original,video,False,val,1305.5832467954986
data/processed/mauritius/video/not_augmented/cull2_random_bg/head/224/occ/raw/centre/20230805_150231/m--20230805_150231--f000476.jpg,20230805_150231,mauritius,original,video,False,val,298.2090042853842
data/processed/mauritius/video/not_augmented/cull2_random_bg/head/224/occ/raw/centre/20230805_150231/m--20230805_150231--f000478.jpg,20230805_150231,mauritius,original,video,False,val,305.43020891358776
data/processed/mauritius/video/not_augmented/cull2_random_bg/head/224/occ/raw/centre/20230805_150231/m--20230805_150231--f000480.jpg,20230805_150231,mauritius,original,video,False,val,139.1470184290424
data/processed/mauritius/video/not_augmented/cull2_random_bg/head/224/occ/raw/centre/20230805_150231/m--20230805_150231--f000482.jpg,20230805_150231,mauritius,original,video,False,val,1218.9955156474052
data/processed/mauritius/video/not_augmented/cull2_random_bg/head/224/occ/raw/centre/20230805_150231/m--20230805_150231--f000484.jpg,20230805_150231,mauritius,original,video,False,val,148.41893828645047
data/processed/mauritius/video/not_augmented/cull2_random_bg/head/224/occ/raw/centre/20230805_150231/m--20230805_150231--f000486.jpg,20230805_150231,mauritius,original,video,False,val,166.8391416228746
data/processed/mauritius/video/not_augmented/cull2_random_bg/head/224/occ/raw/centre/20230805_150231/m--20230805_150231--f000488.jpg,20230805_150231,mauritius,original,video,False,val,117.29786993493046
data/processed/mauritius/video/not_augmented/cull2_random_bg/head/224/occ/raw/centre/20230805_150231/m--20230805_150231--f000490.jpg,20230805_150231,mauritius,original,video,False,val,872.3396431280643
data/processed/mauritius/video/not_augmented/cull2_random_bg/head/224/occ/raw/centre/20230805_150231/m--20230805_150231--f000548.jpg,20230805_150231,mauritius,original,video,False,val,255.83007649807368
data/processed/mauritius/video/not_augmented/cull2_random_bg/head/224/occ/raw/centre/20230805_150231/m--20230805_150231--f000840.jpg,20230805_150231,mauritius,original,video,False,val,327.75483930453515
data/processed/mauritius/video/not_augmented/cull2_random_bg/head/224/occ/raw/centre/20230805_150231/m--20230805_150231--f000844.jpg,20230805_150231,mauritius,original,video,False,val,849.1348530834093
data/processed/mauritius/video/not_augmented/cull2_random_bg/head/224/occ/raw/centre/20230805_150231/m--20230805_150231--f000846.jpg,20230805_150231,mauritius,original,video,False,val,1559.1162470345296
data/processed/mauritius/video/not_augmented/cull2_random_bg/head/224/occ/raw/centre/20230805_150231/m--20230805_150231--f000848.jpg,20230805_150231,mauritius,original,video,False,val,241.41392967632441
data/processed/mauritius/video/not_augmented/cull2_random_bg/head/224/occ/raw/centre/20230805_150231/m--20230805_150231--f000850.jpg,20230805_150231,mauritius,original,video,False,val,857.4166782908219
data/processed/mauritius/video/not_augmented/cull2_random_bg/head/224/occ/raw/centre/20230805_150231/m--20230805_150231--f000852.jpg,20230805_150231,mauritius,original,video,False,val,650.790184340344
data/processed/mauritius/video/not_augmented/cull2_random_bg/head/224/occ/raw/centre/20230805_150231/m--20230805_150231--f000854.jpg,20230805_150231,mauritius,original,video,False,val,392.3266209686165
data/processed/mauritius/video/not_augmented/cull2_random_bg/head/224/occ/raw/centre/20230805_150231/m--20230805_150231--f000856.jpg,20230805_150231,mauritius,original,video,False,val,240.2868203143684
data/processed/mauritius/video/not_augmented/cull2_random_bg/head/224/occ/raw/centre/20230805_150231/m--20230805_150231--f000858.jpg,20230805_150231,mauritius,original,video,False,val,426.6472854514958
data/processed/mauritius/video/not_augmented/cull2_random_bg/head/224/occ/raw/centre/20230805_150231/m--20230805_150231--f000860.jpg,20230805_150231,mauritius,original,video,False,val,2095.906343090291
data/processed/mauritius/video/not_augmented/cull2_random_bg/head/224/occ/raw/centre/20230805_150231/m--20230805_150231--f000862.jpg,20230805_150231,mauritius,original,video,False,val,479.83621021312064
data/processed/mauritius/video/not_augmented/cull2_random_bg/head/224/occ/raw/centre/20230805_150231/m--20230805_150231--f000864.jpg,20230805_150231,mauritius,original,video,False,val,411.9347943671788
data/processed/mauritius/video/not_augmented/cull2_random_bg/head/224/occ/raw/centre/20230805_150231/m--20230805_150231--f000866.jpg,20230805_150231,mauritius,original,video,False,val,275.65792410714295
data/processed/mauritius/video/not_augmented/cull2_random_bg/head/224/occ/raw/centre/20230805_150231/m--20230805_150231--f000868.jpg,20230805_150231,mauritius,original,video,False,val,516.6379871324715
data/processed/mauritius/video/not_augmented/cull2_random_bg/head/224/occ/raw/centre/20230805_150231/m--20230805_150231--f000870.jpg,20230805_150231,mauritius,original,video,False,val,537.059450015283
data/processed/mauritius/video/not_augmented/cull2_random_bg/head/224/occ/raw/centre/20230805_150231/m--20230805_150231--f000872.jpg,20230805_150231,mauritius,original,video,False,val,622.0370261459636
data/processed/mauritius/video/not_augmented/cull2_random_bg/head/224/occ/raw/centre/20230805_150231/m--20230805_150231--f000874.jpg,20230805_150231,mauritius,original,video,False,val,1385.4614296388447
data/processed/mauritius/video/not_augmented/cull2_random_bg/head/224/occ/raw/centre/20230805_150231/m--20230805_150231--f000876.jpg,20230805_150231,mauritius,original,video,False,val,1379.879557261612
data/processed/mauritius/video/not_augmented/cull2_random_bg/head/224/occ/raw/centre/20230805_150231/m--20230805_150231--f000878.jpg,20230805_150231,mauritius,original,video,False,val,2596.19656110078
data/processed/mauritius/video/not_augmented/cull2_random_bg/head/224/occ/raw/centre/20230805_150231/m--20230805_150231--f000880.jpg,20230805_150231,mauritius,original,video,False,val,1076.0174597406924
data/processed/mauritius/video/not_augmented/cull2_random_bg/head/224/occ/raw/centre/20230805_150231/m--20230805_150231--f000888.jpg,20230805_150231,mauritius,original,video,False,val,987.5941813245308
data/processed/mauritius/video/not_augmented/cull2_random_bg/head/224/occ/raw/centre/20230805_150231/m--20230805_150231--f000892.jpg,20230805_150231,mauritius,original,video,False,val,3223.8682951937117
data/processed/mauritius/video/not_augmented/cull2_random_bg/head/224/occ/raw/centre/20230805_150231/m--20230805_150231--f000934.jpg,20230805_150231,mauritius,original,video,False,val,242.14117292740204
data/processed/mauritius/video/not_augmented/cull2_random_bg/head/224/occ/raw/centre/20230805_150231/m--20230805_150231--f000948.jpg,20230805_150231,mauritius,original,video,False,val,573.307529819255
data/processed/mauritius/video/not_augmented/cull2_random_bg/head/224/occ/raw/centre/20230805_150231/m--20230805_150231--f000950.jpg,20230805_150231,mauritius,original,video,False,val,859.3970717700606
data/processed/mauritius/video/not_augmented/cull2_random_bg/head/224/occ/raw/centre/20230805_150231/m--20230805_150231--f000952.jpg,20230805_150231,mauritius,original,video,False,val,917.1342278241814
data/processed/mauritius/video/not_augmented/cull2_random_bg/head/224/occ/raw/centre/20230805_150231/m--20230805_150231--f000954.jpg,20230805_150231,mauritius,original,video,False,val,2008.652890196645
data/processed/mauritius/video/not_augmented/cull2_random_bg/head/224/occ/raw/centre/20230805_150231/m--20230805_150231--f000956.jpg,20230805_150231,mauritius,original,video,False,val,525.8945723044678
data/processed/mauritius/video/not_augmented/cull2_random_bg/head/224/occ/raw/centre/20230805_150231/m--20230805_150231--f000962.jpg,20230805_150231,mauritius,original,video,False,val,322.03385556017247
data/processed/mauritius/video/not_augmented/cull2_random_bg/head/224/occ/raw/centre/20230805_150231/m--20230805_150231--f000964.jpg,20230805_150231,mauritius,original,video,False,val,475.9648317879609
data/processed/mauritius/video/not_augmented/cull2_random_bg/head/224/occ/raw/centre/20230805_150231/m--20230805_150231--f001026.jpg,20230805_150231,mauritius,original,video,False,val,845.8961453574839
data/processed/mauritius/video/not_augmented/cull2_random_bg/head/224/occ/raw/centre/20230807_060504/m--20230807_060504--f000170.jpg,20230807_060504,mauritius,original,video,False,train,676.1305830163888
data/processed/mauritius/video/not_augmented/cull2_random_bg/head/224/occ/raw/centre/20230807_060504/m--20230807_060504--f000172.jpg,20230807_060504,mauritius,original,video,False,train,375.71756054490174
data/processed/mauritius/video/not_augmented/cull2_random_bg/head/224/occ/raw/centre/20230807_060504/m--20230807_060504--f000174.jpg,20230807_060504,mauritius,original,video,False,train,339.9864259912092
data/processed/mauritius/video/not_augmented/cull2_random_bg/head/224/occ/raw/centre/20230807_060504/m--20230807_060504--f000176.jpg,20230807_060504,mauritius,original,video,False,train,1143.5828665733734
data/processed/mauritius/video/not_augmented/cull2_random_bg/head/224/occ/raw/centre/20230807_060504/m--20230807_060504--f000178.jpg,20230807_060504,mauritius,original,video,False,train,1460.4694611697532
data/processed/mauritius/video/not_augmented/cull2_random_bg/head/224/occ/raw/centre/20230807_060504/m--20230807_060504--f000180.jpg,20230807_060504,mauritius,original,video,False,train,529.5202480238312
data/processed/mauritius/video/not_augmented/cull2_random_bg/head/224/occ/raw/centre/20230807_060504/m--20230807_060504--f000182.jpg,20230807_060504,mauritius,original,video,False,train,856.9017629309626
data/processed/mauritius/video/not_augmented/cull2_random_bg/head/224/occ/raw/centre/20230807_060504/m--20230807_060504--f000184.jpg,20230807_060504,mauritius,original,video,False,train,301.4842917562673
data/processed/mauritius/video/not_augmented/cull2_random_bg/head/224/occ/raw/centre/20230807_060504/m--20230807_060504--f000186.jpg,20230807_060504,mauritius,original,video,False,train,400.8296595660412
data/processed/mauritius/video/not_augmented/cull2_random_bg/head/224/occ/raw/centre/20230807_060504/m--20230807_060504--f000188.jpg,20230807_060504,mauritius,original,video,False,train,303.6507212580467
data/processed/mauritius/video/not_augmented/cull2_random_bg/head/224/occ/raw/centre/20230807_060504/m--20230807_060504--f000190.jpg,20230807_060504,mauritius,original,video,False,train,350.54525122588893
data/processed/mauritius/video/not_augmented/cull2_random_bg/head/224/occ/raw/centre/20230807_060504/m--20230807_060504--f000236.jpg,20230807_060504,mauritius,original,video,False,train,644.0414137627771
data/processed/mauritius/video/not_augmented/cull2_random_bg/head/224/occ/raw/centre/20230807_060504/m--20230807_060504--f000238.jpg,20230807_060504,mauritius,original,video,False,train,1296.131649914606
data/processed/mauritius/video/not_augmented/cull2_random_bg/head/224/occ/raw/centre/20230807_060504/m--20230807_060504--f000240.jpg,20230807_060504,mauritius,original,video,False,train,886.2416486759971
data/processed/mauritius/video/not_augmented/cull2_random_bg/head/224/occ/raw/centre/20230807_060504/m--20230807_060504--f000242.jpg,20230807_060504,mauritius,original,video,False,train,556.6294239112508
data/processed/mauritius/video/not_augmented/cull2_random_bg/head/224/occ/raw/centre/20230807_060504/m--20230807_060504--f000244.jpg,20230807_060504,mauritius,original,video,False,train,819.2755149831776
data/processed/mauritius/video/not_augmented/cull2_random_bg/head/224/occ/raw/centre/20230807_060504/m--20230807_060504--f000246.jpg,20230807_060504,mauritius,original,video,False,train,464.2456510083867
data/processed/mauritius/video/not_augmented/cull2_random_bg/head/224/occ/raw/centre/20230807_060504/m--20230807_060504--f000248.jpg,20230807_060504,mauritius,original,video,False,train,548.5216008142252
data/processed/mauritius/video/not_augmented/cull2_random_bg/head/224/occ/raw/centre/20230807_060504/m--20230807_060504--f000250.jpg,20230807_060504,mauritius,original,video,False,train,1194.9658884146172
data/processed/mauritius/video/not_augmented/cull2_random_bg/head/224/occ/raw/centre/20230807_060504/m--20230807_060504--f000252.jpg,20230807_060504,mauritius,original,video,False,train,997.3996422512242
data/processed/mauritius/video/not_augmented/cull2_random_bg/head/224/occ/raw/centre/20230807_060504/m--20230807_060504--f000254.jpg,20230807_060504,mauritius,original,video,False,train,1223.1644152312017
data/processed/mauritius/video/not_augmented/cull2_random_bg/head/224/occ/raw/centre/20230807_060504/m--20230807_060504--f000256.jpg,20230807_060504,mauritius,original,video,False,train,268.7604215205684
data/processed/mauritius/video/not_augmented/cull2_random_bg/head/224/occ/raw/centre/20230807_060504/m--20230807_060504--f000258.jpg,20230807_060504,mauritius,original,video,False,train,825.0408552516159
data/processed/mauritius/video/not_augmented/cull2_random_bg/head/224/occ/raw/centre/20230807_060504/m--20230807_060504--f000260.jpg,20230807_060504,mauritius,original,video,False,train,2305.9063691687757
data/processed/mauritius/video/not_augmented/cull2_random_bg/head/224/occ/raw/centre/20230807_060504/m--20230807_060504--f000262.jpg,20230807_060504,mauritius,original,video,False,train,255.9746887829839
data/processed/mauritius/video/not_augmented/cull2_random_bg/head/224/occ/raw/centre/20230807_060504/m--20230807_060504--f000264.jpg,20230807_060504,mauritius,original,video,False,train,205.3686457788483
data/processed/mauritius/video/not_augmented/cull2_random_bg/head/224/occ/raw/centre/20230807_060504/m--20230807_060504--f000266.jpg,20230807_060504,mauritius,original,video,False,train,426.08256406200184
data/processed/mauritius/video/not_augmented/cull2_random_bg/head/224/occ/raw/centre/20230807_060504/m--20230807_060504--f000268.jpg,20230807_060504,mauritius,original,video,False,train,1029.0701875599261
data/processed/mauritius/video/not_augmented/cull2_random_bg/head/224/occ/raw/centre/20230807_060504/m--20230807_060504--f000270.jpg,20230807_060504,mauritius,original,video,False,train,275.23537072337007
data/processed/mauritius/video/not_augmented/cull2_random_bg/head/224/occ/raw/centre/20230807_060504/m--20230807_060504--f000272.jpg,20230807_060504,mauritius,original,video,False,train,762.2113609897847
data/processed/mauritius/video/not_augmented/cull2_random_bg/head/224/occ/raw/centre/20230807_060504/m--20230807_060504--f000274.jpg,20230807_060504,mauritius,original,video,False,train,913.770829860889
data/processed/mauritius/video/not_augmented/cull2_random_bg/head/224/occ/raw/centre/20230807_060504/m--20230807_060504--f000864.jpg,20230807_060504,mauritius,original,video,False,train,812.5867646379005
data/processed/mauritius/video/not_augmented/cull2_random_bg/head/224/occ/raw/centre/20230807_060504/m--20230807_060504--f001412.jpg,20230807_060504,mauritius,original,video,False,train,1290.7286202372338
data/processed/mauritius/video/not_augmented/cull2_random_bg/head/224/occ/raw/centre/20230807_060504/m--20230807_060504--f001414.jpg,20230807_060504,mauritius,original,video,False,train,856.0340196445851
data/processed/mauritius/video/not_augmented/cull2_random_bg/head/224/occ/raw/centre/20230807_060504/m--20230807_060504--f001416.jpg,20230807_060504,mauritius,original,video,False,train,1308.6537587210714
data/processed/mauritius/video/not_augmented/cull2_random_bg/head/224/occ/raw/centre/20230807_060504/m--20230807_060504--f001418.jpg,20230807_060504,mauritius,original,video,False,train,1183.556152365596
data/processed/mauritius/video/not_augmented/cull2_random_bg/head/224/occ/raw/centre/20230807_060504/m--20230807_060504--f001420.jpg,20230807_060504,mauritius,original,video,False,train,824.2202265992456
data/processed/mauritius/video/not_augmented/cull2_random_bg/head/224/occ/raw/centre/20230807_122321/m--20230807_122321--f001160.jpg,20230807_122321,mauritius,original,video,False,train,1906.5314291203733
data/processed/mauritius/video/not_augmented/cull2_random_bg/head/224/occ/raw/centre/20230807_122321/m--20230807_122321--f001162.jpg,20230807_122321,mauritius,original,video,False,train,3761.4936206631733
data/processed/mauritius/video/not_augmented/cull2_random_bg/head/224/occ/raw/centre/20230807_122321/m--20230807_122321--f001164.jpg,20230807_122321,mauritius,original,video,False,train,2860.37613385958
data/processed/mauritius/video/not_augmented/cull2_random_bg/head/224/occ/raw/centre/20230807_122321/m--20230807_122321--f001166.jpg,20230807_122321,mauritius,original,video,False,train,1595.3148923946987
data/processed/mauritius/video/not_augmented/cull2_random_bg/head/224/occ/raw/centre/20230807_122321/m--20230807_122321--f001168.jpg,20230807_122321,mauritius,original,video,False,train,2745.912381046268
data/processed/mauritius/video/not_augmented/cull2_random_bg/head/224/occ/raw/centre/20230807_122321/m--20230807_122321--f001170.jpg,20230807_122321,mauritius,original,video,False,train,1612.386266945899
data/processed/mauritius/video/not_augmented/cull2_random_bg/head/224/occ/raw/centre/20230807_122321/m--20230807_122321--f001176.jpg,20230807_122321,mauritius,original,video,False,train,2055.7408458732757
data/processed/mauritius/video/not_augmented/cull2_random_bg/head/224/occ/raw/centre/20230807_122321/m--20230807_122321--f001178.jpg,20230807_122321,mauritius,original,video,False,train,1732.8233612228166
data/processed/mauritius/video/not_augmented/cull2_random_bg/head/224/occ/raw/centre/20230807_123413/m--20230807_123413--f000182.jpg,20230807_123413,mauritius,original,video,False,train,652.3272117887224
data/processed/mauritius/video/not_augmented/cull2_random_bg/head/224/occ/raw/centre/20230807_123413/m--20230807_123413--f000192.jpg,20230807_123413,mauritius,original,video,False,train,1794.8110773482952
data/processed/mauritius/video/not_augmented/cull2_random_bg/head/224/occ/raw/centre/20230807_123413/m--20230807_123413--f000194.jpg,20230807_123413,mauritius,original,video,False,train,798.4119686645452
data/processed/mauritius/video/not_augmented/cull2_random_bg/head/224/occ/raw/centre/20230807_123413/m--20230807_123413--f000196.jpg,20230807_123413,mauritius,original,video,False,train,427.1639343223587
data/processed/mauritius/video/not_augmented/cull2_random_bg/head/224/occ/raw/centre/20230807_123413/m--20230807_123413--f000198.jpg,20230807_123413,mauritius,original,video,False,train,2137.184614843252
data/processed/mauritius/video/not_augmented/cull2_random_bg/head/224/occ/raw/centre/20230807_123413/m--20230807_123413--f000200.jpg,20230807_123413,mauritius,original,video,False,train,3995.570321460408
data/processed/mauritius/video/not_augmented/cull2_random_bg/head/224/occ/raw/centre/20230807_123413/m--20230807_123413--f000202.jpg,20230807_123413,mauritius,original,video,False,train,1671.7269994298006
data/processed/mauritius/video/not_augmented/cull2_random_bg/head/224/occ/raw/centre/20230807_124816/m--20230807_124816--f000256.jpg,20230807_124816,mauritius,original,video,False,train,1794.9987416515644
data/processed/mauritius/video/not_augmented/cull2_random_bg/head/224/occ/raw/centre/20230807_124816/m--20230807_124816--f000258.jpg,20230807_124816,mauritius,original,video,False,train,1616.4156965552047
data/processed/mauritius/video/not_augmented/cull2_random_bg/head/224/occ/raw/centre/20230807_124816/m--20230807_124816--f000866.jpg,20230807_124816,mauritius,original,video,False,train,1229.232102957729
data/processed/mauritius/video/not_augmented/cull2_random_bg/head/224/occ/raw/centre/20230807_124816/m--20230807_124816--f000868.jpg,20230807_124816,mauritius,original,video,False,train,1883.2378313032007
data/processed/mauritius/video/not_augmented/cull2_random_bg/head/224/occ/raw/centre/20230807_124816/m--20230807_124816--f000870.jpg,20230807_124816,mauritius,original,video,False,train,605.8855569208725
data/processed/mauritius/video/not_augmented/cull2_random_bg/head/224/occ/raw/centre/20230807_124816/m--20230807_124816--f000872.jpg,20230807_124816,mauritius,original,video,False,train,620.8622635373073
data/processed/mauritius/video/not_augmented/cull2_random_bg/head/224/occ/raw/centre/20230807_124816/m--20230807_124816--f000874.jpg,20230807_124816,mauritius,original,video,False,train,791.0230775171397
data/processed/mauritius/video/not_augmented/cull2_random_bg/head/224/occ/raw/centre/20230807_124816/m--20230807_124816--f000876.jpg,20230807_124816,mauritius,original,video,False,train,1198.7431454890868
data/processed/mauritius/video/not_augmented/cull2_random_bg/head/224/occ/raw/centre/20230807_124816/m--20230807_124816--f000878.jpg,20230807_124816,mauritius,original,video,False,train,1408.1783336876135
data/processed/mauritius/video/not_augmented/cull2_random_bg/head/224/occ/raw/centre/20230807_124816/m--20230807_124816--f000880.jpg,20230807_124816,mauritius,original,video,False,train,847.0736100567426
data/processed/mauritius/video/not_augmented/cull2_random_bg/head/224/occ/raw/centre/20230807_124816/m--20230807_124816--f001408.jpg,20230807_124816,mauritius,original,video,False,train,258.4191173754449
data/processed/mauritius/video/not_augmented/cull2_random_bg/head/224/occ/raw/centre/20230807_124816/m--20230807_124816--f001494.jpg,20230807_124816,mauritius,original,video,False,train,1086.6630931851864
data/processed/mauritius/video/not_augmented/cull2_random_bg/head/224/occ/raw/centre/20230807_124816/m--20230807_124816--f001496.jpg,20230807_124816,mauritius,original,video,False,train,1483.2488836219334
data/processed/mauritius/video/not_augmented/cull2_random_bg/head/224/occ/raw/centre/20230807_124816/m--20230807_124816--f001498.jpg,20230807_124816,mauritius,original,video,False,train,331.8687369339866
data/processed/mauritius/video/not_augmented/cull2_random_bg/head/224/occ/raw/centre/20230807_124816/m--20230807_124816--f001500.jpg,20230807_124816,mauritius,original,video,False,train,2392.9421725445914
data/processed/mauritius/video/not_augmented/cull2_random_bg/head/224/occ/raw/centre/20230807_124816/m--20230807_124816--f001502.jpg,20230807_124816,mauritius,original,video,False,train,590.7068407915871
data/processed/mauritius/video/not_augmented/cull2_random_bg/head/224/occ/raw/centre/20230807_124816/m--20230807_124816--f001504.jpg,20230807_124816,mauritius,original,video,False,train,1493.5705775011088
data/processed/mauritius/video/not_augmented/cull2_random_bg/head/224/occ/raw/centre/20230807_124816/m--20230807_124816--f001506.jpg,20230807_124816,mauritius,original,video,False,train,2571.167127424158
data/processed/mauritius/video/not_augmented/cull2_random_bg/head/224/occ/raw/centre/20230807_124816/m--20230807_124816--f001508.jpg,20230807_124816,mauritius,original,video,False,train,722.9105074432481
data/processed/mauritius/video/not_augmented/cull2_random_bg/head/224/occ/raw/centre/20230807_124816/m--20230807_124816--f001510.jpg,20230807_124816,mauritius,original,video,False,train,661.0566586637835
data/processed/mauritius/video/not_augmented/cull2_random_bg/head/224/occ/raw/centre/20230807_124816/m--20230807_124816--f001512.jpg,20230807_124816,mauritius,original,video,False,train,1152.1419588507638
data/processed/mauritius/video/not_augmented/cull2_random_bg/head/224/occ/raw/centre/20230807_124816/m--20230807_124816--f001514.jpg,20230807_124816,mauritius,original,video,False,train,849.5083278539228
data/processed/mauritius/video/not_augmented/cull2_random_bg/head/224/occ/raw/centre/20230807_124816/m--20230807_124816--f001516.jpg,20230807_124816,mauritius,original,video,False,train,1962.4326075768784
data/processed/mauritius/video/not_augmented/cull2_random_bg/head/224/occ/raw/centre/20230807_124816/m--20230807_124816--f001584.jpg,20230807_124816,mauritius,original,video,False,train,2116.615092129769
data/processed/mauritius/video/not_augmented/cull2_random_bg/head/224/occ/raw/centre/20230807_124816/m--20230807_124816--f001622.jpg,20230807_124816,mauritius,original,video,False,train,327.6120143252479
data/processed/mauritius/video/not_augmented/cull2_random_bg/head/224/occ/raw/centre/20230807_125815/m--20230807_125815--f000242.jpg,20230807_125815,mauritius,original,video,False,train,510.41816207301065
data/processed/mauritius/video/not_augmented/cull2_random_bg/head/224/occ/raw/centre/20230807_125815/m--20230807_125815--f000244.jpg,20230807_125815,mauritius,original,video,False,train,228.68687845696414
data/processed/mauritius/video/not_augmented/cull2_random_bg/head/224/occ/raw/centre/20230807_125815/m--20230807_125815--f000246.jpg,20230807_125815,mauritius,original,video,False,train,1041.0391014886368
data/processed/mauritius/video/not_augmented/cull2_random_bg/head/224/occ/raw/centre/20230807_125815/m--20230807_125815--f000248.jpg,20230807_125815,mauritius,original,video,False,train,2525.8202056042705
data/processed/mauritius/video/not_augmented/cull2_random_bg/head/224/occ/raw/centre/20230807_125815/m--20230807_125815--f000250.jpg,20230807_125815,mauritius,original,video,False,train,2069.4949854442057
data/processed/mauritius/video/not_augmented/cull2_random_bg/head/224/occ/raw/centre/20230807_125815/m--20230807_125815--f000252.jpg,20230807_125815,mauritius,original,video,False,train,1517.554344930335
data/processed/mauritius/video/not_augmented/cull2_random_bg/head/224/occ/raw/centre/20230807_125815/m--20230807_125815--f000254.jpg,20230807_125815,mauritius,original,video,False,train,1035.1446894431601
data/processed/mauritius/video/not_augmented/cull2_random_bg/head/224/occ/raw/centre/20230807_125815/m--20230807_125815--f000256.jpg,20230807_125815,mauritius,original,video,False,train,759.1522426227885
data/processed/mauritius/video/not_augmented/cull2_random_bg/head/224/occ/raw/centre/20230807_125815/m--20230807_125815--f000258.jpg,20230807_125815,mauritius,original,video,False,train,1676.0434911395052
data/processed/mauritius/video/not_augmented/cull2_random_bg/head/224/occ/raw/centre/20230807_125815/m--20230807_125815--f000260.jpg,20230807_125815,mauritius,original,video,False,train,1090.6447695371064
data/processed/mauritius/video/not_augmented/cull2_random_bg/head/224/occ/raw/centre/20230807_125815/m--20230807_125815--f000262.jpg,20230807_125815,mauritius,original,video,False,train,1935.0273095591276
data/processed/mauritius/video/not_augmented/cull2_random_bg/head/224/occ/raw/centre/20230807_125815/m--20230807_125815--f000264.jpg,20230807_125815,mauritius,original,video,False,train,538.1357804675342
data/processed/mauritius/video/not_augmented/cull2_random_bg/head/224/occ/raw/centre/20230807_125815/m--20230807_125815--f000268.jpg,20230807_125815,mauritius,original,video,False,train,1161.437508984637
data/processed/mauritius/video/not_augmented/cull2_random_bg/head/224/occ/raw/centre/20230807_125815/m--20230807_125815--f000270.jpg,20230807_125815,mauritius,original,video,False,train,1988.9683818507326
data/processed/mauritius/video/not_augmented/cull2_random_bg/head/224/occ/raw/centre/20230807_125815/m--20230807_125815--f000276.jpg,20230807_125815,mauritius,original,video,False,train,1233.8699157946014
data/processed/mauritius/video/not_augmented/cull2_random_bg/head/224/occ/raw/centre/20230807_125815/m--20230807_125815--f000278.jpg,20230807_125815,mauritius,original,video,False,train,320.73219098969327
data/processed/mauritius/video/not_augmented/cull2_random_bg/head/224/occ/raw/centre/20230807_125815/m--20230807_125815--f000280.jpg,20230807_125815,mauritius,original,video,False,train,1572.4528957495634
data/processed/mauritius/video/not_augmented/cull2_random_bg/head/224/occ/raw/centre/20230807_125815/m--20230807_125815--f000282.jpg,20230807_125815,mauritius,original,video,False,train,1494.4648149256805
data/processed/mauritius/video/not_augmented/cull2_random_bg/head/224/occ/raw/centre/20230807_125815/m--20230807_125815--f000284.jpg,20230807_125815,mauritius,original,video,False,train,277.4518100523244
data/processed/mauritius/video/not_augmented/cull2_random_bg/head/224/occ/raw/centre/20230807_125815/m--20230807_125815--f000286.jpg,20230807_125815,mauritius,original,video,False,train,1017.2657642988104
data/processed/mauritius/video/not_augmented/cull2_random_bg/head/224/occ/raw/centre/20230807_125815/m--20230807_125815--f000288.jpg,20230807_125815,mauritius,original,video,False,train,923.8407840017776
data/processed/mauritius/video/not_augmented/cull2_random_bg/head/224/occ/raw/centre/20230807_125815/m--20230807_125815--f000290.jpg,20230807_125815,mauritius,original,video,False,train,403.49438466672245
data/processed/mauritius/video/not_augmented/cull2_random_bg/head/224/occ/raw/centre/20230807_125815/m--20230807_125815--f000292.jpg,20230807_125815,mauritius,original,video,False,train,319.3535153183625
data/processed/mauritius/video/not_augmented/cull2_random_bg/head/224/occ/raw/centre/20230807_125815/m--20230807_125815--f000294.jpg,20230807_125815,mauritius,original,video,False,train,325.1065733312617
data/processed/mauritius/video/not_augmented/cull2_random_bg/head/224/occ/raw/centre/20230807_125815/m--20230807_125815--f000296.jpg,20230807_125815,mauritius,original,video,False,train,223.3013911785458
data/processed/mauritius/video/not_augmented/cull2_random_bg/head/224/occ/raw/centre/20230807_125815/m--20230807_125815--f000298.jpg,20230807_125815,mauritius,original,video,False,train,1371.2250482093687
data/processed/mauritius/video/not_augmented/cull2_random_bg/head/224/occ/raw/centre/20230807_125815/m--20230807_125815--f000300.jpg,20230807_125815,mauritius,original,video,False,train,1229.9490669485629
data/processed/mauritius/video/not_augmented/cull2_random_bg/head/224/occ/raw/centre/20230807_125815/m--20230807_125815--f000302.jpg,20230807_125815,mauritius,original,video,False,train,195.6644358732262
data/processed/mauritius/video/not_augmented/cull2_random_bg/head/224/occ/raw/centre/20230807_125815/m--20230807_125815--f000304.jpg,20230807_125815,mauritius,original,video,False,train,953.3101419483012
data/processed/mauritius/video/not_augmented/cull2_random_bg/head/224/occ/raw/centre/20230807_125815/m--20230807_125815--f000306.jpg,20230807_125815,mauritius,original,video,False,train,613.4226720651851
data/processed/mauritius/video/not_augmented/cull2_random_bg/head/224/occ/raw/centre/20230807_125815/m--20230807_125815--f000308.jpg,20230807_125815,mauritius,original,video,False,train,1599.7941685854914
data/processed/mauritius/video/not_augmented/cull2_random_bg/head/224/occ/raw/centre/20230807_125815/m--20230807_125815--f001354.jpg,20230807_125815,mauritius,original,video,False,train,1463.1480986254755
data/processed/mauritius/video/not_augmented/cull2_random_bg/head/224/occ/raw/centre/20230807_125815/m--20230807_125815--f001356.jpg,20230807_125815,mauritius,original,video,False,train,766.0403977933896
data/processed/mauritius/video/not_augmented/cull2_random_bg/head/224/occ/raw/centre/20230807_125815/m--20230807_125815--f001358.jpg,20230807_125815,mauritius,original,video,False,train,853.2118825912474
data/processed/mauritius/video/not_augmented/cull2_random_bg/head/224/occ/raw/centre/20230807_125815/m--20230807_125815--f001360.jpg,20230807_125815,mauritius,original,video,False,train,2156.2886834003584
data/processed/mauritius/video/not_augmented/cull2_random_bg/head/224/occ/raw/centre/20230807_125815/m--20230807_125815--f001416.jpg,20230807_125815,mauritius,original,video,False,train,893.5194829236167
data/processed/mauritius/video/not_augmented/cull2_random_bg/head/224/occ/raw/centre/20230807_125815/m--20230807_125815--f001418.jpg,20230807_125815,mauritius,original,video,False,train,1512.0956360965113
data/processed/mauritius/video/not_augmented/cull2_random_bg/head/224/occ/raw/centre/20230807_125815/m--20230807_125815--f001420.jpg,20230807_125815,mauritius,original,video,False,train,700.1395405455958
data/processed/mauritius/video/not_augmented/cull2_random_bg/head/224/occ/raw/centre/20230807_125815/m--20230807_125815--f001422.jpg,20230807_125815,mauritius,original,video,False,train,1527.764894991505
data/processed/mauritius/video/not_augmented/cull2_random_bg/head/224/occ/raw/centre/20230807_125815/m--20230807_125815--f001424.jpg,20230807_125815,mauritius,original,video,False,train,708.172979190021
data/processed/mauritius/video/not_augmented/cull2_random_bg/head/224/occ/raw/centre/20230807_125815/m--20230807_125815--f001426.jpg,20230807_125815,mauritius,original,video,False,train,1258.728021537895
data/processed/mauritius/video/not_augmented/cull2_random_bg/head/224/occ/raw/centre/20230807_125815/m--20230807_125815--f001428.jpg,20230807_125815,mauritius,original,video,False,train,1081.805682046073
data/processed/mauritius/video/not_augmented/cull2_random_bg/head/224/occ/raw/centre/20230807_125815/m--20230807_125815--f001430.jpg,20230807_125815,mauritius,original,video,False,train,1138.2874202434346
data/processed/mauritius/video/not_augmented/cull2_random_bg/head/224/occ/raw/centre/20230807_125815/m--20230807_125815--f001432.jpg,20230807_125815,mauritius,original,video,False,train,1063.9823065407818
data/processed/mauritius/video/not_augmented/cull2_random_bg/head/224/occ/raw/centre/20230807_125815/m--20230807_125815--f001434.jpg,20230807_125815,mauritius,original,video,False,train,833.459978397962
data/processed/mauritius/video/not_augmented/cull2_random_bg/head/224/occ/raw/centre/20230807_125815/m--20230807_125815--f001436.jpg,20230807_125815,mauritius,original,video,False,train,1168.717080407816
data/processed/mauritius/video/not_augmented/cull2_random_bg/head/224/occ/raw/centre/20230807_125815/m--20230807_125815--f001438.jpg,20230807_125815,mauritius,original,video,False,train,1600.9096848925965
data/processed/mauritius/video/not_augmented/cull2_random_bg/head/224/occ/raw/centre/20230807_125815/m--20230807_125815--f001440.jpg,20230807_125815,mauritius,original,video,False,train,1527.6867483346375
data/processed/mauritius/video/not_augmented/cull2_random_bg/head/224/occ/raw/centre/20230807_125815/m--20230807_125815--f001442.jpg,20230807_125815,mauritius,original,video,False,train,1806.7834695115384
data/processed/mauritius/video/not_augmented/cull2_random_bg/head/224/occ/raw/centre/20230807_125815/m--20230807_125815--f001444.jpg,20230807_125815,mauritius,original,video,False,train,1423.3772254440992
data/processed/mauritius/video/not_augmented/cull2_random_bg/head/224/occ/raw/centre/20230809_185948/m--20230809_185948--f000166.jpg,20230809_185948,mauritius,original,video,False,test,593.0255481175014
data/processed/mauritius/video/not_augmented/cull2_random_bg/head/224/occ/raw/centre/20230809_185948/m--20230809_185948--f000168.jpg,20230809_185948,mauritius,original,video,False,test,2146.5797810314198
data/processed/mauritius/video/not_augmented/cull2_random_bg/head/224/occ/raw/centre/20230809_185948/m--20230809_185948--f000170.jpg,20230809_185948,mauritius,original,video,False,test,676.4723896116378
data/processed/mauritius/video/not_augmented/cull2_random_bg/head/224/occ/raw/centre/20230809_185948/m--20230809_185948--f000172.jpg,20230809_185948,mauritius,original,video,False,test,485.64836469782927
data/processed/mauritius/video/not_augmented/cull2_random_bg/head/224/occ/raw/centre/20230809_185948/m--20230809_185948--f000174.jpg,20230809_185948,mauritius,original,video,False,test,1197.9036729487714
data/processed/mauritius/video/not_augmented/cull2_random_bg/head/224/occ/raw/centre/20230809_185948/m--20230809_185948--f000176.jpg,20230809_185948,mauritius,original,video,False,test,1015.5703640007962
data/processed/mauritius/video/not_augmented/cull2_random_bg/head/224/occ/raw/centre/20230809_185948/m--20230809_185948--f000178.jpg,20230809_185948,mauritius,original,video,False,test,1362.7420627632919
data/processed/mauritius/video/not_augmented/cull2_random_bg/head/224/occ/raw/centre/20230809_185948/m--20230809_185948--f000180.jpg,20230809_185948,mauritius,original,video,False,test,882.5897240052865
data/processed/mauritius/video/not_augmented/cull2_random_bg/head/224/occ/raw/centre/20230809_185948/m--20230809_185948--f000182.jpg,20230809_185948,mauritius,original,video,False,test,391.46790075560295
data/processed/mauritius/video/not_augmented/cull2_random_bg/head/224/occ/raw/centre/20230809_185948/m--20230809_185948--f000184.jpg,20230809_185948,mauritius,original,video,False,test,623.4393652388078
data/processed/mauritius/video/not_augmented/cull2_random_bg/head/224/occ/raw/centre/20230809_185948/m--20230809_185948--f000186.jpg,20230809_185948,mauritius,original,video,False,test,1237.1431402053897
data/processed/mauritius/video/not_augmented/cull2_random_bg/head/224/occ/raw/centre/20230809_185948/m--20230809_185948--f000188.jpg,20230809_185948,mauritius,original,video,False,test,768.7682592220377
data/processed/mauritius/video/not_augmented/cull2_random_bg/head/224/occ/raw/centre/20230809_185948/m--20230809_185948--f000196.jpg,20230809_185948,mauritius,original,video,False,test,358.61411852242793
data/processed/mauritius/video/not_augmented/cull2_random_bg/head/224/occ/raw/centre/20230809_185948/m--20230809_185948--f000198.jpg,20230809_185948,mauritius,original,video,False,test,843.9981691006172
data/processed/mauritius/video/not_augmented/cull2_random_bg/head/224/occ/raw/centre/20230809_185948/m--20230809_185948--f000202.jpg,20230809_185948,mauritius,original,video,False,test,1132.4329753206055
data/processed/mauritius/video/not_augmented/cull2_random_bg/head/224/occ/raw/centre/20230809_185948/m--20230809_185948--f000206.jpg,20230809_185948,mauritius,original,video,False,test,338.5992459408793
data/processed/mauritius/video/not_augmented/cull2_random_bg/head/224/occ/raw/centre/20230809_185948/m--20230809_185948--f000208.jpg,20230809_185948,mauritius,original,video,False,test,1393.945966942218
data/processed/mauritius/video/not_augmented/cull2_random_bg/head/224/occ/raw/centre/20230809_185948/m--20230809_185948--f000212.jpg,20230809_185948,mauritius,original,video,False,test,654.2456353440577
data/processed/mauritius/video/not_augmented/cull2_random_bg/head/224/occ/raw/centre/20230809_185948/m--20230809_185948--f000214.jpg,20230809_185948,mauritius,original,video,False,test,841.1328187626335
data/processed/mauritius/video/not_augmented/cull2_random_bg/head/224/occ/raw/centre/20230809_185948/m--20230809_185948--f000216.jpg,20230809_185948,mauritius,original,video,False,test,652.199616506466
data/processed/mauritius/video/not_augmented/cull2_random_bg/head/224/occ/raw/centre/20230809_185948/m--20230809_185948--f000218.jpg,20230809_185948,mauritius,original,video,False,test,666.3246968375402
data/processed/mauritius/video/not_augmented/cull2_random_bg/head/224/occ/raw/centre/20230809_185948/m--20230809_185948--f000220.jpg,20230809_185948,mauritius,original,video,False,test,408.3054153076165
data/processed/mauritius/video/not_augmented/cull2_random_bg/head/224/occ/raw/centre/20230809_185948/m--20230809_185948--f000222.jpg,20230809_185948,mauritius,original,video,False,test,909.6082327924933
data/processed/mauritius/video/not_augmented/cull2_random_bg/head/224/occ/raw/centre/20230809_185948/m--20230809_185948--f000224.jpg,20230809_185948,mauritius,original,video,False,test,716.6337390090961
data/processed/mauritius/video/not_augmented/cull2_random_bg/head/224/occ/raw/centre/20230809_185948/m--20230809_185948--f000226.jpg,20230809_185948,mauritius,original,video,False,test,734.8742870817775
data/processed/mauritius/video/not_augmented/cull2_random_bg/head/224/occ/raw/centre/20230809_185948/m--20230809_185948--f000228.jpg,20230809_185948,mauritius,original,video,False,test,568.8646155166308
data/processed/mauritius/video/not_augmented/cull2_random_bg/head/224/occ/raw/centre/20230809_185948/m--20230809_185948--f000230.jpg,20230809_185948,mauritius,original,video,False,test,1384.406208535226
data/processed/mauritius/video/not_augmented/cull2_random_bg/head/224/occ/raw/centre/20230809_185948/m--20230809_185948--f000232.jpg,20230809_185948,mauritius,original,video,False,test,1186.5590020004583
data/processed/mauritius/video/not_augmented/cull2_random_bg/head/224/occ/raw/centre/20230809_185948/m--20230809_185948--f000234.jpg,20230809_185948,mauritius,original,video,False,test,583.8170113486083
data/processed/mauritius/video/not_augmented/cull2_random_bg/head/224/occ/raw/centre/20230809_185948/m--20230809_185948--f000236.jpg,20230809_185948,mauritius,original,video,False,test,598.138718070412
data/processed/mauritius/video/not_augmented/cull2_random_bg/head/224/occ/raw/centre/20230809_185948/m--20230809_185948--f000238.jpg,20230809_185948,mauritius,original,video,False,test,571.278610019374
data/processed/mauritius/video/not_augmented/cull2_random_bg/head/224/occ/raw/centre/20230809_185948/m--20230809_185948--f000240.jpg,20230809_185948,mauritius,original,video,False,test,661.0485193867427
data/processed/mauritius/video/not_augmented/cull2_random_bg/head/224/occ/raw/centre/20230809_185948/m--20230809_185948--f000242.jpg,20230809_185948,mauritius,original,video,False,test,541.4124110264363
data/processed/mauritius/video/not_augmented/cull2_random_bg/head/224/occ/raw/centre/20230809_185948/m--20230809_185948--f000244.jpg,20230809_185948,mauritius,original,video,False,test,1034.0123069791782
data/processed/mauritius/video/not_augmented/cull2_random_bg/head/224/occ/raw/centre/20230809_185948/m--20230809_185948--f000246.jpg,20230809_185948,mauritius,original,video,False,test,754.913699377283
data/processed/mauritius/video/not_augmented/cull2_random_bg/head/224/occ/raw/centre/20230809_185948/m--20230809_185948--f000248.jpg,20230809_185948,mauritius,original,video,False,test,479.10578091290535
data/processed/mauritius/video/not_augmented/cull2_random_bg/head/224/occ/raw/centre/20230809_185948/m--20230809_185948--f000250.jpg,20230809_185948,mauritius,original,video,False,test,445.5277295599178
data/processed/mauritius/video/not_augmented/cull2_random_bg/head/224/occ/raw/centre/20230809_185948/m--20230809_185948--f000252.jpg,20230809_185948,mauritius,original,video,False,test,944.5246516155829
data/processed/mauritius/video/not_augmented/cull2_random_bg/head/224/occ/raw/centre/20230809_185948/m--20230809_185948--f000254.jpg,20230809_185948,mauritius,original,video,False,test,959.2281198497615
data/processed/mauritius/video/not_augmented/cull2_random_bg/head/224/occ/raw/centre/20230809_185948/m--20230809_185948--f000256.jpg,20230809_185948,mauritius,original,video,False,test,386.7039943490114
data/processed/mauritius/video/not_augmented/cull2_random_bg/head/224/occ/raw/centre/20230809_185948/m--20230809_185948--f000258.jpg,20230809_185948,mauritius,original,video,False,test,855.5806992386639
data/processed/mauritius/video/not_augmented/cull2_random_bg/head/224/occ/raw/centre/20230809_185948/m--20230809_185948--f000260.jpg,20230809_185948,mauritius,original,video,False,test,1018.0611446365522
data/processed/mauritius/video/not_augmented/cull2_random_bg/head/224/occ/raw/centre/20230809_185948/m--20230809_185948--f000262.jpg,20230809_185948,mauritius,original,video,False,test,428.9150632566732
data/processed/mauritius/video/not_augmented/cull2_random_bg/head/224/occ/raw/centre/20230809_185948/m--20230809_185948--f000264.jpg,20230809_185948,mauritius,original,video,False,test,358.58479892964266
data/processed/mauritius/video/not_augmented/cull2_random_bg/head/224/occ/raw/centre/20230809_185948/m--20230809_185948--f000266.jpg,20230809_185948,mauritius,original,video,False,test,605.7119330926917
data/processed/mauritius/video/not_augmented/cull2_random_bg/head/224/occ/raw/centre/20230809_185948/m--20230809_185948--f000268.jpg,20230809_185948,mauritius,original,video,False,test,722.4192863660572
data/processed/mauritius/video/not_augmented/cull2_random_bg/head/224/occ/raw/centre/20230809_185948/m--20230809_185948--f001144.jpg,20230809_185948,mauritius,original,video,False,test,571.1799006273427
data/processed/mauritius/video/not_augmented/cull2_random_bg/head/224/occ/raw/centre/20230809_185948/m--20230809_185948--f001146.jpg,20230809_185948,mauritius,original,video,False,test,427.98809394852316
data/processed/mauritius/video/not_augmented/cull2_random_bg/head/224/occ/raw/centre/20230809_185948/m--20230809_185948--f001156.jpg,20230809_185948,mauritius,original,video,False,test,526.4634451363694
data/processed/mauritius/video/not_augmented/cull2_random_bg/head/224/occ/raw/centre/20230809_185948/m--20230809_185948--f001158.jpg,20230809_185948,mauritius,original,video,False,test,521.6878964218781
data/processed/mauritius/video/not_augmented/cull2_random_bg/head/224/occ/raw/centre/20230809_185948/m--20230809_185948--f001162.jpg,20230809_185948,mauritius,original,video,False,test,571.5922139528045
data/processed/mauritius/video/not_augmented/cull2_random_bg/head/224/occ/raw/centre/20230809_185948/m--20230809_185948--f001172.jpg,20230809_185948,mauritius,original,video,False,test,1579.4612353701036
data/processed/mauritius/video/not_augmented/cull2_random_bg/head/224/occ/raw/centre/20230809_185948/m--20230809_185948--f001174.jpg,20230809_185948,mauritius,original,video,False,test,427.46693381484675
data/processed/mauritius/video/not_augmented/cull2_random_bg/head/224/occ/raw/centre/20230809_185948/m--20230809_185948--f001176.jpg,20230809_185948,mauritius,original,video,False,test,996.8164379428894
data/processed/mauritius/video/not_augmented/cull2_random_bg/head/224/occ/raw/centre/20230809_185948/m--20230809_185948--f001178.jpg,20230809_185948,mauritius,original,video,False,test,1536.3977296281885
data/processed/mauritius/video/not_augmented/cull2_random_bg/head/224/occ/raw/centre/20230809_185948/m--20230809_185948--f001180.jpg,20230809_185948,mauritius,original,video,False,test,1565.1159668842586
data/processed/mauritius/video/not_augmented/cull2_random_bg/head/224/occ/raw/centre/20230809_185948/m--20230809_185948--f001182.jpg,20230809_185948,mauritius,original,video,False,test,1222.5839970277677
data/processed/mauritius/video/not_augmented/cull2_random_bg/head/224/occ/raw/centre/20230809_185948/m--20230809_185948--f001184.jpg,20230809_185948,mauritius,original,video,False,test,1013.88331799386
data/processed/mauritius/video/not_augmented/cull2_random_bg/head/224/occ/raw/centre/20230809_185948/m--20230809_185948--f001186.jpg,20230809_185948,mauritius,original,video,False,test,428.8293148928114
data/processed/mauritius/video/not_augmented/cull2_random_bg/head/224/occ/raw/centre/20230809_185948/m--20230809_185948--f001188.jpg,20230809_185948,mauritius,original,video,False,test,470.8272069814254
data/processed/mauritius/video/not_augmented/cull2_random_bg/head/224/occ/raw/centre/20230809_185948/m--20230809_185948--f001190.jpg,20230809_185948,mauritius,original,video,False,test,950.4103846643329
data/processed/mauritius/video/not_augmented/cull2_random_bg/head/224/occ/raw/centre/20230809_185948/m--20230809_185948--f001192.jpg,20230809_185948,mauritius,original,video,False,test,408.27705186290177
data/processed/mauritius/video/not_augmented/cull2_random_bg/head/224/occ/raw/centre/20230809_185948/m--20230809_185948--f001194.jpg,20230809_185948,mauritius,original,video,False,test,813.1565510953579
data/processed/mauritius/video/not_augmented/cull2_random_bg/head/224/occ/raw/centre/20230809_185948/m--20230809_185948--f001196.jpg,20230809_185948,mauritius,original,video,False,test,1388.786092904745
data/processed/mauritius/video/not_augmented/cull2_random_bg/head/224/occ/raw/centre/20230809_185948/m--20230809_185948--f001358.jpg,20230809_185948,mauritius,original,video,False,test,1104.8885492895208
data/processed/mauritius/video/not_augmented/cull2_random_bg/head/224/occ/raw/centre/20230809_185948/m--20230809_185948--f001360.jpg,20230809_185948,mauritius,original,video,False,test,845.3395383958764
data/processed/mauritius/video/not_augmented/cull2_random_bg/head/224/occ/raw/centre/20230809_185948/m--20230809_185948--f001362.jpg,20230809_185948,mauritius,original,video,False,test,600.1970583630919
data/processed/mauritius/video/not_augmented/cull2_random_bg/head/224/occ/raw/centre/20230809_185948/m--20230809_185948--f001364.jpg,20230809_185948,mauritius,original,video,False,test,926.3837291712763
data/processed/mauritius/video/not_augmented/cull2_random_bg/head/224/occ/raw/centre/20230809_185948/m--20230809_185948--f001366.jpg,20230809_185948,mauritius,original,video,False,test,672.6475414095796
data/processed/mauritius/video/not_augmented/cull2_random_bg/head/224/occ/raw/centre/20230809_185948/m--20230809_185948--f001368.jpg,20230809_185948,mauritius,original,video,False,test,533.3581086535694
data/processed/mauritius/video/not_augmented/cull2_random_bg/head/224/occ/raw/centre/20230815_061623/m--20230815_061623--f000188.jpg,20230815_061623,mauritius,original,video,False,test,929.1739760736086
data/processed/mauritius/video/not_augmented/cull2_random_bg/head/224/occ/raw/centre/20230815_061623/m--20230815_061623--f000190.jpg,20230815_061623,mauritius,original,video,False,test,328.30701570737267
data/processed/mauritius/video/not_augmented/cull2_random_bg/head/224/occ/raw/centre/20230815_061623/m--20230815_061623--f000194.jpg,20230815_061623,mauritius,original,video,False,test,539.4457893911772
data/processed/mauritius/video/not_augmented/cull2_random_bg/head/224/occ/raw/centre/20230815_061623/m--20230815_061623--f000196.jpg,20230815_061623,mauritius,original,video,False,test,203.54180480976098
data/processed/mauritius/video/not_augmented/cull2_random_bg/head/224/occ/raw/centre/20230815_061623/m--20230815_061623--f001216.jpg,20230815_061623,mauritius,original,video,False,test,848.8960409359057
data/processed/mauritius/video/not_augmented/cull2_random_bg/head/224/occ/raw/centre/20230815_061623/m--20230815_061623--f001270.jpg,20230815_061623,mauritius,original,video,False,test,638.6942721882843
data/processed/mauritius/video/not_augmented/cull2_random_bg/head/224/occ/raw/centre/20230815_061623/m--20230815_061623--f001272.jpg,20230815_061623,mauritius,original,video,False,test,421.1472256524223
data/processed/mauritius/video/not_augmented/cull2_random_bg/head/224/occ/raw/centre/20230815_061623/m--20230815_061623--f001274.jpg,20230815_061623,mauritius,original,video,False,test,584.508652689456
data/processed/mauritius/video/not_augmented/cull2_random_bg/head/224/occ/raw/centre/20230815_061623/m--20230815_061623--f001320.jpg,20230815_061623,mauritius,original,video,False,test,228.56392823433393
data/processed/mauritius/video/not_augmented/cull2_random_bg/head/224/occ/raw/centre/20230815_061623/m--20230815_061623--f001322.jpg,20230815_061623,mauritius,original,video,False,test,1072.710989809493
data/processed/mauritius/video/not_augmented/cull2_random_bg/head/224/occ/raw/centre/20230815_061623/m--20230815_061623--f001324.jpg,20230815_061623,mauritius,original,video,False,test,433.15653638827797
data/processed/mauritius/video/not_augmented/cull2_random_bg/head/224/occ/raw/centre/20230828_204505/m--20230828_204505--f000214.jpg,20230828_204505,mauritius,original,video,False,train,1892.8663781577973
data/processed/mauritius/video/not_augmented/cull2_random_bg/head/224/occ/raw/centre/20230828_204505/m--20230828_204505--f000216.jpg,20230828_204505,mauritius,original,video,False,train,724.1333577486934
data/processed/mauritius/video/not_augmented/cull2_random_bg/head/224/occ/raw/centre/20230828_204505/m--20230828_204505--f000218.jpg,20230828_204505,mauritius,original,video,False,train,1310.5466853852372
data/processed/mauritius/video/not_augmented/cull2_random_bg/head/224/occ/raw/centre/20230828_204505/m--20230828_204505--f000220.jpg,20230828_204505,mauritius,original,video,False,train,1319.3760216965968
data/processed/mauritius/video/not_augmented/cull2_random_bg/head/224/occ/raw/centre/20230828_204505/m--20230828_204505--f000222.jpg,20230828_204505,mauritius,original,video,False,train,1015.8736868762613
data/processed/mauritius/video/not_augmented/cull2_random_bg/head/224/occ/raw/centre/20230828_204505/m--20230828_204505--f000224.jpg,20230828_204505,mauritius,original,video,False,train,1015.2807544992648
data/processed/mauritius/video/not_augmented/cull2_random_bg/head/224/occ/raw/centre/20230828_204505/m--20230828_204505--f000226.jpg,20230828_204505,mauritius,original,video,False,train,932.9726540749392
data/processed/mauritius/video/not_augmented/cull2_random_bg/head/224/occ/raw/centre/20230828_204505/m--20230828_204505--f000228.jpg,20230828_204505,mauritius,original,video,False,train,1667.9527649392887
data/processed/mauritius/video/not_augmented/cull2_random_bg/head/224/occ/raw/centre/20230828_204505/m--20230828_204505--f000230.jpg,20230828_204505,mauritius,original,video,False,train,1023.4834116546873
data/processed/mauritius/video/not_augmented/cull2_random_bg/head/224/occ/raw/centre/20230828_204505/m--20230828_204505--f000232.jpg,20230828_204505,mauritius,original,video,False,train,3436.537426466745
data/processed/mauritius/video/not_augmented/cull2_random_bg/head/224/occ/raw/centre/20230828_204505/m--20230828_204505--f000234.jpg,20230828_204505,mauritius,original,video,False,train,2213.6161632160506
data/processed/mauritius/video/not_augmented/cull2_random_bg/head/224/occ/raw/centre/20230828_204505/m--20230828_204505--f001168.jpg,20230828_204505,mauritius,original,video,False,train,601.8110015436987
data/processed/mauritius/video/not_augmented/cull2_random_bg/head/224/occ/raw/centre/20230828_204505/m--20230828_204505--f001170.jpg,20230828_204505,mauritius,original,video,False,train,699.2411301849982
data/processed/mauritius/video/not_augmented/cull2_random_bg/head/224/occ/raw/centre/20230828_204505/m--20230828_204505--f001172.jpg,20230828_204505,mauritius,original,video,False,train,1853.0925952890723
data/processed/mauritius/video/not_augmented/cull2_random_bg/head/224/occ/raw/centre/20230828_204505/m--20230828_204505--f001174.jpg,20230828_204505,mauritius,original,video,False,train,734.4466228874362
data/processed/mauritius/video/not_augmented/cull2_random_bg/head/224/occ/raw/centre/20230828_204505/m--20230828_204505--f001176.jpg,20230828_204505,mauritius,original,video,False,train,672.1121278986838
data/processed/mauritius/video/not_augmented/cull2_random_bg/head/224/occ/raw/centre/20230828_204505/m--20230828_204505--f001178.jpg,20230828_204505,mauritius,original,video,False,train,2872.7609642625403
data/processed/mauritius/video/not_augmented/cull2_random_bg/head/224/occ/raw/centre/20230828_204505/m--20230828_204505--f001180.jpg,20230828_204505,mauritius,original,video,False,train,1431.4452385495279
data/processed/mauritius/video/not_augmented/cull2_random_bg/head/224/occ/raw/centre/20230828_204505/m--20230828_204505--f001182.jpg,20230828_204505,mauritius,original,video,False,train,969.4159702474204
data/processed/mauritius/video/not_augmented/cull2_random_bg/head/224/occ/raw/centre/20230828_204505/m--20230828_204505--f001184.jpg,20230828_204505,mauritius,original,video,False,train,625.6030145090651
data/processed/mauritius/video/not_augmented/cull2_random_bg/head/224/occ/raw/centre/20230828_204505/m--20230828_204505--f001186.jpg,20230828_204505,mauritius,original,video,False,train,895.7173237703284
data/processed/mauritius/video/not_augmented/cull2_random_bg/head/224/occ/raw/centre/20230828_204505/m--20230828_204505--f001188.jpg,20230828_204505,mauritius,original,video,False,train,574.509695945209
data/processed/mauritius/video/not_augmented/cull2_random_bg/head/224/occ/raw/centre/20230828_204505/m--20230828_204505--f001382.jpg,20230828_204505,mauritius,original,video,False,train,1710.7018393814835
data/processed/mauritius/video/not_augmented/cull2_random_bg/head/224/occ/raw/centre/20230828_204505/m--20230828_204505--f001384.jpg,20230828_204505,mauritius,original,video,False,train,356.5025413474258
data/processed/mauritius/video/not_augmented/cull2_random_bg/head/224/occ/raw/centre/20230828_204505/m--20230828_204505--f001386.jpg,20230828_204505,mauritius,original,video,False,train,789.3072356716985
data/processed/mauritius/video/not_augmented/cull2_random_bg/head/224/occ/raw/centre/20230828_204505/m--20230828_204505--f001388.jpg,20230828_204505,mauritius,original,video,False,train,345.28867929173435
data/processed/mauritius/video/not_augmented/cull2_random_bg/head/224/occ/raw/centre/20230828_204505/m--20230828_204505--f001390.jpg,20230828_204505,mauritius,original,video,False,train,872.7792812281477
data/processed/mauritius/video/not_augmented/cull2_random_bg/head/224/occ/raw/centre/20230831_053936/m--20230831_053936--f000228.jpg,20230831_053936,mauritius,original,video,False,test,1243.1165635098225
data/processed/mauritius/video/not_augmented/cull2_random_bg/head/224/occ/raw/centre/20230831_053936/m--20230831_053936--f000230.jpg,20230831_053936,mauritius,original,video,False,test,950.9616517206372
data/processed/mauritius/video/not_augmented/cull2_random_bg/head/224/occ/raw/centre/20230831_053936/m--20230831_053936--f000232.jpg,20230831_053936,mauritius,original,video,False,test,1301.1896521120655
data/processed/mauritius/video/not_augmented/cull2_random_bg/head/224/occ/raw/centre/20230831_053936/m--20230831_053936--f000234.jpg,20230831_053936,mauritius,original,video,False,test,549.2294343410556
data/processed/mauritius/video/not_augmented/cull2_random_bg/head/224/occ/raw/centre/20230831_053936/m--20230831_053936--f000236.jpg,20230831_053936,mauritius,original,video,False,test,509.7912437946586
data/processed/mauritius/video/not_augmented/cull2_random_bg/head/224/occ/raw/centre/20230831_053936/m--20230831_053936--f000238.jpg,20230831_053936,mauritius,original,video,False,test,638.232128417775
data/processed/mauritius/video/not_augmented/cull2_random_bg/head/224/occ/raw/centre/20230831_053936/m--20230831_053936--f000240.jpg,20230831_053936,mauritius,original,video,False,test,666.1581630869638
data/processed/mauritius/video/not_augmented/cull2_random_bg/head/224/occ/raw/centre/20230831_053936/m--20230831_053936--f000242.jpg,20230831_053936,mauritius,original,video,False,test,1232.566568510476
data/processed/mauritius/video/not_augmented/cull2_random_bg/head/224/occ/raw/centre/20230831_053936/m--20230831_053936--f000244.jpg,20230831_053936,mauritius,original,video,False,test,884.0838694665791
data/processed/mauritius/video/not_augmented/cull2_random_bg/head/224/occ/raw/centre/20230831_053936/m--20230831_053936--f000246.jpg,20230831_053936,mauritius,original,video,False,test,961.213986142185
data/processed/mauritius/video/not_augmented/cull2_random_bg/head/224/occ/raw/centre/20230831_053936/m--20230831_053936--f000248.jpg,20230831_053936,mauritius,original,video,False,test,1042.2064187233768
data/processed/mauritius/video/not_augmented/cull2_random_bg/head/224/occ/raw/centre/20230831_053936/m--20230831_053936--f000250.jpg,20230831_053936,mauritius,original,video,False,test,1073.873358405962
data/processed/mauritius/video/not_augmented/cull2_random_bg/head/224/occ/raw/centre/20230831_053936/m--20230831_053936--f000252.jpg,20230831_053936,mauritius,original,video,False,test,864.1632767800041
data/processed/mauritius/video/not_augmented/cull2_random_bg/head/224/occ/raw/centre/20230831_053936/m--20230831_053936--f000254.jpg,20230831_053936,mauritius,original,video,False,test,558.7735764651634
data/processed/mauritius/video/not_augmented/cull2_random_bg/head/224/occ/raw/centre/20230831_053936/m--20230831_053936--f000256.jpg,20230831_053936,mauritius,original,video,False,test,865.0827177112077
data/processed/mauritius/video/not_augmented/cull2_random_bg/head/224/occ/raw/centre/20230831_053936/m--20230831_053936--f000258.jpg,20230831_053936,mauritius,original,video,False,test,441.6303881367561
data/processed/mauritius/video/not_augmented/cull2_random_bg/head/224/occ/raw/centre/20230831_053936/m--20230831_053936--f000260.jpg,20230831_053936,mauritius,original,video,False,test,1154.7193373485884
data/processed/mauritius/video/not_augmented/cull2_random_bg/head/224/occ/raw/centre/20230831_053936/m--20230831_053936--f000262.jpg,20230831_053936,mauritius,original,video,False,test,1019.9525416388905
data/processed/mauritius/video/not_augmented/cull2_random_bg/head/224/occ/raw/centre/20230831_053936/m--20230831_053936--f000264.jpg,20230831_053936,mauritius,original,video,False,test,378.7964651925225
data/processed/mauritius/video/not_augmented/cull2_random_bg/head/224/occ/raw/centre/20230831_053936/m--20230831_053936--f000266.jpg,20230831_053936,mauritius,original,video,False,test,354.67908652868437
data/processed/mauritius/video/not_augmented/cull2_random_bg/head/224/occ/raw/centre/20230831_053936/m--20230831_053936--f000268.jpg,20230831_053936,mauritius,original,video,False,test,715.4941602176251
data/processed/mauritius/video/not_augmented/cull2_random_bg/head/224/occ/raw/centre/20230831_053936/m--20230831_053936--f000270.jpg,20230831_053936,mauritius,original,video,False,test,433.8618139273324
data/processed/mauritius/video/not_augmented/cull2_random_bg/head/224/occ/raw/centre/20230831_053936/m--20230831_053936--f000272.jpg,20230831_053936,mauritius,original,video,False,test,521.4473135331332
data/processed/mauritius/video/not_augmented/cull2_random_bg/head/224/occ/raw/centre/20230831_053936/m--20230831_053936--f000274.jpg,20230831_053936,mauritius,original,video,False,test,813.3740773512791
data/processed/mauritius/video/not_augmented/cull2_random_bg/head/224/occ/raw/centre/20230831_053936/m--20230831_053936--f000276.jpg,20230831_053936,mauritius,original,video,False,test,797.0458279835686
data/processed/mauritius/video/not_augmented/cull2_random_bg/head/224/occ/raw/centre/20230831_053936/m--20230831_053936--f000278.jpg,20230831_053936,mauritius,original,video,False,test,357.8938197684457
data/processed/mauritius/video/not_augmented/cull2_random_bg/head/224/occ/raw/centre/20230831_053936/m--20230831_053936--f000280.jpg,20230831_053936,mauritius,original,video,False,test,1074.5290000590617
data/processed/mauritius/video/not_augmented/cull2_random_bg/head/224/occ/raw/centre/20230831_053936/m--20230831_053936--f000282.jpg,20230831_053936,mauritius,original,video,False,test,970.394232292366
data/processed/mauritius/video/not_augmented/cull2_random_bg/head/224/occ/raw/centre/20230831_053936/m--20230831_053936--f001300.jpg,20230831_053936,mauritius,original,video,False,test,1201.2654360207553
data/processed/mauritius/video/not_augmented/cull2_random_bg/head/224/occ/raw/centre/20230831_053936/m--20230831_053936--f001302.jpg,20230831_053936,mauritius,original,video,False,test,1334.1544147536736
data/processed/mauritius/video/not_augmented/cull2_random_bg/head/224/occ/raw/centre/20230831_053936/m--20230831_053936--f001304.jpg,20230831_053936,mauritius,original,video,False,test,881.970024245126
data/processed/mauritius/video/not_augmented/cull2_random_bg/head/224/occ/raw/centre/20230831_053936/m--20230831_053936--f001306.jpg,20230831_053936,mauritius,original,video,False,test,828.4794942656441
data/processed/mauritius/video/not_augmented/cull2_random_bg/head/224/occ/raw/centre/20230831_053936/m--20230831_053936--f001308.jpg,20230831_053936,mauritius,original,video,False,test,1074.3896263580132
data/processed/mauritius/video/not_augmented/cull2_random_bg/head/224/occ/raw/centre/20230831_053936/m--20230831_053936--f001442.jpg,20230831_053936,mauritius,original,video,False,test,481.8160379911055
data/processed/mauritius/video/not_augmented/cull2_random_bg/head/224/occ/raw/centre/20230831_053936/m--20230831_053936--f001444.jpg,20230831_053936,mauritius,original,video,False,test,382.87958990499806
data/processed/mauritius/video/not_augmented/cull2_random_bg/head/224/occ/raw/centre/20230831_053936/m--20230831_053936--f001446.jpg,20230831_053936,mauritius,original,video,False,test,350.80685626859713
data/processed/mauritius/video/not_augmented/cull2_random_bg/head/224/occ/raw/centre/20230831_053936/m--20230831_053936--f001448.jpg,20230831_053936,mauritius,original,video,False,test,414.6772378685573
data/processed/mauritius/video/not_augmented/cull2_random_bg/head/224/occ/raw/centre/20230831_053936/m--20230831_053936--f001450.jpg,20230831_053936,mauritius,original,video,False,test,906.0152769331036
data/processed/mauritius/video/not_augmented/cull2_random_bg/head/224/occ/raw/centre/20230831_053936/m--20230831_053936--f001452.jpg,20230831_053936,mauritius,original,video,False,test,485.1960689190377
data/processed/mauritius/video/not_augmented/cull2_random_bg/head/224/occ/raw/centre/20230831_054710/m--20230831_054710--f000270.jpg,20230831_054710,mauritius,original,video,False,train,1125.0789109833386
data/processed/mauritius/video/not_augmented/cull2_random_bg/head/224/occ/raw/centre/20230831_054710/m--20230831_054710--f000272.jpg,20230831_054710,mauritius,original,video,False,train,785.4468030170916
data/processed/mauritius/video/not_augmented/cull2_random_bg/head/224/occ/raw/centre/20230831_054710/m--20230831_054710--f000274.jpg,20230831_054710,mauritius,original,video,False,train,1362.3482093028556
data/processed/mauritius/video/not_augmented/cull2_random_bg/head/224/occ/raw/centre/20230831_054710/m--20230831_054710--f000276.jpg,20230831_054710,mauritius,original,video,False,train,748.1295585072273
data/processed/mauritius/video/not_augmented/cull2_random_bg/head/224/occ/raw/centre/20230831_054710/m--20230831_054710--f000278.jpg,20230831_054710,mauritius,original,video,False,train,1211.4642945606972
data/processed/mauritius/video/not_augmented/cull2_random_bg/head/224/occ/raw/centre/20230831_054710/m--20230831_054710--f000280.jpg,20230831_054710,mauritius,original,video,False,train,3222.2340624740555
data/processed/mauritius/video/not_augmented/cull2_random_bg/head/224/occ/raw/centre/20230831_054710/m--20230831_054710--f000282.jpg,20230831_054710,mauritius,original,video,False,train,1315.7867108654448
data/processed/mauritius/video/not_augmented/cull2_random_bg/head/224/occ/raw/centre/20230831_054710/m--20230831_054710--f000284.jpg,20230831_054710,mauritius,original,video,False,train,1516.384234508243
data/processed/mauritius/video/not_augmented/cull2_random_bg/head/224/occ/raw/centre/20230831_054710/m--20230831_054710--f000286.jpg,20230831_054710,mauritius,original,video,False,train,2891.2562212644143
data/processed/mauritius/video/not_augmented/cull2_random_bg/head/224/occ/raw/centre/20230831_054710/m--20230831_054710--f000288.jpg,20230831_054710,mauritius,original,video,False,train,597.5531332734126
data/processed/mauritius/video/not_augmented/cull2_random_bg/head/224/occ/raw/centre/20230831_054710/m--20230831_054710--f000294.jpg,20230831_054710,mauritius,original,video,False,train,287.8367253513646
data/processed/mauritius/video/not_augmented/cull2_random_bg/head/224/occ/raw/centre/20230831_054710/m--20230831_054710--f001072.jpg,20230831_054710,mauritius,original,video,False,train,1311.0215719176153
data/processed/mauritius/video/not_augmented/cull2_random_bg/head/224/occ/raw/centre/20230831_054710/m--20230831_054710--f001074.jpg,20230831_054710,mauritius,original,video,False,train,1746.4947000779196
data/processed/mauritius/video/not_augmented/cull2_random_bg/head/224/occ/raw/centre/20230831_054710/m--20230831_054710--f001076.jpg,20230831_054710,mauritius,original,video,False,train,1189.2313276681737
data/processed/mauritius/video/not_augmented/cull2_random_bg/head/224/occ/raw/centre/20230831_054710/m--20230831_054710--f001078.jpg,20230831_054710,mauritius,original,video,False,train,1109.3089560064261
data/processed/mauritius/video/not_augmented/cull2_random_bg/head/224/occ/raw/centre/20230831_054710/m--20230831_054710--f001082.jpg,20230831_054710,mauritius,original,video,False,train,807.0487851893987
data/processed/mauritius/video/not_augmented/cull2_random_bg/head/224/occ/raw/centre/20230831_054710/m--20230831_054710--f001244.jpg,20230831_054710,mauritius,original,video,False,train,2854.4717042296197
data/processed/mauritius/video/not_augmented/cull2_random_bg/head/224/occ/raw/centre/20230831_054710/m--20230831_054710--f001248.jpg,20230831_054710,mauritius,original,video,False,train,1627.7631935014767
data/processed/mauritius/video/not_augmented/cull2_random_bg/head/224/occ/raw/centre/20230831_055535/m--20230831_055535--f000196.jpg,20230831_055535,mauritius,original,video,False,train,592.342868104273
data/processed/mauritius/video/not_augmented/cull2_random_bg/head/224/occ/raw/centre/20230831_055535/m--20230831_055535--f000198.jpg,20230831_055535,mauritius,original,video,False,train,524.625815304554
data/processed/mauritius/video/not_augmented/cull2_random_bg/head/224/occ/raw/centre/20230831_055535/m--20230831_055535--f000200.jpg,20230831_055535,mauritius,original,video,False,train,1452.2394538757853
data/processed/mauritius/video/not_augmented/cull2_random_bg/head/224/occ/raw/centre/20230831_055535/m--20230831_055535--f000206.jpg,20230831_055535,mauritius,original,video,False,train,1704.9893930026863
data/processed/mauritius/video/not_augmented/cull2_random_bg/head/224/occ/raw/centre/20230831_055535/m--20230831_055535--f000208.jpg,20230831_055535,mauritius,original,video,False,train,483.7960373728735
data/processed/mauritius/video/not_augmented/cull2_random_bg/head/224/occ/raw/centre/20230831_055535/m--20230831_055535--f000210.jpg,20230831_055535,mauritius,original,video,False,train,495.01103878219834
data/processed/mauritius/video/not_augmented/cull2_random_bg/head/224/occ/raw/centre/20230831_055535/m--20230831_055535--f000232.jpg,20230831_055535,mauritius,original,video,False,train,1003.4140857563868
data/processed/mauritius/video/not_augmented/cull2_random_bg/head/224/occ/raw/centre/20230831_055535/m--20230831_055535--f000234.jpg,20230831_055535,mauritius,original,video,False,train,1297.7946362477549
data/processed/mauritius/video/not_augmented/cull2_random_bg/head/224/occ/raw/centre/20230831_055535/m--20230831_055535--f000236.jpg,20230831_055535,mauritius,original,video,False,train,1455.819593142788
data/processed/mauritius/video/not_augmented/cull2_random_bg/head/224/occ/raw/centre/20230831_055535/m--20230831_055535--f000238.jpg,20230831_055535,mauritius,original,video,False,train,796.0842854544701
data/processed/mauritius/video/not_augmented/cull2_random_bg/head/224/occ/raw/centre/20230831_055535/m--20230831_055535--f000240.jpg,20230831_055535,mauritius,original,video,False,train,761.0368680671967
data/processed/mauritius/video/not_augmented/cull2_random_bg/head/224/occ/raw/centre/20230831_055535/m--20230831_055535--f000242.jpg,20230831_055535,mauritius,original,video,False,train,413.19387709185855
data/processed/mauritius/video/not_augmented/cull2_random_bg/head/224/occ/raw/centre/20230831_055535/m--20230831_055535--f000244.jpg,20230831_055535,mauritius,original,video,False,train,270.9568461855468
data/processed/mauritius/video/not_augmented/cull2_random_bg/head/224/occ/raw/centre/20230831_055535/m--20230831_055535--f000292.jpg,20230831_055535,mauritius,original,video,False,train,837.7316647183643
data/processed/mauritius/video/not_augmented/cull2_random_bg/head/224/occ/raw/centre/20230831_055535/m--20230831_055535--f000294.jpg,20230831_055535,mauritius,original,video,False,train,435.70591605836677
data/processed/mauritius/video/not_augmented/cull2_random_bg/head/224/occ/raw/centre/20230831_055535/m--20230831_055535--f001474.jpg,20230831_055535,mauritius,original,video,False,train,1678.0481292898585
data/processed/mauritius/video/not_augmented/cull2_random_bg/head/224/occ/raw/centre/20230831_055535/m--20230831_055535--f001476.jpg,20230831_055535,mauritius,original,video,False,train,1388.9350891999036
data/processed/mauritius/video/not_augmented/cull2_random_bg/head/224/occ/raw/centre/20230831_055535/m--20230831_055535--f001478.jpg,20230831_055535,mauritius,original,video,False,train,943.505838901388
data/processed/mauritius/video/not_augmented/cull2_random_bg/head/224/occ/raw/centre/20230831_055535/m--20230831_055535--f001480.jpg,20230831_055535,mauritius,original,video,False,train,1051.2010995514538
data/processed/mauritius/video/not_augmented/cull2_random_bg/head/224/occ/raw/centre/20230831_055535/m--20230831_055535--f001482.jpg,20230831_055535,mauritius,original,video,False,train,663.3210027091754
data/processed/mauritius/video/not_augmented/cull2_random_bg/head/224/occ/raw/centre/20230831_055535/m--20230831_055535--f001484.jpg,20230831_055535,mauritius,original,video,False,train,2565.6193748007017
data/processed/mauritius/video/not_augmented/cull2_random_bg/head/224/occ/raw/centre/20230831_055535/m--20230831_055535--f001486.jpg,20230831_055535,mauritius,original,video,False,train,1059.6984270215778
data/processed/mauritius/video/not_augmented/cull2_random_bg/head/224/occ/raw/centre/20230831_055535/m--20230831_055535--f001488.jpg,20230831_055535,mauritius,original,video,False,train,835.7253458256624
data/processed/mauritius/video/not_augmented/cull2_random_bg/head/224/occ/raw/centre/20230831_055535/m--20230831_055535--f001490.jpg,20230831_055535,mauritius,original,video,False,train,977.7431168673387
data/processed/mauritius/video/not_augmented/cull2_random_bg/head/224/occ/raw/centre/20230831_055535/m--20230831_055535--f001492.jpg,20230831_055535,mauritius,original,video,False,train,823.1594346811851
data/processed/mauritius/video/not_augmented/cull2_random_bg/head/224/occ/raw/centre/20230831_055535/m--20230831_055535--f001494.jpg,20230831_055535,mauritius,original,video,False,train,270.80632392727597
data/processed/mauritius/video/not_augmented/cull2_random_bg/head/224/occ/raw/centre/20230831_055535/m--20230831_055535--f001496.jpg,20230831_055535,mauritius,original,video,False,train,683.9011870499006
data/processed/mauritius/video/not_augmented/cull2_random_bg/head/224/occ/raw/centre/20230831_055535/m--20230831_055535--f001498.jpg,20230831_055535,mauritius,original,video,False,train,264.60346447810787
data/processed/mauritius/video/not_augmented/cull2_random_bg/head/224/occ/raw/centre/20230831_055535/m--20230831_055535--f001500.jpg,20230831_055535,mauritius,original,video,False,train,448.25311358379156
data/processed/mauritius/video/not_augmented/cull2_random_bg/head/224/occ/raw/centre/20230831_055535/m--20230831_055535--f001502.jpg,20230831_055535,mauritius,original,video,False,train,395.19982217282666
data/processed/mauritius/video/not_augmented/cull2_random_bg/head/224/occ/raw/centre/20230831_055535/m--20230831_055535--f001646.jpg,20230831_055535,mauritius,original,video,False,train,725.3167845596128
data/processed/mauritius/video/not_augmented/cull2_random_bg/head/224/occ/raw/centre/20230831_055535/m--20230831_055535--f001648.jpg,20230831_055535,mauritius,original,video,False,train,1073.7917304871135
data/processed/mauritius/video/not_augmented/cull2_random_bg/head/224/occ/raw/centre/20230831_055535/m--20230831_055535--f001650.jpg,20230831_055535,mauritius,original,video,False,train,1456.1921770508118
data/processed/mauritius/video/not_augmented/cull2_random_bg/head/224/occ/raw/centre/20230831_055535/m--20230831_055535--f001652.jpg,20230831_055535,mauritius,original,video,False,train,723.4508630370459
data/processed/mauritius/video/not_augmented/cull2_random_bg/head/224/occ/raw/centre/20230831_055535/m--20230831_055535--f001654.jpg,20230831_055535,mauritius,original,video,False,train,1344.2114151029575
data/processed/mauritius/video/not_augmented/cull2_random_bg/head/224/occ/raw/centre/20230831_055535/m--20230831_055535--f001656.jpg,20230831_055535,mauritius,original,video,False,train,1449.0307822014975
data/processed/mauritius/video/not_augmented/cull2_random_bg/head/224/occ/raw/centre/20230831_055535/m--20230831_055535--f001658.jpg,20230831_055535,mauritius,original,video,False,train,1557.7061442939603
data/processed/mauritius/video/not_augmented/cull2_random_bg/head/224/occ/raw/centre/20230831_055535/m--20230831_055535--f001660.jpg,20230831_055535,mauritius,original,video,False,train,1421.6166850685427
data/processed/mauritius/video/not_augmented/cull2_random_bg/head/224/occ/raw/centre/20230831_055535/m--20230831_055535--f001662.jpg,20230831_055535,mauritius,original,video,False,train,2281.128899664444
data/processed/mauritius/video/not_augmented/cull2_random_bg/head/224/occ/raw/centre/20230831_055535/m--20230831_055535--f001664.jpg,20230831_055535,mauritius,original,video,False,train,1342.4579766721142
data/processed/mauritius/video/not_augmented/cull2_random_bg/head/224/occ/raw/centre/20230831_055535/m--20230831_055535--f001666.jpg,20230831_055535,mauritius,original,video,False,train,747.093936616309
data/processed/mauritius/video/not_augmented/cull2_random_bg/head/224/occ/raw/centre/20230831_055535/m--20230831_055535--f001760.jpg,20230831_055535,mauritius,original,video,False,train,595.0885016339265
data/processed/mauritius/video/not_augmented/cull2_random_bg/head/224/occ/raw/centre/20230831_055535/m--20230831_055535--f001772.jpg,20230831_055535,mauritius,original,video,False,train,831.2403623425231
data/processed/mauritius/video/not_augmented/cull2_random_bg/head/224/occ/raw/centre/20230831_060427/m--20230831_060427--f000202.jpg,20230831_060427,mauritius,original,video,False,train,285.7044588535441
data/processed/mauritius/video/not_augmented/cull2_random_bg/head/224/occ/raw/centre/20230831_060427/m--20230831_060427--f000206.jpg,20230831_060427,mauritius,original,video,False,train,286.14006085695695
data/processed/mauritius/video/not_augmented/cull2_random_bg/head/224/occ/raw/centre/20230831_060427/m--20230831_060427--f000210.jpg,20230831_060427,mauritius,original,video,False,train,260.60843463939017
data/processed/mauritius/video/not_augmented/cull2_random_bg/head/224/occ/raw/centre/20230831_060427/m--20230831_060427--f000212.jpg,20230831_060427,mauritius,original,video,False,train,213.46136316961173
data/processed/mauritius/video/not_augmented/cull2_random_bg/head/224/occ/raw/centre/20230831_060427/m--20230831_060427--f000214.jpg,20230831_060427,mauritius,original,video,False,train,188.1052489620306
data/processed/mauritius/video/not_augmented/cull2_random_bg/head/224/occ/raw/centre/20230831_060427/m--20230831_060427--f000216.jpg,20230831_060427,mauritius,original,video,False,train,719.4856764393417
data/processed/mauritius/video/not_augmented/cull2_random_bg/head/224/occ/raw/centre/20230831_060427/m--20230831_060427--f000218.jpg,20230831_060427,mauritius,original,video,False,train,1231.7651970532477
data/processed/mauritius/video/not_augmented/cull2_random_bg/head/224/occ/raw/centre/20230831_060427/m--20230831_060427--f000220.jpg,20230831_060427,mauritius,original,video,False,train,430.17377700988385
data/processed/mauritius/video/not_augmented/cull2_random_bg/head/224/occ/raw/centre/20230831_060427/m--20230831_060427--f000222.jpg,20230831_060427,mauritius,original,video,False,train,664.8969867802421
data/processed/mauritius/video/not_augmented/cull2_random_bg/head/224/occ/raw/centre/20230831_060427/m--20230831_060427--f000224.jpg,20230831_060427,mauritius,original,video,False,train,453.5309940828279
data/processed/mauritius/video/not_augmented/cull2_random_bg/head/224/occ/raw/centre/20230831_060427/m--20230831_060427--f000226.jpg,20230831_060427,mauritius,original,video,False,train,917.8886315005366
data/processed/mauritius/video/not_augmented/cull2_random_bg/head/224/occ/raw/centre/20230831_060427/m--20230831_060427--f000228.jpg,20230831_060427,mauritius,original,video,False,train,853.7072921869706
data/processed/mauritius/video/not_augmented/cull2_random_bg/head/224/occ/raw/centre/20230831_060427/m--20230831_060427--f000230.jpg,20230831_060427,mauritius,original,video,False,train,933.1515155428403
data/processed/mauritius/video/not_augmented/cull2_random_bg/head/224/occ/raw/centre/20230831_060427/m--20230831_060427--f000232.jpg,20230831_060427,mauritius,original,video,False,train,551.5561003265952
data/processed/mauritius/video/not_augmented/cull2_random_bg/head/224/occ/raw/centre/20230831_060427/m--20230831_060427--f000234.jpg,20230831_060427,mauritius,original,video,False,train,594.2570898635146
data/processed/mauritius/video/not_augmented/cull2_random_bg/head/224/occ/raw/centre/20230831_060427/m--20230831_060427--f000236.jpg,20230831_060427,mauritius,original,video,False,train,512.2282222682662
data/processed/mauritius/video/not_augmented/cull2_random_bg/head/224/occ/raw/centre/20230831_060427/m--20230831_060427--f000238.jpg,20230831_060427,mauritius,original,video,False,train,812.0120348690053
data/processed/mauritius/video/not_augmented/cull2_random_bg/head/224/occ/raw/centre/20230831_060427/m--20230831_060427--f000240.jpg,20230831_060427,mauritius,original,video,False,train,366.91700798489063
data/processed/mauritius/video/not_augmented/cull2_random_bg/head/224/occ/raw/centre/20230831_060427/m--20230831_060427--f000242.jpg,20230831_060427,mauritius,original,video,False,train,602.560884004233
data/processed/mauritius/video/not_augmented/cull2_random_bg/head/224/occ/raw/centre/20230831_060427/m--20230831_060427--f000244.jpg,20230831_060427,mauritius,original,video,False,train,1063.1768622690317
data/processed/mauritius/video/not_augmented/cull2_random_bg/head/224/occ/raw/centre/20230831_060427/m--20230831_060427--f000246.jpg,20230831_060427,mauritius,original,video,False,train,691.6161327715569
data/processed/mauritius/video/not_augmented/cull2_random_bg/head/224/occ/raw/centre/20230831_060427/m--20230831_060427--f000248.jpg,20230831_060427,mauritius,original,video,False,train,103.36703869304475
data/processed/mauritius/video/not_augmented/cull2_random_bg/head/224/occ/raw/centre/20230831_060427/m--20230831_060427--f000250.jpg,20230831_060427,mauritius,original,video,False,train,144.45824228689503
data/processed/mauritius/video/not_augmented/cull2_random_bg/head/224/occ/raw/centre/20230831_060427/m--20230831_060427--f000252.jpg,20230831_060427,mauritius,original,video,False,train,87.94224789042316
data/processed/mauritius/video/not_augmented/cull2_random_bg/head/224/occ/raw/centre/20230831_060427/m--20230831_060427--f000254.jpg,20230831_060427,mauritius,original,video,False,train,240.69837451149954
data/processed/mauritius/video/not_augmented/cull2_random_bg/head/224/occ/raw/centre/20230831_060427/m--20230831_060427--f001500.jpg,20230831_060427,mauritius,original,video,False,train,1248.817123622807
data/processed/mauritius/video/not_augmented/cull2_random_bg/head/224/occ/raw/centre/20230831_060427/m--20230831_060427--f001502.jpg,20230831_060427,mauritius,original,video,False,train,309.55007424884815
data/processed/mauritius/video/not_augmented/cull2_random_bg/head/224/occ/raw/centre/20230831_060427/m--20230831_060427--f001504.jpg,20230831_060427,mauritius,original,video,False,train,523.5401699534061
data/processed/mauritius/video/not_augmented/cull2_random_bg/head/224/occ/raw/centre/20230831_060427/m--20230831_060427--f001506.jpg,20230831_060427,mauritius,original,video,False,train,440.67891059027073
data/processed/mauritius/video/not_augmented/cull2_random_bg/head/224/occ/raw/centre/20230831_133234/m--20230831_133234--f000214.jpg,20230831_133234,mauritius,original,video,False,train,642.5764485986368
data/processed/mauritius/video/not_augmented/cull2_random_bg/head/224/occ/raw/centre/20230831_133234/m--20230831_133234--f000216.jpg,20230831_133234,mauritius,original,video,False,train,893.7498346632196
data/processed/mauritius/video/not_augmented/cull2_random_bg/head/224/occ/raw/centre/20230831_133234/m--20230831_133234--f000218.jpg,20230831_133234,mauritius,original,video,False,train,1386.31095037655
data/processed/mauritius/video/not_augmented/cull2_random_bg/head/224/occ/raw/centre/20230831_133234/m--20230831_133234--f000242.jpg,20230831_133234,mauritius,original,video,False,train,1122.9892152165035
data/processed/mauritius/video/not_augmented/cull2_random_bg/head/224/occ/raw/centre/20230831_133234/m--20230831_133234--f000244.jpg,20230831_133234,mauritius,original,video,False,train,1523.091029400728
data/processed/mauritius/video/not_augmented/cull2_random_bg/head/224/occ/raw/centre/20230831_133234/m--20230831_133234--f000246.jpg,20230831_133234,mauritius,original,video,False,train,2021.0442744469156
data/processed/mauritius/video/not_augmented/cull2_random_bg/head/224/occ/raw/centre/20230831_133234/m--20230831_133234--f000248.jpg,20230831_133234,mauritius,original,video,False,train,1153.6458265752603
data/processed/mauritius/video/not_augmented/cull2_random_bg/head/224/occ/raw/centre/20230831_133234/m--20230831_133234--f000250.jpg,20230831_133234,mauritius,original,video,False,train,1609.4426402668316
data/processed/mauritius/video/not_augmented/cull2_random_bg/head/224/occ/raw/centre/20230831_133234/m--20230831_133234--f000252.jpg,20230831_133234,mauritius,original,video,False,train,1260.7828436870964
data/processed/mauritius/video/not_augmented/cull2_random_bg/head/224/occ/raw/centre/20230831_133234/m--20230831_133234--f000254.jpg,20230831_133234,mauritius,original,video,False,train,1462.5227286109623
data/processed/mauritius/video/not_augmented/cull2_random_bg/head/224/occ/raw/centre/20230831_133234/m--20230831_133234--f000262.jpg,20230831_133234,mauritius,original,video,False,train,1399.9628348578913
data/processed/mauritius/video/not_augmented/cull2_random_bg/head/224/occ/raw/centre/20230831_133920/m--20230831_133920--f000140.jpg,20230831_133920,mauritius,original,video,False,train,213.76558595337207
data/processed/mauritius/video/not_augmented/cull2_random_bg/head/224/occ/raw/centre/20230831_133920/m--20230831_133920--f000142.jpg,20230831_133920,mauritius,original,video,False,train,1884.096874803863
data/processed/mauritius/video/not_augmented/cull2_random_bg/head/224/occ/raw/centre/20230831_133920/m--20230831_133920--f000144.jpg,20230831_133920,mauritius,original,video,False,train,672.551146904462
data/processed/mauritius/video/not_augmented/cull2_random_bg/head/224/occ/raw/centre/20230831_133920/m--20230831_133920--f000146.jpg,20230831_133920,mauritius,original,video,False,train,237.41460204809619
data/processed/mauritius/video/not_augmented/cull2_random_bg/head/224/occ/raw/centre/20230831_133920/m--20230831_133920--f000148.jpg,20230831_133920,mauritius,original,video,False,train,486.48566098354195
data/processed/mauritius/video/not_augmented/cull2_random_bg/head/224/occ/raw/centre/20230831_133920/m--20230831_133920--f000194.jpg,20230831_133920,mauritius,original,video,False,train,857.1920322543727
data/processed/mauritius/video/not_augmented/cull2_random_bg/head/224/occ/raw/centre/20230831_133920/m--20230831_133920--f000196.jpg,20230831_133920,mauritius,original,video,False,train,1098.958980078898
data/processed/mauritius/video/not_augmented/cull2_random_bg/head/224/occ/raw/centre/20230831_133920/m--20230831_133920--f000198.jpg,20230831_133920,mauritius,original,video,False,train,896.2020621325562
data/processed/mauritius/video/not_augmented/cull2_random_bg/head/224/occ/raw/centre/20230831_133920/m--20230831_133920--f000200.jpg,20230831_133920,mauritius,original,video,False,train,771.1337854777807
data/processed/mauritius/video/not_augmented/cull2_random_bg/head/224/occ/raw/centre/20230831_133920/m--20230831_133920--f000202.jpg,20230831_133920,mauritius,original,video,False,train,860.214009933996
data/processed/mauritius/video/not_augmented/cull2_random_bg/head/224/occ/raw/centre/20230831_133920/m--20230831_133920--f000204.jpg,20230831_133920,mauritius,original,video,False,train,897.0118307850847
data/processed/mauritius/video/not_augmented/cull2_random_bg/head/224/occ/raw/centre/20230831_133920/m--20230831_133920--f000206.jpg,20230831_133920,mauritius,original,video,False,train,965.5049576380014
data/processed/mauritius/video/not_augmented/cull2_random_bg/head/224/occ/raw/centre/20230831_133920/m--20230831_133920--f000208.jpg,20230831_133920,mauritius,original,video,False,train,981.2694298197258
data/processed/mauritius/video/not_augmented/cull2_random_bg/head/224/occ/raw/centre/20230831_133920/m--20230831_133920--f001046.jpg,20230831_133920,mauritius,original,video,False,train,943.4709419717595
data/processed/mauritius/video/not_augmented/cull2_random_bg/head/224/occ/raw/centre/20230831_133920/m--20230831_133920--f001048.jpg,20230831_133920,mauritius,original,video,False,train,906.4548516672685
data/processed/mauritius/video/not_augmented/cull2_random_bg/head/224/occ/raw/centre/20230831_133920/m--20230831_133920--f001368.jpg,20230831_133920,mauritius,original,video,False,train,353.6698316552648
data/processed/mauritius/video/not_augmented/cull2_random_bg/head/224/occ/raw/centre/20230831_133920/m--20230831_133920--f001370.jpg,20230831_133920,mauritius,original,video,False,train,439.78127332986867
data/processed/mauritius/video/not_augmented/cull2_random_bg/head/224/occ/raw/centre/20230831_133920/m--20230831_133920--f001372.jpg,20230831_133920,mauritius,original,video,False,train,378.75847961444845
data/processed/mauritius/video/not_augmented/cull2_random_bg/head/224/occ/raw/centre/20230831_134612/m--20230831_134612--f000136.jpg,20230831_134612,mauritius,original,video,False,train,883.9283683737929
data/processed/mauritius/video/not_augmented/cull2_random_bg/head/224/occ/raw/centre/20230831_134612/m--20230831_134612--f000138.jpg,20230831_134612,mauritius,original,video,False,train,416.5374893317963
data/processed/mauritius/video/not_augmented/cull2_random_bg/head/224/occ/raw/centre/20230831_134612/m--20230831_134612--f000140.jpg,20230831_134612,mauritius,original,video,False,train,324.185404597993
data/processed/mauritius/video/not_augmented/cull2_random_bg/head/224/occ/raw/centre/20230831_134612/m--20230831_134612--f000142.jpg,20230831_134612,mauritius,original,video,False,train,1310.315256946934
data/processed/mauritius/video/not_augmented/cull2_random_bg/head/224/occ/raw/centre/20230831_134612/m--20230831_134612--f000144.jpg,20230831_134612,mauritius,original,video,False,train,274.6643186102108
data/processed/mauritius/video/not_augmented/cull2_random_bg/head/224/occ/raw/centre/20230831_134612/m--20230831_134612--f000146.jpg,20230831_134612,mauritius,original,video,False,train,1155.6753258182823
data/processed/mauritius/video/not_augmented/cull2_random_bg/head/224/occ/raw/centre/20230831_134612/m--20230831_134612--f000148.jpg,20230831_134612,mauritius,original,video,False,train,498.9389513135701
data/processed/mauritius/video/not_augmented/cull2_random_bg/head/224/occ/raw/centre/20230831_134612/m--20230831_134612--f000150.jpg,20230831_134612,mauritius,original,video,False,train,833.2283910634567
data/processed/mauritius/video/not_augmented/cull2_random_bg/head/224/occ/raw/centre/20230831_134612/m--20230831_134612--f000152.jpg,20230831_134612,mauritius,original,video,False,train,1577.1614145487856
data/processed/mauritius/video/not_augmented/cull2_random_bg/head/224/occ/raw/centre/20230831_134612/m--20230831_134612--f000154.jpg,20230831_134612,mauritius,original,video,False,train,453.0037807590114
data/processed/mauritius/video/not_augmented/cull2_random_bg/head/224/occ/raw/centre/20230831_134612/m--20230831_134612--f000156.jpg,20230831_134612,mauritius,original,video,False,train,1426.7217686151475
data/processed/mauritius/video/not_augmented/cull2_random_bg/head/224/occ/raw/centre/20230831_134612/m--20230831_134612--f000158.jpg,20230831_134612,mauritius,original,video,False,train,745.2239100473317
data/processed/mauritius/video/not_augmented/cull2_random_bg/head/224/occ/raw/centre/20230831_134612/m--20230831_134612--f000160.jpg,20230831_134612,mauritius,original,video,False,train,1241.0098044388697
data/processed/mauritius/video/not_augmented/cull2_random_bg/head/224/occ/raw/centre/20230831_134612/m--20230831_134612--f000162.jpg,20230831_134612,mauritius,original,video,False,train,1116.6985565175216
data/processed/mauritius/video/not_augmented/cull2_random_bg/head/224/occ/raw/centre/20230831_134612/m--20230831_134612--f000164.jpg,20230831_134612,mauritius,original,video,False,train,1789.6950793693281
data/processed/mauritius/video/not_augmented/cull2_random_bg/head/224/occ/raw/centre/20230831_134612/m--20230831_134612--f000166.jpg,20230831_134612,mauritius,original,video,False,train,2378.8480257402107
data/processed/mauritius/video/not_augmented/cull2_random_bg/head/224/occ/raw/centre/20230831_134612/m--20230831_134612--f000168.jpg,20230831_134612,mauritius,original,video,False,train,2713.8926272946364
data/processed/mauritius/video/not_augmented/cull2_random_bg/head/224/occ/raw/centre/20230831_134612/m--20230831_134612--f000170.jpg,20230831_134612,mauritius,original,video,False,train,3021.4517168810053
data/processed/mauritius/video/not_augmented/cull2_random_bg/head/224/occ/raw/centre/20230831_134612/m--20230831_134612--f000172.jpg,20230831_134612,mauritius,original,video,False,train,3653.9324716407527
data/processed/mauritius/video/not_augmented/cull2_random_bg/head/224/occ/raw/centre/20230831_134612/m--20230831_134612--f000174.jpg,20230831_134612,mauritius,original,video,False,train,2925.773971954419
data/processed/mauritius/video/not_augmented/cull2_random_bg/head/224/occ/raw/centre/20230831_134612/m--20230831_134612--f000176.jpg,20230831_134612,mauritius,original,video,False,train,3168.479145688744
data/processed/mauritius/video/not_augmented/cull2_random_bg/head/224/occ/raw/centre/20230831_134612/m--20230831_134612--f000178.jpg,20230831_134612,mauritius,original,video,False,train,5375.342215946743
data/processed/mauritius/video/not_augmented/cull2_random_bg/head/224/occ/raw/centre/20230831_134612/m--20230831_134612--f000180.jpg,20230831_134612,mauritius,original,video,False,train,3499.130998259532
data/processed/mauritius/video/not_augmented/cull2_random_bg/head/224/occ/raw/centre/20230831_134612/m--20230831_134612--f000182.jpg,20230831_134612,mauritius,original,video,False,train,3062.133403680763
data/processed/mauritius/video/not_augmented/cull2_random_bg/head/224/occ/raw/centre/20230831_134612/m--20230831_134612--f000184.jpg,20230831_134612,mauritius,original,video,False,train,3163.192151238847
data/processed/mauritius/video/not_augmented/cull2_random_bg/head/224/occ/raw/centre/20230831_134612/m--20230831_134612--f000186.jpg,20230831_134612,mauritius,original,video,False,train,3685.6648956415606
data/processed/mauritius/video/not_augmented/cull2_random_bg/head/224/occ/raw/centre/20230831_134612/m--20230831_134612--f000188.jpg,20230831_134612,mauritius,original,video,False,train,4074.7573939410413
data/processed/mauritius/video/not_augmented/cull2_random_bg/head/224/occ/raw/centre/20230831_134612/m--20230831_134612--f000190.jpg,20230831_134612,mauritius,original,video,False,train,3670.2550447230437
data/processed/mauritius/video/not_augmented/cull2_random_bg/head/224/occ/raw/centre/20230831_134612/m--20230831_134612--f000192.jpg,20230831_134612,mauritius,original,video,False,train,3518.204630871208
data/processed/mauritius/video/not_augmented/cull2_random_bg/head/224/occ/raw/centre/20230831_134612/m--20230831_134612--f000194.jpg,20230831_134612,mauritius,original,video,False,train,1892.0813845912899
data/processed/mauritius/video/not_augmented/cull2_random_bg/head/224/occ/raw/centre/20230831_134612/m--20230831_134612--f000224.jpg,20230831_134612,mauritius,original,video,False,train,605.2481298319552
data/processed/mauritius/video/not_augmented/cull2_random_bg/head/224/occ/raw/centre/20230831_134612/m--20230831_134612--f000986.jpg,20230831_134612,mauritius,original,video,False,train,1686.4713606347843
data/processed/mauritius/video/not_augmented/cull2_random_bg/head/224/occ/raw/centre/20230831_134612/m--20230831_134612--f000988.jpg,20230831_134612,mauritius,original,video,False,train,1967.0865404410242
data/processed/mauritius/video/not_augmented/cull2_random_bg/head/224/occ/raw/centre/20230831_134612/m--20230831_134612--f000990.jpg,20230831_134612,mauritius,original,video,False,train,3452.2675541008275
data/processed/mauritius/video/not_augmented/cull2_random_bg/head/224/occ/raw/centre/20230831_134612/m--20230831_134612--f000992.jpg,20230831_134612,mauritius,original,video,False,train,4541.921828435194
data/processed/mauritius/video/not_augmented/cull2_random_bg/head/224/occ/raw/centre/20230831_134612/m--20230831_134612--f001006.jpg,20230831_134612,mauritius,original,video,False,train,2625.7365087376493
data/processed/mauritius/video/not_augmented/cull2_random_bg/head/224/occ/raw/centre/20230831_134612/m--20230831_134612--f001008.jpg,20230831_134612,mauritius,original,video,False,train,3724.7143971265627
data/processed/mauritius/video/not_augmented/cull2_random_bg/head/224/occ/raw/centre/20230831_135124/m--20230831_135124--f000140.jpg,20230831_135124,mauritius,original,video,False,train,287.8446059014488
data/processed/mauritius/video/not_augmented/cull2_random_bg/head/224/occ/raw/centre/20230831_135124/m--20230831_135124--f000142.jpg,20230831_135124,mauritius,original,video,False,train,331.6509738780716
data/processed/mauritius/video/not_augmented/cull2_random_bg/head/224/occ/raw/centre/20230831_135124/m--20230831_135124--f000146.jpg,20230831_135124,mauritius,original,video,False,train,1035.5638322238372
data/processed/mauritius/video/not_augmented/cull2_random_bg/head/224/occ/raw/centre/20230831_135124/m--20230831_135124--f000148.jpg,20230831_135124,mauritius,original,video,False,train,1141.0693228803839
data/processed/mauritius/video/not_augmented/cull2_random_bg/head/224/occ/raw/centre/20230831_135124/m--20230831_135124--f000152.jpg,20230831_135124,mauritius,original,video,False,train,805.2157746374185
data/processed/mauritius/video/not_augmented/cull2_random_bg/head/224/occ/raw/centre/20230831_135124/m--20230831_135124--f000154.jpg,20230831_135124,mauritius,original,video,False,train,1706.5576841695165
data/processed/mauritius/video/not_augmented/cull2_random_bg/head/224/occ/raw/centre/20230831_135124/m--20230831_135124--f000156.jpg,20230831_135124,mauritius,original,video,False,train,2269.3699174024623
data/processed/mauritius/video/not_augmented/cull2_random_bg/head/224/occ/raw/centre/20230831_135124/m--20230831_135124--f000158.jpg,20230831_135124,mauritius,original,video,False,train,1409.1267475789907
data/processed/mauritius/video/not_augmented/cull2_random_bg/head/224/occ/raw/centre/20230831_135124/m--20230831_135124--f000160.jpg,20230831_135124,mauritius,original,video,False,train,2147.5945837997187
data/processed/mauritius/video/not_augmented/cull2_random_bg/head/224/occ/raw/centre/20230831_135124/m--20230831_135124--f000162.jpg,20230831_135124,mauritius,original,video,False,train,2125.5012433653023
data/processed/mauritius/video/not_augmented/cull2_random_bg/head/224/occ/raw/centre/20230831_135124/m--20230831_135124--f000164.jpg,20230831_135124,mauritius,original,video,False,train,4570.442225227849
data/processed/mauritius/video/not_augmented/cull2_random_bg/head/224/occ/raw/centre/20230831_135124/m--20230831_135124--f000166.jpg,20230831_135124,mauritius,original,video,False,train,2725.0781929686586
data/processed/mauritius/video/not_augmented/cull2_random_bg/head/224/occ/raw/centre/20230831_135124/m--20230831_135124--f000168.jpg,20230831_135124,mauritius,original,video,False,train,3504.095360555335
data/processed/mauritius/video/not_augmented/cull2_random_bg/head/224/occ/raw/centre/20230831_135124/m--20230831_135124--f000170.jpg,20230831_135124,mauritius,original,video,False,train,3500.826404070666
data/processed/mauritius/video/not_augmented/cull2_random_bg/head/224/occ/raw/centre/20230831_135124/m--20230831_135124--f000172.jpg,20230831_135124,mauritius,original,video,False,train,1497.8272074290685
data/processed/mauritius/video/not_augmented/cull2_random_bg/head/224/occ/raw/centre/20230831_135124/m--20230831_135124--f000174.jpg,20230831_135124,mauritius,original,video,False,train,2876.9229105830636
data/processed/mauritius/video/not_augmented/cull2_random_bg/head/224/occ/raw/centre/20230831_135124/m--20230831_135124--f000176.jpg,20230831_135124,mauritius,original,video,False,train,3357.0548069503893
data/processed/mauritius/video/not_augmented/cull2_random_bg/head/224/occ/raw/centre/20230831_135124/m--20230831_135124--f000178.jpg,20230831_135124,mauritius,original,video,False,train,5500.226557517538
data/processed/mauritius/video/not_augmented/cull2_random_bg/head/224/occ/raw/centre/20230831_135124/m--20230831_135124--f000180.jpg,20230831_135124,mauritius,original,video,False,train,3815.6669486100254
data/processed/mauritius/video/not_augmented/cull2_random_bg/head/224/occ/raw/centre/20230831_135124/m--20230831_135124--f000182.jpg,20230831_135124,mauritius,original,video,False,train,3814.738278491455
data/processed/mauritius/video/not_augmented/cull2_random_bg/head/224/occ/raw/centre/20230831_135124/m--20230831_135124--f000184.jpg,20230831_135124,mauritius,original,video,False,train,3199.5304550522824
data/processed/mauritius/video/not_augmented/cull2_random_bg/head/224/occ/raw/centre/20230831_135124/m--20230831_135124--f000186.jpg,20230831_135124,mauritius,original,video,False,train,3908.8921018423316
data/processed/mauritius/video/not_augmented/cull2_random_bg/head/224/occ/raw/centre/20230831_135124/m--20230831_135124--f000188.jpg,20230831_135124,mauritius,original,video,False,train,3268.1341649710453
data/processed/mauritius/video/not_augmented/cull2_random_bg/head/224/occ/raw/centre/20230831_135124/m--20230831_135124--f000190.jpg,20230831_135124,mauritius,original,video,False,train,3563.175143480599
data/processed/mauritius/video/not_augmented/cull2_random_bg/head/224/occ/raw/centre/20230831_135124/m--20230831_135124--f000192.jpg,20230831_135124,mauritius,original,video,False,train,2977.0118672574677
data/processed/mauritius/video/not_augmented/cull2_random_bg/head/224/occ/raw/centre/20230831_135124/m--20230831_135124--f000194.jpg,20230831_135124,mauritius,original,video,False,train,2555.5791994815368
data/processed/mauritius/video/not_augmented/cull2_random_bg/head/224/occ/raw/centre/20230831_135124/m--20230831_135124--f000196.jpg,20230831_135124,mauritius,original,video,False,train,2481.740241355769
data/processed/mauritius/video/not_augmented/cull2_random_bg/head/224/occ/raw/centre/20230831_135124/m--20230831_135124--f000198.jpg,20230831_135124,mauritius,original,video,False,train,2784.3419548886263
data/processed/mauritius/video/not_augmented/cull2_random_bg/head/224/occ/raw/centre/20230831_135124/m--20230831_135124--f000200.jpg,20230831_135124,mauritius,original,video,False,train,2789.092581164286
data/processed/mauritius/video/not_augmented/cull2_random_bg/head/224/occ/raw/centre/20230831_135124/m--20230831_135124--f000202.jpg,20230831_135124,mauritius,original,video,False,train,2198.065977446887
data/processed/mauritius/video/not_augmented/cull2_random_bg/head/224/occ/raw/centre/20230831_135124/m--20230831_135124--f000204.jpg,20230831_135124,mauritius,original,video,False,train,1839.7657706972861
data/processed/mauritius/video/not_augmented/cull2_random_bg/head/224/occ/raw/centre/20230831_135124/m--20230831_135124--f000206.jpg,20230831_135124,mauritius,original,video,False,train,1379.3248764250188
data/processed/mauritius/video/not_augmented/cull2_random_bg/head/224/occ/raw/centre/20230831_135124/m--20230831_135124--f000208.jpg,20230831_135124,mauritius,original,video,False,train,620.8368313943083
data/processed/mauritius/video/not_augmented/cull2_random_bg/head/224/occ/raw/centre/20230831_135124/m--20230831_135124--f000210.jpg,20230831_135124,mauritius,original,video,False,train,980.3538109995038
data/processed/mauritius/video/not_augmented/cull2_random_bg/head/224/occ/raw/centre/20230831_135124/m--20230831_135124--f000212.jpg,20230831_135124,mauritius,original,video,False,train,802.9868519698416
data/processed/mauritius/video/not_augmented/cull2_random_bg/head/224/occ/raw/centre/20230831_135124/m--20230831_135124--f000214.jpg,20230831_135124,mauritius,original,video,False,train,1076.4051338268887
data/processed/mauritius/video/not_augmented/cull2_random_bg/head/224/occ/raw/centre/20230831_135124/m--20230831_135124--f001038.jpg,20230831_135124,mauritius,original,video,False,train,3493.681774509197
data/processed/mauritius/video/not_augmented/cull2_random_bg/head/224/occ/raw/centre/20230831_135124/m--20230831_135124--f001040.jpg,20230831_135124,mauritius,original,video,False,train,3764.5987232209045
data/processed/mauritius/video/not_augmented/cull2_random_bg/head/224/occ/raw/centre/20230831_135124/m--20230831_135124--f001042.jpg,20230831_135124,mauritius,original,video,False,train,3878.28376364837
data/processed/mauritius/video/not_augmented/cull2_random_bg/head/224/occ/raw/centre/20230831_135124/m--20230831_135124--f001044.jpg,20230831_135124,mauritius,original,video,False,train,2673.425012927312
data/processed/mauritius/video/not_augmented/cull2_random_bg/head/224/occ/raw/centre/20230831_135124/m--20230831_135124--f001046.jpg,20230831_135124,mauritius,original,video,False,train,3219.6771546772547
data/processed/mauritius/video/not_augmented/cull2_random_bg/head/224/occ/raw/centre/20230831_135124/m--20230831_135124--f001048.jpg,20230831_135124,mauritius,original,video,False,train,3420.298876704002
data/processed/mauritius/video/not_augmented/cull2_random_bg/head/224/occ/raw/centre/20230831_135124/m--20230831_135124--f001052.jpg,20230831_135124,mauritius,original,video,False,train,3037.8446266844785
data/processed/mauritius/video/not_augmented/cull2_random_bg/head/224/occ/raw/centre/20230831_135124/m--20230831_135124--f001054.jpg,20230831_135124,mauritius,original,video,False,train,2855.4705961402974
data/processed/mauritius/video/not_augmented/cull2_random_bg/head/224/occ/raw/centre/20230831_135124/m--20230831_135124--f001062.jpg,20230831_135124,mauritius,original,video,False,train,4527.789452148843
data/processed/mauritius/video/not_augmented/cull2_random_bg/head/224/occ/raw/centre/20230831_135124/m--20230831_135124--f001064.jpg,20230831_135124,mauritius,original,video,False,train,3821.3741586185506
data/processed/mauritius/video/not_augmented/cull2_random_bg/head/224/occ/raw/centre/20230831_135124/m--20230831_135124--f001066.jpg,20230831_135124,mauritius,original,video,False,train,4658.348526020042
data/processed/mauritius/video/not_augmented/cull2_random_bg/head/224/occ/raw/centre/20230831_135124/m--20230831_135124--f001068.jpg,20230831_135124,mauritius,original,video,False,train,4000.686823954536
data/processed/mauritius/video/not_augmented/cull2_random_bg/head/224/occ/raw/centre/20230831_135124/m--20230831_135124--f001070.jpg,20230831_135124,mauritius,original,video,False,train,3025.9683724879624
data/processed/mauritius/video/not_augmented/cull2_random_bg/head/224/occ/raw/centre/20230831_135124/m--20230831_135124--f001072.jpg,20230831_135124,mauritius,original,video,False,train,3343.3327486990693
data/processed/mauritius/video/not_augmented/cull2_random_bg/head/224/occ/raw/centre/20230831_135124/m--20230831_135124--f001074.jpg,20230831_135124,mauritius,original,video,False,train,4051.3177297604875
data/processed/mauritius/video/not_augmented/cull2_random_bg/head/224/occ/raw/centre/20230831_135124/m--20230831_135124--f001076.jpg,20230831_135124,mauritius,original,video,False,train,4459.369212504875
data/processed/mauritius/video/not_augmented/cull2_random_bg/head/224/occ/raw/centre/20230831_135124/m--20230831_135124--f001078.jpg,20230831_135124,mauritius,original,video,False,train,4364.69613597255
data/processed/mauritius/video/not_augmented/cull2_random_bg/head/224/occ/raw/centre/20230831_135124/m--20230831_135124--f001080.jpg,20230831_135124,mauritius,original,video,False,train,4163.781241622283
data/processed/mauritius/video/not_augmented/cull2_random_bg/head/224/occ/raw/centre/20230831_135124/m--20230831_135124--f001084.jpg,20230831_135124,mauritius,original,video,False,train,3747.924903636076
data/processed/mauritius/video/not_augmented/cull2_random_bg/head/224/occ/raw/centre/20230831_135124/m--20230831_135124--f001088.jpg,20230831_135124,mauritius,original,video,False,train,4045.8085243498376
data/processed/mauritius/video/not_augmented/cull2_random_bg/head/224/occ/raw/centre/20230831_135909/m--20230831_135909--f000178.jpg,20230831_135909,mauritius,original,video,False,train,1229.0623492805323
data/processed/mauritius/video/not_augmented/cull2_random_bg/head/224/occ/raw/centre/20230831_135909/m--20230831_135909--f000180.jpg,20230831_135909,mauritius,original,video,False,train,1814.1788376788704
data/processed/mauritius/video/not_augmented/cull2_random_bg/head/224/occ/raw/centre/20230831_135909/m--20230831_135909--f000182.jpg,20230831_135909,mauritius,original,video,False,train,1179.798845699855
data/processed/mauritius/video/not_augmented/cull2_random_bg/head/224/occ/raw/centre/20230831_135909/m--20230831_135909--f000184.jpg,20230831_135909,mauritius,original,video,False,train,1947.143365898911
data/processed/mauritius/video/not_augmented/cull2_random_bg/head/224/occ/raw/centre/20230831_135909/m--20230831_135909--f000186.jpg,20230831_135909,mauritius,original,video,False,train,1621.112131838896
data/processed/mauritius/video/not_augmented/cull2_random_bg/head/224/occ/raw/centre/20230831_135909/m--20230831_135909--f000188.jpg,20230831_135909,mauritius,original,video,False,train,1961.921454654044
data/processed/mauritius/video/not_augmented/cull2_random_bg/head/224/occ/raw/centre/20230831_135909/m--20230831_135909--f000190.jpg,20230831_135909,mauritius,original,video,False,train,1513.3314416274486
data/processed/mauritius/video/not_augmented/cull2_random_bg/head/224/occ/raw/centre/20230831_135909/m--20230831_135909--f000192.jpg,20230831_135909,mauritius,original,video,False,train,1583.7109957098812
data/processed/mauritius/video/not_augmented/cull2_random_bg/head/224/occ/raw/centre/20230831_135909/m--20230831_135909--f000194.jpg,20230831_135909,mauritius,original,video,False,train,1474.3837024223203
data/processed/mauritius/video/not_augmented/cull2_random_bg/head/224/occ/raw/centre/20230831_135909/m--20230831_135909--f000196.jpg,20230831_135909,mauritius,original,video,False,train,1372.867844307537
data/processed/mauritius/video/not_augmented/cull2_random_bg/head/224/occ/raw/centre/20230831_135909/m--20230831_135909--f000198.jpg,20230831_135909,mauritius,original,video,False,train,1531.795801629031
data/processed/mauritius/video/not_augmented/cull2_random_bg/head/224/occ/raw/centre/20230831_135909/m--20230831_135909--f000200.jpg,20230831_135909,mauritius,original,video,False,train,2597.3316737329496
data/processed/mauritius/video/not_augmented/cull2_random_bg/head/224/occ/raw/centre/20230831_135909/m--20230831_135909--f000202.jpg,20230831_135909,mauritius,original,video,False,train,1561.9456309183895
data/processed/mauritius/video/not_augmented/cull2_random_bg/head/224/occ/raw/centre/20230831_135909/m--20230831_135909--f000204.jpg,20230831_135909,mauritius,original,video,False,train,1539.9031999989982
data/processed/mauritius/video/not_augmented/cull2_random_bg/head/224/occ/raw/centre/20230831_135909/m--20230831_135909--f000206.jpg,20230831_135909,mauritius,original,video,False,train,1491.6689415752567
data/processed/mauritius/video/not_augmented/cull2_random_bg/head/224/occ/raw/centre/20230831_135909/m--20230831_135909--f000208.jpg,20230831_135909,mauritius,original,video,False,train,1600.6799622217545
data/processed/mauritius/video/not_augmented/cull2_random_bg/head/224/occ/raw/centre/20230831_135909/m--20230831_135909--f000210.jpg,20230831_135909,mauritius,original,video,False,train,1682.2198826695717
data/processed/mauritius/video/not_augmented/cull2_random_bg/head/224/occ/raw/centre/20230831_135909/m--20230831_135909--f000212.jpg,20230831_135909,mauritius,original,video,False,train,1810.6241071987822
data/processed/mauritius/video/not_augmented/cull2_random_bg/head/224/occ/raw/centre/20230831_135909/m--20230831_135909--f000214.jpg,20230831_135909,mauritius,original,video,False,train,2181.46650681025
data/processed/mauritius/video/not_augmented/cull2_random_bg/head/224/occ/raw/centre/20230831_135909/m--20230831_135909--f000216.jpg,20230831_135909,mauritius,original,video,False,train,1436.059898640205
data/processed/mauritius/video/not_augmented/cull2_random_bg/head/224/occ/raw/centre/20230831_135909/m--20230831_135909--f000218.jpg,20230831_135909,mauritius,original,video,False,train,1144.8810838967845
data/processed/mauritius/video/not_augmented/cull2_random_bg/head/224/occ/raw/centre/20230831_135909/m--20230831_135909--f000220.jpg,20230831_135909,mauritius,original,video,False,train,2306.0176905465596
data/processed/mauritius/video/not_augmented/cull2_random_bg/head/224/occ/raw/centre/20230831_135909/m--20230831_135909--f000222.jpg,20230831_135909,mauritius,original,video,False,train,2285.515493987551
data/processed/mauritius/video/not_augmented/cull2_random_bg/head/224/occ/raw/centre/20230831_135909/m--20230831_135909--f000224.jpg,20230831_135909,mauritius,original,video,False,train,1797.055191830862
data/processed/mauritius/video/not_augmented/cull2_random_bg/head/224/occ/raw/centre/20230831_135909/m--20230831_135909--f000226.jpg,20230831_135909,mauritius,original,video,False,train,2117.3677607102973
data/processed/mauritius/video/not_augmented/cull2_random_bg/head/224/occ/raw/centre/20230831_135909/m--20230831_135909--f000228.jpg,20230831_135909,mauritius,original,video,False,train,1606.1372540071575
data/processed/mauritius/video/not_augmented/cull2_random_bg/head/224/occ/raw/centre/20230831_135909/m--20230831_135909--f000230.jpg,20230831_135909,mauritius,original,video,False,train,2334.3018477887526
data/processed/mauritius/video/not_augmented/cull2_random_bg/head/224/occ/raw/centre/20230831_135909/m--20230831_135909--f000234.jpg,20230831_135909,mauritius,original,video,False,train,797.2481148436584
data/processed/mauritius/video/not_augmented/cull2_random_bg/head/224/occ/raw/centre/20230831_135909/m--20230831_135909--f000570.jpg,20230831_135909,mauritius,original,video,False,train,698.3877651416377
data/processed/mauritius/video/not_augmented/cull2_random_bg/head/224/occ/raw/centre/20230831_135909/m--20230831_135909--f000986.jpg,20230831_135909,mauritius,original,video,False,train,1518.7128674599685
data/processed/mauritius/video/not_augmented/cull2_random_bg/head/224/occ/raw/centre/20230831_135909/m--20230831_135909--f000992.jpg,20230831_135909,mauritius,original,video,False,train,701.7196200969366
data/processed/mauritius/video/not_augmented/cull2_random_bg/head/224/occ/raw/centre/20230831_135909/m--20230831_135909--f000996.jpg,20230831_135909,mauritius,original,video,False,train,738.0424803253612
data/processed/mauritius/video/not_augmented/cull2_random_bg/head/224/occ/raw/centre/20230831_135909/m--20230831_135909--f000998.jpg,20230831_135909,mauritius,original,video,False,train,1051.5065492870708
data/processed/mauritius/video/not_augmented/cull2_random_bg/head/224/occ/raw/centre/20230831_135909/m--20230831_135909--f001000.jpg,20230831_135909,mauritius,original,video,False,train,640.2271724285457
data/processed/mauritius/video/not_augmented/cull2_random_bg/head/224/occ/raw/centre/20230831_135909/m--20230831_135909--f001010.jpg,20230831_135909,mauritius,original,video,False,train,1224.604293942402
data/processed/mauritius/video/not_augmented/cull2_random_bg/head/224/occ/raw/centre/20230831_135909/m--20230831_135909--f001012.jpg,20230831_135909,mauritius,original,video,False,train,1398.1592753770599
data/processed/mauritius/video/not_augmented/cull2_random_bg/head/224/occ/raw/centre/20230831_135909/m--20230831_135909--f001014.jpg,20230831_135909,mauritius,original,video,False,train,1191.685682748368
data/processed/mauritius/video/not_augmented/cull2_random_bg/head/224/occ/raw/centre/20230831_135909/m--20230831_135909--f001016.jpg,20230831_135909,mauritius,original,video,False,train,1951.8594513241321
data/processed/mauritius/video/not_augmented/cull2_random_bg/head/224/occ/raw/centre/20230831_135909/m--20230831_135909--f001018.jpg,20230831_135909,mauritius,original,video,False,train,2583.335704048392
data/processed/mauritius/video/not_augmented/cull2_random_bg/head/224/occ/raw/centre/20230831_135909/m--20230831_135909--f001020.jpg,20230831_135909,mauritius,original,video,False,train,2355.878801706879
data/processed/mauritius/video/not_augmented/cull2_random_bg/head/224/occ/raw/centre/20230831_135909/m--20230831_135909--f001022.jpg,20230831_135909,mauritius,original,video,False,train,2532.0670613289276
data/processed/mauritius/video/not_augmented/cull2_random_bg/head/224/occ/raw/centre/20230831_135909/m--20230831_135909--f001024.jpg,20230831_135909,mauritius,original,video,False,train,1740.6686706443666
data/processed/mauritius/video/not_augmented/cull2_random_bg/head/224/occ/raw/centre/20230831_135909/m--20230831_135909--f001028.jpg,20230831_135909,mauritius,original,video,False,train,1447.889236365989
data/processed/mauritius/video/not_augmented/cull2_random_bg/head/224/occ/raw/centre/20230831_135909/m--20230831_135909--f001030.jpg,20230831_135909,mauritius,original,video,False,train,1410.108860706598
data/processed/mauritius/video/not_augmented/cull2_random_bg/head/224/occ/raw/centre/20230831_135909/m--20230831_135909--f001032.jpg,20230831_135909,mauritius,original,video,False,train,635.3637494580142
data/processed/mauritius/video/not_augmented/cull2_random_bg/head/224/occ/raw/centre/20230831_135909/m--20230831_135909--f001034.jpg,20230831_135909,mauritius,original,video,False,train,749.1679221851931
data/processed/mauritius/video/not_augmented/cull2_random_bg/head/224/occ/raw/centre/20230831_135909/m--20230831_135909--f001036.jpg,20230831_135909,mauritius,original,video,False,train,1797.7782860386128
data/processed/mauritius/video/not_augmented/cull2_random_bg/head/224/occ/raw/centre/20230831_135909/m--20230831_135909--f001038.jpg,20230831_135909,mauritius,original,video,False,train,1950.1759832160565
data/processed/mauritius/video/not_augmented/cull2_random_bg/head/224/occ/raw/centre/20230831_135909/m--20230831_135909--f001040.jpg,20230831_135909,mauritius,original,video,False,train,1635.168279238315
data/processed/mauritius/video/not_augmented/cull2_random_bg/head/224/occ/raw/centre/20230831_135909/m--20230831_135909--f001042.jpg,20230831_135909,mauritius,original,video,False,train,1922.3853128628643
data/processed/mauritius/video/not_augmented/cull2_random_bg/head/224/occ/raw/centre/20230831_135909/m--20230831_135909--f001044.jpg,20230831_135909,mauritius,original,video,False,train,1306.517182680231
data/processed/mauritius/video/not_augmented/cull2_random_bg/head/224/occ/raw/centre/20230831_135909/m--20230831_135909--f001046.jpg,20230831_135909,mauritius,original,video,False,train,1970.6423258100237
data/processed/mauritius/video/not_augmented/cull2_random_bg/head/224/occ/raw/centre/20230831_135909/m--20230831_135909--f001050.jpg,20230831_135909,mauritius,original,video,False,train,1209.1626709298957
data/processed/mauritius/video/not_augmented/cull2_random_bg/head/224/occ/raw/centre/20230831_135909/m--20230831_135909--f001054.jpg,20230831_135909,mauritius,original,video,False,train,1156.981337878169
data/processed/mauritius/video/not_augmented/cull2_random_bg/head/224/occ/raw/centre/20230831_135909/m--20230831_135909--f001066.jpg,20230831_135909,mauritius,original,video,False,train,2297.633228420764
data/processed/mauritius/video/not_augmented/cull2_random_bg/head/224/occ/raw/centre/20230831_135909/m--20230831_135909--f001080.jpg,20230831_135909,mauritius,original,video,False,train,1517.819869251164
data/processed/mauritius/video/not_augmented/cull2_random_bg/head/224/occ/raw/centre/20230831_135909/m--20230831_135909--f001082.jpg,20230831_135909,mauritius,original,video,False,train,782.6887145191367
data/processed/mauritius/video/not_augmented/cull2_random_bg/head/224/occ/raw/centre/20230831_135909/m--20230831_135909--f001084.jpg,20230831_135909,mauritius,original,video,False,train,1304.47029251955
data/processed/mauritius/video/not_augmented/cull2_random_bg/head/224/occ/raw/centre/20230831_135909/m--20230831_135909--f001088.jpg,20230831_135909,mauritius,original,video,False,train,1578.6508267012205
data/processed/mauritius/video/not_augmented/cull2_random_bg/head/224/occ/raw/centre/20230831_135909/m--20230831_135909--f001182.jpg,20230831_135909,mauritius,original,video,False,train,1347.2814142178715
data/processed/mauritius/video/not_augmented/cull2_random_bg/head/224/occ/raw/centre/20230831_135909/m--20230831_135909--f001184.jpg,20230831_135909,mauritius,original,video,False,train,939.4586969710845
data/processed/mauritius/video/not_augmented/cull2_random_bg/head/224/occ/raw/centre/20230831_135909/m--20230831_135909--f001202.jpg,20230831_135909,mauritius,original,video,False,train,1537.3914367345315
data/processed/mauritius/video/not_augmented/cull2_random_bg/head/224/occ/raw/centre/20230831_135909/m--20230831_135909--f001238.jpg,20230831_135909,mauritius,original,video,False,train,1335.2041171644687
data/processed/mauritius/video/not_augmented/cull2_random_bg/head/224/occ/raw/centre/20230831_135909/m--20230831_135909--f001246.jpg,20230831_135909,mauritius,original,video,False,train,2068.933804030222
data/processed/mauritius/video/not_augmented/cull2_random_bg/head/224/occ/raw/centre/20230831_135909/m--20230831_135909--f001302.jpg,20230831_135909,mauritius,original,video,False,train,630.6034645547672
data/processed/mauritius/video/not_augmented/cull2_random_bg/head/224/occ/raw/centre/20230831_135909/m--20230831_135909--f001304.jpg,20230831_135909,mauritius,original,video,False,train,208.33120595192423
data/processed/mauritius/video/not_augmented/cull2_random_bg/head/224/occ/raw/centre/20230831_135909/m--20230831_135909--f001306.jpg,20230831_135909,mauritius,original,video,False,train,354.9791431001999
data/processed/mauritius/video/not_augmented/cull2_random_bg/head/224/occ/raw/centre/20230831_135909/m--20230831_135909--f001308.jpg,20230831_135909,mauritius,original,video,False,train,790.9506573325542
data/processed/mauritius/video/not_augmented/cull2_random_bg/head/224/occ/raw/centre/20230831_135909/m--20230831_135909--f001310.jpg,20230831_135909,mauritius,original,video,False,train,692.4860450267196
data/processed/mauritius/video/not_augmented/cull2_random_bg/head/224/occ/raw/centre/20230831_135909/m--20230831_135909--f001312.jpg,20230831_135909,mauritius,original,video,False,train,1111.3835520333223
data/processed/mauritius/video/not_augmented/cull2_random_bg/head/224/occ/raw/centre/20230831_135909/m--20230831_135909--f001314.jpg,20230831_135909,mauritius,original,video,False,train,904.9853051951009
data/processed/mauritius/video/not_augmented/cull2_random_bg/head/224/occ/raw/centre/20230831_135909/m--20230831_135909--f001316.jpg,20230831_135909,mauritius,original,video,False,train,995.8919278358926
data/processed/mauritius/video/not_augmented/cull2_random_bg/head/224/occ/raw/centre/20230831_135909/m--20230831_135909--f001320.jpg,20230831_135909,mauritius,original,video,False,train,1140.2408150859994
data/processed/mauritius/video/not_augmented/cull2_random_bg/head/224/occ/raw/centre/20230831_135909/m--20230831_135909--f001322.jpg,20230831_135909,mauritius,original,video,False,train,925.3031074173597
data/processed/mauritius/video/not_augmented/cull2_random_bg/head/224/occ/raw/centre/20230831_140541/m--20230831_140541--f000178.jpg,20230831_140541,mauritius,original,video,False,train,1156.2961202456227
data/processed/mauritius/video/not_augmented/cull2_random_bg/head/224/occ/raw/centre/20230831_140541/m--20230831_140541--f000180.jpg,20230831_140541,mauritius,original,video,False,train,465.9240124744953
data/processed/mauritius/video/not_augmented/cull2_random_bg/head/224/occ/raw/centre/20230831_140541/m--20230831_140541--f000182.jpg,20230831_140541,mauritius,original,video,False,train,1376.9144275145748
data/processed/mauritius/video/not_augmented/cull2_random_bg/head/224/occ/raw/centre/20230831_140541/m--20230831_140541--f000184.jpg,20230831_140541,mauritius,original,video,False,train,173.54200781449234
data/processed/mauritius/video/not_augmented/cull2_random_bg/head/224/occ/raw/centre/20230831_140541/m--20230831_140541--f000186.jpg,20230831_140541,mauritius,original,video,False,train,903.1497820080045
data/processed/mauritius/video/not_augmented/cull2_random_bg/head/224/occ/raw/centre/20230831_140541/m--20230831_140541--f000188.jpg,20230831_140541,mauritius,original,video,False,train,1212.8019454964792
data/processed/mauritius/video/not_augmented/cull2_random_bg/head/224/occ/raw/centre/20230831_140541/m--20230831_140541--f000190.jpg,20230831_140541,mauritius,original,video,False,train,1394.685307405433
data/processed/mauritius/video/not_augmented/cull2_random_bg/head/224/occ/raw/centre/20230831_140541/m--20230831_140541--f000194.jpg,20230831_140541,mauritius,original,video,False,train,1144.2945666394596
data/processed/mauritius/video/not_augmented/cull2_random_bg/head/224/occ/raw/centre/20230831_140541/m--20230831_140541--f000196.jpg,20230831_140541,mauritius,original,video,False,train,854.1318578104434
data/processed/mauritius/video/not_augmented/cull2_random_bg/head/224/occ/raw/centre/20230831_140541/m--20230831_140541--f000198.jpg,20230831_140541,mauritius,original,video,False,train,948.3340307789414
data/processed/mauritius/video/not_augmented/cull2_random_bg/head/224/occ/raw/centre/20230831_140541/m--20230831_140541--f000200.jpg,20230831_140541,mauritius,original,video,False,train,601.9163135395901
data/processed/mauritius/video/not_augmented/cull2_random_bg/head/224/occ/raw/centre/20230831_140541/m--20230831_140541--f000202.jpg,20230831_140541,mauritius,original,video,False,train,956.9743635625653
data/processed/mauritius/video/not_augmented/cull2_random_bg/head/224/occ/raw/centre/20230831_140541/m--20230831_140541--f000204.jpg,20230831_140541,mauritius,original,video,False,train,2439.853216942625
data/processed/mauritius/video/not_augmented/cull2_random_bg/head/224/occ/raw/centre/20230831_140541/m--20230831_140541--f000206.jpg,20230831_140541,mauritius,original,video,False,train,3334.511412911691
data/processed/mauritius/video/not_augmented/cull2_random_bg/head/224/occ/raw/centre/20230831_140541/m--20230831_140541--f000208.jpg,20230831_140541,mauritius,original,video,False,train,2613.6703591050828
data/processed/mauritius/video/not_augmented/cull2_random_bg/head/224/occ/raw/centre/20230831_140541/m--20230831_140541--f000210.jpg,20230831_140541,mauritius,original,video,False,train,1955.8107246639627
data/processed/mauritius/video/not_augmented/cull2_random_bg/head/224/occ/raw/centre/20230831_140541/m--20230831_140541--f000212.jpg,20230831_140541,mauritius,original,video,False,train,2005.430277435147
data/processed/mauritius/video/not_augmented/cull2_random_bg/head/224/occ/raw/centre/20230831_140541/m--20230831_140541--f000214.jpg,20230831_140541,mauritius,original,video,False,train,2642.255469738469
data/processed/mauritius/video/not_augmented/cull2_random_bg/head/224/occ/raw/centre/20230831_140541/m--20230831_140541--f000216.jpg,20230831_140541,mauritius,original,video,False,train,2734.8539826604842
data/processed/mauritius/video/not_augmented/cull2_random_bg/head/224/occ/raw/centre/20230831_140541/m--20230831_140541--f000218.jpg,20230831_140541,mauritius,original,video,False,train,2061.8501525932134
data/processed/mauritius/video/not_augmented/cull2_random_bg/head/224/occ/raw/centre/20230831_140541/m--20230831_140541--f000220.jpg,20230831_140541,mauritius,original,video,False,train,2016.2359802610717
data/processed/mauritius/video/not_augmented/cull2_random_bg/head/224/occ/raw/centre/20230831_140541/m--20230831_140541--f000222.jpg,20230831_140541,mauritius,original,video,False,train,2053.589096958664
data/processed/mauritius/video/not_augmented/cull2_random_bg/head/224/occ/raw/centre/20230831_140541/m--20230831_140541--f000224.jpg,20230831_140541,mauritius,original,video,False,train,2571.209663411768
data/processed/mauritius/video/not_augmented/cull2_random_bg/head/224/occ/raw/centre/20230831_140541/m--20230831_140541--f000226.jpg,20230831_140541,mauritius,original,video,False,train,2106.418305776359
data/processed/mauritius/video/not_augmented/cull2_random_bg/head/224/occ/raw/centre/20230831_140541/m--20230831_140541--f000228.jpg,20230831_140541,mauritius,original,video,False,train,2079.956567167689
data/processed/mauritius/video/not_augmented/cull2_random_bg/head/224/occ/raw/centre/20230831_140541/m--20230831_140541--f000230.jpg,20230831_140541,mauritius,original,video,False,train,2221.668651172093
data/processed/mauritius/video/not_augmented/cull2_random_bg/head/224/occ/raw/centre/20230831_140541/m--20230831_140541--f000232.jpg,20230831_140541,mauritius,original,video,False,train,2378.77299544276
data/processed/mauritius/video/not_augmented/cull2_random_bg/head/224/occ/raw/centre/20230831_140541/m--20230831_140541--f000234.jpg,20230831_140541,mauritius,original,video,False,train,2426.040204651502
data/processed/mauritius/video/not_augmented/cull2_random_bg/head/224/occ/raw/centre/20230831_140541/m--20230831_140541--f000236.jpg,20230831_140541,mauritius,original,video,False,train,2202.0578490101957
data/processed/mauritius/video/not_augmented/cull2_random_bg/head/224/occ/raw/centre/20230831_140541/m--20230831_140541--f000238.jpg,20230831_140541,mauritius,original,video,False,train,2350.9833150003315
data/processed/mauritius/video/not_augmented/cull2_random_bg/head/224/occ/raw/centre/20230831_140541/m--20230831_140541--f000240.jpg,20230831_140541,mauritius,original,video,False,train,2816.271225232573
data/processed/mauritius/video/not_augmented/cull2_random_bg/head/224/occ/raw/centre/20230831_140541/m--20230831_140541--f000242.jpg,20230831_140541,mauritius,original,video,False,train,1255.7484190327978
data/processed/mauritius/video/not_augmented/cull2_random_bg/head/224/occ/raw/centre/20230831_140541/m--20230831_140541--f000250.jpg,20230831_140541,mauritius,original,video,False,train,819.4514308736406
data/processed/mauritius/video/not_augmented/cull2_random_bg/head/224/occ/raw/centre/20230831_140541/m--20230831_140541--f000252.jpg,20230831_140541,mauritius,original,video,False,train,424.31128917123715
data/processed/mauritius/video/not_augmented/cull2_random_bg/head/224/occ/raw/centre/20230831_140541/m--20230831_140541--f000254.jpg,20230831_140541,mauritius,original,video,False,train,328.25691644493014
data/processed/mauritius/video/not_augmented/cull2_random_bg/head/224/occ/raw/centre/20230831_140541/m--20230831_140541--f001188.jpg,20230831_140541,mauritius,original,video,False,train,1912.4199816546109
data/processed/mauritius/video/not_augmented/cull2_random_bg/head/224/occ/raw/centre/20230831_140541/m--20230831_140541--f001190.jpg,20230831_140541,mauritius,original,video,False,train,2855.1795282582343
data/processed/mauritius/video/not_augmented/cull2_random_bg/head/224/occ/raw/centre/20230831_140541/m--20230831_140541--f001192.jpg,20230831_140541,mauritius,original,video,False,train,2286.5467425516777
data/processed/mauritius/video/not_augmented/cull2_random_bg/head/224/occ/raw/centre/20230831_141252/m--20230831_141252--f000152.jpg,20230831_141252,mauritius,original,video,False,val,1235.9813819986143
data/processed/mauritius/video/not_augmented/cull2_random_bg/head/224/occ/raw/centre/20230831_141252/m--20230831_141252--f000154.jpg,20230831_141252,mauritius,original,video,False,val,194.99187952635037
data/processed/mauritius/video/not_augmented/cull2_random_bg/head/224/occ/raw/centre/20230831_141252/m--20230831_141252--f000156.jpg,20230831_141252,mauritius,original,video,False,val,465.995952458046
data/processed/mauritius/video/not_augmented/cull2_random_bg/head/224/occ/raw/centre/20230831_141252/m--20230831_141252--f000158.jpg,20230831_141252,mauritius,original,video,False,val,762.9777662967554
data/processed/mauritius/video/not_augmented/cull2_random_bg/head/224/occ/raw/centre/20230831_141252/m--20230831_141252--f000160.jpg,20230831_141252,mauritius,original,video,False,val,363.3663354974546
data/processed/mauritius/video/not_augmented/cull2_random_bg/head/224/occ/raw/centre/20230831_141252/m--20230831_141252--f000162.jpg,20230831_141252,mauritius,original,video,False,val,1407.573316904963
data/processed/mauritius/video/not_augmented/cull2_random_bg/head/224/occ/raw/centre/20230831_141252/m--20230831_141252--f000164.jpg,20230831_141252,mauritius,original,video,False,val,940.7162475585938
data/processed/mauritius/video/not_augmented/cull2_random_bg/head/224/occ/raw/centre/20230831_141252/m--20230831_141252--f000166.jpg,20230831_141252,mauritius,original,video,False,val,320.9190956756802
data/processed/mauritius/video/not_augmented/cull2_random_bg/head/224/occ/raw/centre/20230831_141252/m--20230831_141252--f000168.jpg,20230831_141252,mauritius,original,video,False,val,370.0175823253772
data/processed/mauritius/video/not_augmented/cull2_random_bg/head/224/occ/raw/centre/20230831_141252/m--20230831_141252--f000170.jpg,20230831_141252,mauritius,original,video,False,val,616.0074574292972
data/processed/mauritius/video/not_augmented/cull2_random_bg/head/224/occ/raw/centre/20230831_141252/m--20230831_141252--f000172.jpg,20230831_141252,mauritius,original,video,False,val,441.018533530706
data/processed/mauritius/video/not_augmented/cull2_random_bg/head/224/occ/raw/centre/20230831_141252/m--20230831_141252--f000174.jpg,20230831_141252,mauritius,original,video,False,val,233.84774055623944
data/processed/mauritius/video/not_augmented/cull2_random_bg/head/224/occ/raw/centre/20230831_141252/m--20230831_141252--f000176.jpg,20230831_141252,mauritius,original,video,False,val,329.81999718413067
data/processed/mauritius/video/not_augmented/cull2_random_bg/head/224/occ/raw/centre/20230831_141252/m--20230831_141252--f000178.jpg,20230831_141252,mauritius,original,video,False,val,979.9596898238989
data/processed/mauritius/video/not_augmented/cull2_random_bg/head/224/occ/raw/centre/20230831_141252/m--20230831_141252--f000180.jpg,20230831_141252,mauritius,original,video,False,val,667.0404176279089
data/processed/mauritius/video/not_augmented/cull2_random_bg/head/224/occ/raw/centre/20230831_141252/m--20230831_141252--f000254.jpg,20230831_141252,mauritius,original,video,False,val,1190.9321979676022
data/processed/mauritius/video/not_augmented/cull2_random_bg/head/224/occ/raw/centre/20230831_141252/m--20230831_141252--f000256.jpg,20230831_141252,mauritius,original,video,False,val,594.0680403191067
data/processed/mauritius/video/not_augmented/cull2_random_bg/head/224/occ/raw/centre/20230831_141252/m--20230831_141252--f000258.jpg,20230831_141252,mauritius,original,video,False,val,1653.6944869203105
data/processed/mauritius/video/not_augmented/cull2_random_bg/head/224/occ/raw/centre/20230831_141252/m--20230831_141252--f000260.jpg,20230831_141252,mauritius,original,video,False,val,1364.278775623072
data/processed/mauritius/video/not_augmented/cull2_random_bg/head/224/occ/raw/centre/20230831_141252/m--20230831_141252--f000262.jpg,20230831_141252,mauritius,original,video,False,val,2626.394232302296
data/processed/mauritius/video/not_augmented/cull2_random_bg/head/224/occ/raw/centre/20230831_141252/m--20230831_141252--f000264.jpg,20230831_141252,mauritius,original,video,False,val,1722.7213444417835
data/processed/mauritius/video/not_augmented/cull2_random_bg/head/224/occ/raw/centre/20230831_141252/m--20230831_141252--f000266.jpg,20230831_141252,mauritius,original,video,False,val,4139.58317576682
data/processed/mauritius/video/not_augmented/cull2_random_bg/head/224/occ/raw/centre/20230831_141252/m--20230831_141252--f000268.jpg,20230831_141252,mauritius,original,video,False,val,2639.4883349385673
data/processed/mauritius/video/not_augmented/cull2_random_bg/head/224/occ/raw/centre/20230831_141252/m--20230831_141252--f000270.jpg,20230831_141252,mauritius,original,video,False,val,1862.5021538406747
data/processed/mauritius/video/not_augmented/cull2_random_bg/head/224/occ/raw/centre/20230831_141252/m--20230831_141252--f000272.jpg,20230831_141252,mauritius,original,video,False,val,2129.742018782263
data/processed/mauritius/video/not_augmented/cull2_random_bg/head/224/occ/raw/centre/20230831_141252/m--20230831_141252--f000274.jpg,20230831_141252,mauritius,original,video,False,val,2101.183084871212
data/processed/mauritius/video/not_augmented/cull2_random_bg/head/224/occ/raw/centre/20230831_141252/m--20230831_141252--f000276.jpg,20230831_141252,mauritius,original,video,False,val,2620.8641783723424
data/processed/mauritius/video/not_augmented/cull2_random_bg/head/224/occ/raw/centre/20230831_141252/m--20230831_141252--f000278.jpg,20230831_141252,mauritius,original,video,False,val,2299.3354990290686
data/processed/mauritius/video/not_augmented/cull2_random_bg/head/224/occ/raw/centre/20230831_141252/m--20230831_141252--f000280.jpg,20230831_141252,mauritius,original,video,False,val,2018.2031396800703
data/processed/mauritius/video/not_augmented/cull2_random_bg/head/224/occ/raw/centre/20230831_141252/m--20230831_141252--f000282.jpg,20230831_141252,mauritius,original,video,False,val,2085.8269547300006
data/processed/mauritius/video/not_augmented/cull2_random_bg/head/224/occ/raw/centre/20230831_141252/m--20230831_141252--f000284.jpg,20230831_141252,mauritius,original,video,False,val,1965.568958750768
data/processed/mauritius/video/not_augmented/cull2_random_bg/head/224/occ/raw/centre/20230831_141252/m--20230831_141252--f000286.jpg,20230831_141252,mauritius,original,video,False,val,3136.0155919133394
data/processed/mauritius/video/not_augmented/cull2_random_bg/head/224/occ/raw/centre/20230831_141252/m--20230831_141252--f000288.jpg,20230831_141252,mauritius,original,video,False,val,2008.2812614103298
data/processed/mauritius/video/not_augmented/cull2_random_bg/head/224/occ/raw/centre/20230831_141252/m--20230831_141252--f000290.jpg,20230831_141252,mauritius,original,video,False,val,2934.7259310222275
data/processed/mauritius/video/not_augmented/cull2_random_bg/head/224/occ/raw/centre/20230831_141252/m--20230831_141252--f000292.jpg,20230831_141252,mauritius,original,video,False,val,2984.9872448407623
data/processed/mauritius/video/not_augmented/cull2_random_bg/head/224/occ/raw/centre/20230831_141252/m--20230831_141252--f000294.jpg,20230831_141252,mauritius,original,video,False,val,2337.413854201006
data/processed/mauritius/video/not_augmented/cull2_random_bg/head/224/occ/raw/centre/20230831_141252/m--20230831_141252--f000296.jpg,20230831_141252,mauritius,original,video,False,val,1213.5777327387793
data/processed/mauritius/video/not_augmented/cull2_random_bg/head/224/occ/raw/centre/20230831_141252/m--20230831_141252--f000298.jpg,20230831_141252,mauritius,original,video,False,val,1035.9016999384105
data/processed/mauritius/video/not_augmented/cull2_random_bg/head/224/occ/raw/centre/20230831_141252/m--20230831_141252--f000300.jpg,20230831_141252,mauritius,original,video,False,val,1988.715201057329
data/processed/mauritius/video/not_augmented/cull2_random_bg/head/224/occ/raw/centre/20230831_141252/m--20230831_141252--f000310.jpg,20230831_141252,mauritius,original,video,False,val,574.404104801974
data/processed/mauritius/video/not_augmented/cull2_random_bg/head/224/occ/raw/centre/20230831_141252/m--20230831_141252--f001062.jpg,20230831_141252,mauritius,original,video,False,val,2928.0436018145815
data/processed/mauritius/video/not_augmented/cull2_random_bg/head/224/occ/raw/centre/20230831_141252/m--20230831_141252--f001064.jpg,20230831_141252,mauritius,original,video,False,val,3209.406336492422
data/processed/mauritius/video/not_augmented/cull2_random_bg/head/224/occ/raw/centre/20230831_141252/m--20230831_141252--f001066.jpg,20230831_141252,mauritius,original,video,False,val,2987.3739521577922
data/processed/mauritius/video/not_augmented/cull2_random_bg/head/224/occ/raw/centre/20230831_141252/m--20230831_141252--f001068.jpg,20230831_141252,mauritius,original,video,False,val,1975.5420580045327
data/processed/mauritius/video/not_augmented/cull2_random_bg/head/224/occ/raw/centre/20230831_141252/m--20230831_141252--f001070.jpg,20230831_141252,mauritius,original,video,False,val,2259.6413626835674
data/processed/mauritius/video/not_augmented/cull2_random_bg/head/224/occ/raw/centre/20230831_141252/m--20230831_141252--f001072.jpg,20230831_141252,mauritius,original,video,False,val,1513.854141476848
data/processed/mauritius/video/not_augmented/cull2_random_bg/head/224/occ/raw/centre/20230831_141252/m--20230831_141252--f001156.jpg,20230831_141252,mauritius,original,video,False,val,1797.975445182956
data/processed/mauritius/video/not_augmented/cull2_random_bg/head/224/occ/raw/centre/20230831_141252/m--20230831_141252--f001164.jpg,20230831_141252,mauritius,original,video,False,val,707.9163240784658
data/processed/mauritius/video/not_augmented/cull2_random_bg/head/224/occ/raw/centre/20230831_141252/m--20230831_141252--f001166.jpg,20230831_141252,mauritius,original,video,False,val,1368.6496873972367
data/processed/mauritius/video/not_augmented/cull2_random_bg/head/224/occ/raw/centre/20230831_141252/m--20230831_141252--f001198.jpg,20230831_141252,mauritius,original,video,False,val,1899.8919759017135
data/processed/mauritius/video/not_augmented/cull2_random_bg/head/224/occ/raw/centre/20230831_141252/m--20230831_141252--f001200.jpg,20230831_141252,mauritius,original,video,False,val,1831.414916407511
data/processed/mauritius/video/not_augmented/cull2_random_bg/head/224/occ/raw/centre/20230831_141252/m--20230831_141252--f001202.jpg,20230831_141252,mauritius,original,video,False,val,1517.2304873893481
data/processed/mauritius/video/not_augmented/cull2_random_bg/head/224/occ/raw/centre/20230831_141252/m--20230831_141252--f001204.jpg,20230831_141252,mauritius,original,video,False,val,1502.1153577095963
data/processed/mauritius/video/not_augmented/cull2_random_bg/head/224/occ/raw/centre/20230831_141252/m--20230831_141252--f001206.jpg,20230831_141252,mauritius,original,video,False,val,1193.919878354722
data/processed/mauritius/video/not_augmented/cull2_random_bg/head/224/occ/raw/centre/20230831_141252/m--20230831_141252--f001214.jpg,20230831_141252,mauritius,original,video,False,val,1158.8187322267042
data/processed/mauritius/video/not_augmented/cull2_random_bg/head/224/occ/raw/centre/20230831_141252/m--20230831_141252--f001216.jpg,20230831_141252,mauritius,original,video,False,val,1965.0531673371818
data/processed/mauritius/video/not_augmented/cull2_random_bg/head/224/occ/raw/centre/20230831_141252/m--20230831_141252--f001218.jpg,20230831_141252,mauritius,original,video,False,val,1082.3602456073372
data/processed/mauritius/video/not_augmented/cull2_random_bg/head/224/occ/raw/centre/20230831_141252/m--20230831_141252--f001220.jpg,20230831_141252,mauritius,original,video,False,val,1566.8737442762542
data/processed/mauritius/video/not_augmented/cull2_random_bg/head/224/occ/raw/centre/20230831_141252/m--20230831_141252--f001222.jpg,20230831_141252,mauritius,original,video,False,val,992.8233460371121
data/processed/mauritius/video/not_augmented/cull2_random_bg/head/224/occ/raw/centre/20230831_141252/m--20230831_141252--f001224.jpg,20230831_141252,mauritius,original,video,False,val,701.239024842694
data/processed/mauritius/video/not_augmented/cull2_random_bg/head/224/occ/raw/centre/20230831_141252/m--20230831_141252--f001326.jpg,20230831_141252,mauritius,original,video,False,val,1225.1079404287564
data/processed/mauritius/video/not_augmented/cull2_random_bg/head/224/occ/raw/centre/20230831_141252/m--20230831_141252--f001328.jpg,20230831_141252,mauritius,original,video,False,val,1214.0284996811224
data/processed/mauritius/video/not_augmented/cull2_random_bg/head/224/occ/raw/centre/20230831_141252/m--20230831_141252--f001330.jpg,20230831_141252,mauritius,original,video,False,val,1705.6597030429925
data/processed/mauritius/video/not_augmented/cull2_random_bg/head/224/occ/raw/centre/20230831_141252/m--20230831_141252--f001332.jpg,20230831_141252,mauritius,original,video,False,val,905.292423773785
data/processed/mauritius/video/not_augmented/cull2_random_bg/head/224/occ/raw/centre/20230831_142118/m--20230831_142118--f000142.jpg,20230831_142118,mauritius,original,video,False,train,706.6302267385989
data/processed/mauritius/video/not_augmented/cull2_random_bg/head/224/occ/raw/centre/20230831_142118/m--20230831_142118--f000148.jpg,20230831_142118,mauritius,original,video,False,train,117.7846349944973
data/processed/mauritius/video/not_augmented/cull2_random_bg/head/224/occ/raw/centre/20230831_142118/m--20230831_142118--f000150.jpg,20230831_142118,mauritius,original,video,False,train,156.2083814971301
data/processed/mauritius/video/not_augmented/cull2_random_bg/head/224/occ/raw/centre/20230831_142118/m--20230831_142118--f000152.jpg,20230831_142118,mauritius,original,video,False,train,181.28909431999298
data/processed/mauritius/video/not_augmented/cull2_random_bg/head/224/occ/raw/centre/20230831_142118/m--20230831_142118--f000154.jpg,20230831_142118,mauritius,original,video,False,train,396.30690311303204
data/processed/mauritius/video/not_augmented/cull2_random_bg/head/224/occ/raw/centre/20230831_142118/m--20230831_142118--f000156.jpg,20230831_142118,mauritius,original,video,False,train,546.8235245465935
data/processed/mauritius/video/not_augmented/cull2_random_bg/head/224/occ/raw/centre/20230831_142118/m--20230831_142118--f000158.jpg,20230831_142118,mauritius,original,video,False,train,805.6455631391151
data/processed/mauritius/video/not_augmented/cull2_random_bg/head/224/occ/raw/centre/20230831_142118/m--20230831_142118--f000160.jpg,20230831_142118,mauritius,original,video,False,train,992.8079478980006
data/processed/mauritius/video/not_augmented/cull2_random_bg/head/224/occ/raw/centre/20230831_142118/m--20230831_142118--f000162.jpg,20230831_142118,mauritius,original,video,False,train,2516.908443071206
data/processed/mauritius/video/not_augmented/cull2_random_bg/head/224/occ/raw/centre/20230831_142118/m--20230831_142118--f000164.jpg,20230831_142118,mauritius,original,video,False,train,1050.4319610401076
data/processed/mauritius/video/not_augmented/cull2_random_bg/head/224/occ/raw/centre/20230831_142118/m--20230831_142118--f000170.jpg,20230831_142118,mauritius,original,video,False,train,579.9610569202022
data/processed/mauritius/video/not_augmented/cull2_random_bg/head/224/occ/raw/centre/20230831_142118/m--20230831_142118--f000188.jpg,20230831_142118,mauritius,original,video,False,train,3703.765387632409
data/processed/mauritius/video/not_augmented/cull2_random_bg/head/224/occ/raw/centre/20230831_142118/m--20230831_142118--f000190.jpg,20230831_142118,mauritius,original,video,False,train,3667.7049370109917
data/processed/mauritius/video/not_augmented/cull2_random_bg/head/224/occ/raw/centre/20230831_142118/m--20230831_142118--f000196.jpg,20230831_142118,mauritius,original,video,False,train,2350.031696093971
data/processed/mauritius/video/not_augmented/cull2_random_bg/head/224/occ/raw/centre/20230831_142118/m--20230831_142118--f000198.jpg,20230831_142118,mauritius,original,video,False,train,849.6547256654027
data/processed/mauritius/video/not_augmented/cull2_random_bg/head/224/occ/raw/centre/20230831_142118/m--20230831_142118--f000200.jpg,20230831_142118,mauritius,original,video,False,train,633.945714082285
data/processed/mauritius/video/not_augmented/cull2_random_bg/head/224/occ/raw/centre/20230831_142118/m--20230831_142118--f000202.jpg,20230831_142118,mauritius,original,video,False,train,584.1599522546549
data/processed/mauritius/video/not_augmented/cull2_random_bg/head/224/occ/raw/centre/20230831_142118/m--20230831_142118--f000480.jpg,20230831_142118,mauritius,original,video,False,train,1000.5236093806307
data/processed/mauritius/video/not_augmented/cull2_random_bg/head/224/occ/raw/centre/20230831_142118/m--20230831_142118--f000824.jpg,20230831_142118,mauritius,original,video,False,train,3922.151545310506
data/processed/mauritius/video/not_augmented/cull2_random_bg/head/224/occ/raw/centre/20230831_142118/m--20230831_142118--f000828.jpg,20230831_142118,mauritius,original,video,False,train,2613.1578824108014
data/processed/mauritius/video/not_augmented/cull2_random_bg/head/224/occ/raw/centre/20230831_142118/m--20230831_142118--f000832.jpg,20230831_142118,mauritius,original,video,False,train,4173.77387633437
data/processed/mauritius/video/not_augmented/cull2_random_bg/head/224/occ/raw/centre/20230831_142118/m--20230831_142118--f000834.jpg,20230831_142118,mauritius,original,video,False,train,3627.8910459671747
data/processed/mauritius/video/not_augmented/cull2_random_bg/head/224/occ/raw/centre/20230831_142118/m--20230831_142118--f000836.jpg,20230831_142118,mauritius,original,video,False,train,3356.247468267168
data/processed/mauritius/video/not_augmented/cull2_random_bg/head/224/occ/raw/centre/20230831_142118/m--20230831_142118--f000838.jpg,20230831_142118,mauritius,original,video,False,train,2587.764814064633
data/processed/mauritius/video/not_augmented/cull2_random_bg/head/224/occ/raw/centre/20230831_142118/m--20230831_142118--f000840.jpg,20230831_142118,mauritius,original,video,False,train,2639.707869801805
data/processed/mauritius/video/not_augmented/cull2_random_bg/head/224/occ/raw/centre/20230831_142118/m--20230831_142118--f000842.jpg,20230831_142118,mauritius,original,video,False,train,2523.9401112575924
data/processed/mauritius/video/not_augmented/cull2_random_bg/head/224/occ/raw/centre/20230831_142118/m--20230831_142118--f000844.jpg,20230831_142118,mauritius,original,video,False,train,2942.560088844013
data/processed/mauritius/video/not_augmented/cull2_random_bg/head/224/occ/raw/centre/20230831_142118/m--20230831_142118--f000846.jpg,20230831_142118,mauritius,original,video,False,train,2974.780166645042
data/processed/mauritius/video/not_augmented/cull2_random_bg/head/224/occ/raw/centre/20230831_142118/m--20230831_142118--f000848.jpg,20230831_142118,mauritius,original,video,False,train,3048.3716803951497
data/processed/mauritius/video/not_augmented/cull2_random_bg/head/224/occ/raw/centre/20230831_142118/m--20230831_142118--f000850.jpg,20230831_142118,mauritius,original,video,False,train,4205.730720205438
data/processed/mauritius/video/not_augmented/cull2_random_bg/head/224/occ/raw/centre/20230831_142118/m--20230831_142118--f000852.jpg,20230831_142118,mauritius,original,video,False,train,3202.0131083448346
data/processed/mauritius/video/not_augmented/cull2_random_bg/head/224/occ/raw/centre/20230831_142118/m--20230831_142118--f000854.jpg,20230831_142118,mauritius,original,video,False,train,3420.9160831960617
data/processed/mauritius/video/not_augmented/cull2_random_bg/head/224/occ/raw/centre/20230831_142118/m--20230831_142118--f000856.jpg,20230831_142118,mauritius,original,video,False,train,3339.7607580230224
data/processed/mauritius/video/not_augmented/cull2_random_bg/head/224/occ/raw/centre/20230831_142118/m--20230831_142118--f000858.jpg,20230831_142118,mauritius,original,video,False,train,1721.450735998174
data/processed/mauritius/video/not_augmented/cull2_random_bg/head/224/occ/raw/centre/20230831_142118/m--20230831_142118--f000860.jpg,20230831_142118,mauritius,original,video,False,train,1203.6096227436155
data/processed/mauritius/video/not_augmented/cull2_random_bg/head/224/occ/raw/centre/20230831_142118/m--20230831_142118--f000862.jpg,20230831_142118,mauritius,original,video,False,train,3889.3132332190535
data/processed/mauritius/video/not_augmented/cull2_random_bg/head/224/occ/raw/centre/20230831_142118/m--20230831_142118--f000864.jpg,20230831_142118,mauritius,original,video,False,train,3013.178485404447
data/processed/mauritius/video/not_augmented/cull2_random_bg/head/224/occ/raw/centre/20230831_142118/m--20230831_142118--f000866.jpg,20230831_142118,mauritius,original,video,False,train,2440.9977398113324
data/processed/mauritius/video/not_augmented/cull2_random_bg/head/224/occ/raw/centre/20230831_142118/m--20230831_142118--f000868.jpg,20230831_142118,mauritius,original,video,False,train,3493.116104583152
data/processed/mauritius/video/not_augmented/cull2_random_bg/head/224/occ/raw/centre/20230831_142118/m--20230831_142118--f000870.jpg,20230831_142118,mauritius,original,video,False,train,3272.7774034724143
data/processed/mauritius/video/not_augmented/cull2_random_bg/head/224/occ/raw/centre/20230831_142118/m--20230831_142118--f000872.jpg,20230831_142118,mauritius,original,video,False,train,2247.8033728402934
data/processed/mauritius/video/not_augmented/cull2_random_bg/head/224/occ/raw/centre/20230831_142118/m--20230831_142118--f000874.jpg,20230831_142118,mauritius,original,video,False,train,2411.136953001964
data/processed/mauritius/video/not_augmented/cull2_random_bg/head/224/occ/raw/centre/20230831_142118/m--20230831_142118--f000876.jpg,20230831_142118,mauritius,original,video,False,train,2116.718368835322
data/processed/mauritius/video/not_augmented/cull2_random_bg/head/224/occ/raw/centre/20230831_142118/m--20230831_142118--f000878.jpg,20230831_142118,mauritius,original,video,False,train,1630.430012360556
data/processed/mauritius/video/not_augmented/cull2_random_bg/head/224/occ/raw/centre/20230831_142118/m--20230831_142118--f000880.jpg,20230831_142118,mauritius,original,video,False,train,1178.827715659231
data/processed/mauritius/video/not_augmented/cull2_random_bg/head/224/occ/raw/centre/20230831_142118/m--20230831_142118--f000882.jpg,20230831_142118,mauritius,original,video,False,train,1455.7762706646172
data/processed/mauritius/video/not_augmented/cull2_random_bg/head/224/occ/raw/centre/20230831_142118/m--20230831_142118--f000884.jpg,20230831_142118,mauritius,original,video,False,train,346.5483154763981
data/processed/mauritius/video/not_augmented/cull2_random_bg/head/224/occ/raw/centre/20230831_142118/m--20230831_142118--f000886.jpg,20230831_142118,mauritius,original,video,False,train,401.38807061770126
data/processed/mauritius/video/not_augmented/cull2_random_bg/head/224/occ/raw/centre/20230831_142118/m--20230831_142118--f000888.jpg,20230831_142118,mauritius,original,video,False,train,1392.779465166145
data/processed/mauritius/video/not_augmented/cull2_random_bg/head/224/occ/raw/centre/20230831_142118/m--20230831_142118--f000944.jpg,20230831_142118,mauritius,original,video,False,train,2401.9508294054294
data/processed/mauritius/video/not_augmented/cull2_random_bg/head/224/occ/raw/centre/20230831_142118/m--20230831_142118--f000946.jpg,20230831_142118,mauritius,original,video,False,train,3748.489275063241
data/processed/mauritius/video/not_augmented/cull2_random_bg/head/224/occ/raw/centre/20230831_142118/m--20230831_142118--f000948.jpg,20230831_142118,mauritius,original,video,False,train,2999.9621076651383
data/processed/mauritius/video/not_augmented/cull2_random_bg/head/224/occ/raw/centre/20230831_142118/m--20230831_142118--f000952.jpg,20230831_142118,mauritius,original,video,False,train,2522.5737461751824
data/processed/mauritius/video/not_augmented/cull2_random_bg/head/224/occ/raw/centre/20230831_142118/m--20230831_142118--f000954.jpg,20230831_142118,mauritius,original,video,False,train,2900.938398777868
data/processed/mauritius/video/not_augmented/cull2_random_bg/head/224/occ/raw/centre/20230831_142118/m--20230831_142118--f000958.jpg,20230831_142118,mauritius,original,video,False,train,2332.2454104155413
data/processed/mauritius/video/not_augmented/cull2_random_bg/head/224/occ/raw/centre/20230831_142118/m--20230831_142118--f000962.jpg,20230831_142118,mauritius,original,video,False,train,2382.727401507392
data/processed/mauritius/video/not_augmented/cull2_random_bg/head/224/occ/raw/centre/20230831_142118/m--20230831_142118--f001026.jpg,20230831_142118,mauritius,original,video,False,train,547.0922749990824
data/processed/mauritius/video/not_augmented/cull2_random_bg/head/224/occ/raw/centre/20230831_142118/m--20230831_142118--f001030.jpg,20230831_142118,mauritius,original,video,False,train,493.53368564170387
data/processed/mauritius/video/not_augmented/cull2_random_bg/head/224/occ/raw/centre/20230831_142118/m--20230831_142118--f001032.jpg,20230831_142118,mauritius,original,video,False,train,1168.6559891798058
data/processed/mauritius/video/not_augmented/cull2_random_bg/head/224/occ/raw/centre/20230831_142118/m--20230831_142118--f001034.jpg,20230831_142118,mauritius,original,video,False,train,823.788086642925
data/processed/mauritius/video/not_augmented/cull2_random_bg/head/224/occ/raw/centre/20230831_142118/m--20230831_142118--f001036.jpg,20230831_142118,mauritius,original,video,False,train,1542.9459548673747
data/processed/mauritius/video/not_augmented/cull2_random_bg/head/224/occ/raw/centre/20230831_142118/m--20230831_142118--f001038.jpg,20230831_142118,mauritius,original,video,False,train,1834.1122599307425
data/processed/mauritius/video/not_augmented/cull2_random_bg/head/224/occ/raw/centre/20230831_142118/m--20230831_142118--f001040.jpg,20230831_142118,mauritius,original,video,False,train,2263.809578287855
data/processed/mauritius/video/not_augmented/cull2_random_bg/head/224/occ/raw/centre/20230831_143044/m--20230831_143044--f000210.jpg,20230831_143044,mauritius,original,video,False,train,595.8095492244213
data/processed/mauritius/video/not_augmented/cull2_random_bg/head/224/occ/raw/centre/20230831_143044/m--20230831_143044--f000212.jpg,20230831_143044,mauritius,original,video,False,train,1040.1185588971716
data/processed/mauritius/video/not_augmented/cull2_random_bg/head/224/occ/raw/centre/20230831_143044/m--20230831_143044--f000214.jpg,20230831_143044,mauritius,original,video,False,train,4158.220041078808
data/processed/mauritius/video/not_augmented/cull2_random_bg/head/224/occ/raw/centre/20230831_143044/m--20230831_143044--f000216.jpg,20230831_143044,mauritius,original,video,False,train,3348.2892695609253
data/processed/mauritius/video/not_augmented/cull2_random_bg/head/224/occ/raw/centre/20230831_143044/m--20230831_143044--f000218.jpg,20230831_143044,mauritius,original,video,False,train,2931.2010660862634
data/processed/mauritius/video/not_augmented/cull2_random_bg/head/224/occ/raw/centre/20230831_143044/m--20230831_143044--f000220.jpg,20230831_143044,mauritius,original,video,False,train,2468.363133820927
data/processed/mauritius/video/not_augmented/cull2_random_bg/head/224/occ/raw/centre/20230831_143044/m--20230831_143044--f000222.jpg,20230831_143044,mauritius,original,video,False,train,3821.1537829438425
data/processed/mauritius/video/not_augmented/cull2_random_bg/head/224/occ/raw/centre/20230831_143044/m--20230831_143044--f000224.jpg,20230831_143044,mauritius,original,video,False,train,3363.247504231136
data/processed/mauritius/video/not_augmented/cull2_random_bg/head/224/occ/raw/centre/20230831_143044/m--20230831_143044--f000226.jpg,20230831_143044,mauritius,original,video,False,train,2400.280525990795
data/processed/mauritius/video/not_augmented/cull2_random_bg/head/224/occ/raw/centre/20230831_143044/m--20230831_143044--f000228.jpg,20230831_143044,mauritius,original,video,False,train,1284.400724713279
data/processed/mauritius/video/not_augmented/cull2_random_bg/head/224/occ/raw/centre/20230831_143044/m--20230831_143044--f000288.jpg,20230831_143044,mauritius,original,video,False,train,2204.8341038523986
data/processed/mauritius/video/not_augmented/cull2_random_bg/head/224/occ/raw/centre/20230831_143044/m--20230831_143044--f001070.jpg,20230831_143044,mauritius,original,video,False,train,412.0333936263104
data/processed/mauritius/video/not_augmented/cull2_random_bg/head/224/occ/raw/centre/20230831_143044/m--20230831_143044--f001072.jpg,20230831_143044,mauritius,original,video,False,train,505.1536570608194
data/processed/mauritius/video/not_augmented/cull2_random_bg/head/224/occ/raw/centre/20230831_143044/m--20230831_143044--f001074.jpg,20230831_143044,mauritius,original,video,False,train,3448.655392456928
data/processed/mauritius/video/not_augmented/cull2_random_bg/head/224/occ/raw/centre/20230831_143044/m--20230831_143044--f001076.jpg,20230831_143044,mauritius,original,video,False,train,3310.0072950035865
data/processed/mauritius/video/not_augmented/cull2_random_bg/head/224/occ/raw/centre/20230831_143044/m--20230831_143044--f001078.jpg,20230831_143044,mauritius,original,video,False,train,2370.0162157676755
data/processed/mauritius/video/not_augmented/cull2_random_bg/head/224/occ/raw/centre/20230831_143044/m--20230831_143044--f001374.jpg,20230831_143044,mauritius,original,video,False,train,1956.3170390226403
data/processed/mauritius/video/not_augmented/cull2_random_bg/head/224/occ/raw/centre/20230831_143044/m--20230831_143044--f001376.jpg,20230831_143044,mauritius,original,video,False,train,1870.211020456955
data/processed/mauritius/video/not_augmented/cull2_random_bg/head/224/occ/raw/centre/20230831_143044/m--20230831_143044--f001378.jpg,20230831_143044,mauritius,original,video,False,train,3030.696740734334
data/processed/mauritius/video/not_augmented/cull2_random_bg/head/224/occ/raw/centre/20230831_143044/m--20230831_143044--f001380.jpg,20230831_143044,mauritius,original,video,False,train,2480.6647389565646
data/processed/mauritius/video/not_augmented/cull2_random_bg/head/224/occ/raw/centre/20230831_143044/m--20230831_143044--f001382.jpg,20230831_143044,mauritius,original,video,False,train,2305.88806387128
data/processed/mauritius/video/not_augmented/cull2_random_bg/head/224/occ/raw/centre/20230831_143044/m--20230831_143044--f001384.jpg,20230831_143044,mauritius,original,video,False,train,2755.130400631041
data/processed/mauritius/video/not_augmented/cull2_random_bg/head/224/occ/raw/centre/20230831_143044/m--20230831_143044--f001386.jpg,20230831_143044,mauritius,original,video,False,train,1727.5777525574106
data/processed/mauritius/video/not_augmented/cull2_random_bg/head/224/occ/raw/centre/20230831_143044/m--20230831_143044--f001388.jpg,20230831_143044,mauritius,original,video,False,train,2204.3855332784087
data/processed/mauritius/video/not_augmented/cull2_random_bg/head/224/occ/raw/centre/20230831_143044/m--20230831_143044--f001390.jpg,20230831_143044,mauritius,original,video,False,train,2650.8561978254756
data/processed/mauritius/video/not_augmented/cull2_random_bg/head/224/occ/raw/centre/20230831_143044/m--20230831_143044--f001392.jpg,20230831_143044,mauritius,original,video,False,train,2918.2789673870775
data/processed/mauritius/video/not_augmented/cull2_random_bg/head/224/occ/raw/centre/20230831_143044/m--20230831_143044--f001394.jpg,20230831_143044,mauritius,original,video,False,train,1434.1593949438284
data/processed/mauritius/video/not_augmented/cull2_random_bg/head/224/occ/raw/centre/20230831_143044/m--20230831_143044--f001396.jpg,20230831_143044,mauritius,original,video,False,train,2625.6581681699167
data/processed/mauritius/video/not_augmented/cull2_random_bg/head/224/occ/raw/centre/20230831_143044/m--20230831_143044--f001398.jpg,20230831_143044,mauritius,original,video,False,train,1870.0419840131487
data/processed/mauritius/video/not_augmented/cull2_random_bg/head/224/occ/raw/centre/20230831_143044/m--20230831_143044--f001400.jpg,20230831_143044,mauritius,original,video,False,train,1824.604071824067
data/processed/mauritius/video/not_augmented/cull2_random_bg/head/224/occ/raw/centre/20230831_143044/m--20230831_143044--f001406.jpg,20230831_143044,mauritius,original,video,False,train,1385.0565700681939
data/processed/mauritius/video/not_augmented/cull2_random_bg/head/224/occ/raw/centre/20230831_143044/m--20230831_143044--f001408.jpg,20230831_143044,mauritius,original,video,False,train,674.6758294250507
data/processed/mauritius/video/not_augmented/cull2_random_bg/head/224/occ/raw/centre/20230831_155428/m--20230831_155428--f000152.jpg,20230831_155428,mauritius,original,video,False,train,295.3281582614274
data/processed/mauritius/video/not_augmented/cull2_random_bg/head/224/occ/raw/centre/20230831_155428/m--20230831_155428--f000154.jpg,20230831_155428,mauritius,original,video,False,train,145.2026659891239
data/processed/mauritius/video/not_augmented/cull2_random_bg/head/224/occ/raw/centre/20230831_155428/m--20230831_155428--f000164.jpg,20230831_155428,mauritius,original,video,False,train,769.1088575214608
data/processed/mauritius/video/not_augmented/cull2_random_bg/head/224/occ/raw/centre/20230831_155428/m--20230831_155428--f000166.jpg,20230831_155428,mauritius,original,video,False,train,1214.1358582839425
data/processed/mauritius/video/not_augmented/cull2_random_bg/head/224/occ/raw/centre/20230831_155428/m--20230831_155428--f000170.jpg,20230831_155428,mauritius,original,video,False,train,1333.8980876091669
data/processed/mauritius/video/not_augmented/cull2_random_bg/head/224/occ/raw/centre/20230831_155428/m--20230831_155428--f000180.jpg,20230831_155428,mauritius,original,video,False,train,1750.11709582612
data/processed/mauritius/video/not_augmented/cull2_random_bg/head/224/occ/raw/centre/20230831_155428/m--20230831_155428--f000182.jpg,20230831_155428,mauritius,original,video,False,train,1484.2574761643702
data/processed/mauritius/video/not_augmented/cull2_random_bg/head/224/occ/raw/centre/20230831_155428/m--20230831_155428--f000184.jpg,20230831_155428,mauritius,original,video,False,train,2167.086388965688
data/processed/mauritius/video/not_augmented/cull2_random_bg/head/224/occ/raw/centre/20230831_155428/m--20230831_155428--f000186.jpg,20230831_155428,mauritius,original,video,False,train,680.7436115037694
data/processed/mauritius/video/not_augmented/cull2_random_bg/head/224/occ/raw/centre/20230831_155428/m--20230831_155428--f000190.jpg,20230831_155428,mauritius,original,video,False,train,1261.408820918082
data/processed/mauritius/video/not_augmented/cull2_random_bg/head/224/occ/raw/centre/20230831_155428/m--20230831_155428--f000192.jpg,20230831_155428,mauritius,original,video,False,train,984.6127043378099
data/processed/mauritius/video/not_augmented/cull2_random_bg/head/224/occ/raw/centre/20230831_155428/m--20230831_155428--f000194.jpg,20230831_155428,mauritius,original,video,False,train,1402.1745687001746
data/processed/mauritius/video/not_augmented/cull2_random_bg/head/224/occ/raw/centre/20230831_155428/m--20230831_155428--f001002.jpg,20230831_155428,mauritius,original,video,False,train,130.33973382443796
data/processed/mauritius/video/not_augmented/cull2_random_bg/head/224/occ/raw/centre/20230831_155428/m--20230831_155428--f001004.jpg,20230831_155428,mauritius,original,video,False,train,400.8321896957785
data/processed/mauritius/video/not_augmented/cull2_random_bg/head/224/occ/raw/centre/20230831_155428/m--20230831_155428--f001008.jpg,20230831_155428,mauritius,original,video,False,train,391.2138464171805
data/processed/mauritius/video/not_augmented/cull2_random_bg/head/224/occ/raw/centre/20230831_155428/m--20230831_155428--f001016.jpg,20230831_155428,mauritius,original,video,False,train,278.4289410200679
data/processed/mauritius/video/not_augmented/cull2_random_bg/head/224/occ/raw/centre/20230831_155428/m--20230831_155428--f001018.jpg,20230831_155428,mauritius,original,video,False,train,130.6855075455665
data/processed/mauritius/video/not_augmented/cull2_random_bg/head/224/occ/raw/centre/20230831_155428/m--20230831_155428--f001020.jpg,20230831_155428,mauritius,original,video,False,train,1404.7789687184877
data/processed/mauritius/video/not_augmented/cull2_random_bg/head/224/occ/raw/centre/20230831_155428/m--20230831_155428--f001022.jpg,20230831_155428,mauritius,original,video,False,train,1315.227112844357
data/processed/mauritius/video/not_augmented/cull2_random_bg/head/224/occ/raw/centre/20230831_155428/m--20230831_155428--f001098.jpg,20230831_155428,mauritius,original,video,False,train,400.3529958220533
data/processed/mauritius/video/not_augmented/cull2_random_bg/head/224/occ/raw/centre/20230831_155428/m--20230831_155428--f001102.jpg,20230831_155428,mauritius,original,video,False,train,643.1064806727259
data/processed/mauritius/video/not_augmented/cull2_random_bg/head/224/occ/raw/centre/20230831_155428/m--20230831_155428--f001104.jpg,20230831_155428,mauritius,original,video,False,train,902.2511918788053
data/processed/mauritius/video/not_augmented/cull2_random_bg/head/224/occ/raw/centre/20230831_155428/m--20230831_155428--f001106.jpg,20230831_155428,mauritius,original,video,False,train,261.8214814401775
data/processed/mauritius/video/not_augmented/cull2_random_bg/head/224/occ/raw/centre/20230831_155428/m--20230831_155428--f001110.jpg,20230831_155428,mauritius,original,video,False,train,597.5772541269367
data/processed/mauritius/video/not_augmented/cull2_random_bg/head/224/occ/raw/centre/20230831_155428/m--20230831_155428--f001112.jpg,20230831_155428,mauritius,original,video,False,train,244.07652001180338
data/processed/mauritius/video/not_augmented/cull2_random_bg/head/224/occ/raw/centre/20230831_155428/m--20230831_155428--f001118.jpg,20230831_155428,mauritius,original,video,False,train,695.4998419831961
data/processed/mauritius/video/not_augmented/cull2_random_bg/head/224/occ/raw/centre/20230831_155428/m--20230831_155428--f001142.jpg,20230831_155428,mauritius,original,video,False,train,959.769255898685
data/processed/mauritius/video/not_augmented/cull2_random_bg/head/224/occ/raw/centre/20230831_155428/m--20230831_155428--f001146.jpg,20230831_155428,mauritius,original,video,False,train,626.845378193742
data/processed/mauritius/video/not_augmented/cull2_random_bg/head/224/occ/raw/centre/20230831_155428/m--20230831_155428--f001152.jpg,20230831_155428,mauritius,original,video,False,train,764.0542424939564
data/processed/mauritius/video/not_augmented/cull2_random_bg/head/224/occ/raw/centre/20230831_155428/m--20230831_155428--f001154.jpg,20230831_155428,mauritius,original,video,False,train,929.3732442271954
data/processed/mauritius/video/not_augmented/cull2_random_bg/head/224/occ/raw/centre/20230831_155428/m--20230831_155428--f001156.jpg,20230831_155428,mauritius,original,video,False,train,202.25356985598194
data/processed/mauritius/video/not_augmented/cull2_random_bg/head/224/occ/raw/centre/20230831_155428/m--20230831_155428--f001158.jpg,20230831_155428,mauritius,original,video,False,train,1159.6904057662023
data/processed/mauritius/video/not_augmented/cull2_random_bg/head/224/occ/raw/centre/20230831_155428/m--20230831_155428--f001160.jpg,20230831_155428,mauritius,original,video,False,train,539.4908063313405
data/processed/mauritius/video/not_augmented/cull2_random_bg/head/224/occ/raw/centre/20230831_155428/m--20230831_155428--f001162.jpg,20230831_155428,mauritius,original,video,False,train,285.25433349609375
data/processed/mauritius/video/not_augmented/cull2_random_bg/head/224/occ/raw/centre/20230831_155428/m--20230831_155428--f001166.jpg,20230831_155428,mauritius,original,video,False,train,332.2376161481578
data/processed/mauritius/video/not_augmented/cull2_random_bg/head/224/occ/raw/centre/20230831_160214/m--20230831_160214--f000932.jpg,20230831_160214,mauritius,original,video,False,train,1016.0034195476153
data/processed/mauritius/video/not_augmented/cull2_random_bg/head/224/occ/raw/centre/20230831_160214/m--20230831_160214--f000934.jpg,20230831_160214,mauritius,original,video,False,train,939.3821540107234
data/processed/mauritius/video/not_augmented/cull2_random_bg/head/224/occ/raw/centre/20230831_160214/m--20230831_160214--f000936.jpg,20230831_160214,mauritius,original,video,False,train,1650.3743670172414
data/processed/mauritius/video/not_augmented/cull2_random_bg/head/224/occ/raw/centre/20230831_160214/m--20230831_160214--f000938.jpg,20230831_160214,mauritius,original,video,False,train,1879.0583187768184
data/processed/mauritius/video/not_augmented/cull2_random_bg/head/224/occ/raw/centre/20230831_160214/m--20230831_160214--f000940.jpg,20230831_160214,mauritius,original,video,False,train,1410.5445390119
data/processed/mauritius/video/not_augmented/cull2_random_bg/head/224/occ/raw/centre/20230831_160214/m--20230831_160214--f000942.jpg,20230831_160214,mauritius,original,video,False,train,1709.9193707120166
data/processed/mauritius/video/not_augmented/cull2_random_bg/head/224/occ/raw/centre/20230831_160214/m--20230831_160214--f000944.jpg,20230831_160214,mauritius,original,video,False,train,1843.2706992333253
data/processed/mauritius/video/not_augmented/cull2_random_bg/head/224/occ/raw/centre/20230831_160214/m--20230831_160214--f000946.jpg,20230831_160214,mauritius,original,video,False,train,1842.18262277847
data/processed/mauritius/video/not_augmented/cull2_random_bg/head/224/occ/raw/centre/20230831_160214/m--20230831_160214--f000948.jpg,20230831_160214,mauritius,original,video,False,train,1940.0637340454296
data/processed/mauritius/video/not_augmented/cull2_random_bg/head/224/occ/raw/centre/20230831_160214/m--20230831_160214--f001140.jpg,20230831_160214,mauritius,original,video,False,train,893.7935738962722
data/processed/mauritius/video/not_augmented/cull2_random_bg/head/224/occ/raw/centre/20230831_160214/m--20230831_160214--f001144.jpg,20230831_160214,mauritius,original,video,False,train,1241.5478095102685
data/processed/mauritius/video/not_augmented/cull2_random_bg/head/224/occ/raw/centre/20230831_160214/m--20230831_160214--f001208.jpg,20230831_160214,mauritius,original,video,False,train,276.0396787455955
data/processed/mauritius/video/not_augmented/cull2_random_bg/head/224/occ/raw/centre/20230831_160214/m--20230831_160214--f001210.jpg,20230831_160214,mauritius,original,video,False,train,159.01707152772178
data/processed/mauritius/video/not_augmented/cull2_random_bg/head/224/occ/raw/centre/20230831_160214/m--20230831_160214--f001212.jpg,20230831_160214,mauritius,original,video,False,train,178.96584855770377
data/processed/mauritius/video/not_augmented/cull2_random_bg/head/224/occ/raw/centre/20230831_160214/m--20230831_160214--f001214.jpg,20230831_160214,mauritius,original,video,False,train,308.4032139506056
data/processed/mauritius/video/not_augmented/cull2_random_bg/head/224/occ/raw/centre/20230831_161620/m--20230831_161620--f000152.jpg,20230831_161620,mauritius,original,video,False,train,699.2988085494545
data/processed/mauritius/video/not_augmented/cull2_random_bg/head/224/occ/raw/centre/20230831_161620/m--20230831_161620--f000154.jpg,20230831_161620,mauritius,original,video,False,train,761.102224226844
data/processed/mauritius/video/not_augmented/cull2_random_bg/head/224/occ/raw/centre/20230831_161620/m--20230831_161620--f000158.jpg,20230831_161620,mauritius,original,video,False,train,456.2325582377169
data/processed/mauritius/video/not_augmented/cull2_random_bg/head/224/occ/raw/centre/20230831_161620/m--20230831_161620--f000162.jpg,20230831_161620,mauritius,original,video,False,train,671.4963783604162
data/processed/mauritius/video/not_augmented/cull2_random_bg/head/224/occ/raw/centre/20230831_161620/m--20230831_161620--f000166.jpg,20230831_161620,mauritius,original,video,False,train,195.09706536912262
data/processed/mauritius/video/not_augmented/cull2_random_bg/head/224/occ/raw/centre/20230831_161620/m--20230831_161620--f000168.jpg,20230831_161620,mauritius,original,video,False,train,546.4872085955777
data/processed/mauritius/video/not_augmented/cull2_random_bg/head/224/occ/raw/centre/20230831_161620/m--20230831_161620--f000170.jpg,20230831_161620,mauritius,original,video,False,train,772.119293603337
data/processed/mauritius/video/not_augmented/cull2_random_bg/head/224/occ/raw/centre/20230831_161620/m--20230831_161620--f000172.jpg,20230831_161620,mauritius,original,video,False,train,410.80649799845804
data/processed/mauritius/video/not_augmented/cull2_random_bg/head/224/occ/raw/centre/20230831_161620/m--20230831_161620--f000174.jpg,20230831_161620,mauritius,original,video,False,train,1316.0760286034072
data/processed/mauritius/video/not_augmented/cull2_random_bg/head/224/occ/raw/centre/20230831_161620/m--20230831_161620--f000176.jpg,20230831_161620,mauritius,original,video,False,train,800.3833685302577
data/processed/mauritius/video/not_augmented/cull2_random_bg/head/224/occ/raw/centre/20230831_161620/m--20230831_161620--f000178.jpg,20230831_161620,mauritius,original,video,False,train,582.1450236807858
data/processed/mauritius/video/not_augmented/cull2_random_bg/head/224/occ/raw/centre/20230831_161620/m--20230831_161620--f000180.jpg,20230831_161620,mauritius,original,video,False,train,633.0775511017546
data/processed/mauritius/video/not_augmented/cull2_random_bg/head/224/occ/raw/centre/20230831_161620/m--20230831_161620--f000182.jpg,20230831_161620,mauritius,original,video,False,train,2304.1095867403246
data/processed/mauritius/video/not_augmented/cull2_random_bg/head/224/occ/raw/centre/20230831_161620/m--20230831_161620--f000184.jpg,20230831_161620,mauritius,original,video,False,train,883.4670979036285
data/processed/mauritius/video/not_augmented/cull2_random_bg/head/224/occ/raw/centre/20230831_161620/m--20230831_161620--f000186.jpg,20230831_161620,mauritius,original,video,False,train,1080.3817934717847
data/processed/mauritius/video/not_augmented/cull2_random_bg/head/224/occ/raw/centre/20230831_161620/m--20230831_161620--f000188.jpg,20230831_161620,mauritius,original,video,False,train,2518.85468051653
data/processed/mauritius/video/not_augmented/cull2_random_bg/head/224/occ/raw/centre/20230831_161620/m--20230831_161620--f000190.jpg,20230831_161620,mauritius,original,video,False,train,1475.511936195291
data/processed/mauritius/video/not_augmented/cull2_random_bg/head/224/occ/raw/centre/20230831_161620/m--20230831_161620--f000192.jpg,20230831_161620,mauritius,original,video,False,train,1469.4613687717037
data/processed/mauritius/video/not_augmented/cull2_random_bg/head/224/occ/raw/centre/20230831_161620/m--20230831_161620--f000194.jpg,20230831_161620,mauritius,original,video,False,train,2118.990146851053
data/processed/mauritius/video/not_augmented/cull2_random_bg/head/224/occ/raw/centre/20230831_161620/m--20230831_161620--f000196.jpg,20230831_161620,mauritius,original,video,False,train,1652.1458010087654
data/processed/mauritius/video/not_augmented/cull2_random_bg/head/224/occ/raw/centre/20230831_161620/m--20230831_161620--f000198.jpg,20230831_161620,mauritius,original,video,False,train,1911.089624473623
data/processed/mauritius/video/not_augmented/cull2_random_bg/head/224/occ/raw/centre/20230831_161620/m--20230831_161620--f000200.jpg,20230831_161620,mauritius,original,video,False,train,2301.820890465164
data/processed/mauritius/video/not_augmented/cull2_random_bg/head/224/occ/raw/centre/20230831_161620/m--20230831_161620--f000202.jpg,20230831_161620,mauritius,original,video,False,train,1435.7026427116855
data/processed/mauritius/video/not_augmented/cull2_random_bg/head/224/occ/raw/centre/20230831_161620/m--20230831_161620--f000204.jpg,20230831_161620,mauritius,original,video,False,train,1269.3829471138506
data/processed/mauritius/video/not_augmented/cull2_random_bg/head/224/occ/raw/centre/20230831_161620/m--20230831_161620--f000206.jpg,20230831_161620,mauritius,original,video,False,train,1447.8682007759821
data/processed/mauritius/video/not_augmented/cull2_random_bg/head/224/occ/raw/centre/20230831_161620/m--20230831_161620--f000208.jpg,20230831_161620,mauritius,original,video,False,train,2338.0234689819767
data/processed/mauritius/video/not_augmented/cull2_random_bg/head/224/occ/raw/centre/20230831_161620/m--20230831_161620--f000210.jpg,20230831_161620,mauritius,original,video,False,train,1757.9616126982382
data/processed/mauritius/video/not_augmented/cull2_random_bg/head/224/occ/raw/centre/20230831_161620/m--20230831_161620--f000212.jpg,20230831_161620,mauritius,original,video,False,train,2208.5336598619133
data/processed/mauritius/video/not_augmented/cull2_random_bg/head/224/occ/raw/centre/20230831_161620/m--20230831_161620--f000214.jpg,20230831_161620,mauritius,original,video,False,train,1533.8343003800092
data/processed/mauritius/video/not_augmented/cull2_random_bg/head/224/occ/raw/centre/20230831_161620/m--20230831_161620--f000216.jpg,20230831_161620,mauritius,original,video,False,train,2120.8239087279962
data/processed/mauritius/video/not_augmented/cull2_random_bg/head/224/occ/raw/centre/20230831_161620/m--20230831_161620--f000218.jpg,20230831_161620,mauritius,original,video,False,train,3352.9016420232515
data/processed/mauritius/video/not_augmented/cull2_random_bg/head/224/occ/raw/centre/20230831_161620/m--20230831_161620--f000220.jpg,20230831_161620,mauritius,original,video,False,train,1423.9705745453937
data/processed/mauritius/video/not_augmented/cull2_random_bg/head/224/occ/raw/centre/20230831_161620/m--20230831_161620--f000222.jpg,20230831_161620,mauritius,original,video,False,train,1831.7647263675074
data/processed/mauritius/video/not_augmented/cull2_random_bg/head/224/occ/raw/centre/20230831_161620/m--20230831_161620--f000224.jpg,20230831_161620,mauritius,original,video,False,train,927.7698969680138
data/processed/mauritius/video/not_augmented/cull2_random_bg/head/224/occ/raw/centre/20230831_161620/m--20230831_161620--f000226.jpg,20230831_161620,mauritius,original,video,False,train,474.7855276336575
data/processed/mauritius/video/not_augmented/cull2_random_bg/head/224/occ/raw/centre/20230831_161620/m--20230831_161620--f000228.jpg,20230831_161620,mauritius,original,video,False,train,778.244770419841
data/processed/mauritius/video/not_augmented/cull2_random_bg/head/224/occ/raw/centre/20230831_161620/m--20230831_161620--f000230.jpg,20230831_161620,mauritius,original,video,False,train,171.62295919217354
data/processed/mauritius/video/not_augmented/cull2_random_bg/head/224/occ/raw/centre/20230831_161620/m--20230831_161620--f000232.jpg,20230831_161620,mauritius,original,video,False,train,391.94373909546306
data/processed/mauritius/video/not_augmented/cull2_random_bg/head/224/occ/raw/centre/20230831_161620/m--20230831_161620--f000234.jpg,20230831_161620,mauritius,original,video,False,train,942.259218175428
data/processed/mauritius/video/not_augmented/cull2_random_bg/head/224/occ/raw/centre/20230831_161620/m--20230831_161620--f001140.jpg,20230831_161620,mauritius,original,video,False,train,1844.6120398480514
data/processed/mauritius/video/not_augmented/cull2_random_bg/head/224/occ/raw/centre/20230831_161620/m--20230831_161620--f001142.jpg,20230831_161620,mauritius,original,video,False,train,2502.8402495092273
data/processed/mauritius/video/not_augmented/cull2_random_bg/head/224/occ/raw/centre/20230831_161620/m--20230831_161620--f001144.jpg,20230831_161620,mauritius,original,video,False,train,2237.8922444382893
data/processed/mauritius/video/not_augmented/cull2_random_bg/head/224/occ/raw/centre/20230831_161620/m--20230831_161620--f001146.jpg,20230831_161620,mauritius,original,video,False,train,3022.481684355873
data/processed/mauritius/video/not_augmented/cull2_random_bg/head/224/occ/raw/centre/20230831_161620/m--20230831_161620--f001148.jpg,20230831_161620,mauritius,original,video,False,train,1997.53007231986
data/processed/mauritius/video/not_augmented/cull2_random_bg/head/224/occ/raw/centre/20230831_161620/m--20230831_161620--f001150.jpg,20230831_161620,mauritius,original,video,False,train,1159.0101265420717
data/processed/mauritius/video/not_augmented/cull2_random_bg/head/224/occ/raw/centre/20230831_161620/m--20230831_161620--f001152.jpg,20230831_161620,mauritius,original,video,False,train,4013.257884027559
data/processed/mauritius/video/not_augmented/cull2_random_bg/head/224/occ/raw/centre/20230831_161620/m--20230831_161620--f001154.jpg,20230831_161620,mauritius,original,video,False,train,3469.0538327087215
data/processed/mauritius/video/not_augmented/cull2_random_bg/head/224/occ/raw/centre/20230831_161620/m--20230831_161620--f001156.jpg,20230831_161620,mauritius,original,video,False,train,1779.6830399146631
data/processed/mauritius/video/not_augmented/cull2_random_bg/head/224/occ/raw/centre/20230831_161620/m--20230831_161620--f001158.jpg,20230831_161620,mauritius,original,video,False,train,1891.7565941892033
data/processed/mauritius/video/not_augmented/cull2_random_bg/head/224/occ/raw/centre/20230831_161620/m--20230831_161620--f001160.jpg,20230831_161620,mauritius,original,video,False,train,1579.7547614142477
data/processed/mauritius/video/not_augmented/cull2_random_bg/head/224/occ/raw/centre/20230831_161620/m--20230831_161620--f001162.jpg,20230831_161620,mauritius,original,video,False,train,1687.3423276454
data/processed/mauritius/video/not_augmented/cull2_random_bg/head/224/occ/raw/centre/20230831_161620/m--20230831_161620--f001164.jpg,20230831_161620,mauritius,original,video,False,train,1786.5389882202496
data/processed/mauritius/video/not_augmented/cull2_random_bg/head/224/occ/raw/centre/20230831_161620/m--20230831_161620--f001166.jpg,20230831_161620,mauritius,original,video,False,train,1551.8574645563942
data/processed/mauritius/video/not_augmented/cull2_random_bg/head/224/occ/raw/centre/20230831_161620/m--20230831_161620--f001168.jpg,20230831_161620,mauritius,original,video,False,train,1525.2231889186128
data/processed/mauritius/video/not_augmented/cull2_random_bg/head/224/occ/raw/centre/20230831_161620/m--20230831_161620--f001170.jpg,20230831_161620,mauritius,original,video,False,train,1408.7579782744936
data/processed/mauritius/video/not_augmented/cull2_random_bg/head/224/occ/raw/centre/20230831_161620/m--20230831_161620--f001172.jpg,20230831_161620,mauritius,original,video,False,train,1615.451887619292
data/processed/mauritius/video/not_augmented/cull2_random_bg/head/224/occ/raw/centre/20230831_161620/m--20230831_161620--f001174.jpg,20230831_161620,mauritius,original,video,False,train,2692.2129382503276
data/processed/mauritius/video/not_augmented/cull2_random_bg/head/224/occ/raw/centre/20230831_161620/m--20230831_161620--f001176.jpg,20230831_161620,mauritius,original,video,False,train,2559.8183872802015
data/processed/mauritius/video/not_augmented/cull2_random_bg/head/224/occ/raw/centre/20230831_161620/m--20230831_161620--f001178.jpg,20230831_161620,mauritius,original,video,False,train,3161.452837526178
data/processed/mauritius/video/not_augmented/cull2_random_bg/head/224/occ/raw/centre/20230831_161620/m--20230831_161620--f001180.jpg,20230831_161620,mauritius,original,video,False,train,2663.100559677893
data/processed/mauritius/video/not_augmented/cull2_random_bg/head/224/occ/raw/centre/20230831_161620/m--20230831_161620--f001182.jpg,20230831_161620,mauritius,original,video,False,train,2239.0467629069244
data/processed/mauritius/video/not_augmented/cull2_random_bg/head/224/occ/raw/centre/20230831_161620/m--20230831_161620--f001184.jpg,20230831_161620,mauritius,original,video,False,train,2696.4915910265636
data/processed/mauritius/video/not_augmented/cull2_random_bg/head/224/occ/raw/centre/20230831_161620/m--20230831_161620--f001186.jpg,20230831_161620,mauritius,original,video,False,train,2065.6509592226275
data/processed/mauritius/video/not_augmented/cull2_random_bg/head/224/occ/raw/centre/20230831_161620/m--20230831_161620--f001188.jpg,20230831_161620,mauritius,original,video,False,train,1430.895155814527
data/processed/mauritius/video/not_augmented/cull2_random_bg/head/224/occ/raw/centre/20230831_161620/m--20230831_161620--f001190.jpg,20230831_161620,mauritius,original,video,False,train,576.0527799762025
data/processed/mauritius/video/not_augmented/cull2_random_bg/head/224/occ/raw/centre/20230831_161620/m--20230831_161620--f001192.jpg,20230831_161620,mauritius,original,video,False,train,1661.851627738711
data/processed/mauritius/video/not_augmented/cull2_random_bg/head/224/occ/raw/centre/20230831_161620/m--20230831_161620--f001194.jpg,20230831_161620,mauritius,original,video,False,train,391.85840688830166
data/processed/mauritius/video/not_augmented/cull2_random_bg/head/224/occ/raw/centre/20230831_161620/m--20230831_161620--f001196.jpg,20230831_161620,mauritius,original,video,False,train,1009.7650668054061
data/processed/mauritius/video/not_augmented/cull2_random_bg/head/224/occ/raw/centre/20230831_161620/m--20230831_161620--f001198.jpg,20230831_161620,mauritius,original,video,False,train,1240.7143767204748
data/processed/mauritius/video/not_augmented/cull2_random_bg/head/224/occ/raw/centre/20230831_161620/m--20230831_161620--f001200.jpg,20230831_161620,mauritius,original,video,False,train,2281.2591675119265
data/processed/mauritius/video/not_augmented/cull2_random_bg/head/224/occ/raw/centre/20230831_161620/m--20230831_161620--f001202.jpg,20230831_161620,mauritius,original,video,False,train,1733.718861353889
data/processed/mauritius/video/not_augmented/cull2_random_bg/head/224/occ/raw/centre/20230831_161620/m--20230831_161620--f001204.jpg,20230831_161620,mauritius,original,video,False,train,815.8035594029807
data/processed/mauritius/video/not_augmented/cull2_random_bg/head/224/occ/raw/centre/20230831_161620/m--20230831_161620--f001206.jpg,20230831_161620,mauritius,original,video,False,train,1996.0354367482166
data/processed/mauritius/video/not_augmented/cull2_random_bg/head/224/occ/raw/centre/20230831_161620/m--20230831_161620--f001208.jpg,20230831_161620,mauritius,original,video,False,train,1990.9631182798892
data/processed/mauritius/video/not_augmented/cull2_random_bg/head/224/occ/raw/centre/20230831_161620/m--20230831_161620--f001210.jpg,20230831_161620,mauritius,original,video,False,train,771.3383183985736
data/processed/mauritius/video/not_augmented/cull2_random_bg/head/224/occ/raw/centre/20230831_161620/m--20230831_161620--f001212.jpg,20230831_161620,mauritius,original,video,False,train,2982.567545651297
data/processed/mauritius/video/not_augmented/cull2_random_bg/head/224/occ/raw/centre/20230831_161620/m--20230831_161620--f001214.jpg,20230831_161620,mauritius,original,video,False,train,1007.0302902914394
data/processed/mauritius/video/not_augmented/cull2_random_bg/head/224/occ/raw/centre/20230831_161620/m--20230831_161620--f001216.jpg,20230831_161620,mauritius,original,video,False,train,774.9938648574206
data/processed/mauritius/video/not_augmented/cull2_random_bg/head/224/occ/raw/centre/20230831_161620/m--20230831_161620--f001218.jpg,20230831_161620,mauritius,original,video,False,train,836.3597454927406
data/processed/mauritius/video/not_augmented/cull2_random_bg/head/224/occ/raw/centre/20230831_161620/m--20230831_161620--f001220.jpg,20230831_161620,mauritius,original,video,False,train,1113.4315992384738
data/processed/mauritius/video/not_augmented/cull2_random_bg/head/224/occ/raw/centre/20230831_162051/m--20230831_162051--f000154.jpg,20230831_162051,mauritius,original,video,False,train,947.437687343977
data/processed/mauritius/video/not_augmented/cull2_random_bg/head/224/occ/raw/centre/20230831_162051/m--20230831_162051--f000156.jpg,20230831_162051,mauritius,original,video,False,train,331.14090070323317
data/processed/mauritius/video/not_augmented/cull2_random_bg/head/224/occ/raw/centre/20230831_162051/m--20230831_162051--f000158.jpg,20230831_162051,mauritius,original,video,False,train,330.38776339833214
data/processed/mauritius/video/not_augmented/cull2_random_bg/head/224/occ/raw/centre/20230831_162051/m--20230831_162051--f000160.jpg,20230831_162051,mauritius,original,video,False,train,233.10825862193394
data/processed/mauritius/video/not_augmented/cull2_random_bg/head/224/occ/raw/centre/20230831_162051/m--20230831_162051--f000164.jpg,20230831_162051,mauritius,original,video,False,train,540.4848405293055
data/processed/mauritius/video/not_augmented/cull2_random_bg/head/224/occ/raw/centre/20230831_162051/m--20230831_162051--f000170.jpg,20230831_162051,mauritius,original,video,False,train,1109.9360999282526
data/processed/mauritius/video/not_augmented/cull2_random_bg/head/224/occ/raw/centre/20230831_162051/m--20230831_162051--f000178.jpg,20230831_162051,mauritius,original,video,False,train,906.6765319859172
data/processed/mauritius/video/not_augmented/cull2_random_bg/head/224/occ/raw/centre/20230831_162051/m--20230831_162051--f000180.jpg,20230831_162051,mauritius,original,video,False,train,272.00561004854745
data/processed/mauritius/video/not_augmented/cull2_random_bg/head/224/occ/raw/centre/20230831_162051/m--20230831_162051--f000190.jpg,20230831_162051,mauritius,original,video,False,train,921.2801931743471
data/processed/mauritius/video/not_augmented/cull2_random_bg/head/224/occ/raw/centre/20230831_162051/m--20230831_162051--f000192.jpg,20230831_162051,mauritius,original,video,False,train,1218.2899394132653
data/processed/mauritius/video/not_augmented/cull2_random_bg/head/224/occ/raw/centre/20230831_162051/m--20230831_162051--f000194.jpg,20230831_162051,mauritius,original,video,False,train,689.3043972012998
data/processed/mauritius/video/not_augmented/cull2_random_bg/head/224/occ/raw/centre/20230831_162051/m--20230831_162051--f000198.jpg,20230831_162051,mauritius,original,video,False,train,2457.780511518063
data/processed/mauritius/video/not_augmented/cull2_random_bg/head/224/occ/raw/centre/20230831_162051/m--20230831_162051--f000200.jpg,20230831_162051,mauritius,original,video,False,train,2470.0883597004963
data/processed/mauritius/video/not_augmented/cull2_random_bg/head/224/occ/raw/centre/20230831_162051/m--20230831_162051--f000202.jpg,20230831_162051,mauritius,original,video,False,train,2266.474261247332
data/processed/mauritius/video/not_augmented/cull2_random_bg/head/224/occ/raw/centre/20230831_162051/m--20230831_162051--f000216.jpg,20230831_162051,mauritius,original,video,False,train,1416.626892381785
data/processed/mauritius/video/not_augmented/cull2_random_bg/head/224/occ/raw/centre/20230831_162051/m--20230831_162051--f000220.jpg,20230831_162051,mauritius,original,video,False,train,2227.9039746021936
data/processed/mauritius/video/not_augmented/cull2_random_bg/head/224/occ/raw/centre/20230831_162051/m--20230831_162051--f000228.jpg,20230831_162051,mauritius,original,video,False,train,725.9201661677521
data/processed/mauritius/video/not_augmented/cull2_random_bg/head/224/occ/raw/centre/20230831_162051/m--20230831_162051--f000230.jpg,20230831_162051,mauritius,original,video,False,train,1448.75056087648
data/processed/mauritius/video/not_augmented/cull2_random_bg/head/224/occ/raw/centre/20230831_162051/m--20230831_162051--f000232.jpg,20230831_162051,mauritius,original,video,False,train,3297.3582634979466
data/processed/mauritius/video/not_augmented/cull2_random_bg/head/224/occ/raw/centre/20230831_162051/m--20230831_162051--f000234.jpg,20230831_162051,mauritius,original,video,False,train,1893.970118268834
data/processed/mauritius/video/not_augmented/cull2_random_bg/head/224/occ/raw/centre/20230831_162051/m--20230831_162051--f000236.jpg,20230831_162051,mauritius,original,video,False,train,1538.6879682080141
data/processed/mauritius/video/not_augmented/cull2_random_bg/head/224/occ/raw/centre/20230831_162051/m--20230831_162051--f000956.jpg,20230831_162051,mauritius,original,video,False,train,519.9387066641334
data/processed/mauritius/video/not_augmented/cull2_random_bg/head/224/occ/raw/centre/20230831_162051/m--20230831_162051--f000964.jpg,20230831_162051,mauritius,original,video,False,train,999.3495161254324
data/processed/mauritius/video/not_augmented/cull2_random_bg/head/224/occ/raw/centre/20230831_162051/m--20230831_162051--f000966.jpg,20230831_162051,mauritius,original,video,False,train,1492.898571222139
data/processed/mauritius/video/not_augmented/cull2_random_bg/head/224/occ/raw/centre/20230831_162051/m--20230831_162051--f000968.jpg,20230831_162051,mauritius,original,video,False,train,1393.9099656708386
data/processed/mauritius/video/not_augmented/cull2_random_bg/head/224/occ/raw/centre/20230831_162051/m--20230831_162051--f000970.jpg,20230831_162051,mauritius,original,video,False,train,341.3502920485198
data/processed/mauritius/video/not_augmented/cull2_random_bg/head/224/occ/raw/centre/20230831_162051/m--20230831_162051--f000974.jpg,20230831_162051,mauritius,original,video,False,train,667.4388639488999
data/processed/mauritius/video/not_augmented/cull2_random_bg/head/224/occ/raw/centre/20230831_162051/m--20230831_162051--f001402.jpg,20230831_162051,mauritius,original,video,False,train,285.37356041809363
data/processed/mauritius/video/not_augmented/cull2_random_bg/head/224/occ/raw/centre/20230831_162051/m--20230831_162051--f001404.jpg,20230831_162051,mauritius,original,video,False,train,478.93844106087136
data/processed/mauritius/video/not_augmented/cull2_random_bg/head/224/occ/raw/centre/20230831_162051/m--20230831_162051--f001406.jpg,20230831_162051,mauritius,original,video,False,train,425.3445459482621
data/processed/mauritius/video/not_augmented/cull2_random_bg/head/224/occ/raw/centre/20230831_162051/m--20230831_162051--f001408.jpg,20230831_162051,mauritius,original,video,False,train,987.4925748160957
data/processed/mauritius/video/not_augmented/cull2_random_bg/head/224/occ/raw/centre/20230831_162051/m--20230831_162051--f001410.jpg,20230831_162051,mauritius,original,video,False,train,831.1900609074806
data/processed/mauritius/video/not_augmented/cull2_random_bg/head/224/occ/raw/centre/20230831_162051/m--20230831_162051--f001412.jpg,20230831_162051,mauritius,original,video,False,train,501.4824470923573
data/processed/mauritius/video/not_augmented/cull2_random_bg/head/224/occ/raw/centre/20230831_162051/m--20230831_162051--f001456.jpg,20230831_162051,mauritius,original,video,False,train,1940.6258453661478
data/processed/mauritius/video/not_augmented/cull2_random_bg/head/224/occ/raw/centre/20230831_162051/m--20230831_162051--f001458.jpg,20230831_162051,mauritius,original,video,False,train,1294.6074189373178
data/processed/mauritius/video/not_augmented/cull2_random_bg/head/224/occ/raw/centre/20230831_162051/m--20230831_162051--f001460.jpg,20230831_162051,mauritius,original,video,False,train,2519.806700347414
data/processed/mauritius/video/not_augmented/cull2_random_bg/head/224/occ/raw/centre/20230831_162051/m--20230831_162051--f001462.jpg,20230831_162051,mauritius,original,video,False,train,1789.4243462613001
data/processed/mauritius/video/not_augmented/cull2_random_bg/head/224/occ/raw/centre/20230831_162051/m--20230831_162051--f001464.jpg,20230831_162051,mauritius,original,video,False,train,1000.4529447539653
data/processed/mauritius/video/not_augmented/cull2_random_bg/head/224/occ/raw/centre/20230831_162746/m--20230831_162746--f000178.jpg,20230831_162746,mauritius,original,video,False,val,452.61710898650784
data/processed/mauritius/video/not_augmented/cull2_random_bg/head/224/occ/raw/centre/20230831_162746/m--20230831_162746--f000180.jpg,20230831_162746,mauritius,original,video,False,val,956.7088942061062
data/processed/mauritius/video/not_augmented/cull2_random_bg/head/224/occ/raw/centre/20230831_162746/m--20230831_162746--f000182.jpg,20230831_162746,mauritius,original,video,False,val,864.8399694284662
data/processed/mauritius/video/not_augmented/cull2_random_bg/head/224/occ/raw/centre/20230831_162746/m--20230831_162746--f000184.jpg,20230831_162746,mauritius,original,video,False,val,984.3851848572108
data/processed/mauritius/video/not_augmented/cull2_random_bg/head/224/occ/raw/centre/20230831_162746/m--20230831_162746--f000186.jpg,20230831_162746,mauritius,original,video,False,val,1018.0603889165841
data/processed/mauritius/video/not_augmented/cull2_random_bg/head/224/occ/raw/centre/20230831_162746/m--20230831_162746--f000208.jpg,20230831_162746,mauritius,original,video,False,val,204.10292255595442
data/processed/mauritius/video/not_augmented/cull2_random_bg/head/224/occ/raw/centre/20230831_162746/m--20230831_162746--f000210.jpg,20230831_162746,mauritius,original,video,False,val,1815.6501374723312
data/processed/mauritius/video/not_augmented/cull2_random_bg/head/224/occ/raw/centre/20230831_163217/m--20230831_163217--f000154.jpg,20230831_163217,mauritius,original,video,False,train,662.7593797114133
data/processed/mauritius/video/not_augmented/cull2_random_bg/head/224/occ/raw/centre/20230831_163217/m--20230831_163217--f000156.jpg,20230831_163217,mauritius,original,video,False,train,553.5058984657169
data/processed/mauritius/video/not_augmented/cull2_random_bg/head/224/occ/raw/centre/20230831_163217/m--20230831_163217--f000158.jpg,20230831_163217,mauritius,original,video,False,train,785.5135196394248
data/processed/mauritius/video/not_augmented/cull2_random_bg/head/224/occ/raw/centre/20230831_163217/m--20230831_163217--f000160.jpg,20230831_163217,mauritius,original,video,False,train,1108.6689100122512
data/processed/mauritius/video/not_augmented/cull2_random_bg/head/224/occ/raw/centre/20230831_163217/m--20230831_163217--f000162.jpg,20230831_163217,mauritius,original,video,False,train,986.8077125644643
data/processed/mauritius/video/not_augmented/cull2_random_bg/head/224/occ/raw/centre/20230831_163217/m--20230831_163217--f000164.jpg,20230831_163217,mauritius,original,video,False,train,378.2722215505503
data/processed/mauritius/video/not_augmented/cull2_random_bg/head/224/occ/raw/centre/20230831_163217/m--20230831_163217--f000166.jpg,20230831_163217,mauritius,original,video,False,train,630.3820987810249
data/processed/mauritius/video/not_augmented/cull2_random_bg/head/224/occ/raw/centre/20230831_163217/m--20230831_163217--f000168.jpg,20230831_163217,mauritius,original,video,False,train,468.9791532514096
data/processed/mauritius/video/not_augmented/cull2_random_bg/head/224/occ/raw/centre/20230831_163217/m--20230831_163217--f000170.jpg,20230831_163217,mauritius,original,video,False,train,399.550904066649
data/processed/mauritius/video/not_augmented/cull2_random_bg/head/224/occ/raw/centre/20230831_163217/m--20230831_163217--f000172.jpg,20230831_163217,mauritius,original,video,False,train,168.0516995033191
data/processed/mauritius/video/not_augmented/cull2_random_bg/head/224/occ/raw/centre/20230831_163217/m--20230831_163217--f000226.jpg,20230831_163217,mauritius,original,video,False,train,1469.6130851036999
data/processed/mauritius/video/not_augmented/cull2_random_bg/head/224/occ/raw/centre/20230831_163217/m--20230831_163217--f000228.jpg,20230831_163217,mauritius,original,video,False,train,1027.1984806112428
data/processed/mauritius/video/not_augmented/cull2_random_bg/head/224/occ/raw/centre/20230831_163217/m--20230831_163217--f000230.jpg,20230831_163217,mauritius,original,video,False,train,1486.8952513042962
data/processed/mauritius/video/not_augmented/cull2_random_bg/head/224/occ/raw/centre/20230831_163217/m--20230831_163217--f000232.jpg,20230831_163217,mauritius,original,video,False,train,1245.3646820807944
data/processed/mauritius/video/not_augmented/cull2_random_bg/head/224/occ/raw/centre/20230831_163217/m--20230831_163217--f000234.jpg,20230831_163217,mauritius,original,video,False,train,1117.8141735335878
data/processed/mauritius/video/not_augmented/cull2_random_bg/head/224/occ/raw/centre/20230831_163217/m--20230831_163217--f000236.jpg,20230831_163217,mauritius,original,video,False,train,1614.477683086387
data/processed/mauritius/video/not_augmented/cull2_random_bg/head/224/occ/raw/centre/20230831_163217/m--20230831_163217--f000238.jpg,20230831_163217,mauritius,original,video,False,train,1607.5407963931093
data/processed/mauritius/video/not_augmented/cull2_random_bg/head/224/occ/raw/centre/20230831_163217/m--20230831_163217--f000240.jpg,20230831_163217,mauritius,original,video,False,train,1502.0910102430355
data/processed/mauritius/video/not_augmented/cull2_random_bg/head/224/occ/raw/centre/20230831_163217/m--20230831_163217--f000242.jpg,20230831_163217,mauritius,original,video,False,train,969.1933692632641
data/processed/mauritius/video/not_augmented/cull2_random_bg/head/224/occ/raw/centre/20230831_163217/m--20230831_163217--f000244.jpg,20230831_163217,mauritius,original,video,False,train,1386.3324894930909
data/processed/mauritius/video/not_augmented/cull2_random_bg/head/224/occ/raw/centre/20230831_163217/m--20230831_163217--f000246.jpg,20230831_163217,mauritius,original,video,False,train,2049.821699203227
data/processed/mauritius/video/not_augmented/cull2_random_bg/head/224/occ/raw/centre/20230831_163217/m--20230831_163217--f000248.jpg,20230831_163217,mauritius,original,video,False,train,1199.2714365518673
data/processed/mauritius/video/not_augmented/cull2_random_bg/head/224/occ/raw/centre/20230831_163217/m--20230831_163217--f000250.jpg,20230831_163217,mauritius,original,video,False,train,1830.9261473830866
data/processed/mauritius/video/not_augmented/cull2_random_bg/head/224/occ/raw/centre/20230831_163217/m--20230831_163217--f000252.jpg,20230831_163217,mauritius,original,video,False,train,1147.0604000306041
data/processed/mauritius/video/not_augmented/cull2_random_bg/head/224/occ/raw/centre/20230831_163217/m--20230831_163217--f000254.jpg,20230831_163217,mauritius,original,video,False,train,2104.7984730229186
data/processed/mauritius/video/not_augmented/cull2_random_bg/head/224/occ/raw/centre/20230831_163217/m--20230831_163217--f000256.jpg,20230831_163217,mauritius,original,video,False,train,1014.5919290484612
data/processed/mauritius/video/not_augmented/cull2_random_bg/head/224/occ/raw/centre/20230831_163217/m--20230831_163217--f000258.jpg,20230831_163217,mauritius,original,video,False,train,343.2709372431871
data/processed/mauritius/video/not_augmented/cull2_random_bg/head/224/occ/raw/centre/20230831_163217/m--20230831_163217--f000260.jpg,20230831_163217,mauritius,original,video,False,train,170.43633610543884
data/processed/mauritius/video/not_augmented/cull2_random_bg/head/224/occ/raw/centre/20230831_163217/m--20230831_163217--f000262.jpg,20230831_163217,mauritius,original,video,False,train,558.4830407536263
data/processed/mauritius/video/not_augmented/cull2_random_bg/head/224/occ/raw/centre/20230831_163217/m--20230831_163217--f000264.jpg,20230831_163217,mauritius,original,video,False,train,529.3524206174209
data/processed/mauritius/video/not_augmented/cull2_random_bg/head/224/occ/raw/centre/20230831_163217/m--20230831_163217--f000266.jpg,20230831_163217,mauritius,original,video,False,train,395.17699545654136
data/processed/mauritius/video/not_augmented/cull2_random_bg/head/224/occ/raw/centre/20230831_163217/m--20230831_163217--f000268.jpg,20230831_163217,mauritius,original,video,False,train,90.10823166325706
data/processed/mauritius/video/not_augmented/cull2_random_bg/head/224/occ/raw/centre/20230831_163217/m--20230831_163217--f000270.jpg,20230831_163217,mauritius,original,video,False,train,669.6711542716575
data/processed/mauritius/video/not_augmented/cull2_random_bg/head/224/occ/raw/centre/20230831_163217/m--20230831_163217--f001092.jpg,20230831_163217,mauritius,original,video,False,train,169.472664835452
data/processed/mauritius/video/not_augmented/cull2_random_bg/head/224/occ/raw/centre/20230831_163217/m--20230831_163217--f001136.jpg,20230831_163217,mauritius,original,video,False,train,1551.4361384656715
data/processed/mauritius/video/not_augmented/cull2_random_bg/head/224/occ/raw/centre/20230831_163217/m--20230831_163217--f001140.jpg,20230831_163217,mauritius,original,video,False,train,1191.7745333933324
data/processed/mauritius/video/not_augmented/cull2_random_bg/head/224/occ/raw/centre/20230831_163217/m--20230831_163217--f001142.jpg,20230831_163217,mauritius,original,video,False,train,2428.4847446411463
data/processed/mauritius/video/not_augmented/cull2_random_bg/head/224/occ/raw/centre/20230831_163217/m--20230831_163217--f001144.jpg,20230831_163217,mauritius,original,video,False,train,1181.6175778542693
data/processed/mauritius/video/not_augmented/cull2_random_bg/head/224/occ/raw/centre/20230831_163217/m--20230831_163217--f001146.jpg,20230831_163217,mauritius,original,video,False,train,1891.7029535356337
data/processed/mauritius/video/not_augmented/cull2_random_bg/head/224/occ/raw/centre/20230831_163217/m--20230831_163217--f001148.jpg,20230831_163217,mauritius,original,video,False,train,2322.2252669705795
data/processed/mauritius/video/not_augmented/cull2_random_bg/head/224/occ/raw/centre/20230831_163217/m--20230831_163217--f001150.jpg,20230831_163217,mauritius,original,video,False,train,1188.4494103964346
data/processed/mauritius/video/not_augmented/cull2_random_bg/head/224/occ/raw/centre/20230831_163217/m--20230831_163217--f001152.jpg,20230831_163217,mauritius,original,video,False,train,1068.9605112198938
data/processed/mauritius/video/not_augmented/cull2_random_bg/head/224/occ/raw/centre/20230831_163217/m--20230831_163217--f001154.jpg,20230831_163217,mauritius,original,video,False,train,761.662942918923
data/processed/mauritius/video/not_augmented/cull2_random_bg/head/224/occ/raw/centre/20230831_163217/m--20230831_163217--f001156.jpg,20230831_163217,mauritius,original,video,False,train,1137.3808536235615
data/processed/mauritius/video/not_augmented/cull2_random_bg/head/224/occ/raw/centre/20230831_163217/m--20230831_163217--f001158.jpg,20230831_163217,mauritius,original,video,False,train,2196.094639507645
data/processed/mauritius/video/not_augmented/cull2_random_bg/head/224/occ/raw/centre/20230831_163217/m--20230831_163217--f001160.jpg,20230831_163217,mauritius,original,video,False,train,1977.5797493043715
data/processed/mauritius/video/not_augmented/cull2_random_bg/head/224/occ/raw/centre/20230831_163217/m--20230831_163217--f001162.jpg,20230831_163217,mauritius,original,video,False,train,1870.1992778972701
data/processed/mauritius/video/not_augmented/cull2_random_bg/head/224/occ/raw/centre/20230831_163217/m--20230831_163217--f001164.jpg,20230831_163217,mauritius,original,video,False,train,1862.3239759312528
data/processed/mauritius/video/not_augmented/cull2_random_bg/head/224/occ/raw/centre/20230831_163217/m--20230831_163217--f001166.jpg,20230831_163217,mauritius,original,video,False,train,305.3101338835767
data/processed/mauritius/video/not_augmented/cull2_random_bg/head/224/occ/raw/centre/20230831_163217/m--20230831_163217--f001168.jpg,20230831_163217,mauritius,original,video,False,train,243.79640127052517
data/processed/mauritius/video/not_augmented/cull2_random_bg/head/224/occ/raw/centre/20230831_163217/m--20230831_163217--f001170.jpg,20230831_163217,mauritius,original,video,False,train,261.7354088099685
data/processed/mauritius/video/not_augmented/cull2_random_bg/head/224/occ/raw/centre/20230831_163217/m--20230831_163217--f001172.jpg,20230831_163217,mauritius,original,video,False,train,189.86271939958846
data/processed/mauritius/video/not_augmented/cull2_random_bg/head/224/occ/raw/centre/20230831_163217/m--20230831_163217--f001174.jpg,20230831_163217,mauritius,original,video,False,train,475.75187064706665
data/processed/mauritius/video/not_augmented/cull2_random_bg/head/224/occ/raw/centre/20230831_163217/m--20230831_163217--f001178.jpg,20230831_163217,mauritius,original,video,False,train,746.0507481458632
data/processed/mauritius/video/not_augmented/cull2_random_bg/head/224/occ/raw/centre/20230831_163217/m--20230831_163217--f001180.jpg,20230831_163217,mauritius,original,video,False,train,1653.5866864564666
data/processed/mauritius/video/not_augmented/cull2_random_bg/head/224/occ/raw/centre/20230831_163217/m--20230831_163217--f001182.jpg,20230831_163217,mauritius,original,video,False,train,1541.998092984617
data/processed/mauritius/video/not_augmented/cull2_random_bg/head/224/occ/raw/centre/20230831_163217/m--20230831_163217--f001184.jpg,20230831_163217,mauritius,original,video,False,train,345.09334832357894
data/processed/mauritius/video/not_augmented/cull2_random_bg/head/224/occ/raw/centre/20230831_163217/m--20230831_163217--f001186.jpg,20230831_163217,mauritius,original,video,False,train,163.65807641818594
data/processed/mauritius/video/not_augmented/cull2_random_bg/head/224/occ/raw/centre/20230831_163217/m--20230831_163217--f001188.jpg,20230831_163217,mauritius,original,video,False,train,499.38895083566047
data/processed/mauritius/video/not_augmented/cull2_random_bg/head/224/occ/raw/centre/20230831_163217/m--20230831_163217--f001190.jpg,20230831_163217,mauritius,original,video,False,train,447.4450107496612
data/processed/mauritius/video/not_augmented/cull2_random_bg/head/224/occ/raw/centre/20230831_163217/m--20230831_163217--f001192.jpg,20230831_163217,mauritius,original,video,False,train,1005.3965149557326
data/processed/mauritius/video/not_augmented/cull2_random_bg/head/224/occ/raw/centre/20230831_163217/m--20230831_163217--f001196.jpg,20230831_163217,mauritius,original,video,False,train,227.24491001138682
data/processed/mauritius/video/not_augmented/cull2_random_bg/head/224/occ/raw/centre/20230831_163856/m--20230831_163856--f000188.jpg,20230831_163856,mauritius,original,video,False,train,1253.2751563714476
data/processed/mauritius/video/not_augmented/cull2_random_bg/head/224/occ/raw/centre/20230831_163856/m--20230831_163856--f000192.jpg,20230831_163856,mauritius,original,video,False,train,1737.6931214370316
data/processed/mauritius/video/not_augmented/cull2_random_bg/head/224/occ/raw/centre/20230831_163856/m--20230831_163856--f000194.jpg,20230831_163856,mauritius,original,video,False,train,1021.0158973635857
data/processed/mauritius/video/not_augmented/cull2_random_bg/head/224/occ/raw/centre/20230831_163856/m--20230831_163856--f000196.jpg,20230831_163856,mauritius,original,video,False,train,1128.3891077832054
data/processed/mauritius/video/not_augmented/cull2_random_bg/head/224/occ/raw/centre/20230831_163856/m--20230831_163856--f000198.jpg,20230831_163856,mauritius,original,video,False,train,347.234633420319
data/processed/mauritius/video/not_augmented/cull2_random_bg/head/224/occ/raw/centre/20230831_163856/m--20230831_163856--f000200.jpg,20230831_163856,mauritius,original,video,False,train,287.65405960392826
data/processed/mauritius/video/not_augmented/cull2_random_bg/head/224/occ/raw/centre/20230831_163856/m--20230831_163856--f000202.jpg,20230831_163856,mauritius,original,video,False,train,1726.334559123251
data/processed/mauritius/video/not_augmented/cull2_random_bg/head/224/occ/raw/centre/20230831_163856/m--20230831_163856--f000204.jpg,20230831_163856,mauritius,original,video,False,train,404.6403723144372
data/processed/mauritius/video/not_augmented/cull2_random_bg/head/224/occ/raw/centre/20230831_163856/m--20230831_163856--f000206.jpg,20230831_163856,mauritius,original,video,False,train,1393.2912864176644
data/processed/mauritius/video/not_augmented/cull2_random_bg/head/224/occ/raw/centre/20230831_163856/m--20230831_163856--f000208.jpg,20230831_163856,mauritius,original,video,False,train,1495.2066402903997
data/processed/mauritius/video/not_augmented/cull2_random_bg/head/224/occ/raw/centre/20230831_163856/m--20230831_163856--f000210.jpg,20230831_163856,mauritius,original,video,False,train,1715.0657353907613
data/processed/mauritius/video/not_augmented/cull2_random_bg/head/224/occ/raw/centre/20230831_163856/m--20230831_163856--f000212.jpg,20230831_163856,mauritius,original,video,False,train,1871.1908820679364
data/processed/mauritius/video/not_augmented/cull2_random_bg/head/224/occ/raw/centre/20230831_163856/m--20230831_163856--f000214.jpg,20230831_163856,mauritius,original,video,False,train,810.0611727486943
data/processed/mauritius/video/not_augmented/cull2_random_bg/head/224/occ/raw/centre/20230831_163856/m--20230831_163856--f000216.jpg,20230831_163856,mauritius,original,video,False,train,1964.0543841529222
data/processed/mauritius/video/not_augmented/cull2_random_bg/head/224/occ/raw/centre/20230831_163856/m--20230831_163856--f000218.jpg,20230831_163856,mauritius,original,video,False,train,813.3195845458172
data/processed/mauritius/video/not_augmented/cull2_random_bg/head/224/occ/raw/centre/20230831_163856/m--20230831_163856--f000220.jpg,20230831_163856,mauritius,original,video,False,train,825.6196885524021
data/processed/mauritius/video/not_augmented/cull2_random_bg/head/224/occ/raw/centre/20230831_163856/m--20230831_163856--f000222.jpg,20230831_163856,mauritius,original,video,False,train,1376.0041566949646
data/processed/mauritius/video/not_augmented/cull2_random_bg/head/224/occ/raw/centre/20230831_163856/m--20230831_163856--f000224.jpg,20230831_163856,mauritius,original,video,False,train,797.4828595336603
data/processed/mauritius/video/not_augmented/cull2_random_bg/head/224/occ/raw/centre/20230831_163856/m--20230831_163856--f000226.jpg,20230831_163856,mauritius,original,video,False,train,823.9115102530418
data/processed/mauritius/video/not_augmented/cull2_random_bg/head/224/occ/raw/centre/20230831_163856/m--20230831_163856--f000228.jpg,20230831_163856,mauritius,original,video,False,train,139.38585722540776
data/processed/mauritius/video/not_augmented/cull2_random_bg/head/224/occ/raw/centre/20230831_163856/m--20230831_163856--f000230.jpg,20230831_163856,mauritius,original,video,False,train,256.5103421125845
data/processed/mauritius/video/not_augmented/cull2_random_bg/head/224/occ/raw/centre/20230831_163856/m--20230831_163856--f000232.jpg,20230831_163856,mauritius,original,video,False,train,1096.5000990895815
data/processed/mauritius/video/not_augmented/cull2_random_bg/head/224/occ/raw/centre/20230831_163856/m--20230831_163856--f000234.jpg,20230831_163856,mauritius,original,video,False,train,202.96130540419597
data/processed/mauritius/video/not_augmented/cull2_random_bg/head/224/occ/raw/centre/20230831_163856/m--20230831_163856--f000236.jpg,20230831_163856,mauritius,original,video,False,train,198.39636648480763
data/processed/mauritius/video/not_augmented/cull2_random_bg/head/224/occ/raw/centre/20230831_163856/m--20230831_163856--f000238.jpg,20230831_163856,mauritius,original,video,False,train,285.8231601131206
data/processed/mauritius/video/not_augmented/cull2_random_bg/head/224/occ/raw/centre/20230831_163856/m--20230831_163856--f000240.jpg,20230831_163856,mauritius,original,video,False,train,764.5915971173688
data/processed/mauritius/video/not_augmented/cull2_random_bg/head/224/occ/raw/centre/20230831_163856/m--20230831_163856--f000264.jpg,20230831_163856,mauritius,original,video,False,train,1027.993980671455
data/processed/mauritius/video/not_augmented/cull2_random_bg/head/224/occ/raw/centre/20230831_163856/m--20230831_163856--f000266.jpg,20230831_163856,mauritius,original,video,False,train,885.7845940818294
data/processed/mauritius/video/not_augmented/cull2_random_bg/head/224/occ/raw/centre/20230831_163856/m--20230831_163856--f000268.jpg,20230831_163856,mauritius,original,video,False,train,1123.4030007005285
data/processed/mauritius/video/not_augmented/cull2_random_bg/head/224/occ/raw/centre/20230831_163856/m--20230831_163856--f000270.jpg,20230831_163856,mauritius,original,video,False,train,1799.604669951042
data/processed/mauritius/video/not_augmented/cull2_random_bg/head/224/occ/raw/centre/20230831_163856/m--20230831_163856--f000272.jpg,20230831_163856,mauritius,original,video,False,train,1784.9206801334656
data/processed/mauritius/video/not_augmented/cull2_random_bg/head/224/occ/raw/centre/20230831_163856/m--20230831_163856--f000274.jpg,20230831_163856,mauritius,original,video,False,train,1356.4674141406017
data/processed/mauritius/video/not_augmented/cull2_random_bg/head/224/occ/raw/centre/20230831_163856/m--20230831_163856--f000276.jpg,20230831_163856,mauritius,original,video,False,train,785.0128482419815
data/processed/mauritius/video/not_augmented/cull2_random_bg/head/224/occ/raw/centre/20230831_163856/m--20230831_163856--f000278.jpg,20230831_163856,mauritius,original,video,False,train,566.7973506455617
data/processed/mauritius/video/not_augmented/cull2_random_bg/head/224/occ/raw/centre/20230831_163856/m--20230831_163856--f000280.jpg,20230831_163856,mauritius,original,video,False,train,831.2783146166693
data/processed/mauritius/video/not_augmented/cull2_random_bg/head/224/occ/raw/centre/20230831_163856/m--20230831_163856--f000282.jpg,20230831_163856,mauritius,original,video,False,train,2741.4500490984587
data/processed/mauritius/video/not_augmented/cull2_random_bg/head/224/occ/raw/centre/20230831_163856/m--20230831_163856--f000284.jpg,20230831_163856,mauritius,original,video,False,train,671.6608561269941
data/processed/mauritius/video/not_augmented/cull2_random_bg/head/224/occ/raw/centre/20230831_163856/m--20230831_163856--f001018.jpg,20230831_163856,mauritius,original,video,False,train,784.2789748575925
data/processed/mauritius/video/not_augmented/cull2_random_bg/head/224/occ/raw/centre/20230831_163856/m--20230831_163856--f001020.jpg,20230831_163856,mauritius,original,video,False,train,1080.8970620923121
data/processed/mauritius/video/not_augmented/cull2_random_bg/head/224/occ/raw/centre/20230831_163856/m--20230831_163856--f001036.jpg,20230831_163856,mauritius,original,video,False,train,1442.2611338636468
data/processed/mauritius/video/not_augmented/cull2_random_bg/head/224/occ/raw/centre/20230831_163856/m--20230831_163856--f001038.jpg,20230831_163856,mauritius,original,video,False,train,1155.1733472602461
data/processed/mauritius/video/not_augmented/cull2_random_bg/head/224/occ/raw/centre/20230831_163856/m--20230831_163856--f001040.jpg,20230831_163856,mauritius,original,video,False,train,256.2187235608592
data/processed/mauritius/video/not_augmented/cull2_random_bg/head/224/occ/raw/centre/20230831_163856/m--20230831_163856--f001042.jpg,20230831_163856,mauritius,original,video,False,train,540.1719971588878
data/processed/mauritius/video/not_augmented/cull2_random_bg/head/224/occ/raw/centre/20230831_163856/m--20230831_163856--f001044.jpg,20230831_163856,mauritius,original,video,False,train,251.89350587971154
data/processed/mauritius/video/not_augmented/cull2_random_bg/head/224/occ/raw/centre/20230831_163856/m--20230831_163856--f001092.jpg,20230831_163856,mauritius,original,video,False,train,620.1370556111239
data/processed/mauritius/video/not_augmented/cull2_random_bg/head/224/occ/raw/centre/20230831_163856/m--20230831_163856--f001094.jpg,20230831_163856,mauritius,original,video,False,train,1493.4819434808226
data/processed/mauritius/video/not_augmented/cull2_random_bg/head/224/occ/raw/centre/20230831_163856/m--20230831_163856--f001096.jpg,20230831_163856,mauritius,original,video,False,train,528.6696092600824
data/processed/mauritius/video/not_augmented/cull2_random_bg/head/224/occ/raw/centre/20230831_163856/m--20230831_163856--f001098.jpg,20230831_163856,mauritius,original,video,False,train,1950.6978463610228
data/processed/mauritius/video/not_augmented/cull2_random_bg/head/224/occ/raw/centre/20230831_164728/m--20230831_164728--f000162.jpg,20230831_164728,mauritius,original,video,False,train,608.3587798484411
data/processed/mauritius/video/not_augmented/cull2_random_bg/head/224/occ/raw/centre/20230831_164728/m--20230831_164728--f000164.jpg,20230831_164728,mauritius,original,video,False,train,336.63431429912623
data/processed/mauritius/video/not_augmented/cull2_random_bg/head/224/occ/raw/centre/20230831_164728/m--20230831_164728--f000166.jpg,20230831_164728,mauritius,original,video,False,train,121.94689976002265
data/processed/mauritius/video/not_augmented/cull2_random_bg/head/224/occ/raw/centre/20230831_164728/m--20230831_164728--f000168.jpg,20230831_164728,mauritius,original,video,False,train,229.7273588534049
data/processed/mauritius/video/not_augmented/cull2_random_bg/head/224/occ/raw/centre/20230831_164728/m--20230831_164728--f000170.jpg,20230831_164728,mauritius,original,video,False,train,126.15614811652202
data/processed/mauritius/video/not_augmented/cull2_random_bg/head/224/occ/raw/centre/20230831_164728/m--20230831_164728--f000172.jpg,20230831_164728,mauritius,original,video,False,train,81.91076996821953
data/processed/mauritius/video/not_augmented/cull2_random_bg/head/224/occ/raw/centre/20230831_164728/m--20230831_164728--f000174.jpg,20230831_164728,mauritius,original,video,False,train,145.21857402464687
data/processed/mauritius/video/not_augmented/cull2_random_bg/head/224/occ/raw/centre/20230831_164728/m--20230831_164728--f000176.jpg,20230831_164728,mauritius,original,video,False,train,775.212809796236
data/processed/mauritius/video/not_augmented/cull2_random_bg/head/224/occ/raw/centre/20230831_164728/m--20230831_164728--f000178.jpg,20230831_164728,mauritius,original,video,False,train,186.04762266795368
data/processed/mauritius/video/not_augmented/cull2_random_bg/head/224/occ/raw/centre/20230831_164728/m--20230831_164728--f000180.jpg,20230831_164728,mauritius,original,video,False,train,1030.221037533024
data/processed/mauritius/video/not_augmented/cull2_random_bg/head/224/occ/raw/centre/20230831_164728/m--20230831_164728--f000182.jpg,20230831_164728,mauritius,original,video,False,train,621.0322664122639
data/processed/mauritius/video/not_augmented/cull2_random_bg/head/224/occ/raw/centre/20230831_164728/m--20230831_164728--f000184.jpg,20230831_164728,mauritius,original,video,False,train,156.77543907014592
data/processed/mauritius/video/not_augmented/cull2_random_bg/head/224/occ/raw/centre/20230831_164728/m--20230831_164728--f000186.jpg,20230831_164728,mauritius,original,video,False,train,1180.7031508651885
data/processed/mauritius/video/not_augmented/cull2_random_bg/head/224/occ/raw/centre/20230831_164728/m--20230831_164728--f000188.jpg,20230831_164728,mauritius,original,video,False,train,784.8857368936344
data/processed/mauritius/video/not_augmented/cull2_random_bg/head/224/occ/raw/centre/20230831_164728/m--20230831_164728--f000190.jpg,20230831_164728,mauritius,original,video,False,train,140.95782381095074
data/processed/mauritius/video/not_augmented/cull2_random_bg/head/224/occ/raw/centre/20230831_164728/m--20230831_164728--f000192.jpg,20230831_164728,mauritius,original,video,False,train,123.43337195260186
data/processed/mauritius/video/not_augmented/cull2_random_bg/head/224/occ/raw/centre/20230831_164728/m--20230831_164728--f000194.jpg,20230831_164728,mauritius,original,video,False,train,1252.5630622920964
data/processed/mauritius/video/not_augmented/cull2_random_bg/head/224/occ/raw/centre/20230831_164728/m--20230831_164728--f000196.jpg,20230831_164728,mauritius,original,video,False,train,1837.9293788983794
data/processed/mauritius/video/not_augmented/cull2_random_bg/head/224/occ/raw/centre/20230831_164728/m--20230831_164728--f000198.jpg,20230831_164728,mauritius,original,video,False,train,974.71812140748
data/processed/mauritius/video/not_augmented/cull2_random_bg/head/224/occ/raw/centre/20230831_164728/m--20230831_164728--f000200.jpg,20230831_164728,mauritius,original,video,False,train,1585.5304949119757
data/processed/mauritius/video/not_augmented/cull2_random_bg/head/224/occ/raw/centre/20230831_164728/m--20230831_164728--f000202.jpg,20230831_164728,mauritius,original,video,False,train,1665.5027303890304
data/processed/mauritius/video/not_augmented/cull2_random_bg/head/224/occ/raw/centre/20230831_164728/m--20230831_164728--f000204.jpg,20230831_164728,mauritius,original,video,False,train,1175.2553480717104
data/processed/mauritius/video/not_augmented/cull2_random_bg/head/224/occ/raw/centre/20230831_164728/m--20230831_164728--f000206.jpg,20230831_164728,mauritius,original,video,False,train,1055.6318009009913
data/processed/mauritius/video/not_augmented/cull2_random_bg/head/224/occ/raw/centre/20230831_164728/m--20230831_164728--f000208.jpg,20230831_164728,mauritius,original,video,False,train,954.4134950443189
data/processed/mauritius/video/not_augmented/cull2_random_bg/head/224/occ/raw/centre/20230831_164728/m--20230831_164728--f000210.jpg,20230831_164728,mauritius,original,video,False,train,1677.487404208042
data/processed/mauritius/video/not_augmented/cull2_random_bg/head/224/occ/raw/centre/20230831_164728/m--20230831_164728--f000212.jpg,20230831_164728,mauritius,original,video,False,train,1085.5826530392992
data/processed/mauritius/video/not_augmented/cull2_random_bg/head/224/occ/raw/centre/20230831_164728/m--20230831_164728--f000214.jpg,20230831_164728,mauritius,original,video,False,train,1308.7046482538192
data/processed/mauritius/video/not_augmented/cull2_random_bg/head/224/occ/raw/centre/20230831_164728/m--20230831_164728--f000216.jpg,20230831_164728,mauritius,original,video,False,train,980.5162337687251
data/processed/mauritius/video/not_augmented/cull2_random_bg/head/224/occ/raw/centre/20230831_164728/m--20230831_164728--f000218.jpg,20230831_164728,mauritius,original,video,False,train,885.9487504732704
data/processed/mauritius/video/not_augmented/cull2_random_bg/head/224/occ/raw/centre/20230831_164728/m--20230831_164728--f000220.jpg,20230831_164728,mauritius,original,video,False,train,1104.6133011476738
data/processed/mauritius/video/not_augmented/cull2_random_bg/head/224/occ/raw/centre/20230831_164728/m--20230831_164728--f000222.jpg,20230831_164728,mauritius,original,video,False,train,1173.6261723894518
data/processed/mauritius/video/not_augmented/cull2_random_bg/head/224/occ/raw/centre/20230831_164728/m--20230831_164728--f000224.jpg,20230831_164728,mauritius,original,video,False,train,1765.368425991276
data/processed/mauritius/video/not_augmented/cull2_random_bg/head/224/occ/raw/centre/20230831_164728/m--20230831_164728--f000226.jpg,20230831_164728,mauritius,original,video,False,train,553.7027556623136
data/processed/mauritius/video/not_augmented/cull2_random_bg/head/224/occ/raw/centre/20230831_164728/m--20230831_164728--f000228.jpg,20230831_164728,mauritius,original,video,False,train,607.6859295839868
data/processed/mauritius/video/not_augmented/cull2_random_bg/head/224/occ/raw/centre/20230831_164728/m--20230831_164728--f000230.jpg,20230831_164728,mauritius,original,video,False,train,660.5381370867754
data/processed/mauritius/video/not_augmented/cull2_random_bg/head/224/occ/raw/centre/20230831_164728/m--20230831_164728--f000232.jpg,20230831_164728,mauritius,original,video,False,train,1282.7010812370145
data/processed/mauritius/video/not_augmented/cull2_random_bg/head/224/occ/raw/centre/20230831_164728/m--20230831_164728--f000234.jpg,20230831_164728,mauritius,original,video,False,train,1990.580971205448
data/processed/mauritius/video/not_augmented/cull2_random_bg/head/224/occ/raw/centre/20230831_164728/m--20230831_164728--f000236.jpg,20230831_164728,mauritius,original,video,False,train,1923.086220978797
data/processed/mauritius/video/not_augmented/cull2_random_bg/head/224/occ/raw/centre/20230831_164728/m--20230831_164728--f000238.jpg,20230831_164728,mauritius,original,video,False,train,670.3078753603642
data/processed/mauritius/video/not_augmented/cull2_random_bg/head/224/occ/raw/centre/20230831_164728/m--20230831_164728--f000240.jpg,20230831_164728,mauritius,original,video,False,train,651.8751893553917
data/processed/mauritius/video/not_augmented/cull2_random_bg/head/224/occ/raw/centre/20230831_164728/m--20230831_164728--f000242.jpg,20230831_164728,mauritius,original,video,False,train,1358.5866816773707
data/processed/mauritius/video/not_augmented/cull2_random_bg/head/224/occ/raw/centre/20230831_164728/m--20230831_164728--f000244.jpg,20230831_164728,mauritius,original,video,False,train,1193.8601322054913
data/processed/mauritius/video/not_augmented/cull2_random_bg/head/224/occ/raw/centre/20230831_164728/m--20230831_164728--f000246.jpg,20230831_164728,mauritius,original,video,False,train,1294.980549166869
data/processed/mauritius/video/not_augmented/cull2_random_bg/head/224/occ/raw/centre/20230831_164728/m--20230831_164728--f000248.jpg,20230831_164728,mauritius,original,video,False,train,590.4390091504818
data/processed/mauritius/video/not_augmented/cull2_random_bg/head/224/occ/raw/centre/20230831_164728/m--20230831_164728--f000250.jpg,20230831_164728,mauritius,original,video,False,train,2112.727139476933
data/processed/mauritius/video/not_augmented/cull2_random_bg/head/224/occ/raw/centre/20230831_164728/m--20230831_164728--f000252.jpg,20230831_164728,mauritius,original,video,False,train,397.081532517258
data/processed/mauritius/video/not_augmented/cull2_random_bg/head/224/occ/raw/centre/20230831_164728/m--20230831_164728--f000254.jpg,20230831_164728,mauritius,original,video,False,train,177.69831979021535
data/processed/mauritius/video/not_augmented/cull2_random_bg/head/224/occ/raw/centre/20230831_164728/m--20230831_164728--f000256.jpg,20230831_164728,mauritius,original,video,False,train,699.6915141287965
data/processed/mauritius/video/not_augmented/cull2_random_bg/head/224/occ/raw/centre/20230831_164728/m--20230831_164728--f000258.jpg,20230831_164728,mauritius,original,video,False,train,603.1666556262613
data/processed/mauritius/video/not_augmented/cull2_random_bg/head/224/occ/raw/centre/20230831_164728/m--20230831_164728--f000260.jpg,20230831_164728,mauritius,original,video,False,train,260.67880988607595
data/processed/mauritius/video/not_augmented/cull2_random_bg/head/224/occ/raw/centre/20230831_164728/m--20230831_164728--f000262.jpg,20230831_164728,mauritius,original,video,False,train,737.8573163726438
data/processed/mauritius/video/not_augmented/cull2_random_bg/head/224/occ/raw/centre/20230831_164728/m--20230831_164728--f000264.jpg,20230831_164728,mauritius,original,video,False,train,175.4109911285108
data/processed/mauritius/video/not_augmented/cull2_random_bg/head/224/occ/raw/centre/20230831_164728/m--20230831_164728--f001052.jpg,20230831_164728,mauritius,original,video,False,train,1104.0963454923744
data/processed/mauritius/video/not_augmented/cull2_random_bg/head/224/occ/raw/centre/20230831_164728/m--20230831_164728--f001054.jpg,20230831_164728,mauritius,original,video,False,train,1382.8435213517168
data/processed/mauritius/video/not_augmented/cull2_random_bg/head/224/occ/raw/centre/20230831_164728/m--20230831_164728--f001056.jpg,20230831_164728,mauritius,original,video,False,train,284.3048250626544
data/processed/mauritius/video/not_augmented/cull2_random_bg/head/224/occ/raw/centre/20230831_164728/m--20230831_164728--f001058.jpg,20230831_164728,mauritius,original,video,False,train,640.9488001338445
data/processed/mauritius/video/not_augmented/cull2_random_bg/head/224/occ/raw/centre/20230831_164728/m--20230831_164728--f001060.jpg,20230831_164728,mauritius,original,video,False,train,1505.481247948786
data/processed/mauritius/video/not_augmented/cull2_random_bg/head/224/occ/raw/centre/20230831_164728/m--20230831_164728--f001062.jpg,20230831_164728,mauritius,original,video,False,train,617.7422126649271
data/processed/mauritius/video/not_augmented/cull2_random_bg/head/224/occ/raw/centre/20230831_164728/m--20230831_164728--f001064.jpg,20230831_164728,mauritius,original,video,False,train,565.1236877822716
data/processed/mauritius/video/not_augmented/cull2_random_bg/head/224/occ/raw/centre/20230831_164728/m--20230831_164728--f001066.jpg,20230831_164728,mauritius,original,video,False,train,1121.2742448331715
data/processed/mauritius/video/not_augmented/cull2_random_bg/head/224/occ/raw/centre/20230831_164728/m--20230831_164728--f001068.jpg,20230831_164728,mauritius,original,video,False,train,580.7786760437443
data/processed/mauritius/video/not_augmented/cull2_random_bg/head/224/occ/raw/centre/20230831_164728/m--20230831_164728--f001070.jpg,20230831_164728,mauritius,original,video,False,train,633.4157868539825
data/processed/mauritius/video/not_augmented/cull2_random_bg/head/224/occ/raw/centre/20230831_164728/m--20230831_164728--f001072.jpg,20230831_164728,mauritius,original,video,False,train,1517.9477157227354
data/processed/mauritius/video/not_augmented/cull2_random_bg/head/224/occ/raw/centre/20230831_164728/m--20230831_164728--f001074.jpg,20230831_164728,mauritius,original,video,False,train,1590.6238342401932
data/processed/mauritius/video/not_augmented/cull2_random_bg/head/224/occ/raw/centre/20230831_164728/m--20230831_164728--f001076.jpg,20230831_164728,mauritius,original,video,False,train,1311.0781587587205
data/processed/mauritius/video/not_augmented/cull2_random_bg/head/224/occ/raw/centre/20230831_164728/m--20230831_164728--f001078.jpg,20230831_164728,mauritius,original,video,False,train,1050.2618979434578
data/processed/mauritius/video/not_augmented/cull2_random_bg/head/224/occ/raw/centre/20230831_164728/m--20230831_164728--f001080.jpg,20230831_164728,mauritius,original,video,False,train,765.9532021773155
data/processed/mauritius/video/not_augmented/cull2_random_bg/head/224/occ/raw/centre/20230831_164728/m--20230831_164728--f001082.jpg,20230831_164728,mauritius,original,video,False,train,1392.4824371524576
data/processed/mauritius/video/not_augmented/cull2_random_bg/head/224/occ/raw/centre/20230831_165242/m--20230831_165242--f000148.jpg,20230831_165242,mauritius,original,video,False,train,1010.7545073829755
data/processed/mauritius/video/not_augmented/cull2_random_bg/head/224/occ/raw/centre/20230831_165242/m--20230831_165242--f000150.jpg,20230831_165242,mauritius,original,video,False,train,222.71504878997806
data/processed/mauritius/video/not_augmented/cull2_random_bg/head/224/occ/raw/centre/20230831_165242/m--20230831_165242--f000154.jpg,20230831_165242,mauritius,original,video,False,train,884.0700672853495
data/processed/mauritius/video/not_augmented/cull2_random_bg/head/224/occ/raw/centre/20230831_165242/m--20230831_165242--f000156.jpg,20230831_165242,mauritius,original,video,False,train,319.1936865488423
data/processed/mauritius/video/not_augmented/cull2_random_bg/head/224/occ/raw/centre/20230831_165242/m--20230831_165242--f000158.jpg,20230831_165242,mauritius,original,video,False,train,1087.492897490867
data/processed/mauritius/video/not_augmented/cull2_random_bg/head/224/occ/raw/centre/20230831_165242/m--20230831_165242--f000160.jpg,20230831_165242,mauritius,original,video,False,train,1225.5411864105536
data/processed/mauritius/video/not_augmented/cull2_random_bg/head/224/occ/raw/centre/20230831_165242/m--20230831_165242--f000162.jpg,20230831_165242,mauritius,original,video,False,train,834.4012923600125
data/processed/mauritius/video/not_augmented/cull2_random_bg/head/224/occ/raw/centre/20230831_165242/m--20230831_165242--f000200.jpg,20230831_165242,mauritius,original,video,False,train,1029.8569303140794
data/processed/mauritius/video/not_augmented/cull2_random_bg/head/224/occ/raw/centre/20230831_165242/m--20230831_165242--f000202.jpg,20230831_165242,mauritius,original,video,False,train,2439.447463137664
data/processed/mauritius/video/not_augmented/cull2_random_bg/head/224/occ/raw/centre/20230831_165242/m--20230831_165242--f000204.jpg,20230831_165242,mauritius,original,video,False,train,904.3359048435062
data/processed/mauritius/video/not_augmented/cull2_random_bg/head/224/occ/raw/centre/20230831_165242/m--20230831_165242--f000212.jpg,20230831_165242,mauritius,original,video,False,train,694.8350455376667
data/processed/mauritius/video/not_augmented/cull2_random_bg/head/224/occ/raw/centre/20230831_165242/m--20230831_165242--f000214.jpg,20230831_165242,mauritius,original,video,False,train,1210.9158080838613
data/processed/mauritius/video/not_augmented/cull2_random_bg/head/224/occ/raw/centre/20230831_165242/m--20230831_165242--f000216.jpg,20230831_165242,mauritius,original,video,False,train,888.1620014370209
data/processed/mauritius/video/not_augmented/cull2_random_bg/head/224/occ/raw/centre/20230831_165242/m--20230831_165242--f000218.jpg,20230831_165242,mauritius,original,video,False,train,1388.2462606747813
data/processed/mauritius/video/not_augmented/cull2_random_bg/head/224/occ/raw/centre/20230831_165242/m--20230831_165242--f000220.jpg,20230831_165242,mauritius,original,video,False,train,1583.4092415980822
data/processed/mauritius/video/not_augmented/cull2_random_bg/head/224/occ/raw/centre/20230831_165242/m--20230831_165242--f000222.jpg,20230831_165242,mauritius,original,video,False,train,2388.7477787308567
data/processed/mauritius/video/not_augmented/cull2_random_bg/head/224/occ/raw/centre/20230831_165242/m--20230831_165242--f000224.jpg,20230831_165242,mauritius,original,video,False,train,692.3614998193444
data/processed/mauritius/video/not_augmented/cull2_random_bg/head/224/occ/raw/centre/20230831_165242/m--20230831_165242--f000226.jpg,20230831_165242,mauritius,original,video,False,train,530.1119578709854
data/processed/mauritius/video/not_augmented/cull2_random_bg/head/224/occ/raw/centre/20230831_165242/m--20230831_165242--f000228.jpg,20230831_165242,mauritius,original,video,False,train,1139.2036378150283
data/processed/mauritius/video/not_augmented/cull2_random_bg/head/224/occ/raw/centre/20230831_165242/m--20230831_165242--f000230.jpg,20230831_165242,mauritius,original,video,False,train,1256.7783216022046
data/processed/mauritius/video/not_augmented/cull2_random_bg/head/224/occ/raw/centre/20230831_165242/m--20230831_165242--f000232.jpg,20230831_165242,mauritius,original,video,False,train,2322.228839478658
data/processed/mauritius/video/not_augmented/cull2_random_bg/head/224/occ/raw/centre/20230831_165242/m--20230831_165242--f000234.jpg,20230831_165242,mauritius,original,video,False,train,2731.1444807799353
data/processed/mauritius/video/not_augmented/cull2_random_bg/head/224/occ/raw/centre/20230831_165242/m--20230831_165242--f000236.jpg,20230831_165242,mauritius,original,video,False,train,2037.3436901623982
data/processed/mauritius/video/not_augmented/cull2_random_bg/head/224/occ/raw/centre/20230831_165242/m--20230831_165242--f000238.jpg,20230831_165242,mauritius,original,video,False,train,1334.2039146498807
data/processed/mauritius/video/not_augmented/cull2_random_bg/head/224/occ/raw/centre/20230831_165242/m--20230831_165242--f000240.jpg,20230831_165242,mauritius,original,video,False,train,2414.7990342962003
data/processed/mauritius/video/not_augmented/cull2_random_bg/head/224/occ/raw/centre/20230831_165242/m--20230831_165242--f000242.jpg,20230831_165242,mauritius,original,video,False,train,3723.1750730779063
data/processed/mauritius/video/not_augmented/cull2_random_bg/head/224/occ/raw/centre/20230831_165242/m--20230831_165242--f000244.jpg,20230831_165242,mauritius,original,video,False,train,2273.5742712624615
data/processed/mauritius/video/not_augmented/cull2_random_bg/head/224/occ/raw/centre/20230831_165242/m--20230831_165242--f000246.jpg,20230831_165242,mauritius,original,video,False,train,1551.4510184764267
data/processed/mauritius/video/not_augmented/cull2_random_bg/head/224/occ/raw/centre/20230831_165242/m--20230831_165242--f000248.jpg,20230831_165242,mauritius,original,video,False,train,1071.9263961264514
data/processed/mauritius/video/not_augmented/cull2_random_bg/head/224/occ/raw/centre/20230831_165242/m--20230831_165242--f000250.jpg,20230831_165242,mauritius,original,video,False,train,1278.131040513143
data/processed/mauritius/video/not_augmented/cull2_random_bg/head/224/occ/raw/centre/20230831_165242/m--20230831_165242--f000252.jpg,20230831_165242,mauritius,original,video,False,train,965.997356956574
data/processed/mauritius/video/not_augmented/cull2_random_bg/head/224/occ/raw/centre/20230831_165242/m--20230831_165242--f000254.jpg,20230831_165242,mauritius,original,video,False,train,1098.133246653778
data/processed/mauritius/video/not_augmented/cull2_random_bg/head/224/occ/raw/centre/20230831_165242/m--20230831_165242--f000256.jpg,20230831_165242,mauritius,original,video,False,train,877.7342619949558
data/processed/mauritius/video/not_augmented/cull2_random_bg/head/224/occ/raw/centre/20230831_165242/m--20230831_165242--f000258.jpg,20230831_165242,mauritius,original,video,False,train,906.76665763426
data/processed/mauritius/video/not_augmented/cull2_random_bg/head/224/occ/raw/centre/20230831_165242/m--20230831_165242--f000260.jpg,20230831_165242,mauritius,original,video,False,train,657.8011591953815
data/processed/mauritius/video/not_augmented/cull2_random_bg/head/224/occ/raw/centre/20230831_165242/m--20230831_165242--f000262.jpg,20230831_165242,mauritius,original,video,False,train,130.88042597709128
data/processed/mauritius/video/not_augmented/cull2_random_bg/head/224/occ/raw/centre/20230831_165242/m--20230831_165242--f000264.jpg,20230831_165242,mauritius,original,video,False,train,277.9898363083216
data/processed/mauritius/video/not_augmented/cull2_random_bg/head/224/occ/raw/centre/20230831_165242/m--20230831_165242--f000266.jpg,20230831_165242,mauritius,original,video,False,train,805.4390343880962
data/processed/mauritius/video/not_augmented/cull2_random_bg/head/224/occ/raw/centre/20230831_165242/m--20230831_165242--f000268.jpg,20230831_165242,mauritius,original,video,False,train,128.3956586527159
data/processed/mauritius/video/not_augmented/cull2_random_bg/head/224/occ/raw/centre/20230831_165242/m--20230831_165242--f000582.jpg,20230831_165242,mauritius,original,video,False,train,195.59716140384828
data/processed/mauritius/video/not_augmented/cull2_random_bg/head/224/occ/raw/centre/20230831_165242/m--20230831_165242--f000584.jpg,20230831_165242,mauritius,original,video,False,train,175.09055105620055
data/processed/mauritius/video/not_augmented/cull2_random_bg/head/224/occ/raw/centre/20230831_165242/m--20230831_165242--f000586.jpg,20230831_165242,mauritius,original,video,False,train,573.2752665873618
data/processed/mauritius/video/not_augmented/cull2_random_bg/head/224/occ/raw/centre/20230831_165242/m--20230831_165242--f000588.jpg,20230831_165242,mauritius,original,video,False,train,1245.6430239520535
data/processed/mauritius/video/not_augmented/cull2_random_bg/head/224/occ/raw/centre/20230831_165242/m--20230831_165242--f000594.jpg,20230831_165242,mauritius,original,video,False,train,835.5647888564904
data/processed/mauritius/video/not_augmented/cull2_random_bg/head/224/occ/raw/centre/20230831_165242/m--20230831_165242--f001102.jpg,20230831_165242,mauritius,original,video,False,train,1031.6237287350568
data/processed/mauritius/video/not_augmented/cull2_random_bg/head/224/occ/raw/centre/20230831_165242/m--20230831_165242--f001104.jpg,20230831_165242,mauritius,original,video,False,train,977.1738592844513
data/processed/mauritius/video/not_augmented/cull2_random_bg/head/224/occ/raw/centre/20230831_165242/m--20230831_165242--f001106.jpg,20230831_165242,mauritius,original,video,False,train,768.3667566532991
data/processed/mauritius/video/not_augmented/cull2_random_bg/head/224/occ/raw/centre/20230831_165242/m--20230831_165242--f001108.jpg,20230831_165242,mauritius,original,video,False,train,1364.0048600291768
data/processed/mauritius/video/not_augmented/cull2_random_bg/head/224/occ/raw/centre/20230831_165242/m--20230831_165242--f001110.jpg,20230831_165242,mauritius,original,video,False,train,1039.5702652937173
data/processed/mauritius/video/not_augmented/cull2_random_bg/head/224/occ/raw/centre/20230831_165242/m--20230831_165242--f001112.jpg,20230831_165242,mauritius,original,video,False,train,1685.3201622281758
data/processed/mauritius/video/not_augmented/cull2_random_bg/head/224/occ/raw/centre/20230831_165242/m--20230831_165242--f001114.jpg,20230831_165242,mauritius,original,video,False,train,1342.6475512442216
data/processed/mauritius/video/not_augmented/cull2_random_bg/head/224/occ/raw/centre/20230831_165242/m--20230831_165242--f001116.jpg,20230831_165242,mauritius,original,video,False,train,1659.2896188055163
data/processed/mauritius/video/not_augmented/cull2_random_bg/head/224/occ/raw/centre/20230831_165242/m--20230831_165242--f001118.jpg,20230831_165242,mauritius,original,video,False,train,1511.5557404501842
data/processed/mauritius/video/not_augmented/cull2_random_bg/head/224/occ/raw/centre/20230831_165242/m--20230831_165242--f001120.jpg,20230831_165242,mauritius,original,video,False,train,1346.8490802537697
data/processed/mauritius/video/not_augmented/cull2_random_bg/head/224/occ/raw/centre/20230831_165242/m--20230831_165242--f001122.jpg,20230831_165242,mauritius,original,video,False,train,1263.540769752191
data/processed/mauritius/video/not_augmented/cull2_random_bg/head/224/occ/raw/centre/20230831_165242/m--20230831_165242--f001124.jpg,20230831_165242,mauritius,original,video,False,train,1319.7721811153153
data/processed/mauritius/video/not_augmented/cull2_random_bg/head/224/occ/raw/centre/20230831_165242/m--20230831_165242--f001126.jpg,20230831_165242,mauritius,original,video,False,train,1616.6831570839395
data/processed/mauritius/video/not_augmented/cull2_random_bg/head/224/occ/raw/centre/20230831_165242/m--20230831_165242--f001128.jpg,20230831_165242,mauritius,original,video,False,train,1237.2797161354117
data/processed/mauritius/video/not_augmented/cull2_random_bg/head/224/occ/raw/centre/20230831_165242/m--20230831_165242--f001130.jpg,20230831_165242,mauritius,original,video,False,train,1278.3868517496346
data/processed/mauritius/video/not_augmented/cull2_random_bg/head/224/occ/raw/centre/20230831_165242/m--20230831_165242--f001132.jpg,20230831_165242,mauritius,original,video,False,train,1215.0715472353643
data/processed/mauritius/video/not_augmented/cull2_random_bg/head/224/occ/raw/centre/20230831_165242/m--20230831_165242--f001134.jpg,20230831_165242,mauritius,original,video,False,train,1170.9588126325943
data/processed/mauritius/video/not_augmented/cull2_random_bg/head/224/occ/raw/centre/20230831_165242/m--20230831_165242--f001136.jpg,20230831_165242,mauritius,original,video,False,train,1588.4684142669207
data/processed/mauritius/video/not_augmented/cull2_random_bg/head/224/occ/raw/centre/20230831_165242/m--20230831_165242--f001138.jpg,20230831_165242,mauritius,original,video,False,train,1014.4972855688283
data/processed/mauritius/video/not_augmented/cull2_random_bg/head/224/occ/raw/centre/20230831_165242/m--20230831_165242--f001452.jpg,20230831_165242,mauritius,original,video,False,train,1518.301219794016
data/processed/mauritius/video/not_augmented/cull2_random_bg/head/224/occ/raw/centre/20230831_165242/m--20230831_165242--f001454.jpg,20230831_165242,mauritius,original,video,False,train,1044.193681378903
data/processed/mauritius/video/not_augmented/cull2_random_bg/head/224/occ/raw/centre/20230831_165242/m--20230831_165242--f001456.jpg,20230831_165242,mauritius,original,video,False,train,1066.6010770261512
data/processed/mauritius/video/not_augmented/cull2_random_bg/head/224/occ/raw/centre/20230831_165242/m--20230831_165242--f001458.jpg,20230831_165242,mauritius,original,video,False,train,2002.3449589043348
data/processed/mauritius/video/not_augmented/cull2_random_bg/head/224/occ/raw/centre/20230831_165242/m--20230831_165242--f001460.jpg,20230831_165242,mauritius,original,video,False,train,981.8729919086442
data/processed/mauritius/video/not_augmented/cull2_random_bg/head/224/occ/raw/centre/20230831_165242/m--20230831_165242--f001462.jpg,20230831_165242,mauritius,original,video,False,train,1596.1284442946894
data/processed/mauritius/video/not_augmented/cull2_random_bg/head/224/occ/raw/centre/20230831_165242/m--20230831_165242--f001464.jpg,20230831_165242,mauritius,original,video,False,train,384.03613527791293
data/processed/mauritius/video/not_augmented/cull2_random_bg/head/224/occ/raw/centre/20230831_165242/m--20230831_165242--f001466.jpg,20230831_165242,mauritius,original,video,False,train,1362.2613037721856
data/processed/mauritius/video/not_augmented/cull2_random_bg/head/224/occ/raw/centre/20230902_054933/m--20230902_054933--f000190.jpg,20230902_054933,mauritius,original,video,False,train,958.5665695713936
data/processed/mauritius/video/not_augmented/cull2_random_bg/head/224/occ/raw/centre/20230902_054933/m--20230902_054933--f000192.jpg,20230902_054933,mauritius,original,video,False,train,1719.37606726364
data/processed/mauritius/video/not_augmented/cull2_random_bg/head/224/occ/raw/centre/20230902_054933/m--20230902_054933--f000194.jpg,20230902_054933,mauritius,original,video,False,train,380.17259122887435
data/processed/mauritius/video/not_augmented/cull2_random_bg/head/224/occ/raw/centre/20230902_054933/m--20230902_054933--f000196.jpg,20230902_054933,mauritius,original,video,False,train,791.1537037586879
data/processed/mauritius/video/not_augmented/cull2_random_bg/head/224/occ/raw/centre/20230902_054933/m--20230902_054933--f000198.jpg,20230902_054933,mauritius,original,video,False,train,843.6370250427043
data/processed/mauritius/video/not_augmented/cull2_random_bg/head/224/occ/raw/centre/20230902_054933/m--20230902_054933--f000222.jpg,20230902_054933,mauritius,original,video,False,train,1161.7428172332752
data/processed/mauritius/video/not_augmented/cull2_random_bg/head/224/occ/raw/centre/20230902_054933/m--20230902_054933--f000224.jpg,20230902_054933,mauritius,original,video,False,train,1050.7839497153534
data/processed/mauritius/video/not_augmented/cull2_random_bg/head/224/occ/raw/centre/20230902_054933/m--20230902_054933--f000226.jpg,20230902_054933,mauritius,original,video,False,train,952.361108410115
data/processed/mauritius/video/not_augmented/cull2_random_bg/head/224/occ/raw/centre/20230902_054933/m--20230902_054933--f000232.jpg,20230902_054933,mauritius,original,video,False,train,1102.7317044005101
data/processed/mauritius/video/not_augmented/cull2_random_bg/head/224/occ/raw/centre/20230902_054933/m--20230902_054933--f000234.jpg,20230902_054933,mauritius,original,video,False,train,1090.8751877951952
data/processed/mauritius/video/not_augmented/cull2_random_bg/head/224/occ/raw/centre/20230902_054933/m--20230902_054933--f000236.jpg,20230902_054933,mauritius,original,video,False,train,1038.435059655065
data/processed/mauritius/video/not_augmented/cull2_random_bg/head/224/occ/raw/centre/20230902_054933/m--20230902_054933--f000238.jpg,20230902_054933,mauritius,original,video,False,train,764.8065453338306
data/processed/mauritius/video/not_augmented/cull2_random_bg/head/224/occ/raw/centre/20230902_054933/m--20230902_054933--f000240.jpg,20230902_054933,mauritius,original,video,False,train,833.4756452122712
data/processed/mauritius/video/not_augmented/cull2_random_bg/head/224/occ/raw/centre/20230902_054933/m--20230902_054933--f000242.jpg,20230902_054933,mauritius,original,video,False,train,1118.3632751490263
data/processed/mauritius/video/not_augmented/cull2_random_bg/head/224/occ/raw/centre/20230902_054933/m--20230902_054933--f000244.jpg,20230902_054933,mauritius,original,video,False,train,682.9943240355175
data/processed/mauritius/video/not_augmented/cull2_random_bg/head/224/occ/raw/centre/20230902_054933/m--20230902_054933--f000250.jpg,20230902_054933,mauritius,original,video,False,train,1170.227182505082
data/processed/mauritius/video/not_augmented/cull2_random_bg/head/224/occ/raw/centre/20230902_054933/m--20230902_054933--f000972.jpg,20230902_054933,mauritius,original,video,False,train,302.27621489155047
data/processed/mauritius/video/not_augmented/cull2_random_bg/head/224/occ/raw/centre/20230902_054933/m--20230902_054933--f000974.jpg,20230902_054933,mauritius,original,video,False,train,325.5533886245766
data/processed/mauritius/video/not_augmented/cull2_random_bg/head/224/occ/raw/centre/20230902_054933/m--20230902_054933--f000976.jpg,20230902_054933,mauritius,original,video,False,train,554.7427092333329
data/processed/mauritius/video/not_augmented/cull2_random_bg/head/224/occ/raw/centre/20230902_054933/m--20230902_054933--f000978.jpg,20230902_054933,mauritius,original,video,False,train,610.5769488049864
data/processed/mauritius/video/not_augmented/cull2_random_bg/head/224/occ/raw/centre/20230902_054933/m--20230902_054933--f000980.jpg,20230902_054933,mauritius,original,video,False,train,617.138014190051
data/processed/mauritius/video/not_augmented/cull2_random_bg/head/224/occ/raw/centre/20230902_054933/m--20230902_054933--f000982.jpg,20230902_054933,mauritius,original,video,False,train,1266.0084573474837
data/processed/mauritius/video/not_augmented/cull2_random_bg/head/224/occ/raw/centre/20230902_054933/m--20230902_054933--f001100.jpg,20230902_054933,mauritius,original,video,False,train,841.9620946572753
data/processed/mauritius/video/not_augmented/cull2_random_bg/head/224/occ/raw/centre/20230902_054933/m--20230902_054933--f001102.jpg,20230902_054933,mauritius,original,video,False,train,1354.1686717076682
data/processed/mauritius/video/not_augmented/cull2_random_bg/head/224/occ/raw/centre/20230902_054933/m--20230902_054933--f001104.jpg,20230902_054933,mauritius,original,video,False,train,959.448959642527
data/processed/mauritius/video/not_augmented/cull2_random_bg/head/224/occ/raw/centre/20230902_054933/m--20230902_054933--f001106.jpg,20230902_054933,mauritius,original,video,False,train,1019.97375003659
data/processed/mauritius/video/not_augmented/cull2_random_bg/head/224/occ/raw/centre/20230902_054933/m--20230902_054933--f001370.jpg,20230902_054933,mauritius,original,video,False,train,760.8736599843138
data/processed/mauritius/video/not_augmented/cull2_random_bg/head/224/occ/raw/centre/20230902_054933/m--20230902_054933--f001372.jpg,20230902_054933,mauritius,original,video,False,train,730.042491567676
data/processed/mauritius/video/not_augmented/cull2_random_bg/head/224/occ/raw/centre/20230902_054933/m--20230902_054933--f001374.jpg,20230902_054933,mauritius,original,video,False,train,616.2676755399913
data/processed/mauritius/video/not_augmented/cull2_random_bg/head/224/occ/raw/centre/20230902_054933/m--20230902_054933--f001376.jpg,20230902_054933,mauritius,original,video,False,train,328.8631854738508
data/processed/mauritius/video/not_augmented/cull2_random_bg/head/224/occ/raw/centre/20230902_054933/m--20230902_054933--f001378.jpg,20230902_054933,mauritius,original,video,False,train,321.5124942310052
data/processed/mauritius/video/not_augmented/cull2_random_bg/head/224/occ/raw/centre/20230907_195130/m--20230907_195130--f000152.jpg,20230907_195130,mauritius,original,video,False,test,1008.2331469868284
data/processed/mauritius/video/not_augmented/cull2_random_bg/head/224/occ/raw/centre/20230907_195130/m--20230907_195130--f000154.jpg,20230907_195130,mauritius,original,video,False,test,1506.8529191114465
data/processed/mauritius/video/not_augmented/cull2_random_bg/head/224/occ/raw/centre/20230907_195130/m--20230907_195130--f000156.jpg,20230907_195130,mauritius,original,video,False,test,777.1819727451589
data/processed/mauritius/video/not_augmented/cull2_random_bg/head/224/occ/raw/centre/20230907_195130/m--20230907_195130--f000158.jpg,20230907_195130,mauritius,original,video,False,test,1060.8967234759666
data/processed/mauritius/video/not_augmented/cull2_random_bg/head/224/occ/raw/centre/20230907_195130/m--20230907_195130--f000160.jpg,20230907_195130,mauritius,original,video,False,test,676.4889615323831
data/processed/mauritius/video/not_augmented/cull2_random_bg/head/224/occ/raw/centre/20230907_195130/m--20230907_195130--f000162.jpg,20230907_195130,mauritius,original,video,False,test,668.4681884399408
data/processed/mauritius/video/not_augmented/cull2_random_bg/head/224/occ/raw/centre/20230907_195130/m--20230907_195130--f000164.jpg,20230907_195130,mauritius,original,video,False,test,784.4295827789338
data/processed/mauritius/video/not_augmented/cull2_random_bg/head/224/occ/raw/centre/20230907_195130/m--20230907_195130--f000166.jpg,20230907_195130,mauritius,original,video,False,test,1231.9703640693529
data/processed/mauritius/video/not_augmented/cull2_random_bg/head/224/occ/raw/centre/20230907_195130/m--20230907_195130--f000168.jpg,20230907_195130,mauritius,original,video,False,test,1124.8208903984348
data/processed/mauritius/video/not_augmented/cull2_random_bg/head/224/occ/raw/centre/20230907_195130/m--20230907_195130--f000170.jpg,20230907_195130,mauritius,original,video,False,test,852.9956339173195
data/processed/mauritius/video/not_augmented/cull2_random_bg/head/224/occ/raw/centre/20230907_195130/m--20230907_195130--f000172.jpg,20230907_195130,mauritius,original,video,False,test,882.2979473970374
data/processed/mauritius/video/not_augmented/cull2_random_bg/head/224/occ/raw/centre/20230907_195130/m--20230907_195130--f000174.jpg,20230907_195130,mauritius,original,video,False,test,1100.408974993482
data/processed/mauritius/video/not_augmented/cull2_random_bg/head/224/occ/raw/centre/20230907_195130/m--20230907_195130--f000176.jpg,20230907_195130,mauritius,original,video,False,test,878.3158889887286
data/processed/mauritius/video/not_augmented/cull2_random_bg/head/224/occ/raw/centre/20230907_195130/m--20230907_195130--f000178.jpg,20230907_195130,mauritius,original,video,False,test,869.1931411472275
data/processed/mauritius/video/not_augmented/cull2_random_bg/head/224/occ/raw/centre/20230907_195130/m--20230907_195130--f000180.jpg,20230907_195130,mauritius,original,video,False,test,1704.022671547794
data/processed/mauritius/video/not_augmented/cull2_random_bg/head/224/occ/raw/centre/20230907_195130/m--20230907_195130--f000182.jpg,20230907_195130,mauritius,original,video,False,test,1475.0769852364574
data/processed/mauritius/video/not_augmented/cull2_random_bg/head/224/occ/raw/centre/20230907_195130/m--20230907_195130--f000184.jpg,20230907_195130,mauritius,original,video,False,test,849.7030478604186
data/processed/mauritius/video/not_augmented/cull2_random_bg/head/224/occ/raw/centre/20230907_195130/m--20230907_195130--f000186.jpg,20230907_195130,mauritius,original,video,False,test,1105.0461572141064
data/processed/mauritius/video/not_augmented/cull2_random_bg/head/224/occ/raw/centre/20230907_195130/m--20230907_195130--f000188.jpg,20230907_195130,mauritius,original,video,False,test,1300.4743730067612
data/processed/mauritius/video/not_augmented/cull2_random_bg/head/224/occ/raw/centre/20230907_195130/m--20230907_195130--f000190.jpg,20230907_195130,mauritius,original,video,False,test,718.7328756694642
data/processed/mauritius/video/not_augmented/cull2_random_bg/head/224/occ/raw/centre/20230907_195130/m--20230907_195130--f000192.jpg,20230907_195130,mauritius,original,video,False,test,753.1073811001601
data/processed/mauritius/video/not_augmented/cull2_random_bg/head/224/occ/raw/centre/20230907_195130/m--20230907_195130--f000194.jpg,20230907_195130,mauritius,original,video,False,test,998.5561170848098
data/processed/mauritius/video/not_augmented/cull2_random_bg/head/224/occ/raw/centre/20230907_195130/m--20230907_195130--f000196.jpg,20230907_195130,mauritius,original,video,False,test,500.2890926934639
data/processed/mauritius/video/not_augmented/cull2_random_bg/head/224/occ/raw/centre/20230907_195130/m--20230907_195130--f000198.jpg,20230907_195130,mauritius,original,video,False,test,603.9019091759856
data/processed/mauritius/video/not_augmented/cull2_random_bg/head/224/occ/raw/centre/20230907_195130/m--20230907_195130--f000200.jpg,20230907_195130,mauritius,original,video,False,test,1443.518453155543
data/processed/mauritius/video/not_augmented/cull2_random_bg/head/224/occ/raw/centre/20230907_195130/m--20230907_195130--f000202.jpg,20230907_195130,mauritius,original,video,False,test,453.30939842988346
data/processed/mauritius/video/not_augmented/cull2_random_bg/head/224/occ/raw/centre/20230907_195130/m--20230907_195130--f000204.jpg,20230907_195130,mauritius,original,video,False,test,487.9001249272047
data/processed/mauritius/video/not_augmented/cull2_random_bg/head/224/occ/raw/centre/20230907_195130/m--20230907_195130--f000206.jpg,20230907_195130,mauritius,original,video,False,test,851.4078844444595
data/processed/mauritius/video/not_augmented/cull2_random_bg/head/224/occ/raw/centre/20230907_195130/m--20230907_195130--f000208.jpg,20230907_195130,mauritius,original,video,False,test,381.3986050539441
data/processed/mauritius/video/not_augmented/cull2_random_bg/head/224/occ/raw/centre/20230907_195130/m--20230907_195130--f000210.jpg,20230907_195130,mauritius,original,video,False,test,574.7837538232609
data/processed/mauritius/video/not_augmented/cull2_random_bg/head/224/occ/raw/centre/20230907_195130/m--20230907_195130--f000212.jpg,20230907_195130,mauritius,original,video,False,test,628.5504821589071
data/processed/mauritius/video/not_augmented/cull2_random_bg/head/224/occ/raw/centre/20230907_195130/m--20230907_195130--f000214.jpg,20230907_195130,mauritius,original,video,False,test,793.4695336378796
data/processed/mauritius/video/not_augmented/cull2_random_bg/head/224/occ/raw/centre/20230907_195130/m--20230907_195130--f000216.jpg,20230907_195130,mauritius,original,video,False,test,870.8452040081668
data/processed/mauritius/video/not_augmented/cull2_random_bg/head/224/occ/raw/centre/20230907_195130/m--20230907_195130--f000218.jpg,20230907_195130,mauritius,original,video,False,test,688.6750825896257
data/processed/mauritius/video/not_augmented/cull2_random_bg/head/224/occ/raw/centre/20230907_195130/m--20230907_195130--f000220.jpg,20230907_195130,mauritius,original,video,False,test,1125.8583067064235
data/processed/mauritius/video/not_augmented/cull2_random_bg/head/224/occ/raw/centre/20230907_195130/m--20230907_195130--f000222.jpg,20230907_195130,mauritius,original,video,False,test,618.6002887803681
data/processed/mauritius/video/not_augmented/cull2_random_bg/head/224/occ/raw/centre/20230907_195130/m--20230907_195130--f000224.jpg,20230907_195130,mauritius,original,video,False,test,709.9557438365423
data/processed/mauritius/video/not_augmented/cull2_random_bg/head/224/occ/raw/centre/20230907_195130/m--20230907_195130--f000226.jpg,20230907_195130,mauritius,original,video,False,test,732.688785843331
data/processed/mauritius/video/not_augmented/cull2_random_bg/head/224/occ/raw/centre/20230907_195130/m--20230907_195130--f000228.jpg,20230907_195130,mauritius,original,video,False,test,1097.7226235935063
data/processed/mauritius/video/not_augmented/cull2_random_bg/head/224/occ/raw/centre/20230907_195130/m--20230907_195130--f000230.jpg,20230907_195130,mauritius,original,video,False,test,1415.6249800506903
data/processed/mauritius/video/not_augmented/cull2_random_bg/head/224/occ/raw/centre/20230907_195130/m--20230907_195130--f000232.jpg,20230907_195130,mauritius,original,video,False,test,1257.2796388532358
data/processed/mauritius/video/not_augmented/cull2_random_bg/head/224/occ/raw/centre/20230907_195130/m--20230907_195130--f001282.jpg,20230907_195130,mauritius,original,video,False,test,253.35327366420202
data/processed/mauritius/video/not_augmented/cull2_random_bg/head/224/occ/raw/centre/20230907_195130/m--20230907_195130--f001664.jpg,20230907_195130,mauritius,original,video,False,test,1062.690387081971
data/processed/mauritius/video/not_augmented/cull2_random_bg/head/224/occ/raw/centre/20230907_195130/m--20230907_195130--f001666.jpg,20230907_195130,mauritius,original,video,False,test,527.9861100517378
data/processed/mauritius/video/not_augmented/cull2_random_bg/head/224/occ/raw/centre/20230907_195130/m--20230907_195130--f001668.jpg,20230907_195130,mauritius,original,video,False,test,1068.9579140318774
data/processed/mauritius/video/not_augmented/cull2_random_bg/head/224/occ/raw/centre/20230907_195130/m--20230907_195130--f001670.jpg,20230907_195130,mauritius,original,video,False,test,994.6833682741437
data/processed/mauritius/video/not_augmented/cull2_random_bg/head/224/occ/raw/centre/20230907_195130/m--20230907_195130--f001932.jpg,20230907_195130,mauritius,original,video,False,test,1129.2249872377643
data/processed/mauritius/video/not_augmented/cull2_random_bg/head/224/occ/raw/centre/20230907_195130/m--20230907_195130--f001934.jpg,20230907_195130,mauritius,original,video,False,test,584.1963342156623
data/processed/mauritius/video/not_augmented/cull2_random_bg/head/224/occ/raw/centre/20230907_195130/m--20230907_195130--f001936.jpg,20230907_195130,mauritius,original,video,False,test,372.8798557549206
data/processed/mauritius/video/not_augmented/cull2_random_bg/head/224/occ/raw/centre/20230907_195130/m--20230907_195130--f001938.jpg,20230907_195130,mauritius,original,video,False,test,1162.317928555706
data/processed/mauritius/video/not_augmented/cull2_random_bg/head/224/occ/raw/centre/20230907_195130/m--20230907_195130--f001940.jpg,20230907_195130,mauritius,original,video,False,test,641.4759182371929
data/processed/mauritius/video/not_augmented/cull2_random_bg/head/224/occ/raw/centre/20230907_195130/m--20230907_195130--f001942.jpg,20230907_195130,mauritius,original,video,False,test,1535.215584703308
data/processed/mauritius/video/not_augmented/cull2_random_bg/head/224/occ/raw/centre/20230907_195130/m--20230907_195130--f001944.jpg,20230907_195130,mauritius,original,video,False,test,753.9706842485242
data/processed/mauritius/video/not_augmented/cull2_random_bg/head/224/occ/raw/centre/20230907_195130/m--20230907_195130--f001946.jpg,20230907_195130,mauritius,original,video,False,test,820.1125537851659
data/processed/mauritius/video/not_augmented/cull2_random_bg/head/224/occ/raw/centre/20230907_195130/m--20230907_195130--f001948.jpg,20230907_195130,mauritius,original,video,False,test,608.6368842289776
data/processed/mauritius/video/not_augmented/cull2_random_bg/head/224/occ/raw/centre/20230907_203553/m--20230907_203553--f000160.jpg,20230907_203553,mauritius,original,video,False,train,609.1063116276974
data/processed/mauritius/video/not_augmented/cull2_random_bg/head/224/occ/raw/centre/20230907_203553/m--20230907_203553--f000162.jpg,20230907_203553,mauritius,original,video,False,train,299.45363001920737
data/processed/mauritius/video/not_augmented/cull2_random_bg/head/224/occ/raw/centre/20230907_203553/m--20230907_203553--f000164.jpg,20230907_203553,mauritius,original,video,False,train,981.1930834930273
data/processed/mauritius/video/not_augmented/cull2_random_bg/head/224/occ/raw/centre/20230907_203553/m--20230907_203553--f000166.jpg,20230907_203553,mauritius,original,video,False,train,268.2457707399927
data/processed/mauritius/video/not_augmented/cull2_random_bg/head/224/occ/raw/centre/20230907_203553/m--20230907_203553--f000168.jpg,20230907_203553,mauritius,original,video,False,train,321.91305916908135
data/processed/mauritius/video/not_augmented/cull2_random_bg/head/224/occ/raw/centre/20230907_203553/m--20230907_203553--f000170.jpg,20230907_203553,mauritius,original,video,False,train,986.268845690831
data/processed/mauritius/video/not_augmented/cull2_random_bg/head/224/occ/raw/centre/20230907_203553/m--20230907_203553--f000172.jpg,20230907_203553,mauritius,original,video,False,train,509.8133682130228
data/processed/mauritius/video/not_augmented/cull2_random_bg/head/224/occ/raw/centre/20230907_203553/m--20230907_203553--f000174.jpg,20230907_203553,mauritius,original,video,False,train,540.7489105976904
data/processed/mauritius/video/not_augmented/cull2_random_bg/head/224/occ/raw/centre/20230907_203553/m--20230907_203553--f000176.jpg,20230907_203553,mauritius,original,video,False,train,346.0373281707668
data/processed/mauritius/video/not_augmented/cull2_random_bg/head/224/occ/raw/centre/20230907_203553/m--20230907_203553--f000178.jpg,20230907_203553,mauritius,original,video,False,train,1932.8062213637936
data/processed/mauritius/video/not_augmented/cull2_random_bg/head/224/occ/raw/centre/20230907_203553/m--20230907_203553--f000180.jpg,20230907_203553,mauritius,original,video,False,train,573.5815379465683
data/processed/mauritius/video/not_augmented/cull2_random_bg/head/224/occ/raw/centre/20230907_203553/m--20230907_203553--f000182.jpg,20230907_203553,mauritius,original,video,False,train,755.918275593619
data/processed/mauritius/video/not_augmented/cull2_random_bg/head/224/occ/raw/centre/20230907_203553/m--20230907_203553--f000184.jpg,20230907_203553,mauritius,original,video,False,train,1133.553003252769
data/processed/mauritius/video/not_augmented/cull2_random_bg/head/224/occ/raw/centre/20230907_203553/m--20230907_203553--f000186.jpg,20230907_203553,mauritius,original,video,False,train,784.4083936263104
data/processed/mauritius/video/not_augmented/cull2_random_bg/head/224/occ/raw/centre/20230907_203553/m--20230907_203553--f000188.jpg,20230907_203553,mauritius,original,video,False,train,730.158104719792
data/processed/mauritius/video/not_augmented/cull2_random_bg/head/224/occ/raw/centre/20230907_203553/m--20230907_203553--f000190.jpg,20230907_203553,mauritius,original,video,False,train,1161.2048434373094
data/processed/mauritius/video/not_augmented/cull2_random_bg/head/224/occ/raw/centre/20230907_203553/m--20230907_203553--f000192.jpg,20230907_203553,mauritius,original,video,False,train,1797.898844139023
data/processed/mauritius/video/not_augmented/cull2_random_bg/head/224/occ/raw/centre/20230907_203553/m--20230907_203553--f000194.jpg,20230907_203553,mauritius,original,video,False,train,1459.6045482386057
data/processed/mauritius/video/not_augmented/cull2_random_bg/head/224/occ/raw/centre/20230907_203553/m--20230907_203553--f000196.jpg,20230907_203553,mauritius,original,video,False,train,1692.3009015182215
data/processed/mauritius/video/not_augmented/cull2_random_bg/head/224/occ/raw/centre/20230907_203553/m--20230907_203553--f000198.jpg,20230907_203553,mauritius,original,video,False,train,1309.614338595983
data/processed/mauritius/video/not_augmented/cull2_random_bg/head/224/occ/raw/centre/20230907_203553/m--20230907_203553--f000200.jpg,20230907_203553,mauritius,original,video,False,train,2101.800302919374
data/processed/mauritius/video/not_augmented/cull2_random_bg/head/224/occ/raw/centre/20230907_203553/m--20230907_203553--f000202.jpg,20230907_203553,mauritius,original,video,False,train,1932.030968184275
data/processed/mauritius/video/not_augmented/cull2_random_bg/head/224/occ/raw/centre/20230907_203553/m--20230907_203553--f000204.jpg,20230907_203553,mauritius,original,video,False,train,1607.4609466637737
data/processed/mauritius/video/not_augmented/cull2_random_bg/head/224/occ/raw/centre/20230907_203553/m--20230907_203553--f000206.jpg,20230907_203553,mauritius,original,video,False,train,1243.4213741847448
data/processed/mauritius/video/not_augmented/cull2_random_bg/head/224/occ/raw/centre/20230907_203553/m--20230907_203553--f000208.jpg,20230907_203553,mauritius,original,video,False,train,1919.2964054693132
data/processed/mauritius/video/not_augmented/cull2_random_bg/head/224/occ/raw/centre/20230907_203553/m--20230907_203553--f000210.jpg,20230907_203553,mauritius,original,video,False,train,2632.350784431642
data/processed/mauritius/video/not_augmented/cull2_random_bg/head/224/occ/raw/centre/20230907_203553/m--20230907_203553--f000212.jpg,20230907_203553,mauritius,original,video,False,train,1457.5141671433744
data/processed/mauritius/video/not_augmented/cull2_random_bg/head/224/occ/raw/centre/20230907_203553/m--20230907_203553--f000214.jpg,20230907_203553,mauritius,original,video,False,train,2258.0235647938744
data/processed/mauritius/video/not_augmented/cull2_random_bg/head/224/occ/raw/centre/20230907_203553/m--20230907_203553--f000216.jpg,20230907_203553,mauritius,original,video,False,train,1753.4853591235762
data/processed/mauritius/video/not_augmented/cull2_random_bg/head/224/occ/raw/centre/20230907_203553/m--20230907_203553--f000218.jpg,20230907_203553,mauritius,original,video,False,train,1601.7415675580723
data/processed/mauritius/video/not_augmented/cull2_random_bg/head/224/occ/raw/centre/20230907_203553/m--20230907_203553--f000220.jpg,20230907_203553,mauritius,original,video,False,train,1630.2190419852063
data/processed/mauritius/video/not_augmented/cull2_random_bg/head/224/occ/raw/centre/20230907_203553/m--20230907_203553--f000222.jpg,20230907_203553,mauritius,original,video,False,train,1900.9266233622952
data/processed/mauritius/video/not_augmented/cull2_random_bg/head/224/occ/raw/centre/20230907_203553/m--20230907_203553--f000224.jpg,20230907_203553,mauritius,original,video,False,train,770.0607342920616
data/processed/mauritius/video/not_augmented/cull2_random_bg/head/224/occ/raw/centre/20230907_203553/m--20230907_203553--f000226.jpg,20230907_203553,mauritius,original,video,False,train,1317.3472061598118
data/processed/mauritius/video/not_augmented/cull2_random_bg/head/224/occ/raw/centre/20230907_203553/m--20230907_203553--f000228.jpg,20230907_203553,mauritius,original,video,False,train,1264.2060065390613
data/processed/mauritius/video/not_augmented/cull2_random_bg/head/224/occ/raw/centre/20230907_203553/m--20230907_203553--f000230.jpg,20230907_203553,mauritius,original,video,False,train,91.94775359484612
data/processed/mauritius/video/not_augmented/cull2_random_bg/head/224/occ/raw/centre/20230907_203553/m--20230907_203553--f000232.jpg,20230907_203553,mauritius,original,video,False,train,1030.410085357561
data/processed/mauritius/video/not_augmented/cull2_random_bg/head/224/occ/raw/centre/20230907_203553/m--20230907_203553--f000234.jpg,20230907_203553,mauritius,original,video,False,train,768.7394235139088
data/processed/mauritius/video/not_augmented/cull2_random_bg/head/224/occ/raw/centre/20230907_203553/m--20230907_203553--f000236.jpg,20230907_203553,mauritius,original,video,False,train,720.8517896341613
data/processed/mauritius/video/not_augmented/cull2_random_bg/head/224/occ/raw/centre/20230907_203553/m--20230907_203553--f000238.jpg,20230907_203553,mauritius,original,video,False,train,450.1103900395448
data/processed/mauritius/video/not_augmented/cull2_random_bg/head/224/occ/raw/centre/20230911_185250/m--20230911_185250--f000188.jpg,20230911_185250,mauritius,original,video,False,train,583.2189029211403
data/processed/mauritius/video/not_augmented/cull2_random_bg/head/224/occ/raw/centre/20230911_185250/m--20230911_185250--f000190.jpg,20230911_185250,mauritius,original,video,False,train,1190.2105674819118
data/processed/mauritius/video/not_augmented/cull2_random_bg/head/224/occ/raw/centre/20230911_185250/m--20230911_185250--f000194.jpg,20230911_185250,mauritius,original,video,False,train,853.9858737804154
data/processed/mauritius/video/not_augmented/cull2_random_bg/head/224/occ/raw/centre/20230911_185250/m--20230911_185250--f000196.jpg,20230911_185250,mauritius,original,video,False,train,855.6881906901832
data/processed/mauritius/video/not_augmented/cull2_random_bg/head/224/occ/raw/centre/20230911_185250/m--20230911_185250--f000198.jpg,20230911_185250,mauritius,original,video,False,train,986.4978580498685
data/processed/mauritius/video/not_augmented/cull2_random_bg/head/224/occ/raw/centre/20230911_185250/m--20230911_185250--f000200.jpg,20230911_185250,mauritius,original,video,False,train,1553.6468493748778
data/processed/mauritius/video/not_augmented/cull2_random_bg/head/224/occ/raw/centre/20230911_185250/m--20230911_185250--f000202.jpg,20230911_185250,mauritius,original,video,False,train,669.6369948301749
data/processed/mauritius/video/not_augmented/cull2_random_bg/head/224/occ/raw/centre/20230911_185250/m--20230911_185250--f000204.jpg,20230911_185250,mauritius,original,video,False,train,1103.8128721593866
data/processed/mauritius/video/not_augmented/cull2_random_bg/head/224/occ/raw/centre/20230911_185250/m--20230911_185250--f000206.jpg,20230911_185250,mauritius,original,video,False,train,1184.310955168356
data/processed/mauritius/video/not_augmented/cull2_random_bg/head/224/occ/raw/centre/20230911_185250/m--20230911_185250--f000208.jpg,20230911_185250,mauritius,original,video,False,train,837.7230761749256
data/processed/mauritius/video/not_augmented/cull2_random_bg/head/224/occ/raw/centre/20230911_185250/m--20230911_185250--f000210.jpg,20230911_185250,mauritius,original,video,False,train,797.6965075218395
data/processed/mauritius/video/not_augmented/cull2_random_bg/head/224/occ/raw/centre/20230911_185250/m--20230911_185250--f000212.jpg,20230911_185250,mauritius,original,video,False,train,661.8168052246749
data/processed/mauritius/video/not_augmented/cull2_random_bg/head/224/occ/raw/centre/20230911_185250/m--20230911_185250--f000214.jpg,20230911_185250,mauritius,original,video,False,train,1180.5640188687448
data/processed/mauritius/video/not_augmented/cull2_random_bg/head/224/occ/raw/centre/20230911_185250/m--20230911_185250--f000216.jpg,20230911_185250,mauritius,original,video,False,train,573.9500537981147
data/processed/mauritius/video/not_augmented/cull2_random_bg/head/224/occ/raw/centre/20230911_185250/m--20230911_185250--f000218.jpg,20230911_185250,mauritius,original,video,False,train,539.3080439871424
data/processed/mauritius/video/not_augmented/cull2_random_bg/head/224/occ/raw/centre/20230911_185250/m--20230911_185250--f000220.jpg,20230911_185250,mauritius,original,video,False,train,1233.431899978339
data/processed/mauritius/video/not_augmented/cull2_random_bg/head/224/occ/raw/centre/20230911_185250/m--20230911_185250--f000222.jpg,20230911_185250,mauritius,original,video,False,train,1737.887618363574
data/processed/mauritius/video/not_augmented/cull2_random_bg/head/224/occ/raw/centre/20230911_185250/m--20230911_185250--f000224.jpg,20230911_185250,mauritius,original,video,False,train,646.5290059757352
data/processed/mauritius/video/not_augmented/cull2_random_bg/head/224/occ/raw/centre/20230911_185250/m--20230911_185250--f000226.jpg,20230911_185250,mauritius,original,video,False,train,1765.7236819916693
data/processed/mauritius/video/not_augmented/cull2_random_bg/head/224/occ/raw/centre/20230911_185250/m--20230911_185250--f000228.jpg,20230911_185250,mauritius,original,video,False,train,1290.367923085166
data/processed/mauritius/video/not_augmented/cull2_random_bg/head/224/occ/raw/centre/20230911_185250/m--20230911_185250--f000230.jpg,20230911_185250,mauritius,original,video,False,train,1010.4474272177846
data/processed/mauritius/video/not_augmented/cull2_random_bg/head/224/occ/raw/centre/20230911_185250/m--20230911_185250--f000232.jpg,20230911_185250,mauritius,original,video,False,train,1842.1926751059325
data/processed/mauritius/video/not_augmented/cull2_random_bg/head/224/occ/raw/centre/20230911_185250/m--20230911_185250--f000234.jpg,20230911_185250,mauritius,original,video,False,train,1745.1048304213427
data/processed/mauritius/video/not_augmented/cull2_random_bg/head/224/occ/raw/centre/20230911_185250/m--20230911_185250--f000236.jpg,20230911_185250,mauritius,original,video,False,train,1847.394647467191
data/processed/mauritius/video/not_augmented/cull2_random_bg/head/224/occ/raw/centre/20230911_185250/m--20230911_185250--f000238.jpg,20230911_185250,mauritius,original,video,False,train,2383.238449673412
data/processed/mauritius/video/not_augmented/cull2_random_bg/head/224/occ/raw/centre/20230911_185250/m--20230911_185250--f000240.jpg,20230911_185250,mauritius,original,video,False,train,1732.3413367074809
data/processed/mauritius/video/not_augmented/cull2_random_bg/head/224/occ/raw/centre/20230911_185250/m--20230911_185250--f000242.jpg,20230911_185250,mauritius,original,video,False,train,1430.8968166731042
data/processed/mauritius/video/not_augmented/cull2_random_bg/head/224/occ/raw/centre/20230911_185250/m--20230911_185250--f000244.jpg,20230911_185250,mauritius,original,video,False,train,1730.9830699493266
data/processed/mauritius/video/not_augmented/cull2_random_bg/head/224/occ/raw/centre/20230911_185250/m--20230911_185250--f000246.jpg,20230911_185250,mauritius,original,video,False,train,747.6851056157328
data/processed/mauritius/video/not_augmented/cull2_random_bg/head/224/occ/raw/centre/20230911_185250/m--20230911_185250--f000248.jpg,20230911_185250,mauritius,original,video,False,train,1178.5640080589794
