path,identity,species,background,source,augmented,split,quality
data/processed/mauritius/video/not_augmented/cull2_pairres_green_bg/head/224/20230805_132834/m--20230805_132834--f000538.jpg,20230805_132834,mauritius,green,video,False,val,24.7544839260033
data/processed/mauritius/video/not_augmented/cull2_pairres_green_bg/head/224/20230805_132834/m--20230805_132834--f000540.jpg,20230805_132834,mauritius,green,video,False,val,188.29261001116632
data/processed/mauritius/video/not_augmented/cull2_pairres_green_bg/head/224/20230805_132834/m--20230805_132834--f000542.jpg,20230805_132834,mauritius,green,video,False,val,393.2255660076531
data/processed/mauritius/video/not_augmented/cull2_pairres_green_bg/head/224/20230805_132834/m--20230805_132834--f000544.jpg,20230805_132834,mauritius,green,video,False,val,583.1999558647789
data/processed/mauritius/video/not_augmented/cull2_pairres_green_bg/head/224/20230805_132834/m--20230805_132834--f000546.jpg,20230805_132834,mauritius,green,video,False,val,716.3978993460715
data/processed/mauritius/video/not_augmented/cull2_pairres_green_bg/head/224/20230805_132834/m--20230805_132834--f000548.jpg,20230805_132834,mauritius,green,video,False,val,807.1126632813562
data/processed/mauritius/video/not_augmented/cull2_pairres_green_bg/head/224/20230805_132834/m--20230805_132834--f000550.jpg,20230805_132834,mauritius,green,video,False,val,849.6898716513886
data/processed/mauritius/video/not_augmented/cull2_pairres_green_bg/head/224/20230805_132834/m--20230805_132834--f000552.jpg,20230805_132834,mauritius,green,video,False,val,890.3798628572322
data/processed/mauritius/video/not_augmented/cull2_pairres_green_bg/head/224/20230805_132834/m--20230805_132834--f000554.jpg,20230805_132834,mauritius,green,video,False,val,908.5441645344612
data/processed/mauritius/video/not_augmented/cull2_pairres_green_bg/head/224/20230805_132834/m--20230805_132834--f000556.jpg,20230805_132834,mauritius,green,video,False,val,947.2202048688968
data/processed/mauritius/video/not_augmented/cull2_pairres_green_bg/head/224/20230805_132834/m--20230805_132834--f000558.jpg,20230805_132834,mauritius,green,video,False,val,989.0983338632071
data/processed/mauritius/video/not_augmented/cull2_pairres_green_bg/head/224/20230805_132834/m--20230805_132834--f000560.jpg,20230805_132834,mauritius,green,video,False,val,931.7720424107143
data/processed/mauritius/video/not_augmented/cull2_pairres_green_bg/head/224/20230805_132834/m--20230805_132834--f000562.jpg,20230805_132834,mauritius,green,video,False,val,868.647799667047
data/processed/mauritius/video/not_augmented/cull2_pairres_green_bg/head/224/20230805_132834/m--20230805_132834--f000564.jpg,20230805_132834,mauritius,green,video,False,val,819.4420041438193
data/processed/mauritius/video/not_augmented/cull2_pairres_green_bg/head/224/20230805_132834/m--20230805_132834--f000566.jpg,20230805_132834,mauritius,green,video,False,val,718.6765186507619
data/processed/mauritius/video/not_augmented/cull2_pairres_green_bg/head/224/20230805_132834/m--20230805_132834--f000568.jpg,20230805_132834,mauritius,green,video,False,val,662.2866110807655
data/processed/mauritius/video/not_augmented/cull2_pairres_green_bg/head/224/20230805_132834/m--20230805_132834--f000570.jpg,20230805_132834,mauritius,green,video,False,val,570.4598014887946
data/processed/mauritius/video/not_augmented/cull2_pairres_green_bg/head/224/20230805_132834/m--20230805_132834--f000572.jpg,20230805_132834,mauritius,green,video,False,val,552.7730389014724
data/processed/mauritius/video/not_augmented/cull2_pairres_green_bg/head/224/20230805_132834/m--20230805_132834--f000574.jpg,20230805_132834,mauritius,green,video,False,val,515.6702606152713
data/processed/mauritius/video/not_augmented/cull2_pairres_green_bg/head/224/20230805_132834/m--20230805_132834--f000576.jpg,20230805_132834,mauritius,green,video,False,val,452.7826052280031
data/processed/mauritius/video/not_augmented/cull2_pairres_green_bg/head/224/20230805_132834/m--20230805_132834--f000578.jpg,20230805_132834,mauritius,green,video,False,val,421.25460374658184
data/processed/mauritius/video/not_augmented/cull2_pairres_green_bg/head/224/20230805_132834/m--20230805_132834--f000580.jpg,20230805_132834,mauritius,green,video,False,val,440.08500068240346
data/processed/mauritius/video/not_augmented/cull2_pairres_green_bg/head/224/20230805_132834/m--20230805_132834--f000582.jpg,20230805_132834,mauritius,green,video,False,val,455.6696428555541
data/processed/mauritius/video/not_augmented/cull2_pairres_green_bg/head/224/20230805_132834/m--20230805_132834--f000584.jpg,20230805_132834,mauritius,green,video,False,val,440.90541294642856
data/processed/mauritius/video/not_augmented/cull2_pairres_green_bg/head/224/20230805_132834/m--20230805_132834--f000586.jpg,20230805_132834,mauritius,green,video,False,val,404.50097655257
data/processed/mauritius/video/not_augmented/cull2_pairres_green_bg/head/224/20230805_132834/m--20230805_132834--f000588.jpg,20230805_132834,mauritius,green,video,False,val,416.3326490716803
data/processed/mauritius/video/not_augmented/cull2_pairres_green_bg/head/224/20230805_132834/m--20230805_132834--f000590.jpg,20230805_132834,mauritius,green,video,False,val,421.9729153344354
data/processed/mauritius/video/not_augmented/cull2_pairres_green_bg/head/224/20230805_145141/m--20230805_145141--f000694.jpg,20230805_145141,mauritius,green,video,False,test,281.37266820433337
data/processed/mauritius/video/not_augmented/cull2_pairres_green_bg/head/224/20230805_145141/m--20230805_145141--f000702.jpg,20230805_145141,mauritius,green,video,False,test,572.4261599135169
data/processed/mauritius/video/not_augmented/cull2_pairres_green_bg/head/224/20230805_145141/m--20230805_145141--f000704.jpg,20230805_145141,mauritius,green,video,False,test,505.86104910078774
data/processed/mauritius/video/not_augmented/cull2_pairres_green_bg/head/224/20230805_145141/m--20230805_145141--f000706.jpg,20230805_145141,mauritius,green,video,False,test,492.62741149201685
data/processed/mauritius/video/not_augmented/cull2_pairres_green_bg/head/224/20230805_145141/m--20230805_145141--f000708.jpg,20230805_145141,mauritius,green,video,False,test,493.6300821010394
data/processed/mauritius/video/not_augmented/cull2_pairres_green_bg/head/224/20230805_145141/m--20230805_145141--f000710.jpg,20230805_145141,mauritius,green,video,False,test,438.977818048184
data/processed/mauritius/video/not_augmented/cull2_pairres_green_bg/head/224/20230805_145141/m--20230805_145141--f000712.jpg,20230805_145141,mauritius,green,video,False,test,409.53055242318396
data/processed/mauritius/video/not_augmented/cull2_pairres_green_bg/head/224/20230805_145141/m--20230805_145141--f000714.jpg,20230805_145141,mauritius,green,video,False,test,387.37703280466786
data/processed/mauritius/video/not_augmented/cull2_pairres_green_bg/head/224/20230805_145141/m--20230805_145141--f000716.jpg,20230805_145141,mauritius,green,video,False,test,368.69485402415063
data/processed/mauritius/video/not_augmented/cull2_pairres_green_bg/head/224/20230805_145141/m--20230805_145141--f000718.jpg,20230805_145141,mauritius,green,video,False,test,368.2047393076721
data/processed/mauritius/video/not_augmented/cull2_pairres_green_bg/head/224/20230805_145141/m--20230805_145141--f000720.jpg,20230805_145141,mauritius,green,video,False,test,354.38478555127216
data/processed/mauritius/video/not_augmented/cull2_pairres_green_bg/head/224/20230805_145141/m--20230805_145141--f000722.jpg,20230805_145141,mauritius,green,video,False,test,327.23024937829496
data/processed/mauritius/video/not_augmented/cull2_pairres_green_bg/head/224/20230805_145141/m--20230805_145141--f000724.jpg,20230805_145141,mauritius,green,video,False,test,303.81020795281154
data/processed/mauritius/video/not_augmented/cull2_pairres_green_bg/head/224/20230805_145141/m--20230805_145141--f000726.jpg,20230805_145141,mauritius,green,video,False,test,267.7520726023987
data/processed/mauritius/video/not_augmented/cull2_pairres_green_bg/head/224/20230805_145141/m--20230805_145141--f000728.jpg,20230805_145141,mauritius,green,video,False,test,197.33444267210984
data/processed/mauritius/video/not_augmented/cull2_pairres_green_bg/head/224/20230805_145141/m--20230805_145141--f000730.jpg,20230805_145141,mauritius,green,video,False,test,213.75468351363338
data/processed/mauritius/video/not_augmented/cull2_pairres_green_bg/head/224/20230805_145141/m--20230805_145141--f000732.jpg,20230805_145141,mauritius,green,video,False,test,198.37509962977197
data/processed/mauritius/video/not_augmented/cull2_pairres_green_bg/head/224/20230805_145141/m--20230805_145141--f000734.jpg,20230805_145141,mauritius,green,video,False,test,204.93706151794663
data/processed/mauritius/video/not_augmented/cull2_pairres_green_bg/head/224/20230805_145141/m--20230805_145141--f000736.jpg,20230805_145141,mauritius,green,video,False,test,178.769272158415
data/processed/mauritius/video/not_augmented/cull2_pairres_green_bg/head/224/20230805_145141/m--20230805_145141--f000738.jpg,20230805_145141,mauritius,green,video,False,test,213.74469863529353
data/processed/mauritius/video/not_augmented/cull2_pairres_green_bg/head/224/20230805_145141/m--20230805_145141--f000740.jpg,20230805_145141,mauritius,green,video,False,test,232.77092633293054
data/processed/mauritius/video/not_augmented/cull2_pairres_green_bg/head/224/20230805_145141/m--20230805_145141--f000742.jpg,20230805_145141,mauritius,green,video,False,test,264.54577879129175
data/processed/mauritius/video/not_augmented/cull2_pairres_green_bg/head/224/20230805_145141/m--20230805_145141--f000934.jpg,20230805_145141,mauritius,green,video,False,test,347.16691244864955
data/processed/mauritius/video/not_augmented/cull2_pairres_green_bg/head/224/20230805_145141/m--20230805_145141--f000936.jpg,20230805_145141,mauritius,green,video,False,test,205.51277499971462
data/processed/mauritius/video/not_augmented/cull2_pairres_green_bg/head/224/20230805_145141/m--20230805_145141--f000996.jpg,20230805_145141,mauritius,green,video,False,test,43.75571986249664
data/processed/mauritius/video/not_augmented/cull2_pairres_green_bg/head/224/20230805_145141/m--20230805_145141--f000998.jpg,20230805_145141,mauritius,green,video,False,test,47.92325015904158
data/processed/mauritius/video/not_augmented/cull2_pairres_green_bg/head/224/20230805_145141/m--20230805_145141--f001000.jpg,20230805_145141,mauritius,green,video,False,test,49.39090394000619
data/processed/mauritius/video/not_augmented/cull2_pairres_green_bg/head/224/20230805_145141/m--20230805_145141--f001002.jpg,20230805_145141,mauritius,green,video,False,test,50.493024528150706
data/processed/mauritius/video/not_augmented/cull2_pairres_green_bg/head/224/20230805_145141/m--20230805_145141--f001060.jpg,20230805_145141,mauritius,green,video,False,test,13.03485681572739
data/processed/mauritius/video/not_augmented/cull2_pairres_green_bg/head/224/20230805_145141/m--20230805_145141--f001062.jpg,20230805_145141,mauritius,green,video,False,test,15.209622090382162
data/processed/mauritius/video/not_augmented/cull2_pairres_green_bg/head/224/20230805_145141/m--20230805_145141--f001064.jpg,20230805_145141,mauritius,green,video,False,test,24.204619690459356
data/processed/mauritius/video/not_augmented/cull2_pairres_green_bg/head/224/20230805_150231/m--20230805_150231--f000134.jpg,20230805_150231,mauritius,green,video,False,train,128.31469227680807
data/processed/mauritius/video/not_augmented/cull2_pairres_green_bg/head/224/20230805_150231/m--20230805_150231--f000136.jpg,20230805_150231,mauritius,green,video,False,train,35.757094985790324
data/processed/mauritius/video/not_augmented/cull2_pairres_green_bg/head/224/20230805_150231/m--20230805_150231--f000138.jpg,20230805_150231,mauritius,green,video,False,train,434.51951131975585
data/processed/mauritius/video/not_augmented/cull2_pairres_green_bg/head/224/20230805_150231/m--20230805_150231--f000140.jpg,20230805_150231,mauritius,green,video,False,train,721.086296235656
data/processed/mauritius/video/not_augmented/cull2_pairres_green_bg/head/224/20230805_150231/m--20230805_150231--f000142.jpg,20230805_150231,mauritius,green,video,False,train,346.02752311822525
data/processed/mauritius/video/not_augmented/cull2_pairres_green_bg/head/224/20230805_150231/m--20230805_150231--f000144.jpg,20230805_150231,mauritius,green,video,False,train,277.87810904976726
data/processed/mauritius/video/not_augmented/cull2_pairres_green_bg/head/224/20230805_150231/m--20230805_150231--f000146.jpg,20230805_150231,mauritius,green,video,False,train,323.3705357142857
data/processed/mauritius/video/not_augmented/cull2_pairres_green_bg/head/224/20230805_150231/m--20230805_150231--f000148.jpg,20230805_150231,mauritius,green,video,False,train,262.69903937144755
data/processed/mauritius/video/not_augmented/cull2_pairres_green_bg/head/224/20230805_150231/m--20230805_150231--f000470.jpg,20230805_150231,mauritius,green,video,False,train,97.5162825097843
data/processed/mauritius/video/not_augmented/cull2_pairres_green_bg/head/224/20230805_150231/m--20230805_150231--f000472.jpg,20230805_150231,mauritius,green,video,False,train,92.24740896101844
data/processed/mauritius/video/not_augmented/cull2_pairres_green_bg/head/224/20230805_150231/m--20230805_150231--f000474.jpg,20230805_150231,mauritius,green,video,False,train,83.71669721583532
data/processed/mauritius/video/not_augmented/cull2_pairres_green_bg/head/224/20230805_150231/m--20230805_150231--f000476.jpg,20230805_150231,mauritius,green,video,False,train,67.17273177330021
data/processed/mauritius/video/not_augmented/cull2_pairres_green_bg/head/224/20230805_150231/m--20230805_150231--f000478.jpg,20230805_150231,mauritius,green,video,False,train,39.02036824637481
data/processed/mauritius/video/not_augmented/cull2_pairres_green_bg/head/224/20230805_150231/m--20230805_150231--f000480.jpg,20230805_150231,mauritius,green,video,False,train,43.17950811191481
data/processed/mauritius/video/not_augmented/cull2_pairres_green_bg/head/224/20230805_150231/m--20230805_150231--f000482.jpg,20230805_150231,mauritius,green,video,False,train,46.806002741205546
data/processed/mauritius/video/not_augmented/cull2_pairres_green_bg/head/224/20230805_150231/m--20230805_150231--f000484.jpg,20230805_150231,mauritius,green,video,False,train,49.914102358105076
data/processed/mauritius/video/not_augmented/cull2_pairres_green_bg/head/224/20230805_150231/m--20230805_150231--f000486.jpg,20230805_150231,mauritius,green,video,False,train,32.353495694755864
data/processed/mauritius/video/not_augmented/cull2_pairres_green_bg/head/224/20230805_150231/m--20230805_150231--f000488.jpg,20230805_150231,mauritius,green,video,False,train,49.98854019462144
data/processed/mauritius/video/not_augmented/cull2_pairres_green_bg/head/224/20230805_150231/m--20230805_150231--f000490.jpg,20230805_150231,mauritius,green,video,False,train,56.42317042058828
data/processed/mauritius/video/not_augmented/cull2_pairres_green_bg/head/224/20230805_150231/m--20230805_150231--f000548.jpg,20230805_150231,mauritius,green,video,False,train,29.23194355231829
data/processed/mauritius/video/not_augmented/cull2_pairres_green_bg/head/224/20230805_150231/m--20230805_150231--f000800.jpg,20230805_150231,mauritius,green,video,False,train,497.35114376309616
data/processed/mauritius/video/not_augmented/cull2_pairres_green_bg/head/224/20230805_150231/m--20230805_150231--f000804.jpg,20230805_150231,mauritius,green,video,False,train,143.97967136387825
data/processed/mauritius/video/not_augmented/cull2_pairres_green_bg/head/224/20230805_150231/m--20230805_150231--f000806.jpg,20230805_150231,mauritius,green,video,False,train,76.30600264111145
data/processed/mauritius/video/not_augmented/cull2_pairres_green_bg/head/224/20230805_150231/m--20230805_150231--f000828.jpg,20230805_150231,mauritius,green,video,False,train,26.424944182129412
data/processed/mauritius/video/not_augmented/cull2_pairres_green_bg/head/224/20230805_150231/m--20230805_150231--f000830.jpg,20230805_150231,mauritius,green,video,False,train,31.065290172216248
data/processed/mauritius/video/not_augmented/cull2_pairres_green_bg/head/224/20230805_150231/m--20230805_150231--f000832.jpg,20230805_150231,mauritius,green,video,False,train,38.25071734579738
data/processed/mauritius/video/not_augmented/cull2_pairres_green_bg/head/224/20230805_150231/m--20230805_150231--f000840.jpg,20230805_150231,mauritius,green,video,False,train,141.7722416694638
data/processed/mauritius/video/not_augmented/cull2_pairres_green_bg/head/224/20230805_150231/m--20230805_150231--f000844.jpg,20230805_150231,mauritius,green,video,False,train,73.59506536354279
data/processed/mauritius/video/not_augmented/cull2_pairres_green_bg/head/224/20230805_150231/m--20230805_150231--f000846.jpg,20230805_150231,mauritius,green,video,False,train,123.90515379129175
data/processed/mauritius/video/not_augmented/cull2_pairres_green_bg/head/224/20230805_150231/m--20230805_150231--f000848.jpg,20230805_150231,mauritius,green,video,False,train,101.8388072692668
data/processed/mauritius/video/not_augmented/cull2_pairres_green_bg/head/224/20230805_150231/m--20230805_150231--f000850.jpg,20230805_150231,mauritius,green,video,False,train,44.24639268777412
data/processed/mauritius/video/not_augmented/cull2_pairres_green_bg/head/224/20230805_150231/m--20230805_150231--f000852.jpg,20230805_150231,mauritius,green,video,False,train,35.733298786676514
data/processed/mauritius/video/not_augmented/cull2_pairres_green_bg/head/224/20230805_150231/m--20230805_150231--f000854.jpg,20230805_150231,mauritius,green,video,False,train,50.14957349770072
data/processed/mauritius/video/not_augmented/cull2_pairres_green_bg/head/224/20230805_150231/m--20230805_150231--f000856.jpg,20230805_150231,mauritius,green,video,False,train,110.0699536340627
data/processed/mauritius/video/not_augmented/cull2_pairres_green_bg/head/224/20230805_150231/m--20230805_150231--f000858.jpg,20230805_150231,mauritius,green,video,False,train,191.55504615939392
data/processed/mauritius/video/not_augmented/cull2_pairres_green_bg/head/224/20230805_150231/m--20230805_150231--f000860.jpg,20230805_150231,mauritius,green,video,False,train,125.03188775351323
data/processed/mauritius/video/not_augmented/cull2_pairres_green_bg/head/224/20230805_150231/m--20230805_150231--f000862.jpg,20230805_150231,mauritius,green,video,False,train,115.24750867976292
data/processed/mauritius/video/not_augmented/cull2_pairres_green_bg/head/224/20230805_150231/m--20230805_150231--f000864.jpg,20230805_150231,mauritius,green,video,False,train,127.24523665179119
data/processed/mauritius/video/not_augmented/cull2_pairres_green_bg/head/224/20230805_150231/m--20230805_150231--f000866.jpg,20230805_150231,mauritius,green,video,False,train,155.01472815649055
data/processed/mauritius/video/not_augmented/cull2_pairres_green_bg/head/224/20230805_150231/m--20230805_150231--f000868.jpg,20230805_150231,mauritius,green,video,False,train,191.27407525351325
data/processed/mauritius/video/not_augmented/cull2_pairres_green_bg/head/224/20230805_150231/m--20230805_150231--f000870.jpg,20230805_150231,mauritius,green,video,False,train,239.65692760049674
data/processed/mauritius/video/not_augmented/cull2_pairres_green_bg/head/224/20230805_150231/m--20230805_150231--f000872.jpg,20230805_150231,mauritius,green,video,False,train,586.6438536097834
data/processed/mauritius/video/not_augmented/cull2_pairres_green_bg/head/224/20230805_150231/m--20230805_150231--f000874.jpg,20230805_150231,mauritius,green,video,False,train,854.1890345946395
data/processed/mauritius/video/not_augmented/cull2_pairres_green_bg/head/224/20230805_150231/m--20230805_150231--f000876.jpg,20230805_150231,mauritius,green,video,False,train,1175.8392458530031
data/processed/mauritius/video/not_augmented/cull2_pairres_green_bg/head/224/20230805_150231/m--20230805_150231--f000878.jpg,20230805_150231,mauritius,green,video,False,train,1105.4766621456602
data/processed/mauritius/video/not_augmented/cull2_pairres_green_bg/head/224/20230805_150231/m--20230805_150231--f000880.jpg,20230805_150231,mauritius,green,video,False,train,1015.7629743204271
data/processed/mauritius/video/not_augmented/cull2_pairres_green_bg/head/224/20230805_150231/m--20230805_150231--f000888.jpg,20230805_150231,mauritius,green,video,False,train,733.0571587946654
data/processed/mauritius/video/not_augmented/cull2_pairres_green_bg/head/224/20230805_150231/m--20230805_150231--f000892.jpg,20230805_150231,mauritius,green,video,False,train,2174.4835578663456
data/processed/mauritius/video/not_augmented/cull2_pairres_green_bg/head/224/20230805_150231/m--20230805_150231--f000934.jpg,20230805_150231,mauritius,green,video,False,train,191.92675756425075
data/processed/mauritius/video/not_augmented/cull2_pairres_green_bg/head/224/20230805_150231/m--20230805_150231--f000940.jpg,20230805_150231,mauritius,green,video,False,train,478.7903977993477
data/processed/mauritius/video/not_augmented/cull2_pairres_green_bg/head/224/20230805_150231/m--20230805_150231--f000948.jpg,20230805_150231,mauritius,green,video,False,train,790.8852239920169
data/processed/mauritius/video/not_augmented/cull2_pairres_green_bg/head/224/20230805_150231/m--20230805_150231--f000950.jpg,20230805_150231,mauritius,green,video,False,train,686.803750793619
data/processed/mauritius/video/not_augmented/cull2_pairres_green_bg/head/224/20230805_150231/m--20230805_150231--f000952.jpg,20230805_150231,mauritius,green,video,False,train,283.8587770267409
data/processed/mauritius/video/not_augmented/cull2_pairres_green_bg/head/224/20230805_150231/m--20230805_150231--f000954.jpg,20230805_150231,mauritius,green,video,False,train,612.4317203380325
data/processed/mauritius/video/not_augmented/cull2_pairres_green_bg/head/224/20230805_150231/m--20230805_150231--f000956.jpg,20230805_150231,mauritius,green,video,False,train,473.79825015586397
data/processed/mauritius/video/not_augmented/cull2_pairres_green_bg/head/224/20230805_150231/m--20230805_150231--f000962.jpg,20230805_150231,mauritius,green,video,False,train,255.9556160874786
data/processed/mauritius/video/not_augmented/cull2_pairres_green_bg/head/224/20230805_150231/m--20230805_150231--f000964.jpg,20230805_150231,mauritius,green,video,False,train,136.13918989214088
data/processed/mauritius/video/not_augmented/cull2_pairres_green_bg/head/224/20230805_150231/m--20230805_150231--f000966.jpg,20230805_150231,mauritius,green,video,False,train,222.38113839126834
data/processed/mauritius/video/not_augmented/cull2_pairres_green_bg/head/224/20230805_150231/m--20230805_150231--f001026.jpg,20230805_150231,mauritius,green,video,False,train,182.77441385238183
data/processed/mauritius/video/not_augmented/cull2_pairres_green_bg/head/224/20230807_060504/m--20230807_060504--f000170.jpg,20230807_060504,mauritius,green,video,False,train,39.059111919665234
data/processed/mauritius/video/not_augmented/cull2_pairres_green_bg/head/224/20230807_060504/m--20230807_060504--f000172.jpg,20230807_060504,mauritius,green,video,False,train,43.63564253826531
data/processed/mauritius/video/not_augmented/cull2_pairres_green_bg/head/224/20230807_060504/m--20230807_060504--f000174.jpg,20230807_060504,mauritius,green,video,False,train,76.54530047496525
data/processed/mauritius/video/not_augmented/cull2_pairres_green_bg/head/224/20230807_060504/m--20230807_060504--f000176.jpg,20230807_060504,mauritius,green,video,False,train,62.148197706318655
data/processed/mauritius/video/not_augmented/cull2_pairres_green_bg/head/224/20230807_060504/m--20230807_060504--f000178.jpg,20230807_060504,mauritius,green,video,False,train,64.1298628683539
data/processed/mauritius/video/not_augmented/cull2_pairres_green_bg/head/224/20230807_060504/m--20230807_060504--f000180.jpg,20230807_060504,mauritius,green,video,False,train,191.818020519541
data/processed/mauritius/video/not_augmented/cull2_pairres_green_bg/head/224/20230807_060504/m--20230807_060504--f000182.jpg,20230807_060504,mauritius,green,video,False,train,97.91844700912989
data/processed/mauritius/video/not_augmented/cull2_pairres_green_bg/head/224/20230807_060504/m--20230807_060504--f000184.jpg,20230807_060504,mauritius,green,video,False,train,58.86750637596223
data/processed/mauritius/video/not_augmented/cull2_pairres_green_bg/head/224/20230807_060504/m--20230807_060504--f000186.jpg,20230807_060504,mauritius,green,video,False,train,45.974529496732735
data/processed/mauritius/video/not_augmented/cull2_pairres_green_bg/head/224/20230807_060504/m--20230807_060504--f000188.jpg,20230807_060504,mauritius,green,video,False,train,62.197006393601036
data/processed/mauritius/video/not_augmented/cull2_pairres_green_bg/head/224/20230807_060504/m--20230807_060504--f000190.jpg,20230807_060504,mauritius,green,video,False,train,79.62470098516933
data/processed/mauritius/video/not_augmented/cull2_pairres_green_bg/head/224/20230807_060504/m--20230807_060504--f000236.jpg,20230807_060504,mauritius,green,video,False,train,310.62234884378864
data/processed/mauritius/video/not_augmented/cull2_pairres_green_bg/head/224/20230807_060504/m--20230807_060504--f000238.jpg,20230807_060504,mauritius,green,video,False,train,384.75665652915774
data/processed/mauritius/video/not_augmented/cull2_pairres_green_bg/head/224/20230807_060504/m--20230807_060504--f000240.jpg,20230807_060504,mauritius,green,video,False,train,380.0722247723092
data/processed/mauritius/video/not_augmented/cull2_pairres_green_bg/head/224/20230807_060504/m--20230807_060504--f000242.jpg,20230807_060504,mauritius,green,video,False,train,269.09378973100144
data/processed/mauritius/video/not_augmented/cull2_pairres_green_bg/head/224/20230807_060504/m--20230807_060504--f000244.jpg,20230807_060504,mauritius,green,video,False,train,204.0008170756634
data/processed/mauritius/video/not_augmented/cull2_pairres_green_bg/head/224/20230807_060504/m--20230807_060504--f000246.jpg,20230807_060504,mauritius,green,video,False,train,200.13315127522486
data/processed/mauritius/video/not_augmented/cull2_pairres_green_bg/head/224/20230807_060504/m--20230807_060504--f000248.jpg,20230807_060504,mauritius,green,video,False,train,130.01763779975036
data/processed/mauritius/video/not_augmented/cull2_pairres_green_bg/head/224/20230807_060504/m--20230807_060504--f000250.jpg,20230807_060504,mauritius,green,video,False,train,61.10726243463569
data/processed/mauritius/video/not_augmented/cull2_pairres_green_bg/head/224/20230807_060504/m--20230807_060504--f000252.jpg,20230807_060504,mauritius,green,video,False,train,56.33344626555787
data/processed/mauritius/video/not_augmented/cull2_pairres_green_bg/head/224/20230807_060504/m--20230807_060504--f000254.jpg,20230807_060504,mauritius,green,video,False,train,49.29908720308024
data/processed/mauritius/video/not_augmented/cull2_pairres_green_bg/head/224/20230807_060504/m--20230807_060504--f000256.jpg,20230807_060504,mauritius,green,video,False,train,40.88536332816395
data/processed/mauritius/video/not_augmented/cull2_pairres_green_bg/head/224/20230807_060504/m--20230807_060504--f000258.jpg,20230807_060504,mauritius,green,video,False,train,30.992964220265456
data/processed/mauritius/video/not_augmented/cull2_pairres_green_bg/head/224/20230807_060504/m--20230807_060504--f000260.jpg,20230807_060504,mauritius,green,video,False,train,25.61874179927472
data/processed/mauritius/video/not_augmented/cull2_pairres_green_bg/head/224/20230807_060504/m--20230807_060504--f000262.jpg,20230807_060504,mauritius,green,video,False,train,20.981903387575738
data/processed/mauritius/video/not_augmented/cull2_pairres_green_bg/head/224/20230807_060504/m--20230807_060504--f000264.jpg,20230807_060504,mauritius,green,video,False,train,15.777861411250765
data/processed/mauritius/video/not_augmented/cull2_pairres_green_bg/head/224/20230807_060504/m--20230807_060504--f000266.jpg,20230807_060504,mauritius,green,video,False,train,13.01825568259929
data/processed/mauritius/video/not_augmented/cull2_pairres_green_bg/head/224/20230807_060504/m--20230807_060504--f000268.jpg,20230807_060504,mauritius,green,video,False,train,10.42787386446583
data/processed/mauritius/video/not_augmented/cull2_pairres_green_bg/head/224/20230807_060504/m--20230807_060504--f000270.jpg,20230807_060504,mauritius,green,video,False,train,9.690270000475241
data/processed/mauritius/video/not_augmented/cull2_pairres_green_bg/head/224/20230807_060504/m--20230807_060504--f000272.jpg,20230807_060504,mauritius,green,video,False,train,6.899991950210261
data/processed/mauritius/video/not_augmented/cull2_pairres_green_bg/head/224/20230807_060504/m--20230807_060504--f000274.jpg,20230807_060504,mauritius,green,video,False,train,7.254922068054506
data/processed/mauritius/video/not_augmented/cull2_pairres_green_bg/head/224/20230807_060504/m--20230807_060504--f000860.jpg,20230807_060504,mauritius,green,video,False,train,77.0272037545029
data/processed/mauritius/video/not_augmented/cull2_pairres_green_bg/head/224/20230807_060504/m--20230807_060504--f000862.jpg,20230807_060504,mauritius,green,video,False,train,8.53320311864482
data/processed/mauritius/video/not_augmented/cull2_pairres_green_bg/head/224/20230807_060504/m--20230807_060504--f000864.jpg,20230807_060504,mauritius,green,video,False,train,6.266840653536667
data/processed/mauritius/video/not_augmented/cull2_pairres_green_bg/head/224/20230807_060504/m--20230807_060504--f001412.jpg,20230807_060504,mauritius,green,video,False,train,15.26666135045202
data/processed/mauritius/video/not_augmented/cull2_pairres_green_bg/head/224/20230807_060504/m--20230807_060504--f001414.jpg,20230807_060504,mauritius,green,video,False,train,19.16392298749664
data/processed/mauritius/video/not_augmented/cull2_pairres_green_bg/head/224/20230807_060504/m--20230807_060504--f001416.jpg,20230807_060504,mauritius,green,video,False,train,16.88749583886594
data/processed/mauritius/video/not_augmented/cull2_pairres_green_bg/head/224/20230807_060504/m--20230807_060504--f001418.jpg,20230807_060504,mauritius,green,video,False,train,31.05941078435476
data/processed/mauritius/video/not_augmented/cull2_pairres_green_bg/head/224/20230807_060504/m--20230807_060504--f001420.jpg,20230807_060504,mauritius,green,video,False,train,26.305185698112414
data/processed/mauritius/video/not_augmented/cull2_pairres_green_bg/head/224/20230831_133920/m--20230831_133920--f000140.jpg,20230831_133920,mauritius,green,video,False,val,15.277084652059827
data/processed/mauritius/video/not_augmented/cull2_pairres_green_bg/head/224/20230831_133920/m--20230831_133920--f000142.jpg,20230831_133920,mauritius,green,video,False,val,14.856226044463796
data/processed/mauritius/video/not_augmented/cull2_pairres_green_bg/head/224/20230831_133920/m--20230831_133920--f000144.jpg,20230831_133920,mauritius,green,video,False,val,15.314532787191128
data/processed/mauritius/video/not_augmented/cull2_pairres_green_bg/head/224/20230831_133920/m--20230831_133920--f000146.jpg,20230831_133920,mauritius,green,video,False,val,17.050601849204444
data/processed/mauritius/video/not_augmented/cull2_pairres_green_bg/head/224/20230831_133920/m--20230831_133920--f000148.jpg,20230831_133920,mauritius,green,video,False,val,18.404177289563187
data/processed/mauritius/video/not_augmented/cull2_pairres_green_bg/head/224/20230831_133920/m--20230831_133920--f000194.jpg,20230831_133920,mauritius,green,video,False,val,740.3437699103843
data/processed/mauritius/video/not_augmented/cull2_pairres_green_bg/head/224/20230831_133920/m--20230831_133920--f000196.jpg,20230831_133920,mauritius,green,video,False,val,770.0103634187253
data/processed/mauritius/video/not_augmented/cull2_pairres_green_bg/head/224/20230831_133920/m--20230831_133920--f000198.jpg,20230831_133920,mauritius,green,video,False,val,729.8478555230487
data/processed/mauritius/video/not_augmented/cull2_pairres_green_bg/head/224/20230831_133920/m--20230831_133920--f000200.jpg,20230831_133920,mauritius,green,video,False,val,762.521265143109
data/processed/mauritius/video/not_augmented/cull2_pairres_green_bg/head/224/20230831_133920/m--20230831_133920--f000202.jpg,20230831_133920,mauritius,green,video,False,val,705.7247488803537
data/processed/mauritius/video/not_augmented/cull2_pairres_green_bg/head/224/20230831_133920/m--20230831_133920--f000204.jpg,20230831_133920,mauritius,green,video,False,val,613.082469681212
data/processed/mauritius/video/not_augmented/cull2_pairres_green_bg/head/224/20230831_133920/m--20230831_133920--f000206.jpg,20230831_133920,mauritius,green,video,False,val,715.900430444974
data/processed/mauritius/video/not_augmented/cull2_pairres_green_bg/head/224/20230831_133920/m--20230831_133920--f000208.jpg,20230831_133920,mauritius,green,video,False,val,809.1647401147959
data/processed/mauritius/video/not_augmented/cull2_pairres_green_bg/head/224/20230831_133920/m--20230831_133920--f001046.jpg,20230831_133920,mauritius,green,video,False,val,303.7454958402927
data/processed/mauritius/video/not_augmented/cull2_pairres_green_bg/head/224/20230831_133920/m--20230831_133920--f001048.jpg,20230831_133920,mauritius,green,video,False,val,160.6558912230352
data/processed/mauritius/video/not_augmented/cull2_pairres_green_bg/head/224/20230831_133920/m--20230831_133920--f001368.jpg,20230831_133920,mauritius,green,video,False,val,46.19349881680197
data/processed/mauritius/video/not_augmented/cull2_pairres_green_bg/head/224/20230831_133920/m--20230831_133920--f001370.jpg,20230831_133920,mauritius,green,video,False,val,54.32655053216186
data/processed/mauritius/video/not_augmented/cull2_pairres_green_bg/head/224/20230831_133920/m--20230831_133920--f001372.jpg,20230831_133920,mauritius,green,video,False,val,49.437858697525016
data/processed/mauritius/video/not_augmented/cull2_pairres_green_bg/head/224/20230831_135124/m--20230831_135124--f000140.jpg,20230831_135124,mauritius,green,video,False,train,58.58659518455178
data/processed/mauritius/video/not_augmented/cull2_pairres_green_bg/head/224/20230831_135124/m--20230831_135124--f000142.jpg,20230831_135124,mauritius,green,video,False,train,93.09143813139993
data/processed/mauritius/video/not_augmented/cull2_pairres_green_bg/head/224/20230831_135124/m--20230831_135124--f000146.jpg,20230831_135124,mauritius,green,video,False,train,188.72048360712574
data/processed/mauritius/video/not_augmented/cull2_pairres_green_bg/head/224/20230831_135124/m--20230831_135124--f000148.jpg,20230831_135124,mauritius,green,video,False,train,204.69172502586815
data/processed/mauritius/video/not_augmented/cull2_pairres_green_bg/head/224/20230831_135124/m--20230831_135124--f000152.jpg,20230831_135124,mauritius,green,video,False,train,299.577188007636
data/processed/mauritius/video/not_augmented/cull2_pairres_green_bg/head/224/20230831_135124/m--20230831_135124--f000154.jpg,20230831_135124,mauritius,green,video,False,train,471.18172033803256
data/processed/mauritius/video/not_augmented/cull2_pairres_green_bg/head/224/20230831_135124/m--20230831_135124--f000156.jpg,20230831_135124,mauritius,green,video,False,train,582.2948421492572
data/processed/mauritius/video/not_augmented/cull2_pairres_green_bg/head/224/20230831_135124/m--20230831_135124--f000158.jpg,20230831_135124,mauritius,green,video,False,train,582.5383646657992
data/processed/mauritius/video/not_augmented/cull2_pairres_green_bg/head/224/20230831_135124/m--20230831_135124--f000160.jpg,20230831_135124,mauritius,green,video,False,train,686.9453722859661
data/processed/mauritius/video/not_augmented/cull2_pairres_green_bg/head/224/20230831_135124/m--20230831_135124--f000162.jpg,20230831_135124,mauritius,green,video,False,train,893.909558297395
data/processed/mauritius/video/not_augmented/cull2_pairres_green_bg/head/224/20230831_135124/m--20230831_135124--f000164.jpg,20230831_135124,mauritius,green,video,False,train,1111.8799625314905
data/processed/mauritius/video/not_augmented/cull2_pairres_green_bg/head/224/20230831_135124/m--20230831_135124--f000166.jpg,20230831_135124,mauritius,green,video,False,train,1224.967833225452
data/processed/mauritius/video/not_augmented/cull2_pairres_green_bg/head/224/20230831_135124/m--20230831_135124--f000168.jpg,20230831_135124,mauritius,green,video,False,train,1363.8756175356973
data/processed/mauritius/video/not_augmented/cull2_pairres_green_bg/head/224/20230831_135124/m--20230831_135124--f000170.jpg,20230831_135124,mauritius,green,video,False,train,1579.2697304912726
data/processed/mauritius/video/not_augmented/cull2_pairres_green_bg/head/224/20230831_135124/m--20230831_135124--f000172.jpg,20230831_135124,mauritius,green,video,False,train,831.8430723280073
data/processed/mauritius/video/not_augmented/cull2_pairres_green_bg/head/224/20230831_135124/m--20230831_135124--f000174.jpg,20230831_135124,mauritius,green,video,False,train,1518.6665935901638
data/processed/mauritius/video/not_augmented/cull2_pairres_green_bg/head/224/20230831_135124/m--20230831_135124--f000176.jpg,20230831_135124,mauritius,green,video,False,train,1741.8351402664025
data/processed/mauritius/video/not_augmented/cull2_pairres_green_bg/head/224/20230831_135124/m--20230831_135124--f000178.jpg,20230831_135124,mauritius,green,video,False,train,1872.5389229874968
data/processed/mauritius/video/not_augmented/cull2_pairres_green_bg/head/224/20230831_135124/m--20230831_135124--f000180.jpg,20230831_135124,mauritius,green,video,False,train,1930.3861208402927
data/processed/mauritius/video/not_augmented/cull2_pairres_green_bg/head/224/20230831_135124/m--20230831_135124--f000182.jpg,20230831_135124,mauritius,green,video,False,train,1821.136658785295
data/processed/mauritius/video/not_augmented/cull2_pairres_green_bg/head/224/20230831_135124/m--20230831_135124--f000184.jpg,20230831_135124,mauritius,green,video,False,train,1819.033661507905
data/processed/mauritius/video/not_augmented/cull2_pairres_green_bg/head/224/20230831_135124/m--20230831_135124--f000186.jpg,20230831_135124,mauritius,green,video,False,train,1791.9523278061224
data/processed/mauritius/video/not_augmented/cull2_pairres_green_bg/head/224/20230831_135124/m--20230831_135124--f000188.jpg,20230831_135124,mauritius,green,video,False,train,1740.9577685395461
data/processed/mauritius/video/not_augmented/cull2_pairres_green_bg/head/224/20230831_135124/m--20230831_135124--f000190.jpg,20230831_135124,mauritius,green,video,False,train,1676.5305723073532
data/processed/mauritius/video/not_augmented/cull2_pairres_green_bg/head/224/20230831_135124/m--20230831_135124--f000192.jpg,20230831_135124,mauritius,green,video,False,train,1647.3710338933327
data/processed/mauritius/video/not_augmented/cull2_pairres_green_bg/head/224/20230831_135124/m--20230831_135124--f000194.jpg,20230831_135124,mauritius,green,video,False,train,1505.8791053562252
data/processed/mauritius/video/not_augmented/cull2_pairres_green_bg/head/224/20230831_135124/m--20230831_135124--f000196.jpg,20230831_135124,mauritius,green,video,False,train,1360.375259039949
data/processed/mauritius/video/not_augmented/cull2_pairres_green_bg/head/224/20230831_135124/m--20230831_135124--f000198.jpg,20230831_135124,mauritius,green,video,False,train,1273.6739477024928
data/processed/mauritius/video/not_augmented/cull2_pairres_green_bg/head/224/20230831_135124/m--20230831_135124--f000200.jpg,20230831_135124,mauritius,green,video,False,train,1192.0695950239215
data/processed/mauritius/video/not_augmented/cull2_pairres_green_bg/head/224/20230831_135124/m--20230831_135124--f000202.jpg,20230831_135124,mauritius,green,video,False,train,989.6150549964476
data/processed/mauritius/video/not_augmented/cull2_pairres_green_bg/head/224/20230831_135124/m--20230831_135124--f000204.jpg,20230831_135124,mauritius,green,video,False,train,824.5036471298167
data/processed/mauritius/video/not_augmented/cull2_pairres_green_bg/head/224/20230831_135124/m--20230831_135124--f000206.jpg,20230831_135124,mauritius,green,video,False,train,686.447843590164
data/processed/mauritius/video/not_augmented/cull2_pairres_green_bg/head/224/20230831_135124/m--20230831_135124--f000208.jpg,20230831_135124,mauritius,green,video,False,train,480.0527941609661
data/processed/mauritius/video/not_augmented/cull2_pairres_green_bg/head/224/20230831_135124/m--20230831_135124--f000210.jpg,20230831_135124,mauritius,green,video,False,train,208.1551538484884
data/processed/mauritius/video/not_augmented/cull2_pairres_green_bg/head/224/20230831_135124/m--20230831_135124--f000212.jpg,20230831_135124,mauritius,green,video,False,train,119.54115513035379
data/processed/mauritius/video/not_augmented/cull2_pairres_green_bg/head/224/20230831_135124/m--20230831_135124--f000214.jpg,20230831_135124,mauritius,green,video,False,train,58.229790976324566
data/processed/mauritius/video/not_augmented/cull2_pairres_green_bg/head/224/20230831_135124/m--20230831_135124--f001038.jpg,20230831_135124,mauritius,green,video,False,train,1720.4574697002777
data/processed/mauritius/video/not_augmented/cull2_pairres_green_bg/head/224/20230831_135124/m--20230831_135124--f001040.jpg,20230831_135124,mauritius,green,video,False,train,1800.6187420026406
data/processed/mauritius/video/not_augmented/cull2_pairres_green_bg/head/224/20230831_135124/m--20230831_135124--f001042.jpg,20230831_135124,mauritius,green,video,False,train,1682.1348252393761
data/processed/mauritius/video/not_augmented/cull2_pairres_green_bg/head/224/20230831_135124/m--20230831_135124--f001044.jpg,20230831_135124,mauritius,green,video,False,train,1313.9564930547629
data/processed/mauritius/video/not_augmented/cull2_pairres_green_bg/head/224/20230831_135124/m--20230831_135124--f001046.jpg,20230831_135124,mauritius,green,video,False,train,1279.534159743354
data/processed/mauritius/video/not_augmented/cull2_pairres_green_bg/head/224/20230831_135124/m--20230831_135124--f001048.jpg,20230831_135124,mauritius,green,video,False,train,1389.3013392602936
data/processed/mauritius/video/not_augmented/cull2_pairres_green_bg/head/224/20230831_135124/m--20230831_135124--f001052.jpg,20230831_135124,mauritius,green,video,False,train,1342.2735171177048
data/processed/mauritius/video/not_augmented/cull2_pairres_green_bg/head/224/20230831_135124/m--20230831_135124--f001054.jpg,20230831_135124,mauritius,green,video,False,train,1443.4557158022515
data/processed/mauritius/video/not_augmented/cull2_pairres_green_bg/head/224/20230831_135124/m--20230831_135124--f001062.jpg,20230831_135124,mauritius,green,video,False,train,1820.4079439698635
data/processed/mauritius/video/not_augmented/cull2_pairres_green_bg/head/224/20230831_135124/m--20230831_135124--f001064.jpg,20230831_135124,mauritius,green,video,False,train,1866.3644768819368
data/processed/mauritius/video/not_augmented/cull2_pairres_green_bg/head/224/20230831_135124/m--20230831_135124--f001066.jpg,20230831_135124,mauritius,green,video,False,train,1905.2840999581829
data/processed/mauritius/video/not_augmented/cull2_pairres_green_bg/head/224/20230831_135124/m--20230831_135124--f001068.jpg,20230831_135124,mauritius,green,video,False,train,1863.323002542768
data/processed/mauritius/video/not_augmented/cull2_pairres_green_bg/head/224/20230831_135124/m--20230831_135124--f001070.jpg,20230831_135124,mauritius,green,video,False,train,1386.2598453300886
data/processed/mauritius/video/not_augmented/cull2_pairres_green_bg/head/224/20230831_135124/m--20230831_135124--f001072.jpg,20230831_135124,mauritius,green,video,False,train,1648.8906847891437
data/processed/mauritius/video/not_augmented/cull2_pairres_green_bg/head/224/20230831_135124/m--20230831_135124--f001074.jpg,20230831_135124,mauritius,green,video,False,train,1943.7708465944772
data/processed/mauritius/video/not_augmented/cull2_pairres_green_bg/head/224/20230831_135124/m--20230831_135124--f001076.jpg,20230831_135124,mauritius,green,video,False,train,1949.5680602171778
data/processed/mauritius/video/not_augmented/cull2_pairres_green_bg/head/224/20230831_135124/m--20230831_135124--f001078.jpg,20230831_135124,mauritius,green,video,False,train,1950.800501920739
data/processed/mauritius/video/not_augmented/cull2_pairres_green_bg/head/224/20230831_135124/m--20230831_135124--f001080.jpg,20230831_135124,mauritius,green,video,False,train,1897.0000195481389
data/processed/mauritius/video/not_augmented/cull2_pairres_green_bg/head/224/20230831_135124/m--20230831_135124--f001084.jpg,20230831_135124,mauritius,green,video,False,train,1881.2689531696485
data/processed/mauritius/video/not_augmented/cull2_pairres_green_bg/head/224/20230831_135124/m--20230831_135124--f001088.jpg,20230831_135124,mauritius,green,video,False,train,1815.421795266313
data/processed/mauritius/video/not_augmented/cull2_pairres_green_bg/head/224/20230831_140541/m--20230831_140541--f000178.jpg,20230831_140541,mauritius,green,video,False,train,9.923967519138118
data/processed/mauritius/video/not_augmented/cull2_pairres_green_bg/head/224/20230831_140541/m--20230831_140541--f000180.jpg,20230831_140541,mauritius,green,video,False,train,9.217115695354392
data/processed/mauritius/video/not_augmented/cull2_pairres_green_bg/head/224/20230831_140541/m--20230831_140541--f000182.jpg,20230831_140541,mauritius,green,video,False,train,9.252331791694637
data/processed/mauritius/video/not_augmented/cull2_pairres_green_bg/head/224/20230831_140541/m--20230831_140541--f000184.jpg,20230831_140541,mauritius,green,video,False,train,9.333944513717329
data/processed/mauritius/video/not_augmented/cull2_pairres_green_bg/head/224/20230831_140541/m--20230831_140541--f000186.jpg,20230831_140541,mauritius,green,video,False,train,9.16260761759868
data/processed/mauritius/video/not_augmented/cull2_pairres_green_bg/head/224/20230831_140541/m--20230831_140541--f000188.jpg,20230831_140541,mauritius,green,video,False,train,9.956453264976034
data/processed/mauritius/video/not_augmented/cull2_pairres_green_bg/head/224/20230831_140541/m--20230831_140541--f000190.jpg,20230831_140541,mauritius,green,video,False,train,9.883769118353904
data/processed/mauritius/video/not_augmented/cull2_pairres_green_bg/head/224/20230831_140541/m--20230831_140541--f000194.jpg,20230831_140541,mauritius,green,video,False,train,15.95842626143475
data/processed/mauritius/video/not_augmented/cull2_pairres_green_bg/head/224/20230831_140541/m--20230831_140541--f000196.jpg,20230831_140541,mauritius,green,video,False,train,73.48572987211291
data/processed/mauritius/video/not_augmented/cull2_pairres_green_bg/head/224/20230831_140541/m--20230831_140541--f000198.jpg,20230831_140541,mauritius,green,video,False,train,165.6517457973952
data/processed/mauritius/video/not_augmented/cull2_pairres_green_bg/head/224/20230831_140541/m--20230831_140541--f000200.jpg,20230831_140541,mauritius,green,video,False,train,247.2247682990059
data/processed/mauritius/video/not_augmented/cull2_pairres_green_bg/head/224/20230831_140541/m--20230831_140541--f000202.jpg,20230831_140541,mauritius,green,video,False,train,444.57156804818413
data/processed/mauritius/video/not_augmented/cull2_pairres_green_bg/head/224/20230831_140541/m--20230831_140541--f000204.jpg,20230831_140541,mauritius,green,video,False,train,788.5698939060878
data/processed/mauritius/video/not_augmented/cull2_pairres_green_bg/head/224/20230831_140541/m--20230831_140541--f000206.jpg,20230831_140541,mauritius,green,video,False,train,925.5356344646435
data/processed/mauritius/video/not_augmented/cull2_pairres_green_bg/head/224/20230831_140541/m--20230831_140541--f000208.jpg,20230831_140541,mauritius,green,video,False,train,956.6567681617212
data/processed/mauritius/video/not_augmented/cull2_pairres_green_bg/head/224/20230831_140541/m--20230831_140541--f000210.jpg,20230831_140541,mauritius,green,video,False,train,908.5229591773183
data/processed/mauritius/video/not_augmented/cull2_pairres_green_bg/head/224/20230831_140541/m--20230831_140541--f000212.jpg,20230831_140541,mauritius,green,video,False,train,946.3498286029192
data/processed/mauritius/video/not_augmented/cull2_pairres_green_bg/head/224/20230831_140541/m--20230831_140541--f000214.jpg,20230831_140541,mauritius,green,video,False,train,960.047512653419
data/processed/mauritius/video/not_augmented/cull2_pairres_green_bg/head/224/20230831_140541/m--20230831_140541--f000216.jpg,20230831_140541,mauritius,green,video,False,train,919.623943507994
data/processed/mauritius/video/not_augmented/cull2_pairres_green_bg/head/224/20230831_140541/m--20230831_140541--f000218.jpg,20230831_140541,mauritius,green,video,False,train,907.90142689919
data/processed/mauritius/video/not_augmented/cull2_pairres_green_bg/head/224/20230831_140541/m--20230831_140541--f000220.jpg,20230831_140541,mauritius,green,video,False,train,921.4607182617538
data/processed/mauritius/video/not_augmented/cull2_pairres_green_bg/head/224/20230831_140541/m--20230831_140541--f000222.jpg,20230831_140541,mauritius,green,video,False,train,924.1996571812119
data/processed/mauritius/video/not_augmented/cull2_pairres_green_bg/head/224/20230831_140541/m--20230831_140541--f000224.jpg,20230831_140541,mauritius,green,video,False,train,904.7876075318039
data/processed/mauritius/video/not_augmented/cull2_pairres_green_bg/head/224/20230831_140541/m--20230831_140541--f000226.jpg,20230831_140541,mauritius,green,video,False,train,964.9397114785896
data/processed/mauritius/video/not_augmented/cull2_pairres_green_bg/head/224/20230831_140541/m--20230831_140541--f000228.jpg,20230831_140541,mauritius,green,video,False,train,993.7672991007877
data/processed/mauritius/video/not_augmented/cull2_pairres_green_bg/head/224/20230831_140541/m--20230831_140541--f000230.jpg,20230831_140541,mauritius,green,video,False,train,1018.4794921839252
data/processed/mauritius/video/not_augmented/cull2_pairres_green_bg/head/224/20230831_140541/m--20230831_140541--f000232.jpg,20230831_140541,mauritius,green,video,False,train,1046.997448939872
data/processed/mauritius/video/not_augmented/cull2_pairres_green_bg/head/224/20230831_140541/m--20230831_140541--f000234.jpg,20230831_140541,mauritius,green,video,False,train,1048.1990592715047
data/processed/mauritius/video/not_augmented/cull2_pairres_green_bg/head/224/20230831_140541/m--20230831_140541--f000236.jpg,20230831_140541,mauritius,green,video,False,train,1048.5062579147423
data/processed/mauritius/video/not_augmented/cull2_pairres_green_bg/head/224/20230831_140541/m--20230831_140541--f000238.jpg,20230831_140541,mauritius,green,video,False,train,1025.4882015051915
data/processed/mauritius/video/not_augmented/cull2_pairres_green_bg/head/224/20230831_140541/m--20230831_140541--f000240.jpg,20230831_140541,mauritius,green,video,False,train,905.9769212229457
data/processed/mauritius/video/not_augmented/cull2_pairres_green_bg/head/224/20230831_140541/m--20230831_140541--f000242.jpg,20230831_140541,mauritius,green,video,False,train,604.7887234824839
data/processed/mauritius/video/not_augmented/cull2_pairres_green_bg/head/224/20230831_140541/m--20230831_140541--f000250.jpg,20230831_140541,mauritius,green,video,False,train,48.13705749027136
data/processed/mauritius/video/not_augmented/cull2_pairres_green_bg/head/224/20230831_140541/m--20230831_140541--f000252.jpg,20230831_140541,mauritius,green,video,False,train,28.430823491345535
data/processed/mauritius/video/not_augmented/cull2_pairres_green_bg/head/224/20230831_140541/m--20230831_140541--f000254.jpg,20230831_140541,mauritius,green,video,False,train,17.389767968520577
data/processed/mauritius/video/not_augmented/cull2_pairres_green_bg/head/224/20230831_140541/m--20230831_140541--f001188.jpg,20230831_140541,mauritius,green,video,False,train,1241.7691525634455
data/processed/mauritius/video/not_augmented/cull2_pairres_green_bg/head/224/20230831_140541/m--20230831_140541--f001190.jpg,20230831_140541,mauritius,green,video,False,train,1701.3967832079138
data/processed/mauritius/video/not_augmented/cull2_pairres_green_bg/head/224/20230831_140541/m--20230831_140541--f001192.jpg,20230831_140541,mauritius,green,video,False,train,1325.585279525493
data/processed/mauritius/video/not_augmented/cull2_pairres_green_bg/head/224/20230831_141252/m--20230831_141252--f000152.jpg,20230831_141252,mauritius,green,video,False,train,18.786969865674234
data/processed/mauritius/video/not_augmented/cull2_pairres_green_bg/head/224/20230831_141252/m--20230831_141252--f000154.jpg,20230831_141252,mauritius,green,video,False,train,18.124282485790324
data/processed/mauritius/video/not_augmented/cull2_pairres_green_bg/head/224/20230831_141252/m--20230831_141252--f000156.jpg,20230831_141252,mauritius,green,video,False,train,21.059629642879003
data/processed/mauritius/video/not_augmented/cull2_pairres_green_bg/head/224/20230831_141252/m--20230831_141252--f000158.jpg,20230831_141252,mauritius,green,video,False,train,21.69262192260221
data/processed/mauritius/video/not_augmented/cull2_pairres_green_bg/head/224/20230831_141252/m--20230831_141252--f000160.jpg,20230831_141252,mauritius,green,video,False,train,27.090640942288758
data/processed/mauritius/video/not_augmented/cull2_pairres_green_bg/head/224/20230831_141252/m--20230831_141252--f000162.jpg,20230831_141252,mauritius,green,video,False,train,28.836575177251078
data/processed/mauritius/video/not_augmented/cull2_pairres_green_bg/head/224/20230831_141252/m--20230831_141252--f000164.jpg,20230831_141252,mauritius,green,video,False,train,28.13907037025588
data/processed/mauritius/video/not_augmented/cull2_pairres_green_bg/head/224/20230831_141252/m--20230831_141252--f000166.jpg,20230831_141252,mauritius,green,video,False,train,29.54480229432957
data/processed/mauritius/video/not_augmented/cull2_pairres_green_bg/head/224/20230831_141252/m--20230831_141252--f000168.jpg,20230831_141252,mauritius,green,video,False,train,36.067263223488396
data/processed/mauritius/video/not_augmented/cull2_pairres_green_bg/head/224/20230831_141252/m--20230831_141252--f000170.jpg,20230831_141252,mauritius,green,video,False,train,42.77387564522879
data/processed/mauritius/video/not_augmented/cull2_pairres_green_bg/head/224/20230831_141252/m--20230831_141252--f000172.jpg,20230831_141252,mauritius,green,video,False,train,77.03625221641697
data/processed/mauritius/video/not_augmented/cull2_pairres_green_bg/head/224/20230831_141252/m--20230831_141252--f000174.jpg,20230831_141252,mauritius,green,video,False,train,20.374122927855172
data/processed/mauritius/video/not_augmented/cull2_pairres_green_bg/head/224/20230831_141252/m--20230831_141252--f000176.jpg,20230831_141252,mauritius,green,video,False,train,17.98409562466394
data/processed/mauritius/video/not_augmented/cull2_pairres_green_bg/head/224/20230831_141252/m--20230831_141252--f000178.jpg,20230831_141252,mauritius,green,video,False,train,16.092275113475566
data/processed/mauritius/video/not_augmented/cull2_pairres_green_bg/head/224/20230831_141252/m--20230831_141252--f000180.jpg,20230831_141252,mauritius,green,video,False,train,21.048608848622617
data/processed/mauritius/video/not_augmented/cull2_pairres_green_bg/head/224/20230831_141252/m--20230831_141252--f000254.jpg,20230831_141252,mauritius,green,video,False,train,80.21988585788674
data/processed/mauritius/video/not_augmented/cull2_pairres_green_bg/head/224/20230831_141252/m--20230831_141252--f000256.jpg,20230831_141252,mauritius,green,video,False,train,232.36077008769695
data/processed/mauritius/video/not_augmented/cull2_pairres_green_bg/head/224/20230831_141252/m--20230831_141252--f000258.jpg,20230831_141252,mauritius,green,video,False,train,432.03117012173266
data/processed/mauritius/video/not_augmented/cull2_pairres_green_bg/head/224/20230831_141252/m--20230831_141252--f000260.jpg,20230831_141252,mauritius,green,video,False,train,583.9919483354815
data/processed/mauritius/video/not_augmented/cull2_pairres_green_bg/head/224/20230831_141252/m--20230831_141252--f000262.jpg,20230831_141252,mauritius,green,video,False,train,777.1120853813327
data/processed/mauritius/video/not_augmented/cull2_pairres_green_bg/head/224/20230831_141252/m--20230831_141252--f000264.jpg,20230831_141252,mauritius,green,video,False,train,818.8096898022119
data/processed/mauritius/video/not_augmented/cull2_pairres_green_bg/head/224/20230831_141252/m--20230831_141252--f000266.jpg,20230831_141252,mauritius,green,video,False,train,793.6008051086197
data/processed/mauritius/video/not_augmented/cull2_pairres_green_bg/head/224/20230831_141252/m--20230831_141252--f000268.jpg,20230831_141252,mauritius,green,video,False,train,728.4254025157817
data/processed/mauritius/video/not_augmented/cull2_pairres_green_bg/head/224/20230831_141252/m--20230831_141252--f000270.jpg,20230831_141252,mauritius,green,video,False,train,632.5580157363777
data/processed/mauritius/video/not_augmented/cull2_pairres_green_bg/head/224/20230831_141252/m--20230831_141252--f000272.jpg,20230831_141252,mauritius,green,video,False,train,698.3925581470919
data/processed/mauritius/video/not_augmented/cull2_pairres_green_bg/head/224/20230831_141252/m--20230831_141252--f000274.jpg,20230831_141252,mauritius,green,video,False,train,741.575653430473
data/processed/mauritius/video/not_augmented/cull2_pairres_green_bg/head/224/20230831_141252/m--20230831_141252--f000276.jpg,20230831_141252,mauritius,green,video,False,train,755.9855507938429
data/processed/mauritius/video/not_augmented/cull2_pairres_green_bg/head/224/20230831_141252/m--20230831_141252--f000278.jpg,20230831_141252,mauritius,green,video,False,train,781.4238678258143
data/processed/mauritius/video/not_augmented/cull2_pairres_green_bg/head/224/20230831_141252/m--20230831_141252--f000280.jpg,20230831_141252,mauritius,green,video,False,train,793.7787785972968
data/processed/mauritius/video/not_augmented/cull2_pairres_green_bg/head/224/20230831_141252/m--20230831_141252--f000282.jpg,20230831_141252,mauritius,green,video,False,train,751.7309669925987
data/processed/mauritius/video/not_augmented/cull2_pairres_green_bg/head/224/20230831_141252/m--20230831_141252--f000284.jpg,20230831_141252,mauritius,green,video,False,train,720.9179288903061
data/processed/mauritius/video/not_augmented/cull2_pairres_green_bg/head/224/20230831_141252/m--20230831_141252--f000286.jpg,20230831_141252,mauritius,green,video,False,train,719.6040536986941
data/processed/mauritius/video/not_augmented/cull2_pairres_green_bg/head/224/20230831_141252/m--20230831_141252--f000288.jpg,20230831_141252,mauritius,green,video,False,train,719.6936981502249
data/processed/mauritius/video/not_augmented/cull2_pairres_green_bg/head/224/20230831_141252/m--20230831_141252--f000290.jpg,20230831_141252,mauritius,green,video,False,train,727.7506975124697
data/processed/mauritius/video/not_augmented/cull2_pairres_green_bg/head/224/20230831_141252/m--20230831_141252--f000292.jpg,20230831_141252,mauritius,green,video,False,train,748.662826847901
data/processed/mauritius/video/not_augmented/cull2_pairres_green_bg/head/224/20230831_141252/m--20230831_141252--f000294.jpg,20230831_141252,mauritius,green,video,False,train,724.5897241137217
data/processed/mauritius/video/not_augmented/cull2_pairres_green_bg/head/224/20230831_141252/m--20230831_141252--f000296.jpg,20230831_141252,mauritius,green,video,False,train,459.6105906058728
data/processed/mauritius/video/not_augmented/cull2_pairres_green_bg/head/224/20230831_141252/m--20230831_141252--f000298.jpg,20230831_141252,mauritius,green,video,False,train,420.8695985789301
data/processed/mauritius/video/not_augmented/cull2_pairres_green_bg/head/224/20230831_141252/m--20230831_141252--f000300.jpg,20230831_141252,mauritius,green,video,False,train,569.6476600925806
data/processed/mauritius/video/not_augmented/cull2_pairres_green_bg/head/224/20230831_141252/m--20230831_141252--f000310.jpg,20230831_141252,mauritius,green,video,False,train,151.66495929505118
data/processed/mauritius/video/not_augmented/cull2_pairres_green_bg/head/224/20230831_141252/m--20230831_141252--f001062.jpg,20230831_141252,mauritius,green,video,False,train,1355.6592593969576
data/processed/mauritius/video/not_augmented/cull2_pairres_green_bg/head/224/20230831_141252/m--20230831_141252--f001064.jpg,20230831_141252,mauritius,green,video,False,train,1319.8852638612436
data/processed/mauritius/video/not_augmented/cull2_pairres_green_bg/head/224/20230831_141252/m--20230831_141252--f001066.jpg,20230831_141252,mauritius,green,video,False,train,1448.424565509874
data/processed/mauritius/video/not_augmented/cull2_pairres_green_bg/head/224/20230831_141252/m--20230831_141252--f001068.jpg,20230831_141252,mauritius,green,video,False,train,1177.9091398178762
data/processed/mauritius/video/not_augmented/cull2_pairres_green_bg/head/224/20230831_141252/m--20230831_141252--f001070.jpg,20230831_141252,mauritius,green,video,False,train,1055.0085499039396
data/processed/mauritius/video/not_augmented/cull2_pairres_green_bg/head/224/20230831_141252/m--20230831_141252--f001072.jpg,20230831_141252,mauritius,green,video,False,train,731.807756639232
data/processed/mauritius/video/not_augmented/cull2_pairres_green_bg/head/224/20230831_141252/m--20230831_141252--f001156.jpg,20230831_141252,mauritius,green,video,False,train,356.4513711162728
data/processed/mauritius/video/not_augmented/cull2_pairres_green_bg/head/224/20230831_141252/m--20230831_141252--f001164.jpg,20230831_141252,mauritius,green,video,False,train,257.6740672434434
data/processed/mauritius/video/not_augmented/cull2_pairres_green_bg/head/224/20230831_141252/m--20230831_141252--f001166.jpg,20230831_141252,mauritius,green,video,False,train,337.9086814397378
data/processed/mauritius/video/not_augmented/cull2_pairres_green_bg/head/224/20230831_141252/m--20230831_141252--f001198.jpg,20230831_141252,mauritius,green,video,False,train,610.67438596847
data/processed/mauritius/video/not_augmented/cull2_pairres_green_bg/head/224/20230831_141252/m--20230831_141252--f001200.jpg,20230831_141252,mauritius,green,video,False,train,628.8311343747146
data/processed/mauritius/video/not_augmented/cull2_pairres_green_bg/head/224/20230831_141252/m--20230831_141252--f001202.jpg,20230831_141252,mauritius,green,video,False,train,628.3237802933673
data/processed/mauritius/video/not_augmented/cull2_pairres_green_bg/head/224/20230831_141252/m--20230831_141252--f001204.jpg,20230831_141252,mauritius,green,video,False,train,641.8109454322188
data/processed/mauritius/video/not_augmented/cull2_pairres_green_bg/head/224/20230831_141252/m--20230831_141252--f001206.jpg,20230831_141252,mauritius,green,video,False,train,610.8021164063562
data/processed/mauritius/video/not_augmented/cull2_pairres_green_bg/head/224/20230831_141252/m--20230831_141252--f001214.jpg,20230831_141252,mauritius,green,video,False,train,424.7484053834584
data/processed/mauritius/video/not_augmented/cull2_pairres_green_bg/head/224/20230831_141252/m--20230831_141252--f001216.jpg,20230831_141252,mauritius,green,video,False,train,457.0874521620121
data/processed/mauritius/video/not_augmented/cull2_pairres_green_bg/head/224/20230831_141252/m--20230831_141252--f001218.jpg,20230831_141252,mauritius,green,video,False,train,396.70890464925714
data/processed/mauritius/video/not_augmented/cull2_pairres_green_bg/head/224/20230831_141252/m--20230831_141252--f001220.jpg,20230831_141252,mauritius,green,video,False,train,467.4431999346356
data/processed/mauritius/video/not_augmented/cull2_pairres_green_bg/head/224/20230831_141252/m--20230831_141252--f001222.jpg,20230831_141252,mauritius,green,video,False,train,403.6752032808639
data/processed/mauritius/video/not_augmented/cull2_pairres_green_bg/head/224/20230831_141252/m--20230831_141252--f001224.jpg,20230831_141252,mauritius,green,video,False,train,334.16874601045583
data/processed/mauritius/video/not_augmented/cull2_pairres_green_bg/head/224/20230831_141252/m--20230831_141252--f001326.jpg,20230831_141252,mauritius,green,video,False,train,297.72078283803256
data/processed/mauritius/video/not_augmented/cull2_pairres_green_bg/head/224/20230831_141252/m--20230831_141252--f001328.jpg,20230831_141252,mauritius,green,video,False,train,416.1705975435218
data/processed/mauritius/video/not_augmented/cull2_pairres_green_bg/head/224/20230831_141252/m--20230831_141252--f001330.jpg,20230831_141252,mauritius,green,video,False,train,347.36323425820444
data/processed/mauritius/video/not_augmented/cull2_pairres_green_bg/head/224/20230831_141252/m--20230831_141252--f001332.jpg,20230831_141252,mauritius,green,video,False,train,263.0149258788751
data/processed/mauritius/video/not_augmented/cull2_pairres_green_bg/head/224/20230831_143044/m--20230831_143044--f000210.jpg,20230831_143044,mauritius,green,video,False,train,249.86142765944425
data/processed/mauritius/video/not_augmented/cull2_pairres_green_bg/head/224/20230831_143044/m--20230831_143044--f000212.jpg,20230831_143044,mauritius,green,video,False,train,785.3124001756006
data/processed/mauritius/video/not_augmented/cull2_pairres_green_bg/head/224/20230831_143044/m--20230831_143044--f000214.jpg,20230831_143044,mauritius,green,video,False,train,1330.3557474564534
data/processed/mauritius/video/not_augmented/cull2_pairres_green_bg/head/224/20230831_143044/m--20230831_143044--f000216.jpg,20230831_143044,mauritius,green,video,False,train,1896.5223610594785
data/processed/mauritius/video/not_augmented/cull2_pairres_green_bg/head/224/20230831_143044/m--20230831_143044--f000218.jpg,20230831_143044,mauritius,green,video,False,train,1992.7735171621914
data/processed/mauritius/video/not_augmented/cull2_pairres_green_bg/head/224/20230831_143044/m--20230831_143044--f000220.jpg,20230831_143044,mauritius,green,video,False,train,2016.2172552420168
data/processed/mauritius/video/not_augmented/cull2_pairres_green_bg/head/224/20230831_143044/m--20230831_143044--f000222.jpg,20230831_143044,mauritius,green,video,False,train,2052.474629272674
data/processed/mauritius/video/not_augmented/cull2_pairres_green_bg/head/224/20230831_143044/m--20230831_143044--f000224.jpg,20230831_143044,mauritius,green,video,False,train,2053.1306600749417
data/processed/mauritius/video/not_augmented/cull2_pairres_green_bg/head/224/20230831_143044/m--20230831_143044--f000226.jpg,20230831_143044,mauritius,green,video,False,train,2011.5056799583163
data/processed/mauritius/video/not_augmented/cull2_pairres_green_bg/head/224/20230831_143044/m--20230831_143044--f000228.jpg,20230831_143044,mauritius,green,video,False,train,1023.5497647956332
data/processed/mauritius/video/not_augmented/cull2_pairres_green_bg/head/224/20230831_143044/m--20230831_143044--f000288.jpg,20230831_143044,mauritius,green,video,False,train,385.41262754943165
data/processed/mauritius/video/not_augmented/cull2_pairres_green_bg/head/224/20230831_143044/m--20230831_143044--f001070.jpg,20230831_143044,mauritius,green,video,False,train,245.36140781896705
data/processed/mauritius/video/not_augmented/cull2_pairres_green_bg/head/224/20230831_143044/m--20230831_143044--f001072.jpg,20230831_143044,mauritius,green,video,False,train,300.7596261124966
data/processed/mauritius/video/not_augmented/cull2_pairres_green_bg/head/224/20230831_143044/m--20230831_143044--f001074.jpg,20230831_143044,mauritius,green,video,False,train,2067.143415172216
data/processed/mauritius/video/not_augmented/cull2_pairres_green_bg/head/224/20230831_143044/m--20230831_143044--f001076.jpg,20230831_143044,mauritius,green,video,False,train,1910.3880739017407
data/processed/mauritius/video/not_augmented/cull2_pairres_green_bg/head/224/20230831_143044/m--20230831_143044--f001078.jpg,20230831_143044,mauritius,green,video,False,train,1885.491629362603
data/processed/mauritius/video/not_augmented/cull2_pairres_green_bg/head/224/20230831_143044/m--20230831_143044--f001374.jpg,20230831_143044,mauritius,green,video,False,train,707.1070032810878
data/processed/mauritius/video/not_augmented/cull2_pairres_green_bg/head/224/20230831_143044/m--20230831_143044--f001376.jpg,20230831_143044,mauritius,green,video,False,train,1168.9235690048167
data/processed/mauritius/video/not_augmented/cull2_pairres_green_bg/head/224/20230831_143044/m--20230831_143044--f001378.jpg,20230831_143044,mauritius,green,video,False,train,1569.1371770693531
data/processed/mauritius/video/not_augmented/cull2_pairres_green_bg/head/224/20230831_143044/m--20230831_143044--f001380.jpg,20230831_143044,mauritius,green,video,False,train,1727.3692402261736
data/processed/mauritius/video/not_augmented/cull2_pairres_green_bg/head/224/20230831_143044/m--20230831_143044--f001382.jpg,20230831_143044,mauritius,green,video,False,train,1630.7522520405312
data/processed/mauritius/video/not_augmented/cull2_pairres_green_bg/head/224/20230831_143044/m--20230831_143044--f001384.jpg,20230831_143044,mauritius,green,video,False,train,1625.8763345653247
data/processed/mauritius/video/not_augmented/cull2_pairres_green_bg/head/224/20230831_143044/m--20230831_143044--f001386.jpg,20230831_143044,mauritius,green,video,False,train,1609.1171277068845
data/processed/mauritius/video/not_augmented/cull2_pairres_green_bg/head/224/20230831_143044/m--20230831_143044--f001388.jpg,20230831_143044,mauritius,green,video,False,train,1607.387675342933
data/processed/mauritius/video/not_augmented/cull2_pairres_green_bg/head/224/20230831_143044/m--20230831_143044--f001390.jpg,20230831_143044,mauritius,green,video,False,train,1569.52441397313
data/processed/mauritius/video/not_augmented/cull2_pairres_green_bg/head/224/20230831_143044/m--20230831_143044--f001392.jpg,20230831_143044,mauritius,green,video,False,train,1417.7553210590145
data/processed/mauritius/video/not_augmented/cull2_pairres_green_bg/head/224/20230831_143044/m--20230831_143044--f001394.jpg,20230831_143044,mauritius,green,video,False,train,1068.7456349818126
data/processed/mauritius/video/not_augmented/cull2_pairres_green_bg/head/224/20230831_143044/m--20230831_143044--f001396.jpg,20230831_143044,mauritius,green,video,False,train,1249.3703961954275
data/processed/mauritius/video/not_augmented/cull2_pairres_green_bg/head/224/20230831_143044/m--20230831_143044--f001398.jpg,20230831_143044,mauritius,green,video,False,train,1351.6058671181524
data/processed/mauritius/video/not_augmented/cull2_pairres_green_bg/head/224/20230831_143044/m--20230831_143044--f001400.jpg,20230831_143044,mauritius,green,video,False,train,1255.8177612873476
data/processed/mauritius/video/not_augmented/cull2_pairres_green_bg/head/224/20230831_143044/m--20230831_143044--f001406.jpg,20230831_143044,mauritius,green,video,False,train,964.3533561465048
data/processed/mauritius/video/not_augmented/cull2_pairres_green_bg/head/224/20230831_143044/m--20230831_143044--f001408.jpg,20230831_143044,mauritius,green,video,False,train,444.5719467458602
data/processed/mauritius/video/not_augmented/cull2_pairres_green_bg/head/224/20230831_155428/m--20230831_155428--f000152.jpg,20230831_155428,mauritius,green,video,False,train,9.708326686476232
data/processed/mauritius/video/not_augmented/cull2_pairres_green_bg/head/224/20230831_155428/m--20230831_155428--f000154.jpg,20230831_155428,mauritius,green,video,False,train,6.795021520659906
data/processed/mauritius/video/not_augmented/cull2_pairres_green_bg/head/224/20230831_155428/m--20230831_155428--f000164.jpg,20230831_155428,mauritius,green,video,False,train,521.596799091417
data/processed/mauritius/video/not_augmented/cull2_pairres_green_bg/head/224/20230831_155428/m--20230831_155428--f000166.jpg,20230831_155428,mauritius,green,video,False,train,517.649134755085
data/processed/mauritius/video/not_augmented/cull2_pairres_green_bg/head/224/20230831_155428/m--20230831_155428--f000170.jpg,20230831_155428,mauritius,green,video,False,train,589.1337492024089
data/processed/mauritius/video/not_augmented/cull2_pairres_green_bg/head/224/20230831_155428/m--20230831_155428--f000180.jpg,20230831_155428,mauritius,green,video,False,train,685.946348750358
data/processed/mauritius/video/not_augmented/cull2_pairres_green_bg/head/224/20230831_155428/m--20230831_155428--f000182.jpg,20230831_155428,mauritius,green,video,False,train,507.4746691450782
data/processed/mauritius/video/not_augmented/cull2_pairres_green_bg/head/224/20230831_155428/m--20230831_155428--f000184.jpg,20230831_155428,mauritius,green,video,False,train,590.5923946925571
data/processed/mauritius/video/not_augmented/cull2_pairres_green_bg/head/224/20230831_155428/m--20230831_155428--f000186.jpg,20230831_155428,mauritius,green,video,False,train,541.9315808318844
data/processed/mauritius/video/not_augmented/cull2_pairres_green_bg/head/224/20230831_155428/m--20230831_155428--f000190.jpg,20230831_155428,mauritius,green,video,False,train,708.9717593588268
data/processed/mauritius/video/not_augmented/cull2_pairres_green_bg/head/224/20230831_155428/m--20230831_155428--f000192.jpg,20230831_155428,mauritius,green,video,False,train,640.5104033403823
data/processed/mauritius/video/not_augmented/cull2_pairres_green_bg/head/224/20230831_155428/m--20230831_155428--f000194.jpg,20230831_155428,mauritius,green,video,False,train,461.01335297202826
data/processed/mauritius/video/not_augmented/cull2_pairres_green_bg/head/224/20230831_155428/m--20230831_155428--f001002.jpg,20230831_155428,mauritius,green,video,False,train,31.946946745860185
data/processed/mauritius/video/not_augmented/cull2_pairres_green_bg/head/224/20230831_155428/m--20230831_155428--f001004.jpg,20230831_155428,mauritius,green,video,False,train,19.499720980554063
data/processed/mauritius/video/not_augmented/cull2_pairres_green_bg/head/224/20230831_155428/m--20230831_155428--f001008.jpg,20230831_155428,mauritius,green,video,False,train,65.39321577841915
data/processed/mauritius/video/not_augmented/cull2_pairres_green_bg/head/224/20230831_155428/m--20230831_155428--f001016.jpg,20230831_155428,mauritius,green,video,False,train,35.87938456632653
data/processed/mauritius/video/not_augmented/cull2_pairres_green_bg/head/224/20230831_155428/m--20230831_155428--f001018.jpg,20230831_155428,mauritius,green,video,False,train,32.768753810804725
data/processed/mauritius/video/not_augmented/cull2_pairres_green_bg/head/224/20230831_155428/m--20230831_155428--f001020.jpg,20230831_155428,mauritius,green,video,False,train,61.38883131377551
data/processed/mauritius/video/not_augmented/cull2_pairres_green_bg/head/224/20230831_155428/m--20230831_155428--f001022.jpg,20230831_155428,mauritius,green,video,False,train,57.79432392239522
data/processed/mauritius/video/not_augmented/cull2_pairres_green_bg/head/224/20230831_155428/m--20230831_155428--f001098.jpg,20230831_155428,mauritius,green,video,False,train,68.09472641911123
data/processed/mauritius/video/not_augmented/cull2_pairres_green_bg/head/224/20230831_155428/m--20230831_155428--f001102.jpg,20230831_155428,mauritius,green,video,False,train,446.9307437814905
data/processed/mauritius/video/not_augmented/cull2_pairres_green_bg/head/224/20230831_155428/m--20230831_155428--f001104.jpg,20230831_155428,mauritius,green,video,False,train,403.9932039217967
data/processed/mauritius/video/not_augmented/cull2_pairres_green_bg/head/224/20230831_155428/m--20230831_155428--f001106.jpg,20230831_155428,mauritius,green,video,False,train,70.18407198847557
data/processed/mauritius/video/not_augmented/cull2_pairres_green_bg/head/224/20230831_155428/m--20230831_155428--f001110.jpg,20230831_155428,mauritius,green,video,False,train,166.7971539606605
data/processed/mauritius/video/not_augmented/cull2_pairres_green_bg/head/224/20230831_155428/m--20230831_155428--f001112.jpg,20230831_155428,mauritius,green,video,False,train,50.931859852919125
data/processed/mauritius/video/not_augmented/cull2_pairres_green_bg/head/224/20230831_155428/m--20230831_155428--f001118.jpg,20230831_155428,mauritius,green,video,False,train,121.51793659373853
data/processed/mauritius/video/not_augmented/cull2_pairres_green_bg/head/224/20230831_155428/m--20230831_155428--f001142.jpg,20230831_155428,mauritius,green,video,False,train,265.38592154976726
data/processed/mauritius/video/not_augmented/cull2_pairres_green_bg/head/224/20230831_155428/m--20230831_155428--f001146.jpg,20230831_155428,mauritius,green,video,False,train,218.5056201596401
data/processed/mauritius/video/not_augmented/cull2_pairres_green_bg/head/224/20230831_155428/m--20230831_155428--f001152.jpg,20230831_155428,mauritius,green,video,False,train,10.641382308762948
data/processed/mauritius/video/not_augmented/cull2_pairres_green_bg/head/224/20230831_155428/m--20230831_155428--f001154.jpg,20230831_155428,mauritius,green,video,False,train,14.953603157447015
data/processed/mauritius/video/not_augmented/cull2_pairres_green_bg/head/224/20230831_155428/m--20230831_155428--f001156.jpg,20230831_155428,mauritius,green,video,False,train,33.188516307403425
data/processed/mauritius/video/not_augmented/cull2_pairres_green_bg/head/224/20230831_155428/m--20230831_155428--f001158.jpg,20230831_155428,mauritius,green,video,False,train,80.84273356787612
data/processed/mauritius/video/not_augmented/cull2_pairres_green_bg/head/224/20230831_155428/m--20230831_155428--f001160.jpg,20230831_155428,mauritius,green,video,False,train,37.43215879943162
data/processed/mauritius/video/not_augmented/cull2_pairres_green_bg/head/224/20230831_155428/m--20230831_155428--f001162.jpg,20230831_155428,mauritius,green,video,False,train,92.07987878681074
data/processed/mauritius/video/not_augmented/cull2_pairres_green_bg/head/224/20230831_155428/m--20230831_155428--f001166.jpg,20230831_155428,mauritius,green,video,False,train,67.69116707753759
data/processed/mauritius/video/not_augmented/cull2_pairres_green_bg/head/224/20230831_161620/m--20230831_161620--f000152.jpg,20230831_161620,mauritius,green,video,False,test,16.139407045093492
data/processed/mauritius/video/not_augmented/cull2_pairres_green_bg/head/224/20230831_161620/m--20230831_161620--f000154.jpg,20230831_161620,mauritius,green,video,False,test,16.852319794463792
data/processed/mauritius/video/not_augmented/cull2_pairres_green_bg/head/224/20230831_161620/m--20230831_161620--f000156.jpg,20230831_161620,mauritius,green,video,False,test,127.69728554491697
data/processed/mauritius/video/not_augmented/cull2_pairres_green_bg/head/224/20230831_161620/m--20230831_161620--f000158.jpg,20230831_161620,mauritius,green,video,False,test,21.840521363207124
data/processed/mauritius/video/not_augmented/cull2_pairres_green_bg/head/224/20230831_161620/m--20230831_161620--f000162.jpg,20230831_161620,mauritius,green,video,False,test,22.699477818547468
data/processed/mauritius/video/not_augmented/cull2_pairres_green_bg/head/224/20230831_161620/m--20230831_161620--f000166.jpg,20230831_161620,mauritius,green,video,False,test,21.44154572675547
data/processed/mauritius/video/not_augmented/cull2_pairres_green_bg/head/224/20230831_161620/m--20230831_161620--f000168.jpg,20230831_161620,mauritius,green,video,False,test,23.540915832376545
data/processed/mauritius/video/not_augmented/cull2_pairres_green_bg/head/224/20230831_161620/m--20230831_161620--f000170.jpg,20230831_161620,mauritius,green,video,False,test,25.42307078922753
data/processed/mauritius/video/not_augmented/cull2_pairres_green_bg/head/224/20230831_161620/m--20230831_161620--f000172.jpg,20230831_161620,mauritius,green,video,False,test,52.1873402927181
data/processed/mauritius/video/not_augmented/cull2_pairres_green_bg/head/224/20230831_161620/m--20230831_161620--f000174.jpg,20230831_161620,mauritius,green,video,False,test,117.1720343100831
data/processed/mauritius/video/not_augmented/cull2_pairres_green_bg/head/224/20230831_161620/m--20230831_161620--f000176.jpg,20230831_161620,mauritius,green,video,False,test,213.95035468414886
data/processed/mauritius/video/not_augmented/cull2_pairres_green_bg/head/224/20230831_161620/m--20230831_161620--f000178.jpg,20230831_161620,mauritius,green,video,False,test,140.8888910711432
data/processed/mauritius/video/not_augmented/cull2_pairres_green_bg/head/224/20230831_161620/m--20230831_161620--f000180.jpg,20230831_161620,mauritius,green,video,False,test,146.4859294263783
data/processed/mauritius/video/not_augmented/cull2_pairres_green_bg/head/224/20230831_161620/m--20230831_161620--f000182.jpg,20230831_161620,mauritius,green,video,False,test,103.5974569499418
data/processed/mauritius/video/not_augmented/cull2_pairres_green_bg/head/224/20230831_161620/m--20230831_161620--f000184.jpg,20230831_161620,mauritius,green,video,False,test,236.4718590545337
data/processed/mauritius/video/not_augmented/cull2_pairres_green_bg/head/224/20230831_161620/m--20230831_161620--f000186.jpg,20230831_161620,mauritius,green,video,False,test,360.9171516258783
data/processed/mauritius/video/not_augmented/cull2_pairres_green_bg/head/224/20230831_161620/m--20230831_161620--f000188.jpg,20230831_161620,mauritius,green,video,False,test,485.25711495496
data/processed/mauritius/video/not_augmented/cull2_pairres_green_bg/head/224/20230831_161620/m--20230831_161620--f000190.jpg,20230831_161620,mauritius,green,video,False,test,467.6260361931614
data/processed/mauritius/video/not_augmented/cull2_pairres_green_bg/head/224/20230831_161620/m--20230831_161620--f000192.jpg,20230831_161620,mauritius,green,video,False,test,478.8706154320847
data/processed/mauritius/video/not_augmented/cull2_pairres_green_bg/head/224/20230831_161620/m--20230831_161620--f000194.jpg,20230831_161620,mauritius,green,video,False,test,437.5451608409191
data/processed/mauritius/video/not_augmented/cull2_pairres_green_bg/head/224/20230831_161620/m--20230831_161620--f000196.jpg,20230831_161620,mauritius,green,video,False,test,537.6243223280075
data/processed/mauritius/video/not_augmented/cull2_pairres_green_bg/head/224/20230831_161620/m--20230831_161620--f000198.jpg,20230831_161620,mauritius,green,video,False,test,527.1696029577291
data/processed/mauritius/video/not_augmented/cull2_pairres_green_bg/head/224/20230831_161620/m--20230831_161620--f000200.jpg,20230831_161620,mauritius,green,video,False,test,488.93795835430655
data/processed/mauritius/video/not_augmented/cull2_pairres_green_bg/head/224/20230831_161620/m--20230831_161620--f000202.jpg,20230831_161620,mauritius,green,video,False,test,503.5252311719253
data/processed/mauritius/video/not_augmented/cull2_pairres_green_bg/head/224/20230831_161620/m--20230831_161620--f000204.jpg,20230831_161620,mauritius,green,video,False,test,458.09046157485795
data/processed/mauritius/video/not_augmented/cull2_pairres_green_bg/head/224/20230831_161620/m--20230831_161620--f000206.jpg,20230831_161620,mauritius,green,video,False,test,491.13299165850424
data/processed/mauritius/video/not_augmented/cull2_pairres_green_bg/head/224/20230831_161620/m--20230831_161620--f000208.jpg,20230831_161620,mauritius,green,video,False,test,484.4181081695589
data/processed/mauritius/video/not_augmented/cull2_pairres_green_bg/head/224/20230831_161620/m--20230831_161620--f000210.jpg,20230831_161620,mauritius,green,video,False,test,574.9367426515172
data/processed/mauritius/video/not_augmented/cull2_pairres_green_bg/head/224/20230831_161620/m--20230831_161620--f000212.jpg,20230831_161620,mauritius,green,video,False,test,574.8960457594878
data/processed/mauritius/video/not_augmented/cull2_pairres_green_bg/head/224/20230831_161620/m--20230831_161620--f000214.jpg,20230831_161620,mauritius,green,video,False,test,537.6251594324203
data/processed/mauritius/video/not_augmented/cull2_pairres_green_bg/head/224/20230831_161620/m--20230831_161620--f000216.jpg,20230831_161620,mauritius,green,video,False,test,515.1979830216388
data/processed/mauritius/video/not_augmented/cull2_pairres_green_bg/head/224/20230831_161620/m--20230831_161620--f000218.jpg,20230831_161620,mauritius,green,video,False,test,483.86061049163067
data/processed/mauritius/video/not_augmented/cull2_pairres_green_bg/head/224/20230831_161620/m--20230831_161620--f000220.jpg,20230831_161620,mauritius,green,video,False,test,402.40218408243794
data/processed/mauritius/video/not_augmented/cull2_pairres_green_bg/head/224/20230831_161620/m--20230831_161620--f000222.jpg,20230831_161620,mauritius,green,video,False,test,302.1139189034192
data/processed/mauritius/video/not_augmented/cull2_pairres_green_bg/head/224/20230831_161620/m--20230831_161620--f000224.jpg,20230831_161620,mauritius,green,video,False,test,184.74697050438576
data/processed/mauritius/video/not_augmented/cull2_pairres_green_bg/head/224/20230831_161620/m--20230831_161620--f000226.jpg,20230831_161620,mauritius,green,video,False,test,76.04119438948308
data/processed/mauritius/video/not_augmented/cull2_pairres_green_bg/head/224/20230831_161620/m--20230831_161620--f000228.jpg,20230831_161620,mauritius,green,video,False,test,35.15338010045202
data/processed/mauritius/video/not_augmented/cull2_pairres_green_bg/head/224/20230831_161620/m--20230831_161620--f000230.jpg,20230831_161620,mauritius,green,video,False,test,19.924186860656103
data/processed/mauritius/video/not_augmented/cull2_pairres_green_bg/head/224/20230831_161620/m--20230831_161620--f000232.jpg,20230831_161620,mauritius,green,video,False,test,13.963109833853585
data/processed/mauritius/video/not_augmented/cull2_pairres_green_bg/head/224/20230831_161620/m--20230831_161620--f000234.jpg,20230831_161620,mauritius,green,video,False,test,10.186244416068067
data/processed/mauritius/video/not_augmented/cull2_pairres_green_bg/head/224/20230831_161620/m--20230831_161620--f001140.jpg,20230831_161620,mauritius,green,video,False,test,849.3708147067223
data/processed/mauritius/video/not_augmented/cull2_pairres_green_bg/head/224/20230831_161620/m--20230831_161620--f001142.jpg,20230831_161620,mauritius,green,video,False,test,820.8700175239662
data/processed/mauritius/video/not_augmented/cull2_pairres_green_bg/head/224/20230831_161620/m--20230831_161620--f001144.jpg,20230831_161620,mauritius,green,video,False,test,789.9804488165784
data/processed/mauritius/video/not_augmented/cull2_pairres_green_bg/head/224/20230831_161620/m--20230831_161620--f001146.jpg,20230831_161620,mauritius,green,video,False,test,831.8716317887407
data/processed/mauritius/video/not_augmented/cull2_pairres_green_bg/head/224/20230831_161620/m--20230831_161620--f001148.jpg,20230831_161620,mauritius,green,video,False,test,797.6129623327291
data/processed/mauritius/video/not_augmented/cull2_pairres_green_bg/head/224/20230831_161620/m--20230831_161620--f001150.jpg,20230831_161620,mauritius,green,video,False,test,676.3692402706599
data/processed/mauritius/video/not_augmented/cull2_pairres_green_bg/head/224/20230831_161620/m--20230831_161620--f001152.jpg,20230831_161620,mauritius,green,video,False,test,682.5187938262005
data/processed/mauritius/video/not_augmented/cull2_pairres_green_bg/head/224/20230831_161620/m--20230831_161620--f001154.jpg,20230831_161620,mauritius,green,video,False,test,780.9471460061983
data/processed/mauritius/video/not_augmented/cull2_pairres_green_bg/head/224/20230831_161620/m--20230831_161620--f001156.jpg,20230831_161620,mauritius,green,video,False,test,723.3669881951754
data/processed/mauritius/video/not_augmented/cull2_pairres_green_bg/head/224/20230831_161620/m--20230831_161620--f001158.jpg,20230831_161620,mauritius,green,video,False,test,732.4953364015172
data/processed/mauritius/video/not_augmented/cull2_pairres_green_bg/head/224/20230831_161620/m--20230831_161620--f001160.jpg,20230831_161620,mauritius,green,video,False,test,604.8090719884757
data/processed/mauritius/video/not_augmented/cull2_pairres_green_bg/head/224/20230831_161620/m--20230831_161620--f001162.jpg,20230831_161620,mauritius,green,video,False,test,705.8823142438965
data/processed/mauritius/video/not_augmented/cull2_pairres_green_bg/head/224/20230831_161620/m--20230831_161620--f001164.jpg,20230831_161620,mauritius,green,video,False,test,692.2478275986225
data/processed/mauritius/video/not_augmented/cull2_pairres_green_bg/head/224/20230831_161620/m--20230831_161620--f001166.jpg,20230831_161620,mauritius,green,video,False,test,690.2713448466087
data/processed/mauritius/video/not_augmented/cull2_pairres_green_bg/head/224/20230831_161620/m--20230831_161620--f001168.jpg,20230831_161620,mauritius,green,video,False,test,628.5365711797631
data/processed/mauritius/video/not_augmented/cull2_pairres_green_bg/head/224/20230831_161620/m--20230831_161620--f001170.jpg,20230831_161620,mauritius,green,video,False,test,607.5181759425571
data/processed/mauritius/video/not_augmented/cull2_pairres_green_bg/head/224/20230831_161620/m--20230831_161620--f001172.jpg,20230831_161620,mauritius,green,video,False,test,666.4635881597129
data/processed/mauritius/video/not_augmented/cull2_pairres_green_bg/head/224/20230831_161620/m--20230831_161620--f001174.jpg,20230831_161620,mauritius,green,video,False,test,721.7018494882069
data/processed/mauritius/video/not_augmented/cull2_pairres_green_bg/head/224/20230831_161620/m--20230831_161620--f001176.jpg,20230831_161620,mauritius,green,video,False,test,703.3828922177989
data/processed/mauritius/video/not_augmented/cull2_pairres_green_bg/head/224/20230831_161620/m--20230831_161620--f001178.jpg,20230831_161620,mauritius,green,video,False,test,727.7908760966087
data/processed/mauritius/video/not_augmented/cull2_pairres_green_bg/head/224/20230831_161620/m--20230831_161620--f001180.jpg,20230831_161620,mauritius,green,video,False,test,723.0652303695679
data/processed/mauritius/video/not_augmented/cull2_pairres_green_bg/head/224/20230831_161620/m--20230831_161620--f001182.jpg,20230831_161620,mauritius,green,video,False,test,703.184370946904
data/processed/mauritius/video/not_augmented/cull2_pairres_green_bg/head/224/20230831_161620/m--20230831_161620--f001184.jpg,20230831_161620,mauritius,green,video,False,test,642.3908838397609
data/processed/mauritius/video/not_augmented/cull2_pairres_green_bg/head/224/20230831_161620/m--20230831_161620--f001186.jpg,20230831_161620,mauritius,green,video,False,test,581.3499081125859
data/processed/mauritius/video/not_augmented/cull2_pairres_green_bg/head/224/20230831_161620/m--20230831_161620--f001188.jpg,20230831_161620,mauritius,green,video,False,test,375.8377311719254
data/processed/mauritius/video/not_augmented/cull2_pairres_green_bg/head/224/20230831_161620/m--20230831_161620--f001190.jpg,20230831_161620,mauritius,green,video,False,test,151.93092313621105
data/processed/mauritius/video/not_augmented/cull2_pairres_green_bg/head/224/20230831_161620/m--20230831_161620--f001192.jpg,20230831_161620,mauritius,green,video,False,test,361.5216836718807
data/processed/mauritius/video/not_augmented/cull2_pairres_green_bg/head/224/20230831_161620/m--20230831_161620--f001194.jpg,20230831_161620,mauritius,green,video,False,test,195.7749720882843
data/processed/mauritius/video/not_augmented/cull2_pairres_green_bg/head/224/20230831_161620/m--20230831_161620--f001196.jpg,20230831_161620,mauritius,green,video,False,test,203.38992742318405
data/processed/mauritius/video/not_augmented/cull2_pairres_green_bg/head/224/20230831_161620/m--20230831_161620--f001198.jpg,20230831_161620,mauritius,green,video,False,test,298.3818957016201
data/processed/mauritius/video/not_augmented/cull2_pairres_green_bg/head/224/20230831_161620/m--20230831_161620--f001200.jpg,20230831_161620,mauritius,green,video,False,test,498.58221060869255
data/processed/mauritius/video/not_augmented/cull2_pairres_green_bg/head/224/20230831_161620/m--20230831_161620--f001202.jpg,20230831_161620,mauritius,green,video,False,test,502.515904003558
data/processed/mauritius/video/not_augmented/cull2_pairres_green_bg/head/224/20230831_161620/m--20230831_161620--f001204.jpg,20230831_161620,mauritius,green,video,False,test,408.91194989650467
data/processed/mauritius/video/not_augmented/cull2_pairres_green_bg/head/224/20230831_161620/m--20230831_161620--f001206.jpg,20230831_161620,mauritius,green,video,False,test,607.2384804912728
data/processed/mauritius/video/not_augmented/cull2_pairres_green_bg/head/224/20230831_161620/m--20230831_161620--f001208.jpg,20230831_161620,mauritius,green,video,False,test,638.4483816821295
data/processed/mauritius/video/not_augmented/cull2_pairres_green_bg/head/224/20230831_161620/m--20230831_161620--f001210.jpg,20230831_161620,mauritius,green,video,False,test,322.3206712356561
data/processed/mauritius/video/not_augmented/cull2_pairres_green_bg/head/224/20230831_161620/m--20230831_161620--f001212.jpg,20230831_161620,mauritius,green,video,False,test,327.0029096798021
data/processed/mauritius/video/not_augmented/cull2_pairres_green_bg/head/224/20230831_161620/m--20230831_161620--f001214.jpg,20230831_161620,mauritius,green,video,False,test,397.9215361890272
data/processed/mauritius/video/not_augmented/cull2_pairres_green_bg/head/224/20230831_161620/m--20230831_161620--f001216.jpg,20230831_161620,mauritius,green,video,False,test,310.5348172992133
data/processed/mauritius/video/not_augmented/cull2_pairres_green_bg/head/224/20230831_161620/m--20230831_161620--f001218.jpg,20230831_161620,mauritius,green,video,False,test,325.8860809933092
data/processed/mauritius/video/not_augmented/cull2_pairres_green_bg/head/224/20230831_161620/m--20230831_161620--f001220.jpg,20230831_161620,mauritius,green,video,False,test,382.5450613358676
data/processed/mauritius/video/not_augmented/cull2_pairres_green_bg/head/224/20230831_165242/m--20230831_165242--f000148.jpg,20230831_165242,mauritius,green,video,False,train,12.111348035384198
data/processed/mauritius/video/not_augmented/cull2_pairres_green_bg/head/224/20230831_165242/m--20230831_165242--f000150.jpg,20230831_165242,mauritius,green,video,False,train,13.619260204081632
data/processed/mauritius/video/not_augmented/cull2_pairres_green_bg/head/224/20230831_165242/m--20230831_165242--f000154.jpg,20230831_165242,mauritius,green,video,False,train,16.57067123088972
data/processed/mauritius/video/not_augmented/cull2_pairres_green_bg/head/224/20230831_165242/m--20230831_165242--f000156.jpg,20230831_165242,mauritius,green,video,False,train,20.34815449259868
data/processed/mauritius/video/not_augmented/cull2_pairres_green_bg/head/224/20230831_165242/m--20230831_165242--f000158.jpg,20230831_165242,mauritius,green,video,False,train,31.41665334038216
data/processed/mauritius/video/not_augmented/cull2_pairres_green_bg/head/224/20230831_165242/m--20230831_165242--f000160.jpg,20230831_165242,mauritius,green,video,False,train,30.52439413265306
data/processed/mauritius/video/not_augmented/cull2_pairres_green_bg/head/224/20230831_165242/m--20230831_165242--f000162.jpg,20230831_165242,mauritius,green,video,False,train,24.902782192333497
data/processed/mauritius/video/not_augmented/cull2_pairres_green_bg/head/224/20230831_165242/m--20230831_165242--f000200.jpg,20230831_165242,mauritius,green,video,False,train,124.14160153032691
data/processed/mauritius/video/not_augmented/cull2_pairres_green_bg/head/224/20230831_165242/m--20230831_165242--f000202.jpg,20230831_165242,mauritius,green,video,False,train,289.88663903061223
data/processed/mauritius/video/not_augmented/cull2_pairres_green_bg/head/224/20230831_165242/m--20230831_165242--f000204.jpg,20230831_165242,mauritius,green,video,False,train,274.1705595014096
data/processed/mauritius/video/not_augmented/cull2_pairres_green_bg/head/224/20230831_165242/m--20230831_165242--f000212.jpg,20230831_165242,mauritius,green,video,False,train,217.0689174043591
data/processed/mauritius/video/not_augmented/cull2_pairres_green_bg/head/224/20230831_165242/m--20230831_165242--f000214.jpg,20230831_165242,mauritius,green,video,False,train,195.5578761738273
data/processed/mauritius/video/not_augmented/cull2_pairres_green_bg/head/224/20230831_165242/m--20230831_165242--f000216.jpg,20230831_165242,mauritius,green,video,False,train,323.0297744223497
data/processed/mauritius/video/not_augmented/cull2_pairres_green_bg/head/224/20230831_165242/m--20230831_165242--f000218.jpg,20230831_165242,mauritius,green,video,False,train,465.4844745344442
data/processed/mauritius/video/not_augmented/cull2_pairres_green_bg/head/224/20230831_165242/m--20230831_165242--f000220.jpg,20230831_165242,mauritius,green,video,False,train,541.0595104832393
data/processed/mauritius/video/not_augmented/cull2_pairres_green_bg/head/224/20230831_165242/m--20230831_165242--f000222.jpg,20230831_165242,mauritius,green,video,False,train,304.4450932395105
data/processed/mauritius/video/not_augmented/cull2_pairres_green_bg/head/224/20230831_165242/m--20230831_165242--f000224.jpg,20230831_165242,mauritius,green,video,False,train,226.25209238567933
data/processed/mauritius/video/not_augmented/cull2_pairres_green_bg/head/224/20230831_165242/m--20230831_165242--f000226.jpg,20230831_165242,mauritius,green,video,False,train,222.70039457879633
data/processed/mauritius/video/not_augmented/cull2_pairres_green_bg/head/224/20230831_165242/m--20230831_165242--f000228.jpg,20230831_165242,mauritius,green,video,False,train,253.87874673337353
data/processed/mauritius/video/not_augmented/cull2_pairres_green_bg/head/224/20230831_165242/m--20230831_165242--f000230.jpg,20230831_165242,mauritius,green,video,False,train,346.2852558988374
data/processed/mauritius/video/not_augmented/cull2_pairres_green_bg/head/224/20230831_165242/m--20230831_165242--f000232.jpg,20230831_165242,mauritius,green,video,False,train,687.1990790976827
data/processed/mauritius/video/not_augmented/cull2_pairres_green_bg/head/224/20230831_165242/m--20230831_165242--f000234.jpg,20230831_165242,mauritius,green,video,False,train,703.4596420563742
data/processed/mauritius/video/not_augmented/cull2_pairres_green_bg/head/224/20230831_165242/m--20230831_165242--f000236.jpg,20230831_165242,mauritius,green,video,False,train,617.6919243243376
data/processed/mauritius/video/not_augmented/cull2_pairres_green_bg/head/224/20230831_165242/m--20230831_165242--f000238.jpg,20230831_165242,mauritius,green,video,False,train,515.979611763007
data/processed/mauritius/video/not_augmented/cull2_pairres_green_bg/head/224/20230831_165242/m--20230831_165242--f000240.jpg,20230831_165242,mauritius,green,video,False,train,581.1607540882115
data/processed/mauritius/video/not_augmented/cull2_pairres_green_bg/head/224/20230831_165242/m--20230831_165242--f000242.jpg,20230831_165242,mauritius,green,video,False,train,688.089225914815
data/processed/mauritius/video/not_augmented/cull2_pairres_green_bg/head/224/20230831_165242/m--20230831_165242--f000244.jpg,20230831_165242,mauritius,green,video,False,train,658.4264189796814
data/processed/mauritius/video/not_augmented/cull2_pairres_green_bg/head/224/20230831_165242/m--20230831_165242--f000246.jpg,20230831_165242,mauritius,green,video,False,train,521.4122886002336
data/processed/mauritius/video/not_augmented/cull2_pairres_green_bg/head/224/20230831_165242/m--20230831_165242--f000248.jpg,20230831_165242,mauritius,green,video,False,train,327.95366289574923
data/processed/mauritius/video/not_augmented/cull2_pairres_green_bg/head/224/20230831_165242/m--20230831_165242--f000250.jpg,20230831_165242,mauritius,green,video,False,train,323.56347651443895
data/processed/mauritius/video/not_augmented/cull2_pairres_green_bg/head/224/20230831_165242/m--20230831_165242--f000252.jpg,20230831_165242,mauritius,green,video,False,train,295.0433673215181
data/processed/mauritius/video/not_augmented/cull2_pairres_green_bg/head/224/20230831_165242/m--20230831_165242--f000254.jpg,20230831_165242,mauritius,green,video,False,train,267.03517574729744
data/processed/mauritius/video/not_augmented/cull2_pairres_green_bg/head/224/20230831_165242/m--20230831_165242--f000256.jpg,20230831_165242,mauritius,green,video,False,train,294.0268455034293
data/processed/mauritius/video/not_augmented/cull2_pairres_green_bg/head/224/20230831_165242/m--20230831_165242--f000258.jpg,20230831_165242,mauritius,green,video,False,train,250.50334817456584
data/processed/mauritius/video/not_augmented/cull2_pairres_green_bg/head/224/20230831_165242/m--20230831_165242--f000260.jpg,20230831_165242,mauritius,green,video,False,train,66.22823637835636
data/processed/mauritius/video/not_augmented/cull2_pairres_green_bg/head/224/20230831_165242/m--20230831_165242--f000262.jpg,20230831_165242,mauritius,green,video,False,train,27.546894919916966
data/processed/mauritius/video/not_augmented/cull2_pairres_green_bg/head/224/20230831_165242/m--20230831_165242--f000264.jpg,20230831_165242,mauritius,green,video,False,train,15.133768940408842
data/processed/mauritius/video/not_augmented/cull2_pairres_green_bg/head/224/20230831_165242/m--20230831_165242--f000266.jpg,20230831_165242,mauritius,green,video,False,train,9.78461793401449
data/processed/mauritius/video/not_augmented/cull2_pairres_green_bg/head/224/20230831_165242/m--20230831_165242--f000268.jpg,20230831_165242,mauritius,green,video,False,train,10.090840140664044
data/processed/mauritius/video/not_augmented/cull2_pairres_green_bg/head/224/20230831_165242/m--20230831_165242--f000582.jpg,20230831_165242,mauritius,green,video,False,train,40.93363359539472
data/processed/mauritius/video/not_augmented/cull2_pairres_green_bg/head/224/20230831_165242/m--20230831_165242--f000584.jpg,20230831_165242,mauritius,green,video,False,train,47.13109840447086
data/processed/mauritius/video/not_augmented/cull2_pairres_green_bg/head/224/20230831_165242/m--20230831_165242--f000586.jpg,20230831_165242,mauritius,green,video,False,train,67.41380280785043
data/processed/mauritius/video/not_augmented/cull2_pairres_green_bg/head/224/20230831_165242/m--20230831_165242--f000588.jpg,20230831_165242,mauritius,green,video,False,train,67.68166052267384
data/processed/mauritius/video/not_augmented/cull2_pairres_green_bg/head/224/20230831_165242/m--20230831_165242--f000594.jpg,20230831_165242,mauritius,green,video,False,train,81.9304647318575
data/processed/mauritius/video/not_augmented/cull2_pairres_green_bg/head/224/20230831_165242/m--20230831_165242--f001102.jpg,20230831_165242,mauritius,green,video,False,train,330.35395388938844
data/processed/mauritius/video/not_augmented/cull2_pairres_green_bg/head/224/20230831_165242/m--20230831_165242--f001104.jpg,20230831_165242,mauritius,green,video,False,train,434.6167689251532
data/processed/mauritius/video/not_augmented/cull2_pairres_green_bg/head/224/20230831_165242/m--20230831_165242--f001106.jpg,20230831_165242,mauritius,green,video,False,train,337.1125637183136
data/processed/mauritius/video/not_augmented/cull2_pairres_green_bg/head/224/20230831_165242/m--20230831_165242--f001108.jpg,20230831_165242,mauritius,green,video,False,train,421.6648794803357
data/processed/mauritius/video/not_augmented/cull2_pairres_green_bg/head/224/20230831_165242/m--20230831_165242--f001110.jpg,20230831_165242,mauritius,green,video,False,train,406.0162627408029
data/processed/mauritius/video/not_augmented/cull2_pairres_green_bg/head/224/20230831_165242/m--20230831_165242--f001112.jpg,20230831_165242,mauritius,green,video,False,train,503.4937220088446
data/processed/mauritius/video/not_augmented/cull2_pairres_green_bg/head/224/20230831_165242/m--20230831_165242--f001114.jpg,20230831_165242,mauritius,green,video,False,train,515.7273596684569
data/processed/mauritius/video/not_augmented/cull2_pairres_green_bg/head/224/20230831_165242/m--20230831_165242--f001116.jpg,20230831_165242,mauritius,green,video,False,train,570.0634765430374
data/processed/mauritius/video/not_augmented/cull2_pairres_green_bg/head/224/20230831_165242/m--20230831_165242--f001118.jpg,20230831_165242,mauritius,green,video,False,train,544.947604384337
data/processed/mauritius/video/not_augmented/cull2_pairres_green_bg/head/224/20230831_165242/m--20230831_165242--f001120.jpg,20230831_165242,mauritius,green,video,False,train,530.7338568223907
data/processed/mauritius/video/not_augmented/cull2_pairres_green_bg/head/224/20230831_165242/m--20230831_165242--f001122.jpg,20230831_165242,mauritius,green,video,False,train,529.3386878172888
data/processed/mauritius/video/not_augmented/cull2_pairres_green_bg/head/224/20230831_165242/m--20230831_165242--f001124.jpg,20230831_165242,mauritius,green,video,False,train,505.6180643878445
data/processed/mauritius/video/not_augmented/cull2_pairres_green_bg/head/224/20230831_165242/m--20230831_165242--f001126.jpg,20230831_165242,mauritius,green,video,False,train,421.13956842855436
data/processed/mauritius/video/not_augmented/cull2_pairres_green_bg/head/224/20230831_165242/m--20230831_165242--f001128.jpg,20230831_165242,mauritius,green,video,False,train,380.72247687780276
data/processed/mauritius/video/not_augmented/cull2_pairres_green_bg/head/224/20230831_165242/m--20230831_165242--f001130.jpg,20230831_165242,mauritius,green,video,False,train,436.0747765934701
data/processed/mauritius/video/not_augmented/cull2_pairres_green_bg/head/224/20230831_165242/m--20230831_165242--f001132.jpg,20230831_165242,mauritius,green,video,False,train,455.305145819353
data/processed/mauritius/video/not_augmented/cull2_pairres_green_bg/head/224/20230831_165242/m--20230831_165242--f001134.jpg,20230831_165242,mauritius,green,video,False,train,494.2081074617347
data/processed/mauritius/video/not_augmented/cull2_pairres_green_bg/head/224/20230831_165242/m--20230831_165242--f001136.jpg,20230831_165242,mauritius,green,video,False,train,487.3247369196652
data/processed/mauritius/video/not_augmented/cull2_pairres_green_bg/head/224/20230831_165242/m--20230831_165242--f001138.jpg,20230831_165242,mauritius,green,video,False,train,399.5155054066192
data/processed/mauritius/video/not_augmented/cull2_pairres_green_bg/head/224/20230831_165242/m--20230831_165242--f001452.jpg,20230831_165242,mauritius,green,video,False,train,321.7506776004967
data/processed/mauritius/video/not_augmented/cull2_pairres_green_bg/head/224/20230831_165242/m--20230831_165242--f001454.jpg,20230831_165242,mauritius,green,video,False,train,177.66523836057218
data/processed/mauritius/video/not_augmented/cull2_pairres_green_bg/head/224/20230831_165242/m--20230831_165242--f001456.jpg,20230831_165242,mauritius,green,video,False,train,246.1068239541711
data/processed/mauritius/video/not_augmented/cull2_pairres_green_bg/head/224/20230831_165242/m--20230831_165242--f001458.jpg,20230831_165242,mauritius,green,video,False,train,598.1375757234885
data/processed/mauritius/video/not_augmented/cull2_pairres_green_bg/head/224/20230831_165242/m--20230831_165242--f001460.jpg,20230831_165242,mauritius,green,video,False,train,457.0691964269826
data/processed/mauritius/video/not_augmented/cull2_pairres_green_bg/head/224/20230831_165242/m--20230831_165242--f001462.jpg,20230831_165242,mauritius,green,video,False,train,403.8561463647959
data/processed/mauritius/video/not_augmented/cull2_pairres_green_bg/head/224/20230831_165242/m--20230831_165242--f001464.jpg,20230831_165242,mauritius,green,video,False,train,142.9416254461432
data/processed/mauritius/video/not_augmented/cull2_pairres_green_bg/head/224/20230831_165242/m--20230831_165242--f001466.jpg,20230831_165242,mauritius,green,video,False,train,143.95483895253756
