path,identity,species,background,source,augmented,split,quality
data/processed/mauritius/video/not_augmented/pool40/green_bg/20230805_132834/m--20230805_132834--f000532.jpg,20230805_132834,mauritius,green,video,False,val,11.27220183519064
data/processed/mauritius/video/not_augmented/pool40/green_bg/20230805_132834/m--20230805_132834--f000534.jpg,20230805_132834,mauritius,green,video,False,val,9.536531377265671
data/processed/mauritius/video/not_augmented/pool40/green_bg/20230805_132834/m--20230805_132834--f000536.jpg,20230805_132834,mauritius,green,video,False,val,12.289540814737736
data/processed/mauritius/video/not_augmented/pool40/green_bg/20230805_132834/m--20230805_132834--f000538.jpg,20230805_132834,mauritius,green,video,False,val,39.71793258671759
data/processed/mauritius/video/not_augmented/pool40/green_bg/20230805_132834/m--20230805_132834--f000540.jpg,20230805_132834,mauritius,green,video,False,val,490.02933637721503
data/processed/mauritius/video/not_augmented/pool40/green_bg/20230805_132834/m--20230805_132834--f000542.jpg,20230805_132834,mauritius,green,video,False,val,1274.1243622433092
data/processed/mauritius/video/not_augmented/pool40/green_bg/20230805_132834/m--20230805_132834--f000544.jpg,20230805_132834,mauritius,green,video,False,val,2066.457409907162
data/processed/mauritius/video/not_augmented/pool40/green_bg/20230805_132834/m--20230805_132834--f000546.jpg,20230805_132834,mauritius,green,video,False,val,2459.809510522959
data/processed/mauritius/video/not_augmented/pool40/green_bg/20230805_132834/m--20230805_132834--f000548.jpg,20230805_132834,mauritius,green,video,False,val,2695.992187442804
data/processed/mauritius/video/not_augmented/pool40/green_bg/20230805_132834/m--20230805_132834--f000550.jpg,20230805_132834,mauritius,green,video,False,val,2735.858378378961
data/processed/mauritius/video/not_augmented/pool40/green_bg/20230805_132834/m--20230805_132834--f000552.jpg,20230805_132834,mauritius,green,video,False,val,2750.637994182354
data/processed/mauritius/video/not_augmented/pool40/green_bg/20230805_132834/m--20230805_132834--f000556.jpg,20230805_132834,mauritius,green,video,False,val,2721.969866065074
data/processed/mauritius/video/not_augmented/pool40/green_bg/20230805_132834/m--20230805_132834--f000558.jpg,20230805_132834,mauritius,green,video,False,val,2832.1525629302546
data/processed/mauritius/video/not_augmented/pool40/green_bg/20230805_132834/m--20230805_132834--f000560.jpg,20230805_132834,mauritius,green,video,False,val,2574.7658242921143
data/processed/mauritius/video/not_augmented/pool40/green_bg/20230805_132834/m--20230805_132834--f000562.jpg,20230805_132834,mauritius,green,video,False,val,2402.5662069451755
data/processed/mauritius/video/not_augmented/pool40/green_bg/20230805_132834/m--20230805_132834--f000566.jpg,20230805_132834,mauritius,green,video,False,val,1943.8440289924365
data/processed/mauritius/video/not_augmented/pool40/green_bg/20230805_132834/m--20230805_132834--f000568.jpg,20230805_132834,mauritius,green,video,False,val,1791.560985139388
data/processed/mauritius/video/not_augmented/pool40/green_bg/20230805_132834/m--20230805_132834--f000576.jpg,20230805_132834,mauritius,green,video,False,val,1289.0537906564905
data/processed/mauritius/video/not_augmented/pool40/green_bg/20230805_132834/m--20230805_132834--f000578.jpg,20230805_132834,mauritius,green,video,False,val,1132.1666931825994
data/processed/mauritius/video/not_augmented/pool40/green_bg/20230805_132834/m--20230805_132834--f000580.jpg,20230805_132834,mauritius,green,video,False,val,1165.2535275825112
data/processed/mauritius/video/not_augmented/pool40/green_bg/20230805_132834/m--20230805_132834--f000582.jpg,20230805_132834,mauritius,green,video,False,val,1220.9968709818577
data/processed/mauritius/video/not_augmented/pool40/green_bg/20230805_132834/m--20230805_132834--f000584.jpg,20230805_132834,mauritius,green,video,False,val,1138.0795599092596
data/processed/mauritius/video/not_augmented/pool40/green_bg/20230805_150231/m--20230805_150231--f000134.jpg,20230805_150231,mauritius,green,video,False,test,221.93172033008864
data/processed/mauritius/video/not_augmented/pool40/green_bg/20230805_150231/m--20230805_150231--f000136.jpg,20230805_150231,mauritius,green,video,False,test,51.06333703927227
data/processed/mauritius/video/not_augmented/pool40/green_bg/20230805_150231/m--20230805_150231--f000138.jpg,20230805_150231,mauritius,green,video,False,test,857.1337093331823
data/processed/mauritius/video/not_augmented/pool40/green_bg/20230805_150231/m--20230805_150231--f000140.jpg,20230805_150231,mauritius,green,video,False,test,1556.0575773178762
data/processed/mauritius/video/not_augmented/pool40/green_bg/20230805_150231/m--20230805_150231--f000142.jpg,20230805_150231,mauritius,green,video,False,test,656.3724489732366
data/processed/mauritius/video/not_augmented/pool40/green_bg/20230805_150231/m--20230805_150231--f000144.jpg,20230805_150231,mauritius,green,video,False,test,494.5541892216534
data/processed/mauritius/video/not_augmented/pool40/green_bg/20230805_150231/m--20230805_150231--f000146.jpg,20230805_150231,mauritius,green,video,False,test,584.4271165302822
data/processed/mauritius/video/not_augmented/pool40/green_bg/20230805_150231/m--20230805_150231--f000148.jpg,20230805_150231,mauritius,green,video,False,test,461.2706871795337
data/processed/mauritius/video/not_augmented/pool40/green_bg/20230805_150231/m--20230805_150231--f000470.jpg,20230805_150231,mauritius,green,video,False,test,143.31889744869426
data/processed/mauritius/video/not_augmented/pool40/green_bg/20230805_150231/m--20230805_150231--f000472.jpg,20230805_150231,mauritius,green,video,False,test,130.97223738917012
data/processed/mauritius/video/not_augmented/pool40/green_bg/20230805_150231/m--20230805_150231--f000474.jpg,20230805_150231,mauritius,green,video,False,test,119.92801326416472
data/processed/mauritius/video/not_augmented/pool40/green_bg/20230805_150231/m--20230805_150231--f000476.jpg,20230805_150231,mauritius,green,video,False,test,86.98226239650461
data/processed/mauritius/video/not_augmented/pool40/green_bg/20230805_150231/m--20230805_150231--f000478.jpg,20230805_150231,mauritius,green,video,False,test,49.65076924403078
data/processed/mauritius/video/not_augmented/pool40/green_bg/20230805_150231/m--20230805_150231--f000480.jpg,20230805_150231,mauritius,green,video,False,test,54.21910871182418
data/processed/mauritius/video/not_augmented/pool40/green_bg/20230805_150231/m--20230805_150231--f000482.jpg,20230805_150231,mauritius,green,video,False,test,61.22851558528012
data/processed/mauritius/video/not_augmented/pool40/green_bg/20230805_150231/m--20230805_150231--f000484.jpg,20230805_150231,mauritius,green,video,False,test,63.75928726895359
data/processed/mauritius/video/not_augmented/pool40/green_bg/20230805_150231/m--20230805_150231--f000486.jpg,20230805_150231,mauritius,green,video,False,test,40.29749282168032
data/processed/mauritius/video/not_augmented/pool40/green_bg/20230805_150231/m--20230805_150231--f000488.jpg,20230805_150231,mauritius,green,video,False,test,64.9930443400296
data/processed/mauritius/video/not_augmented/pool40/green_bg/20230805_150231/m--20230805_150231--f000490.jpg,20230805_150231,mauritius,green,video,False,test,77.02166369556139
data/processed/mauritius/video/not_augmented/pool40/green_bg/20230805_150231/m--20230805_150231--f000548.jpg,20230805_150231,mauritius,green,video,False,test,55.65152659410241
data/processed/mauritius/video/not_augmented/pool40/green_bg/20230805_150231/m--20230805_150231--f000800.jpg,20230805_150231,mauritius,green,video,False,test,984.7251274493372
data/processed/mauritius/video/not_augmented/pool40/green_bg/20230805_150231/m--20230805_150231--f000804.jpg,20230805_150231,mauritius,green,video,False,test,269.0861565181981
data/processed/mauritius/video/not_augmented/pool40/green_bg/20230805_150231/m--20230805_150231--f000806.jpg,20230805_150231,mauritius,green,video,False,test,128.78475763876204
data/processed/mauritius/video/not_augmented/pool40/green_bg/20230805_150231/m--20230805_150231--f000828.jpg,20230805_150231,mauritius,green,video,False,test,41.06810014360102
data/processed/mauritius/video/not_augmented/pool40/green_bg/20230805_150231/m--20230805_150231--f000830.jpg,20230805_150231,mauritius,green,video,False,test,49.94943786352588
data/processed/mauritius/video/not_augmented/pool40/green_bg/20230805_150231/m--20230805_150231--f000832.jpg,20230805_150231,mauritius,green,video,False,test,59.4918485778116
data/processed/mauritius/video/not_augmented/pool40/green_bg/20230805_150231/m--20230805_150231--f000840.jpg,20230805_150231,mauritius,green,video,False,test,223.7605827451497
data/processed/mauritius/video/not_augmented/pool40/green_bg/20230805_150231/m--20230805_150231--f000844.jpg,20230805_150231,mauritius,green,video,False,test,115.95410154303724
data/processed/mauritius/video/not_augmented/pool40/green_bg/20230805_150231/m--20230805_150231--f000846.jpg,20230805_150231,mauritius,green,video,False,test,209.3335060189536
data/processed/mauritius/video/not_augmented/pool40/green_bg/20230805_150231/m--20230805_150231--f000848.jpg,20230805_150231,mauritius,green,video,False,test,162.39014668208466
data/processed/mauritius/video/not_augmented/pool40/green_bg/20230805_150231/m--20230805_150231--f000850.jpg,20230805_150231,mauritius,green,video,False,test,66.70990114795919
data/processed/mauritius/video/not_augmented/pool40/green_bg/20230805_150231/m--20230805_150231--f000852.jpg,20230805_150231,mauritius,green,video,False,test,50.44955753793523
data/processed/mauritius/video/not_augmented/pool40/green_bg/20230805_150231/m--20230805_150231--f000854.jpg,20230805_150231,mauritius,green,video,False,test,70.53411989637038
data/processed/mauritius/video/not_augmented/pool40/green_bg/20230805_150231/m--20230805_150231--f000856.jpg,20230805_150231,mauritius,green,video,False,test,170.6095143337639
data/processed/mauritius/video/not_augmented/pool40/green_bg/20230805_150231/m--20230805_150231--f000858.jpg,20230805_150231,mauritius,green,video,False,test,327.1967474346805
data/processed/mauritius/video/not_augmented/pool40/green_bg/20230805_150231/m--20230805_150231--f000860.jpg,20230805_150231,mauritius,green,video,False,test,195.19389746140465
data/processed/mauritius/video/not_augmented/pool40/green_bg/20230805_150231/m--20230805_150231--f000862.jpg,20230805_150231,mauritius,green,video,False,test,184.3243781871867
data/processed/mauritius/video/not_augmented/pool40/green_bg/20230805_150231/m--20230805_150231--f000864.jpg,20230805_150231,mauritius,green,video,False,test,196.93759964883748
data/processed/mauritius/video/not_augmented/pool40/green_bg/20230805_150231/m--20230805_150231--f000866.jpg,20230805_150231,mauritius,green,video,False,test,231.5057995755292
data/processed/mauritius/video/not_augmented/pool40/green_bg/20230805_150231/m--20230805_150231--f000868.jpg,20230805_150231,mauritius,green,video,False,test,288.55955037629786
data/processed/mauritius/video/not_augmented/pool40/green_bg/20230805_150231/m--20230805_150231--f000870.jpg,20230805_150231,mauritius,green,video,False,test,365.8078363760964
data/processed/mauritius/video/not_augmented/pool40/green_bg/20230805_150231/m--20230805_150231--f000872.jpg,20230805_150231,mauritius,green,video,False,test,952.273258111915
data/processed/mauritius/video/not_augmented/pool40/green_bg/20230805_150231/m--20230805_150231--f000874.jpg,20230805_150231,mauritius,green,video,False,test,1399.1612922318127
data/processed/mauritius/video/not_augmented/pool40/green_bg/20230805_150231/m--20230805_150231--f000876.jpg,20230805_150231,mauritius,green,video,False,test,1950.4848732425985
data/processed/mauritius/video/not_augmented/pool40/green_bg/20230805_150231/m--20230805_150231--f000878.jpg,20230805_150231,mauritius,green,video,False,test,1832.4989436986496
data/processed/mauritius/video/not_augmented/pool40/green_bg/20230805_150231/m--20230805_150231--f000880.jpg,20230805_150231,mauritius,green,video,False,test,1646.3918605726592
data/processed/mauritius/video/not_augmented/pool40/green_bg/20230805_150231/m--20230805_150231--f000888.jpg,20230805_150231,mauritius,green,video,False,test,1153.9904136542525
data/processed/mauritius/video/not_augmented/pool40/green_bg/20230805_150231/m--20230805_150231--f000892.jpg,20230805_150231,mauritius,green,video,False,test,3983.916015496307
data/processed/mauritius/video/not_augmented/pool40/green_bg/20230805_150231/m--20230805_150231--f000934.jpg,20230805_150231,mauritius,green,video,False,test,244.53354188433696
data/processed/mauritius/video/not_augmented/pool40/green_bg/20230805_150231/m--20230805_150231--f000940.jpg,20230805_150231,mauritius,green,video,False,test,724.1827765782144
data/processed/mauritius/video/not_augmented/pool40/green_bg/20230805_150231/m--20230805_150231--f000948.jpg,20230805_150231,mauritius,green,video,False,test,1198.2133290419129
data/processed/mauritius/video/not_augmented/pool40/green_bg/20230805_150231/m--20230805_150231--f000950.jpg,20230805_150231,mauritius,green,video,False,test,1030.7094227744362
data/processed/mauritius/video/not_augmented/pool40/green_bg/20230805_150231/m--20230805_150231--f000952.jpg,20230805_150231,mauritius,green,video,False,test,412.92462526168094
data/processed/mauritius/video/not_augmented/pool40/green_bg/20230805_150231/m--20230805_150231--f000954.jpg,20230805_150231,mauritius,green,video,False,test,998.8499680979456
data/processed/mauritius/video/not_augmented/pool40/green_bg/20230805_150231/m--20230805_150231--f000956.jpg,20230805_150231,mauritius,green,video,False,test,749.2141462017825
data/processed/mauritius/video/not_augmented/pool40/green_bg/20230805_150231/m--20230805_150231--f000962.jpg,20230805_150231,mauritius,green,video,False,test,363.32182716201214
data/processed/mauritius/video/not_augmented/pool40/green_bg/20230805_150231/m--20230805_150231--f000964.jpg,20230805_150231,mauritius,green,video,False,test,175.93600505136143
data/processed/mauritius/video/not_augmented/pool40/green_bg/20230805_150231/m--20230805_150231--f000966.jpg,20230805_150231,mauritius,green,video,False,test,303.7165576151539
data/processed/mauritius/video/not_augmented/pool40/green_bg/20230805_150231/m--20230805_150231--f001026.jpg,20230805_150231,mauritius,green,video,False,test,410.8567641896538
data/processed/mauritius/video/not_augmented/pool40/green_bg/20230805_190452/m--20230805_190452--f000150.jpg,20230805_190452,mauritius,green,video,False,val,182.0736207973952
data/processed/mauritius/video/not_augmented/pool40/green_bg/20230805_190452/m--20230805_190452--f000152.jpg,20230805_190452,mauritius,green,video,False,val,152.99176892515325
data/processed/mauritius/video/not_augmented/pool40/green_bg/20230805_190452/m--20230805_190452--f000156.jpg,20230805_190452,mauritius,green,video,False,val,146.40068945791364
data/processed/mauritius/video/not_augmented/pool40/green_bg/20230805_190452/m--20230805_190452--f000158.jpg,20230805_190452,mauritius,green,video,False,val,162.38341039381936
data/processed/mauritius/video/not_augmented/pool40/green_bg/20230805_190452/m--20230805_190452--f000160.jpg,20230805_190452,mauritius,green,video,False,val,207.08753184803524
data/processed/mauritius/video/not_augmented/pool40/green_bg/20230805_190452/m--20230805_190452--f000162.jpg,20230805_190452,mauritius,green,video,False,val,198.1372168210088
data/processed/mauritius/video/not_augmented/pool40/green_bg/20230805_190452/m--20230805_190452--f000164.jpg,20230805_190452,mauritius,green,video,False,val,171.20298468674386
data/processed/mauritius/video/not_augmented/pool40/green_bg/20230805_190452/m--20230805_190452--f000166.jpg,20230805_190452,mauritius,green,video,False,val,180.01781670960818
data/processed/mauritius/video/not_augmented/pool40/green_bg/20230805_190452/m--20230805_190452--f000168.jpg,20230805_190452,mauritius,green,video,False,val,200.8477954248844
data/processed/mauritius/video/not_augmented/pool40/green_bg/20230805_190452/m--20230805_190452--f000170.jpg,20230805_190452,mauritius,green,video,False,val,196.2424864377741
data/processed/mauritius/video/not_augmented/pool40/green_bg/20230805_190452/m--20230805_190452--f000172.jpg,20230805_190452,mauritius,green,video,False,val,192.24071233384765
data/processed/mauritius/video/not_augmented/pool40/green_bg/20230805_190452/m--20230805_190452--f000174.jpg,20230805_190452,mauritius,green,video,False,val,165.41464025544306
data/processed/mauritius/video/not_augmented/pool40/green_bg/20230805_190452/m--20230805_190452--f000176.jpg,20230805_190452,mauritius,green,video,False,val,147.12573739440677
data/processed/mauritius/video/not_augmented/pool40/green_bg/20230805_190452/m--20230805_190452--f000178.jpg,20230805_190452,mauritius,green,video,False,val,109.59434773652865
data/processed/mauritius/video/not_augmented/pool40/green_bg/20230805_190452/m--20230805_190452--f000180.jpg,20230805_190452,mauritius,green,video,False,val,145.52830035723235
data/processed/mauritius/video/not_augmented/pool40/green_bg/20230805_190452/m--20230805_190452--f000182.jpg,20230805_190452,mauritius,green,video,False,val,202.2402940497504
data/processed/mauritius/video/not_augmented/pool40/green_bg/20230805_190452/m--20230805_190452--f000184.jpg,20230805_190452,mauritius,green,video,False,val,203.7264029595416
data/processed/mauritius/video/not_augmented/pool40/green_bg/20230805_190452/m--20230805_190452--f000186.jpg,20230805_190452,mauritius,green,video,False,val,193.97783795300745
data/processed/mauritius/video/not_augmented/pool40/green_bg/20230805_190452/m--20230805_190452--f000564.jpg,20230805_190452,mauritius,green,video,False,val,61.45382252518012
data/processed/mauritius/video/not_augmented/pool40/green_bg/20230805_190452/m--20230805_190452--f000578.jpg,20230805_190452,mauritius,green,video,False,val,83.4754662436279
data/processed/mauritius/video/not_augmented/pool40/green_bg/20230805_190452/m--20230805_190452--f000580.jpg,20230805_190452,mauritius,green,video,False,val,86.845463941416
data/processed/mauritius/video/not_augmented/pool40/green_bg/20230805_190452/m--20230805_190452--f000582.jpg,20230805_190452,mauritius,green,video,False,val,120.39419235323231
data/processed/mauritius/video/not_augmented/pool40/green_bg/20230805_190452/m--20230805_190452--f000584.jpg,20230805_190452,mauritius,green,video,False,val,79.7972335450007
data/processed/mauritius/video/not_augmented/pool40/green_bg/20230805_190452/m--20230805_190452--f000596.jpg,20230805_190452,mauritius,green,video,False,val,23.40730627831297
data/processed/mauritius/video/not_augmented/pool40/green_bg/20230805_190452/m--20230805_190452--f000606.jpg,20230805_190452,mauritius,green,video,False,val,9.524573500878311
data/processed/mauritius/video/not_augmented/pool40/green_bg/20230805_190452/m--20230805_190452--f000618.jpg,20230805_190452,mauritius,green,video,False,val,11.32338123726676
data/processed/mauritius/video/not_augmented/pool40/green_bg/20230805_190452/m--20230805_190452--f000640.jpg,20230805_190452,mauritius,green,video,False,val,147.86365991351707
data/processed/mauritius/video/not_augmented/pool40/green_bg/20230805_190452/m--20230805_190452--f000642.jpg,20230805_190452,mauritius,green,video,False,val,155.60849789449048
data/processed/mauritius/video/not_augmented/pool40/green_bg/20230805_190452/m--20230805_190452--f000916.jpg,20230805_190452,mauritius,green,video,False,val,26.404555930837105
data/processed/mauritius/video/not_augmented/pool40/green_bg/20230805_190452/m--20230805_190452--f000926.jpg,20230805_190452,mauritius,green,video,False,val,143.30664021826843
data/processed/mauritius/video/not_augmented/pool40/green_bg/20230805_190452/m--20230805_190452--f000980.jpg,20230805_190452,mauritius,green,video,False,val,166.62023669945503
data/processed/mauritius/video/not_augmented/pool40/green_bg/20230805_190452/m--20230805_190452--f000982.jpg,20230805_190452,mauritius,green,video,False,val,140.0141701207763
data/processed/mauritius/video/not_augmented/pool40/green_bg/20230805_190452/m--20230805_190452--f000984.jpg,20230805_190452,mauritius,green,video,False,val,120.12344545763962
data/processed/mauritius/video/not_augmented/pool40/green_bg/20230805_190452/m--20230805_190452--f001028.jpg,20230805_190452,mauritius,green,video,False,val,72.32009322362262
data/processed/mauritius/video/not_augmented/pool40/green_bg/20230805_190452/m--20230805_190452--f001034.jpg,20230805_190452,mauritius,green,video,False,val,50.37003742005118
data/processed/mauritius/video/not_augmented/pool40/green_bg/20230805_190452/m--20230805_190452--f001042.jpg,20230805_190452,mauritius,green,video,False,val,50.98124594690402
data/processed/mauritius/video/not_augmented/pool40/green_bg/20230805_190452/m--20230805_190452--f001044.jpg,20230805_190452,mauritius,green,video,False,val,48.70382252518011
data/processed/mauritius/video/not_augmented/pool40/green_bg/20230805_190452/m--20230805_190452--f001046.jpg,20230805_190452,mauritius,green,video,False,val,26.830875261680927
data/processed/mauritius/video/not_augmented/pool40/green_bg/20230805_190452/m--20230805_190452--f001076.jpg,20230805_190452,mauritius,green,video,False,val,76.24280531532513
data/processed/mauritius/video/not_augmented/pool40/green_bg/20230805_190452/m--20230805_190452--f001078.jpg,20230805_190452,mauritius,green,video,False,val,80.14666371144935
data/processed/mauritius/video/not_augmented/pool40/green_bg/20230805_190452/m--20230805_190452--f001080.jpg,20230805_190452,mauritius,green,video,False,val,71.34530447086459
data/processed/mauritius/video/not_augmented/pool40/green_bg/20230805_190452/m--20230805_190452--f001158.jpg,20230805_190452,mauritius,green,video,False,val,52.53983976045581
data/processed/mauritius/video/not_augmented/pool40/green_bg/20230805_190452/m--20230805_190452--f001160.jpg,20230805_190452,mauritius,green,video,False,val,97.82276386759868
data/processed/mauritius/video/not_augmented/pool40/green_bg/20230805_190452/m--20230805_190452--f001162.jpg,20230805_190452,mauritius,green,video,False,val,32.15603075222093
data/processed/mauritius/video/not_augmented/pool40/green_bg/20230805_190452/m--20230805_190452--f001164.jpg,20230805_190452,mauritius,green,video,False,val,39.35152264030612
data/processed/mauritius/video/not_augmented/pool40/green_bg/20230805_190452/m--20230805_190452--f001166.jpg,20230805_190452,mauritius,green,video,False,val,24.02437419287616
data/processed/mauritius/video/not_augmented/pool40/green_bg/20230805_190452/m--20230805_190452--f001168.jpg,20230805_190452,mauritius,green,video,False,val,87.31100517210984
data/processed/mauritius/video/not_augmented/pool40/green_bg/20230805_190452/m--20230805_190452--f001170.jpg,20230805_190452,mauritius,green,video,False,val,82.82286344255719
data/processed/mauritius/video/not_augmented/pool40/green_bg/20230805_190452/m--20230805_190452--f001172.jpg,20230805_190452,mauritius,green,video,False,val,31.94082828086399
data/processed/mauritius/video/not_augmented/pool40/green_bg/20230805_190452/m--20230805_190452--f001178.jpg,20230805_190452,mauritius,green,video,False,val,39.46396677953806
data/processed/mauritius/video/not_augmented/pool40/green_bg/20230805_190452/m--20230805_190452--f001180.jpg,20230805_190452,mauritius,green,video,False,val,41.54103555444973
data/processed/mauritius/video/not_augmented/pool40/green_bg/20230805_190452/m--20230805_190452--f001182.jpg,20230805_190452,mauritius,green,video,False,val,42.71900908443541
data/processed/mauritius/video/not_augmented/pool40/green_bg/20230805_190452/m--20230805_190452--f001184.jpg,20230805_190452,mauritius,green,video,False,val,45.4873046203734
data/processed/mauritius/video/not_augmented/pool40/green_bg/20230805_190452/m--20230805_190452--f001186.jpg,20230805_190452,mauritius,green,video,False,val,40.42173537628098
data/processed/mauritius/video/not_augmented/pool40/green_bg/20230805_190452/m--20230805_190452--f001190.jpg,20230805_190452,mauritius,green,video,False,val,46.70151065022486
data/processed/mauritius/video/not_augmented/pool40/green_bg/20230805_190452/m--20230805_190452--f001192.jpg,20230805_190452,mauritius,green,video,False,val,31.21753427576195
data/processed/mauritius/video/not_augmented/pool40/green_bg/20230805_190452/m--20230805_190452--f001194.jpg,20230805_190452,mauritius,green,video,False,val,56.94222335426175
data/processed/mauritius/video/not_augmented/pool40/green_bg/20230805_190452/m--20230805_190452--f001196.jpg,20230805_190452,mauritius,green,video,False,val,32.73210291959801
data/processed/mauritius/video/not_augmented/pool40/green_bg/20230805_190452/m--20230805_190452--f001198.jpg,20230805_190452,mauritius,green,video,False,val,49.317402742346935
data/processed/mauritius/video/not_augmented/pool40/green_bg/20230805_190452/m--20230805_190452--f001200.jpg,20230805_190452,mauritius,green,video,False,val,81.11658914543003
data/processed/mauritius/video/not_augmented/pool40/green_bg/20230805_190452/m--20230805_190452--f001202.jpg,20230805_190452,mauritius,green,video,False,val,71.2444993606561
data/processed/mauritius/video/not_augmented/pool40/green_bg/20230805_190452/m--20230805_190452--f001204.jpg,20230805_190452,mauritius,green,video,False,val,97.18833697572046
data/processed/mauritius/video/not_augmented/pool40/green_bg/20230805_193517/m--20230805_193517--f000254.jpg,20230805_193517,mauritius,green,video,False,train,573.1610730166041
data/processed/mauritius/video/not_augmented/pool40/green_bg/20230805_193517/m--20230805_193517--f000256.jpg,20230805_193517,mauritius,green,video,False,train,814.359773539742
data/processed/mauritius/video/not_augmented/pool40/green_bg/20230805_193517/m--20230805_193517--f000258.jpg,20230805_193517,mauritius,green,video,False,train,1479.3227837994318
data/processed/mauritius/video/not_augmented/pool40/green_bg/20230805_193517/m--20230805_193517--f000260.jpg,20230805_193517,mauritius,green,video,False,train,1541.6885958520234
data/processed/mauritius/video/not_augmented/pool40/green_bg/20230805_193517/m--20230805_193517--f000262.jpg,20230805_193517,mauritius,green,video,False,train,709.8398422231679
data/processed/mauritius/video/not_augmented/pool40/green_bg/20230805_193517/m--20230805_193517--f000264.jpg,20230805_193517,mauritius,green,video,False,train,1837.6319154086384
data/processed/mauritius/video/not_augmented/pool40/green_bg/20230805_193517/m--20230805_193517--f000266.jpg,20230805_193517,mauritius,green,video,False,train,1846.3085339600616
data/processed/mauritius/video/not_augmented/pool40/green_bg/20230805_193517/m--20230805_193517--f000268.jpg,20230805_193517,mauritius,green,video,False,train,1811.428411950076
data/processed/mauritius/video/not_augmented/pool40/green_bg/20230805_193517/m--20230805_193517--f000270.jpg,20230805_193517,mauritius,green,video,False,train,1462.935307615154
data/processed/mauritius/video/not_augmented/pool40/green_bg/20230805_193517/m--20230805_193517--f000272.jpg,20230805_193517,mauritius,green,video,False,train,2057.7611204971126
data/processed/mauritius/video/not_augmented/pool40/green_bg/20230805_193517/m--20230805_193517--f000274.jpg,20230805_193517,mauritius,green,video,False,train,1169.324497575613
data/processed/mauritius/video/not_augmented/pool40/green_bg/20230805_193517/m--20230805_193517--f000276.jpg,20230805_193517,mauritius,green,video,False,train,1113.4624512532214
data/processed/mauritius/video/not_augmented/pool40/green_bg/20230805_193517/m--20230805_193517--f000278.jpg,20230805_193517,mauritius,green,video,False,train,1517.541673309552
data/processed/mauritius/video/not_augmented/pool40/green_bg/20230805_193517/m--20230805_193517--f000280.jpg,20230805_193517,mauritius,green,video,False,train,1737.0101243622448
data/processed/mauritius/video/not_augmented/pool40/green_bg/20230805_193517/m--20230805_193517--f000282.jpg,20230805_193517,mauritius,green,video,False,train,1988.6547950890003
data/processed/mauritius/video/not_augmented/pool40/green_bg/20230805_193517/m--20230805_193517--f000284.jpg,20230805_193517,mauritius,green,video,False,train,1744.8032126516066
data/processed/mauritius/video/not_augmented/pool40/green_bg/20230805_193517/m--20230805_193517--f000286.jpg,20230805_193517,mauritius,green,video,False,train,1303.26249527961
data/processed/mauritius/video/not_augmented/pool40/green_bg/20230805_193517/m--20230805_193517--f000288.jpg,20230805_193517,mauritius,green,video,False,train,1541.168945169111
data/processed/mauritius/video/not_augmented/pool40/green_bg/20230805_193517/m--20230805_193517--f000290.jpg,20230805_193517,mauritius,green,video,False,train,1283.052852880056
data/processed/mauritius/video/not_augmented/pool40/green_bg/20230805_193517/m--20230805_193517--f000292.jpg,20230805_193517,mauritius,green,video,False,train,726.0973563486216
data/processed/mauritius/video/not_augmented/pool40/green_bg/20230805_193517/m--20230805_193517--f000296.jpg,20230805_193517,mauritius,green,video,False,train,67.86324138871733
data/processed/mauritius/video/not_augmented/pool40/green_bg/20230805_193517/m--20230805_193517--f001330.jpg,20230805_193517,mauritius,green,video,False,train,21.414101952962305
data/processed/mauritius/video/not_augmented/pool40/green_bg/20230805_193517/m--20230805_193517--f001336.jpg,20230805_193517,mauritius,green,video,False,train,21.078224629771952
data/processed/mauritius/video/not_augmented/pool40/green_bg/20230805_193517/m--20230805_193517--f001338.jpg,20230805_193517,mauritius,green,video,False,train,16.375099648837494
data/processed/mauritius/video/not_augmented/pool40/green_bg/20230805_193517/m--20230805_193517--f001350.jpg,20230805_193517,mauritius,green,video,False,train,6.991988009286394
data/processed/mauritius/video/not_augmented/pool40/green_bg/20230805_193517/m--20230805_193517--f001352.jpg,20230805_193517,mauritius,green,video,False,train,8.686403715029602
data/processed/mauritius/video/not_augmented/pool40/green_bg/20230805_193517/m--20230805_193517--f001354.jpg,20230805_193517,mauritius,green,video,False,train,52.14379384526608
data/processed/mauritius/video/not_augmented/pool40/green_bg/20230805_193517/m--20230805_193517--f001356.jpg,20230805_193517,mauritius,green,video,False,train,191.5276027708836
data/processed/mauritius/video/not_augmented/pool40/green_bg/20230805_193517/m--20230805_193517--f001358.jpg,20230805_193517,mauritius,green,video,False,train,372.1397678731928
data/processed/mauritius/video/not_augmented/pool40/green_bg/20230805_193517/m--20230805_193517--f001360.jpg,20230805_193517,mauritius,green,video,False,train,349.3980573549314
data/processed/mauritius/video/not_augmented/pool40/green_bg/20230805_193517/m--20230805_193517--f001362.jpg,20230805_193517,mauritius,green,video,False,train,1097.4516500896436
data/processed/mauritius/video/not_augmented/pool40/green_bg/20230805_193517/m--20230805_193517--f001364.jpg,20230805_193517,mauritius,green,video,False,train,609.801159907162
data/processed/mauritius/video/not_augmented/pool40/green_bg/20230805_193517/m--20230805_193517--f001366.jpg,20230805_193517,mauritius,green,video,False,train,685.2807501773447
data/processed/mauritius/video/not_augmented/pool40/green_bg/20230805_193517/m--20230805_193517--f001368.jpg,20230805_193517,mauritius,green,video,False,train,438.89195840868143
data/processed/mauritius/video/not_augmented/pool40/green_bg/20230805_193517/m--20230805_193517--f001488.jpg,20230805_193517,mauritius,green,video,False,train,191.5175181920704
data/processed/mauritius/video/not_augmented/pool40/green_bg/20230805_193517/m--20230805_193517--f001620.jpg,20230805_193517,mauritius,green,video,False,train,341.8915218236495
data/processed/mauritius/video/not_augmented/pool40/green_bg/20230805_193517/m--20230805_193517--f001622.jpg,20230805_193517,mauritius,green,video,False,train,302.25795200535373
data/processed/mauritius/video/not_augmented/pool40/green_bg/20230805_193517/m--20230805_193517--f001624.jpg,20230805_193517,mauritius,green,video,False,train,394.1664540800439
data/processed/mauritius/video/not_augmented/pool40/green_bg/20230805_193517/m--20230805_193517--f001626.jpg,20230805_193517,mauritius,green,video,False,train,473.29528058682416
data/processed/mauritius/video/not_augmented/pool40/green_bg/20230805_193517/m--20230805_193517--f001628.jpg,20230805_193517,mauritius,green,video,False,train,268.8159676916845
data/processed/mauritius/video/not_augmented/pool40/green_bg/20230805_193517/m--20230805_193517--f001630.jpg,20230805_193517,mauritius,green,video,False,train,137.87197008971023
data/processed/mauritius/video/not_augmented/pool40/green_bg/20230805_193517/m--20230805_193517--f001632.jpg,20230805_193517,mauritius,green,video,False,train,512.6231065974143
data/processed/mauritius/video/not_augmented/pool40/green_bg/20230805_193517/m--20230805_193517--f001634.jpg,20230805_193517,mauritius,green,video,False,train,169.6891940270598
data/processed/mauritius/video/not_augmented/pool40/green_bg/20230805_193517/m--20230805_193517--f001636.jpg,20230805_193517,mauritius,green,video,False,train,285.20888461097485
data/processed/mauritius/video/not_augmented/pool40/green_bg/20230805_193517/m--20230805_193517--f001638.jpg,20230805_193517,mauritius,green,video,False,train,123.32597238428642
data/processed/mauritius/video/not_augmented/pool40/green_bg/20230805_193517/m--20230805_193517--f001676.jpg,20230805_193517,mauritius,green,video,False,train,333.42307078922744
data/processed/mauritius/video/not_augmented/pool40/green_bg/20230805_193517/m--20230805_193517--f001678.jpg,20230805_193517,mauritius,green,video,False,train,192.39899273307955
data/processed/mauritius/video/not_augmented/pool40/green_bg/20230805_193517/m--20230805_193517--f001682.jpg,20230805_193517,mauritius,green,video,False,train,230.32457746182416
data/processed/mauritius/video/not_augmented/pool40/green_bg/20230805_193517/m--20230805_193517--f001684.jpg,20230805_193517,mauritius,green,video,False,train,256.11421794287617
data/processed/mauritius/video/not_augmented/pool40/green_bg/20230805_193517/m--20230805_193517--f001686.jpg,20230805_193517,mauritius,green,video,False,train,217.3273475258512
data/processed/mauritius/video/not_augmented/pool40/green_bg/20230805_193517/m--20230805_193517--f001690.jpg,20230805_193517,mauritius,green,video,False,train,110.7642293371592
data/processed/mauritius/video/not_augmented/pool40/green_bg/20230805_193517/m--20230805_193517--f001712.jpg,20230805_193517,mauritius,green,video,False,train,492.284617968968
data/processed/mauritius/video/not_augmented/pool40/green_bg/20230807_060504/m--20230807_060504--f000192.jpg,20230807_060504,mauritius,green,video,False,train,205.0995093917211
data/processed/mauritius/video/not_augmented/pool40/green_bg/20230807_060504/m--20230807_060504--f000194.jpg,20230807_060504,mauritius,green,video,False,train,283.3591357846401
data/processed/mauritius/video/not_augmented/pool40/green_bg/20230807_060504/m--20230807_060504--f000196.jpg,20230807_060504,mauritius,green,video,False,train,245.83663501246977
data/processed/mauritius/video/not_augmented/pool40/green_bg/20230807_060504/m--20230807_060504--f000198.jpg,20230807_060504,mauritius,green,video,False,train,170.96623876143474
data/processed/mauritius/video/not_augmented/pool40/green_bg/20230807_060504/m--20230807_060504--f000200.jpg,20230807_060504,mauritius,green,video,False,train,188.97233737086017
data/processed/mauritius/video/not_augmented/pool40/green_bg/20230807_060504/m--20230807_060504--f000202.jpg,20230807_060504,mauritius,green,video,False,train,181.39433193723147
data/processed/mauritius/video/not_augmented/pool40/green_bg/20230807_060504/m--20230807_060504--f000204.jpg,20230807_060504,mauritius,green,video,False,train,209.0267657745088
data/processed/mauritius/video/not_augmented/pool40/green_bg/20230807_060504/m--20230807_060504--f000206.jpg,20230807_060504,mauritius,green,video,False,train,239.8756975410681
data/processed/mauritius/video/not_augmented/pool40/green_bg/20230807_060504/m--20230807_060504--f000208.jpg,20230807_060504,mauritius,green,video,False,train,424.5471540162684
data/processed/mauritius/video/not_augmented/pool40/green_bg/20230807_060504/m--20230807_060504--f000210.jpg,20230807_060504,mauritius,green,video,False,train,617.2446787114046
data/processed/mauritius/video/not_augmented/pool40/green_bg/20230807_060504/m--20230807_060504--f000212.jpg,20230807_060504,mauritius,green,video,False,train,377.7078480841665
data/processed/mauritius/video/not_augmented/pool40/green_bg/20230807_060504/m--20230807_060504--f000214.jpg,20230807_060504,mauritius,green,video,False,train,337.09887193849016
data/processed/mauritius/video/not_augmented/pool40/green_bg/20230807_060504/m--20230807_060504--f000216.jpg,20230807_060504,mauritius,green,video,False,train,332.2224765918196
data/processed/mauritius/video/not_augmented/pool40/green_bg/20230807_060504/m--20230807_060504--f000218.jpg,20230807_060504,mauritius,green,video,False,train,505.0312491595273
data/processed/mauritius/video/not_augmented/pool40/green_bg/20230807_060504/m--20230807_060504--f000220.jpg,20230807_060504,mauritius,green,video,False,train,504.26873389724295
data/processed/mauritius/video/not_augmented/pool40/green_bg/20230807_060504/m--20230807_060504--f000224.jpg,20230807_060504,mauritius,green,video,False,train,411.7256436679622
data/processed/mauritius/video/not_augmented/pool40/green_bg/20230807_060504/m--20230807_060504--f000226.jpg,20230807_060504,mauritius,green,video,False,train,463.93016550492257
data/processed/mauritius/video/not_augmented/pool40/green_bg/20230807_060504/m--20230807_060504--f000228.jpg,20230807_060504,mauritius,green,video,False,train,671.062061384488
data/processed/mauritius/video/not_augmented/pool40/green_bg/20230807_060504/m--20230807_060504--f000230.jpg,20230807_060504,mauritius,green,video,False,train,350.04996405914886
data/processed/mauritius/video/not_augmented/pool40/green_bg/20230807_060504/m--20230807_060504--f000232.jpg,20230807_060504,mauritius,green,video,False,train,477.4283114631491
data/processed/mauritius/video/not_augmented/pool40/green_bg/20230807_060504/m--20230807_060504--f000234.jpg,20230807_060504,mauritius,green,video,False,train,651.7014903950721
data/processed/mauritius/video/not_augmented/pool40/green_bg/20230807_060504/m--20230807_060504--f000236.jpg,20230807_060504,mauritius,green,video,False,train,589.2415690070537
data/processed/mauritius/video/not_augmented/pool40/green_bg/20230807_060504/m--20230807_060504--f000238.jpg,20230807_060504,mauritius,green,video,False,train,739.661391886211
data/processed/mauritius/video/not_augmented/pool40/green_bg/20230807_060504/m--20230807_060504--f000240.jpg,20230807_060504,mauritius,green,video,False,train,774.965501402776
data/processed/mauritius/video/not_augmented/pool40/green_bg/20230807_060504/m--20230807_060504--f000242.jpg,20230807_060504,mauritius,green,video,False,train,529.3817754473005
data/processed/mauritius/video/not_augmented/pool40/green_bg/20230807_060504/m--20230807_060504--f000244.jpg,20230807_060504,mauritius,green,video,False,train,401.8862602741507
data/processed/mauritius/video/not_augmented/pool40/green_bg/20230807_060504/m--20230807_060504--f000246.jpg,20230807_060504,mauritius,green,video,False,train,398.8556080837639
data/processed/mauritius/video/not_augmented/pool40/green_bg/20230807_060504/m--20230807_060504--f000248.jpg,20230807_060504,mauritius,green,video,False,train,242.69971699259875
data/processed/mauritius/video/not_augmented/pool40/green_bg/20230807_060504/m--20230807_060504--f000250.jpg,20230807_060504,mauritius,green,video,False,train,111.60341586097483
data/processed/mauritius/video/not_augmented/pool40/green_bg/20230807_060504/m--20230807_060504--f000252.jpg,20230807_060504,mauritius,green,video,False,train,99.20473910748387
data/processed/mauritius/video/not_augmented/pool40/green_bg/20230807_060504/m--20230807_060504--f000254.jpg,20230807_060504,mauritius,green,video,False,train,83.13524371254002
data/processed/mauritius/video/not_augmented/pool40/green_bg/20230807_060504/m--20230807_060504--f000256.jpg,20230807_060504,mauritius,green,video,False,train,72.99667164843463
data/processed/mauritius/video/not_augmented/pool40/green_bg/20230807_060504/m--20230807_060504--f000258.jpg,20230807_060504,mauritius,green,video,False,train,53.71597970321446
data/processed/mauritius/video/not_augmented/pool40/green_bg/20230807_060504/m--20230807_060504--f000260.jpg,20230807_060504,mauritius,green,video,False,train,47.40126749854543
data/processed/mauritius/video/not_augmented/pool40/green_bg/20230807_060504/m--20230807_060504--f000826.jpg,20230807_060504,mauritius,green,video,False,train,330.38711734535
data/processed/mauritius/video/not_augmented/pool40/green_bg/20230807_060504/m--20230807_060504--f001244.jpg,20230807_060504,mauritius,green,video,False,train,36.14054505182573
data/processed/mauritius/video/not_augmented/pool40/green_bg/20230807_060504/m--20230807_060504--f001246.jpg,20230807_060504,mauritius,green,video,False,train,43.54045757498656
data/processed/mauritius/video/not_augmented/pool40/green_bg/20230807_060504/m--20230807_060504--f001248.jpg,20230807_060504,mauritius,green,video,False,train,51.85925515241199
data/processed/mauritius/video/not_augmented/pool40/green_bg/20230807_060504/m--20230807_060504--f001250.jpg,20230807_060504,mauritius,green,video,False,train,48.00803172474153
data/processed/mauritius/video/not_augmented/pool40/green_bg/20230807_060504/m--20230807_060504--f001252.jpg,20230807_060504,mauritius,green,video,False,train,37.34797472081945
data/processed/mauritius/video/not_augmented/pool40/green_bg/20230807_060504/m--20230807_060504--f001254.jpg,20230807_060504,mauritius,green,video,False,train,38.946587995904935
data/processed/mauritius/video/not_augmented/pool40/green_bg/20230807_060504/m--20230807_060504--f001256.jpg,20230807_060504,mauritius,green,video,False,train,30.34638073344074
data/processed/mauritius/video/not_augmented/pool40/green_bg/20230807_060504/m--20230807_060504--f001258.jpg,20230807_060504,mauritius,green,video,False,train,36.39194021101844
data/processed/mauritius/video/not_augmented/pool40/green_bg/20230807_060504/m--20230807_060504--f001274.jpg,20230807_060504,mauritius,green,video,False,train,22.56628665661921
data/processed/mauritius/video/not_augmented/pool40/green_bg/20230807_060504/m--20230807_060504--f001278.jpg,20230807_060504,mauritius,green,video,False,train,21.65196508251097
data/processed/mauritius/video/not_augmented/pool40/green_bg/20230807_060504/m--20230807_060504--f001280.jpg,20230807_060504,mauritius,green,video,False,train,32.39742104563302
data/processed/mauritius/video/not_augmented/pool40/green_bg/20230807_060504/m--20230807_060504--f001282.jpg,20230807_060504,mauritius,green,video,False,train,48.925959884201866
data/processed/mauritius/video/not_augmented/pool40/green_bg/20230807_060504/m--20230807_060504--f001284.jpg,20230807_060504,mauritius,green,video,False,train,112.5764104596082
data/processed/mauritius/video/not_augmented/pool40/green_bg/20230807_060504/m--20230807_060504--f001286.jpg,20230807_060504,mauritius,green,video,False,train,85.23592950264052
data/processed/mauritius/video/not_augmented/pool40/green_bg/20230807_060504/m--20230807_060504--f001288.jpg,20230807_060504,mauritius,green,video,False,train,70.25751281787534
data/processed/mauritius/video/not_augmented/pool40/green_bg/20230807_060504/m--20230807_060504--f001290.jpg,20230807_060504,mauritius,green,video,False,train,144.23537146692624
data/processed/mauritius/video/not_augmented/pool40/green_bg/20230807_060504/m--20230807_060504--f001292.jpg,20230807_060504,mauritius,green,video,False,train,152.02244099335388
data/processed/mauritius/video/not_augmented/pool40/green_bg/20230807_060504/m--20230807_060504--f001294.jpg,20230807_060504,mauritius,green,video,False,train,107.643096172328
data/processed/mauritius/video/not_augmented/pool40/green_bg/20230807_060504/m--20230807_060504--f001296.jpg,20230807_060504,mauritius,green,video,False,train,72.64752062535793
data/processed/mauritius/video/not_augmented/pool40/green_bg/20230807_060504/m--20230807_060504--f001298.jpg,20230807_060504,mauritius,green,video,False,train,66.47179703233839
data/processed/mauritius/video/not_augmented/pool40/green_bg/20230807_060504/m--20230807_060504--f001300.jpg,20230807_060504,mauritius,green,video,False,train,72.83657382518636
data/processed/mauritius/video/not_augmented/pool40/green_bg/20230807_060504/m--20230807_060504--f001328.jpg,20230807_060504,mauritius,green,video,False,train,30.520047996104733
data/processed/mauritius/video/not_augmented/pool40/green_bg/20230807_060504/m--20230807_060504--f001330.jpg,20230807_060504,mauritius,green,video,False,train,23.7613599110722
data/processed/mauritius/video/not_augmented/pool40/green_bg/20230807_060504/m--20230807_060504--f001332.jpg,20230807_060504,mauritius,green,video,False,train,29.43652332270955
data/processed/mauritius/video/not_augmented/pool40/green_bg/20230807_060504/m--20230807_060504--f001342.jpg,20230807_060504,mauritius,green,video,False,train,20.56692358554775
data/processed/mauritius/video/not_augmented/pool40/green_bg/20230807_060504/m--20230807_060504--f001346.jpg,20230807_060504,mauritius,green,video,False,train,31.168167589307576
data/processed/mauritius/video/not_augmented/pool40/green_bg/20230807_060504/m--20230807_060504--f001368.jpg,20230807_060504,mauritius,green,video,False,train,14.5912985394568
data/processed/mauritius/video/not_augmented/pool40/green_bg/20230807_060504/m--20230807_060504--f001370.jpg,20230807_060504,mauritius,green,video,False,train,30.25269019529254
data/processed/mauritius/video/not_augmented/pool40/green_bg/20230807_060504/m--20230807_060504--f001374.jpg,20230807_060504,mauritius,green,video,False,train,49.17267216845683
data/processed/mauritius/video/not_augmented/pool40/green_bg/20230807_060504/m--20230807_060504--f001376.jpg,20230807_060504,mauritius,green,video,False,train,27.350644653015262
data/processed/mauritius/video/not_augmented/pool40/green_bg/20230807_060504/m--20230807_060504--f001380.jpg,20230807_060504,mauritius,green,video,False,train,30.858896683673468
data/processed/mauritius/video/not_augmented/pool40/green_bg/20230807_060504/m--20230807_060504--f001396.jpg,20230807_060504,mauritius,green,video,False,train,63.40549250693681
data/processed/mauritius/video/not_augmented/pool40/green_bg/20230807_060504/m--20230807_060504--f001400.jpg,20230807_060504,mauritius,green,video,False,train,44.87533871802823
data/processed/mauritius/video/not_augmented/pool40/green_bg/20230807_060504/m--20230807_060504--f001402.jpg,20230807_060504,mauritius,green,video,False,train,71.25221209821974
data/processed/mauritius/video/not_augmented/pool40/green_bg/20230807_060504/m--20230807_060504--f001404.jpg,20230807_060504,mauritius,green,video,False,train,39.88018163151168
data/processed/mauritius/video/not_augmented/pool40/green_bg/20230807_060504/m--20230807_060504--f001408.jpg,20230807_060504,mauritius,green,video,False,train,24.51911271963949
data/processed/mauritius/video/not_augmented/pool40/green_bg/20230807_060504/m--20230807_060504--f001410.jpg,20230807_060504,mauritius,green,video,False,train,25.474270567204847
data/processed/mauritius/video/not_augmented/pool40/green_bg/20230807_060504/m--20230807_060504--f001412.jpg,20230807_060504,mauritius,green,video,False,train,21.797313442333497
data/processed/mauritius/video/not_augmented/pool40/green_bg/20230807_122321/m--20230807_122321--f000288.jpg,20230807_122321,mauritius,green,video,False,val,56.81240014064715
data/processed/mauritius/video/not_augmented/pool40/green_bg/20230807_122321/m--20230807_122321--f000290.jpg,20230807_122321,mauritius,green,video,False,val,51.71912866669464
data/processed/mauritius/video/not_augmented/pool40/green_bg/20230807_122321/m--20230807_122321--f000298.jpg,20230807_122321,mauritius,green,video,False,val,319.84103951539555
data/processed/mauritius/video/not_augmented/pool40/green_bg/20230807_122321/m--20230807_122321--f000300.jpg,20230807_122321,mauritius,green,video,False,val,160.03206711379448
data/processed/mauritius/video/not_augmented/pool40/green_bg/20230807_122321/m--20230807_122321--f000304.jpg,20230807_122321,mauritius,green,video,False,val,52.79318796838635
data/processed/mauritius/video/not_augmented/pool40/green_bg/20230807_122321/m--20230807_122321--f000308.jpg,20230807_122321,mauritius,green,video,False,val,1275.6314570416214
data/processed/mauritius/video/not_augmented/pool40/green_bg/20230807_122321/m--20230807_122321--f000310.jpg,20230807_122321,mauritius,green,video,False,val,667.2660034919272
data/processed/mauritius/video/not_augmented/pool40/green_bg/20230807_122321/m--20230807_122321--f001164.jpg,20230807_122321,mauritius,green,video,False,val,2807.450872837926
data/processed/mauritius/video/not_augmented/pool40/green_bg/20230807_122321/m--20230807_122321--f001166.jpg,20230807_122321,mauritius,green,video,False,val,2675.568777834659
data/processed/mauritius/video/not_augmented/pool40/green_bg/20230807_122321/m--20230807_122321--f001168.jpg,20230807_122321,mauritius,green,video,False,val,2508.17906967117
data/processed/mauritius/video/not_augmented/pool40/green_bg/20230807_122321/m--20230807_122321--f001170.jpg,20230807_122321,mauritius,green,video,False,val,2336.9417450252245
data/processed/mauritius/video/not_augmented/pool40/green_bg/20230807_122321/m--20230807_122321--f001172.jpg,20230807_122321,mauritius,green,video,False,val,1969.586674872164
data/processed/mauritius/video/not_augmented/pool40/green_bg/20230807_123413/m--20230807_123413--f000182.jpg,20230807_123413,mauritius,green,video,False,val,137.39925462332727
data/processed/mauritius/video/not_augmented/pool40/green_bg/20230807_123413/m--20230807_123413--f000192.jpg,20230807_123413,mauritius,green,video,False,val,1687.017139662012
data/processed/mauritius/video/not_augmented/pool40/green_bg/20230807_123413/m--20230807_123413--f000194.jpg,20230807_123413,mauritius,green,video,False,val,136.59654017698264
data/processed/mauritius/video/not_augmented/pool40/green_bg/20230807_123413/m--20230807_123413--f000196.jpg,20230807_123413,mauritius,green,video,False,val,197.01424982109847
data/processed/mauritius/video/not_augmented/pool40/green_bg/20230807_123413/m--20230807_123413--f000198.jpg,20230807_123413,mauritius,green,video,False,val,2270.2877869882072
data/processed/mauritius/video/not_augmented/pool40/green_bg/20230807_123413/m--20230807_123413--f000200.jpg,20230807_123413,mauritius,green,video,False,val,3141.1571667586604
data/processed/mauritius/video/not_augmented/pool40/green_bg/20230807_123413/m--20230807_123413--f000202.jpg,20230807_123413,mauritius,green,video,False,val,2922.215262266856
data/processed/mauritius/video/not_augmented/pool40/green_bg/20230809_185948/m--20230809_185948--f000184.jpg,20230809_185948,mauritius,green,video,False,test,176.25392603645815
data/processed/mauritius/video/not_augmented/pool40/green_bg/20230809_185948/m--20230809_185948--f000186.jpg,20230809_185948,mauritius,green,video,False,test,143.98969623695956
data/processed/mauritius/video/not_augmented/pool40/green_bg/20230809_185948/m--20230809_185948--f000188.jpg,20230809_185948,mauritius,green,video,False,test,125.32493619906909
data/processed/mauritius/video/not_augmented/pool40/green_bg/20230809_185948/m--20230809_185948--f000190.jpg,20230809_185948,mauritius,green,video,False,test,113.44156567447634
data/processed/mauritius/video/not_augmented/pool40/green_bg/20230809_185948/m--20230809_185948--f000192.jpg,20230809_185948,mauritius,green,video,False,test,123.45188933519064
data/processed/mauritius/video/not_augmented/pool40/green_bg/20230809_185948/m--20230809_185948--f000194.jpg,20230809_185948,mauritius,green,video,False,test,126.49962132933337
data/processed/mauritius/video/not_augmented/pool40/green_bg/20230809_185948/m--20230809_185948--f000196.jpg,20230809_185948,mauritius,green,video,False,test,105.54942570900428
data/processed/mauritius/video/not_augmented/pool40/green_bg/20230809_185948/m--20230809_185948--f000198.jpg,20230809_185948,mauritius,green,video,False,test,174.76781709091907
data/processed/mauritius/video/not_augmented/pool40/green_bg/20230809_185948/m--20230809_185948--f000200.jpg,20230809_185948,mauritius,green,video,False,test,166.37426252853663
data/processed/mauritius/video/not_augmented/pool40/green_bg/20230809_185948/m--20230809_185948--f000202.jpg,20230809_185948,mauritius,green,video,False,test,138.41475995527315
data/processed/mauritius/video/not_augmented/pool40/green_bg/20230809_185948/m--20230809_185948--f000204.jpg,20230809_185948,mauritius,green,video,False,test,104.0278417479242
data/processed/mauritius/video/not_augmented/pool40/green_bg/20230809_185948/m--20230809_185948--f000208.jpg,20230809_185948,mauritius,green,video,False,test,122.0658680960716
data/processed/mauritius/video/not_augmented/pool40/green_bg/20230809_185948/m--20230809_185948--f000210.jpg,20230809_185948,mauritius,green,video,False,test,193.08017776430472
data/processed/mauritius/video/not_augmented/pool40/green_bg/20230809_185948/m--20230809_185948--f000212.jpg,20230809_185948,mauritius,green,video,False,test,144.42558137797553
data/processed/mauritius/video/not_augmented/pool40/green_bg/20230809_185948/m--20230809_185948--f000214.jpg,20230809_185948,mauritius,green,video,False,test,138.01229660077078
data/processed/mauritius/video/not_augmented/pool40/green_bg/20230809_185948/m--20230809_185948--f000216.jpg,20230809_185948,mauritius,green,video,False,test,133.47925236164554
data/processed/mauritius/video/not_augmented/pool40/green_bg/20230809_185948/m--20230809_185948--f000218.jpg,20230809_185948,mauritius,green,video,False,test,139.4946986209944
data/processed/mauritius/video/not_augmented/pool40/green_bg/20230809_185948/m--20230809_185948--f000220.jpg,20230809_185948,mauritius,green,video,False,test,148.07411836634472
data/processed/mauritius/video/not_augmented/pool40/green_bg/20230809_185948/m--20230809_185948--f000222.jpg,20230809_185948,mauritius,green,video,False,test,153.0617619915239
data/processed/mauritius/video/not_augmented/pool40/green_bg/20230809_185948/m--20230809_185948--f000224.jpg,20230809_185948,mauritius,green,video,False,test,173.1568677104646
data/processed/mauritius/video/not_augmented/pool40/green_bg/20230809_185948/m--20230809_185948--f000226.jpg,20230809_185948,mauritius,green,video,False,test,215.2018492610094
data/processed/mauritius/video/not_augmented/pool40/green_bg/20230809_185948/m--20230809_185948--f000228.jpg,20230809_185948,mauritius,green,video,False,test,372.2897997291721
data/processed/mauritius/video/not_augmented/pool40/green_bg/20230809_185948/m--20230809_185948--f000230.jpg,20230809_185948,mauritius,green,video,False,test,683.8875159422887
data/processed/mauritius/video/not_augmented/pool40/green_bg/20230809_185948/m--20230809_185948--f000232.jpg,20230809_185948,mauritius,green,video,False,test,707.7968550030265
data/processed/mauritius/video/not_augmented/pool40/green_bg/20230809_185948/m--20230809_185948--f000234.jpg,20230809_185948,mauritius,green,video,False,test,616.1092155469254
data/processed/mauritius/video/not_augmented/pool40/green_bg/20230809_185948/m--20230809_185948--f000236.jpg,20230809_185948,mauritius,green,video,False,test,567.3405212869449
data/processed/mauritius/video/not_augmented/pool40/green_bg/20230809_185948/m--20230809_185948--f000238.jpg,20230809_185948,mauritius,green,video,False,test,513.8423349614046
data/processed/mauritius/video/not_augmented/pool40/green_bg/20230809_185948/m--20230809_185948--f000240.jpg,20230809_185948,mauritius,green,video,False,test,532.1461853125054
data/processed/mauritius/video/not_augmented/pool40/green_bg/20230809_185948/m--20230809_185948--f000242.jpg,20230809_185948,mauritius,green,video,False,test,430.4454120344442
data/processed/mauritius/video/not_augmented/pool40/green_bg/20230809_185948/m--20230809_185948--f000244.jpg,20230809_185948,mauritius,green,video,False,test,403.3166452492838
data/processed/mauritius/video/not_augmented/pool40/green_bg/20230809_185948/m--20230809_185948--f000246.jpg,20230809_185948,mauritius,green,video,False,test,350.04328749885866
data/processed/mauritius/video/not_augmented/pool40/green_bg/20230809_185948/m--20230809_185948--f000248.jpg,20230809_185948,mauritius,green,video,False,test,323.27433427598567
data/processed/mauritius/video/not_augmented/pool40/green_bg/20230809_185948/m--20230809_185948--f000250.jpg,20230809_185948,mauritius,green,video,False,test,296.70270618365635
data/processed/mauritius/video/not_augmented/pool40/green_bg/20230809_185948/m--20230809_185948--f000252.jpg,20230809_185948,mauritius,green,video,False,test,236.40120774832727
data/processed/mauritius/video/not_augmented/pool40/green_bg/20230809_185948/m--20230809_185948--f000254.jpg,20230809_185948,mauritius,green,video,False,test,191.31857859974156
data/processed/mauritius/video/not_augmented/pool40/green_bg/20230809_185948/m--20230809_185948--f000256.jpg,20230809_185948,mauritius,green,video,False,test,172.63793413661907
data/processed/mauritius/video/not_augmented/pool40/green_bg/20230809_185948/m--20230809_185948--f000258.jpg,20230809_185948,mauritius,green,video,False,test,131.10975365716186
data/processed/mauritius/video/not_augmented/pool40/green_bg/20230809_185948/m--20230809_185948--f000260.jpg,20230809_185948,mauritius,green,video,False,test,88.00950624743187
data/processed/mauritius/video/not_augmented/pool40/green_bg/20230809_185948/m--20230809_185948--f000264.jpg,20230809_185948,mauritius,green,video,False,test,47.231744203007445
data/processed/mauritius/video/not_augmented/pool40/green_bg/20230809_185948/m--20230809_185948--f001144.jpg,20230809_185948,mauritius,green,video,False,test,73.92659837332727
data/processed/mauritius/video/not_augmented/pool40/green_bg/20230809_185948/m--20230809_185948--f001146.jpg,20230809_185948,mauritius,green,video,False,test,69.53174824577626
data/processed/mauritius/video/not_augmented/pool40/green_bg/20230809_185948/m--20230809_185948--f001160.jpg,20230809_185948,mauritius,green,video,False,test,78.44666737211293
data/processed/mauritius/video/not_augmented/pool40/green_bg/20230809_185948/m--20230809_185948--f001168.jpg,20230809_185948,mauritius,green,video,False,test,81.97767844273616
data/processed/mauritius/video/not_augmented/pool40/green_bg/20230809_185948/m--20230809_185948--f001170.jpg,20230809_185948,mauritius,green,video,False,test,46.85287519913325
data/processed/mauritius/video/not_augmented/pool40/green_bg/20230809_185948/m--20230809_185948--f001176.jpg,20230809_185948,mauritius,green,video,False,test,106.02297886527116
data/processed/mauritius/video/not_augmented/pool40/green_bg/20230809_185948/m--20230809_185948--f001178.jpg,20230809_185948,mauritius,green,video,False,test,170.56347654303727
data/processed/mauritius/video/not_augmented/pool40/green_bg/20230809_185948/m--20230809_185948--f001180.jpg,20230809_185948,mauritius,green,video,False,test,67.38372921576254
data/processed/mauritius/video/not_augmented/pool40/green_bg/20230809_185948/m--20230809_185948--f001182.jpg,20230809_185948,mauritius,green,video,False,test,85.38235377947622
data/processed/mauritius/video/not_augmented/pool40/green_bg/20230809_185948/m--20230809_185948--f001184.jpg,20230809_185948,mauritius,green,video,False,test,50.86385921198644
data/processed/mauritius/video/not_augmented/pool40/green_bg/20230809_185948/m--20230809_185948--f001186.jpg,20230809_185948,mauritius,green,video,False,test,64.46829160359044
data/processed/mauritius/video/not_augmented/pool40/green_bg/20230809_185948/m--20230809_185948--f001188.jpg,20230809_185948,mauritius,green,video,False,test,76.94415649102658
data/processed/mauritius/video/not_augmented/pool40/green_bg/20230809_185948/m--20230809_185948--f001190.jpg,20230809_185948,mauritius,green,video,False,test,145.10895645375157
data/processed/mauritius/video/not_augmented/pool40/green_bg/20230809_185948/m--20230809_185948--f001358.jpg,20230809_185948,mauritius,green,video,False,test,404.368442870239
data/processed/mauritius/video/not_augmented/pool40/green_bg/20230809_185948/m--20230809_185948--f001360.jpg,20230809_185948,mauritius,green,video,False,test,512.572225751007
data/processed/mauritius/video/not_augmented/pool40/green_bg/20230809_185948/m--20230809_185948--f001362.jpg,20230809_185948,mauritius,green,video,False,test,318.44836176300686
data/processed/mauritius/video/not_augmented/pool40/green_bg/20230811_055653/m--20230811_055653--f000162.jpg,20230811_055653,mauritius,green,video,False,test,29.3107859553123
data/processed/mauritius/video/not_augmented/pool40/green_bg/20230811_055653/m--20230811_055653--f000164.jpg,20230811_055653,mauritius,green,video,False,test,28.36553331912929
data/processed/mauritius/video/not_augmented/pool40/green_bg/20230811_055653/m--20230811_055653--f000166.jpg,20230811_055653,mauritius,green,video,False,test,29.333844856141457
data/processed/mauritius/video/not_augmented/pool40/green_bg/20230811_055653/m--20230811_055653--f000178.jpg,20230811_055653,mauritius,green,video,False,test,26.132154811476227
data/processed/mauritius/video/not_augmented/pool40/green_bg/20230811_055653/m--20230811_055653--f000180.jpg,20230811_055653,mauritius,green,video,False,test,153.5511797452559
data/processed/mauritius/video/not_augmented/pool40/green_bg/20230811_055653/m--20230811_055653--f000186.jpg,20230811_055653,mauritius,green,video,False,test,202.28549499027136
data/processed/mauritius/video/not_augmented/pool40/green_bg/20230811_055653/m--20230811_055653--f000188.jpg,20230811_055653,mauritius,green,video,False,test,255.77778218121196
data/processed/mauritius/video/not_augmented/pool40/green_bg/20230811_055653/m--20230811_055653--f000192.jpg,20230811_055653,mauritius,green,video,False,test,446.1966677041712
data/processed/mauritius/video/not_augmented/pool40/green_bg/20230811_055653/m--20230811_055653--f000194.jpg,20230811_055653,mauritius,green,video,False,test,478.2916932254967
data/processed/mauritius/video/not_augmented/pool40/green_bg/20230811_055653/m--20230811_055653--f000196.jpg,20230811_055653,mauritius,green,video,False,test,424.8757971160265
data/processed/mauritius/video/not_augmented/pool40/green_bg/20230811_055653/m--20230811_055653--f000200.jpg,20230811_055653,mauritius,green,video,False,test,600.6362801344877
data/processed/mauritius/video/not_augmented/pool40/green_bg/20230811_055653/m--20230811_055653--f000202.jpg,20230811_055653,mauritius,green,video,False,test,612.8136359341489
data/processed/mauritius/video/not_augmented/pool40/green_bg/20230811_055653/m--20230811_055653--f000204.jpg,20230811_055653,mauritius,green,video,False,test,654.0914381314
data/processed/mauritius/video/not_augmented/pool40/green_bg/20230811_055653/m--20230811_055653--f000206.jpg,20230811_055653,mauritius,green,video,False,test,611.9640863586199
data/processed/mauritius/video/not_augmented/pool40/green_bg/20230811_055653/m--20230811_055653--f000208.jpg,20230811_055653,mauritius,green,video,False,test,547.0640744384455
data/processed/mauritius/video/not_augmented/pool40/green_bg/20230811_055653/m--20230811_055653--f000210.jpg,20230811_055653,mauritius,green,video,False,test,435.0127750219577
data/processed/mauritius/video/not_augmented/pool40/green_bg/20230811_055653/m--20230811_055653--f000212.jpg,20230811_055653,mauritius,green,video,False,test,434.4135841439536
data/processed/mauritius/video/not_augmented/pool40/green_bg/20230811_055653/m--20230811_055653--f000214.jpg,20230811_055653,mauritius,green,video,False,test,474.5113002037516
data/processed/mauritius/video/not_augmented/pool40/green_bg/20230811_055653/m--20230811_055653--f000216.jpg,20230811_055653,mauritius,green,video,False,test,628.7124122308225
data/processed/mauritius/video/not_augmented/pool40/green_bg/20230811_055653/m--20230811_055653--f000218.jpg,20230811_055653,mauritius,green,video,False,test,686.6569873848741
data/processed/mauritius/video/not_augmented/pool40/green_bg/20230811_055653/m--20230811_055653--f000220.jpg,20230811_055653,mauritius,green,video,False,test,676.7736965399491
data/processed/mauritius/video/not_augmented/pool40/green_bg/20230811_055653/m--20230811_055653--f000222.jpg,20230811_055653,mauritius,green,video,False,test,698.4858697063474
data/processed/mauritius/video/not_augmented/pool40/green_bg/20230811_055653/m--20230811_055653--f000224.jpg,20230811_055653,mauritius,green,video,False,test,736.8155890782145
data/processed/mauritius/video/not_augmented/pool40/green_bg/20230811_055653/m--20230811_055653--f000226.jpg,20230811_055653,mauritius,green,video,False,test,678.4541613520408
data/processed/mauritius/video/not_augmented/pool40/green_bg/20230811_055653/m--20230811_055653--f000228.jpg,20230811_055653,mauritius,green,video,False,test,686.3064011554329
data/processed/mauritius/video/not_augmented/pool40/green_bg/20230811_055653/m--20230811_055653--f000230.jpg,20230811_055653,mauritius,green,video,False,test,622.8971619834408
data/processed/mauritius/video/not_augmented/pool40/green_bg/20230811_055653/m--20230811_055653--f000232.jpg,20230811_055653,mauritius,green,video,False,test,663.2244897387218
data/processed/mauritius/video/not_augmented/pool40/green_bg/20230811_055653/m--20230811_055653--f000234.jpg,20230811_055653,mauritius,green,video,False,test,509.8353395982366
data/processed/mauritius/video/not_augmented/pool40/green_bg/20230811_055653/m--20230811_055653--f000236.jpg,20230811_055653,mauritius,green,video,False,test,325.1538982780612
data/processed/mauritius/video/not_augmented/pool40/green_bg/20230811_055653/m--20230811_055653--f000238.jpg,20230811_055653,mauritius,green,video,False,test,196.7443000383548
data/processed/mauritius/video/not_augmented/pool40/green_bg/20230811_055653/m--20230811_055653--f000240.jpg,20230811_055653,mauritius,green,video,False,test,178.73218271683675
data/processed/mauritius/video/not_augmented/pool40/green_bg/20230811_055653/m--20230811_055653--f000242.jpg,20230811_055653,mauritius,green,video,False,test,103.65224405270423
data/processed/mauritius/video/not_augmented/pool40/green_bg/20230811_055653/m--20230811_055653--f001142.jpg,20230811_055653,mauritius,green,video,False,test,123.25795194180196
data/processed/mauritius/video/not_augmented/pool40/green_bg/20230811_055653/m--20230811_055653--f001144.jpg,20230811_055653,mauritius,green,video,False,test,113.86190608698642
data/processed/mauritius/video/not_augmented/pool40/green_bg/20230811_055653/m--20230811_055653--f001146.jpg,20230811_055653,mauritius,green,video,False,test,133.34141818844543
data/processed/mauritius/video/not_augmented/pool40/green_bg/20230811_055653/m--20230811_055653--f001148.jpg,20230811_055653,mauritius,green,video,False,test,135.03503666932957
data/processed/mauritius/video/not_augmented/pool40/green_bg/20230811_055653/m--20230811_055653--f001152.jpg,20230811_055653,mauritius,green,video,False,test,151.13984770379628
data/processed/mauritius/video/not_augmented/pool40/green_bg/20230811_055653/m--20230811_055653--f001154.jpg,20230811_055653,mauritius,green,video,False,test,180.38833305767207
data/processed/mauritius/video/not_augmented/pool40/green_bg/20230811_055653/m--20230811_055653--f001156.jpg,20230811_055653,mauritius,green,video,False,test,165.0150071425718
data/processed/mauritius/video/not_augmented/pool40/green_bg/20230811_055653/m--20230811_055653--f001158.jpg,20230811_055653,mauritius,green,video,False,test,189.3955675877416
data/processed/mauritius/video/not_augmented/pool40/green_bg/20230811_055653/m--20230811_055653--f001160.jpg,20230811_055653,mauritius,green,video,False,test,302.4145407591299
data/processed/mauritius/video/not_augmented/pool40/green_bg/20230811_055653/m--20230811_055653--f001162.jpg,20230811_055653,mauritius,green,video,False,test,238.8315728599456
data/processed/mauritius/video/not_augmented/pool40/green_bg/20230811_055653/m--20230811_055653--f001164.jpg,20230811_055653,mauritius,green,video,False,test,263.2482461337495
data/processed/mauritius/video/not_augmented/pool40/green_bg/20230811_055653/m--20230811_055653--f001166.jpg,20230811_055653,mauritius,green,video,False,test,407.1964882938428
data/processed/mauritius/video/not_augmented/pool40/green_bg/20230811_055653/m--20230811_055653--f001168.jpg,20230811_055653,mauritius,green,video,False,test,348.31566867049867
data/processed/mauritius/video/not_augmented/pool40/green_bg/20230811_055653/m--20230811_055653--f001170.jpg,20230811_055653,mauritius,green,video,False,test,416.012336543082
data/processed/mauritius/video/not_augmented/pool40/green_bg/20230811_055653/m--20230811_055653--f001172.jpg,20230811_055653,mauritius,green,video,False,test,526.6776546301915
data/processed/mauritius/video/not_augmented/pool40/green_bg/20230811_055653/m--20230811_055653--f001174.jpg,20230811_055653,mauritius,green,video,False,test,297.06044717770425
data/processed/mauritius/video/not_augmented/pool40/green_bg/20230811_055653/m--20230811_055653--f001340.jpg,20230811_055653,mauritius,green,video,False,test,87.1274513612435
data/processed/mauritius/video/not_augmented/pool40/green_bg/20230811_055653/m--20230811_055653--f001342.jpg,20230811_055653,mauritius,green,video,False,test,143.01367184957928
data/processed/mauritius/video/not_augmented/pool40/green_bg/20230811_055653/m--20230811_055653--f001344.jpg,20230811_055653,mauritius,green,video,False,test,225.6145168226592
data/processed/mauritius/video/not_augmented/pool40/green_bg/20230811_055653/m--20230811_055653--f001346.jpg,20230811_055653,mauritius,green,video,False,test,220.1036949836925
data/processed/mauritius/video/not_augmented/pool40/green_bg/20230811_055653/m--20230811_055653--f001356.jpg,20230811_055653,mauritius,green,video,False,test,103.0115194261099
data/processed/mauritius/video/not_augmented/pool40/green_bg/20230811_055653/m--20230811_055653--f001358.jpg,20230811_055653,mauritius,green,video,False,test,99.81847895249284
data/processed/mauritius/video/not_augmented/pool40/green_bg/20230811_055653/m--20230811_055653--f001360.jpg,20230811_055653,mauritius,green,video,False,test,103.11300221784369
data/processed/mauritius/video/not_augmented/pool40/green_bg/20230811_055653/m--20230811_055653--f001366.jpg,20230811_055653,mauritius,green,video,False,test,81.12282757955707
data/processed/mauritius/video/not_augmented/pool40/green_bg/20230811_055653/m--20230811_055653--f001370.jpg,20230811_055653,mauritius,green,video,False,test,139.17448572057924
data/processed/mauritius/video/not_augmented/pool40/green_bg/20230811_055653/m--20230811_055653--f001372.jpg,20230811_055653,mauritius,green,video,False,test,113.62039613823052
data/processed/mauritius/video/not_augmented/pool40/green_bg/20230811_055653/m--20230811_055653--f001374.jpg,20230811_055653,mauritius,green,video,False,test,165.894610943967
data/processed/mauritius/video/not_augmented/pool40/green_bg/20230815_055951/m--20230815_055951--f000162.jpg,20230815_055951,mauritius,green,video,False,train,51.347377206722136
data/processed/mauritius/video/not_augmented/pool40/green_bg/20230815_055951/m--20230815_055951--f000168.jpg,20230815_055951,mauritius,green,video,False,train,264.1239835106795
data/processed/mauritius/video/not_augmented/pool40/green_bg/20230815_055951/m--20230815_055951--f000170.jpg,20230815_055951,mauritius,green,video,False,train,216.9702247308225
data/processed/mauritius/video/not_augmented/pool40/green_bg/20230815_055951/m--20230815_055951--f000172.jpg,20230815_055951,mauritius,green,video,False,train,197.2823261720148
data/processed/mauritius/video/not_augmented/pool40/green_bg/20230815_055951/m--20230815_055951--f000174.jpg,20230815_055951,mauritius,green,video,False,train,377.2904774520061
data/processed/mauritius/video/not_augmented/pool40/green_bg/20230815_055951/m--20230815_055951--f000176.jpg,20230815_055951,mauritius,green,video,False,train,461.03916214566
data/processed/mauritius/video/not_augmented/pool40/green_bg/20230815_055951/m--20230815_055951--f000178.jpg,20230815_055951,mauritius,green,video,False,train,377.1774952168368
data/processed/mauritius/video/not_augmented/pool40/green_bg/20230815_055951/m--20230815_055951--f000184.jpg,20230815_055951,mauritius,green,video,False,train,389.4752471046813
data/processed/mauritius/video/not_augmented/pool40/green_bg/20230815_055951/m--20230815_055951--f000186.jpg,20230815_055951,mauritius,green,video,False,train,325.22464871992423
data/processed/mauritius/video/not_augmented/pool40/green_bg/20230815_055951/m--20230815_055951--f000188.jpg,20230815_055951,mauritius,green,video,False,train,409.5895248327292
data/processed/mauritius/video/not_augmented/pool40/green_bg/20230815_055951/m--20230815_055951--f000190.jpg,20230815_055951,mauritius,green,video,False,train,484.4664778957661
data/processed/mauritius/video/not_augmented/pool40/green_bg/20230815_055951/m--20230815_055951--f000192.jpg,20230815_055951,mauritius,green,video,False,train,503.34121884231206
data/processed/mauritius/video/not_augmented/pool40/green_bg/20230815_055951/m--20230815_055951--f000194.jpg,20230815_055951,mauritius,green,video,False,train,510.97893415138856
data/processed/mauritius/video/not_augmented/pool40/green_bg/20230815_055951/m--20230815_055951--f000196.jpg,20230815_055951,mauritius,green,video,False,train,490.9041175059804
data/processed/mauritius/video/not_augmented/pool40/green_bg/20230815_055951/m--20230815_055951--f000198.jpg,20230815_055951,mauritius,green,video,False,train,486.98357780612247
data/processed/mauritius/video/not_augmented/pool40/green_bg/20230815_055951/m--20230815_055951--f000200.jpg,20230815_055951,mauritius,green,video,False,train,519.9478235828634
data/processed/mauritius/video/not_augmented/pool40/green_bg/20230815_055951/m--20230815_055951--f000202.jpg,20230815_055951,mauritius,green,video,False,train,521.6512075386063
data/processed/mauritius/video/not_augmented/pool40/green_bg/20230815_055951/m--20230815_055951--f000206.jpg,20230815_055951,mauritius,green,video,False,train,448.3429925879653
data/processed/mauritius/video/not_augmented/pool40/green_bg/20230815_055951/m--20230815_055951--f000208.jpg,20230815_055951,mauritius,green,video,False,train,394.9952766163456
data/processed/mauritius/video/not_augmented/pool40/green_bg/20230815_055951/m--20230815_055951--f000210.jpg,20230815_055951,mauritius,green,video,False,train,312.1360012691551
data/processed/mauritius/video/not_augmented/pool40/green_bg/20230815_055951/m--20230815_055951--f000212.jpg,20230815_055951,mauritius,green,video,False,train,231.64520878694495
data/processed/mauritius/video/not_augmented/pool40/green_bg/20230815_055951/m--20230815_055951--f000214.jpg,20230815_055951,mauritius,green,video,False,train,135.5084899861035
data/processed/mauritius/video/not_augmented/pool40/green_bg/20230815_055951/m--20230815_055951--f000216.jpg,20230815_055951,mauritius,green,video,False,train,90.6083784298021
data/processed/mauritius/video/not_augmented/pool40/green_bg/20230815_055951/m--20230815_055951--f001048.jpg,20230815_055951,mauritius,green,video,False,train,1300.6825972004565
data/processed/mauritius/video/not_augmented/pool40/green_bg/20230815_055951/m--20230815_055951--f001050.jpg,20230815_055951,mauritius,green,video,False,train,1333.8431719863777
data/processed/mauritius/video/not_augmented/pool40/green_bg/20230815_055951/m--20230815_055951--f001052.jpg,20230815_055951,mauritius,green,video,False,train,1123.8719506853574
data/processed/mauritius/video/not_augmented/pool40/green_bg/20230815_055951/m--20230815_055951--f001054.jpg,20230815_055951,mauritius,green,video,False,train,1278.7180524358944
data/processed/mauritius/video/not_augmented/pool40/green_bg/20230815_055951/m--20230815_055951--f001200.jpg,20230815_055951,mauritius,green,video,False,train,784.3157883766838
data/processed/mauritius/video/not_augmented/pool40/green_bg/20230815_055951/m--20230815_055951--f001202.jpg,20230815_055951,mauritius,green,video,False,train,576.9310028555989
data/processed/mauritius/video/not_augmented/pool40/green_bg/20230815_055951/m--20230815_055951--f001204.jpg,20230815_055951,mauritius,green,video,False,train,1086.421775283639
data/processed/mauritius/video/not_augmented/pool40/green_bg/20230815_055951/m--20230815_055951--f001206.jpg,20230815_055951,mauritius,green,video,False,train,925.3579799091254
data/processed/mauritius/video/not_augmented/pool40/green_bg/20230815_055951/m--20230815_055951--f001208.jpg,20230815_055951,mauritius,green,video,False,train,1065.0713289027312
data/processed/mauritius/video/not_augmented/pool40/green_bg/20230815_055951/m--20230815_055951--f001210.jpg,20230815_055951,mauritius,green,video,False,train,1082.1904097322324
data/processed/mauritius/video/not_augmented/pool40/green_bg/20230815_055951/m--20230815_055951--f001212.jpg,20230815_055951,mauritius,green,video,False,train,665.3343032382519
data/processed/mauritius/video/not_augmented/pool40/green_bg/20230815_061133/m--20230815_061133--f000166.jpg,20230815_061133,mauritius,green,video,False,train,93.73160446171757
data/processed/mauritius/video/not_augmented/pool40/green_bg/20230815_061133/m--20230815_061133--f000172.jpg,20230815_061133,mauritius,green,video,False,train,43.02527091722596
data/processed/mauritius/video/not_augmented/pool40/green_bg/20230815_061133/m--20230815_061133--f000174.jpg,20230815_061133,mauritius,green,video,False,train,47.80255471681963
data/processed/mauritius/video/not_augmented/pool40/green_bg/20230815_061133/m--20230815_061133--f000176.jpg,20230815_061133,mauritius,green,video,False,train,43.40051018978247
data/processed/mauritius/video/not_augmented/pool40/green_bg/20230815_061133/m--20230815_061133--f000180.jpg,20230815_061133,mauritius,green,video,False,train,46.76817598068829
data/processed/mauritius/video/not_augmented/pool40/green_bg/20230815_061133/m--20230815_061133--f000188.jpg,20230815_061133,mauritius,green,video,False,train,37.57948021529268
data/processed/mauritius/video/not_augmented/pool40/green_bg/20230815_061133/m--20230815_061133--f000194.jpg,20230815_061133,mauritius,green,video,False,train,28.59337095120012
data/processed/mauritius/video/not_augmented/pool40/green_bg/20230815_061133/m--20230815_061133--f000196.jpg,20230815_061133,mauritius,green,video,False,train,32.30532506285782
data/processed/mauritius/video/not_augmented/pool40/green_bg/20230815_061133/m--20230815_061133--f000198.jpg,20230815_061133,mauritius,green,video,False,train,35.816027550735065
data/processed/mauritius/video/not_augmented/pool40/green_bg/20230815_061133/m--20230815_061133--f000200.jpg,20230815_061133,mauritius,green,video,False,train,38.32655053216187
data/processed/mauritius/video/not_augmented/pool40/green_bg/20230815_061133/m--20230815_061133--f000202.jpg,20230815_061133,mauritius,green,video,False,train,36.68022560547015
data/processed/mauritius/video/not_augmented/pool40/green_bg/20230815_061133/m--20230815_061133--f000204.jpg,20230815_061133,mauritius,green,video,False,train,30.97450943620738
data/processed/mauritius/video/not_augmented/pool40/green_bg/20230815_061133/m--20230815_061133--f000206.jpg,20230815_061133,mauritius,green,video,False,train,33.478555383010985
data/processed/mauritius/video/not_augmented/pool40/green_bg/20230815_061133/m--20230815_061133--f000208.jpg,20230815_061133,mauritius,green,video,False,train,35.17149615774349
data/processed/mauritius/video/not_augmented/pool40/green_bg/20230815_061133/m--20230815_061133--f000210.jpg,20230815_061133,mauritius,green,video,False,train,50.36076884367028
data/processed/mauritius/video/not_augmented/pool40/green_bg/20230815_061133/m--20230815_061133--f000212.jpg,20230815_061133,mauritius,green,video,False,train,62.95420063817962
data/processed/mauritius/video/not_augmented/pool40/green_bg/20230815_061133/m--20230815_061133--f000214.jpg,20230815_061133,mauritius,green,video,False,train,52.73076721113554
data/processed/mauritius/video/not_augmented/pool40/green_bg/20230815_061133/m--20230815_061133--f000216.jpg,20230815_061133,mauritius,green,video,False,train,35.72307477638851
data/processed/mauritius/video/not_augmented/pool40/green_bg/20230815_061133/m--20230815_061133--f000218.jpg,20230815_061133,mauritius,green,video,False,train,27.95455918000272
data/processed/mauritius/video/not_augmented/pool40/green_bg/20230815_061133/m--20230815_061133--f000220.jpg,20230815_061133,mauritius,green,video,False,train,34.7599049238104
data/processed/mauritius/video/not_augmented/pool40/green_bg/20230815_061133/m--20230815_061133--f000222.jpg,20230815_061133,mauritius,green,video,False,train,25.937340559635697
data/processed/mauritius/video/not_augmented/pool40/green_bg/20230815_061133/m--20230815_061133--f000224.jpg,20230815_061133,mauritius,green,video,False,train,29.31602753484711
data/processed/mauritius/video/not_augmented/pool40/green_bg/20230815_061133/m--20230815_061133--f000226.jpg,20230815_061133,mauritius,green,video,False,train,26.85249913567953
data/processed/mauritius/video/not_augmented/pool40/green_bg/20230815_061133/m--20230815_061133--f000228.jpg,20230815_061133,mauritius,green,video,False,train,1772.9592232217594
data/processed/mauritius/video/not_augmented/pool40/green_bg/20230815_061133/m--20230815_061133--f000230.jpg,20230815_061133,mauritius,green,video,False,train,47.840540960598666
data/processed/mauritius/video/not_augmented/pool40/green_bg/20230815_061133/m--20230815_061133--f000232.jpg,20230815_061133,mauritius,green,video,False,train,147.48351801618443
data/processed/mauritius/video/not_augmented/pool40/green_bg/20230815_061133/m--20230815_061133--f000234.jpg,20230815_061133,mauritius,green,video,False,train,657.0592713075993
data/processed/mauritius/video/not_augmented/pool40/green_bg/20230815_061133/m--20230815_061133--f000236.jpg,20230815_061133,mauritius,green,video,False,train,922.3231425366764
data/processed/mauritius/video/not_augmented/pool40/green_bg/20230815_061133/m--20230815_061133--f000238.jpg,20230815_061133,mauritius,green,video,False,train,620.0236364409905
data/processed/mauritius/video/not_augmented/pool40/green_bg/20230815_061133/m--20230815_061133--f000240.jpg,20230815_061133,mauritius,green,video,False,train,441.3072184757708
data/processed/mauritius/video/not_augmented/pool40/green_bg/20230815_061133/m--20230815_061133--f000242.jpg,20230815_061133,mauritius,green,video,False,train,351.03039287319285
data/processed/mauritius/video/not_augmented/pool40/green_bg/20230815_061133/m--20230815_061133--f000244.jpg,20230815_061133,mauritius,green,video,False,train,276.5377271966803
data/processed/mauritius/video/not_augmented/pool40/green_bg/20230815_061133/m--20230815_061133--f000246.jpg,20230815_061133,mauritius,green,video,False,train,295.7818079070219
data/processed/mauritius/video/not_augmented/pool40/green_bg/20230815_061133/m--20230815_061133--f000248.jpg,20230815_061133,mauritius,green,video,False,train,310.1689650135604
data/processed/mauritius/video/not_augmented/pool40/green_bg/20230815_061133/m--20230815_061133--f000250.jpg,20230815_061133,mauritius,green,video,False,train,213.04627694571232
data/processed/mauritius/video/not_augmented/pool40/green_bg/20230815_061133/m--20230815_061133--f000252.jpg,20230815_061133,mauritius,green,video,False,train,243.6841517841255
data/processed/mauritius/video/not_augmented/pool40/green_bg/20230815_061133/m--20230815_061133--f000254.jpg,20230815_061133,mauritius,green,video,False,train,318.24730940353663
data/processed/mauritius/video/not_augmented/pool40/green_bg/20230815_061133/m--20230815_061133--f000256.jpg,20230815_061133,mauritius,green,video,False,train,236.55793605512108
data/processed/mauritius/video/not_augmented/pool40/green_bg/20230815_061133/m--20230815_061133--f000258.jpg,20230815_061133,mauritius,green,video,False,train,226.2310856215808
data/processed/mauritius/video/not_augmented/pool40/green_bg/20230815_061133/m--20230815_061133--f000260.jpg,20230815_061133,mauritius,green,video,False,train,111.77931680127216
data/processed/mauritius/video/not_augmented/pool40/green_bg/20230815_061133/m--20230815_061133--f000262.jpg,20230815_061133,mauritius,green,video,False,train,79.09759631707041
data/processed/mauritius/video/not_augmented/pool40/green_bg/20230815_061133/m--20230815_061133--f000264.jpg,20230815_061133,mauritius,green,video,False,train,75.1969865928437
data/processed/mauritius/video/not_augmented/pool40/green_bg/20230815_061133/m--20230815_061133--f000266.jpg,20230815_061133,mauritius,green,video,False,train,62.99730918110535
data/processed/mauritius/video/not_augmented/pool40/green_bg/20230815_061133/m--20230815_061133--f000670.jpg,20230815_061133,mauritius,green,video,False,train,1020.7495809294492
data/processed/mauritius/video/not_augmented/pool40/green_bg/20230815_061133/m--20230815_061133--f000672.jpg,20230815_061133,mauritius,green,video,False,train,623.3096299097966
data/processed/mauritius/video/not_augmented/pool40/green_bg/20230815_061133/m--20230815_061133--f001114.jpg,20230815_061133,mauritius,green,video,False,train,56.991470023921416
data/processed/mauritius/video/not_augmented/pool40/green_bg/20230815_061133/m--20230815_061133--f001124.jpg,20230815_061133,mauritius,green,video,False,train,1312.618981146505
data/processed/mauritius/video/not_augmented/pool40/green_bg/20230815_061133/m--20230815_061133--f001128.jpg,20230815_061133,mauritius,green,video,False,train,1802.935646504772
data/processed/mauritius/video/not_augmented/pool40/green_bg/20230815_061133/m--20230815_061133--f001132.jpg,20230815_061133,mauritius,green,video,False,train,577.8126793364494
data/processed/mauritius/video/not_augmented/pool40/green_bg/20230815_061133/m--20230815_061133--f001138.jpg,20230815_061133,mauritius,green,video,False,train,1818.2652658560237
data/processed/mauritius/video/not_augmented/pool40/green_bg/20230815_061133/m--20230815_061133--f001144.jpg,20230815_061133,mauritius,green,video,False,train,1349.6898716196126
data/processed/mauritius/video/not_augmented/pool40/green_bg/20230815_061133/m--20230815_061133--f001156.jpg,20230815_061133,mauritius,green,video,False,train,819.035395401808
data/processed/mauritius/video/not_augmented/pool40/green_bg/20230815_061133/m--20230815_061133--f001158.jpg,20230815_061133,mauritius,green,video,False,train,910.8776105998307
data/processed/mauritius/video/not_augmented/pool40/green_bg/20230815_061133/m--20230815_061133--f001160.jpg,20230815_061133,mauritius,green,video,False,train,1061.935447225368
data/processed/mauritius/video/not_augmented/pool40/green_bg/20230815_061133/m--20230815_061133--f001162.jpg,20230815_061133,mauritius,green,video,False,train,927.7889628313026
data/processed/mauritius/video/not_augmented/pool40/green_bg/20230815_061133/m--20230815_061133--f001164.jpg,20230815_061133,mauritius,green,video,False,train,374.2087252865925
data/processed/mauritius/video/not_augmented/pool40/green_bg/20230815_061133/m--20230815_061133--f001166.jpg,20230815_061133,mauritius,green,video,False,train,251.72022479437427
data/processed/mauritius/video/not_augmented/pool40/green_bg/20230815_061133/m--20230815_061133--f001168.jpg,20230815_061133,mauritius,green,video,False,train,587.973891886211
data/processed/mauritius/video/not_augmented/pool40/green_bg/20230815_061133/m--20230815_061133--f001170.jpg,20230815_061133,mauritius,green,video,False,train,683.5157047130326
data/processed/mauritius/video/not_augmented/pool40/green_bg/20230815_061133/m--20230815_061133--f001180.jpg,20230815_061133,mauritius,green,video,False,train,469.8259127198632
data/processed/mauritius/video/not_augmented/pool40/green_bg/20230815_061133/m--20230815_061133--f001182.jpg,20230815_061133,mauritius,green,video,False,train,430.7054567249653
data/processed/mauritius/video/not_augmented/pool40/green_bg/20230815_061133/m--20230815_061133--f001222.jpg,20230815_061133,mauritius,green,video,False,train,377.9537627408029
data/processed/mauritius/video/not_augmented/pool40/green_bg/20230815_061133/m--20230815_061133--f001230.jpg,20230815_061133,mauritius,green,video,False,train,744.2478874219253
data/processed/mauritius/video/not_augmented/pool40/green_bg/20230815_061133/m--20230815_061133--f001232.jpg,20230815_061133,mauritius,green,video,False,train,497.8468988903956
data/processed/mauritius/video/not_augmented/pool40/green_bg/20230815_061133/m--20230815_061133--f001234.jpg,20230815_061133,mauritius,green,video,False,train,315.684390715091
data/processed/mauritius/video/not_augmented/pool40/green_bg/20230815_061133/m--20230815_061133--f001238.jpg,20230815_061133,mauritius,green,video,False,train,255.1887754704842
data/processed/mauritius/video/not_augmented/pool40/green_bg/20230815_061133/m--20230815_061133--f001240.jpg,20230815_061133,mauritius,green,video,False,train,504.5291572989449
data/processed/mauritius/video/not_augmented/pool40/green_bg/20230815_061133/m--20230815_061133--f001242.jpg,20230815_061133,mauritius,green,video,False,train,384.91669323344064
data/processed/mauritius/video/not_augmented/pool40/green_bg/20230815_061133/m--20230815_061133--f001244.jpg,20230815_061133,mauritius,green,video,False,train,348.1468231820008
data/processed/mauritius/video/not_augmented/pool40/green_bg/20230815_061133/m--20230815_061133--f001246.jpg,20230815_061133,mauritius,green,video,False,train,312.8244977281372
data/processed/mauritius/video/not_augmented/pool40/green_bg/20230815_061133/m--20230815_061133--f001286.jpg,20230815_061133,mauritius,green,video,False,train,1050.7160793941548
data/processed/mauritius/video/not_augmented/pool40/green_bg/20230815_061133/m--20230815_061133--f001288.jpg,20230815_061133,mauritius,green,video,False,train,2140.402443398837
data/processed/mauritius/video/not_augmented/pool40/green_bg/20230815_061133/m--20230815_061133--f001290.jpg,20230815_061133,mauritius,green,video,False,train,1193.210718156893
data/processed/mauritius/video/not_augmented/pool40/green_bg/20230815_061133/m--20230815_061133--f001292.jpg,20230815_061133,mauritius,green,video,False,train,309.5672831569101
data/processed/mauritius/video/not_augmented/pool40/green_bg/20230815_061133/m--20230815_061133--f001294.jpg,20230815_061133,mauritius,green,video,False,train,174.8429328091489
data/processed/mauritius/video/not_augmented/pool40/green_bg/20230815_061133/m--20230815_061133--f001296.jpg,20230815_061133,mauritius,green,video,False,train,169.10146280270422
data/processed/mauritius/video/not_augmented/pool40/green_bg/20230815_061133/m--20230815_061133--f001298.jpg,20230815_061133,mauritius,green,video,False,train,587.4912308101502
data/processed/mauritius/video/not_augmented/pool40/green_bg/20230815_061133/m--20230815_061133--f001300.jpg,20230815_061133,mauritius,green,video,False,train,701.12083457262
data/processed/mauritius/video/not_augmented/pool40/green_bg/20230815_061133/m--20230815_061133--f001302.jpg,20230815_061133,mauritius,green,video,False,train,575.3791050893076
data/processed/mauritius/video/not_augmented/pool40/green_bg/20230815_061623/m--20230815_061623--f000160.jpg,20230815_061623,mauritius,green,video,False,train,84.82485650351325
data/processed/mauritius/video/not_augmented/pool40/green_bg/20230815_061623/m--20230815_061623--f000162.jpg,20230815_061623,mauritius,green,video,False,train,458.0611248210984
data/processed/mauritius/video/not_augmented/pool40/green_bg/20230815_061623/m--20230815_061623--f000164.jpg,20230815_061623,mauritius,green,video,False,train,709.5680004089686
data/processed/mauritius/video/not_augmented/pool40/green_bg/20230815_061623/m--20230815_061623--f000166.jpg,20230815_061623,mauritius,green,video,False,train,613.2411311859391
data/processed/mauritius/video/not_augmented/pool40/green_bg/20230815_061623/m--20230815_061623--f000168.jpg,20230815_061623,mauritius,green,video,False,train,554.0115194499417
data/processed/mauritius/video/not_augmented/pool40/green_bg/20230815_061623/m--20230815_061623--f000170.jpg,20230815_061623,mauritius,green,video,False,train,367.1368383227265
data/processed/mauritius/video/not_augmented/pool40/green_bg/20230815_061623/m--20230815_061623--f000172.jpg,20230815_061623,mauritius,green,video,False,train,761.9068677581286
data/processed/mauritius/video/not_augmented/pool40/green_bg/20230815_061623/m--20230815_061623--f000174.jpg,20230815_061623,mauritius,green,video,False,train,1238.586356023211
data/processed/mauritius/video/not_augmented/pool40/green_bg/20230815_061623/m--20230815_061623--f000176.jpg,20230815_061623,mauritius,green,video,False,train,1100.7431042713704
data/processed/mauritius/video/not_augmented/pool40/green_bg/20230815_061623/m--20230815_061623--f000178.jpg,20230815_061623,mauritius,green,video,False,train,756.9640066900732
data/processed/mauritius/video/not_augmented/pool40/green_bg/20230815_061623/m--20230815_061623--f000180.jpg,20230815_061623,mauritius,green,video,False,train,892.3609494479782
data/processed/mauritius/video/not_augmented/pool40/green_bg/20230815_061623/m--20230815_061623--f000182.jpg,20230815_061623,mauritius,green,video,False,train,929.4918883040466
data/processed/mauritius/video/not_augmented/pool40/green_bg/20230815_061623/m--20230815_061623--f000184.jpg,20230815_061623,mauritius,green,video,False,train,884.4776187814905
data/processed/mauritius/video/not_augmented/pool40/green_bg/20230815_061623/m--20230815_061623--f000186.jpg,20230815_061623,mauritius,green,video,False,train,723.9046356502249
data/processed/mauritius/video/not_augmented/pool40/green_bg/20230815_061623/m--20230815_061623--f000188.jpg,20230815_061623,mauritius,green,video,False,train,481.74673149080286
data/processed/mauritius/video/not_augmented/pool40/green_bg/20230815_061623/m--20230815_061623--f000190.jpg,20230815_061623,mauritius,green,video,False,train,260.9935227993477
data/processed/mauritius/video/not_augmented/pool40/green_bg/20230815_061623/m--20230815_061623--f000194.jpg,20230815_061623,mauritius,green,video,False,train,55.41274711580287
data/processed/mauritius/video/not_augmented/pool40/green_bg/20230815_061623/m--20230815_061623--f000196.jpg,20230815_061623,mauritius,green,video,False,train,35.656568418389206
data/processed/mauritius/video/not_augmented/pool40/green_bg/20230815_061623/m--20230815_061623--f001210.jpg,20230815_061623,mauritius,green,video,False,train,393.67117745496
data/processed/mauritius/video/not_augmented/pool40/green_bg/20230815_061623/m--20230815_061623--f001212.jpg,20230815_061623,mauritius,green,video,False,train,696.4007492843939
data/processed/mauritius/video/not_augmented/pool40/green_bg/20230815_061623/m--20230815_061623--f001214.jpg,20230815_061623,mauritius,green,video,False,train,664.9406090307018
data/processed/mauritius/video/not_augmented/pool40/green_bg/20230815_061623/m--20230815_061623--f001216.jpg,20230815_061623,mauritius,green,video,False,train,554.3297391742134
data/processed/mauritius/video/not_augmented/pool40/green_bg/20230815_061623/m--20230815_061623--f001218.jpg,20230815_061623,mauritius,green,video,False,train,328.8416172962594
data/processed/mauritius/video/not_augmented/pool40/green_bg/20230815_061623/m--20230815_061623--f001268.jpg,20230815_061623,mauritius,green,video,False,train,37.50462368476991
data/processed/mauritius/video/not_augmented/pool40/green_bg/20230815_061623/m--20230815_061623--f001270.jpg,20230815_061623,mauritius,green,video,False,train,50.25749356525237
data/processed/mauritius/video/not_augmented/pool40/green_bg/20230815_061623/m--20230815_061623--f001272.jpg,20230815_061623,mauritius,green,video,False,train,56.80357142221625
data/processed/mauritius/video/not_augmented/pool40/green_bg/20230815_061623/m--20230815_061623--f001274.jpg,20230815_061623,mauritius,green,video,False,train,55.96004065331298
data/processed/mauritius/video/not_augmented/pool40/green_bg/20230815_061623/m--20230815_061623--f001290.jpg,20230815_061623,mauritius,green,video,False,train,1375.2182118619598
data/processed/mauritius/video/not_augmented/pool40/green_bg/20230815_061623/m--20230815_061623--f001318.jpg,20230815_061623,mauritius,green,video,False,train,246.28750797034996
data/processed/mauritius/video/not_augmented/pool40/green_bg/20230815_061623/m--20230815_061623--f001320.jpg,20230815_061623,mauritius,green,video,False,train,255.3465600889556
data/processed/mauritius/video/not_augmented/pool40/green_bg/20230815_061623/m--20230815_061623--f001322.jpg,20230815_061623,mauritius,green,video,False,train,560.306341667366
data/processed/mauritius/video/not_augmented/pool40/green_bg/20230815_061623/m--20230815_061623--f001324.jpg,20230815_061623,mauritius,green,video,False,train,585.4531644529624
data/processed/mauritius/video/not_augmented/pool40/green_bg/20230815_061623/m--20230815_061623--f001352.jpg,20230815_061623,mauritius,green,video,False,train,731.2083067204842
data/processed/mauritius/video/not_augmented/pool40/green_bg/20230815_061623/m--20230815_061623--f001354.jpg,20230815_061623,mauritius,green,video,False,train,989.6973254141436
data/processed/mauritius/video/not_augmented/pool40/green_bg/20230815_061623/m--20230815_061623--f001358.jpg,20230815_061623,mauritius,green,video,False,train,973.0796197190576
data/processed/mauritius/video/not_augmented/pool40/green_bg/20230815_061623/m--20230815_061623--f001360.jpg,20230815_061623,mauritius,green,video,False,train,990.1134805468804
data/processed/mauritius/video/not_augmented/pool40/green_bg/20230828_204505/m--20230828_204505--f000224.jpg,20230828_204505,mauritius,green,video,False,train,1346.9624320951316
data/processed/mauritius/video/not_augmented/pool40/green_bg/20230828_204505/m--20230828_204505--f000226.jpg,20230828_204505,mauritius,green,video,False,train,1239.8535749819912
data/processed/mauritius/video/not_augmented/pool40/green_bg/20230828_204505/m--20230828_204505--f000228.jpg,20230828_204505,mauritius,green,video,False,train,1270.5858577790234
data/processed/mauritius/video/not_augmented/pool40/green_bg/20230828_204505/m--20230828_204505--f000230.jpg,20230828_204505,mauritius,green,video,False,train,1330.2715639355083
data/processed/mauritius/video/not_augmented/pool40/green_bg/20230828_204505/m--20230828_204505--f000232.jpg,20230828_204505,mauritius,green,video,False,train,1510.204539971072
data/processed/mauritius/video/not_augmented/pool40/green_bg/20230828_204505/m--20230828_204505--f000234.jpg,20230828_204505,mauritius,green,video,False,train,1400.9159358913134
data/processed/mauritius/video/not_augmented/pool40/green_bg/20230828_204505/m--20230828_204505--f000236.jpg,20230828_204505,mauritius,green,video,False,train,1403.9786351643618
data/processed/mauritius/video/not_augmented/pool40/green_bg/20230828_204505/m--20230828_204505--f000238.jpg,20230828_204505,mauritius,green,video,False,train,1271.8325294925987
data/processed/mauritius/video/not_augmented/pool40/green_bg/20230828_204505/m--20230828_204505--f000246.jpg,20230828_204505,mauritius,green,video,False,train,1214.7668008129083
data/processed/mauritius/video/not_augmented/pool40/green_bg/20230828_204505/m--20230828_204505--f001082.jpg,20230828_204505,mauritius,green,video,False,train,602.9798110328779
data/processed/mauritius/video/not_augmented/pool40/green_bg/20230828_204505/m--20230828_204505--f001112.jpg,20230828_204505,mauritius,green,video,False,train,432.21267137722094
data/processed/mauritius/video/not_augmented/pool40/green_bg/20230828_204505/m--20230828_204505--f001114.jpg,20230828_204505,mauritius,green,video,False,train,436.1567283020274
data/processed/mauritius/video/not_augmented/pool40/green_bg/20230828_204505/m--20230828_204505--f001116.jpg,20230828_204505,mauritius,green,video,False,train,567.6096540162683
data/processed/mauritius/video/not_augmented/pool40/green_bg/20230828_204505/m--20230828_204505--f001118.jpg,20230828_204505,mauritius,green,video,False,train,480.5288782048255
data/processed/mauritius/video/not_augmented/pool40/green_bg/20230828_204505/m--20230828_204505--f001120.jpg,20230828_204505,mauritius,green,video,False,train,456.8000438357334
data/processed/mauritius/video/not_augmented/pool40/green_bg/20230828_204505/m--20230828_204505--f001122.jpg,20230828_204505,mauritius,green,video,False,train,586.748564782514
data/processed/mauritius/video/not_augmented/pool40/green_bg/20230828_204505/m--20230828_204505--f001130.jpg,20230828_204505,mauritius,green,video,False,train,1672.0233976339507
data/processed/mauritius/video/not_augmented/pool40/green_bg/20230828_204505/m--20230828_204505--f001132.jpg,20230828_204505,mauritius,green,video,False,train,1359.8150709403253
data/processed/mauritius/video/not_augmented/pool40/green_bg/20230828_204505/m--20230828_204505--f001134.jpg,20230828_204505,mauritius,green,video,False,train,1414.89811860815
data/processed/mauritius/video/not_augmented/pool40/green_bg/20230828_204505/m--20230828_204505--f001136.jpg,20230828_204505,mauritius,green,video,False,train,1480.3693794717594
data/processed/mauritius/video/not_augmented/pool40/green_bg/20230828_204505/m--20230828_204505--f001138.jpg,20230828_204505,mauritius,green,video,False,train,630.2847774395194
data/processed/mauritius/video/not_augmented/pool40/green_bg/20230828_204505/m--20230828_204505--f001144.jpg,20230828_204505,mauritius,green,video,False,train,453.2238520010964
data/processed/mauritius/video/not_augmented/pool40/green_bg/20230828_204505/m--20230828_204505--f001148.jpg,20230828_204505,mauritius,green,video,False,train,493.8792251259623
data/processed/mauritius/video/not_augmented/pool40/green_bg/20230828_204505/m--20230828_204505--f001156.jpg,20230828_204505,mauritius,green,video,False,train,1686.7234135063327
data/processed/mauritius/video/not_augmented/pool40/green_bg/20230828_204505/m--20230828_204505--f001158.jpg,20230828_204505,mauritius,green,video,False,train,1561.3037707270407
data/processed/mauritius/video/not_augmented/pool40/green_bg/20230828_204505/m--20230828_204505--f001160.jpg,20230828_204505,mauritius,green,video,False,train,1404.1794682681088
data/processed/mauritius/video/not_augmented/pool40/green_bg/20230828_204505/m--20230828_204505--f001162.jpg,20230828_204505,mauritius,green,video,False,train,1546.8089522950008
data/processed/mauritius/video/not_augmented/pool40/green_bg/20230828_204505/m--20230828_204505--f001164.jpg,20230828_204505,mauritius,green,video,False,train,1649.18040493477
data/processed/mauritius/video/not_augmented/pool40/green_bg/20230828_204505/m--20230828_204505--f001166.jpg,20230828_204505,mauritius,green,video,False,train,1374.6138392793594
data/processed/mauritius/video/not_augmented/pool40/green_bg/20230828_204505/m--20230828_204505--f001170.jpg,20230828_204505,mauritius,green,video,False,train,831.3155292080423
data/processed/mauritius/video/not_augmented/pool40/green_bg/20230828_204505/m--20230828_204505--f001172.jpg,20230828_204505,mauritius,green,video,False,train,1243.823760296394
data/processed/mauritius/video/not_augmented/pool40/green_bg/20230828_204505/m--20230828_204505--f001174.jpg,20230828_204505,mauritius,green,video,False,train,1357.9248445467967
data/processed/mauritius/video/not_augmented/pool40/green_bg/20230828_204505/m--20230828_204505--f001176.jpg,20230828_204505,mauritius,green,video,False,train,1097.3010402486404
data/processed/mauritius/video/not_augmented/pool40/green_bg/20230828_204505/m--20230828_204505--f001178.jpg,20230828_204505,mauritius,green,video,False,train,1229.3357380426512
data/processed/mauritius/video/not_augmented/pool40/green_bg/20230828_204505/m--20230828_204505--f001180.jpg,20230828_204505,mauritius,green,video,False,train,1396.6029376590418
data/processed/mauritius/video/not_augmented/pool40/green_bg/20230828_204505/m--20230828_204505--f001182.jpg,20230828_204505,mauritius,green,video,False,train,1509.9116509690575
data/processed/mauritius/video/not_augmented/pool40/green_bg/20230828_204505/m--20230828_204505--f001184.jpg,20230828_204505,mauritius,green,video,False,train,873.9528457136365
data/processed/mauritius/video/not_augmented/pool40/green_bg/20230828_204505/m--20230828_204505--f001186.jpg,20230828_204505,mauritius,green,video,False,train,918.0189530361896
data/processed/mauritius/video/not_augmented/pool40/green_bg/20230828_204505/m--20230828_204505--f001188.jpg,20230828_204505,mauritius,green,video,False,train,827.781847889053
data/processed/mauritius/video/not_augmented/pool40/green_bg/20230828_204505/m--20230828_204505--f001190.jpg,20230828_204505,mauritius,green,video,False,train,1888.386918042114
data/processed/mauritius/video/not_augmented/pool40/green_bg/20230828_204505/m--20230828_204505--f001192.jpg,20230828_204505,mauritius,green,video,False,train,1182.801797668619
data/processed/mauritius/video/not_augmented/pool40/green_bg/20230828_204505/m--20230828_204505--f001194.jpg,20230828_204505,mauritius,green,video,False,train,1099.8994339669264
data/processed/mauritius/video/not_augmented/pool40/green_bg/20230828_204505/m--20230828_204505--f001196.jpg,20230828_204505,mauritius,green,video,False,train,1388.7337371877015
data/processed/mauritius/video/not_augmented/pool40/green_bg/20230828_204505/m--20230828_204505--f001198.jpg,20230828_204505,mauritius,green,video,False,train,916.0200693078062
data/processed/mauritius/video/not_augmented/pool40/green_bg/20230828_204505/m--20230828_204505--f001200.jpg,20230828_204505,mauritius,green,video,False,train,1753.0230787055586
data/processed/mauritius/video/not_augmented/pool40/green_bg/20230828_204505/m--20230828_204505--f001208.jpg,20230828_204505,mauritius,green,video,False,train,2160.829021810939
data/processed/mauritius/video/not_augmented/pool40/green_bg/20230828_204505/m--20230828_204505--f001210.jpg,20230828_204505,mauritius,green,video,False,train,1165.5030492630067
data/processed/mauritius/video/not_augmented/pool40/green_bg/20230828_204505/m--20230828_204505--f001212.jpg,20230828_204505,mauritius,green,video,False,train,984.5126953121028
data/processed/mauritius/video/not_augmented/pool40/green_bg/20230828_204505/m--20230828_204505--f001216.jpg,20230828_204505,mauritius,green,video,False,train,1112.2041015430373
data/processed/mauritius/video/not_augmented/pool40/green_bg/20230828_204505/m--20230828_204505--f001222.jpg,20230828_204505,mauritius,green,video,False,train,2293.473592942876
data/processed/mauritius/video/not_augmented/pool40/green_bg/20230828_204505/m--20230828_204505--f001224.jpg,20230828_204505,mauritius,green,video,False,train,2707.4601003177363
data/processed/mauritius/video/not_augmented/pool40/green_bg/20230828_204505/m--20230828_204505--f001242.jpg,20230828_204505,mauritius,green,video,False,train,2522.919881913624
data/processed/mauritius/video/not_augmented/pool40/green_bg/20230828_204505/m--20230828_204505--f001294.jpg,20230828_204505,mauritius,green,video,False,train,1221.0306916068066
data/processed/mauritius/video/not_augmented/pool40/green_bg/20230828_204505/m--20230828_204505--f001296.jpg,20230828_204505,mauritius,green,video,False,train,489.01104112090496
data/processed/mauritius/video/not_augmented/pool40/green_bg/20230828_204505/m--20230828_204505--f001304.jpg,20230828_204505,mauritius,green,video,False,train,344.5984135841837
data/processed/mauritius/video/not_augmented/pool40/green_bg/20230828_204505/m--20230828_204505--f001306.jpg,20230828_204505,mauritius,green,video,False,train,288.0282206569101
data/processed/mauritius/video/not_augmented/pool40/green_bg/20230828_204505/m--20230828_204505--f001308.jpg,20230828_204505,mauritius,green,video,False,train,211.5832269629654
data/processed/mauritius/video/not_augmented/pool40/green_bg/20230828_204505/m--20230828_204505--f001310.jpg,20230828_204505,mauritius,green,video,False,train,269.7794762336925
data/processed/mauritius/video/not_augmented/pool40/green_bg/20230828_204505/m--20230828_204505--f001312.jpg,20230828_204505,mauritius,green,video,False,train,512.3705357079305
data/processed/mauritius/video/not_augmented/pool40/green_bg/20230828_204505/m--20230828_204505--f001314.jpg,20230828_204505,mauritius,green,video,False,train,893.9834582270408
data/processed/mauritius/video/not_augmented/pool40/green_bg/20230828_204505/m--20230828_204505--f001316.jpg,20230828_204505,mauritius,green,video,False,train,705.5822504779192
data/processed/mauritius/video/not_augmented/pool40/green_bg/20230828_204505/m--20230828_204505--f001318.jpg,20230828_204505,mauritius,green,video,False,train,1023.3078762755102
data/processed/mauritius/video/not_augmented/pool40/green_bg/20230828_204505/m--20230828_204505--f001320.jpg,20230828_204505,mauritius,green,video,False,train,830.4833187145375
data/processed/mauritius/video/not_augmented/pool40/green_bg/20230828_204505/m--20230828_204505--f001326.jpg,20230828_204505,mauritius,green,video,False,train,1049.203144881786
data/processed/mauritius/video/not_augmented/pool40/green_bg/20230828_204505/m--20230828_204505--f001328.jpg,20230828_204505,mauritius,green,video,False,train,1255.912348526808
data/processed/mauritius/video/not_augmented/pool40/green_bg/20230828_204505/m--20230828_204505--f001330.jpg,20230828_204505,mauritius,green,video,False,train,2133.2107579212598
data/processed/mauritius/video/not_augmented/pool40/green_bg/20230828_204505/m--20230828_204505--f001332.jpg,20230828_204505,mauritius,green,video,False,train,1828.333984375
data/processed/mauritius/video/not_augmented/pool40/green_bg/20230828_204505/m--20230828_204505--f001334.jpg,20230828_204505,mauritius,green,video,False,train,1982.2989276848648
data/processed/mauritius/video/not_augmented/pool40/green_bg/20230828_204505/m--20230828_204505--f001336.jpg,20230828_204505,mauritius,green,video,False,train,2334.9723174326723
data/processed/mauritius/video/not_augmented/pool40/green_bg/20230828_204505/m--20230828_204505--f001338.jpg,20230828_204505,mauritius,green,video,False,train,2201.578503663517
data/processed/mauritius/video/not_augmented/pool40/green_bg/20230828_204505/m--20230828_204505--f001348.jpg,20230828_204505,mauritius,green,video,False,train,521.5235770053538
data/processed/mauritius/video/not_augmented/pool40/green_bg/20230828_204505/m--20230828_204505--f001350.jpg,20230828_204505,mauritius,green,video,False,train,627.8030929533653
data/processed/mauritius/video/not_augmented/pool40/green_bg/20230828_204505/m--20230828_204505--f001352.jpg,20230828_204505,mauritius,green,video,False,train,1852.1596779273184
data/processed/mauritius/video/not_augmented/pool40/green_bg/20230828_204505/m--20230828_204505--f001356.jpg,20230828_204505,mauritius,green,video,False,train,580.7871091064936
data/processed/mauritius/video/not_augmented/pool40/green_bg/20230828_204505/m--20230828_204505--f001376.jpg,20230828_204505,mauritius,green,video,False,train,478.67992661844346
data/processed/mauritius/video/not_augmented/pool40/green_bg/20230828_204505/m--20230828_204505--f001378.jpg,20230828_204505,mauritius,green,video,False,train,671.0240552104646
data/processed/mauritius/video/not_augmented/pool40/green_bg/20230828_204505/m--20230828_204505--f001380.jpg,20230828_204505,mauritius,green,video,False,train,987.2143454557654
data/processed/mauritius/video/not_augmented/pool40/green_bg/20230828_204505/m--20230828_204505--f001382.jpg,20230828_204505,mauritius,green,video,False,train,268.41244811527133
data/processed/mauritius/video/not_augmented/pool40/green_bg/20230828_204505/m--20230828_204505--f001384.jpg,20230828_204505,mauritius,green,video,False,train,439.5234972891435
data/processed/mauritius/video/not_augmented/pool40/green_bg/20230828_204505/m--20230828_204505--f001386.jpg,20230828_204505,mauritius,green,video,False,train,510.4346698028552
data/processed/mauritius/video/not_augmented/pool40/green_bg/20230828_204505/m--20230828_204505--f001388.jpg,20230828_204505,mauritius,green,video,False,train,312.4565727487299
data/processed/mauritius/video/not_augmented/pool40/green_bg/20230828_204505/m--20230828_204505--f001390.jpg,20230828_204505,mauritius,green,video,False,train,398.8725884849456
data/processed/mauritius/video/not_augmented/pool40/green_bg/20230828_204505/m--20230828_204505--f001392.jpg,20230828_204505,mauritius,green,video,False,train,676.3873164865286
data/processed/mauritius/video/not_augmented/pool40/green_bg/20230828_204505/m--20230828_204505--f001394.jpg,20230828_204505,mauritius,green,video,False,train,583.7567162690486
data/processed/mauritius/video/not_augmented/pool40/green_bg/20230828_204505/m--20230828_204505--f001396.jpg,20230828_204505,mauritius,green,video,False,train,711.9249441567086
data/processed/mauritius/video/not_augmented/pool40/green_bg/20230828_204505/m--20230828_204505--f001398.jpg,20230828_204505,mauritius,green,video,False,train,1363.0552450765524
data/processed/mauritius/video/not_augmented/pool40/green_bg/20230828_205214/m--20230828_205214--f000234.jpg,20230828_205214,mauritius,green,video,False,train,7.710877710061985
data/processed/mauritius/video/not_augmented/pool40/green_bg/20230828_205214/m--20230828_205214--f001226.jpg,20230828_205214,mauritius,green,video,False,train,147.88231425342934
data/processed/mauritius/video/not_augmented/pool40/green_bg/20230828_205214/m--20230828_205214--f001228.jpg,20230828_205214,mauritius,green,video,False,train,116.24278529372528
data/processed/mauritius/video/not_augmented/pool40/green_bg/20230828_205214/m--20230828_205214--f001230.jpg,20230828_205214,mauritius,green,video,False,train,108.19329956599644
data/processed/mauritius/video/not_augmented/pool40/green_bg/20230828_205214/m--20230828_205214--f001232.jpg,20230828_205214,mauritius,green,video,False,train,98.90979745555846
data/processed/mauritius/video/not_augmented/pool40/green_bg/20230828_205214/m--20230828_205214--f001234.jpg,20230828_205214,mauritius,green,video,False,train,436.88689716494815
data/processed/mauritius/video/not_augmented/pool40/green_bg/20230828_205214/m--20230828_205214--f001416.jpg,20230828_205214,mauritius,green,video,False,train,843.7312658660265
data/processed/mauritius/video/not_augmented/pool40/green_bg/20230828_205214/m--20230828_205214--f001418.jpg,20230828_205214,mauritius,green,video,False,train,643.9902144415782
data/processed/mauritius/video/not_augmented/pool40/green_bg/20230828_205214/m--20230828_205214--f001420.jpg,20230828_205214,mauritius,green,video,False,train,715.0264468874252
data/processed/mauritius/video/not_augmented/pool40/green_bg/20230828_205214/m--20230828_205214--f001422.jpg,20230828_205214,mauritius,green,video,False,train,846.8053850347129
data/processed/mauritius/video/not_augmented/pool40/green_bg/20230828_205214/m--20230828_205214--f001424.jpg,20230828_205214,mauritius,green,video,False,train,762.4352079782324
data/processed/mauritius/video/not_augmented/pool40/green_bg/20230828_205214/m--20230828_205214--f001426.jpg,20230828_205214,mauritius,green,video,False,train,494.248405534394
data/processed/mauritius/video/not_augmented/pool40/green_bg/20230828_205214/m--20230828_205214--f001428.jpg,20230828_205214,mauritius,green,video,False,train,409.3090521043065
data/processed/mauritius/video/not_augmented/pool40/green_bg/20230828_205214/m--20230828_205214--f001430.jpg,20230828_205214,mauritius,green,video,False,train,567.4649433098649
data/processed/mauritius/video/not_augmented/pool40/green_bg/20230828_205214/m--20230828_205214--f001432.jpg,20230828_205214,mauritius,green,video,False,train,657.68255738366
data/processed/mauritius/video/not_augmented/pool40/green_bg/20230828_205214/m--20230828_205214--f001492.jpg,20230828_205214,mauritius,green,video,False,train,2971.999222525852
data/processed/mauritius/video/not_augmented/pool40/green_bg/20230828_205214/m--20230828_205214--f001494.jpg,20230828_205214,mauritius,green,video,False,train,3370.810845822308
data/processed/mauritius/video/not_augmented/pool40/green_bg/20230828_205214/m--20230828_205214--f001496.jpg,20230828_205214,mauritius,green,video,False,train,2762.07075011616
data/processed/mauritius/video/not_augmented/pool40/green_bg/20230828_205214/m--20230828_205214--f001498.jpg,20230828_205214,mauritius,green,video,False,train,2033.960418623321
data/processed/mauritius/video/not_augmented/pool40/green_bg/20230828_205214/m--20230828_205214--f001500.jpg,20230828_205214,mauritius,green,video,False,train,1525.1044323916042
data/processed/mauritius/video/not_augmented/pool40/green_bg/20230828_205214/m--20230828_205214--f001502.jpg,20230828_205214,mauritius,green,video,False,train,804.5922153537244
data/processed/mauritius/video/not_augmented/pool40/green_bg/20230831_054710/m--20230831_054710--f000222.jpg,20230831_054710,mauritius,green,video,False,test,138.40447623369246
data/processed/mauritius/video/not_augmented/pool40/green_bg/20230831_054710/m--20230831_054710--f000224.jpg,20230831_054710,mauritius,green,video,False,test,359.15056990425273
data/processed/mauritius/video/not_augmented/pool40/green_bg/20230831_054710/m--20230831_054710--f000228.jpg,20230831_054710,mauritius,green,video,False,test,253.0651705931346
data/processed/mauritius/video/not_augmented/pool40/green_bg/20230831_054710/m--20230831_054710--f000230.jpg,20230831_054710,mauritius,green,video,False,test,226.4063097414798
data/processed/mauritius/video/not_augmented/pool40/green_bg/20230831_054710/m--20230831_054710--f000232.jpg,20230831_054710,mauritius,green,video,False,test,297.411411798184
data/processed/mauritius/video/not_augmented/pool40/green_bg/20230831_054710/m--20230831_054710--f000234.jpg,20230831_054710,mauritius,green,video,False,test,500.656509087613
data/processed/mauritius/video/not_augmented/pool40/green_bg/20230831_054710/m--20230831_054710--f000236.jpg,20230831_054710,mauritius,green,video,False,test,351.8104073624966
data/processed/mauritius/video/not_augmented/pool40/green_bg/20230831_054710/m--20230831_054710--f000238.jpg,20230831_054710,mauritius,green,video,False,test,392.5724051335314
data/processed/mauritius/video/not_augmented/pool40/green_bg/20230831_054710/m--20230831_054710--f000242.jpg,20230831_054710,mauritius,green,video,False,test,432.405373061314
data/processed/mauritius/video/not_augmented/pool40/green_bg/20230831_054710/m--20230831_054710--f000244.jpg,20230831_054710,mauritius,green,video,False,test,355.3542131660681
data/processed/mauritius/video/not_augmented/pool40/green_bg/20230831_054710/m--20230831_054710--f000246.jpg,20230831_054710,mauritius,green,video,False,test,373.5603874362245
data/processed/mauritius/video/not_augmented/pool40/green_bg/20230831_054710/m--20230831_054710--f000248.jpg,20230831_054710,mauritius,green,video,False,test,304.19882015147243
data/processed/mauritius/video/not_augmented/pool40/green_bg/20230831_054710/m--20230831_054710--f000250.jpg,20230831_054710,mauritius,green,video,False,test,245.94856105512108
data/processed/mauritius/video/not_augmented/pool40/green_bg/20230831_054710/m--20230831_054710--f000252.jpg,20230831_054710,mauritius,green,video,False,test,289.5523756377551
data/processed/mauritius/video/not_augmented/pool40/green_bg/20230831_054710/m--20230831_054710--f000254.jpg,20230831_054710,mauritius,green,video,False,test,299.70117186070087
data/processed/mauritius/video/not_augmented/pool40/green_bg/20230831_054710/m--20230831_054710--f000256.jpg,20230831_054710,mauritius,green,video,False,test,311.07593271048154
data/processed/mauritius/video/not_augmented/pool40/green_bg/20230831_054710/m--20230831_054710--f000258.jpg,20230831_054710,mauritius,green,video,False,test,401.58408402066
data/processed/mauritius/video/not_augmented/pool40/green_bg/20230831_054710/m--20230831_054710--f000260.jpg,20230831_054710,mauritius,green,video,False,test,429.6075414477265
data/processed/mauritius/video/not_augmented/pool40/green_bg/20230831_054710/m--20230831_054710--f000262.jpg,20230831_054710,mauritius,green,video,False,test,442.6627670404863
data/processed/mauritius/video/not_augmented/pool40/green_bg/20230831_054710/m--20230831_054710--f000264.jpg,20230831_054710,mauritius,green,video,False,test,613.919662767527
data/processed/mauritius/video/not_augmented/pool40/green_bg/20230831_054710/m--20230831_054710--f000266.jpg,20230831_054710,mauritius,green,video,False,test,693.5056600193338
data/processed/mauritius/video/not_augmented/pool40/green_bg/20230831_054710/m--20230831_054710--f000268.jpg,20230831_054710,mauritius,green,video,False,test,775.172472881109
data/processed/mauritius/video/not_augmented/pool40/green_bg/20230831_054710/m--20230831_054710--f000270.jpg,20230831_054710,mauritius,green,video,False,test,815.7936064653821
data/processed/mauritius/video/not_augmented/pool40/green_bg/20230831_054710/m--20230831_054710--f000272.jpg,20230831_054710,mauritius,green,video,False,test,899.1473214222162
data/processed/mauritius/video/not_augmented/pool40/green_bg/20230831_054710/m--20230831_054710--f000274.jpg,20230831_054710,mauritius,green,video,False,test,1159.010642512845
data/processed/mauritius/video/not_augmented/pool40/green_bg/20230831_054710/m--20230831_054710--f000276.jpg,20230831_054710,mauritius,green,video,False,test,1001.184271364796
data/processed/mauritius/video/not_augmented/pool40/green_bg/20230831_054710/m--20230831_054710--f000278.jpg,20230831_054710,mauritius,green,video,False,test,1157.6283282840411
data/processed/mauritius/video/not_augmented/pool40/green_bg/20230831_054710/m--20230831_054710--f000280.jpg,20230831_054710,mauritius,green,video,False,test,1101.8267099614047
data/processed/mauritius/video/not_augmented/pool40/green_bg/20230831_054710/m--20230831_054710--f000282.jpg,20230831_054710,mauritius,green,video,False,test,1021.2603435806312
data/processed/mauritius/video/not_augmented/pool40/green_bg/20230831_054710/m--20230831_054710--f000284.jpg,20230831_054710,mauritius,green,video,False,test,806.9594228173335
data/processed/mauritius/video/not_augmented/pool40/green_bg/20230831_054710/m--20230831_054710--f000286.jpg,20230831_054710,mauritius,green,video,False,test,834.9824418044498
data/processed/mauritius/video/not_augmented/pool40/green_bg/20230831_054710/m--20230831_054710--f000288.jpg,20230831_054710,mauritius,green,video,False,test,836.6038144293153
data/processed/mauritius/video/not_augmented/pool40/green_bg/20230831_054710/m--20230831_054710--f000294.jpg,20230831_054710,mauritius,green,video,False,test,247.50089683953743
data/processed/mauritius/video/not_augmented/pool40/green_bg/20230831_055535/m--20230831_055535--f000202.jpg,20230831_055535,mauritius,green,video,False,test,26.47722017501901
data/processed/mauritius/video/not_augmented/pool40/green_bg/20230831_055535/m--20230831_055535--f000204.jpg,20230831_055535,mauritius,green,video,False,test,35.712073491345535
data/processed/mauritius/video/not_augmented/pool40/green_bg/20230831_055535/m--20230831_055535--f000206.jpg,20230831_055535,mauritius,green,video,False,test,33.67528298436379
data/processed/mauritius/video/not_augmented/pool40/green_bg/20230831_055535/m--20230831_055535--f000292.jpg,20230831_055535,mauritius,green,video,False,test,856.2789179977899
data/processed/mauritius/video/not_augmented/pool40/green_bg/20230831_055535/m--20230831_055535--f000294.jpg,20230831_055535,mauritius,green,video,False,test,411.66071418403135
data/processed/mauritius/video/not_augmented/pool40/green_bg/20230831_055535/m--20230831_055535--f001480.jpg,20230831_055535,mauritius,green,video,False,test,1017.0515385778284
data/processed/mauritius/video/not_augmented/pool40/green_bg/20230831_055535/m--20230831_055535--f001482.jpg,20230831_055535,mauritius,green,video,False,test,765.8584780134988
data/processed/mauritius/video/not_augmented/pool40/green_bg/20230831_055535/m--20230831_055535--f001484.jpg,20230831_055535,mauritius,green,video,False,test,1299.4667570137174
data/processed/mauritius/video/not_augmented/pool40/green_bg/20230831_055535/m--20230831_055535--f001486.jpg,20230831_055535,mauritius,green,video,False,test,1218.5510004588537
data/processed/mauritius/video/not_augmented/pool40/green_bg/20230831_055535/m--20230831_055535--f001488.jpg,20230831_055535,mauritius,green,video,False,test,1685.5198500497004
data/processed/mauritius/video/not_augmented/pool40/green_bg/20230831_055535/m--20230831_055535--f001490.jpg,20230831_055535,mauritius,green,video,False,test,1710.6359411964115
data/processed/mauritius/video/not_augmented/pool40/green_bg/20230831_055535/m--20230831_055535--f001492.jpg,20230831_055535,mauritius,green,video,False,test,696.1956706636897
data/processed/mauritius/video/not_augmented/pool40/green_bg/20230831_055535/m--20230831_055535--f001494.jpg,20230831_055535,mauritius,green,video,False,test,783.9468267092055
data/processed/mauritius/video/not_augmented/pool40/green_bg/20230831_055535/m--20230831_055535--f001496.jpg,20230831_055535,mauritius,green,video,False,test,619.7087848842865
data/processed/mauritius/video/not_augmented/pool40/green_bg/20230831_055535/m--20230831_055535--f001498.jpg,20230831_055535,mauritius,green,video,False,test,614.5024513517106
data/processed/mauritius/video/not_augmented/pool40/green_bg/20230831_055535/m--20230831_055535--f001500.jpg,20230831_055535,mauritius,green,video,False,test,833.4818035631762
data/processed/mauritius/video/not_augmented/pool40/green_bg/20230831_055535/m--20230831_055535--f001502.jpg,20230831_055535,mauritius,green,video,False,test,945.6971060845416
data/processed/mauritius/video/not_augmented/pool40/green_bg/20230831_055535/m--20230831_055535--f001504.jpg,20230831_055535,mauritius,green,video,False,test,723.4891580043859
data/processed/mauritius/video/not_augmented/pool40/green_bg/20230831_055535/m--20230831_055535--f001654.jpg,20230831_055535,mauritius,green,video,False,test,825.7038225251802
data/processed/mauritius/video/not_augmented/pool40/green_bg/20230831_055535/m--20230831_055535--f001656.jpg,20230831_055535,mauritius,green,video,False,test,1172.7893813632518
data/processed/mauritius/video/not_augmented/pool40/green_bg/20230831_055535/m--20230831_055535--f001658.jpg,20230831_055535,mauritius,green,video,False,test,1384.4197223080243
data/processed/mauritius/video/not_augmented/pool40/green_bg/20230831_055535/m--20230831_055535--f001660.jpg,20230831_055535,mauritius,green,video,False,test,885.9750278823229
data/processed/mauritius/video/not_augmented/pool40/green_bg/20230831_055535/m--20230831_055535--f001662.jpg,20230831_055535,mauritius,green,video,False,test,655.9817641705883
data/processed/mauritius/video/not_augmented/pool40/green_bg/20230831_055535/m--20230831_055535--f001664.jpg,20230831_055535,mauritius,green,video,False,test,611.999740768601
data/processed/mauritius/video/not_augmented/pool40/green_bg/20230831_055535/m--20230831_055535--f001762.jpg,20230831_055535,mauritius,green,video,False,test,157.90925940649055
data/processed/mauritius/video/not_augmented/pool40/green_bg/20230831_055535/m--20230831_055535--f001764.jpg,20230831_055535,mauritius,green,video,False,test,357.6322544642857
data/processed/mauritius/video/not_augmented/pool40/green_bg/20230831_055535/m--20230831_055535--f001766.jpg,20230831_055535,mauritius,green,video,False,test,460.21295012498285
data/processed/mauritius/video/not_augmented/pool40/green_bg/20230831_055535/m--20230831_055535--f001768.jpg,20230831_055535,mauritius,green,video,False,test,401.4944993479458
data/processed/mauritius/video/not_augmented/pool40/green_bg/20230831_055535/m--20230831_055535--f001770.jpg,20230831_055535,mauritius,green,video,False,test,488.9394331756902
data/processed/mauritius/video/not_augmented/pool40/green_bg/20230831_055535/m--20230831_055535--f001774.jpg,20230831_055535,mauritius,green,video,False,test,458.0293762369088
data/processed/mauritius/video/not_augmented/pool40/green_bg/20230831_055535/m--20230831_055535--f001776.jpg,20230831_055535,mauritius,green,video,False,test,585.1742665562119
data/processed/mauritius/video/not_augmented/pool40/green_bg/20230831_060427/m--20230831_060427--f000204.jpg,20230831_060427,mauritius,green,video,False,train,79.89337531728874
data/processed/mauritius/video/not_augmented/pool40/green_bg/20230831_060427/m--20230831_060427--f000208.jpg,20230831_060427,mauritius,green,video,False,train,132.29721379746798
data/processed/mauritius/video/not_augmented/pool40/green_bg/20230831_060427/m--20230831_060427--f000210.jpg,20230831_060427,mauritius,green,video,False,train,173.08741230708466
data/processed/mauritius/video/not_augmented/pool40/green_bg/20230831_060427/m--20230831_060427--f000212.jpg,20230831_060427,mauritius,green,video,False,train,161.0530532509622
data/processed/mauritius/video/not_augmented/pool40/green_bg/20230831_060427/m--20230831_060427--f000214.jpg,20230831_060427,mauritius,green,video,False,train,142.21795278070175
data/processed/mauritius/video/not_augmented/pool40/green_bg/20230831_060427/m--20230831_060427--f000216.jpg,20230831_060427,mauritius,green,video,False,train,206.12591669510823
data/processed/mauritius/video/not_augmented/pool40/green_bg/20230831_060427/m--20230831_060427--f000218.jpg,20230831_060427,mauritius,green,video,False,train,307.6460058664293
data/processed/mauritius/video/not_augmented/pool40/green_bg/20230831_060427/m--20230831_060427--f000220.jpg,20230831_060427,mauritius,green,video,False,train,317.75924737112865
data/processed/mauritius/video/not_augmented/pool40/green_bg/20230831_060427/m--20230831_060427--f000222.jpg,20230831_060427,mauritius,green,video,False,train,478.3119419245656
data/processed/mauritius/video/not_augmented/pool40/green_bg/20230831_060427/m--20230831_060427--f000224.jpg,20230831_060427,mauritius,green,video,False,train,681.0903417479242
data/processed/mauritius/video/not_augmented/pool40/green_bg/20230831_060427/m--20230831_060427--f000226.jpg,20230831_060427,mauritius,green,video,False,train,682.8679643823226
data/processed/mauritius/video/not_augmented/pool40/green_bg/20230831_060427/m--20230831_060427--f000228.jpg,20230831_060427,mauritius,green,video,False,train,558.7081071932283
data/processed/mauritius/video/not_augmented/pool40/green_bg/20230831_060427/m--20230831_060427--f000230.jpg,20230831_060427,mauritius,green,video,False,train,737.6258369248792
data/processed/mauritius/video/not_augmented/pool40/green_bg/20230831_060427/m--20230831_060427--f000232.jpg,20230831_060427,mauritius,green,video,False,train,847.8316706761078
data/processed/mauritius/video/not_augmented/pool40/green_bg/20230831_060427/m--20230831_060427--f000234.jpg,20230831_060427,mauritius,green,video,False,train,930.0569986615862
data/processed/mauritius/video/not_augmented/pool40/green_bg/20230831_060427/m--20230831_060427--f000236.jpg,20230831_060427,mauritius,green,video,False,train,885.6318757300673
data/processed/mauritius/video/not_augmented/pool40/green_bg/20230831_060427/m--20230831_060427--f000238.jpg,20230831_060427,mauritius,green,video,False,train,909.8307557334406
data/processed/mauritius/video/not_augmented/pool40/green_bg/20230831_060427/m--20230831_060427--f000240.jpg,20230831_060427,mauritius,green,video,False,train,617.297970966417
data/processed/mauritius/video/not_augmented/pool40/green_bg/20230831_060427/m--20230831_060427--f000242.jpg,20230831_060427,mauritius,green,video,False,train,571.6778139021436
data/processed/mauritius/video/not_augmented/pool40/green_bg/20230831_060427/m--20230831_060427--f000244.jpg,20230831_060427,mauritius,green,video,False,train,418.8416772959184
data/processed/mauritius/video/not_augmented/pool40/green_bg/20230831_060427/m--20230831_060427--f000246.jpg,20230831_060427,mauritius,green,video,False,train,289.90955736159486
data/processed/mauritius/video/not_augmented/pool40/green_bg/20230831_060427/m--20230831_060427--f000248.jpg,20230831_060427,mauritius,green,video,False,train,218.1653376034725
data/processed/mauritius/video/not_augmented/pool40/green_bg/20230831_060427/m--20230831_060427--f000250.jpg,20230831_060427,mauritius,green,video,False,train,147.85375474344335
data/processed/mauritius/video/not_augmented/pool40/green_bg/20230831_060427/m--20230831_060427--f000252.jpg,20230831_060427,mauritius,green,video,False,train,96.06102506263412
data/processed/mauritius/video/not_augmented/pool40/green_bg/20230831_060427/m--20230831_060427--f001430.jpg,20230831_060427,mauritius,green,video,False,train,679.0795996799809
data/processed/mauritius/video/not_augmented/pool40/green_bg/20230831_060427/m--20230831_060427--f001432.jpg,20230831_060427,mauritius,green,video,False,train,754.0863556450777
data/processed/mauritius/video/not_augmented/pool40/green_bg/20230831_060427/m--20230831_060427--f001438.jpg,20230831_060427,mauritius,green,video,False,train,200.41527822026603
data/processed/mauritius/video/not_augmented/pool40/green_bg/20230831_060427/m--20230831_060427--f001442.jpg,20230831_060427,mauritius,green,video,False,train,414.6814601406461
data/processed/mauritius/video/not_augmented/pool40/green_bg/20230831_060427/m--20230831_060427--f001444.jpg,20230831_060427,mauritius,green,video,False,train,854.6297233637946
data/processed/mauritius/video/not_augmented/pool40/green_bg/20230831_060427/m--20230831_060427--f001458.jpg,20230831_060427,mauritius,green,video,False,train,106.00205275477197
data/processed/mauritius/video/not_augmented/pool40/green_bg/20230831_060427/m--20230831_060427--f001460.jpg,20230831_060427,mauritius,green,video,False,train,152.22943226926677
data/processed/mauritius/video/not_augmented/pool40/green_bg/20230831_060427/m--20230831_060427--f001462.jpg,20230831_060427,mauritius,green,video,False,train,116.50073697178723
data/processed/mauritius/video/not_augmented/pool40/green_bg/20230831_060427/m--20230831_060427--f001466.jpg,20230831_060427,mauritius,green,video,False,train,101.67344939078156
data/processed/mauritius/video/not_augmented/pool40/green_bg/20230831_060427/m--20230831_060427--f001468.jpg,20230831_060427,mauritius,green,video,False,train,82.5382852260394
data/processed/mauritius/video/not_augmented/pool40/green_bg/20230831_060427/m--20230831_060427--f001472.jpg,20230831_060427,mauritius,green,video,False,train,55.97500787025589
data/processed/mauritius/video/not_augmented/pool40/green_bg/20230831_060427/m--20230831_060427--f001474.jpg,20230831_060427,mauritius,green,video,False,train,29.292809304869312
data/processed/mauritius/video/not_augmented/pool40/green_bg/20230831_060427/m--20230831_060427--f001480.jpg,20230831_060427,mauritius,green,video,False,train,251.33009804491692
data/processed/mauritius/video/not_augmented/pool40/green_bg/20230831_060427/m--20230831_060427--f001482.jpg,20230831_060427,mauritius,green,video,False,train,357.1106105488273
data/processed/mauritius/video/not_augmented/pool40/green_bg/20230831_060427/m--20230831_060427--f001484.jpg,20230831_060427,mauritius,green,video,False,train,590.8072783403821
data/processed/mauritius/video/not_augmented/pool40/green_bg/20230831_060427/m--20230831_060427--f001486.jpg,20230831_060427,mauritius,green,video,False,train,619.7376433360184
data/processed/mauritius/video/not_augmented/pool40/green_bg/20230831_060427/m--20230831_060427--f001488.jpg,20230831_060427,mauritius,green,video,False,train,576.3671077663131
data/processed/mauritius/video/not_augmented/pool40/green_bg/20230831_060427/m--20230831_060427--f001490.jpg,20230831_060427,mauritius,green,video,False,train,316.6722735572189
data/processed/mauritius/video/not_augmented/pool40/green_bg/20230831_060427/m--20230831_060427--f001492.jpg,20230831_060427,mauritius,green,video,False,train,285.0024712613005
data/processed/mauritius/video/not_augmented/pool40/green_bg/20230831_060427/m--20230831_060427--f001494.jpg,20230831_060427,mauritius,green,video,False,train,371.4190050003579
data/processed/mauritius/video/not_augmented/pool40/green_bg/20230831_060427/m--20230831_060427--f001496.jpg,20230831_060427,mauritius,green,video,False,train,339.07198650545985
data/processed/mauritius/video/not_augmented/pool40/green_bg/20230831_060427/m--20230831_060427--f001498.jpg,20230831_060427,mauritius,green,video,False,train,276.0822103703732
data/processed/mauritius/video/not_augmented/pool40/green_bg/20230831_060427/m--20230831_060427--f001500.jpg,20230831_060427,mauritius,green,video,False,train,159.16416214565993
data/processed/mauritius/video/not_augmented/pool40/green_bg/20230831_060427/m--20230831_060427--f001502.jpg,20230831_060427,mauritius,green,video,False,train,122.60164219396708
data/processed/mauritius/video/not_augmented/pool40/green_bg/20230831_060427/m--20230831_060427--f001504.jpg,20230831_060427,mauritius,green,video,False,train,119.21456463045996
data/processed/mauritius/video/not_augmented/pool40/green_bg/20230831_060427/m--20230831_060427--f001506.jpg,20230831_060427,mauritius,green,video,False,train,141.89084421838632
data/processed/mauritius/video/not_augmented/pool40/green_bg/20230831_060427/m--20230831_060427--f001508.jpg,20230831_060427,mauritius,green,video,False,train,194.0206672413456
data/processed/mauritius/video/not_augmented/pool40/green_bg/20230831_060427/m--20230831_060427--f001510.jpg,20230831_060427,mauritius,green,video,False,train,235.8962850511099
data/processed/mauritius/video/not_augmented/pool40/green_bg/20230831_060427/m--20230831_060427--f001512.jpg,20230831_060427,mauritius,green,video,False,train,478.5142298964151
data/processed/mauritius/video/not_augmented/pool40/green_bg/20230831_060427/m--20230831_060427--f001514.jpg,20230831_060427,mauritius,green,video,False,train,804.0369698656743
data/processed/mauritius/video/not_augmented/pool40/green_bg/20230831_060427/m--20230831_060427--f001516.jpg,20230831_060427,mauritius,green,video,False,train,1031.6264947381233
data/processed/mauritius/video/not_augmented/pool40/green_bg/20230831_060427/m--20230831_060427--f001524.jpg,20230831_060427,mauritius,green,video,False,train,597.060825878558
data/processed/mauritius/video/not_augmented/pool40/green_bg/20230831_060427/m--20230831_060427--f001534.jpg,20230831_060427,mauritius,green,video,False,train,1678.2644291075007
data/processed/mauritius/video/not_augmented/pool40/green_bg/20230831_060427/m--20230831_060427--f001544.jpg,20230831_060427,mauritius,green,video,False,train,1319.826869419246
data/processed/mauritius/video/not_augmented/pool40/green_bg/20230831_060427/m--20230831_060427--f001552.jpg,20230831_060427,mauritius,green,video,False,train,960.2840400196918
data/processed/mauritius/video/not_augmented/pool40/green_bg/20230831_060427/m--20230831_060427--f001566.jpg,20230831_060427,mauritius,green,video,False,train,2010.188596074455
data/processed/mauritius/video/not_augmented/pool40/green_bg/20230831_060427/m--20230831_060427--f001570.jpg,20230831_060427,mauritius,green,video,False,train,1727.2114357362436
data/processed/mauritius/video/not_augmented/pool40/green_bg/20230831_060427/m--20230831_060427--f001576.jpg,20230831_060427,mauritius,green,video,False,train,2257.4103353703736
data/processed/mauritius/video/not_augmented/pool40/green_bg/20230831_060427/m--20230831_060427--f001580.jpg,20230831_060427,mauritius,green,video,False,train,2190.4236288122315
data/processed/mauritius/video/not_augmented/pool40/green_bg/20230831_060427/m--20230831_060427--f001584.jpg,20230831_060427,mauritius,green,video,False,train,2128.193339355784
data/processed/mauritius/video/not_augmented/pool40/green_bg/20230831_060427/m--20230831_060427--f001586.jpg,20230831_060427,mauritius,green,video,False,train,1671.9576092056311
data/processed/mauritius/video/not_augmented/pool40/green_bg/20230831_060427/m--20230831_060427--f001594.jpg,20230831_060427,mauritius,green,video,False,train,1561.965620838866
data/processed/mauritius/video/not_augmented/pool40/green_bg/20230831_060427/m--20230831_060427--f001598.jpg,20230831_060427,mauritius,green,video,False,train,1133.3550701133413
data/processed/mauritius/video/not_augmented/pool40/green_bg/20230831_060427/m--20230831_060427--f001610.jpg,20230831_060427,mauritius,green,video,False,train,1366.8493901272209
data/processed/mauritius/video/not_augmented/pool40/green_bg/20230831_060427/m--20230831_060427--f001612.jpg,20230831_060427,mauritius,green,video,False,train,1360.470323580496
data/processed/mauritius/video/not_augmented/pool40/green_bg/20230831_060427/m--20230831_060427--f001620.jpg,20230831_060427,mauritius,green,video,False,train,1120.9628507255863
data/processed/mauritius/video/not_augmented/pool40/green_bg/20230831_060427/m--20230831_060427--f001622.jpg,20230831_060427,mauritius,green,video,False,train,914.6929607383412
data/processed/mauritius/video/not_augmented/pool40/green_bg/20230831_060427/m--20230831_060427--f001624.jpg,20230831_060427,mauritius,green,video,False,train,583.3375915339071
data/processed/mauritius/video/not_augmented/pool40/green_bg/20230831_060427/m--20230831_060427--f001626.jpg,20230831_060427,mauritius,green,video,False,train,480.8442482362435
data/processed/mauritius/video/not_augmented/pool40/green_bg/20230831_060427/m--20230831_060427--f001628.jpg,20230831_060427,mauritius,green,video,False,train,505.465840164496
data/processed/mauritius/video/not_augmented/pool40/green_bg/20230831_060427/m--20230831_060427--f001632.jpg,20230831_060427,mauritius,green,video,False,train,492.82826450853145
data/processed/mauritius/video/not_augmented/pool40/green_bg/20230831_060427/m--20230831_060427--f001634.jpg,20230831_060427,mauritius,green,video,False,train,1138.8706950243688
data/processed/mauritius/video/not_augmented/pool40/green_bg/20230831_060427/m--20230831_060427--f001636.jpg,20230831_060427,mauritius,green,video,False,train,1382.2966400553214
data/processed/mauritius/video/not_augmented/pool40/green_bg/20230831_060427/m--20230831_060427--f001652.jpg,20230831_060427,mauritius,green,video,False,train,1420.0316657904837
data/processed/mauritius/video/not_augmented/pool40/green_bg/20230831_060427/m--20230831_060427--f001656.jpg,20230831_060427,mauritius,green,video,False,train,794.3946056246807
data/processed/mauritius/video/not_augmented/pool40/green_bg/20230831_060427/m--20230831_060427--f001658.jpg,20230831_060427,mauritius,green,video,False,train,639.4946587438237
data/processed/mauritius/video/not_augmented/pool40/green_bg/20230831_060427/m--20230831_060427--f001662.jpg,20230831_060427,mauritius,green,video,False,train,896.2680962755996
data/processed/mauritius/video/not_augmented/pool40/green_bg/20230831_060427/m--20230831_060427--f001664.jpg,20230831_060427,mauritius,green,video,False,train,1207.096380739796
data/processed/mauritius/video/not_augmented/pool40/green_bg/20230831_060427/m--20230831_060427--f001666.jpg,20230831_060427,mauritius,green,video,False,train,1893.781768118824
data/processed/mauritius/video/not_augmented/pool40/green_bg/20230831_060427/m--20230831_060427--f001670.jpg,20230831_060427,mauritius,green,video,False,train,901.493841667366
data/processed/mauritius/video/not_augmented/pool40/green_bg/20230831_060427/m--20230831_060427--f001756.jpg,20230831_060427,mauritius,green,video,False,train,277.9313815270598
data/processed/mauritius/video/not_augmented/pool40/green_bg/20230831_060427/m--20230831_060427--f001758.jpg,20230831_060427,mauritius,green,video,False,train,469.7742346541576
data/processed/mauritius/video/not_augmented/pool40/green_bg/20230831_060427/m--20230831_060427--f001816.jpg,20230831_060427,mauritius,green,video,False,train,659.4488990319763
data/processed/mauritius/video/not_augmented/pool40/green_bg/20230831_060427/m--20230831_060427--f001828.jpg,20230831_060427,mauritius,green,video,False,train,1635.395089228518
data/processed/mauritius/video/not_augmented/pool40/green_bg/20230831_133234/m--20230831_133234--f000242.jpg,20230831_133234,mauritius,green,video,False,test,1386.2200652682152
data/processed/mauritius/video/not_augmented/pool40/green_bg/20230831_133234/m--20230831_133234--f000274.jpg,20230831_133234,mauritius,green,video,False,test,883.5385243619597
data/processed/mauritius/video/not_augmented/pool40/green_bg/20230831_133234/m--20230831_133234--f001100.jpg,20230831_133234,mauritius,green,video,False,test,401.6977040800438
data/processed/mauritius/video/not_augmented/pool40/green_bg/20230831_133234/m--20230831_133234--f001102.jpg,20230831_133234,mauritius,green,video,False,test,420.0900430341702
data/processed/mauritius/video/not_augmented/pool40/green_bg/20230831_133234/m--20230831_133234--f001104.jpg,20230831_133234,mauritius,green,video,False,test,551.2123724092597
data/processed/mauritius/video/not_augmented/pool40/green_bg/20230831_133234/m--20230831_133234--f001106.jpg,20230831_133234,mauritius,green,video,False,test,1245.1997767714151
data/processed/mauritius/video/not_augmented/pool40/green_bg/20230831_133234/m--20230831_133234--f001144.jpg,20230831_133234,mauritius,green,video,False,test,504.3011598023014
data/processed/mauritius/video/not_augmented/pool40/green_bg/20230831_133234/m--20230831_133234--f001148.jpg,20230831_133234,mauritius,green,video,False,test,525.9708426335313
data/processed/mauritius/video/not_augmented/pool40/green_bg/20230831_133234/m--20230831_133234--f001232.jpg,20230831_133234,mauritius,green,video,False,test,204.83378507017548
data/processed/mauritius/video/not_augmented/pool40/green_bg/20230831_133234/m--20230831_133234--f001236.jpg,20230831_133234,mauritius,green,video,False,test,197.9173507146268
data/processed/mauritius/video/not_augmented/pool40/green_bg/20230831_133234/m--20230831_133234--f001240.jpg,20230831_133234,mauritius,green,video,False,test,313.21149534347006
data/processed/mauritius/video/not_augmented/pool40/green_bg/20230831_133234/m--20230831_133234--f001242.jpg,20230831_133234,mauritius,green,video,False,test,146.74661182433752
data/processed/mauritius/video/not_augmented/pool40/green_bg/20230831_133234/m--20230831_133234--f001244.jpg,20230831_133234,mauritius,green,video,False,test,278.9609972796108
data/processed/mauritius/video/not_augmented/pool40/green_bg/20230831_133234/m--20230831_133234--f001246.jpg,20230831_133234,mauritius,green,video,False,test,1059.7272200415605
data/processed/mauritius/video/not_augmented/pool40/green_bg/20230831_133234/m--20230831_133234--f001248.jpg,20230831_133234,mauritius,green,video,False,test,1772.278459662549
data/processed/mauritius/video/not_augmented/pool40/green_bg/20230831_133234/m--20230831_133234--f001260.jpg,20230831_133234,mauritius,green,video,False,test,17.555066166694637
data/processed/mauritius/video/not_augmented/pool40/green_bg/20230831_133234/m--20230831_133234--f001262.jpg,20230831_133234,mauritius,green,video,False,test,15.298887914143616
data/processed/mauritius/video/not_augmented/pool40/green_bg/20230831_133234/m--20230831_133234--f001286.jpg,20230831_133234,mauritius,green,video,False,test,1429.720982142857
data/processed/mauritius/video/not_augmented/pool40/green_bg/20230831_133234/m--20230831_133234--f001290.jpg,20230831_133234,mauritius,green,video,False,test,1945.1305006314
data/processed/mauritius/video/not_augmented/pool40/green_bg/20230831_133234/m--20230831_133234--f001298.jpg,20230831_133234,mauritius,green,video,False,test,1972.064313615674
data/processed/mauritius/video/not_augmented/pool40/green_bg/20230831_133234/m--20230831_133234--f001300.jpg,20230831_133234,mauritius,green,video,False,test,1399.469587051983
data/processed/mauritius/video/not_augmented/pool40/green_bg/20230831_133234/m--20230831_133234--f001302.jpg,20230831_133234,mauritius,green,video,False,test,1063.2881058609917
data/processed/mauritius/video/not_augmented/pool40/green_bg/20230831_133920/m--20230831_133920--f000146.jpg,20230831_133920,mauritius,green,video,False,train,24.356345623545423
data/processed/mauritius/video/not_augmented/pool40/green_bg/20230831_133920/m--20230831_133920--f000148.jpg,20230831_133920,mauritius,green,video,False,train,24.320591503557985
data/processed/mauritius/video/not_augmented/pool40/green_bg/20230831_133920/m--20230831_133920--f000224.jpg,20230831_133920,mauritius,green,video,False,train,353.1109295264725
data/processed/mauritius/video/not_augmented/pool40/green_bg/20230831_133920/m--20230831_133920--f000558.jpg,20230831_133920,mauritius,green,video,False,train,2600.173210251684
data/processed/mauritius/video/not_augmented/pool40/green_bg/20230831_133920/m--20230831_133920--f000560.jpg,20230831_133920,mauritius,green,video,False,train,2800.377969432403
data/processed/mauritius/video/not_augmented/pool40/green_bg/20230831_133920/m--20230831_133920--f000562.jpg,20230831_133920,mauritius,green,video,False,train,3120.1576248698807
data/processed/mauritius/video/not_augmented/pool40/green_bg/20230831_133920/m--20230831_133920--f000570.jpg,20230831_133920,mauritius,green,video,False,train,2092.4937019761232
data/processed/mauritius/video/not_augmented/pool40/green_bg/20230831_133920/m--20230831_133920--f001042.jpg,20230831_133920,mauritius,green,video,False,train,1213.9772998944068
data/processed/mauritius/video/not_augmented/pool40/green_bg/20230831_133920/m--20230831_133920--f001044.jpg,20230831_133920,mauritius,green,video,False,train,595.5399394116765
data/processed/mauritius/video/not_augmented/pool40/green_bg/20230831_133920/m--20230831_133920--f001046.jpg,20230831_133920,mauritius,green,video,False,train,601.6846500314905
data/processed/mauritius/video/not_augmented/pool40/green_bg/20230831_133920/m--20230831_133920--f001048.jpg,20230831_133920,mauritius,green,video,False,train,318.6405452742571
data/processed/mauritius/video/not_augmented/pool40/green_bg/20230831_133920/m--20230831_133920--f001204.jpg,20230831_133920,mauritius,green,video,False,train,121.20489874644758
data/processed/mauritius/video/not_augmented/pool40/green_bg/20230831_133920/m--20230831_133920--f001206.jpg,20230831_133920,mauritius,green,video,False,train,50.73885921198644
data/processed/mauritius/video/not_augmented/pool40/green_bg/20230831_133920/m--20230831_133920--f001208.jpg,20230831_133920,mauritius,green,video,False,train,96.5730228813327
data/processed/mauritius/video/not_augmented/pool40/green_bg/20230831_133920/m--20230831_133920--f001210.jpg,20230831_133920,mauritius,green,video,False,train,480.6317362310687
data/processed/mauritius/video/not_augmented/pool40/green_bg/20230831_133920/m--20230831_133920--f001250.jpg,20230831_133920,mauritius,green,video,False,train,870.5152181603918
data/processed/mauritius/video/not_augmented/pool40/green_bg/20230831_133920/m--20230831_133920--f001252.jpg,20230831_133920,mauritius,green,video,False,train,777.5374318301207
data/processed/mauritius/video/not_augmented/pool40/green_bg/20230831_133920/m--20230831_133920--f001258.jpg,20230831_133920,mauritius,green,video,False,train,468.463753607709
data/processed/mauritius/video/not_augmented/pool40/green_bg/20230831_133920/m--20230831_133920--f001274.jpg,20230831_133920,mauritius,green,video,False,train,98.59458847077674
data/processed/mauritius/video/not_augmented/pool40/green_bg/20230831_133920/m--20230831_133920--f001276.jpg,20230831_133920,mauritius,green,video,False,train,18.212830825529213
data/processed/mauritius/video/not_augmented/pool40/green_bg/20230831_133920/m--20230831_133920--f001320.jpg,20230831_133920,mauritius,green,video,False,train,3428.1227670881663
data/processed/mauritius/video/not_augmented/pool40/green_bg/20230831_133920/m--20230831_133920--f001332.jpg,20230831_133920,mauritius,green,video,False,train,1105.161929796259
data/processed/mauritius/video/not_augmented/pool40/green_bg/20230831_133920/m--20230831_133920--f001344.jpg,20230831_133920,mauritius,green,video,False,train,27.961037139304725
data/processed/mauritius/video/not_augmented/pool40/green_bg/20230831_133920/m--20230831_133920--f001346.jpg,20230831_133920,mauritius,green,video,False,train,29.700892855554063
data/processed/mauritius/video/not_augmented/pool40/green_bg/20230831_133920/m--20230831_133920--f001374.jpg,20230831_133920,mauritius,green,video,False,train,80.05803571269692
data/processed/mauritius/video/not_augmented/pool40/green_bg/20230831_135124/m--20230831_135124--f000150.jpg,20230831_135124,mauritius,green,video,False,train,590.3223449869088
data/processed/mauritius/video/not_augmented/pool40/green_bg/20230831_135124/m--20230831_135124--f000152.jpg,20230831_135124,mauritius,green,video,False,train,743.5148673083376
data/processed/mauritius/video/not_augmented/pool40/green_bg/20230831_135124/m--20230831_135124--f000154.jpg,20230831_135124,mauritius,green,video,False,train,1227.6979830851908
data/processed/mauritius/video/not_augmented/pool40/green_bg/20230831_135124/m--20230831_135124--f000156.jpg,20230831_135124,mauritius,green,video,False,train,1524.2924505676242
data/processed/mauritius/video/not_augmented/pool40/green_bg/20230831_135124/m--20230831_135124--f000186.jpg,20230831_135124,mauritius,green,video,False,train,4441.028280433344
data/processed/mauritius/video/not_augmented/pool40/green_bg/20230831_135124/m--20230831_135124--f000188.jpg,20230831_135124,mauritius,green,video,False,train,4396.516701172014
data/processed/mauritius/video/not_augmented/pool40/green_bg/20230831_135124/m--20230831_135124--f000190.jpg,20230831_135124,mauritius,green,video,False,train,4153.8869179467865
data/processed/mauritius/video/not_augmented/pool40/green_bg/20230831_135124/m--20230831_135124--f000192.jpg,20230831_135124,mauritius,green,video,False,train,4163.750797065185
data/processed/mauritius/video/not_augmented/pool40/green_bg/20230831_135124/m--20230831_135124--f000194.jpg,20230831_135124,mauritius,green,video,False,train,3801.065389779745
data/processed/mauritius/video/not_augmented/pool40/green_bg/20230831_135124/m--20230831_135124--f000196.jpg,20230831_135124,mauritius,green,video,False,train,3398.3543526531503
data/processed/mauritius/video/not_augmented/pool40/green_bg/20230831_135124/m--20230831_135124--f000198.jpg,20230831_135124,mauritius,green,video,False,train,3109.439811784394
data/processed/mauritius/video/not_augmented/pool40/green_bg/20230831_135124/m--20230831_135124--f000200.jpg,20230831_135124,mauritius,green,video,False,train,2912.195192863722
data/processed/mauritius/video/not_augmented/pool40/green_bg/20230831_135124/m--20230831_135124--f000202.jpg,20230831_135124,mauritius,green,video,False,train,2356.0468948627204
data/processed/mauritius/video/not_augmented/pool40/green_bg/20230831_135124/m--20230831_135124--f000204.jpg,20230831_135124,mauritius,green,video,False,train,1860.5431481086923
data/processed/mauritius/video/not_augmented/pool40/green_bg/20230831_135124/m--20230831_135124--f000206.jpg,20230831_135124,mauritius,green,video,False,train,1552.4149394069102
data/processed/mauritius/video/not_augmented/pool40/green_bg/20230831_135124/m--20230831_135124--f000208.jpg,20230831_135124,mauritius,green,video,False,train,1023.7754104654772
data/processed/mauritius/video/not_augmented/pool40/green_bg/20230831_135124/m--20230831_135124--f000210.jpg,20230831_135124,mauritius,green,video,False,train,408.396165457729
data/processed/mauritius/video/not_augmented/pool40/green_bg/20230831_135124/m--20230831_135124--f000212.jpg,20230831_135124,mauritius,green,video,False,train,232.6326331119148
data/processed/mauritius/video/not_augmented/pool40/green_bg/20230831_135124/m--20230831_135124--f000214.jpg,20230831_135124,mauritius,green,video,False,train,109.91125205753744
data/processed/mauritius/video/not_augmented/pool40/green_bg/20230831_135124/m--20230831_135124--f001040.jpg,20230831_135124,mauritius,green,video,False,train,5274.51849473908
data/processed/mauritius/video/not_augmented/pool40/green_bg/20230831_135124/m--20230831_135124--f001042.jpg,20230831_135124,mauritius,green,video,False,train,4940.634944926495
data/processed/mauritius/video/not_augmented/pool40/green_bg/20230831_135124/m--20230831_135124--f001044.jpg,20230831_135124,mauritius,green,video,False,train,3510.6344666101686
data/processed/mauritius/video/not_augmented/pool40/green_bg/20230831_135124/m--20230831_135124--f001046.jpg,20230831_135124,mauritius,green,video,False,train,3282.8416972063023
data/processed/mauritius/video/not_augmented/pool40/green_bg/20230831_135124/m--20230831_135124--f001048.jpg,20230831_135124,mauritius,green,video,False,train,3502.9678531533123
data/processed/mauritius/video/not_augmented/pool40/green_bg/20230831_135124/m--20230831_135124--f001052.jpg,20230831_135124,mauritius,green,video,False,train,3548.3049266565745
data/processed/mauritius/video/not_augmented/pool40/green_bg/20230831_135124/m--20230831_135124--f001054.jpg,20230831_135124,mauritius,green,video,False,train,3789.3838887053794
data/processed/mauritius/video/not_augmented/pool40/green_bg/20230831_135124/m--20230831_135124--f001062.jpg,20230831_135124,mauritius,green,video,False,train,5467.582589260294
data/processed/mauritius/video/not_augmented/pool40/green_bg/20230831_135124/m--20230831_135124--f001064.jpg,20230831_135124,mauritius,green,video,False,train,5360.591238832931
data/processed/mauritius/video/not_augmented/pool40/green_bg/20230831_135124/m--20230831_135124--f001066.jpg,20230831_135124,mauritius,green,video,False,train,5480.1286670854815
data/processed/mauritius/video/not_augmented/pool40/green_bg/20230831_135124/m--20230831_135124--f001068.jpg,20230831_135124,mauritius,green,video,False,train,5348.851203661072
data/processed/mauritius/video/not_augmented/pool40/green_bg/20230831_135124/m--20230831_135124--f001070.jpg,20230831_135124,mauritius,green,video,False,train,3770.097177665167
data/processed/mauritius/video/not_augmented/pool40/green_bg/20230831_135124/m--20230831_135124--f001072.jpg,20230831_135124,mauritius,green,video,False,train,4457.732939782514
data/processed/mauritius/video/not_augmented/pool40/green_bg/20230831_135124/m--20230831_135124--f001074.jpg,20230831_135124,mauritius,green,video,False,train,5525.62123311554
data/processed/mauritius/video/not_augmented/pool40/green_bg/20230831_135124/m--20230831_135124--f001076.jpg,20230831_135124,mauritius,green,video,False,train,5546.699756312102
data/processed/mauritius/video/not_augmented/pool40/green_bg/20230831_135124/m--20230831_135124--f001078.jpg,20230831_135124,mauritius,green,video,False,train,5486.740015098622
data/processed/mauritius/video/not_augmented/pool40/green_bg/20230831_135124/m--20230831_135124--f001080.jpg,20230831_135124,mauritius,green,video,False,train,5325.8939125473335
data/processed/mauritius/video/not_augmented/pool40/green_bg/20230831_135124/m--20230831_135124--f001082.jpg,20230831_135124,mauritius,green,video,False,train,5461.418526760293
data/processed/mauritius/video/not_augmented/pool40/green_bg/20230831_135124/m--20230831_135124--f001084.jpg,20230831_135124,mauritius,green,video,False,train,5358.199119100369
data/processed/mauritius/video/not_augmented/pool40/green_bg/20230831_135909/m--20230831_135909--f000178.jpg,20230831_135909,mauritius,green,video,False,train,120.1733298307655
data/processed/mauritius/video/not_augmented/pool40/green_bg/20230831_135909/m--20230831_135909--f000180.jpg,20230831_135909,mauritius,green,video,False,train,1260.618164062103
data/processed/mauritius/video/not_augmented/pool40/green_bg/20230831_135909/m--20230831_135909--f000182.jpg,20230831_135909,mauritius,green,video,False,train,1431.5082907146436
data/processed/mauritius/video/not_augmented/pool40/green_bg/20230831_135909/m--20230831_135909--f000184.jpg,20230831_135909,mauritius,green,video,False,train,1728.6702008785585
data/processed/mauritius/video/not_augmented/pool40/green_bg/20230831_135909/m--20230831_135909--f000186.jpg,20230831_135909,mauritius,green,video,False,train,2100.8813972326184
data/processed/mauritius/video/not_augmented/pool40/green_bg/20230831_135909/m--20230831_135909--f000188.jpg,20230831_135909,mauritius,green,video,False,train,2104.484295279023
data/processed/mauritius/video/not_augmented/pool40/green_bg/20230831_135909/m--20230831_135909--f000190.jpg,20230831_135909,mauritius,green,video,False,train,2114.0953443814
data/processed/mauritius/video/not_augmented/pool40/green_bg/20230831_135909/m--20230831_135909--f000192.jpg,20230831_135909,mauritius,green,video,False,train,2133.765604980784
data/processed/mauritius/video/not_augmented/pool40/green_bg/20230831_135909/m--20230831_135909--f000194.jpg,20230831_135909,mauritius,green,video,False,train,2054.306640599579
data/processed/mauritius/video/not_augmented/pool40/green_bg/20230831_135909/m--20230831_135909--f000196.jpg,20230831_135909,mauritius,green,video,False,train,1933.282445765396
data/processed/mauritius/video/not_augmented/pool40/green_bg/20230831_135909/m--20230831_135909--f000198.jpg,20230831_135909,mauritius,green,video,False,train,2120.705416865272
data/processed/mauritius/video/not_augmented/pool40/green_bg/20230831_135909/m--20230831_135909--f000200.jpg,20230831_135909,mauritius,green,video,False,train,2169.0189930960714
data/processed/mauritius/video/not_augmented/pool40/green_bg/20230831_135909/m--20230831_135909--f000202.jpg,20230831_135909,mauritius,green,video,False,train,1983.8856624645373
data/processed/mauritius/video/not_augmented/pool40/green_bg/20230831_135909/m--20230831_135909--f000204.jpg,20230831_135909,mauritius,green,video,False,train,1903.6160116068572
data/processed/mauritius/video/not_augmented/pool40/green_bg/20230831_135909/m--20230831_135909--f000206.jpg,20230831_135909,mauritius,green,video,False,train,1992.0738799422047
data/processed/mauritius/video/not_augmented/pool40/green_bg/20230831_135909/m--20230831_135909--f000208.jpg,20230831_135909,mauritius,green,video,False,train,2134.855408871089
data/processed/mauritius/video/not_augmented/pool40/green_bg/20230831_135909/m--20230831_135909--f000210.jpg,20230831_135909,mauritius,green,video,False,train,2009.441585551496
data/processed/mauritius/video/not_augmented/pool40/green_bg/20230831_135909/m--20230831_135909--f000212.jpg,20230831_135909,mauritius,green,video,False,train,1960.8983964820743
data/processed/mauritius/video/not_augmented/pool40/green_bg/20230831_135909/m--20230831_135909--f000214.jpg,20230831_135909,mauritius,green,video,False,train,1992.1031965186623
data/processed/mauritius/video/not_augmented/pool40/green_bg/20230831_135909/m--20230831_135909--f000216.jpg,20230831_135909,mauritius,green,video,False,train,1765.0246132175807
data/processed/mauritius/video/not_augmented/pool40/green_bg/20230831_135909/m--20230831_135909--f000218.jpg,20230831_135909,mauritius,green,video,False,train,1508.715281977846
data/processed/mauritius/video/not_augmented/pool40/green_bg/20230831_135909/m--20230831_135909--f000220.jpg,20230831_135909,mauritius,green,video,False,train,1992.3360770085312
data/processed/mauritius/video/not_augmented/pool40/green_bg/20230831_135909/m--20230831_135909--f000222.jpg,20230831_135909,mauritius,green,video,False,train,2057.415238357395
data/processed/mauritius/video/not_augmented/pool40/green_bg/20230831_135909/m--20230831_135909--f000224.jpg,20230831_135909,mauritius,green,video,False,train,2044.447624360656
data/processed/mauritius/video/not_augmented/pool40/green_bg/20230831_135909/m--20230831_135909--f000226.jpg,20230831_135909,mauritius,green,video,False,train,2012.71103714566
data/processed/mauritius/video/not_augmented/pool40/green_bg/20230831_135909/m--20230831_135909--f000228.jpg,20230831_135909,mauritius,green,video,False,train,2080.1359614142275
data/processed/mauritius/video/not_augmented/pool40/green_bg/20230831_135909/m--20230831_135909--f000230.jpg,20230831_135909,mauritius,green,video,False,train,2056.7921715561224
data/processed/mauritius/video/not_augmented/pool40/green_bg/20230831_135909/m--20230831_135909--f000234.jpg,20230831_135909,mauritius,green,video,False,train,956.3277861445408
data/processed/mauritius/video/not_augmented/pool40/green_bg/20230831_135909/m--20230831_135909--f000570.jpg,20230831_135909,mauritius,green,video,False,train,696.4666573624966
data/processed/mauritius/video/not_augmented/pool40/green_bg/20230831_135909/m--20230831_135909--f000986.jpg,20230831_135909,mauritius,green,video,False,train,1099.0710299729012
data/processed/mauritius/video/not_augmented/pool40/green_bg/20230831_135909/m--20230831_135909--f000992.jpg,20230831_135909,mauritius,green,video,False,train,610.9259406824203
data/processed/mauritius/video/not_augmented/pool40/green_bg/20230831_135909/m--20230831_135909--f000996.jpg,20230831_135909,mauritius,green,video,False,train,685.4742107526405
data/processed/mauritius/video/not_augmented/pool40/green_bg/20230831_135909/m--20230831_135909--f000998.jpg,20230831_135909,mauritius,green,video,False,train,465.7215601080212
data/processed/mauritius/video/not_augmented/pool40/green_bg/20230831_135909/m--20230831_135909--f001000.jpg,20230831_135909,mauritius,green,video,False,train,401.4012475889557
data/processed/mauritius/video/not_augmented/pool40/green_bg/20230831_135909/m--20230831_135909--f001010.jpg,20230831_135909,mauritius,green,video,False,train,1056.789301651808
data/processed/mauritius/video/not_augmented/pool40/green_bg/20230831_135909/m--20230831_135909--f001012.jpg,20230831_135909,mauritius,green,video,False,train,895.8989755387408
data/processed/mauritius/video/not_augmented/pool40/green_bg/20230831_135909/m--20230831_135909--f001014.jpg,20230831_135909,mauritius,green,video,False,train,1344.394670755354
data/processed/mauritius/video/not_augmented/pool40/green_bg/20230831_135909/m--20230831_135909--f001016.jpg,20230831_135909,mauritius,green,video,False,train,2124.008748821098
data/processed/mauritius/video/not_augmented/pool40/green_bg/20230831_135909/m--20230831_135909--f001018.jpg,20230831_135909,mauritius,green,video,False,train,2699.634247391783
data/processed/mauritius/video/not_augmented/pool40/green_bg/20230831_135909/m--20230831_135909--f001020.jpg,20230831_135909,mauritius,green,video,False,train,3079.8219067288755
data/processed/mauritius/video/not_augmented/pool40/green_bg/20230831_135909/m--20230831_135909--f001022.jpg,20230831_135909,mauritius,green,video,False,train,3297.579041715763
data/processed/mauritius/video/not_augmented/pool40/green_bg/20230831_135909/m--20230831_135909--f001024.jpg,20230831_135909,mauritius,green,video,False,train,2369.285196108105
data/processed/mauritius/video/not_augmented/pool40/green_bg/20230831_135909/m--20230831_135909--f001028.jpg,20230831_135909,mauritius,green,video,False,train,1780.649213648299
data/processed/mauritius/video/not_augmented/pool40/green_bg/20230831_135909/m--20230831_135909--f001030.jpg,20230831_135909,mauritius,green,video,False,train,1381.2751506978598
data/processed/mauritius/video/not_augmented/pool40/green_bg/20230831_135909/m--20230831_135909--f001032.jpg,20230831_135909,mauritius,green,video,False,train,478.5414328612869
data/processed/mauritius/video/not_augmented/pool40/green_bg/20230831_135909/m--20230831_135909--f001034.jpg,20230831_135909,mauritius,green,video,False,train,343.55572377418986
data/processed/mauritius/video/not_augmented/pool40/green_bg/20230831_135909/m--20230831_135909--f001036.jpg,20230831_135909,mauritius,green,video,False,train,1356.1966870552994
data/processed/mauritius/video/not_augmented/pool40/green_bg/20230831_135909/m--20230831_135909--f001038.jpg,20230831_135909,mauritius,green,video,False,train,2129.300781224579
data/processed/mauritius/video/not_augmented/pool40/green_bg/20230831_135909/m--20230831_135909--f001040.jpg,20230831_135909,mauritius,green,video,False,train,1976.3141140693533
data/processed/mauritius/video/not_augmented/pool40/green_bg/20230831_135909/m--20230831_135909--f001042.jpg,20230831_135909,mauritius,green,video,False,train,1958.659857298721
data/processed/mauritius/video/not_augmented/pool40/green_bg/20230831_135909/m--20230831_135909--f001044.jpg,20230831_135909,mauritius,green,video,False,train,1450.302176324987
data/processed/mauritius/video/not_augmented/pool40/green_bg/20230831_135909/m--20230831_135909--f001046.jpg,20230831_135909,mauritius,green,video,False,train,1656.6878188378312
data/processed/mauritius/video/not_augmented/pool40/green_bg/20230831_135909/m--20230831_135909--f001050.jpg,20230831_135909,mauritius,green,video,False,train,1306.136180640558
data/processed/mauritius/video/not_augmented/pool40/green_bg/20230831_135909/m--20230831_135909--f001054.jpg,20230831_135909,mauritius,green,video,False,train,1571.1667530194068
data/processed/mauritius/video/not_augmented/pool40/green_bg/20230831_135909/m--20230831_135909--f001066.jpg,20230831_135909,mauritius,green,video,False,train,3460.549744796276
data/processed/mauritius/video/not_augmented/pool40/green_bg/20230831_135909/m--20230831_135909--f001080.jpg,20230831_135909,mauritius,green,video,False,train,960.6480588007352
data/processed/mauritius/video/not_augmented/pool40/green_bg/20230831_135909/m--20230831_135909--f001082.jpg,20230831_135909,mauritius,green,video,False,train,703.3110451175986
data/processed/mauritius/video/not_augmented/pool40/green_bg/20230831_135909/m--20230831_135909--f001084.jpg,20230831_135909,mauritius,green,video,False,train,569.3063018076722
data/processed/mauritius/video/not_augmented/pool40/green_bg/20230831_135909/m--20230831_135909--f001088.jpg,20230831_135909,mauritius,green,video,False,train,1268.84414859535
data/processed/mauritius/video/not_augmented/pool40/green_bg/20230831_135909/m--20230831_135909--f001172.jpg,20230831_135909,mauritius,green,video,False,train,1472.3939926575645
data/processed/mauritius/video/not_augmented/pool40/green_bg/20230831_135909/m--20230831_135909--f001182.jpg,20230831_135909,mauritius,green,video,False,train,1219.336375549901
data/processed/mauritius/video/not_augmented/pool40/green_bg/20230831_135909/m--20230831_135909--f001184.jpg,20230831_135909,mauritius,green,video,False,train,970.1353635204082
data/processed/mauritius/video/not_augmented/pool40/green_bg/20230831_135909/m--20230831_135909--f001202.jpg,20230831_135909,mauritius,green,video,False,train,1189.1806241992315
data/processed/mauritius/video/not_augmented/pool40/green_bg/20230831_135909/m--20230831_135909--f001230.jpg,20230831_135909,mauritius,green,video,False,train,604.5640941589687
data/processed/mauritius/video/not_augmented/pool40/green_bg/20230831_135909/m--20230831_135909--f001238.jpg,20230831_135909,mauritius,green,video,False,train,212.67267206518517
data/processed/mauritius/video/not_augmented/pool40/green_bg/20230831_135909/m--20230831_135909--f001246.jpg,20230831_135909,mauritius,green,video,False,train,1024.6047113379657
data/processed/mauritius/video/not_augmented/pool40/green_bg/20230831_135909/m--20230831_135909--f001302.jpg,20230831_135909,mauritius,green,video,False,train,15.651566466506647
data/processed/mauritius/video/not_augmented/pool40/green_bg/20230831_135909/m--20230831_135909--f001304.jpg,20230831_135909,mauritius,green,video,False,train,20.92540255073506
data/processed/mauritius/video/not_augmented/pool40/green_bg/20230831_135909/m--20230831_135909--f001306.jpg,20230831_135909,mauritius,green,video,False,train,45.58296790474506
data/processed/mauritius/video/not_augmented/pool40/green_bg/20230831_135909/m--20230831_135909--f001308.jpg,20230831_135909,mauritius,green,video,False,train,171.15854192246798
data/processed/mauritius/video/not_augmented/pool40/green_bg/20230831_135909/m--20230831_135909--f001310.jpg,20230831_135909,mauritius,green,video,False,train,714.2432637101457
data/processed/mauritius/video/not_augmented/pool40/green_bg/20230831_135909/m--20230831_135909--f001312.jpg,20230831_135909,mauritius,green,video,False,train,1124.054408404292
data/processed/mauritius/video/not_augmented/pool40/green_bg/20230831_135909/m--20230831_135909--f001314.jpg,20230831_135909,mauritius,green,video,False,train,1056.902024794598
data/processed/mauritius/video/not_augmented/pool40/green_bg/20230831_135909/m--20230831_135909--f001316.jpg,20230831_135909,mauritius,green,video,False,train,1351.5560028127015
data/processed/mauritius/video/not_augmented/pool40/green_bg/20230831_135909/m--20230831_135909--f001320.jpg,20230831_135909,mauritius,green,video,False,train,569.3448860008783
data/processed/mauritius/video/not_augmented/pool40/green_bg/20230831_135909/m--20230831_135909--f001322.jpg,20230831_135909,mauritius,green,video,False,train,1117.7747129323532
data/processed/mauritius/video/not_augmented/pool40/green_bg/20230831_140541/m--20230831_140541--f000182.jpg,20230831_140541,mauritius,green,video,False,train,11.434171715164023
data/processed/mauritius/video/not_augmented/pool40/green_bg/20230831_140541/m--20230831_140541--f000184.jpg,20230831_140541,mauritius,green,video,False,train,10.982641071143226
data/processed/mauritius/video/not_augmented/pool40/green_bg/20230831_140541/m--20230831_140541--f000186.jpg,20230831_140541,mauritius,green,video,False,train,10.6192203300886
data/processed/mauritius/video/not_augmented/pool40/green_bg/20230831_140541/m--20230831_140541--f000188.jpg,20230831_140541,mauritius,green,video,False,train,11.896225254816692
data/processed/mauritius/video/not_augmented/pool40/green_bg/20230831_140541/m--20230831_140541--f000192.jpg,20230831_140541,mauritius,green,video,False,train,12.566286512038848
data/processed/mauritius/video/not_augmented/pool40/green_bg/20230831_140541/m--20230831_140541--f000194.jpg,20230831_140541,mauritius,green,video,False,train,20.088548277775875
data/processed/mauritius/video/not_augmented/pool40/green_bg/20230831_140541/m--20230831_140541--f000196.jpg,20230831_140541,mauritius,green,video,False,train,132.4861082925443
data/processed/mauritius/video/not_augmented/pool40/green_bg/20230831_140541/m--20230831_140541--f000198.jpg,20230831_140541,mauritius,green,video,False,train,347.36469626873543
data/processed/mauritius/video/not_augmented/pool40/green_bg/20230831_140541/m--20230831_140541--f000202.jpg,20230831_140541,mauritius,green,video,False,train,1084.303671029745
data/processed/mauritius/video/not_augmented/pool40/green_bg/20230831_140541/m--20230831_140541--f000204.jpg,20230831_140541,mauritius,green,video,False,train,2245.456054687103
data/processed/mauritius/video/not_augmented/pool40/green_bg/20230831_140541/m--20230831_140541--f000206.jpg,20230831_140541,mauritius,green,video,False,train,2641.9380580341253
data/processed/mauritius/video/not_augmented/pool40/green_bg/20230831_140541/m--20230831_140541--f000208.jpg,20230831_140541,mauritius,green,video,False,train,2751.891103157448
data/processed/mauritius/video/not_augmented/pool40/green_bg/20230831_140541/m--20230831_140541--f000212.jpg,20230831_140541,mauritius,green,video,False,train,2721.784717753648
data/processed/mauritius/video/not_augmented/pool40/green_bg/20230831_140541/m--20230831_140541--f000214.jpg,20230831_140541,mauritius,green,video,False,train,2791.359095967844
data/processed/mauritius/video/not_augmented/pool40/green_bg/20230831_140541/m--20230831_140541--f000218.jpg,20230831_140541,mauritius,green,video,False,train,2545.783183147092
data/processed/mauritius/video/not_augmented/pool40/green_bg/20230831_140541/m--20230831_140541--f000220.jpg,20230831_140541,mauritius,green,video,False,train,2556.632892090696
data/processed/mauritius/video/not_augmented/pool40/green_bg/20230831_140541/m--20230831_140541--f000226.jpg,20230831_140541,mauritius,green,video,False,train,2716.745017460415
data/processed/mauritius/video/not_augmented/pool40/green_bg/20230831_140541/m--20230831_140541--f000228.jpg,20230831_140541,mauritius,green,video,False,train,2797.33061623047
data/processed/mauritius/video/not_augmented/pool40/green_bg/20230831_140541/m--20230831_140541--f000230.jpg,20230831_140541,mauritius,green,video,False,train,2976.5415136960087
data/processed/mauritius/video/not_augmented/pool40/green_bg/20230831_140541/m--20230831_140541--f000232.jpg,20230831_140541,mauritius,green,video,False,train,3136.8736447449883
data/processed/mauritius/video/not_augmented/pool40/green_bg/20230831_140541/m--20230831_140541--f000234.jpg,20230831_140541,mauritius,green,video,False,train,3113.227319732501
data/processed/mauritius/video/not_augmented/pool40/green_bg/20230831_140541/m--20230831_140541--f000236.jpg,20230831_140541,mauritius,green,video,False,train,3138.2048389271167
data/processed/mauritius/video/not_augmented/pool40/green_bg/20230831_140541/m--20230831_140541--f000238.jpg,20230831_140541,mauritius,green,video,False,train,2996.0617426642275
data/processed/mauritius/video/not_augmented/pool40/green_bg/20230831_140541/m--20230831_140541--f000240.jpg,20230831_140541,mauritius,green,video,False,train,2771.596081788517
data/processed/mauritius/video/not_augmented/pool40/green_bg/20230831_140541/m--20230831_140541--f000242.jpg,20230831_140541,mauritius,green,video,False,train,1714.1172472224143
data/processed/mauritius/video/not_augmented/pool40/green_bg/20230831_140541/m--20230831_140541--f000582.jpg,20230831_140541,mauritius,green,video,False,train,2418.96191405257
data/processed/mauritius/video/not_augmented/pool40/green_bg/20230831_140541/m--20230831_140541--f000586.jpg,20230831_140541,mauritius,green,video,False,train,2768.3083545918366
data/processed/mauritius/video/not_augmented/pool40/green_bg/20230831_140541/m--20230831_140541--f000600.jpg,20230831_140541,mauritius,green,video,False,train,2230.242426651808
data/processed/mauritius/video/not_augmented/pool40/green_bg/20230831_140541/m--20230831_140541--f000976.jpg,20230831_140541,mauritius,green,video,False,train,2437.290756533415
data/processed/mauritius/video/not_augmented/pool40/green_bg/20230831_140541/m--20230831_140541--f000978.jpg,20230831_140541,mauritius,green,video,False,train,1156.3562457657813
data/processed/mauritius/video/not_augmented/pool40/green_bg/20230831_140541/m--20230831_140541--f000980.jpg,20230831_140541,mauritius,green,video,False,train,1688.2615194451753
data/processed/mauritius/video/not_augmented/pool40/green_bg/20230831_140541/m--20230831_140541--f000982.jpg,20230831_140541,mauritius,green,video,False,train,1991.476482774257
data/processed/mauritius/video/not_augmented/pool40/green_bg/20230831_140541/m--20230831_140541--f000984.jpg,20230831_140541,mauritius,green,video,False,train,2588.469646842715
data/processed/mauritius/video/not_augmented/pool40/green_bg/20230831_140541/m--20230831_140541--f000986.jpg,20230831_140541,mauritius,green,video,False,train,2850.697584500961
data/processed/mauritius/video/not_augmented/pool40/green_bg/20230831_140541/m--20230831_140541--f000988.jpg,20230831_140541,mauritius,green,video,False,train,3262.99657183754
data/processed/mauritius/video/not_augmented/pool40/green_bg/20230831_140541/m--20230831_140541--f000990.jpg,20230831_140541,mauritius,green,video,False,train,3525.2156409184568
data/processed/mauritius/video/not_augmented/pool40/green_bg/20230831_140541/m--20230831_140541--f000992.jpg,20230831_140541,mauritius,green,video,False,train,3609.530313296797
data/processed/mauritius/video/not_augmented/pool40/green_bg/20230831_140541/m--20230831_140541--f000994.jpg,20230831_140541,mauritius,green,video,False,train,3840.696867026472
data/processed/mauritius/video/not_augmented/pool40/green_bg/20230831_140541/m--20230831_140541--f000996.jpg,20230831_140541,mauritius,green,video,False,train,3982.8303571285583
data/processed/mauritius/video/not_augmented/pool40/green_bg/20230831_140541/m--20230831_140541--f000998.jpg,20230831_140541,mauritius,green,video,False,train,4095.902602834435
data/processed/mauritius/video/not_augmented/pool40/green_bg/20230831_140541/m--20230831_140541--f001000.jpg,20230831_140541,mauritius,green,video,False,train,4091.015405628295
data/processed/mauritius/video/not_augmented/pool40/green_bg/20230831_140541/m--20230831_140541--f001108.jpg,20230831_140541,mauritius,green,video,False,train,2651.2922114015173
data/processed/mauritius/video/not_augmented/pool40/green_bg/20230831_140541/m--20230831_140541--f001110.jpg,20230831_140541,mauritius,green,video,False,train,3513.933454237497
data/processed/mauritius/video/not_augmented/pool40/green_bg/20230831_140541/m--20230831_140541--f001112.jpg,20230831_140541,mauritius,green,video,False,train,3177.813018174432
data/processed/mauritius/video/not_augmented/pool40/green_bg/20230831_140541/m--20230831_140541--f001116.jpg,20230831_140541,mauritius,green,video,False,train,2908.0243940548025
data/processed/mauritius/video/not_augmented/pool40/green_bg/20230831_140541/m--20230831_140541--f001118.jpg,20230831_140541,mauritius,green,video,False,train,3103.362364419844
data/processed/mauritius/video/not_augmented/pool40/green_bg/20230831_140541/m--20230831_140541--f001120.jpg,20230831_140541,mauritius,green,video,False,train,3298.57316243594
data/processed/mauritius/video/not_augmented/pool40/green_bg/20230831_140541/m--20230831_140541--f001126.jpg,20230831_140541,mauritius,green,video,False,train,2259.773038903061
data/processed/mauritius/video/not_augmented/pool40/green_bg/20230831_140541/m--20230831_140541--f001136.jpg,20230831_140541,mauritius,green,video,False,train,4265.565108073647
data/processed/mauritius/video/not_augmented/pool40/green_bg/20230831_140541/m--20230831_140541--f001138.jpg,20230831_140541,mauritius,green,video,False,train,3344.9569315971903
data/processed/mauritius/video/not_augmented/pool40/green_bg/20230831_140541/m--20230831_140541--f001140.jpg,20230831_140541,mauritius,green,video,False,train,3459.471420497807
data/processed/mauritius/video/not_augmented/pool40/green_bg/20230831_140541/m--20230831_140541--f001142.jpg,20230831_140541,mauritius,green,video,False,train,3197.014807856812
data/processed/mauritius/video/not_augmented/pool40/green_bg/20230831_140541/m--20230831_140541--f001144.jpg,20230831_140541,mauritius,green,video,False,train,3352.402204208898
data/processed/mauritius/video/not_augmented/pool40/green_bg/20230831_140541/m--20230831_140541--f001146.jpg,20230831_140541,mauritius,green,video,False,train,4129.1332508994365
data/processed/mauritius/video/not_augmented/pool40/green_bg/20230831_140541/m--20230831_140541--f001148.jpg,20230831_140541,mauritius,green,video,False,train,4400.515066962696
data/processed/mauritius/video/not_augmented/pool40/green_bg/20230831_140541/m--20230831_140541--f001150.jpg,20230831_140541,mauritius,green,video,False,train,4397.347536656619
data/processed/mauritius/video/not_augmented/pool40/green_bg/20230831_140541/m--20230831_140541--f001152.jpg,20230831_140541,mauritius,green,video,False,train,4076.079201019491
data/processed/mauritius/video/not_augmented/pool40/green_bg/20230831_140541/m--20230831_140541--f001154.jpg,20230831_140541,mauritius,green,video,False,train,3976.191246709541
data/processed/mauritius/video/not_augmented/pool40/green_bg/20230831_140541/m--20230831_140541--f001156.jpg,20230831_140541,mauritius,green,video,False,train,4400.041433862228
data/processed/mauritius/video/not_augmented/pool40/green_bg/20230831_140541/m--20230831_140541--f001158.jpg,20230831_140541,mauritius,green,video,False,train,4387.486228360976
data/processed/mauritius/video/not_augmented/pool40/green_bg/20230831_140541/m--20230831_140541--f001160.jpg,20230831_140541,mauritius,green,video,False,train,4375.113181597189
data/processed/mauritius/video/not_augmented/pool40/green_bg/20230831_140541/m--20230831_140541--f001162.jpg,20230831_140541,mauritius,green,video,False,train,4344.626135857886
data/processed/mauritius/video/not_augmented/pool40/green_bg/20230831_140541/m--20230831_140541--f001164.jpg,20230831_140541,mauritius,green,video,False,train,4208.970882493226
data/processed/mauritius/video/not_augmented/pool40/green_bg/20230831_140541/m--20230831_140541--f001166.jpg,20230831_140541,mauritius,green,video,False,train,4135.842912754184
data/processed/mauritius/video/not_augmented/pool40/green_bg/20230831_140541/m--20230831_140541--f001168.jpg,20230831_140541,mauritius,green,video,False,train,4015.249581463284
data/processed/mauritius/video/not_augmented/pool40/green_bg/20230831_140541/m--20230831_140541--f001170.jpg,20230831_140541,mauritius,green,video,False,train,4291.003746709542
data/processed/mauritius/video/not_augmented/pool40/green_bg/20230831_140541/m--20230831_140541--f001172.jpg,20230831_140541,mauritius,green,video,False,train,4109.660375388947
data/processed/mauritius/video/not_augmented/pool40/green_bg/20230831_140541/m--20230831_140541--f001174.jpg,20230831_140541,mauritius,green,video,False,train,4143.830337180837
data/processed/mauritius/video/not_augmented/pool40/green_bg/20230831_140541/m--20230831_140541--f001176.jpg,20230831_140541,mauritius,green,video,False,train,4207.232401897092
data/processed/mauritius/video/not_augmented/pool40/green_bg/20230831_140541/m--20230831_140541--f001178.jpg,20230831_140541,mauritius,green,video,False,train,4148.859095575411
data/processed/mauritius/video/not_augmented/pool40/green_bg/20230831_140541/m--20230831_140541--f001180.jpg,20230831_140541,mauritius,green,video,False,train,3750.4865073502338
data/processed/mauritius/video/not_augmented/pool40/green_bg/20230831_140541/m--20230831_140541--f001182.jpg,20230831_140541,mauritius,green,video,False,train,2593.974051282089
data/processed/mauritius/video/not_augmented/pool40/green_bg/20230831_140541/m--20230831_140541--f001184.jpg,20230831_140541,mauritius,green,video,False,train,2906.574258569974
data/processed/mauritius/video/not_augmented/pool40/green_bg/20230831_140541/m--20230831_140541--f001186.jpg,20230831_140541,mauritius,green,video,False,train,3675.415038887336
data/processed/mauritius/video/not_augmented/pool40/green_bg/20230831_140541/m--20230831_140541--f001188.jpg,20230831_140541,mauritius,green,video,False,train,2274.5351758458028
data/processed/mauritius/video/not_augmented/pool40/green_bg/20230831_140541/m--20230831_140541--f001190.jpg,20230831_140541,mauritius,green,video,False,train,3341.36680858466
data/processed/mauritius/video/not_augmented/pool40/green_bg/20230831_140541/m--20230831_140541--f001192.jpg,20230831_140541,mauritius,green,video,False,train,2450.0753547032145
data/processed/mauritius/video/not_augmented/pool40/green_bg/20230831_140541/m--20230831_140541--f001194.jpg,20230831_140541,mauritius,green,video,False,train,1987.0370695137171
data/processed/mauritius/video/not_augmented/pool40/green_bg/20230831_140541/m--20230831_140541--f001196.jpg,20230831_140541,mauritius,green,video,False,train,1887.5643932873984
data/processed/mauritius/video/not_augmented/pool40/green_bg/20230831_140541/m--20230831_140541--f001198.jpg,20230831_140541,mauritius,green,video,False,train,1818.5646920909187
data/processed/mauritius/video/not_augmented/pool40/green_bg/20230831_140541/m--20230831_140541--f001204.jpg,20230831_140541,mauritius,green,video,False,train,1371.1747448407623
data/processed/mauritius/video/not_augmented/pool40/green_bg/20230831_140541/m--20230831_140541--f001208.jpg,20230831_140541,mauritius,green,video,False,train,1134.004763118628
data/processed/mauritius/video/not_augmented/pool40/green_bg/20230831_142118/m--20230831_142118--f000142.jpg,20230831_142118,mauritius,green,video,False,train,40.02873883769691
data/processed/mauritius/video/not_augmented/pool40/green_bg/20230831_142118/m--20230831_142118--f000148.jpg,20230831_142118,mauritius,green,video,False,train,31.864955355554063
data/processed/mauritius/video/not_augmented/pool40/green_bg/20230831_142118/m--20230831_142118--f000150.jpg,20230831_142118,mauritius,green,video,False,train,33.62440210459184
data/processed/mauritius/video/not_augmented/pool40/green_bg/20230831_142118/m--20230831_142118--f000152.jpg,20230831_142118,mauritius,green,video,False,train,21.071129591551383
data/processed/mauritius/video/not_augmented/pool40/green_bg/20230831_142118/m--20230831_142118--f000154.jpg,20230831_142118,mauritius,green,video,False,train,17.368144003960648
data/processed/mauritius/video/not_augmented/pool40/green_bg/20230831_142118/m--20230831_142118--f000156.jpg,20230831_142118,mauritius,green,video,False,train,14.804209105822506
data/processed/mauritius/video/not_augmented/pool40/green_bg/20230831_142118/m--20230831_142118--f000158.jpg,20230831_142118,mauritius,green,video,False,train,13.610271839537456
data/processed/mauritius/video/not_augmented/pool40/green_bg/20230831_142118/m--20230831_142118--f000160.jpg,20230831_142118,mauritius,green,video,False,train,14.343351396706044
data/processed/mauritius/video/not_augmented/pool40/green_bg/20230831_142118/m--20230831_142118--f000162.jpg,20230831_142118,mauritius,green,video,False,train,31.540098850452026
data/processed/mauritius/video/not_augmented/pool40/green_bg/20230831_142118/m--20230831_142118--f000164.jpg,20230831_142118,mauritius,green,video,False,train,47.38689808644934
data/processed/mauritius/video/not_augmented/pool40/green_bg/20230831_142118/m--20230831_142118--f000170.jpg,20230831_142118,mauritius,green,video,False,train,189.832091035966
data/processed/mauritius/video/not_augmented/pool40/green_bg/20230831_142118/m--20230831_142118--f000188.jpg,20230831_142118,mauritius,green,video,False,train,4497.509446669597
data/processed/mauritius/video/not_augmented/pool40/green_bg/20230831_142118/m--20230831_142118--f000190.jpg,20230831_142118,mauritius,green,video,False,train,4383.120296549767
data/processed/mauritius/video/not_augmented/pool40/green_bg/20230831_142118/m--20230831_142118--f000196.jpg,20230831_142118,mauritius,green,video,False,train,2526.539959167948
data/processed/mauritius/video/not_augmented/pool40/green_bg/20230831_142118/m--20230831_142118--f000198.jpg,20230831_142118,mauritius,green,video,False,train,1238.8416373790278
data/processed/mauritius/video/not_augmented/pool40/green_bg/20230831_142118/m--20230831_142118--f000200.jpg,20230831_142118,mauritius,green,video,False,train,686.933673467799
data/processed/mauritius/video/not_augmented/pool40/green_bg/20230831_142118/m--20230831_142118--f000202.jpg,20230831_142118,mauritius,green,video,False,train,307.5741389908923
data/processed/mauritius/video/not_augmented/pool40/green_bg/20230831_142118/m--20230831_142118--f000480.jpg,20230831_142118,mauritius,green,video,False,train,852.2422472891436
data/processed/mauritius/video/not_augmented/pool40/green_bg/20230831_142118/m--20230831_142118--f000496.jpg,20230831_142118,mauritius,green,video,False,train,2773.8943319261098
data/processed/mauritius/video/not_augmented/pool40/green_bg/20230831_142118/m--20230831_142118--f000760.jpg,20230831_142118,mauritius,green,video,False,train,1422.2964764014723
data/processed/mauritius/video/not_augmented/pool40/green_bg/20230831_142118/m--20230831_142118--f000762.jpg,20230831_142118,mauritius,green,video,False,train,1456.58005817569
data/processed/mauritius/video/not_augmented/pool40/green_bg/20230831_142118/m--20230831_142118--f000772.jpg,20230831_142118,mauritius,green,video,False,train,3130.69593032168
data/processed/mauritius/video/not_augmented/pool40/green_bg/20230831_142118/m--20230831_142118--f000782.jpg,20230831_142118,mauritius,green,video,False,train,2532.2358298117
data/processed/mauritius/video/not_augmented/pool40/green_bg/20230831_142118/m--20230831_142118--f000784.jpg,20230831_142118,mauritius,green,video,False,train,2961.5576968747146
data/processed/mauritius/video/not_augmented/pool40/green_bg/20230831_142118/m--20230831_142118--f000816.jpg,20230831_142118,mauritius,green,video,False,train,3234.886260073963
data/processed/mauritius/video/not_augmented/pool40/green_bg/20230831_142118/m--20230831_142118--f000818.jpg,20230831_142118,mauritius,green,video,False,train,3137.073740204887
data/processed/mauritius/video/not_augmented/pool40/green_bg/20230831_142118/m--20230831_142118--f000824.jpg,20230831_142118,mauritius,green,video,False,train,3137.857441629683
data/processed/mauritius/video/not_augmented/pool40/green_bg/20230831_142118/m--20230831_142118--f000828.jpg,20230831_142118,mauritius,green,video,False,train,2931.3425143479008
data/processed/mauritius/video/not_augmented/pool40/green_bg/20230831_142118/m--20230831_142118--f000832.jpg,20230831_142118,mauritius,green,video,False,train,4430.159598157089
data/processed/mauritius/video/not_augmented/pool40/green_bg/20230831_142118/m--20230831_142118--f000834.jpg,20230831_142118,mauritius,green,video,False,train,3707.025450414144
data/processed/mauritius/video/not_augmented/pool40/green_bg/20230831_142118/m--20230831_142118--f000836.jpg,20230831_142118,mauritius,green,video,False,train,3301.448301975452
data/processed/mauritius/video/not_augmented/pool40/green_bg/20230831_142118/m--20230831_142118--f000838.jpg,20230831_142118,mauritius,green,video,False,train,3487.6179846684563
data/processed/mauritius/video/not_augmented/pool40/green_bg/20230831_142118/m--20230831_142118--f000840.jpg,20230831_142118,mauritius,green,video,False,train,3572.1988798754755
data/processed/mauritius/video/not_augmented/pool40/green_bg/20230831_142118/m--20230831_142118--f000842.jpg,20230831_142118,mauritius,green,video,False,train,3658.1143175623206
data/processed/mauritius/video/not_augmented/pool40/green_bg/20230831_142118/m--20230831_142118--f000844.jpg,20230831_142118,mauritius,green,video,False,train,4079.1157525367216
data/processed/mauritius/video/not_augmented/pool40/green_bg/20230831_142118/m--20230831_142118--f000846.jpg,20230831_142118,mauritius,green,video,False,train,4192.877969432404
data/processed/mauritius/video/not_augmented/pool40/green_bg/20230831_142118/m--20230831_142118--f000848.jpg,20230831_142118,mauritius,green,video,False,train,4078.2592275187353
data/processed/mauritius/video/not_augmented/pool40/green_bg/20230831_142118/m--20230831_142118--f000850.jpg,20230831_142118,mauritius,green,video,False,train,4595.876454735438
data/processed/mauritius/video/not_augmented/pool40/green_bg/20230831_142118/m--20230831_142118--f000852.jpg,20230831_142118,mauritius,green,video,False,train,4560.328124771213
data/processed/mauritius/video/not_augmented/pool40/green_bg/20230831_142118/m--20230831_142118--f000854.jpg,20230831_142118,mauritius,green,video,False,train,4892.311104910715
data/processed/mauritius/video/not_augmented/pool40/green_bg/20230831_142118/m--20230831_142118--f000856.jpg,20230831_142118,mauritius,green,video,False,train,4446.535514795
data/processed/mauritius/video/not_augmented/pool40/green_bg/20230831_142118/m--20230831_142118--f000858.jpg,20230831_142118,mauritius,green,video,False,train,2286.9997207898987
data/processed/mauritius/video/not_augmented/pool40/green_bg/20230831_142118/m--20230831_142118--f000860.jpg,20230831_142118,mauritius,green,video,False,train,1270.5056998345417
data/processed/mauritius/video/not_augmented/pool40/green_bg/20230831_142118/m--20230831_142118--f000862.jpg,20230831_142118,mauritius,green,video,False,train,1196.240393788355
data/processed/mauritius/video/not_augmented/pool40/green_bg/20230831_142118/m--20230831_142118--f000864.jpg,20230831_142118,mauritius,green,video,False,train,2467.1022998372105
data/processed/mauritius/video/not_augmented/pool40/green_bg/20230831_142118/m--20230831_142118--f000866.jpg,20230831_142118,mauritius,green,video,False,train,3049.448521115988
data/processed/mauritius/video/not_augmented/pool40/green_bg/20230831_142118/m--20230831_142118--f000868.jpg,20230831_142118,mauritius,green,video,False,train,3302.27754300875
data/processed/mauritius/video/not_augmented/pool40/green_bg/20230831_142118/m--20230831_142118--f000870.jpg,20230831_142118,mauritius,green,video,False,train,2660.698760315459
data/processed/mauritius/video/not_augmented/pool40/green_bg/20230831_142118/m--20230831_142118--f000872.jpg,20230831_142118,mauritius,green,video,False,train,2478.198022944885
data/processed/mauritius/video/not_augmented/pool40/green_bg/20230831_142118/m--20230831_142118--f000874.jpg,20230831_142118,mauritius,green,video,False,train,2881.4451330833163
data/processed/mauritius/video/not_augmented/pool40/green_bg/20230831_142118/m--20230831_142118--f000876.jpg,20230831_142118,mauritius,green,video,False,train,2765.6983815947465
data/processed/mauritius/video/not_augmented/pool40/green_bg/20230831_142118/m--20230831_142118--f000878.jpg,20230831_142118,mauritius,green,video,False,train,1944.856564748193
data/processed/mauritius/video/not_augmented/pool40/green_bg/20230831_142118/m--20230831_142118--f000880.jpg,20230831_142118,mauritius,green,video,False,train,730.1986806342026
data/processed/mauritius/video/not_augmented/pool40/green_bg/20230831_142118/m--20230831_142118--f000882.jpg,20230831_142118,mauritius,green,video,False,train,508.5270049326721
data/processed/mauritius/video/not_augmented/pool40/green_bg/20230831_142118/m--20230831_142118--f000884.jpg,20230831_142118,mauritius,green,video,False,train,376.3953882012452
data/processed/mauritius/video/not_augmented/pool40/green_bg/20230831_142118/m--20230831_142118--f000886.jpg,20230831_142118,mauritius,green,video,False,train,278.3521603938193
data/processed/mauritius/video/not_augmented/pool40/green_bg/20230831_142118/m--20230831_142118--f000888.jpg,20230831_142118,mauritius,green,video,False,train,177.47528698820713
data/processed/mauritius/video/not_augmented/pool40/green_bg/20230831_142118/m--20230831_142118--f000942.jpg,20230831_142118,mauritius,green,video,False,train,3174.2468909422887
data/processed/mauritius/video/not_augmented/pool40/green_bg/20230831_142118/m--20230831_142118--f000944.jpg,20230831_142118,mauritius,green,video,False,train,3240.2110968609245
data/processed/mauritius/video/not_augmented/pool40/green_bg/20230831_142118/m--20230831_142118--f000946.jpg,20230831_142118,mauritius,green,video,False,train,3921.268833701784
data/processed/mauritius/video/not_augmented/pool40/green_bg/20230831_142118/m--20230831_142118--f000948.jpg,20230831_142118,mauritius,green,video,False,train,3826.534040138852
data/processed/mauritius/video/not_augmented/pool40/green_bg/20230831_142118/m--20230831_142118--f000950.jpg,20230831_142118,mauritius,green,video,False,train,3920.570172971608
data/processed/mauritius/video/not_augmented/pool40/green_bg/20230831_142118/m--20230831_142118--f000952.jpg,20230831_142118,mauritius,green,video,False,train,3501.950035854262
data/processed/mauritius/video/not_augmented/pool40/green_bg/20230831_142118/m--20230831_142118--f000954.jpg,20230831_142118,mauritius,green,video,False,train,3818.232959961405
data/processed/mauritius/video/not_augmented/pool40/green_bg/20230831_142118/m--20230831_142118--f000956.jpg,20230831_142118,mauritius,green,video,False,train,2157.7808713229783
data/processed/mauritius/video/not_augmented/pool40/green_bg/20230831_142118/m--20230831_142118--f000958.jpg,20230831_142118,mauritius,green,video,False,train,2915.5242146969035
data/processed/mauritius/video/not_augmented/pool40/green_bg/20230831_142118/m--20230831_142118--f000962.jpg,20230831_142118,mauritius,green,video,False,train,3180.6223293607904
data/processed/mauritius/video/not_augmented/pool40/green_bg/20230831_142118/m--20230831_142118--f001026.jpg,20230831_142118,mauritius,green,video,False,train,177.93502865925964
data/processed/mauritius/video/not_augmented/pool40/green_bg/20230831_142118/m--20230831_142118--f001030.jpg,20230831_142118,mauritius,green,video,False,train,137.31503108698644
data/processed/mauritius/video/not_augmented/pool40/green_bg/20230831_142118/m--20230831_142118--f001032.jpg,20230831_142118,mauritius,green,video,False,train,324.0353555341702
data/processed/mauritius/video/not_augmented/pool40/green_bg/20230831_142118/m--20230831_142118--f001034.jpg,20230831_142118,mauritius,green,video,False,train,619.5084303057924
data/processed/mauritius/video/not_augmented/pool40/green_bg/20230831_142118/m--20230831_142118--f001036.jpg,20230831_142118,mauritius,green,video,False,train,1165.4935427295918
data/processed/mauritius/video/not_augmented/pool40/green_bg/20230831_142118/m--20230831_142118--f001038.jpg,20230831_142118,mauritius,green,video,False,train,1378.7228355864495
data/processed/mauritius/video/not_augmented/pool40/green_bg/20230831_142118/m--20230831_142118--f001040.jpg,20230831_142118,mauritius,green,video,False,train,1570.2542848690307
data/processed/mauritius/video/not_augmented/pool40/green_bg/20230831_142118/m--20230831_142118--f001046.jpg,20230831_142118,mauritius,green,video,False,train,88.93247767221625
data/processed/mauritius/video/not_augmented/pool40/green_bg/20230831_142118/m--20230831_142118--f001048.jpg,20230831_142118,mauritius,green,video,False,train,89.97243698951058
data/processed/mauritius/video/not_augmented/pool40/green_bg/20230831_142118/m--20230831_142118--f001050.jpg,20230831_142118,mauritius,green,video,False,train,44.969666766604
data/processed/mauritius/video/not_augmented/pool40/green_bg/20230831_155428/m--20230831_155428--f000152.jpg,20230831_155428,mauritius,green,video,False,train,12.729113494987436
data/processed/mauritius/video/not_augmented/pool40/green_bg/20230831_155428/m--20230831_155428--f000154.jpg,20230831_155428,mauritius,green,video,False,train,8.423967623998601
data/processed/mauritius/video/not_augmented/pool40/green_bg/20230831_155428/m--20230831_155428--f000164.jpg,20230831_155428,mauritius,green,video,False,train,1067.2065924358883
data/processed/mauritius/video/not_augmented/pool40/green_bg/20230831_155428/m--20230831_155428--f000166.jpg,20230831_155428,mauritius,green,video,False,train,1054.2813891748842
data/processed/mauritius/video/not_augmented/pool40/green_bg/20230831_155428/m--20230831_155428--f000170.jpg,20230831_155428,mauritius,green,video,False,train,1186.201311316802
data/processed/mauritius/video/not_augmented/pool40/green_bg/20230831_155428/m--20230831_155428--f000180.jpg,20230831_155428,mauritius,green,video,False,train,1243.5928928064634
data/processed/mauritius/video/not_augmented/pool40/green_bg/20230831_155428/m--20230831_155428--f000182.jpg,20230831_155428,mauritius,green,video,False,train,852.7579320012306
data/processed/mauritius/video/not_augmented/pool40/green_bg/20230831_155428/m--20230831_155428--f000184.jpg,20230831_155428,mauritius,green,video,False,train,1026.1403658798167
data/processed/mauritius/video/not_augmented/pool40/green_bg/20230831_155428/m--20230831_155428--f000186.jpg,20230831_155428,mauritius,green,video,False,train,1204.9619139477095
data/processed/mauritius/video/not_augmented/pool40/green_bg/20230831_155428/m--20230831_155428--f000190.jpg,20230831_155428,mauritius,green,video,False,train,1351.9506736188964
data/processed/mauritius/video/not_augmented/pool40/green_bg/20230831_155428/m--20230831_155428--f000192.jpg,20230831_155428,mauritius,green,video,False,train,1169.994140547149
data/processed/mauritius/video/not_augmented/pool40/green_bg/20230831_155428/m--20230831_155428--f000194.jpg,20230831_155428,mauritius,green,video,False,train,819.4452127613957
data/processed/mauritius/video/not_augmented/pool40/green_bg/20230831_155428/m--20230831_155428--f001002.jpg,20230831_155428,mauritius,green,video,False,train,35.66268733063126
data/processed/mauritius/video/not_augmented/pool40/green_bg/20230831_155428/m--20230831_155428--f001004.jpg,20230831_155428,mauritius,green,video,False,train,23.339564725787675
data/processed/mauritius/video/not_augmented/pool40/green_bg/20230831_155428/m--20230831_155428--f001008.jpg,20230831_155428,mauritius,green,video,False,train,80.75065714118381
data/processed/mauritius/video/not_augmented/pool40/green_bg/20230831_155428/m--20230831_155428--f001016.jpg,20230831_155428,mauritius,green,video,False,train,54.01913257521026
data/processed/mauritius/video/not_augmented/pool40/green_bg/20230831_155428/m--20230831_155428--f001018.jpg,20230831_155428,mauritius,green,video,False,train,46.39937408801567
data/processed/mauritius/video/not_augmented/pool40/green_bg/20230831_155428/m--20230831_155428--f001020.jpg,20230831_155428,mauritius,green,video,False,train,97.86069034447723
data/processed/mauritius/video/not_augmented/pool40/green_bg/20230831_155428/m--20230831_155428--f001022.jpg,20230831_155428,mauritius,green,video,False,train,82.49730946073329
data/processed/mauritius/video/not_augmented/pool40/green_bg/20230831_155428/m--20230831_155428--f001098.jpg,20230831_155428,mauritius,green,video,False,train,114.49543601698998
data/processed/mauritius/video/not_augmented/pool40/green_bg/20230831_155428/m--20230831_155428--f001102.jpg,20230831_155428,mauritius,green,video,False,train,775.187101396706
data/processed/mauritius/video/not_augmented/pool40/green_bg/20230831_155428/m--20230831_155428--f001104.jpg,20230831_155428,mauritius,green,video,False,train,616.1488160777221
data/processed/mauritius/video/not_augmented/pool40/green_bg/20230831_155428/m--20230831_155428--f001106.jpg,20230831_155428,mauritius,green,video,False,train,107.2960975608047
data/processed/mauritius/video/not_augmented/pool40/green_bg/20230831_155428/m--20230831_155428--f001110.jpg,20230831_155428,mauritius,green,video,False,train,235.54490191297995
data/processed/mauritius/video/not_augmented/pool40/green_bg/20230831_155428/m--20230831_155428--f001112.jpg,20230831_155428,mauritius,green,video,False,train,65.84273357740892
data/processed/mauritius/video/not_augmented/pool40/green_bg/20230831_155428/m--20230831_155428--f001118.jpg,20230831_155428,mauritius,green,video,False,train,167.69772372192173
data/processed/mauritius/video/not_augmented/pool40/green_bg/20230831_155428/m--20230831_155428--f001142.jpg,20230831_155428,mauritius,green,video,False,train,448.2184709678437
data/processed/mauritius/video/not_augmented/pool40/green_bg/20230831_155428/m--20230831_155428--f001146.jpg,20230831_155428,mauritius,green,video,False,train,390.0600087655579
data/processed/mauritius/video/not_augmented/pool40/green_bg/20230831_155428/m--20230831_155428--f001152.jpg,20230831_155428,mauritius,green,video,False,train,13.25265065018012
data/processed/mauritius/video/not_augmented/pool40/green_bg/20230831_155428/m--20230831_155428--f001154.jpg,20230831_155428,mauritius,green,video,False,train,21.944734514976037
data/processed/mauritius/video/not_augmented/pool40/green_bg/20230831_155428/m--20230831_155428--f001156.jpg,20230831_155428,mauritius,green,video,False,train,56.50833061882379
data/processed/mauritius/video/not_augmented/pool40/green_bg/20230831_155428/m--20230831_155428--f001158.jpg,20230831_155428,mauritius,green,video,False,train,129.68255739637036
data/processed/mauritius/video/not_augmented/pool40/green_bg/20230831_155428/m--20230831_155428--f001160.jpg,20230831_155428,mauritius,green,video,False,train,53.8934350984884
data/processed/mauritius/video/not_augmented/pool40/green_bg/20230831_155428/m--20230831_155428--f001162.jpg,20230831_155428,mauritius,green,video,False,train,147.2605229448845
data/processed/mauritius/video/not_augmented/pool40/green_bg/20230831_155428/m--20230831_155428--f001166.jpg,20230831_155428,mauritius,green,video,False,train,97.205815509874
data/processed/mauritius/video/not_augmented/pool40/green_bg/20230831_162051/m--20230831_162051--f000154.jpg,20230831_162051,mauritius,green,video,False,train,193.28198740393952
data/processed/mauritius/video/not_augmented/pool40/green_bg/20230831_162051/m--20230831_162051--f000156.jpg,20230831_162051,mauritius,green,video,False,train,150.9571109121911
data/processed/mauritius/video/not_augmented/pool40/green_bg/20230831_162051/m--20230831_162051--f000158.jpg,20230831_162051,mauritius,green,video,False,train,64.6197384425572
data/processed/mauritius/video/not_augmented/pool40/green_bg/20230831_162051/m--20230831_162051--f000160.jpg,20230831_162051,mauritius,green,video,False,train,28.99503746453745
data/processed/mauritius/video/not_augmented/pool40/green_bg/20230831_162051/m--20230831_162051--f000164.jpg,20230831_162051,mauritius,green,video,False,train,673.9652224166945
data/processed/mauritius/video/not_augmented/pool40/green_bg/20230831_162051/m--20230831_162051--f000170.jpg,20230831_162051,mauritius,green,video,False,train,986.8128984380592
data/processed/mauritius/video/not_augmented/pool40/green_bg/20230831_162051/m--20230831_162051--f000522.jpg,20230831_162051,mauritius,green,video,False,train,618.3494100368107
data/processed/mauritius/video/not_augmented/pool40/green_bg/20230831_162051/m--20230831_162051--f000532.jpg,20230831_162051,mauritius,green,video,False,train,3212.4420639313744
data/processed/mauritius/video/not_augmented/pool40/green_bg/20230831_162051/m--20230831_162051--f000552.jpg,20230831_162051,mauritius,green,video,False,train,2654.5427893619144
data/processed/mauritius/video/not_augmented/pool40/green_bg/20230831_162051/m--20230831_162051--f000950.jpg,20230831_162051,mauritius,green,video,False,train,426.4284717312757
data/processed/mauritius/video/not_augmented/pool40/green_bg/20230831_162051/m--20230831_162051--f000956.jpg,20230831_162051,mauritius,green,video,False,train,692.0601283287517
data/processed/mauritius/video/not_augmented/pool40/green_bg/20230831_162051/m--20230831_162051--f000958.jpg,20230831_162051,mauritius,green,video,False,train,213.6555723454842
data/processed/mauritius/video/not_augmented/pool40/green_bg/20230831_162051/m--20230831_162051--f000960.jpg,20230831_162051,mauritius,green,video,False,train,360.8043486890272
data/processed/mauritius/video/not_augmented/pool40/green_bg/20230831_162051/m--20230831_162051--f000962.jpg,20230831_162051,mauritius,green,video,False,train,219.4838368619596
data/processed/mauritius/video/not_augmented/pool40/green_bg/20230831_162051/m--20230831_162051--f000964.jpg,20230831_162051,mauritius,green,video,False,train,318.4319395627741
data/processed/mauritius/video/not_augmented/pool40/green_bg/20230831_162051/m--20230831_162051--f000966.jpg,20230831_162051,mauritius,green,video,False,train,542.753049247119
data/processed/mauritius/video/not_augmented/pool40/green_bg/20230831_162051/m--20230831_162051--f000968.jpg,20230831_162051,mauritius,green,video,False,train,334.01937173337353
data/processed/mauritius/video/not_augmented/pool40/green_bg/20230831_162051/m--20230831_162051--f000970.jpg,20230831_162051,mauritius,green,video,False,train,398.31953523239457
data/processed/mauritius/video/not_augmented/pool40/green_bg/20230831_162051/m--20230831_162051--f000974.jpg,20230831_162051,mauritius,green,video,False,train,1025.671595980554
data/processed/mauritius/video/not_augmented/pool40/green_bg/20230831_162051/m--20230831_162051--f000976.jpg,20230831_162051,mauritius,green,video,False,train,933.3887715143048
data/processed/mauritius/video/not_augmented/pool40/green_bg/20230831_162051/m--20230831_162051--f000978.jpg,20230831_162051,mauritius,green,video,False,train,1474.2916334403253
data/processed/mauritius/video/not_augmented/pool40/green_bg/20230831_162051/m--20230831_162051--f000980.jpg,20230831_162051,mauritius,green,video,False,train,3615.344507308763
data/processed/mauritius/video/not_augmented/pool40/green_bg/20230831_162051/m--20230831_162051--f000984.jpg,20230831_162051,mauritius,green,video,False,train,1289.9083426144657
data/processed/mauritius/video/not_augmented/pool40/green_bg/20230831_162051/m--20230831_162051--f000990.jpg,20230831_162051,mauritius,green,video,False,train,40.01753826371732
data/processed/mauritius/video/not_augmented/pool40/green_bg/20230831_162051/m--20230831_162051--f000994.jpg,20230831_162051,mauritius,green,video,False,train,618.8468789823945
data/processed/mauritius/video/not_augmented/pool40/green_bg/20230831_162051/m--20230831_162051--f000996.jpg,20230831_162051,mauritius,green,video,False,train,158.0738400348471
data/processed/mauritius/video/not_augmented/pool40/green_bg/20230831_162051/m--20230831_162051--f001046.jpg,20230831_162051,mauritius,green,video,False,train,1122.0666650897608
data/processed/mauritius/video/not_augmented/pool40/green_bg/20230831_162051/m--20230831_162051--f001048.jpg,20230831_162051,mauritius,green,video,False,train,884.0279416199876
data/processed/mauritius/video/not_augmented/pool40/green_bg/20230831_162051/m--20230831_162051--f001098.jpg,20230831_162051,mauritius,green,video,False,train,78.8984972001711
data/processed/mauritius/video/not_augmented/pool40/green_bg/20230831_162051/m--20230831_162051--f001102.jpg,20230831_162051,mauritius,green,video,False,train,166.12747130102042
data/processed/mauritius/video/not_augmented/pool40/green_bg/20230831_162051/m--20230831_162051--f001110.jpg,20230831_162051,mauritius,green,video,False,train,2517.461037129772
data/processed/mauritius/video/not_augmented/pool40/green_bg/20230831_162051/m--20230831_162051--f001114.jpg,20230831_162051,mauritius,green,video,False,train,1011.3182795777612
data/processed/mauritius/video/not_augmented/pool40/green_bg/20230831_162051/m--20230831_162051--f001128.jpg,20230831_162051,mauritius,green,video,False,train,1369.8867585842731
data/processed/mauritius/video/not_augmented/pool40/green_bg/20230831_162051/m--20230831_162051--f001142.jpg,20230831_162051,mauritius,green,video,False,train,1304.3527383287965
data/processed/mauritius/video/not_augmented/pool40/green_bg/20230831_162051/m--20230831_162051--f001380.jpg,20230831_162051,mauritius,green,video,False,train,28.707609215164027
data/processed/mauritius/video/not_augmented/pool40/green_bg/20230831_162051/m--20230831_162051--f001398.jpg,20230831_162051,mauritius,green,video,False,train,103.93271683037952
data/processed/mauritius/video/not_augmented/pool40/green_bg/20230831_162051/m--20230831_162051--f001454.jpg,20230831_162051,mauritius,green,video,False,train,783.4874839544397
data/processed/mauritius/video/not_augmented/pool40/green_bg/20230831_162051/m--20230831_162051--f001456.jpg,20230831_162051,mauritius,green,video,False,train,2714.183753060084
data/processed/mauritius/video/not_augmented/pool40/green_bg/20230831_162051/m--20230831_162051--f001458.jpg,20230831_162051,mauritius,green,video,False,train,1798.5974170139857
data/processed/mauritius/video/not_augmented/pool40/green_bg/20230831_162051/m--20230831_162051--f001460.jpg,20230831_162051,mauritius,green,video,False,train,2363.8421555550485
data/processed/mauritius/video/not_augmented/pool40/green_bg/20230831_162051/m--20230831_162051--f001462.jpg,20230831_162051,mauritius,green,video,False,train,2106.5186941567085
data/processed/mauritius/video/not_augmented/pool40/green_bg/20230831_162051/m--20230831_162051--f001464.jpg,20230831_162051,mauritius,green,video,False,train,872.6059669925986
data/processed/mauritius/video/not_augmented/pool40/green_bg/20230831_162051/m--20230831_162051--f001466.jpg,20230831_162051,mauritius,green,video,False,train,856.2689134243478
data/processed/mauritius/video/not_augmented/pool40/green_bg/20230831_162746/m--20230831_162746--f000168.jpg,20230831_162746,mauritius,green,video,False,train,32.13484533803258
data/processed/mauritius/video/not_augmented/pool40/green_bg/20230831_162746/m--20230831_162746--f000172.jpg,20230831_162746,mauritius,green,video,False,train,398.6923624759215
data/processed/mauritius/video/not_augmented/pool40/green_bg/20230831_162746/m--20230831_162746--f001028.jpg,20230831_162746,mauritius,green,video,False,train,892.8220065334149
data/processed/mauritius/video/not_augmented/pool40/green_bg/20230831_162746/m--20230831_162746--f001042.jpg,20230831_162746,mauritius,green,video,False,train,777.9967115748578
data/processed/mauritius/video/not_augmented/pool40/green_bg/20230831_162746/m--20230831_162746--f001164.jpg,20230831_162746,mauritius,green,video,False,train,288.80743750747365
data/processed/mauritius/video/not_augmented/pool40/green_bg/20230831_162746/m--20230831_162746--f001198.jpg,20230831_162746,mauritius,green,video,False,train,3556.255978928661
data/processed/mauritius/video/not_augmented/pool40/green_bg/20230831_162746/m--20230831_162746--f001204.jpg,20230831_162746,mauritius,green,video,False,train,4411.989257793037
data/processed/mauritius/video/not_augmented/pool40/green_bg/20230831_162746/m--20230831_162746--f001210.jpg,20230831_162746,mauritius,green,video,False,train,2797.3723094035367
data/processed/mauritius/video/not_augmented/pool40/green_bg/20230831_162746/m--20230831_162746--f001214.jpg,20230831_162746,mauritius,green,video,False,train,3514.250119579081
data/processed/mauritius/video/not_augmented/pool40/green_bg/20230831_162746/m--20230831_162746--f001216.jpg,20230831_162746,mauritius,green,video,False,train,1474.1549545500188
data/processed/mauritius/video/not_augmented/pool40/green_bg/20230831_162746/m--20230831_162746--f001224.jpg,20230831_162746,mauritius,green,video,False,train,3685.778718899509
data/processed/mauritius/video/not_augmented/pool40/green_bg/20230831_162746/m--20230831_162746--f001242.jpg,20230831_162746,mauritius,green,video,False,train,2628.162667410714
data/processed/mauritius/video/not_augmented/pool40/green_bg/20230831_162746/m--20230831_162746--f001244.jpg,20230831_162746,mauritius,green,video,False,train,1906.7509566262984
data/processed/mauritius/video/not_augmented/pool40/green_bg/20230831_163856/m--20230831_163856--f000188.jpg,20230831_163856,mauritius,green,video,False,train,77.9488600127551
data/processed/mauritius/video/not_augmented/pool40/green_bg/20230831_163856/m--20230831_163856--f000196.jpg,20230831_163856,mauritius,green,video,False,train,163.82202646524794
data/processed/mauritius/video/not_augmented/pool40/green_bg/20230831_163856/m--20230831_163856--f000260.jpg,20230831_163856,mauritius,green,video,False,train,332.2133091037247
data/processed/mauritius/video/not_augmented/pool40/green_bg/20230831_163856/m--20230831_163856--f000262.jpg,20230831_163856,mauritius,green,video,False,train,598.6760801973068
data/processed/mauritius/video/not_augmented/pool40/green_bg/20230831_163856/m--20230831_163856--f000264.jpg,20230831_163856,mauritius,green,video,False,train,984.572584462831
data/processed/mauritius/video/not_augmented/pool40/green_bg/20230831_163856/m--20230831_163856--f000266.jpg,20230831_163856,mauritius,green,video,False,train,1273.5010761720148
data/processed/mauritius/video/not_augmented/pool40/green_bg/20230831_163856/m--20230831_163856--f000268.jpg,20230831_163856,mauritius,green,video,False,train,1137.3371131858048
data/processed/mauritius/video/not_augmented/pool40/green_bg/20230831_163856/m--20230831_163856--f000270.jpg,20230831_163856,mauritius,green,video,False,train,1043.5587332267555
data/processed/mauritius/video/not_augmented/pool40/green_bg/20230831_163856/m--20230831_163856--f001022.jpg,20230831_163856,mauritius,green,video,False,train,140.49021441297995
data/processed/mauritius/video/not_augmented/pool40/green_bg/20230831_163856/m--20230831_163856--f001024.jpg,20230831_163856,mauritius,green,video,False,train,378.40648914386406
data/processed/mauritius/video/not_augmented/pool40/green_bg/20230831_163856/m--20230831_163856--f001026.jpg,20230831_163856,mauritius,green,video,False,train,469.7587093395375
data/processed/mauritius/video/not_augmented/pool40/green_bg/20230831_163856/m--20230831_163856--f001028.jpg,20230831_163856,mauritius,green,video,False,train,491.236587212613
data/processed/mauritius/video/not_augmented/pool40/green_bg/20230831_163856/m--20230831_163856--f001030.jpg,20230831_163856,mauritius,green,video,False,train,765.1161511225383
data/processed/mauritius/video/not_augmented/pool40/green_bg/20230831_163856/m--20230831_163856--f001032.jpg,20230831_163856,mauritius,green,video,False,train,772.8960857780612
data/processed/mauritius/video/not_augmented/pool40/green_bg/20230831_163856/m--20230831_163856--f001034.jpg,20230831_163856,mauritius,green,video,False,train,139.82358095517807
data/processed/mauritius/video/not_augmented/pool40/green_bg/20230831_163856/m--20230831_163856--f001066.jpg,20230831_163856,mauritius,green,video,False,train,561.592036026808
data/processed/mauritius/video/not_augmented/pool40/green_bg/20230831_163856/m--20230831_163856--f001070.jpg,20230831_163856,mauritius,green,video,False,train,1385.2946627865924
data/processed/mauritius/video/not_augmented/pool40/green_bg/20230831_163856/m--20230831_163856--f001072.jpg,20230831_163856,mauritius,green,video,False,train,1758.7370256025165
data/processed/mauritius/video/not_augmented/pool40/green_bg/20230831_163856/m--20230831_163856--f001074.jpg,20230831_163856,mauritius,green,video,False,train,673.6063057463747
data/processed/mauritius/video/not_augmented/pool40/green_bg/20230831_163856/m--20230831_163856--f001076.jpg,20230831_163856,mauritius,green,video,False,train,433.8025350368107
data/processed/mauritius/video/not_augmented/pool40/green_bg/20230831_163856/m--20230831_163856--f001078.jpg,20230831_163856,mauritius,green,video,False,train,985.7079679047448
data/processed/mauritius/video/not_augmented/pool40/green_bg/20230831_163856/m--20230831_163856--f001082.jpg,20230831_163856,mauritius,green,video,False,train,818.1313375324471
data/processed/mauritius/video/not_augmented/pool40/green_bg/20230831_163856/m--20230831_163856--f001084.jpg,20230831_163856,mauritius,green,video,False,train,1009.7772440971904
data/processed/mauritius/video/not_augmented/pool40/green_bg/20230831_163856/m--20230831_163856--f001086.jpg,20230831_163856,mauritius,green,video,False,train,577.7050780471491
data/processed/mauritius/video/not_augmented/pool40/green_bg/20230831_163856/m--20230831_163856--f001088.jpg,20230831_163856,mauritius,green,video,False,train,899.2587691310642
data/processed/mauritius/video/not_augmented/pool40/green_bg/20230831_163856/m--20230831_163856--f001090.jpg,20230831_163856,mauritius,green,video,False,train,1012.2105188838444
data/processed/mauritius/video/not_augmented/pool40/green_bg/20230831_163856/m--20230831_163856--f001092.jpg,20230831_163856,mauritius,green,video,False,train,567.0092474426245
data/processed/mauritius/video/not_augmented/pool40/green_bg/20230831_163856/m--20230831_163856--f001094.jpg,20230831_163856,mauritius,green,video,False,train,386.16206951371737
data/processed/mauritius/video/not_augmented/pool40/green_bg/20230831_163856/m--20230831_163856--f001096.jpg,20230831_163856,mauritius,green,video,False,train,530.8168446923336
data/processed/mauritius/video/not_augmented/pool40/green_bg/20230831_163856/m--20230831_163856--f001184.jpg,20230831_163856,mauritius,green,video,False,train,21.12197066167651
data/processed/mauritius/video/not_augmented/pool40/green_bg/20230831_163856/m--20230831_163856--f001200.jpg,20230831_163856,mauritius,green,video,False,train,14.471619891604004
data/processed/mauritius/video/not_augmented/pool40/green_bg/20230831_163856/m--20230831_163856--f001204.jpg,20230831_163856,mauritius,green,video,False,train,16.612763048558868
data/processed/mauritius/video/not_augmented/pool40/green_bg/20230831_163856/m--20230831_163856--f001208.jpg,20230831_163856,mauritius,green,video,False,train,15.937460100586245
data/processed/mauritius/video/not_augmented/pool40/green_bg/20230831_163856/m--20230831_163856--f001212.jpg,20230831_163856,mauritius,green,video,False,train,212.3131775575993
data/processed/mauritius/video/not_augmented/pool40/green_bg/20230831_163856/m--20230831_163856--f001214.jpg,20230831_163856,mauritius,green,video,False,train,837.9977479173657
data/processed/mauritius/video/not_augmented/pool40/green_bg/20230831_163856/m--20230831_163856--f001216.jpg,20230831_163856,mauritius,green,video,False,train,1249.1482179821255
data/processed/mauritius/video/not_augmented/pool40/green_bg/20230831_163856/m--20230831_163856--f001222.jpg,20230831_163856,mauritius,green,video,False,train,1487.3558673326393
data/processed/mauritius/video/not_augmented/pool40/green_bg/20230831_163856/m--20230831_163856--f001226.jpg,20230831_163856,mauritius,green,video,False,train,1373.6016023024972
data/processed/mauritius/video/not_augmented/pool40/green_bg/20230831_163856/m--20230831_163856--f001228.jpg,20230831_163856,mauritius,green,video,False,train,2152.8364556188235
data/processed/mauritius/video/not_augmented/pool40/green_bg/20230831_163856/m--20230831_163856--f001230.jpg,20230831_163856,mauritius,green,video,False,train,1837.814433194756
data/processed/mauritius/video/not_augmented/pool40/green_bg/20230831_163856/m--20230831_163856--f001232.jpg,20230831_163856,mauritius,green,video,False,train,1705.1940967312755
data/processed/mauritius/video/not_augmented/pool40/green_bg/20230831_163856/m--20230831_163856--f001234.jpg,20230831_163856,mauritius,green,video,False,train,1688.9845145085314
data/processed/mauritius/video/not_augmented/pool40/green_bg/20230831_163856/m--20230831_163856--f001236.jpg,20230831_163856,mauritius,green,video,False,train,1646.7211414799494
data/processed/mauritius/video/not_augmented/pool40/green_bg/20230831_163856/m--20230831_163856--f001238.jpg,20230831_163856,mauritius,green,video,False,train,2195.668805763852
data/processed/mauritius/video/not_augmented/pool40/green_bg/20230831_163856/m--20230831_163856--f001240.jpg,20230831_163856,mauritius,green,video,False,train,2288.06640625
data/processed/mauritius/video/not_augmented/pool40/green_bg/20230831_163856/m--20230831_163856--f001242.jpg,20230831_163856,mauritius,green,video,False,train,2198.346859054534
data/processed/mauritius/video/not_augmented/pool40/green_bg/20230831_163856/m--20230831_163856--f001244.jpg,20230831_163856,mauritius,green,video,False,train,1865.631098455312
data/processed/mauritius/video/not_augmented/pool40/green_bg/20230831_163856/m--20230831_163856--f001246.jpg,20230831_163856,mauritius,green,video,False,train,2296.8879145408164
data/processed/mauritius/video/not_augmented/pool40/green_bg/20230831_163856/m--20230831_163856--f001248.jpg,20230831_163856,mauritius,green,video,False,train,1914.690309993628
data/processed/mauritius/video/not_augmented/pool40/green_bg/20230831_163856/m--20230831_163856--f001252.jpg,20230831_163856,mauritius,green,video,False,train,1992.70972177894
data/processed/mauritius/video/not_augmented/pool40/green_bg/20230831_163856/m--20230831_163856--f001254.jpg,20230831_163856,mauritius,green,video,False,train,1664.7821667475384
data/processed/mauritius/video/not_augmented/pool40/green_bg/20230831_163856/m--20230831_163856--f001256.jpg,20230831_163856,mauritius,green,video,False,train,2709.705197704081
data/processed/mauritius/video/not_augmented/pool40/green_bg/20230831_163856/m--20230831_163856--f001258.jpg,20230831_163856,mauritius,green,video,False,train,2313.472556600368
data/processed/mauritius/video/not_augmented/pool40/green_bg/20230831_163856/m--20230831_163856--f001260.jpg,20230831_163856,mauritius,green,video,False,train,2099.5058792726736
data/processed/mauritius/video/not_augmented/pool40/green_bg/20230831_163856/m--20230831_163856--f001262.jpg,20230831_163856,mauritius,green,video,False,train,1717.7386200538233
data/processed/mauritius/video/not_augmented/pool40/green_bg/20230831_163856/m--20230831_163856--f001264.jpg,20230831_163856,mauritius,green,video,False,train,1777.3806998583734
data/processed/mauritius/video/not_augmented/pool40/green_bg/20230831_163856/m--20230831_163856--f001266.jpg,20230831_163856,mauritius,green,video,False,train,2711.711993781491
data/processed/mauritius/video/not_augmented/pool40/green_bg/20230831_163856/m--20230831_163856--f001268.jpg,20230831_163856,mauritius,green,video,False,train,2389.9276745755296
data/processed/mauritius/video/not_augmented/pool40/green_bg/20230831_163856/m--20230831_163856--f001270.jpg,20230831_163856,mauritius,green,video,False,train,2105.599091173559
data/processed/mauritius/video/not_augmented/pool40/green_bg/20230831_163856/m--20230831_163856--f001272.jpg,20230831_163856,mauritius,green,video,False,train,2198.338727678572
data/processed/mauritius/video/not_augmented/pool40/green_bg/20230831_163856/m--20230831_163856--f001274.jpg,20230831_163856,mauritius,green,video,False,train,2202.0723652643046
data/processed/mauritius/video/not_augmented/pool40/green_bg/20230831_163856/m--20230831_163856--f001276.jpg,20230831_163856,mauritius,green,video,False,train,1620.8975007777312
data/processed/mauritius/video/not_augmented/pool40/green_bg/20230831_163856/m--20230831_163856--f001278.jpg,20230831_163856,mauritius,green,video,False,train,1251.2778619117214
data/processed/mauritius/video/not_augmented/pool40/green_bg/20230831_163856/m--20230831_163856--f001280.jpg,20230831_163856,mauritius,green,video,False,train,1722.0487484056123
data/processed/mauritius/video/not_augmented/pool40/green_bg/20230831_163856/m--20230831_163856--f001286.jpg,20230831_163856,mauritius,green,video,False,train,1384.2423469387754
data/processed/mauritius/video/not_augmented/pool40/green_bg/20230831_163856/m--20230831_163856--f001288.jpg,20230831_163856,mauritius,green,video,False,train,1646.4015465561224
data/processed/mauritius/video/not_augmented/pool40/green_bg/20230831_163856/m--20230831_163856--f001290.jpg,20230831_163856,mauritius,green,video,False,train,997.1581034563028
data/processed/mauritius/video/not_augmented/pool40/green_bg/20230831_164728/m--20230831_164728--f000186.jpg,20230831_164728,mauritius,green,video,False,val,11.94491390147243
data/processed/mauritius/video/not_augmented/pool40/green_bg/20230831_164728/m--20230831_164728--f000188.jpg,20230831_164728,mauritius,green,video,False,val,11.73539135506728
data/processed/mauritius/video/not_augmented/pool40/green_bg/20230831_164728/m--20230831_164728--f000190.jpg,20230831_164728,mauritius,green,video,False,val,9.40385841677855
data/processed/mauritius/video/not_augmented/pool40/green_bg/20230831_164728/m--20230831_164728--f000192.jpg,20230831_164728,mauritius,green,video,False,val,14.312280761753703
data/processed/mauritius/video/not_augmented/pool40/green_bg/20230831_164728/m--20230831_164728--f000194.jpg,20230831_164728,mauritius,green,video,False,val,32.300302927318285
data/processed/mauritius/video/not_augmented/pool40/green_bg/20230831_164728/m--20230831_164728--f000196.jpg,20230831_164728,mauritius,green,video,False,val,748.3171037275164
data/processed/mauritius/video/not_augmented/pool40/green_bg/20230831_164728/m--20230831_164728--f000198.jpg,20230831_164728,mauritius,green,video,False,val,1259.9520687081822
data/processed/mauritius/video/not_augmented/pool40/green_bg/20230831_164728/m--20230831_164728--f000200.jpg,20230831_164728,mauritius,green,video,False,val,1421.4985650113006
data/processed/mauritius/video/not_augmented/pool40/green_bg/20230831_164728/m--20230831_164728--f000202.jpg,20230831_164728,mauritius,green,video,False,val,1599.8996133605724
data/processed/mauritius/video/not_augmented/pool40/green_bg/20230831_164728/m--20230831_164728--f000204.jpg,20230831_164728,mauritius,green,video,False,val,1548.7723612739662
data/processed/mauritius/video/not_augmented/pool40/green_bg/20230831_164728/m--20230831_164728--f000206.jpg,20230831_164728,mauritius,green,video,False,val,1546.1889548752515
data/processed/mauritius/video/not_augmented/pool40/green_bg/20230831_164728/m--20230831_164728--f000208.jpg,20230831_164728,mauritius,green,video,False,val,1448.4540417157627
data/processed/mauritius/video/not_augmented/pool40/green_bg/20230831_164728/m--20230831_164728--f000210.jpg,20230831_164728,mauritius,green,video,False,val,1079.1669921394391
data/processed/mauritius/video/not_augmented/pool40/green_bg/20230831_164728/m--20230831_164728--f000212.jpg,20230831_164728,mauritius,green,video,False,val,1043.2920319800671
data/processed/mauritius/video/not_augmented/pool40/green_bg/20230831_164728/m--20230831_164728--f000214.jpg,20230831_164728,mauritius,green,video,False,val,1117.8139349346802
data/processed/mauritius/video/not_augmented/pool40/green_bg/20230831_164728/m--20230831_164728--f000216.jpg,20230831_164728,mauritius,green,video,False,val,1258.534677876477
data/processed/mauritius/video/not_augmented/pool40/green_bg/20230831_164728/m--20230831_164728--f000218.jpg,20230831_164728,mauritius,green,video,False,val,1277.7499402005292
data/processed/mauritius/video/not_augmented/pool40/green_bg/20230831_164728/m--20230831_164728--f000220.jpg,20230831_164728,mauritius,green,video,False,val,1131.151207681598
data/processed/mauritius/video/not_augmented/pool40/green_bg/20230831_164728/m--20230831_164728--f000222.jpg,20230831_164728,mauritius,green,video,False,val,1034.009287251477
data/processed/mauritius/video/not_augmented/pool40/green_bg/20230831_164728/m--20230831_164728--f000224.jpg,20230831_164728,mauritius,green,video,False,val,1078.176857436314
data/processed/mauritius/video/not_augmented/pool40/green_bg/20230831_164728/m--20230831_164728--f000226.jpg,20230831_164728,mauritius,green,video,False,val,702.224011478003
data/processed/mauritius/video/not_augmented/pool40/green_bg/20230831_164728/m--20230831_164728--f000228.jpg,20230831_164728,mauritius,green,video,False,val,512.7718231629352
data/processed/mauritius/video/not_augmented/pool40/green_bg/20230831_164728/m--20230831_164728--f000230.jpg,20230831_164728,mauritius,green,video,False,val,488.1033960316192
data/processed/mauritius/video/not_augmented/pool40/green_bg/20230831_164728/m--20230831_164728--f000232.jpg,20230831_164728,mauritius,green,video,False,val,1238.18437089924
data/processed/mauritius/video/not_augmented/pool40/green_bg/20230831_164728/m--20230831_164728--f000238.jpg,20230831_164728,mauritius,green,video,False,val,731.4786152643048
data/processed/mauritius/video/not_augmented/pool40/green_bg/20230831_164728/m--20230831_164728--f000240.jpg,20230831_164728,mauritius,green,video,False,val,859.2175940434569
data/processed/mauritius/video/not_augmented/pool40/green_bg/20230831_164728/m--20230831_164728--f000242.jpg,20230831_164728,mauritius,green,video,False,val,893.7732978159067
data/processed/mauritius/video/not_augmented/pool40/green_bg/20230831_164728/m--20230831_164728--f000244.jpg,20230831_164728,mauritius,green,video,False,val,1045.5159239473069
data/processed/mauritius/video/not_augmented/pool40/green_bg/20230831_164728/m--20230831_164728--f000246.jpg,20230831_164728,mauritius,green,video,False,val,849.3014389250189
data/processed/mauritius/video/not_augmented/pool40/green_bg/20230831_164728/m--20230831_164728--f000248.jpg,20230831_164728,mauritius,green,video,False,val,705.2131895691293
data/processed/mauritius/video/not_augmented/pool40/green_bg/20230831_164728/m--20230831_164728--f000250.jpg,20230831_164728,mauritius,green,video,False,val,137.16270724498744
data/processed/mauritius/video/not_augmented/pool40/green_bg/20230831_164728/m--20230831_164728--f000252.jpg,20230831_164728,mauritius,green,video,False,val,128.81192200226567
data/processed/mauritius/video/not_augmented/pool40/green_bg/20230831_164728/m--20230831_164728--f001044.jpg,20230831_164728,mauritius,green,video,False,val,290.94714602049766
data/processed/mauritius/video/not_augmented/pool40/green_bg/20230831_164728/m--20230831_164728--f001046.jpg,20230831_164728,mauritius,green,video,False,val,368.7277383287963
data/processed/mauritius/video/not_augmented/pool40/green_bg/20230831_164728/m--20230831_164728--f001048.jpg,20230831_164728,mauritius,green,video,False,val,510.1111686862245
data/processed/mauritius/video/not_augmented/pool40/green_bg/20230831_164728/m--20230831_164728--f001050.jpg,20230831_164728,mauritius,green,video,False,val,1785.9172313134902
data/processed/mauritius/video/not_augmented/pool40/green_bg/20230831_164728/m--20230831_164728--f001052.jpg,20230831_164728,mauritius,green,video,False,val,874.4817840182151
data/processed/mauritius/video/not_augmented/pool40/green_bg/20230831_164728/m--20230831_164728--f001054.jpg,20230831_164728,mauritius,green,video,False,val,495.6358617630069
data/processed/mauritius/video/not_augmented/pool40/green_bg/20230831_164728/m--20230831_164728--f001056.jpg,20230831_164728,mauritius,green,video,False,val,223.3358776782861
data/processed/mauritius/video/not_augmented/pool40/green_bg/20230831_164728/m--20230831_164728--f001058.jpg,20230831_164728,mauritius,green,video,False,val,376.4102558988375
data/processed/mauritius/video/not_augmented/pool40/green_bg/20230831_164728/m--20230831_164728--f001060.jpg,20230831_164728,mauritius,green,video,False,val,1123.5913584120124
data/processed/mauritius/video/not_augmented/pool40/green_bg/20230831_164728/m--20230831_164728--f001062.jpg,20230831_164728,mauritius,green,video,False,val,801.8970419515525
data/processed/mauritius/video/not_augmented/pool40/green_bg/20230831_164728/m--20230831_164728--f001068.jpg,20230831_164728,mauritius,green,video,False,val,730.7749720978171
data/processed/mauritius/video/not_augmented/pool40/green_bg/20230831_164728/m--20230831_164728--f001070.jpg,20230831_164728,mauritius,green,video,False,val,1181.7764666079484
data/processed/mauritius/video/not_augmented/pool40/green_bg/20230831_164728/m--20230831_164728--f001122.jpg,20230831_164728,mauritius,green,video,False,val,1759.011738247298
data/processed/mauritius/video/not_augmented/pool40/green_bg/20230831_164728/m--20230831_164728--f001124.jpg,20230831_164728,mauritius,green,video,False,val,3715.188336996375
data/processed/mauritius/video/not_augmented/pool40/green_bg/20230831_164728/m--20230831_164728--f001128.jpg,20230831_164728,mauritius,green,video,False,val,2763.260004776808
data/processed/mauritius/video/not_augmented/pool40/green_bg/20230831_164728/m--20230831_164728--f001250.jpg,20230831_164728,mauritius,green,video,False,val,2531.810048580765
data/processed/mauritius/video/not_augmented/pool40/green_bg/20230831_164728/m--20230831_164728--f001290.jpg,20230831_164728,mauritius,green,video,False,val,1437.324318379772
data/processed/mauritius/video/not_augmented/pool40/green_bg/20230831_164728/m--20230831_164728--f001292.jpg,20230831_164728,mauritius,green,video,False,val,1229.7862921841488
data/processed/mauritius/video/not_augmented/pool40/green_bg/20230902_052035/m--20230902_052035--f000222.jpg,20230902_052035,mauritius,green,video,False,train,36.69547041194333
data/processed/mauritius/video/not_augmented/pool40/green_bg/20230902_052035/m--20230902_052035--f000224.jpg,20230902_052035,mauritius,green,video,False,train,38.577028123997785
data/processed/mauritius/video/not_augmented/pool40/green_bg/20230902_052035/m--20230902_052035--f000226.jpg,20230902_052035,mauritius,green,video,False,train,56.40036974147875
data/processed/mauritius/video/not_augmented/pool40/green_bg/20230902_052035/m--20230902_052035--f000228.jpg,20230902_052035,mauritius,green,video,False,train,95.10654488388371
data/processed/mauritius/video/not_augmented/pool40/green_bg/20230902_052035/m--20230902_052035--f000230.jpg,20230902_052035,mauritius,green,video,False,train,110.58390185297752
data/processed/mauritius/video/not_augmented/pool40/green_bg/20230902_052035/m--20230902_052035--f000232.jpg,20230902_052035,mauritius,green,video,False,train,95.7926100127551
data/processed/mauritius/video/not_augmented/pool40/green_bg/20230902_052035/m--20230902_052035--f000234.jpg,20230902_052035,mauritius,green,video,False,train,90.53142915850428
data/processed/mauritius/video/not_augmented/pool40/green_bg/20230902_052035/m--20230902_052035--f000236.jpg,20230902_052035,mauritius,green,video,False,train,105.83059626130051
data/processed/mauritius/video/not_augmented/pool40/green_bg/20230902_052035/m--20230902_052035--f000238.jpg,20230902_052035,mauritius,green,video,False,train,135.7236926020408
data/processed/mauritius/video/not_augmented/pool40/green_bg/20230902_052035/m--20230902_052035--f000240.jpg,20230902_052035,mauritius,green,video,False,train,192.29946587851325
data/processed/mauritius/video/not_augmented/pool40/green_bg/20230902_052035/m--20230902_052035--f000242.jpg,20230902_052035,mauritius,green,video,False,train,198.0452803834584
data/processed/mauritius/video/not_augmented/pool40/green_bg/20230902_052035/m--20230902_052035--f000244.jpg,20230902_052035,mauritius,green,video,False,train,233.7184111826721
data/processed/mauritius/video/not_augmented/pool40/green_bg/20230902_052035/m--20230902_052035--f000246.jpg,20230902_052035,mauritius,green,video,False,train,287.1861049107143
data/processed/mauritius/video/not_augmented/pool40/green_bg/20230902_052035/m--20230902_052035--f000248.jpg,20230902_052035,mauritius,green,video,False,train,246.06815956176092
data/processed/mauritius/video/not_augmented/pool40/green_bg/20230902_052035/m--20230902_052035--f000250.jpg,20230902_052035,mauritius,green,video,False,train,282.1357820150208
data/processed/mauritius/video/not_augmented/pool40/green_bg/20230902_052035/m--20230902_052035--f000252.jpg,20230902_052035,mauritius,green,video,False,train,276.3216477961701
data/processed/mauritius/video/not_augmented/pool40/green_bg/20230902_052035/m--20230902_052035--f000254.jpg,20230902_052035,mauritius,green,video,False,train,268.0080515564804
data/processed/mauritius/video/not_augmented/pool40/green_bg/20230902_052035/m--20230902_052035--f000256.jpg,20230902_052035,mauritius,green,video,False,train,204.89588640174088
data/processed/mauritius/video/not_augmented/pool40/green_bg/20230902_052035/m--20230902_052035--f000258.jpg,20230902_052035,mauritius,green,video,False,train,155.93460983814967
data/processed/mauritius/video/not_augmented/pool40/green_bg/20230902_052035/m--20230902_052035--f000260.jpg,20230902_052035,mauritius,green,video,False,train,106.76614309816942
data/processed/mauritius/video/not_augmented/pool40/green_bg/20230902_052035/m--20230902_052035--f000262.jpg,20230902_052035,mauritius,green,video,False,train,78.49394126933399
data/processed/mauritius/video/not_augmented/pool40/green_bg/20230902_052035/m--20230902_052035--f000264.jpg,20230902_052035,mauritius,green,video,False,train,69.25916673659484
data/processed/mauritius/video/not_augmented/pool40/green_bg/20230902_052035/m--20230902_052035--f000266.jpg,20230902_052035,mauritius,green,video,False,train,76.36204354041124
data/processed/mauritius/video/not_augmented/pool40/green_bg/20230902_052035/m--20230902_052035--f000268.jpg,20230902_052035,mauritius,green,video,False,train,74.50091577996218
data/processed/mauritius/video/not_augmented/pool40/green_bg/20230902_052035/m--20230902_052035--f000270.jpg,20230902_052035,mauritius,green,video,False,train,70.31548947704081
data/processed/mauritius/video/not_augmented/pool40/green_bg/20230902_052035/m--20230902_052035--f000272.jpg,20230902_052035,mauritius,green,video,False,train,64.46229272800304
data/processed/mauritius/video/not_augmented/pool40/green_bg/20230902_052035/m--20230902_052035--f000274.jpg,20230902_052035,mauritius,green,video,False,train,64.22512723961654
data/processed/mauritius/video/not_augmented/pool40/green_bg/20230902_052035/m--20230902_052035--f000276.jpg,20230902_052035,mauritius,green,video,False,train,70.10014681317617
data/processed/mauritius/video/not_augmented/pool40/green_bg/20230902_052035/m--20230902_052035--f000278.jpg,20230902_052035,mauritius,green,video,False,train,69.66418202188501
data/processed/mauritius/video/not_augmented/pool40/green_bg/20230902_052035/m--20230902_052035--f000280.jpg,20230902_052035,mauritius,green,video,False,train,61.52851946758061
data/processed/mauritius/video/not_augmented/pool40/green_bg/20230902_052035/m--20230902_052035--f000282.jpg,20230902_052035,mauritius,green,video,False,train,64.07924104600787
data/processed/mauritius/video/not_augmented/pool40/green_bg/20230902_052035/m--20230902_052035--f000284.jpg,20230902_052035,mauritius,green,video,False,train,91.9884207489986
data/processed/mauritius/video/not_augmented/pool40/green_bg/20230902_052035/m--20230902_052035--f000286.jpg,20230902_052035,mauritius,green,video,False,train,152.83123364939087
data/processed/mauritius/video/not_augmented/pool40/green_bg/20230902_052035/m--20230902_052035--f000288.jpg,20230902_052035,mauritius,green,video,False,train,313.49699058318225
data/processed/mauritius/video/not_augmented/pool40/green_bg/20230902_052035/m--20230902_052035--f000290.jpg,20230902_052035,mauritius,green,video,False,train,482.7632134690577
data/processed/mauritius/video/not_augmented/pool40/green_bg/20230902_052035/m--20230902_052035--f000292.jpg,20230902_052035,mauritius,green,video,False,train,544.4566525793334
data/processed/mauritius/video/not_augmented/pool40/green_bg/20230902_052035/m--20230902_052035--f000294.jpg,20230902_052035,mauritius,green,video,False,train,619.0207468272745
data/processed/mauritius/video/not_augmented/pool40/green_bg/20230902_052035/m--20230902_052035--f000296.jpg,20230902_052035,mauritius,green,video,False,train,1111.4789539799497
data/processed/mauritius/video/not_augmented/pool40/green_bg/20230902_052035/m--20230902_052035--f000298.jpg,20230902_052035,mauritius,green,video,False,train,1428.3675657345425
data/processed/mauritius/video/not_augmented/pool40/green_bg/20230902_052035/m--20230902_052035--f000300.jpg,20230902_052035,mauritius,green,video,False,train,1911.5299143662112
data/processed/mauritius/video/not_augmented/pool40/green_bg/20230902_052035/m--20230902_052035--f000302.jpg,20230902_052035,mauritius,green,video,False,train,1965.5342194800676
data/processed/mauritius/video/not_augmented/pool40/green_bg/20230902_052035/m--20230902_052035--f000304.jpg,20230902_052035,mauritius,green,video,False,train,2163.323780267947
data/processed/mauritius/video/not_augmented/pool40/green_bg/20230902_052035/m--20230902_052035--f000306.jpg,20230902_052035,mauritius,green,video,False,train,2547.374282214106
data/processed/mauritius/video/not_augmented/pool40/green_bg/20230902_052035/m--20230902_052035--f000308.jpg,20230902_052035,mauritius,green,video,False,train,2720.801777227577
data/processed/mauritius/video/not_augmented/pool40/green_bg/20230902_052035/m--20230902_052035--f000310.jpg,20230902_052035,mauritius,green,video,False,train,2753.1530612229003
data/processed/mauritius/video/not_augmented/pool40/green_bg/20230902_052035/m--20230902_052035--f000312.jpg,20230902_052035,mauritius,green,video,False,train,2277.724948182001
data/processed/mauritius/video/not_augmented/pool40/green_bg/20230902_052035/m--20230902_052035--f000314.jpg,20230902_052035,mauritius,green,video,False,train,1743.1657165879265
data/processed/mauritius/video/not_augmented/pool40/green_bg/20230902_052035/m--20230902_052035--f000316.jpg,20230902_052035,mauritius,green,video,False,train,778.9474648980486
data/processed/mauritius/video/not_augmented/pool40/green_bg/20230902_052035/m--20230902_052035--f000318.jpg,20230902_052035,mauritius,green,video,False,train,311.0220224804701
data/processed/mauritius/video/not_augmented/pool40/green_bg/20230902_052035/m--20230902_052035--f000320.jpg,20230902_052035,mauritius,green,video,False,train,198.044523085817
data/processed/mauritius/video/not_augmented/pool40/green_bg/20230902_052035/m--20230902_052035--f000322.jpg,20230902_052035,mauritius,green,video,False,train,119.18164046612048
data/processed/mauritius/video/not_augmented/pool40/green_bg/20230902_052035/m--20230902_052035--f000324.jpg,20230902_052035,mauritius,green,video,False,train,61.41362388448784
data/processed/mauritius/video/not_augmented/pool40/green_bg/20230902_052035/m--20230902_052035--f000326.jpg,20230902_052035,mauritius,green,video,False,train,40.57049185869248
data/processed/mauritius/video/not_augmented/pool40/green_bg/20230902_052035/m--20230902_052035--f001408.jpg,20230902_052035,mauritius,green,video,False,train,1306.9875637691548
data/processed/mauritius/video/not_augmented/pool40/green_bg/20230902_052035/m--20230902_052035--f001410.jpg,20230902_052035,mauritius,green,video,False,train,1461.8393853535904
data/processed/mauritius/video/not_augmented/pool40/green_bg/20230902_052035/m--20230902_052035--f001412.jpg,20230902_052035,mauritius,green,video,False,train,1185.1024394069102
data/processed/mauritius/video/not_augmented/pool40/green_bg/20230902_052035/m--20230902_052035--f001414.jpg,20230902_052035,mauritius,green,video,False,train,1104.4208385462764
data/processed/mauritius/video/not_augmented/pool40/green_bg/20230902_052035/m--20230902_052035--f001416.jpg,20230902_052035,mauritius,green,video,False,train,1219.0142497511913
data/processed/mauritius/video/not_augmented/pool40/green_bg/20230902_052035/m--20230902_052035--f001418.jpg,20230902_052035,mauritius,green,video,False,train,892.1553132967966
data/processed/mauritius/video/not_augmented/pool40/green_bg/20230902_052035/m--20230902_052035--f001420.jpg,20230902_052035,mauritius,green,video,False,train,653.3378905852801
data/processed/mauritius/video/not_augmented/pool40/green_bg/20230902_052035/m--20230902_052035--f001424.jpg,20230902_052035,mauritius,green,video,False,train,695.7337769457123
data/processed/mauritius/video/not_augmented/pool40/green_bg/20230902_052035/m--20230902_052035--f001654.jpg,20230902_052035,mauritius,green,video,False,train,266.3741627541844
data/processed/mauritius/video/not_augmented/pool40/green_bg/20230902_052035/m--20230902_052035--f001656.jpg,20230902_052035,mauritius,green,video,False,train,212.9070471922888
data/processed/mauritius/video/not_augmented/pool40/green_bg/20230902_052035/m--20230902_052035--f001658.jpg,20230902_052035,mauritius,green,video,False,train,592.165597097817
data/processed/mauritius/video/not_augmented/pool40/green_bg/20230902_052035/m--20230902_052035--f001660.jpg,20230902_052035,mauritius,green,video,False,train,338.73931760045207
data/processed/mauritius/video/not_augmented/pool40/green_bg/20230902_052035/m--20230902_052035--f001662.jpg,20230902_052035,mauritius,green,video,False,train,340.6172472891436
data/processed/mauritius/video/not_augmented/pool40/green_bg/20230902_053329/m--20230902_053329--f000220.jpg,20230902_053329,mauritius,green,video,False,train,248.45980120916656
data/processed/mauritius/video/not_augmented/pool40/green_bg/20230902_053329/m--20230902_053329--f000222.jpg,20230902_053329,mauritius,green,video,False,train,292.1870811836563
data/processed/mauritius/video/not_augmented/pool40/green_bg/20230902_053329/m--20230902_053329--f000224.jpg,20230902_053329,mauritius,green,video,False,train,283.3082549326721
data/processed/mauritius/video/not_augmented/pool40/green_bg/20230902_053329/m--20230902_053329--f000226.jpg,20230902_053329,mauritius,green,video,False,train,195.9352877865926
data/processed/mauritius/video/not_augmented/pool40/green_bg/20230902_053329/m--20230902_053329--f000228.jpg,20230902_053329,mauritius,green,video,False,train,167.21512276150196
data/processed/mauritius/video/not_augmented/pool40/green_bg/20230902_053329/m--20230902_053329--f000230.jpg,20230902_053329,mauritius,green,video,False,train,149.88845257955705
data/processed/mauritius/video/not_augmented/pool40/green_bg/20230902_053329/m--20230902_053329--f000232.jpg,20230902_053329,mauritius,green,video,False,train,192.42775412968223
data/processed/mauritius/video/not_augmented/pool40/green_bg/20230902_053329/m--20230902_053329--f000234.jpg,20230902_053329,mauritius,green,video,False,train,174.97427055767204
data/processed/mauritius/video/not_augmented/pool40/green_bg/20230902_053329/m--20230902_053329--f000236.jpg,20230902_053329,mauritius,green,video,False,train,140.9487003054732
data/processed/mauritius/video/not_augmented/pool40/green_bg/20230902_053329/m--20230902_053329--f000238.jpg,20230902_053329,mauritius,green,video,False,train,129.99766818844543
data/processed/mauritius/video/not_augmented/pool40/green_bg/20230902_053329/m--20230902_053329--f000240.jpg,20230902_053329,mauritius,green,video,False,train,88.63560266427228
data/processed/mauritius/video/not_augmented/pool40/green_bg/20230902_053329/m--20230902_053329--f000242.jpg,20230902_053329,mauritius,green,video,False,train,88.04179282190402
data/processed/mauritius/video/not_augmented/pool40/green_bg/20230902_053329/m--20230902_053329--f000244.jpg,20230902_053329,mauritius,green,video,False,train,95.16531801323056
data/processed/mauritius/video/not_augmented/pool40/green_bg/20230902_053329/m--20230902_053329--f000246.jpg,20230902_053329,mauritius,green,video,False,train,153.89207986889656
data/processed/mauritius/video/not_augmented/pool40/green_bg/20230902_053329/m--20230902_053329--f000248.jpg,20230902_053329,mauritius,green,video,False,train,310.93022549107684
data/processed/mauritius/video/not_augmented/pool40/green_bg/20230902_053329/m--20230902_053329--f000250.jpg,20230902_053329,mauritius,green,video,False,train,396.8350804971189
data/processed/mauritius/video/not_augmented/pool40/green_bg/20230902_053329/m--20230902_053329--f000252.jpg,20230902_053329,mauritius,green,video,False,train,479.2320630090627
data/processed/mauritius/video/not_augmented/pool40/green_bg/20230902_053329/m--20230902_053329--f000254.jpg,20230902_053329,mauritius,green,video,False,train,454.8205715844354
data/processed/mauritius/video/not_augmented/pool40/green_bg/20230902_053329/m--20230902_053329--f000256.jpg,20230902_053329,mauritius,green,video,False,train,1306.1721937186717
data/processed/mauritius/video/not_augmented/pool40/green_bg/20230902_053329/m--20230902_053329--f000258.jpg,20230902_053329,mauritius,green,video,False,train,301.1466238835314
data/processed/mauritius/video/not_augmented/pool40/green_bg/20230902_053329/m--20230902_053329--f000260.jpg,20230902_053329,mauritius,green,video,False,train,221.37737163232296
data/processed/mauritius/video/not_augmented/pool40/green_bg/20230902_053329/m--20230902_053329--f000262.jpg,20230902_053329,mauritius,green,video,False,train,245.15027053114875
data/processed/mauritius/video/not_augmented/pool40/green_bg/20230902_053329/m--20230902_053329--f000264.jpg,20230902_053329,mauritius,green,video,False,train,195.52863904666225
data/processed/mauritius/video/not_augmented/pool40/green_bg/20230902_053329/m--20230902_053329--f000266.jpg,20230902_053329,mauritius,green,video,False,train,306.6257971684568
data/processed/mauritius/video/not_augmented/pool40/green_bg/20230902_053329/m--20230902_053329--f000268.jpg,20230902_053329,mauritius,green,video,False,train,375.5340990907
data/processed/mauritius/video/not_augmented/pool40/green_bg/20230902_053329/m--20230902_053329--f000270.jpg,20230902_053329,mauritius,green,video,False,train,604.8065409563026
data/processed/mauritius/video/not_augmented/pool40/green_bg/20230902_053329/m--20230902_053329--f000272.jpg,20230902_053329,mauritius,green,video,False,train,772.9101959174499
data/processed/mauritius/video/not_augmented/pool40/green_bg/20230902_053329/m--20230902_053329--f000274.jpg,20230902_053329,mauritius,green,video,False,train,983.4187259825006
data/processed/mauritius/video/not_augmented/pool40/green_bg/20230902_053329/m--20230902_053329--f000276.jpg,20230902_053329,mauritius,green,video,False,train,949.3863400634456
data/processed/mauritius/video/not_augmented/pool40/green_bg/20230902_053329/m--20230902_053329--f000278.jpg,20230902_053329,mauritius,green,video,False,train,1000.6136798469388
data/processed/mauritius/video/not_augmented/pool40/green_bg/20230902_053329/m--20230902_053329--f000280.jpg,20230902_053329,mauritius,green,video,False,train,861.7429046170108
data/processed/mauritius/video/not_augmented/pool40/green_bg/20230902_053329/m--20230902_053329--f000286.jpg,20230902_053329,mauritius,green,video,False,train,620.850546077409
data/processed/mauritius/video/not_augmented/pool40/green_bg/20230902_053329/m--20230902_053329--f000288.jpg,20230902_053329,mauritius,green,video,False,train,329.0975765242571
data/processed/mauritius/video/not_augmented/pool40/green_bg/20230902_053329/m--20230902_053329--f000290.jpg,20230902_053329,mauritius,green,video,False,train,110.90294151671576
data/processed/mauritius/video/not_augmented/pool40/green_bg/20230902_053329/m--20230902_053329--f001198.jpg,20230902_053329,mauritius,green,video,False,train,740.2433829794124
data/processed/mauritius/video/not_augmented/pool40/green_bg/20230902_053329/m--20230902_053329--f001200.jpg,20230902_053329,mauritius,green,video,False,train,928.1903299604144
data/processed/mauritius/video/not_augmented/pool40/green_bg/20230902_053329/m--20230902_053329--f001202.jpg,20230902_053329,mauritius,green,video,False,train,1043.160813391184
data/processed/mauritius/video/not_augmented/pool40/green_bg/20230902_053329/m--20230902_053329--f001204.jpg,20230902_053329,mauritius,green,video,False,train,1956.7002743641965
data/processed/mauritius/video/not_augmented/pool40/green_bg/20230902_053329/m--20230902_053329--f001206.jpg,20230902_053329,mauritius,green,video,False,train,1507.5255097449196
data/processed/mauritius/video/not_augmented/pool40/green_bg/20230902_053329/m--20230902_053329--f001208.jpg,20230902_053329,mauritius,green,video,False,train,1946.5583345471991
data/processed/mauritius/video/not_augmented/pool40/green_bg/20230902_053329/m--20230902_053329--f001210.jpg,20230902_053329,mauritius,green,video,False,train,1373.4362244834406
data/processed/mauritius/video/not_augmented/pool40/green_bg/20230902_053329/m--20230902_053329--f001212.jpg,20230902_053329,mauritius,green,video,False,train,762.921336718968
data/processed/mauritius/video/not_augmented/pool40/green_bg/20230902_053329/m--20230902_053329--f001214.jpg,20230902_053329,mauritius,green,video,False,train,759.4529655469252
data/processed/mauritius/video/not_augmented/pool40/green_bg/20230902_053329/m--20230902_053329--f001216.jpg,20230902_053329,mauritius,green,video,False,train,685.5289775907173
data/processed/mauritius/video/not_augmented/pool40/green_bg/20230902_053329/m--20230902_053329--f001470.jpg,20230902_053329,mauritius,green,video,False,train,1192.9122688074203
data/processed/mauritius/video/not_augmented/pool40/green_bg/20230902_054933/m--20230902_054933--f000202.jpg,20230902_054933,mauritius,green,video,False,train,209.48437497457928
data/processed/mauritius/video/not_augmented/pool40/green_bg/20230902_054933/m--20230902_054933--f000204.jpg,20230902_054933,mauritius,green,video,False,train,217.93642378667647
data/processed/mauritius/video/not_augmented/pool40/green_bg/20230902_054933/m--20230902_054933--f000206.jpg,20230902_054933,mauritius,green,video,False,train,817.6110690334151
data/processed/mauritius/video/not_augmented/pool40/green_bg/20230902_054933/m--20230902_054933--f000210.jpg,20230902_054933,mauritius,green,video,False,train,562.3701969064905
data/processed/mauritius/video/not_augmented/pool40/green_bg/20230902_054933/m--20230902_054933--f000212.jpg,20230902_054933,mauritius,green,video,False,train,453.9229711411844
data/processed/mauritius/video/not_augmented/pool40/green_bg/20230902_054933/m--20230902_054933--f000214.jpg,20230902_054933,mauritius,green,video,False,train,516.555265465164
data/processed/mauritius/video/not_augmented/pool40/green_bg/20230902_054933/m--20230902_054933--f000216.jpg,20230902_054933,mauritius,green,video,False,train,643.3365154556312
data/processed/mauritius/video/not_augmented/pool40/green_bg/20230902_054933/m--20230902_054933--f000218.jpg,20230902_054933,mauritius,green,video,False,train,866.714983191802
data/processed/mauritius/video/not_augmented/pool40/green_bg/20230902_054933/m--20230902_054933--f000220.jpg,20230902_054933,mauritius,green,video,False,train,845.7156010698847
data/processed/mauritius/video/not_augmented/pool40/green_bg/20230902_054933/m--20230902_054933--f000222.jpg,20230902_054933,mauritius,green,video,False,train,846.4154177280028
data/processed/mauritius/video/not_augmented/pool40/green_bg/20230902_054933/m--20230902_054933--f000224.jpg,20230902_054933,mauritius,green,video,False,train,684.6008449476592
data/processed/mauritius/video/not_augmented/pool40/green_bg/20230902_054933/m--20230902_054933--f000226.jpg,20230902_054933,mauritius,green,video,False,train,773.416075239376
data/processed/mauritius/video/not_augmented/pool40/green_bg/20230902_054933/m--20230902_054933--f000232.jpg,20230902_054933,mauritius,green,video,False,train,794.7299900269419
data/processed/mauritius/video/not_augmented/pool40/green_bg/20230902_054933/m--20230902_054933--f000234.jpg,20230902_054933,mauritius,green,video,False,train,935.7696109693876
data/processed/mauritius/video/not_augmented/pool40/green_bg/20230902_054933/m--20230902_054933--f000236.jpg,20230902_054933,mauritius,green,video,False,train,929.7512355218176
data/processed/mauritius/video/not_augmented/pool40/green_bg/20230902_054933/m--20230902_054933--f000238.jpg,20230902_054933,mauritius,green,video,False,train,785.7517139668367
data/processed/mauritius/video/not_augmented/pool40/green_bg/20230902_054933/m--20230902_054933--f000240.jpg,20230902_054933,mauritius,green,video,False,train,956.4490194372314
data/processed/mauritius/video/not_augmented/pool40/green_bg/20230902_054933/m--20230902_054933--f000242.jpg,20230902_054933,mauritius,green,video,False,train,1114.5703922050886
data/processed/mauritius/video/not_augmented/pool40/green_bg/20230902_054933/m--20230902_054933--f000244.jpg,20230902_054933,mauritius,green,video,False,train,666.187161144541
data/processed/mauritius/video/not_augmented/pool40/green_bg/20230902_054933/m--20230902_054933--f000250.jpg,20230902_054933,mauritius,green,video,False,train,930.1672311704986
data/processed/mauritius/video/not_augmented/pool40/green_bg/20230902_054933/m--20230902_054933--f000990.jpg,20230902_054933,mauritius,green,video,False,train,59.11421780941735
data/processed/mauritius/video/not_augmented/pool40/green_bg/20230902_054933/m--20230902_054933--f000994.jpg,20230902_054933,mauritius,green,video,False,train,48.004344349153726
data/processed/mauritius/video/not_augmented/pool40/green_bg/20230902_054933/m--20230902_054933--f000996.jpg,20230902_054933,mauritius,green,video,False,train,68.36666929855888
data/processed/mauritius/video/not_augmented/pool40/green_bg/20230902_054933/m--20230902_054933--f000998.jpg,20230902_054933,mauritius,green,video,False,train,136.39058514030611
data/processed/mauritius/video/not_augmented/pool40/green_bg/20230902_054933/m--20230902_054933--f001000.jpg,20230902_054933,mauritius,green,video,False,train,486.2281568877551
data/processed/mauritius/video/not_augmented/pool40/green_bg/20230902_054933/m--20230902_054933--f001012.jpg,20230902_054933,mauritius,green,video,False,train,432.1696225455878
data/processed/mauritius/video/not_augmented/pool40/green_bg/20230902_054933/m--20230902_054933--f001092.jpg,20230902_054933,mauritius,green,video,False,train,520.0316087356562
data/processed/mauritius/video/not_augmented/pool40/green_bg/20230902_054933/m--20230902_054933--f001098.jpg,20230902_054933,mauritius,green,video,False,train,360.6342275187354
data/processed/mauritius/video/not_augmented/pool40/green_bg/20230902_054933/m--20230902_054933--f001100.jpg,20230902_054933,mauritius,green,video,False,train,1045.7129504046109
data/processed/mauritius/video/not_augmented/pool40/green_bg/20230902_054933/m--20230902_054933--f001102.jpg,20230902_054933,mauritius,green,video,False,train,976.2889229874968
data/processed/mauritius/video/not_augmented/pool40/green_bg/20230902_054933/m--20230902_054933--f001104.jpg,20230902_054933,mauritius,green,video,False,train,993.3994140589252
data/processed/mauritius/video/not_augmented/pool40/green_bg/20230902_054933/m--20230902_054933--f001110.jpg,20230902_054933,mauritius,green,video,False,train,570.3643176004521
data/processed/mauritius/video/not_augmented/pool40/green_bg/20230902_054933/m--20230902_054933--f001112.jpg,20230902_054933,mauritius,green,video,False,train,808.3784877196395
data/processed/mauritius/video/not_augmented/pool40/green_bg/20230902_054933/m--20230902_054933--f001166.jpg,20230902_054933,mauritius,green,video,False,train,2011.6203164188423
data/processed/mauritius/video/not_augmented/pool40/green_bg/20230902_054933/m--20230902_054933--f001168.jpg,20230902_054933,mauritius,green,video,False,train,1931.268654311314
data/processed/mauritius/video/not_augmented/pool40/green_bg/20230902_054933/m--20230902_054933--f001184.jpg,20230902_054933,mauritius,green,video,False,train,2592.87392321471
data/processed/mauritius/video/not_augmented/pool40/green_bg/20230902_054933/m--20230902_054933--f001186.jpg,20230902_054933,mauritius,green,video,False,train,2447.658422178152
data/processed/mauritius/video/not_augmented/pool40/green_bg/20230902_054933/m--20230902_054933--f001188.jpg,20230902_054933,mauritius,green,video,False,train,2539.601363161811
data/processed/mauritius/video/not_augmented/pool40/green_bg/20230902_054933/m--20230902_054933--f001232.jpg,20230902_054933,mauritius,green,video,False,train,619.1652828917212
data/processed/mauritius/video/not_augmented/pool40/green_bg/20230902_054933/m--20230902_054933--f001236.jpg,20230902_054933,mauritius,green,video,False,train,400.2993861591255
data/processed/mauritius/video/not_augmented/pool40/green_bg/20230902_054933/m--20230902_054933--f001260.jpg,20230902_054933,mauritius,green,video,False,train,57.55474617380938
data/processed/mauritius/video/not_augmented/pool40/green_bg/20230902_054933/m--20230902_054933--f001314.jpg,20230902_054933,mauritius,green,video,False,train,366.8838089923469
data/processed/mauritius/video/not_augmented/pool40/green_bg/20230902_054933/m--20230902_054933--f001334.jpg,20230902_054933,mauritius,green,video,False,train,255.6381932472696
data/processed/mauritius/video/not_augmented/pool40/green_bg/20230902_054933/m--20230902_054933--f001336.jpg,20230902_054933,mauritius,green,video,False,train,231.3403220091299
data/processed/mauritius/video/not_augmented/pool40/green_bg/20230902_054933/m--20230902_054933--f001338.jpg,20230902_054933,mauritius,green,video,False,train,248.200872917366
data/processed/mauritius/video/not_augmented/pool40/green_bg/20230902_054933/m--20230902_054933--f001340.jpg,20230902_054933,mauritius,green,video,False,train,236.3654535361897
data/processed/mauritius/video/not_augmented/pool40/green_bg/20230902_054933/m--20230902_054933--f001358.jpg,20230902_054933,mauritius,green,video,False,train,105.93959258586752
data/processed/mauritius/video/not_augmented/pool40/green_bg/20230902_054933/m--20230902_054933--f001360.jpg,20230902_054933,mauritius,green,video,False,train,72.81447294005649
data/processed/mauritius/video/not_augmented/pool40/green_bg/20230902_054933/m--20230902_054933--f001362.jpg,20230902_054933,mauritius,green,video,False,train,69.24930245178236
data/processed/mauritius/video/not_augmented/pool40/green_bg/20230902_054933/m--20230902_054933--f001364.jpg,20230902_054933,mauritius,green,video,False,train,62.231983226123134
data/processed/mauritius/video/not_augmented/pool40/green_bg/20230902_054933/m--20230902_054933--f001366.jpg,20230902_054933,mauritius,green,video,False,train,101.63592155453364
data/processed/mauritius/video/not_augmented/pool40/green_bg/20230902_054933/m--20230902_054933--f001368.jpg,20230902_054933,mauritius,green,video,False,train,1164.164700248747
data/processed/mauritius/video/not_augmented/pool40/green_bg/20230902_054933/m--20230902_054933--f001380.jpg,20230902_054933,mauritius,green,video,False,train,245.6737284753681
data/processed/mauritius/video/not_augmented/pool40/green_bg/20230905_193930/m--20230905_193930--f000200.jpg,20230905_193930,mauritius,green,video,False,train,1168.7568755870757
data/processed/mauritius/video/not_augmented/pool40/green_bg/20230905_193930/m--20230905_193930--f000202.jpg,20230905_193930,mauritius,green,video,False,train,1739.8882932075112
data/processed/mauritius/video/not_augmented/pool40/green_bg/20230905_193930/m--20230905_193930--f000204.jpg,20230905_193930,mauritius,green,video,False,train,1419.519112713284
data/processed/mauritius/video/not_augmented/pool40/green_bg/20230905_193930/m--20230905_193930--f000206.jpg,20230905_193930,mauritius,green,video,False,train,1203.8468391258784
data/processed/mauritius/video/not_augmented/pool40/green_bg/20230905_193930/m--20230905_193930--f000208.jpg,20230905_193930,mauritius,green,video,False,train,1491.3318119545577
data/processed/mauritius/video/not_augmented/pool40/green_bg/20230905_193930/m--20230905_193930--f000210.jpg,20230905_193930,mauritius,green,video,False,train,1768.6635442461284
data/processed/mauritius/video/not_augmented/pool40/green_bg/20230905_193930/m--20230905_193930--f000212.jpg,20230905_193930,mauritius,green,video,False,train,1770.062639489466
data/processed/mauritius/video/not_augmented/pool40/green_bg/20230905_193930/m--20230905_193930--f000214.jpg,20230905_193930,mauritius,green,video,False,train,1735.1569673966392
data/processed/mauritius/video/not_augmented/pool40/green_bg/20230905_193930/m--20230905_193930--f000216.jpg,20230905_193930,mauritius,green,video,False,train,1633.4141022310014
data/processed/mauritius/video/not_augmented/pool40/green_bg/20230905_193930/m--20230905_193930--f000218.jpg,20230905_193930,mauritius,green,video,False,train,1390.4875236044124
data/processed/mauritius/video/not_augmented/pool40/green_bg/20230905_193930/m--20230905_193930--f000220.jpg,20230905_193930,mauritius,green,video,False,train,1253.1051697987211
data/processed/mauritius/video/not_augmented/pool40/green_bg/20230905_193930/m--20230905_193930--f000222.jpg,20230905_193930,mauritius,green,video,False,train,1506.613918979681
data/processed/mauritius/video/not_augmented/pool40/green_bg/20230905_193930/m--20230905_193930--f000224.jpg,20230905_193930,mauritius,green,video,False,train,1614.2154414166214
data/processed/mauritius/video/not_augmented/pool40/green_bg/20230905_193930/m--20230905_193930--f000226.jpg,20230905_193930,mauritius,green,video,False,train,1651.7582107855349
data/processed/mauritius/video/not_augmented/pool40/green_bg/20230905_193930/m--20230905_193930--f000228.jpg,20230905_193930,mauritius,green,video,False,train,2129.488759564738
data/processed/mauritius/video/not_augmented/pool40/green_bg/20230905_193930/m--20230905_193930--f000230.jpg,20230905_193930,mauritius,green,video,False,train,2024.071248954557
data/processed/mauritius/video/not_augmented/pool40/green_bg/20230905_193930/m--20230905_193930--f000232.jpg,20230905_193930,mauritius,green,video,False,train,609.6371371619953
data/processed/mauritius/video/not_augmented/pool40/green_bg/20230905_193930/m--20230905_193930--f000234.jpg,20230905_193930,mauritius,green,video,False,train,903.2799345522512
data/processed/mauritius/video/not_augmented/pool40/green_bg/20230905_193930/m--20230905_193930--f000236.jpg,20230905_193930,mauritius,green,video,False,train,969.6641818502952
data/processed/mauritius/video/not_augmented/pool40/green_bg/20230905_193930/m--20230905_193930--f000238.jpg,20230905_193930,mauritius,green,video,False,train,859.7291133615286
data/processed/mauritius/video/not_augmented/pool40/green_bg/20230905_193930/m--20230905_193930--f000240.jpg,20230905_193930,mauritius,green,video,False,train,550.2882254464286
data/processed/mauritius/video/not_augmented/pool40/green_bg/20230905_193930/m--20230905_193930--f000242.jpg,20230905_193930,mauritius,green,video,False,train,171.84968899270487
data/processed/mauritius/video/not_augmented/pool40/green_bg/20230905_193930/m--20230905_193930--f000244.jpg,20230905_193930,mauritius,green,video,False,train,77.66483962064184
data/processed/mauritius/video/not_augmented/pool40/green_bg/20230905_193930/m--20230905_193930--f001014.jpg,20230905_193930,mauritius,green,video,False,train,508.6691246747673
data/processed/mauritius/video/not_augmented/pool40/green_bg/20230905_193930/m--20230905_193930--f001016.jpg,20230905_193930,mauritius,green,video,False,train,502.86397879106806
data/processed/mauritius/video/not_augmented/pool40/green_bg/20230905_193930/m--20230905_193930--f001046.jpg,20230905_193930,mauritius,green,video,False,train,1541.5309905302818
data/processed/mauritius/video/not_augmented/pool40/green_bg/20230905_193930/m--20230905_193930--f001048.jpg,20230905_193930,mauritius,green,video,False,train,2036.564908641718
data/processed/mauritius/video/not_augmented/pool40/green_bg/20230905_193930/m--20230905_193930--f001050.jpg,20230905_193930,mauritius,green,video,False,train,2134.5971760970265
data/processed/mauritius/video/not_augmented/pool40/green_bg/20230905_193930/m--20230905_193930--f001052.jpg,20230905_193930,mauritius,green,video,False,train,952.8028340206598
data/processed/mauritius/video/not_augmented/pool40/green_bg/20230905_193930/m--20230905_193930--f001054.jpg,20230905_193930,mauritius,green,video,False,train,1923.815289605016
data/processed/mauritius/video/not_augmented/pool40/green_bg/20230905_193930/m--20230905_193930--f001056.jpg,20230905_193930,mauritius,green,video,False,train,1190.5209860807652
data/processed/mauritius/video/not_augmented/pool40/green_bg/20230905_193930/m--20230905_193930--f001058.jpg,20230905_193930,mauritius,green,video,False,train,1319.0562215544492
data/processed/mauritius/video/not_augmented/pool40/green_bg/20230905_193930/m--20230905_193930--f001060.jpg,20230905_193930,mauritius,green,video,False,train,1056.9117307043334
data/processed/mauritius/video/not_augmented/pool40/green_bg/20230905_193930/m--20230905_193930--f001062.jpg,20230905_193930,mauritius,green,video,False,train,1172.8824334003589
data/processed/mauritius/video/not_augmented/pool40/green_bg/20230905_193930/m--20230905_193930--f001292.jpg,20230905_193930,mauritius,green,video,False,train,867.8539142203501
data/processed/mauritius/video/not_augmented/pool40/green_bg/20230905_193930/m--20230905_193930--f001294.jpg,20230905_193930,mauritius,green,video,False,train,329.85518963046
data/processed/mauritius/video/not_augmented/pool40/green_bg/20230905_200415/m--20230905_200415--f000138.jpg,20230905_200415,mauritius,green,video,False,train,62.35915573951057
data/processed/mauritius/video/not_augmented/pool40/green_bg/20230905_200415/m--20230905_200415--f000140.jpg,20230905_200415,mauritius,green,video,False,train,64.660873722901
data/processed/mauritius/video/not_augmented/pool40/green_bg/20230905_200415/m--20230905_200415--f000142.jpg,20230905_200415,mauritius,green,video,False,train,54.25900809857212
data/processed/mauritius/video/not_augmented/pool40/green_bg/20230905_200415/m--20230905_200415--f000144.jpg,20230905_200415,mauritius,green,video,False,train,53.757274361959546
data/processed/mauritius/video/not_augmented/pool40/green_bg/20230905_200415/m--20230905_200415--f000148.jpg,20230905_200415,mauritius,green,video,False,train,46.75360728283319
data/processed/mauritius/video/not_augmented/pool40/green_bg/20230905_200415/m--20230905_200415--f000150.jpg,20230905_200415,mauritius,green,video,False,train,60.51707987525173
data/processed/mauritius/video/not_augmented/pool40/green_bg/20230905_200415/m--20230905_200415--f000152.jpg,20230905_200415,mauritius,green,video,False,train,51.941087370860174
data/processed/mauritius/video/not_augmented/pool40/green_bg/20230905_200415/m--20230905_200415--f000154.jpg,20230905_200415,mauritius,green,video,False,train,60.56351635506729
data/processed/mauritius/video/not_augmented/pool40/green_bg/20230905_200415/m--20230905_200415--f000156.jpg,20230905_200415,mauritius,green,video,False,train,80.79510124004767
data/processed/mauritius/video/not_augmented/pool40/green_bg/20230905_200415/m--20230905_200415--f000158.jpg,20230905_200415,mauritius,green,video,False,train,139.7327208223069
data/processed/mauritius/video/not_augmented/pool40/green_bg/20230905_200415/m--20230905_200415--f000160.jpg,20230905_200415,mauritius,green,video,False,train,196.426498722901
data/processed/mauritius/video/not_augmented/pool40/green_bg/20230905_200415/m--20230905_200415--f000162.jpg,20230905_200415,mauritius,green,video,False,train,210.91647396341853
data/processed/mauritius/video/not_augmented/pool40/green_bg/20230905_200415/m--20230905_200415--f000164.jpg,20230905_200415,mauritius,green,video,False,train,279.2870296492571
data/processed/mauritius/video/not_augmented/pool40/green_bg/20230905_200415/m--20230905_200415--f000166.jpg,20230905_200415,mauritius,green,video,False,train,289.9994618047629
data/processed/mauritius/video/not_augmented/pool40/green_bg/20230905_200415/m--20230905_200415--f000168.jpg,20230905_200415,mauritius,green,video,False,train,398.0596101400208
data/processed/mauritius/video/not_augmented/pool40/green_bg/20230905_200415/m--20230905_200415--f000170.jpg,20230905_200415,mauritius,green,video,False,train,658.1481981829571
data/processed/mauritius/video/not_augmented/pool40/green_bg/20230905_200415/m--20230905_200415--f000172.jpg,20230905_200415,mauritius,green,video,False,train,693.9397719771304
data/processed/mauritius/video/not_augmented/pool40/green_bg/20230905_200415/m--20230905_200415--f000174.jpg,20230905_200415,mauritius,green,video,False,train,588.6048309377013
data/processed/mauritius/video/not_augmented/pool40/green_bg/20230905_200415/m--20230905_200415--f000176.jpg,20230905_200415,mauritius,green,video,False,train,546.6051897178438
data/processed/mauritius/video/not_augmented/pool40/green_bg/20230905_200415/m--20230905_200415--f000178.jpg,20230905_200415,mauritius,green,video,False,train,576.4337133147825
data/processed/mauritius/video/not_augmented/pool40/green_bg/20230905_200415/m--20230905_200415--f000180.jpg,20230905_200415,mauritius,green,video,False,train,716.4675940672887
data/processed/mauritius/video/not_augmented/pool40/green_bg/20230905_200415/m--20230905_200415--f000182.jpg,20230905_200415,mauritius,green,video,False,train,610.2710458786476
data/processed/mauritius/video/not_augmented/pool40/green_bg/20230905_200415/m--20230905_200415--f000184.jpg,20230905_200415,mauritius,green,video,False,train,445.2545838504968
data/processed/mauritius/video/not_augmented/pool40/green_bg/20230905_200415/m--20230905_200415--f000186.jpg,20230905_200415,mauritius,green,video,False,train,906.765923899643
data/processed/mauritius/video/not_augmented/pool40/green_bg/20230905_200415/m--20230905_200415--f000188.jpg,20230905_200415,mauritius,green,video,False,train,1149.714225892572
data/processed/mauritius/video/not_augmented/pool40/green_bg/20230905_200415/m--20230905_200415--f000190.jpg,20230905_200415,mauritius,green,video,False,train,795.4626315365925
data/processed/mauritius/video/not_augmented/pool40/green_bg/20230905_200415/m--20230905_200415--f000192.jpg,20230905_200415,mauritius,green,video,False,train,1013.707788544464
data/processed/mauritius/video/not_augmented/pool40/green_bg/20230905_200415/m--20230905_200415--f000194.jpg,20230905_200415,mauritius,green,video,False,train,1256.9189652169262
data/processed/mauritius/video/not_augmented/pool40/green_bg/20230905_200415/m--20230905_200415--f000196.jpg,20230905_200415,mauritius,green,video,False,train,752.6843311539396
data/processed/mauritius/video/not_augmented/pool40/green_bg/20230905_200415/m--20230905_200415--f000198.jpg,20230905_200415,mauritius,green,video,False,train,672.446249154745
data/processed/mauritius/video/not_augmented/pool40/green_bg/20230905_200415/m--20230905_200415--f000200.jpg,20230905_200415,mauritius,green,video,False,train,594.5544283639287
data/processed/mauritius/video/not_augmented/pool40/green_bg/20230905_200415/m--20230905_200415--f000202.jpg,20230905_200415,mauritius,green,video,False,train,667.8602119518886
data/processed/mauritius/video/not_augmented/pool40/green_bg/20230905_200415/m--20230905_200415--f000204.jpg,20230905_200415,mauritius,green,video,False,train,729.9118901145106
data/processed/mauritius/video/not_augmented/pool40/green_bg/20230905_200415/m--20230905_200415--f000206.jpg,20230905_200415,mauritius,green,video,False,train,822.8556680230487
data/processed/mauritius/video/not_augmented/pool40/green_bg/20230905_200415/m--20230905_200415--f000208.jpg,20230905_200415,mauritius,green,video,False,train,1073.477140465164
data/processed/mauritius/video/not_augmented/pool40/green_bg/20230905_200415/m--20230905_200415--f000210.jpg,20230905_200415,mauritius,green,video,False,train,1635.899673136211
data/processed/mauritius/video/not_augmented/pool40/green_bg/20230905_200415/m--20230905_200415--f000212.jpg,20230905_200415,mauritius,green,video,False,train,1513.71342873047
data/processed/mauritius/video/not_augmented/pool40/green_bg/20230905_200415/m--20230905_200415--f000214.jpg,20230905_200415,mauritius,green,video,False,train,1266.503826524257
data/processed/mauritius/video/not_augmented/pool40/green_bg/20230905_200415/m--20230905_200415--f000216.jpg,20230905_200415,mauritius,green,video,False,train,1376.379862876298
data/processed/mauritius/video/not_augmented/pool40/green_bg/20230905_200415/m--20230905_200415--f000218.jpg,20230905_200415,mauritius,green,video,False,train,1780.3174625124248
data/processed/mauritius/video/not_augmented/pool40/green_bg/20230905_200415/m--20230905_200415--f000220.jpg,20230905_200415,mauritius,green,video,False,train,1591.5892457973953
data/processed/mauritius/video/not_augmented/pool40/green_bg/20230905_200415/m--20230905_200415--f000222.jpg,20230905_200415,mauritius,green,video,False,train,515.5096858658924
data/processed/mauritius/video/not_augmented/pool40/green_bg/20230905_200415/m--20230905_200415--f000224.jpg,20230905_200415,mauritius,green,video,False,train,394.9511319136232
data/processed/mauritius/video/not_augmented/pool40/green_bg/20230905_200415/m--20230905_200415--f000238.jpg,20230905_200415,mauritius,green,video,False,train,18.37934470027748
data/processed/mauritius/video/not_augmented/pool40/green_bg/20230905_200415/m--20230905_200415--f000574.jpg,20230905_200415,mauritius,green,video,False,train,93.12567761320712
data/processed/mauritius/video/not_augmented/pool40/green_bg/20230905_200415/m--20230905_200415--f000654.jpg,20230905_200415,mauritius,green,video,False,train,271.7603633917157
data/processed/mauritius/video/not_augmented/pool40/green_bg/20230905_200415/m--20230905_200415--f000656.jpg,20230905_200415,mauritius,green,video,False,train,154.0059590238375
data/processed/mauritius/video/not_augmented/pool40/green_bg/20230905_200415/m--20230905_200415--f001030.jpg,20230905_200415,mauritius,green,video,False,train,1029.9696268989662
data/processed/mauritius/video/not_augmented/pool40/green_bg/20230905_200415/m--20230905_200415--f001052.jpg,20230905_200415,mauritius,green,video,False,train,879.7455157745089
data/processed/mauritius/video/not_augmented/pool40/green_bg/20230905_200415/m--20230905_200415--f001054.jpg,20230905_200415,mauritius,green,video,False,train,1205.282366014232
data/processed/mauritius/video/not_augmented/pool40/green_bg/20230905_200415/m--20230905_200415--f001056.jpg,20230905_200415,mauritius,green,video,False,train,757.0979750703543
data/processed/mauritius/video/not_augmented/pool40/green_bg/20230905_200415/m--20230905_200415--f001058.jpg,20230905_200415,mauritius,green,video,False,train,264.6039341513885
data/processed/mauritius/video/not_augmented/pool40/green_bg/20230905_200415/m--20230905_200415--f001060.jpg,20230905_200415,mauritius,green,video,False,train,634.4646245117538
data/processed/mauritius/video/not_augmented/pool40/green_bg/20230905_200415/m--20230905_200415--f001062.jpg,20230905_200415,mauritius,green,video,False,train,849.212312655864
data/processed/mauritius/video/not_augmented/pool40/green_bg/20230905_200415/m--20230905_200415--f001064.jpg,20230905_200415,mauritius,green,video,False,train,616.123166428661
data/processed/mauritius/video/not_augmented/pool40/green_bg/20230905_200415/m--20230905_200415--f001066.jpg,20230905_200415,mauritius,green,video,False,train,509.9693279619864
data/processed/mauritius/video/not_augmented/pool40/green_bg/20230905_200415/m--20230905_200415--f001068.jpg,20230905_200415,mauritius,green,video,False,train,478.4613360715181
data/processed/mauritius/video/not_augmented/pool40/green_bg/20230905_200415/m--20230905_200415--f001070.jpg,20230905_200415,mauritius,green,video,False,train,927.75625797035
data/processed/mauritius/video/not_augmented/pool40/green_bg/20230905_200415/m--20230905_200415--f001072.jpg,20230905_200415,mauritius,green,video,False,train,1270.1365194372315
data/processed/mauritius/video/not_augmented/pool40/green_bg/20230905_200415/m--20230905_200415--f001074.jpg,20230905_200415,mauritius,green,video,False,train,1575.4381178216806
data/processed/mauritius/video/not_augmented/pool40/green_bg/20230905_200415/m--20230905_200415--f001076.jpg,20230905_200415,mauritius,green,video,False,train,645.0096659658353
data/processed/mauritius/video/not_augmented/pool40/green_bg/20230905_200415/m--20230905_200415--f001078.jpg,20230905_200415,mauritius,green,video,False,train,1600.8580197132114
data/processed/mauritius/video/not_augmented/pool40/green_bg/20230905_200415/m--20230905_200415--f001080.jpg,20230905_200415,mauritius,green,video,False,train,1907.3342235188643
data/processed/mauritius/video/not_augmented/pool40/green_bg/20230905_200415/m--20230905_200415--f001082.jpg,20230905_200415,mauritius,green,video,False,train,1832.4286511463704
data/processed/mauritius/video/not_augmented/pool40/green_bg/20230905_200415/m--20230905_200415--f001084.jpg,20230905_200415,mauritius,green,video,False,train,1716.35752152066
data/processed/mauritius/video/not_augmented/pool40/green_bg/20230905_200415/m--20230905_200415--f001086.jpg,20230905_200415,mauritius,green,video,False,train,1499.4107740081286
data/processed/mauritius/video/not_augmented/pool40/green_bg/20230905_200415/m--20230905_200415--f001088.jpg,20230905_200415,mauritius,green,video,False,train,1218.463189540531
data/processed/mauritius/video/not_augmented/pool40/green_bg/20230905_200415/m--20230905_200415--f001090.jpg,20230905_200415,mauritius,green,video,False,train,1309.0613042091836
data/processed/mauritius/video/not_augmented/pool40/green_bg/20230905_200415/m--20230905_200415--f001092.jpg,20230905_200415,mauritius,green,video,False,train,862.7161391864763
data/processed/mauritius/video/not_augmented/pool40/green_bg/20230905_200415/m--20230905_200415--f001094.jpg,20230905_200415,mauritius,green,video,False,train,1446.1590202387945
data/processed/mauritius/video/not_augmented/pool40/green_bg/20230905_200415/m--20230905_200415--f001096.jpg,20230905_200415,mauritius,green,video,False,train,1502.6058075252245
data/processed/mauritius/video/not_augmented/pool40/green_bg/20230905_200415/m--20230905_200415--f001098.jpg,20230905_200415,mauritius,green,video,False,train,779.1215122732109
data/processed/mauritius/video/not_augmented/pool40/green_bg/20230905_200415/m--20230905_200415--f001100.jpg,20230905_200415,mauritius,green,video,False,train,768.5019331629799
data/processed/mauritius/video/not_augmented/pool40/green_bg/20230905_200415/m--20230905_200415--f001102.jpg,20230905_200415,mauritius,green,video,False,train,1003.6728313641468
data/processed/mauritius/video/not_augmented/pool40/green_bg/20230905_200415/m--20230905_200415--f001104.jpg,20230905_200415,mauritius,green,video,False,train,535.4113518120298
data/processed/mauritius/video/not_augmented/pool40/green_bg/20230905_200415/m--20230905_200415--f001106.jpg,20230905_200415,mauritius,green,video,False,train,195.55572369316127
data/processed/mauritius/video/not_augmented/pool40/green_bg/20230905_200415/m--20230905_200415--f001108.jpg,20230905_200415,mauritius,green,video,False,train,119.0078523533387
data/processed/mauritius/video/not_augmented/pool40/green_bg/20230905_200415/m--20230905_200415--f001122.jpg,20230905_200415,mauritius,green,video,False,train,471.3557676877742
data/processed/mauritius/video/not_augmented/pool40/green_bg/20230905_200415/m--20230905_200415--f001172.jpg,20230905_200415,mauritius,green,video,False,train,1061.7309271360823
data/processed/mauritius/video/not_augmented/pool40/green_bg/20230905_200415/m--20230905_200415--f001180.jpg,20230905_200415,mauritius,green,video,False,train,162.5689771903251
data/processed/mauritius/video/not_augmented/pool40/green_bg/20230905_200415/m--20230905_200415--f001182.jpg,20230905_200415,mauritius,green,video,False,train,239.4009087994316
data/processed/mauritius/video/not_augmented/pool40/green_bg/20230905_200415/m--20230905_200415--f001196.jpg,20230905_200415,mauritius,green,video,False,train,397.6209143809804
data/processed/mauritius/video/not_augmented/pool40/green_bg/20230905_200415/m--20230905_200415--f001198.jpg,20230905_200415,mauritius,green,video,False,train,375.5324258510395
data/processed/mauritius/video/not_augmented/pool40/green_bg/20230905_200415/m--20230905_200415--f001204.jpg,20230905_200415,mauritius,green,video,False,train,438.89959341682334
data/processed/mauritius/video/not_augmented/pool40/green_bg/20230905_200415/m--20230905_200415--f001206.jpg,20230905_200415,mauritius,green,video,False,train,478.1383330640272
data/processed/mauritius/video/not_augmented/pool40/green_bg/20230905_200415/m--20230905_200415--f001208.jpg,20230905_200415,mauritius,green,video,False,train,1409.2211814349712
data/processed/mauritius/video/not_augmented/pool40/green_bg/20230905_200415/m--20230905_200415--f001214.jpg,20230905_200415,mauritius,green,video,False,train,339.4139229906742
data/processed/mauritius/video/not_augmented/pool40/green_bg/20230905_200415/m--20230905_200415--f001288.jpg,20230905_200415,mauritius,green,video,False,train,528.1890145905164
data/processed/mauritius/video/not_augmented/pool40/green_bg/20230905_200415/m--20230905_200415--f001292.jpg,20230905_200415,mauritius,green,video,False,train,171.78525589565993
data/processed/mauritius/video/not_augmented/pool40/green_bg/20230905_200415/m--20230905_200415--f001294.jpg,20230905_200415,mauritius,green,video,False,train,112.24204798749668
data/processed/mauritius/video/not_augmented/pool40/green_bg/20230905_200415/m--20230905_200415--f001300.jpg,20230905_200415,mauritius,green,video,False,train,201.91764986609385
data/processed/mauritius/video/not_augmented/pool40/green_bg/20230905_200415/m--20230905_200415--f001302.jpg,20230905_200415,mauritius,green,video,False,train,859.490931916068
data/processed/mauritius/video/not_augmented/pool40/green_bg/20230905_200415/m--20230905_200415--f001304.jpg,20230905_200415,mauritius,green,video,False,train,489.2160196073947
data/processed/mauritius/video/not_augmented/pool40/green_bg/20230905_200415/m--20230905_200415--f001306.jpg,20230905_200415,mauritius,green,video,False,train,256.9477438634756
data/processed/mauritius/video/not_augmented/pool40/green_bg/20230907_195130/m--20230907_195130--f000152.jpg,20230907_195130,mauritius,green,video,False,train,33.374103153312966
data/processed/mauritius/video/not_augmented/pool40/green_bg/20230907_195130/m--20230907_195130--f000160.jpg,20230907_195130,mauritius,green,video,False,train,46.6203762755102
data/processed/mauritius/video/not_augmented/pool40/green_bg/20230907_195130/m--20230907_195130--f000162.jpg,20230907_195130,mauritius,green,video,False,train,42.49477836580288
data/processed/mauritius/video/not_augmented/pool40/green_bg/20230907_195130/m--20230907_195130--f000164.jpg,20230907_195130,mauritius,green,video,False,train,27.849868459435417
data/processed/mauritius/video/not_augmented/pool40/green_bg/20230907_195130/m--20230907_195130--f000166.jpg,20230907_195130,mauritius,green,video,False,train,20.9804886603842
data/processed/mauritius/video/not_augmented/pool40/green_bg/20230907_195130/m--20230907_195130--f000168.jpg,20230907_195130,mauritius,green,video,False,train,22.734932843470062
data/processed/mauritius/video/not_augmented/pool40/green_bg/20230907_195130/m--20230907_195130--f000170.jpg,20230907_195130,mauritius,green,video,False,train,23.440628976039424
data/processed/mauritius/video/not_augmented/pool40/green_bg/20230907_195130/m--20230907_195130--f000172.jpg,20230907_195130,mauritius,green,video,False,train,23.05899215469456
data/processed/mauritius/video/not_augmented/pool40/green_bg/20230907_195130/m--20230907_195130--f000174.jpg,20230907_195130,mauritius,green,video,False,train,20.56226082753758
data/processed/mauritius/video/not_augmented/pool40/green_bg/20230907_195130/m--20230907_195130--f000176.jpg,20230907_195130,mauritius,green,video,False,train,24.329221131651664
data/processed/mauritius/video/not_augmented/pool40/green_bg/20230907_195130/m--20230907_195130--f000178.jpg,20230907_195130,mauritius,green,video,False,train,23.36523429714904
data/processed/mauritius/video/not_augmented/pool40/green_bg/20230907_195130/m--20230907_195130--f000180.jpg,20230907_195130,mauritius,green,video,False,train,22.118582563864997
data/processed/mauritius/video/not_augmented/pool40/green_bg/20230907_195130/m--20230907_195130--f000182.jpg,20230907_195130,mauritius,green,video,False,train,26.943379285384196
data/processed/mauritius/video/not_augmented/pool40/green_bg/20230907_195130/m--20230907_195130--f000184.jpg,20230907_195130,mauritius,green,video,False,train,33.218132171170105
data/processed/mauritius/video/not_augmented/pool40/green_bg/20230907_195130/m--20230907_195130--f000186.jpg,20230907_195130,mauritius,green,video,False,train,30.027881845937376
data/processed/mauritius/video/not_augmented/pool40/green_bg/20230907_195130/m--20230907_195130--f000188.jpg,20230907_195130,mauritius,green,video,False,train,31.02592869869424
data/processed/mauritius/video/not_augmented/pool40/green_bg/20230907_195130/m--20230907_195130--f000190.jpg,20230907_195130,mauritius,green,video,False,train,30.813356935357323
data/processed/mauritius/video/not_augmented/pool40/green_bg/20230907_195130/m--20230907_195130--f000192.jpg,20230907_195130,mauritius,green,video,False,train,38.10453204361909
data/processed/mauritius/video/not_augmented/pool40/green_bg/20230907_195130/m--20230907_195130--f000194.jpg,20230907_195130,mauritius,green,video,False,train,27.125438450277475
data/processed/mauritius/video/not_augmented/pool40/green_bg/20230907_195130/m--20230907_195130--f000196.jpg,20230907_195130,mauritius,green,video,False,train,43.32089046198644
data/processed/mauritius/video/not_augmented/pool40/green_bg/20230907_195130/m--20230907_195130--f000198.jpg,20230907_195130,mauritius,green,video,False,train,43.68666271764207
data/processed/mauritius/video/not_augmented/pool40/green_bg/20230907_195130/m--20230907_195130--f000200.jpg,20230907_195130,mauritius,green,video,False,train,45.73435506975586
data/processed/mauritius/video/not_augmented/pool40/green_bg/20230907_195130/m--20230907_195130--f000202.jpg,20230907_195130,mauritius,green,video,False,train,65.38321109534998
data/processed/mauritius/video/not_augmented/pool40/green_bg/20230907_195130/m--20230907_195130--f000204.jpg,20230907_195130,mauritius,green,video,False,train,63.25330834823665
data/processed/mauritius/video/not_augmented/pool40/green_bg/20230907_195130/m--20230907_195130--f000206.jpg,20230907_195130,mauritius,green,video,False,train,81.40379862525174
data/processed/mauritius/video/not_augmented/pool40/green_bg/20230907_195130/m--20230907_195130--f000208.jpg,20230907_195130,mauritius,green,video,False,train,75.49744895417112
data/processed/mauritius/video/not_augmented/pool40/green_bg/20230907_195130/m--20230907_195130--f000210.jpg,20230907_195130,mauritius,green,video,False,train,77.43903456604117
data/processed/mauritius/video/not_augmented/pool40/green_bg/20230907_195130/m--20230907_195130--f000212.jpg,20230907_195130,mauritius,green,video,False,train,100.4541812338267
data/processed/mauritius/video/not_augmented/pool40/green_bg/20230907_195130/m--20230907_195130--f000214.jpg,20230907_195130,mauritius,green,video,False,train,69.20023517179668
data/processed/mauritius/video/not_augmented/pool40/green_bg/20230907_195130/m--20230907_195130--f000216.jpg,20230907_195130,mauritius,green,video,False,train,90.3275868460716
data/processed/mauritius/video/not_augmented/pool40/green_bg/20230907_195130/m--20230907_195130--f000218.jpg,20230907_195130,mauritius,green,video,False,train,80.31443310578332
data/processed/mauritius/video/not_augmented/pool40/green_bg/20230907_195130/m--20230907_195130--f001936.jpg,20230907_195130,mauritius,green,video,False,train,645.7470304333434
data/processed/mauritius/video/not_augmented/pool40/green_bg/20230907_195130/m--20230907_195130--f001938.jpg,20230907_195130,mauritius,green,video,False,train,643.6175063759622
data/processed/mauritius/video/not_augmented/pool40/green_bg/20230907_195130/m--20230907_195130--f001940.jpg,20230907_195130,mauritius,green,video,False,train,733.0262276722162
data/processed/mauritius/video/not_augmented/pool40/green_bg/20230907_195130/m--20230907_195130--f001942.jpg,20230907_195130,mauritius,green,video,False,train,832.8446467283219
data/processed/mauritius/video/not_augmented/pool40/green_bg/20230907_195130/m--20230907_195130--f001944.jpg,20230907_195130,mauritius,green,video,False,train,814.590461543082
data/processed/mauritius/video/not_augmented/pool40/green_bg/20230907_195130/m--20230907_195130--f001948.jpg,20230907_195130,mauritius,green,video,False,train,880.1921037847129
data/processed/mauritius/video/not_augmented/pool40/green_bg/20230907_203553/m--20230907_203553--f000160.jpg,20230907_203553,mauritius,green,video,False,train,72.49346295300745
data/processed/mauritius/video/not_augmented/pool40/green_bg/20230907_203553/m--20230907_203553--f000162.jpg,20230907_203553,mauritius,green,video,False,train,75.64273752405563
data/processed/mauritius/video/not_augmented/pool40/green_bg/20230907_203553/m--20230907_203553--f000164.jpg,20230907_203553,mauritius,green,video,False,train,115.3873762915602
data/processed/mauritius/video/not_augmented/pool40/green_bg/20230907_203553/m--20230907_203553--f000166.jpg,20230907_203553,mauritius,green,video,False,train,161.9894969226022
data/processed/mauritius/video/not_augmented/pool40/green_bg/20230907_203553/m--20230907_203553--f000168.jpg,20230907_203553,mauritius,green,video,False,train,338.65417725619847
data/processed/mauritius/video/not_augmented/pool40/green_bg/20230907_203553/m--20230907_203553--f000170.jpg,20230907_203553,mauritius,green,video,False,train,313.3212691262979
data/processed/mauritius/video/not_augmented/pool40/green_bg/20230907_203553/m--20230907_203553--f000172.jpg,20230907_203553,mauritius,green,video,False,train,238.12117346303253
data/processed/mauritius/video/not_augmented/pool40/green_bg/20230907_203553/m--20230907_203553--f000174.jpg,20230907_203553,mauritius,green,video,False,train,213.80088089565996
data/processed/mauritius/video/not_augmented/pool40/green_bg/20230907_203553/m--20230907_203553--f000176.jpg,20230907_203553,mauritius,green,video,False,train,307.2219786352041
data/processed/mauritius/video/not_augmented/pool40/green_bg/20230907_203553/m--20230907_203553--f000178.jpg,20230907_203553,mauritius,green,video,False,train,758.0278617671408
data/processed/mauritius/video/not_augmented/pool40/green_bg/20230907_203553/m--20230907_203553--f000180.jpg,20230907_203553,mauritius,green,video,False,train,643.6685068364045
data/processed/mauritius/video/not_augmented/pool40/green_bg/20230907_203553/m--20230907_203553--f000182.jpg,20230907_203553,mauritius,green,video,False,train,680.2921715164025
data/processed/mauritius/video/not_augmented/pool40/green_bg/20230907_203553/m--20230907_203553--f000184.jpg,20230907_203553,mauritius,green,video,False,train,784.948580994898
data/processed/mauritius/video/not_augmented/pool40/green_bg/20230907_203553/m--20230907_203553--f000186.jpg,20230907_203553,mauritius,green,video,False,train,804.4063496488375
data/processed/mauritius/video/not_augmented/pool40/green_bg/20230907_203553/m--20230907_203553--f000188.jpg,20230907_203553,mauritius,green,video,False,train,881.8113838507205
data/processed/mauritius/video/not_augmented/pool40/green_bg/20230907_203553/m--20230907_203553--f000190.jpg,20230907_203553,mauritius,green,video,False,train,1658.6852279831494
data/processed/mauritius/video/not_augmented/pool40/green_bg/20230907_203553/m--20230907_203553--f000192.jpg,20230907_203553,mauritius,green,video,False,train,1794.945551651808
data/processed/mauritius/video/not_augmented/pool40/green_bg/20230907_203553/m--20230907_203553--f000194.jpg,20230907_203553,mauritius,green,video,False,train,1972.1430763517108
data/processed/mauritius/video/not_augmented/pool40/green_bg/20230907_203553/m--20230907_203553--f000196.jpg,20230907_203553,mauritius,green,video,False,train,1592.1876195727264
data/processed/mauritius/video/not_augmented/pool40/green_bg/20230907_203553/m--20230907_203553--f000198.jpg,20230907_203553,mauritius,green,video,False,train,1814.367426651808
data/processed/mauritius/video/not_augmented/pool40/green_bg/20230907_203553/m--20230907_203553--f000200.jpg,20230907_203553,mauritius,green,video,False,train,1364.7870695137174
data/processed/mauritius/video/not_augmented/pool40/green_bg/20230907_203553/m--20230907_203553--f000202.jpg,20230907_203553,mauritius,green,video,False,train,1308.6481385487214
data/processed/mauritius/video/not_augmented/pool40/green_bg/20230907_203553/m--20230907_203553--f000204.jpg,20230907_203553,mauritius,green,video,False,train,1796.5512595266066
data/processed/mauritius/video/not_augmented/pool40/green_bg/20230907_203553/m--20230907_203553--f000206.jpg,20230907_203553,mauritius,green,video,False,train,2172.377909751298
data/processed/mauritius/video/not_augmented/pool40/green_bg/20230907_203553/m--20230907_203553--f000208.jpg,20230907_203553,mauritius,green,video,False,train,2546.7100605867345
data/processed/mauritius/video/not_augmented/pool40/green_bg/20230907_203553/m--20230907_203553--f000210.jpg,20230907_203553,mauritius,green,video,False,train,2711.631397391498
data/processed/mauritius/video/not_augmented/pool40/green_bg/20230907_203553/m--20230907_203553--f000212.jpg,20230907_203553,mauritius,green,video,False,train,2561.019192442205
data/processed/mauritius/video/not_augmented/pool40/green_bg/20230907_203553/m--20230907_203553--f000214.jpg,20230907_203553,mauritius,green,video,False,train,2824.241908213636
data/processed/mauritius/video/not_augmented/pool40/green_bg/20230907_203553/m--20230907_203553--f000216.jpg,20230907_203553,mauritius,green,video,False,train,2907.1283481745663
data/processed/mauritius/video/not_augmented/pool40/green_bg/20230907_203553/m--20230907_203553--f000218.jpg,20230907_203553,mauritius,green,video,False,train,2750.644291932957
data/processed/mauritius/video/not_augmented/pool40/green_bg/20230907_203553/m--20230907_203553--f000220.jpg,20230907_203553,mauritius,green,video,False,train,1734.9463087635606
data/processed/mauritius/video/not_augmented/pool40/green_bg/20230907_203553/m--20230907_203553--f000222.jpg,20230907_203553,mauritius,green,video,False,train,1902.732102991094
data/processed/mauritius/video/not_augmented/pool40/green_bg/20230907_203553/m--20230907_203553--f000224.jpg,20230907_203553,mauritius,green,video,False,train,1154.284358998926
data/processed/mauritius/video/not_augmented/pool40/green_bg/20230907_203553/m--20230907_203553--f000226.jpg,20230907_203553,mauritius,green,video,False,train,329.48774309607165
data/processed/mauritius/video/not_augmented/pool40/green_bg/20230907_203553/m--20230907_203553--f000228.jpg,20230907_203553,mauritius,green,video,False,train,146.9134844863777
data/processed/mauritius/video/not_augmented/pool40/green_bg/20230907_203553/m--20230907_203553--f000230.jpg,20230907_203553,mauritius,green,video,False,train,104.21954716845684
data/processed/mauritius/video/not_augmented/pool40/green_bg/20230907_203553/m--20230907_203553--f000232.jpg,20230907_203553,mauritius,green,video,False,train,86.10162227007805
data/processed/mauritius/video/not_augmented/pool40/green_bg/20230907_203553/m--20230907_203553--f000234.jpg,20230907_203553,mauritius,green,video,False,train,53.71825161043776
data/processed/mauritius/video/not_augmented/pool40/green_bg/20230907_203553/m--20230907_203553--f000554.jpg,20230907_203553,mauritius,green,video,False,train,258.1884964907581
data/processed/mauritius/video/not_augmented/pool40/green_bg/20230907_203553/m--20230907_203553--f000930.jpg,20230907_203553,mauritius,green,video,False,train,2122.0582748152524
data/processed/mauritius/video/not_augmented/pool40/green_bg/20230907_203553/m--20230907_203553--f000932.jpg,20230907_203553,mauritius,green,video,False,train,813.3606305132306
data/processed/mauritius/video/not_augmented/pool40/green_bg/20230907_203553/m--20230907_203553--f000936.jpg,20230907_203553,mauritius,green,video,False,train,896.2329599804701
data/processed/mauritius/video/not_augmented/pool40/green_bg/20230907_203553/m--20230907_203553--f000938.jpg,20230907_203553,mauritius,green,video,False,train,1056.4712013707765
data/processed/mauritius/video/not_augmented/pool40/green_bg/20230907_203553/m--20230907_203553--f000940.jpg,20230907_203553,mauritius,green,video,False,train,815.3451650155579
data/processed/mauritius/video/not_augmented/pool40/green_bg/20230907_203553/m--20230907_203553--f000944.jpg,20230907_203553,mauritius,green,video,False,train,508.8542125019517
data/processed/mauritius/video/not_augmented/pool40/green_bg/20230907_203553/m--20230907_203553--f000946.jpg,20230907_203553,mauritius,green,video,False,train,1632.4421834818577
data/processed/mauritius/video/not_augmented/pool40/green_bg/20230907_203553/m--20230907_203553--f000948.jpg,20230907_203553,mauritius,green,video,False,train,2681.561522950931
data/processed/mauritius/video/not_augmented/pool40/green_bg/20230907_203553/m--20230907_203553--f000950.jpg,20230907_203553,mauritius,green,video,False,train,4708.790377677654
data/processed/mauritius/video/not_augmented/pool40/green_bg/20230907_203553/m--20230907_203553--f000982.jpg,20230907_203553,mauritius,green,video,False,train,4221.053970023922
data/processed/mauritius/video/not_augmented/pool40/green_bg/20230907_203553/m--20230907_203553--f000984.jpg,20230907_203553,mauritius,green,video,False,train,2067.978615242062
data/processed/mauritius/video/not_augmented/pool40/green_bg/20230907_203553/m--20230907_203553--f000986.jpg,20230907_203553,mauritius,green,video,False,train,1676.5205873217694
data/processed/mauritius/video/not_augmented/pool40/green_bg/20230907_203553/m--20230907_203553--f000988.jpg,20230907_203553,mauritius,green,video,False,train,1612.8022355850612
data/processed/mauritius/video/not_augmented/pool40/green_bg/20230907_203553/m--20230907_203553--f000990.jpg,20230907_203553,mauritius,green,video,False,train,1877.3096895575372
data/processed/mauritius/video/not_augmented/pool40/green_bg/20230907_203553/m--20230907_203553--f000992.jpg,20230907_203553,mauritius,green,video,False,train,2847.942243301983
data/processed/mauritius/video/not_augmented/pool40/green_bg/20230907_203553/m--20230907_203553--f000994.jpg,20230907_203553,mauritius,green,video,False,train,3710.511917533699
data/processed/mauritius/video/not_augmented/pool40/green_bg/20230907_203553/m--20230907_203553--f000998.jpg,20230907_203553,mauritius,green,video,False,train,4558.828981973488
data/processed/mauritius/video/not_augmented/pool40/green_bg/20230907_203553/m--20230907_203553--f001002.jpg,20230907_203553,mauritius,green,video,False,train,3058.385662420052
data/processed/mauritius/video/not_augmented/pool40/green_bg/20230907_203553/m--20230907_203553--f001006.jpg,20230907_203553,mauritius,green,video,False,train,1907.181062649509
data/processed/mauritius/video/not_augmented/pool40/green_bg/20230907_203553/m--20230907_203553--f001058.jpg,20230907_203553,mauritius,green,video,False,train,1145.766222855688
data/processed/mauritius/video/not_augmented/pool40/green_bg/20230907_203553/m--20230907_203553--f001060.jpg,20230907_203553,mauritius,green,video,False,train,1104.6649393878447
data/processed/mauritius/video/not_augmented/pool40/green_bg/20230907_203553/m--20230907_203553--f001062.jpg,20230907_203553,mauritius,green,video,False,train,1107.7361886124966
data/processed/mauritius/video/not_augmented/pool40/green_bg/20230907_203553/m--20230907_203553--f001064.jpg,20230907_203553,mauritius,green,video,False,train,1561.4720184694772
data/processed/mauritius/video/not_augmented/pool40/green_bg/20230907_203553/m--20230907_203553--f001066.jpg,20230907_203553,mauritius,green,video,False,train,2041.5136917853845
data/processed/mauritius/video/not_augmented/pool40/green_bg/20230907_203553/m--20230907_203553--f001068.jpg,20230907_203553,mauritius,green,video,False,train,564.3706751910412
data/processed/mauritius/video/not_augmented/pool40/green_bg/20230907_203553/m--20230907_203553--f001070.jpg,20230907_203553,mauritius,green,video,False,train,733.7557795984155
data/processed/mauritius/video/not_augmented/pool40/green_bg/20230907_203553/m--20230907_203553--f001072.jpg,20230907_203553,mauritius,green,video,False,train,388.6590600762453
data/processed/mauritius/video/not_augmented/pool40/green_bg/20230907_203553/m--20230907_203553--f001074.jpg,20230907_203553,mauritius,green,video,False,train,377.9607581309804
data/processed/mauritius/video/not_augmented/pool40/green_bg/20230907_203553/m--20230907_203553--f001076.jpg,20230907_203553,mauritius,green,video,False,train,365.9458904556312
data/processed/mauritius/video/not_augmented/pool40/green_bg/20230907_203553/m--20230907_203553--f001078.jpg,20230907_203553,mauritius,green,video,False,train,700.5989713084941
data/processed/mauritius/video/not_augmented/pool40/green_bg/20230907_203553/m--20230907_203553--f001102.jpg,20230907_203553,mauritius,green,video,False,train,3368.6912667311417
data/processed/mauritius/video/not_augmented/pool40/green_bg/20230907_203553/m--20230907_203553--f001180.jpg,20230907_203553,mauritius,green,video,False,train,365.1470025510204
data/processed/mauritius/video/not_augmented/pool40/green_bg/20230907_203553/m--20230907_203553--f001280.jpg,20230907_203553,mauritius,green,video,False,train,797.4320990015495
data/processed/mauritius/video/not_augmented/pool40/green_bg/20230907_203553/m--20230907_203553--f001282.jpg,20230907_203553,mauritius,green,video,False,train,1024.6300810778553
data/processed/mauritius/video/not_augmented/pool40/green_bg/20230907_203553/m--20230907_203553--f001284.jpg,20230907_203553,mauritius,green,video,False,train,910.6872004481568
data/processed/mauritius/video/not_augmented/pool40/green_bg/20230907_203553/m--20230907_203553--f001286.jpg,20230907_203553,mauritius,green,video,False,train,1093.2563575540469
data/processed/mauritius/video/not_augmented/pool40/green_bg/20230907_203553/m--20230907_203553--f001290.jpg,20230907_203553,mauritius,green,video,False,train,1227.245435683343
data/processed/mauritius/video/not_augmented/pool40/green_bg/20230907_203553/m--20230907_203553--f001292.jpg,20230907_203553,mauritius,green,video,False,train,2045.13133763413
data/processed/mauritius/video/not_augmented/pool40/green_bg/20230907_203553/m--20230907_203553--f001294.jpg,20230907_203553,mauritius,green,video,False,train,578.1444315685922
data/processed/mauritius/video/not_augmented/pool40/green_bg/20230907_203553/m--20230907_203553--f001296.jpg,20230907_203553,mauritius,green,video,False,train,601.8065209887217
data/processed/mauritius/video/not_augmented/pool40/green_bg/20230907_203553/m--20230907_203553--f001298.jpg,20230907_203553,mauritius,green,video,False,train,551.1991987879801
data/processed/mauritius/video/not_augmented/pool40/green_bg/20230907_203553/m--20230907_203553--f001300.jpg,20230907_203553,mauritius,green,video,False,train,405.700952557314
data/processed/mauritius/video/not_augmented/pool40/green_bg/20230907_203553/m--20230907_203553--f001304.jpg,20230907_203553,mauritius,green,video,False,train,484.37414301300686
data/processed/mauritius/video/not_augmented/pool40/green_bg/20230907_203553/m--20230907_203553--f001306.jpg,20230907_203553,mauritius,green,video,False,train,585.6036351897825
data/processed/mauritius/video/not_augmented/pool40/green_bg/20230907_203553/m--20230907_203553--f001310.jpg,20230907_203553,mauritius,green,video,False,train,760.3481939741594
data/processed/mauritius/video/not_augmented/pool40/green_bg/20230907_203553/m--20230907_203553--f001312.jpg,20230907_203553,mauritius,green,video,False,train,1372.6701010684578
data/processed/mauritius/video/not_augmented/pool40/green_bg/20230907_203553/m--20230907_203553--f001314.jpg,20230907_203553,mauritius,green,video,False,train,2342.462013697436
data/processed/mauritius/video/not_augmented/pool40/green_bg/20230907_203553/m--20230907_203553--f001316.jpg,20230907_203553,mauritius,green,video,False,train,1392.0251315175267
data/processed/mauritius/video/not_augmented/pool40/green_bg/20230907_203553/m--20230907_203553--f001318.jpg,20230907_203553,mauritius,green,video,False,train,1861.343132155282
data/processed/mauritius/video/not_augmented/pool40/green_bg/20230907_203553/m--20230907_203553--f001324.jpg,20230907_203553,mauritius,green,video,False,train,1723.1171077742572
data/processed/mauritius/video/not_augmented/pool40/green_bg/20230907_203553/m--20230907_203553--f001326.jpg,20230907_203553,mauritius,green,video,False,train,1690.5745574902712
data/processed/mauritius/video/not_augmented/pool40/green_bg/20230907_203553/m--20230907_203553--f001328.jpg,20230907_203553,mauritius,green,video,False,train,1841.0658680960717
data/processed/mauritius/video/not_augmented/pool40/green_bg/20230907_203553/m--20230907_203553--f001330.jpg,20230907_203553,mauritius,green,video,False,train,1647.0759326596403
data/processed/mauritius/video/not_augmented/pool40/green_bg/20230907_203553/m--20230907_203553--f001332.jpg,20230907_203553,mauritius,green,video,False,train,1929.0181361209943
data/processed/mauritius/video/not_augmented/pool40/green_bg/20230911_185250/m--20230911_185250--f000188.jpg,20230911_185250,mauritius,green,video,False,train,149.47064221972778
data/processed/mauritius/video/not_augmented/pool40/green_bg/20230911_185250/m--20230911_185250--f000190.jpg,20230911_185250,mauritius,green,video,False,train,160.92982646516342
data/processed/mauritius/video/not_augmented/pool40/green_bg/20230911_185250/m--20230911_185250--f000194.jpg,20230911_185250,mauritius,green,video,False,train,62.16414221938776
data/processed/mauritius/video/not_augmented/pool40/green_bg/20230911_185250/m--20230911_185250--f000196.jpg,20230911_185250,mauritius,green,video,False,train,71.01438933519064
data/processed/mauritius/video/not_augmented/pool40/green_bg/20230911_185250/m--20230911_185250--f000198.jpg,20230911_185250,mauritius,green,video,False,train,74.55098053417024
data/processed/mauritius/video/not_augmented/pool40/green_bg/20230911_185250/m--20230911_185250--f000200.jpg,20230911_185250,mauritius,green,video,False,train,85.520567600452
data/processed/mauritius/video/not_augmented/pool40/green_bg/20230911_185250/m--20230911_185250--f000202.jpg,20230911_185250,mauritius,green,video,False,train,130.0838847253681
data/processed/mauritius/video/not_augmented/pool40/green_bg/20230911_185250/m--20230911_185250--f000204.jpg,20230911_185250,mauritius,green,video,False,train,207.45727035096667
data/processed/mauritius/video/not_augmented/pool40/green_bg/20230911_185250/m--20230911_185250--f000206.jpg,20230911_185250,mauritius,green,video,False,train,206.3586973836153
data/processed/mauritius/video/not_augmented/pool40/green_bg/20230911_185250/m--20230911_185250--f000208.jpg,20230911_185250,mauritius,green,video,False,train,184.5944475347129
data/processed/mauritius/video/not_augmented/pool40/green_bg/20230911_185250/m--20230911_185250--f000210.jpg,20230911_185250,mauritius,green,video,False,train,125.10309695482552
data/processed/mauritius/video/not_augmented/pool40/green_bg/20230911_185250/m--20230911_185250--f000212.jpg,20230911_185250,mauritius,green,video,False,train,119.4332947701228
data/processed/mauritius/video/not_augmented/pool40/green_bg/20230911_185250/m--20230911_185250--f000214.jpg,20230911_185250,mauritius,green,video,False,train,105.87661383103352
data/processed/mauritius/video/not_augmented/pool40/green_bg/20230911_185250/m--20230911_185250--f000216.jpg,20230911_185250,mauritius,green,video,False,train,82.73509237280689
data/processed/mauritius/video/not_augmented/pool40/green_bg/20230911_185250/m--20230911_185250--f000218.jpg,20230911_185250,mauritius,green,video,False,train,80.84998749832667
data/processed/mauritius/video/not_augmented/pool40/green_bg/20230911_185250/m--20230911_185250--f000220.jpg,20230911_185250,mauritius,green,video,False,train,172.06909676940677
data/processed/mauritius/video/not_augmented/pool40/green_bg/20230911_185250/m--20230911_185250--f000222.jpg,20230911_185250,mauritius,green,video,False,train,363.0891261468178
data/processed/mauritius/video/not_augmented/pool40/green_bg/20230911_185250/m--20230911_185250--f000224.jpg,20230911_185250,mauritius,green,video,False,train,534.900649712613
data/processed/mauritius/video/not_augmented/pool40/green_bg/20230911_185250/m--20230911_185250--f000226.jpg,20230911_185250,mauritius,green,video,False,train,1371.184410784355
data/processed/mauritius/video/not_augmented/pool40/green_bg/20230911_185250/m--20230911_185250--f000228.jpg,20230911_185250,mauritius,green,video,False,train,1388.903718889976
data/processed/mauritius/video/not_augmented/pool40/green_bg/20230911_185250/m--20230911_185250--f000230.jpg,20230911_185250,mauritius,green,video,False,train,1167.785872884017
data/processed/mauritius/video/not_augmented/pool40/green_bg/20230911_185250/m--20230911_185250--f000232.jpg,20230911_185250,mauritius,green,video,False,train,1553.291753025762
data/processed/mauritius/video/not_augmented/pool40/green_bg/20230911_185250/m--20230911_185250--f000234.jpg,20230911_185250,mauritius,green,video,False,train,1708.187579693967
data/processed/mauritius/video/not_augmented/pool40/green_bg/20230911_185250/m--20230911_185250--f000236.jpg,20230911_185250,mauritius,green,video,False,train,2128.4121490059074
data/processed/mauritius/video/not_augmented/pool40/green_bg/20230911_185250/m--20230911_185250--f000238.jpg,20230911_185250,mauritius,green,video,False,train,2293.347417090248
data/processed/mauritius/video/not_augmented/pool40/green_bg/20230911_185250/m--20230911_185250--f000240.jpg,20230911_185250,mauritius,green,video,False,train,2602.413026108239
data/processed/mauritius/video/not_augmented/pool40/green_bg/20230911_185250/m--20230911_185250--f000242.jpg,20230911_185250,mauritius,green,video,False,train,2257.1623080999148
data/processed/mauritius/video/not_augmented/pool40/green_bg/20230911_185250/m--20230911_185250--f000244.jpg,20230911_185250,mauritius,green,video,False,train,1932.2725404817231
data/processed/mauritius/video/not_augmented/pool40/green_bg/20230911_185250/m--20230911_185250--f001342.jpg,20230911_185250,mauritius,green,video,False,train,599.4013472004565
data/processed/mauritius/video/not_augmented/pool40/green_bg/20230911_185250/m--20230911_185250--f001344.jpg,20230911_185250,mauritius,green,video,False,train,1185.3682437338268
data/processed/mauritius/video/not_augmented/pool40/green_bg/20230911_185250/m--20230911_185250--f001346.jpg,20230911_185250,mauritius,green,video,False,train,1279.476383127803
data/processed/mauritius/video/not_augmented/pool40/green_bg/20230911_210324/m--20230911_210324--f000194.jpg,20230911_210324,mauritius,green,video,False,train,1552.8685626272656
data/processed/mauritius/video/not_augmented/pool40/green_bg/20230911_210324/m--20230911_210324--f000196.jpg,20230911_210324,mauritius,green,video,False,train,1214.462033638007
data/processed/mauritius/video/not_augmented/pool40/green_bg/20230911_210324/m--20230911_210324--f000198.jpg,20230911_210324,mauritius,green,video,False,train,1112.4278140689669
data/processed/mauritius/video/not_augmented/pool40/green_bg/20230911_210324/m--20230911_210324--f000200.jpg,20230911_210324,mauritius,green,video,False,train,1048.507154811476
data/processed/mauritius/video/not_augmented/pool40/green_bg/20230911_210324/m--20230911_210324--f000202.jpg,20230911_210324,mauritius,green,video,False,train,856.6795279595417
data/processed/mauritius/video/not_augmented/pool40/green_bg/20230911_210324/m--20230911_210324--f000204.jpg,20230911_210324,mauritius,green,video,False,train,1041.122707857484
data/processed/mauritius/video/not_augmented/pool40/green_bg/20230911_210324/m--20230911_210324--f000206.jpg,20230911_210324,mauritius,green,video,False,train,1052.8464404812755
data/processed/mauritius/video/not_augmented/pool40/green_bg/20230911_210324/m--20230911_210324--f000208.jpg,20230911_210324,mauritius,green,video,False,train,1072.5456387759348
data/processed/mauritius/video/not_augmented/pool40/green_bg/20230911_210324/m--20230911_210324--f000210.jpg,20230911_210324,mauritius,green,video,False,train,1424.988101547333
data/processed/mauritius/video/not_augmented/pool40/green_bg/20230911_210324/m--20230911_210324--f000212.jpg,20230911_210324,mauritius,green,video,False,train,2223.91127230713
data/processed/mauritius/video/not_augmented/pool40/green_bg/20230911_210324/m--20230911_210324--f000214.jpg,20230911_210324,mauritius,green,video,False,train,2130.059769601039
data/processed/mauritius/video/not_augmented/pool40/green_bg/20230911_210324/m--20230911_210324--f000216.jpg,20230911_210324,mauritius,green,video,False,train,2343.833346461018
data/processed/mauritius/video/not_augmented/pool40/green_bg/20230911_210324/m--20230911_210324--f000218.jpg,20230911_210324,mauritius,green,video,False,train,2406.1144770392275
data/processed/mauritius/video/not_augmented/pool40/green_bg/20230911_210324/m--20230911_210324--f000220.jpg,20230911_210324,mauritius,green,video,False,train,2386.1920240271943
data/processed/mauritius/video/not_augmented/pool40/green_bg/20230911_210324/m--20230911_210324--f000222.jpg,20230911_210324,mauritius,green,video,False,train,1901.6305404720283
data/processed/mauritius/video/not_augmented/pool40/green_bg/20230911_210324/m--20230911_210324--f000224.jpg,20230911_210324,mauritius,green,video,False,train,1287.2904176517409
data/processed/mauritius/video/not_augmented/pool40/green_bg/20230911_210324/m--20230911_210324--f000226.jpg,20230911_210324,mauritius,green,video,False,train,675.165258284461
data/processed/mauritius/video/not_augmented/pool40/green_bg/20230911_210324/m--20230911_210324--f000228.jpg,20230911_210324,mauritius,green,video,False,train,287.33878686397287
data/processed/mauritius/video/not_augmented/pool40/green_bg/20230911_210324/m--20230911_210324--f000230.jpg,20230911_210324,mauritius,green,video,False,train,159.98682622778472
data/processed/mauritius/video/not_augmented/pool40/green_bg/20230911_210324/m--20230911_210324--f000232.jpg,20230911_210324,mauritius,green,video,False,train,99.65601080211684
data/processed/mauritius/video/not_augmented/pool40/green_bg/20230911_210324/m--20230911_210324--f000988.jpg,20230911_210324,mauritius,green,video,False,train,492.04719379970015
data/processed/mauritius/video/not_augmented/pool40/green_bg/20230911_210324/m--20230911_210324--f000990.jpg,20230911_210324,mauritius,green,video,False,train,604.705157818967
data/processed/mauritius/video/not_augmented/pool40/green_bg/20230911_210324/m--20230911_210324--f000992.jpg,20230911_210324,mauritius,green,video,False,train,593.0938695774928
data/processed/mauritius/video/not_augmented/pool40/green_bg/20230911_210324/m--20230911_210324--f001202.jpg,20230911_210324,mauritius,green,video,False,train,329.08691404303727
data/processed/mauritius/video/not_augmented/pool40/green_bg/20230911_210324/m--20230911_210324--f001204.jpg,20230911_210324,mauritius,green,video,False,train,328.4018454716534
data/processed/mauritius/video/not_augmented/pool40/green_bg/20230911_210324/m--20230911_210324--f001206.jpg,20230911_210324,mauritius,green,video,False,train,613.614277742347
data/processed/mauritius/video/not_augmented/pool40/green_bg/20230923_212849/m--20230923_212849--f000120.jpg,20230923_212849,mauritius,green,video,False,train,62.61168680504827
data/processed/mauritius/video/not_augmented/pool40/green_bg/20230923_212849/m--20230923_212849--f000122.jpg,20230923_212849,mauritius,green,video,False,train,60.09650031252237
data/processed/mauritius/video/not_augmented/pool40/green_bg/20230923_212849/m--20230923_212849--f000124.jpg,20230923_212849,mauritius,green,video,False,train,69.17396761446582
data/processed/mauritius/video/not_augmented/pool40/green_bg/20230923_212849/m--20230923_212849--f000126.jpg,20230923_212849,mauritius,green,video,False,train,76.02564970943541
data/processed/mauritius/video/not_augmented/pool40/green_bg/20230923_212849/m--20230923_212849--f000128.jpg,20230923_212849,mauritius,green,video,False,train,109.00352757933338
data/processed/mauritius/video/not_augmented/pool40/green_bg/20230923_212849/m--20230923_212849--f000130.jpg,20230923_212849,mauritius,green,video,False,train,149.75432472872467
data/processed/mauritius/video/not_augmented/pool40/green_bg/20230923_212849/m--20230923_212849--f000132.jpg,20230923_212849,mauritius,green,video,False,train,225.27849964140256
data/processed/mauritius/video/not_augmented/pool40/green_bg/20230923_212849/m--20230923_212849--f000134.jpg,20230923_212849,mauritius,green,video,False,train,387.6079799107143
data/processed/mauritius/video/not_augmented/pool40/green_bg/20230923_212849/m--20230923_212849--f000136.jpg,20230923_212849,mauritius,green,video,False,train,563.7529296839252
data/processed/mauritius/video/not_augmented/pool40/green_bg/20230923_212849/m--20230923_212849--f000138.jpg,20230923_212849,mauritius,green,video,False,train,925.9616350442456
data/processed/mauritius/video/not_augmented/pool40/green_bg/20230923_212849/m--20230923_212849--f000140.jpg,20230923_212849,mauritius,green,video,False,train,1303.8010403058372
data/processed/mauritius/video/not_augmented/pool40/green_bg/20230923_212849/m--20230923_212849--f000142.jpg,20230923_212849,mauritius,green,video,False,train,1475.0301537436278
data/processed/mauritius/video/not_augmented/pool40/green_bg/20230923_212849/m--20230923_212849--f000156.jpg,20230923_212849,mauritius,green,video,False,train,280.8748604874966
data/processed/mauritius/video/not_augmented/pool40/green_bg/20230923_212849/m--20230923_212849--f001338.jpg,20230923_212849,mauritius,green,video,False,train,468.1253786571619
data/processed/mauritius/video/not_augmented/pool40/green_bg/20230923_212849/m--20230923_212849--f001344.jpg,20230923_212849,mauritius,green,video,False,train,816.244818161945
data/processed/mauritius/video/not_augmented/pool40/green_bg/20230923_212849/m--20230923_212849--f001352.jpg,20230923_212849,mauritius,green,video,False,train,509.0545080420078
data/processed/mauritius/video/not_augmented/pool40/green_bg/20230923_212849/m--20230923_212849--f001360.jpg,20230923_212849,mauritius,green,video,False,train,666.6631654817231
data/processed/mauritius/video/not_augmented/pool40/green_bg/20230923_212849/m--20230923_212849--f001362.jpg,20230923_212849,mauritius,green,video,False,train,651.8224449614493
data/processed/mauritius/video/not_augmented/pool40/green_bg/20230923_212849/m--20230923_212849--f001364.jpg,20230923_212849,mauritius,green,video,False,train,635.8691206756903
data/processed/mauritius/video/not_augmented/pool40/green_bg/20230923_212849/m--20230923_212849--f001366.jpg,20230923_212849,mauritius,green,video,False,train,656.7061343397611
data/processed/mauritius/video/not_augmented/pool40/green_bg/20230923_212849/m--20230923_212849--f001368.jpg,20230923_212849,mauritius,green,video,False,train,555.4605986254754
data/processed/mauritius/video/not_augmented/pool40/green_bg/20230923_212849/m--20230923_212849--f001370.jpg,20230923_212849,mauritius,green,video,False,train,440.4390345787516
data/processed/mauritius/video/not_augmented/pool40/green_bg/20230923_212849/m--20230923_212849--f001372.jpg,20230923_212849,mauritius,green,video,False,train,449.3654733409191
data/processed/mauritius/video/not_augmented/pool40/green_bg/20230923_212849/m--20230923_212849--f001374.jpg,20230923_212849,mauritius,green,video,False,train,605.1661750494764
data/processed/mauritius/video/not_augmented/pool40/green_bg/20230923_212849/m--20230923_212849--f001376.jpg,20230923_212849,mauritius,green,video,False,train,368.2442601786609
data/processed/mauritius/video/not_augmented/pool40/green_bg/20230923_212849/m--20230923_212849--f001572.jpg,20230923_212849,mauritius,green,video,False,train,157.41699213943895
data/processed/mauritius/video/not_augmented/pool40/green_bg/20230930_053500/m--20230930_053500--f000198.jpg,20230930_053500,mauritius,green,video,False,val,131.93024547851766
data/processed/mauritius/video/not_augmented/pool40/green_bg/20230930_053500/m--20230930_053500--f000200.jpg,20230930_053500,mauritius,green,video,False,val,126.36322134566872
data/processed/mauritius/video/not_augmented/pool40/green_bg/20230930_053500/m--20230930_053500--f000204.jpg,20230930_053500,mauritius,green,video,False,val,143.21522238491875
data/processed/mauritius/video/not_augmented/pool40/green_bg/20230930_053500/m--20230930_053500--f000206.jpg,20230930_053500,mauritius,green,video,False,val,141.53806590597017
data/processed/mauritius/video/not_augmented/pool40/green_bg/20230930_053500/m--20230930_053500--f000208.jpg,20230930_053500,mauritius,green,video,False,val,147.39676333566055
data/processed/mauritius/video/not_augmented/pool40/green_bg/20230930_053500/m--20230930_053500--f000214.jpg,20230930_053500,mauritius,green,video,False,val,123.8394052361707
data/processed/mauritius/video/not_augmented/pool40/green_bg/20230930_053500/m--20230930_053500--f000218.jpg,20230930_053500,mauritius,green,video,False,val,353.6274910207491
data/processed/mauritius/video/not_augmented/pool40/green_bg/20230930_053500/m--20230930_053500--f000220.jpg,20230930_053500,mauritius,green,video,False,val,443.1829161352041
data/processed/mauritius/video/not_augmented/pool40/green_bg/20230930_053500/m--20230930_053500--f000224.jpg,20230930_053500,mauritius,green,video,False,val,522.7270009502774
data/processed/mauritius/video/not_augmented/pool40/green_bg/20230930_053500/m--20230930_053500--f000586.jpg,20230930_053500,mauritius,green,video,False,val,478.3691206915784
data/processed/mauritius/video/not_augmented/pool40/green_bg/20230930_053500/m--20230930_053500--f000592.jpg,20230930_053500,mauritius,green,video,False,val,192.46882971779897
data/processed/mauritius/video/not_augmented/pool40/green_bg/20230930_053500/m--20230930_053500--f000898.jpg,20230930_053500,mauritius,green,video,False,val,71.44017054229317
data/processed/mauritius/video/not_augmented/pool40/green_bg/20230930_053500/m--20230930_053500--f000902.jpg,20230930_053500,mauritius,green,video,False,val,83.3648157810877
data/processed/mauritius/video/not_augmented/pool40/green_bg/20230930_053500/m--20230930_053500--f000904.jpg,20230930_053500,mauritius,green,video,False,val,57.84135841201218
data/processed/mauritius/video/not_augmented/pool40/green_bg/20230930_053500/m--20230930_053500--f000906.jpg,20230930_053500,mauritius,green,video,False,val,73.47602410457472
data/processed/mauritius/video/not_augmented/pool40/green_bg/20230930_053500/m--20230930_053500--f000950.jpg,20230930_053500,mauritius,green,video,False,val,555.9976680327436
data/processed/mauritius/video/not_augmented/pool40/green_bg/20230930_053500/m--20230930_053500--f000960.jpg,20230930_053500,mauritius,green,video,False,val,852.5497249486493
data/processed/mauritius/video/not_augmented/pool40/green_bg/20230930_053500/m--20230930_053500--f000968.jpg,20230930_053500,mauritius,green,video,False,val,562.8804607526405
data/processed/mauritius/video/not_augmented/pool40/green_bg/20230930_053500/m--20230930_053500--f000970.jpg,20230930_053500,mauritius,green,video,False,val,771.6092354588983
data/processed/mauritius/video/not_augmented/pool40/green_bg/20230930_053500/m--20230930_053500--f000974.jpg,20230930_053500,mauritius,green,video,False,val,674.6055683956599
data/processed/mauritius/video/not_augmented/pool40/green_bg/20230930_053500/m--20230930_053500--f000976.jpg,20230930_053500,mauritius,green,video,False,val,579.8064014604815
data/processed/mauritius/video/not_augmented/pool40/green_bg/20230930_053500/m--20230930_053500--f000978.jpg,20230930_053500,mauritius,green,video,False,val,644.4335936721491
data/processed/mauritius/video/not_augmented/pool40/green_bg/20230930_053500/m--20230930_053500--f000980.jpg,20230930_053500,mauritius,green,video,False,val,487.6340481107902
data/processed/mauritius/video/not_augmented/pool40/green_bg/20230930_053500/m--20230930_053500--f000982.jpg,20230930_053500,mauritius,green,video,False,val,368.4312021429466
data/processed/mauritius/video/not_augmented/pool40/green_bg/20230930_053500/m--20230930_053500--f000984.jpg,20230930_053500,mauritius,green,video,False,val,382.5724848529191
data/processed/mauritius/video/not_augmented/pool40/green_bg/20230930_053500/m--20230930_053500--f000988.jpg,20230930_053500,mauritius,green,video,False,val,370.86202566606806
data/processed/mauritius/video/not_augmented/pool40/green_bg/20230930_053500/m--20230930_053500--f001054.jpg,20230930_053500,mauritius,green,video,False,val,178.85427295759487
data/processed/mauritius/video/not_augmented/pool40/green_bg/20230930_053500/m--20230930_053500--f001056.jpg,20230930_053500,mauritius,green,video,False,val,132.79247036043776
data/processed/mauritius/video/not_augmented/pool40/green_bg/20230930_053500/m--20230930_053500--f001058.jpg,20230930_053500,mauritius,green,video,False,val,82.03467790825275
data/processed/mauritius/video/not_augmented/pool40/green_bg/20230930_053500/m--20230930_053500--f001062.jpg,20230930_053500,mauritius,green,video,False,val,58.26803650154961
data/processed/mauritius/video/not_augmented/pool40/green_bg/20230930_053500/m--20230930_053500--f001074.jpg,20230930_053500,mauritius,green,video,False,val,135.53856424389656
data/processed/mauritius/video/not_augmented/pool40/green_bg/20230930_053500/m--20230930_053500--f001076.jpg,20230930_053500,mauritius,green,video,False,val,79.39544802137041
data/processed/mauritius/video/not_augmented/pool40/green_bg/20230930_053500/m--20230930_053500--f001078.jpg,20230930_053500,mauritius,green,video,False,val,74.18217873047014
data/processed/mauritius/video/not_augmented/pool40/green_bg/20230930_053500/m--20230930_053500--f001080.jpg,20230930_053500,mauritius,green,video,False,val,129.9111726400208
data/processed/mauritius/video/not_augmented/pool40/green_bg/20230930_053500/m--20230930_053500--f001082.jpg,20230930_053500,mauritius,green,video,False,val,141.46733494869423
data/processed/mauritius/video/not_augmented/pool40/green_bg/20230930_053500/m--20230930_053500--f001084.jpg,20230930_053500,mauritius,green,video,False,val,221.7492625952661
data/processed/mauritius/video/not_augmented/pool40/green_bg/20230930_053500/m--20230930_053500--f001086.jpg,20230930_053500,mauritius,green,video,False,val,363.2996850603573
data/processed/mauritius/video/not_augmented/pool40/green_bg/20230930_053500/m--20230930_053500--f001088.jpg,20230930_053500,mauritius,green,video,False,val,341.3521005959374
data/processed/mauritius/video/not_augmented/pool40/green_bg/20230930_053500/m--20230930_053500--f001090.jpg,20230930_053500,mauritius,green,video,False,val,178.62460130137833
data/processed/mauritius/video/not_augmented/pool40/green_bg/20230930_053500/m--20230930_053500--f001094.jpg,20230930_053500,mauritius,green,video,False,val,263.7800741068575
data/processed/mauritius/video/not_augmented/pool40/green_bg/20230930_053500/m--20230930_053500--f001096.jpg,20230930_053500,mauritius,green,video,False,val,481.0927932386545
data/processed/mauritius/video/not_augmented/pool40/green_bg/20230930_053500/m--20230930_053500--f001100.jpg,20230930_053500,mauritius,green,video,False,val,547.2269610190878
data/processed/mauritius/video/not_augmented/pool40/green_bg/20230930_053500/m--20230930_053500--f001102.jpg,20230930_053500,mauritius,green,video,False,val,142.12077484702826
data/processed/mauritius/video/not_augmented/pool40/green_bg/20230930_053500/m--20230930_053500--f001104.jpg,20230930_053500,mauritius,green,video,False,val,95.89758050665166
data/processed/mauritius/video/not_augmented/pool40/green_bg/20230930_053500/m--20230930_053500--f001108.jpg,20230930_053500,mauritius,green,video,False,val,179.34333146963948
data/processed/mauritius/video/not_augmented/pool40/green_bg/20230930_053500/m--20230930_053500--f001110.jpg,20230930_053500,mauritius,green,video,False,val,83.34763631975585
data/processed/mauritius/video/not_augmented/pool40/green_bg/20230930_053500/m--20230930_053500--f001112.jpg,20230930_053500,mauritius,green,video,False,val,83.82435825853138
data/processed/mauritius/video/not_augmented/pool40/green_bg/20230930_053500/m--20230930_053500--f001114.jpg,20230930_053500,mauritius,green,video,False,val,80.92526307239079
data/processed/mauritius/video/not_augmented/pool40/green_bg/20230930_053500/m--20230930_053500--f001116.jpg,20230930_053500,mauritius,green,video,False,val,60.2798349614046
data/processed/mauritius/video/not_augmented/pool40/green_bg/20230930_053500/m--20230930_053500--f001118.jpg,20230930_053500,mauritius,green,video,False,val,64.98393652906819
data/processed/mauritius/video/not_augmented/pool40/green_bg/20230930_053500/m--20230930_053500--f001120.jpg,20230930_053500,mauritius,green,video,False,val,66.64241858454159
data/processed/mauritius/video/not_augmented/pool40/green_bg/20230930_053500/m--20230930_053500--f001122.jpg,20230930_053500,mauritius,green,video,False,val,66.43708146963951
data/processed/mauritius/video/not_augmented/pool40/green_bg/20230930_053500/m--20230930_053500--f001126.jpg,20230930_053500,mauritius,green,video,False,val,104.8135762117347
data/processed/mauritius/video/not_augmented/pool40/green_bg/20230930_053500/m--20230930_053500--f001128.jpg,20230930_053500,mauritius,green,video,False,val,87.04225126915503
data/processed/mauritius/video/not_augmented/pool40/green_bg/20230930_053500/m--20230930_053500--f001130.jpg,20230930_053500,mauritius,green,video,False,val,86.98736447068563
data/processed/mauritius/video/not_augmented/pool40/green_bg/20230930_053500/m--20230930_053500--f001132.jpg,20230930_053500,mauritius,green,video,False,val,85.5668646360824
data/processed/mauritius/video/not_augmented/pool40/green_bg/20230930_053500/m--20230930_053500--f001136.jpg,20230930_053500,mauritius,green,video,False,val,88.66840718121192
data/processed/mauritius/video/not_augmented/pool40/green_bg/20230930_053500/m--20230930_053500--f001162.jpg,20230930_053500,mauritius,green,video,False,val,313.0041653058371
data/processed/mauritius/video/not_augmented/pool40/green_bg/20230930_053500/m--20230930_053500--f001164.jpg,20230930_053500,mauritius,green,video,False,val,133.92855147926176
data/processed/mauritius/video/not_augmented/pool40/green_bg/20230930_053500/m--20230930_053500--f001204.jpg,20230930_053500,mauritius,green,video,False,val,80.83814970943541
data/processed/mauritius/video/not_augmented/pool40/green_bg/20231005_200808/m--20231005_200808--f000158.jpg,20231005_200808,mauritius,green,video,False,train,29.859813442333497
data/processed/mauritius/video/not_augmented/pool40/green_bg/20231005_200808/m--20231005_200808--f000162.jpg,20231005_200808,mauritius,green,video,False,train,23.661491530282163
data/processed/mauritius/video/not_augmented/pool40/green_bg/20231005_200808/m--20231005_200808--f000164.jpg,20231005_200808,mauritius,green,video,False,train,27.495077238436394
data/processed/mauritius/video/not_augmented/pool40/green_bg/20231005_200808/m--20231005_200808--f000168.jpg,20231005_200808,mauritius,green,video,False,train,26.732740695354394
data/processed/mauritius/video/not_augmented/pool40/green_bg/20231005_200808/m--20231005_200808--f000170.jpg,20231005_200808,mauritius,green,video,False,train,21.757015306122447
data/processed/mauritius/video/not_augmented/pool40/green_bg/20231005_200808/m--20231005_200808--f000172.jpg,20231005_200808,mauritius,green,video,False,train,33.334542353517655
data/processed/mauritius/video/not_augmented/pool40/green_bg/20231005_200808/m--20231005_200808--f000182.jpg,20231005_200808,mauritius,green,video,False,train,224.49392139628645
data/processed/mauritius/video/not_augmented/pool40/green_bg/20231005_200808/m--20231005_200808--f000190.jpg,20231005_200808,mauritius,green,video,False,train,450.0636758573947
data/processed/mauritius/video/not_augmented/pool40/green_bg/20231005_200808/m--20231005_200808--f000196.jpg,20231005_200808,mauritius,green,video,False,train,546.781887397623
data/processed/mauritius/video/not_augmented/pool40/green_bg/20231005_200808/m--20231005_200808--f000198.jpg,20231005_200808,mauritius,green,video,False,train,583.2058553886335
data/processed/mauritius/video/not_augmented/pool40/green_bg/20231005_200808/m--20231005_200808--f000200.jpg,20231005_200808,mauritius,green,video,False,train,537.6666334307924
data/processed/mauritius/video/not_augmented/pool40/green_bg/20231005_200808/m--20231005_200808--f000202.jpg,20231005_200808,mauritius,green,video,False,train,492.87005716917264
data/processed/mauritius/video/not_augmented/pool40/green_bg/20231005_200808/m--20231005_200808--f000204.jpg,20231005_200808,mauritius,green,video,False,train,439.6104711094085
data/processed/mauritius/video/not_augmented/pool40/green_bg/20231005_200808/m--20231005_200808--f000206.jpg,20231005_200808,mauritius,green,video,False,train,417.0885482428224
data/processed/mauritius/video/not_augmented/pool40/green_bg/20231005_200808/m--20231005_200808--f000208.jpg,20231005_200808,mauritius,green,video,False,train,473.0104427806341
data/processed/mauritius/video/not_augmented/pool40/green_bg/20231005_200808/m--20231005_200808--f000212.jpg,20231005_200808,mauritius,green,video,False,train,341.1210936928034
data/processed/mauritius/video/not_augmented/pool40/green_bg/20231005_200808/m--20231005_200808--f000214.jpg,20231005_200808,mauritius,green,video,False,train,283.6862043116997
data/processed/mauritius/video/not_augmented/pool40/green_bg/20231005_200808/m--20231005_200808--f000216.jpg,20231005_200808,mauritius,green,video,False,train,324.8138747268893
data/processed/mauritius/video/not_augmented/pool40/green_bg/20231005_200808/m--20231005_200808--f000218.jpg,20231005_200808,mauritius,green,video,False,train,300.9548189698632
data/processed/mauritius/video/not_augmented/pool40/green_bg/20231005_200808/m--20231005_200808--f000220.jpg,20231005_200808,mauritius,green,video,False,train,285.5058992283387
data/processed/mauritius/video/not_augmented/pool40/green_bg/20231005_200808/m--20231005_200808--f000222.jpg,20231005_200808,mauritius,green,video,False,train,222.65766500920267
data/processed/mauritius/video/not_augmented/pool40/green_bg/20231005_200808/m--20231005_200808--f000224.jpg,20231005_200808,mauritius,green,video,False,train,267.32505557478487
data/processed/mauritius/video/not_augmented/pool40/green_bg/20231005_200808/m--20231005_200808--f000226.jpg,20231005_200808,mauritius,green,video,False,train,295.207469649436
data/processed/mauritius/video/not_augmented/pool40/green_bg/20231005_200808/m--20231005_200808--f000230.jpg,20231005_200808,mauritius,green,video,False,train,269.122688123456
data/processed/mauritius/video/not_augmented/pool40/green_bg/20231005_200808/m--20231005_200808--f000232.jpg,20231005_200808,mauritius,green,video,False,train,238.8872169767107
data/processed/mauritius/video/not_augmented/pool40/green_bg/20231005_200808/m--20231005_200808--f000234.jpg,20231005_200808,mauritius,green,video,False,train,229.78224643515023
data/processed/mauritius/video/not_augmented/pool40/green_bg/20231005_200808/m--20231005_200808--f000236.jpg,20231005_200808,mauritius,green,video,False,train,221.19419638885157
data/processed/mauritius/video/not_augmented/pool40/green_bg/20231005_200808/m--20231005_200808--f000238.jpg,20231005_200808,mauritius,green,video,False,train,268.46775342980214
data/processed/mauritius/video/not_augmented/pool40/green_bg/20231005_200808/m--20231005_200808--f000240.jpg,20231005_200808,mauritius,green,video,False,train,305.0666454018081
data/processed/mauritius/video/not_augmented/pool40/green_bg/20231005_200808/m--20231005_200808--f000492.jpg,20231005_200808,mauritius,green,video,False,train,2626.4488599555584
data/processed/mauritius/video/not_augmented/pool40/green_bg/20231005_200808/m--20231005_200808--f000990.jpg,20231005_200808,mauritius,green,video,False,train,58.44280133928572
data/processed/mauritius/video/not_augmented/pool40/green_bg/20231005_200808/m--20231005_200808--f000992.jpg,20231005_200808,mauritius,green,video,False,train,72.89835777902346
data/processed/mauritius/video/not_augmented/pool40/green_bg/20231005_200808/m--20231005_200808--f000994.jpg,20231005_200808,mauritius,green,video,False,train,95.75003984539472
data/processed/mauritius/video/not_augmented/pool40/green_bg/20231005_200808/m--20231005_200808--f001000.jpg,20231005_200808,mauritius,green,video,False,train,130.67715638997606
data/processed/mauritius/video/not_augmented/pool40/green_bg/20231005_200808/m--20231005_200808--f001028.jpg,20231005_200808,mauritius,green,video,False,train,413.1788305161844
data/processed/mauritius/video/not_augmented/pool40/green_bg/20231005_200808/m--20231005_200808--f001034.jpg,20231005_200808,mauritius,green,video,False,train,817.6226881313997
data/processed/mauritius/video/not_augmented/pool40/green_bg/20231005_200808/m--20231005_200808--f001058.jpg,20231005_200808,mauritius,green,video,False,train,956.3825932681088
data/processed/mauritius/video/not_augmented/pool40/green_bg/20231005_200808/m--20231005_200808--f001062.jpg,20231005_200808,mauritius,green,video,False,train,1244.8358378503683
data/processed/mauritius/video/not_augmented/pool40/green_bg/20231005_200808/m--20231005_200808--f001064.jpg,20231005_200808,mauritius,green,video,False,train,1103.3525788328243
data/processed/mauritius/video/not_augmented/pool40/green_bg/20231005_200808/m--20231005_200808--f001066.jpg,20231005_200808,mauritius,green,video,False,train,750.2118941310644
data/processed/mauritius/video/not_augmented/pool40/green_bg/20231005_200808/m--20231005_200808--f001078.jpg,20231005_200808,mauritius,green,video,False,train,461.4921476339509
data/processed/mauritius/video/not_augmented/pool40/green_bg/20231005_200808/m--20231005_200808--f001080.jpg,20231005_200808,mauritius,green,video,False,train,383.4739915175718
data/processed/mauritius/video/not_augmented/pool40/green_bg/20231005_200808/m--20231005_200808--f001082.jpg,20231005_200808,mauritius,green,video,False,train,236.0499441900734
data/processed/mauritius/video/not_augmented/pool40/green_bg/20231005_200808/m--20231005_200808--f001088.jpg,20231005_200808,mauritius,green,video,False,train,215.6763591833881
data/processed/mauritius/video/not_augmented/pool40/green_bg/20231005_200808/m--20231005_200808--f001158.jpg,20231005_200808,mauritius,green,video,False,train,365.4750478252775
data/processed/mauritius/video/not_augmented/pool40/green_bg/20231005_200808/m--20231005_200808--f001160.jpg,20231005_200808,mauritius,green,video,False,train,391.719367793082
data/processed/mauritius/video/not_augmented/pool40/green_bg/20231005_200808/m--20231005_200808--f001170.jpg,20231005_200808,mauritius,green,video,False,train,98.08316725087832
data/processed/mauritius/video/not_augmented/pool40/green_bg/20231005_200808/m--20231005_200808--f001178.jpg,20231005_200808,mauritius,green,video,False,train,109.93815620697224
