path,identity,species,background,source,augmented,split,quality
data/processed/mauritius/video/not_augmented/cull2_green_bg/head/224/occ/cn/periphery/20230805_131123/m--20230805_131123--f000746.jpg,20230805_131123,mauritius,original,video,False,train,113.85881696428571
data/processed/mauritius/video/not_augmented/cull2_green_bg/head/224/occ/cn/periphery/20230805_131123/m--20230805_131123--f000748.jpg,20230805_131123,mauritius,original,video,False,train,110.63524394132654
data/processed/mauritius/video/not_augmented/cull2_green_bg/head/224/occ/cn/periphery/20230805_131123/m--20230805_131123--f000750.jpg,20230805_131123,mauritius,original,video,False,train,121.87220982142857
data/processed/mauritius/video/not_augmented/cull2_green_bg/head/224/occ/cn/periphery/20230805_131123/m--20230805_131123--f000752.jpg,20230805_131123,mauritius,original,video,False,train,113.80496651785714
data/processed/mauritius/video/not_augmented/cull2_green_bg/head/224/occ/cn/periphery/20230805_131123/m--20230805_131123--f000754.jpg,20230805_131123,mauritius,original,video,False,train,118.05974968112245
data/processed/mauritius/video/not_augmented/cull2_green_bg/head/224/occ/cn/periphery/20230805_131123/m--20230805_131123--f000756.jpg,20230805_131123,mauritius,original,video,False,train,132.26921237244898
data/processed/mauritius/video/not_augmented/cull2_green_bg/head/224/occ/cn/periphery/20230805_131123/m--20230805_131123--f000758.jpg,20230805_131123,mauritius,original,video,False,train,122.50522161989795
data/processed/mauritius/video/not_augmented/cull2_green_bg/head/224/occ/cn/periphery/20230805_131123/m--20230805_131123--f000760.jpg,20230805_131123,mauritius,original,video,False,train,128.51566231762158
data/processed/mauritius/video/not_augmented/cull2_green_bg/head/224/occ/cn/periphery/20230805_131123/m--20230805_131123--f000824.jpg,20230805_131123,mauritius,original,video,False,train,599.236965880102
data/processed/mauritius/video/not_augmented/cull2_green_bg/head/224/occ/cn/periphery/20230805_131123/m--20230805_131123--f000826.jpg,20230805_131123,mauritius,original,video,False,train,688.6548549107143
data/processed/mauritius/video/not_augmented/cull2_green_bg/head/224/occ/cn/periphery/20230805_131123/m--20230805_131123--f000828.jpg,20230805_131123,mauritius,original,video,False,train,696.3685427295918
data/processed/mauritius/video/not_augmented/cull2_green_bg/head/224/occ/cn/periphery/20230805_131123/m--20230805_131123--f000830.jpg,20230805_131123,mauritius,original,video,False,train,468.7323022959184
data/processed/mauritius/video/not_augmented/cull2_green_bg/head/224/occ/cn/periphery/20230805_131123/m--20230805_131123--f000836.jpg,20230805_131123,mauritius,original,video,False,train,384.61459661989795
data/processed/mauritius/video/not_augmented/cull2_green_bg/head/224/occ/cn/periphery/20230805_131123/m--20230805_131123--f000850.jpg,20230805_131123,mauritius,original,video,False,train,112.33067602040816
data/processed/mauritius/video/not_augmented/cull2_green_bg/head/224/occ/cn/periphery/20230805_131123/m--20230805_131123--f000852.jpg,20230805_131123,mauritius,original,video,False,train,104.6860650510204
data/processed/mauritius/video/not_augmented/cull2_green_bg/head/224/occ/cn/periphery/20230805_131123/m--20230805_131123--f000874.jpg,20230805_131123,mauritius,original,video,False,train,86.00845025510205
data/processed/mauritius/video/not_augmented/cull2_green_bg/head/224/occ/cn/periphery/20230805_131123/m--20230805_131123--f000876.jpg,20230805_131123,mauritius,original,video,False,train,94.90453603316327
data/processed/mauritius/video/not_augmented/cull2_green_bg/head/224/occ/cn/periphery/20230805_132834/m--20230805_132834--f000538.jpg,20230805_132834,mauritius,original,video,False,test,78.14616486193091
data/processed/mauritius/video/not_augmented/cull2_green_bg/head/224/occ/cn/periphery/20230805_132834/m--20230805_132834--f000540.jpg,20230805_132834,mauritius,original,video,False,test,150.85750052036224
data/processed/mauritius/video/not_augmented/cull2_green_bg/head/224/occ/cn/periphery/20230805_132834/m--20230805_132834--f000542.jpg,20230805_132834,mauritius,original,video,False,test,294.3202714820745
data/processed/mauritius/video/not_augmented/cull2_green_bg/head/224/occ/cn/periphery/20230805_132834/m--20230805_132834--f000544.jpg,20230805_132834,mauritius,original,video,False,test,460.2260420297593
data/processed/mauritius/video/not_augmented/cull2_green_bg/head/224/occ/cn/periphery/20230805_132834/m--20230805_132834--f000546.jpg,20230805_132834,mauritius,original,video,False,test,587.3614861338599
data/processed/mauritius/video/not_augmented/cull2_green_bg/head/224/occ/cn/periphery/20230805_132834/m--20230805_132834--f000548.jpg,20230805_132834,mauritius,original,video,False,test,668.9518856889058
data/processed/mauritius/video/not_augmented/cull2_green_bg/head/224/occ/cn/periphery/20230805_132834/m--20230805_132834--f000550.jpg,20230805_132834,mauritius,original,video,False,test,787.3491111252516
data/processed/mauritius/video/not_augmented/cull2_green_bg/head/224/occ/cn/periphery/20230805_132834/m--20230805_132834--f000552.jpg,20230805_132834,mauritius,original,video,False,test,832.8511034458293
data/processed/mauritius/video/not_augmented/cull2_green_bg/head/224/occ/cn/periphery/20230805_132834/m--20230805_132834--f000554.jpg,20230805_132834,mauritius,original,video,False,test,921.3601477645625
data/processed/mauritius/video/not_augmented/cull2_green_bg/head/224/occ/cn/periphery/20230805_132834/m--20230805_132834--f000556.jpg,20230805_132834,mauritius,original,video,False,test,952.0188272989376
data/processed/mauritius/video/not_augmented/cull2_green_bg/head/224/occ/cn/periphery/20230805_132834/m--20230805_132834--f000558.jpg,20230805_132834,mauritius,original,video,False,test,999.2281933855581
data/processed/mauritius/video/not_augmented/cull2_green_bg/head/224/occ/cn/periphery/20230805_132834/m--20230805_132834--f000560.jpg,20230805_132834,mauritius,original,video,False,test,980.0464943306288
data/processed/mauritius/video/not_augmented/cull2_green_bg/head/224/occ/cn/periphery/20230805_132834/m--20230805_132834--f000562.jpg,20230805_132834,mauritius,original,video,False,test,930.1081183039114
data/processed/mauritius/video/not_augmented/cull2_green_bg/head/224/occ/cn/periphery/20230805_132834/m--20230805_132834--f000564.jpg,20230805_132834,mauritius,original,video,False,test,933.8882127540998
data/processed/mauritius/video/not_augmented/cull2_green_bg/head/224/occ/cn/periphery/20230805_132834/m--20230805_132834--f000566.jpg,20230805_132834,mauritius,original,video,False,test,944.834701824069
data/processed/mauritius/video/not_augmented/cull2_green_bg/head/224/occ/cn/periphery/20230805_132834/m--20230805_132834--f000568.jpg,20230805_132834,mauritius,original,video,False,test,906.2163185586735
data/processed/mauritius/video/not_augmented/cull2_green_bg/head/224/occ/cn/periphery/20230805_132834/m--20230805_132834--f000570.jpg,20230805_132834,mauritius,original,video,False,test,851.3200334567222
data/processed/mauritius/video/not_augmented/cull2_green_bg/head/224/occ/cn/periphery/20230805_132834/m--20230805_132834--f000572.jpg,20230805_132834,mauritius,original,video,False,test,833.3423277419192
data/processed/mauritius/video/not_augmented/cull2_green_bg/head/224/occ/cn/periphery/20230805_132834/m--20230805_132834--f000574.jpg,20230805_132834,mauritius,original,video,False,test,821.6174067247415
data/processed/mauritius/video/not_augmented/cull2_green_bg/head/224/occ/cn/periphery/20230805_132834/m--20230805_132834--f000576.jpg,20230805_132834,mauritius,original,video,False,test,761.841192264946
data/processed/mauritius/video/not_augmented/cull2_green_bg/head/224/occ/cn/periphery/20230805_132834/m--20230805_132834--f000578.jpg,20230805_132834,mauritius,original,video,False,test,700.1224489795918
data/processed/mauritius/video/not_augmented/cull2_green_bg/head/224/occ/cn/periphery/20230805_132834/m--20230805_132834--f000580.jpg,20230805_132834,mauritius,original,video,False,test,712.866700947359
data/processed/mauritius/video/not_augmented/cull2_green_bg/head/224/occ/cn/periphery/20230805_132834/m--20230805_132834--f000582.jpg,20230805_132834,mauritius,original,video,False,test,683.2159582945964
data/processed/mauritius/video/not_augmented/cull2_green_bg/head/224/occ/cn/periphery/20230805_132834/m--20230805_132834--f000584.jpg,20230805_132834,mauritius,original,video,False,test,664.8209658058322
data/processed/mauritius/video/not_augmented/cull2_green_bg/head/224/occ/cn/periphery/20230805_132834/m--20230805_132834--f000586.jpg,20230805_132834,mauritius,original,video,False,test,596.2209394805285
data/processed/mauritius/video/not_augmented/cull2_green_bg/head/224/occ/cn/periphery/20230805_132834/m--20230805_132834--f000588.jpg,20230805_132834,mauritius,original,video,False,test,560.0227194519551
data/processed/mauritius/video/not_augmented/cull2_green_bg/head/224/occ/cn/periphery/20230805_132834/m--20230805_132834--f000590.jpg,20230805_132834,mauritius,original,video,False,test,512.5404168144458
data/processed/mauritius/video/not_augmented/cull2_green_bg/head/224/occ/cn/periphery/20230805_133951/m--20230805_133951--f000614.jpg,20230805_133951,mauritius,original,video,False,val,417.01173834580277
data/processed/mauritius/video/not_augmented/cull2_green_bg/head/224/occ/cn/periphery/20230805_133951/m--20230805_133951--f000616.jpg,20230805_133951,mauritius,original,video,False,val,380.4354271942355
data/processed/mauritius/video/not_augmented/cull2_green_bg/head/224/occ/cn/periphery/20230805_133951/m--20230805_133951--f000630.jpg,20230805_133951,mauritius,original,video,False,val,188.48234215561226
data/processed/mauritius/video/not_augmented/cull2_green_bg/head/224/occ/cn/periphery/20230805_133951/m--20230805_133951--f000632.jpg,20230805_133951,mauritius,original,video,False,val,229.64572704081633
data/processed/mauritius/video/not_augmented/cull2_green_bg/head/224/occ/cn/periphery/20230805_133951/m--20230805_133951--f000634.jpg,20230805_133951,mauritius,original,video,False,val,288.48569036989795
data/processed/mauritius/video/not_augmented/cull2_green_bg/head/224/occ/cn/periphery/20230805_133951/m--20230805_133951--f000636.jpg,20230805_133951,mauritius,original,video,False,val,259.62173150510205
data/processed/mauritius/video/not_augmented/cull2_green_bg/head/224/occ/cn/periphery/20230805_133951/m--20230805_133951--f000638.jpg,20230805_133951,mauritius,original,video,False,val,225.55855389030611
data/processed/mauritius/video/not_augmented/cull2_green_bg/head/224/occ/cn/periphery/20230805_133951/m--20230805_133951--f000640.jpg,20230805_133951,mauritius,original,video,False,val,236.7952806122449
data/processed/mauritius/video/not_augmented/cull2_green_bg/head/224/occ/cn/periphery/20230805_133951/m--20230805_133951--f000642.jpg,20230805_133951,mauritius,original,video,False,val,207.93789859693877
data/processed/mauritius/video/not_augmented/cull2_green_bg/head/224/occ/cn/periphery/20230805_133951/m--20230805_133951--f000644.jpg,20230805_133951,mauritius,original,video,False,val,189.56883769132654
data/processed/mauritius/video/not_augmented/cull2_green_bg/head/224/occ/cn/periphery/20230805_133951/m--20230805_133951--f000646.jpg,20230805_133951,mauritius,original,video,False,val,167.90258290816325
data/processed/mauritius/video/not_augmented/cull2_green_bg/head/224/occ/cn/periphery/20230805_133951/m--20230805_133951--f000648.jpg,20230805_133951,mauritius,original,video,False,val,157.86471619897958
data/processed/mauritius/video/not_augmented/cull2_green_bg/head/224/occ/cn/periphery/20230805_133951/m--20230805_133951--f000650.jpg,20230805_133951,mauritius,original,video,False,val,135.35184151785714
data/processed/mauritius/video/not_augmented/cull2_green_bg/head/224/occ/cn/periphery/20230805_133951/m--20230805_133951--f000652.jpg,20230805_133951,mauritius,original,video,False,val,117.0044244260204
data/processed/mauritius/video/not_augmented/cull2_green_bg/head/224/occ/cn/periphery/20230805_133951/m--20230805_133951--f000654.jpg,20230805_133951,mauritius,original,video,False,val,98.99461894132654
data/processed/mauritius/video/not_augmented/cull2_green_bg/head/224/occ/cn/periphery/20230805_133951/m--20230805_133951--f000656.jpg,20230805_133951,mauritius,original,video,False,val,94.80815529336735
data/processed/mauritius/video/not_augmented/cull2_green_bg/head/224/occ/cn/periphery/20230805_133951/m--20230805_133951--f000658.jpg,20230805_133951,mauritius,original,video,False,val,84.0387037627551
data/processed/mauritius/video/not_augmented/cull2_green_bg/head/224/occ/cn/periphery/20230805_133951/m--20230805_133951--f000982.jpg,20230805_133951,mauritius,original,video,False,val,295.608358034041
data/processed/mauritius/video/not_augmented/cull2_green_bg/head/224/occ/cn/periphery/20230805_133951/m--20230805_133951--f000984.jpg,20230805_133951,mauritius,original,video,False,val,50.389000891844766
data/processed/mauritius/video/not_augmented/cull2_green_bg/head/224/occ/cn/periphery/20230805_133951/m--20230805_133951--f000986.jpg,20230805_133951,mauritius,original,video,False,val,108.0712251405029
data/processed/mauritius/video/not_augmented/cull2_green_bg/head/224/occ/cn/periphery/20230805_133951/m--20230805_133951--f000990.jpg,20230805_133951,mauritius,original,video,False,val,184.88065641594648
data/processed/mauritius/video/not_augmented/cull2_green_bg/head/224/occ/cn/periphery/20230805_133951/m--20230805_133951--f000992.jpg,20230805_133951,mauritius,original,video,False,val,164.7937219517274
data/processed/mauritius/video/not_augmented/cull2_green_bg/head/224/occ/cn/periphery/20230805_133951/m--20230805_133951--f000994.jpg,20230805_133951,mauritius,original,video,False,val,313.2549587946442
data/processed/mauritius/video/not_augmented/cull2_green_bg/head/224/occ/cn/periphery/20230805_133951/m--20230805_133951--f001034.jpg,20230805_133951,mauritius,original,video,False,val,258.32613131464745
data/processed/mauritius/video/not_augmented/cull2_green_bg/head/224/occ/cn/periphery/20230805_133951/m--20230805_133951--f001048.jpg,20230805_133951,mauritius,original,video,False,val,102.57094758433729
data/processed/mauritius/video/not_augmented/cull2_green_bg/head/224/occ/cn/periphery/20230805_133951/m--20230805_133951--f001050.jpg,20230805_133951,mauritius,original,video,False,val,90.38865194157826
data/processed/mauritius/video/not_augmented/cull2_green_bg/head/224/occ/cn/periphery/20230805_133951/m--20230805_133951--f001052.jpg,20230805_133951,mauritius,original,video,False,val,101.2645487882653
data/processed/mauritius/video/not_augmented/cull2_green_bg/head/224/occ/cn/periphery/20230805_133951/m--20230805_133951--f001054.jpg,20230805_133951,mauritius,original,video,False,val,84.95256696428571
data/processed/mauritius/video/not_augmented/cull2_green_bg/head/224/occ/cn/periphery/20230805_133951/m--20230805_133951--f001056.jpg,20230805_133951,mauritius,original,video,False,val,69.91352018025059
data/processed/mauritius/video/not_augmented/cull2_green_bg/head/224/occ/cn/periphery/20230805_133951/m--20230805_133951--f001058.jpg,20230805_133951,mauritius,original,video,False,val,68.10263794275781
data/processed/mauritius/video/not_augmented/cull2_green_bg/head/224/occ/cn/periphery/20230805_133951/m--20230805_133951--f001242.jpg,20230805_133951,mauritius,original,video,False,val,174.11975840219407
data/processed/mauritius/video/not_augmented/cull2_green_bg/head/224/occ/cn/periphery/20230805_133951/m--20230805_133951--f001270.jpg,20230805_133951,mauritius,original,video,False,val,102.36065051020408
data/processed/mauritius/video/not_augmented/cull2_green_bg/head/224/occ/cn/periphery/20230805_133951/m--20230805_133951--f001272.jpg,20230805_133951,mauritius,original,video,False,val,101.57087053571429
data/processed/mauritius/video/not_augmented/cull2_green_bg/head/224/occ/cn/periphery/20230805_133951/m--20230805_133951--f001274.jpg,20230805_133951,mauritius,original,video,False,val,86.74087213010205
data/processed/mauritius/video/not_augmented/cull2_green_bg/head/224/occ/cn/periphery/20230805_133951/m--20230805_133951--f001276.jpg,20230805_133951,mauritius,original,video,False,val,99.10881696428571
data/processed/mauritius/video/not_augmented/cull2_green_bg/head/224/occ/cn/periphery/20230805_133951/m--20230805_133951--f001278.jpg,20230805_133951,mauritius,original,video,False,val,99.94646843112245
data/processed/mauritius/video/not_augmented/cull2_green_bg/head/224/occ/cn/periphery/20230805_133951/m--20230805_133951--f001280.jpg,20230805_133951,mauritius,original,video,False,val,119.40019132653062
data/processed/mauritius/video/not_augmented/cull2_green_bg/head/224/occ/cn/periphery/20230805_133951/m--20230805_133951--f001282.jpg,20230805_133951,mauritius,original,video,False,val,453.15844228316325
data/processed/mauritius/video/not_augmented/cull2_green_bg/head/224/occ/cn/periphery/20230805_133951/m--20230805_133951--f001284.jpg,20230805_133951,mauritius,original,video,False,val,404.4662388392857
data/processed/mauritius/video/not_augmented/cull2_green_bg/head/224/occ/cn/periphery/20230805_133951/m--20230805_133951--f001286.jpg,20230805_133951,mauritius,original,video,False,val,344.5161033163265
data/processed/mauritius/video/not_augmented/cull2_green_bg/head/224/occ/cn/periphery/20230805_133951/m--20230805_133951--f001302.jpg,20230805_133951,mauritius,original,video,False,val,340.9292081906765
data/processed/mauritius/video/not_augmented/cull2_green_bg/head/224/occ/cn/periphery/20230805_135856/m--20230805_135856--f000146.jpg,20230805_135856,mauritius,original,video,False,train,35.73692598068828
data/processed/mauritius/video/not_augmented/cull2_green_bg/head/224/occ/cn/periphery/20230805_135856/m--20230805_135856--f000148.jpg,20230805_135856,mauritius,original,video,False,train,37.56010840406818
data/processed/mauritius/video/not_augmented/cull2_green_bg/head/224/occ/cn/periphery/20230805_135856/m--20230805_135856--f000152.jpg,20230805_135856,mauritius,original,video,False,train,33.85466982592448
data/processed/mauritius/video/not_augmented/cull2_green_bg/head/224/occ/cn/periphery/20230805_135856/m--20230805_135856--f000154.jpg,20230805_135856,mauritius,original,video,False,train,53.1212332489986
data/processed/mauritius/video/not_augmented/cull2_green_bg/head/224/occ/cn/periphery/20230805_135856/m--20230805_135856--f000156.jpg,20230805_135856,mauritius,original,video,False,train,147.1810413934151
data/processed/mauritius/video/not_augmented/cull2_green_bg/head/224/occ/cn/periphery/20230805_135856/m--20230805_135856--f000158.jpg,20230805_135856,mauritius,original,video,False,train,88.57696905457838
data/processed/mauritius/video/not_augmented/cull2_green_bg/head/224/occ/cn/periphery/20230805_135856/m--20230805_135856--f000162.jpg,20230805_135856,mauritius,original,video,False,train,75.80392997357211
data/processed/mauritius/video/not_augmented/cull2_green_bg/head/224/occ/cn/periphery/20230805_135856/m--20230805_135856--f000322.jpg,20230805_135856,mauritius,original,video,False,train,34.552654654023456
data/processed/mauritius/video/not_augmented/cull2_green_bg/head/224/occ/cn/periphery/20230805_135856/m--20230805_135856--f000574.jpg,20230805_135856,mauritius,original,video,False,train,80.11037149234694
data/processed/mauritius/video/not_augmented/cull2_green_bg/head/224/occ/cn/periphery/20230805_135856/m--20230805_135856--f000576.jpg,20230805_135856,mauritius,original,video,False,train,75.14983258928571
data/processed/mauritius/video/not_augmented/cull2_green_bg/head/224/occ/cn/periphery/20230805_135856/m--20230805_135856--f000582.jpg,20230805_135856,mauritius,original,video,False,train,156.90736607142858
data/processed/mauritius/video/not_augmented/cull2_green_bg/head/224/occ/cn/periphery/20230805_135856/m--20230805_135856--f000586.jpg,20230805_135856,mauritius,original,video,False,train,189.13552295918367
data/processed/mauritius/video/not_augmented/cull2_green_bg/head/224/occ/cn/periphery/20230805_135856/m--20230805_135856--f000588.jpg,20230805_135856,mauritius,original,video,False,train,323.15900031887753
data/processed/mauritius/video/not_augmented/cull2_green_bg/head/224/occ/cn/periphery/20230805_135856/m--20230805_135856--f000590.jpg,20230805_135856,mauritius,original,video,False,train,366.5793606505102
data/processed/mauritius/video/not_augmented/cull2_green_bg/head/224/occ/cn/periphery/20230805_135856/m--20230805_135856--f000592.jpg,20230805_135856,mauritius,original,video,False,train,393.3562260841837
data/processed/mauritius/video/not_augmented/cull2_green_bg/head/224/occ/cn/periphery/20230805_135856/m--20230805_135856--f000594.jpg,20230805_135856,mauritius,original,video,False,train,392.47720025510205
data/processed/mauritius/video/not_augmented/cull2_green_bg/head/224/occ/cn/periphery/20230805_135856/m--20230805_135856--f000596.jpg,20230805_135856,mauritius,original,video,False,train,410.1843112244898
data/processed/mauritius/video/not_augmented/cull2_green_bg/head/224/occ/cn/periphery/20230805_135856/m--20230805_135856--f000598.jpg,20230805_135856,mauritius,original,video,False,train,390.30014349489795
data/processed/mauritius/video/not_augmented/cull2_green_bg/head/224/occ/cn/periphery/20230805_135856/m--20230805_135856--f000600.jpg,20230805_135856,mauritius,original,video,False,train,384.36906090561223
data/processed/mauritius/video/not_augmented/cull2_green_bg/head/224/occ/cn/periphery/20230805_135856/m--20230805_135856--f000602.jpg,20230805_135856,mauritius,original,video,False,train,400.03101084183675
data/processed/mauritius/video/not_augmented/cull2_green_bg/head/224/occ/cn/periphery/20230805_135856/m--20230805_135856--f000604.jpg,20230805_135856,mauritius,original,video,False,train,407.0135522959184
data/processed/mauritius/video/not_augmented/cull2_green_bg/head/224/occ/cn/periphery/20230805_135856/m--20230805_135856--f000606.jpg,20230805_135856,mauritius,original,video,False,train,414.2013313137755
data/processed/mauritius/video/not_augmented/cull2_green_bg/head/224/occ/cn/periphery/20230805_135856/m--20230805_135856--f000608.jpg,20230805_135856,mauritius,original,video,False,train,119.86834343112245
data/processed/mauritius/video/not_augmented/cull2_green_bg/head/224/occ/cn/periphery/20230805_135856/m--20230805_135856--f000610.jpg,20230805_135856,mauritius,original,video,False,train,86.19244260204081
data/processed/mauritius/video/not_augmented/cull2_green_bg/head/224/occ/cn/periphery/20230805_135856/m--20230805_135856--f001484.jpg,20230805_135856,mauritius,original,video,False,train,189.68024553571428
data/processed/mauritius/video/not_augmented/cull2_green_bg/head/224/occ/cn/periphery/20230805_135856/m--20230805_135856--f001486.jpg,20230805_135856,mauritius,original,video,False,train,196.50892857142858
data/processed/mauritius/video/not_augmented/cull2_green_bg/head/224/occ/cn/periphery/20230805_135856/m--20230805_135856--f001488.jpg,20230805_135856,mauritius,original,video,False,train,229.59630102040816
data/processed/mauritius/video/not_augmented/cull2_green_bg/head/224/occ/cn/periphery/20230805_135856/m--20230805_135856--f001490.jpg,20230805_135856,mauritius,original,video,False,train,281.6014030612245
data/processed/mauritius/video/not_augmented/cull2_green_bg/head/224/occ/cn/periphery/20230805_135856/m--20230805_135856--f001492.jpg,20230805_135856,mauritius,original,video,False,train,308.00773278061223
data/processed/mauritius/video/not_augmented/cull2_green_bg/head/224/occ/cn/periphery/20230805_135856/m--20230805_135856--f001494.jpg,20230805_135856,mauritius,original,video,False,train,319.8197544642857
data/processed/mauritius/video/not_augmented/cull2_green_bg/head/224/occ/cn/periphery/20230805_135856/m--20230805_135856--f001498.jpg,20230805_135856,mauritius,original,video,False,train,363.81118463010205
data/processed/mauritius/video/not_augmented/cull2_green_bg/head/224/occ/cn/periphery/20230805_135856/m--20230805_135856--f001506.jpg,20230805_135856,mauritius,original,video,False,train,126.37480070153062
data/processed/mauritius/video/not_augmented/cull2_green_bg/head/224/occ/cn/periphery/20230805_135856/m--20230805_135856--f001508.jpg,20230805_135856,mauritius,original,video,False,train,133.42956792091837
data/processed/mauritius/video/not_augmented/cull2_green_bg/head/224/occ/cn/periphery/20230805_135856/m--20230805_135856--f001510.jpg,20230805_135856,mauritius,original,video,False,train,126.73824139030613
data/processed/mauritius/video/not_augmented/cull2_green_bg/head/224/occ/cn/periphery/20230805_143328/m--20230805_143328--f000198.jpg,20230805_143328,mauritius,original,video,False,train,219.93391262755102
data/processed/mauritius/video/not_augmented/cull2_green_bg/head/224/occ/cn/periphery/20230805_143328/m--20230805_143328--f000200.jpg,20230805_143328,mauritius,original,video,False,train,253.28376116071428
data/processed/mauritius/video/not_augmented/cull2_green_bg/head/224/occ/cn/periphery/20230805_143328/m--20230805_143328--f000202.jpg,20230805_143328,mauritius,original,video,False,train,264.8930564413265
data/processed/mauritius/video/not_augmented/cull2_green_bg/head/224/occ/cn/periphery/20230805_143328/m--20230805_143328--f000204.jpg,20230805_143328,mauritius,original,video,False,train,203.91446109693877
data/processed/mauritius/video/not_augmented/cull2_green_bg/head/224/occ/cn/periphery/20230805_143328/m--20230805_143328--f000206.jpg,20230805_143328,mauritius,original,video,False,train,171.2109375
data/processed/mauritius/video/not_augmented/cull2_green_bg/head/224/occ/cn/periphery/20230805_143328/m--20230805_143328--f000208.jpg,20230805_143328,mauritius,original,video,False,train,175.68136160714286
data/processed/mauritius/video/not_augmented/cull2_green_bg/head/224/occ/cn/periphery/20230805_143328/m--20230805_143328--f000210.jpg,20230805_143328,mauritius,original,video,False,train,198.2741549744898
data/processed/mauritius/video/not_augmented/cull2_green_bg/head/224/occ/cn/periphery/20230805_143328/m--20230805_143328--f000212.jpg,20230805_143328,mauritius,original,video,False,train,195.55783641581633
data/processed/mauritius/video/not_augmented/cull2_green_bg/head/224/occ/cn/periphery/20230805_143328/m--20230805_143328--f000214.jpg,20230805_143328,mauritius,original,video,False,train,154.41310586734693
data/processed/mauritius/video/not_augmented/cull2_green_bg/head/224/occ/cn/periphery/20230805_143328/m--20230805_143328--f000918.jpg,20230805_143328,mauritius,original,video,False,train,92.56927614795919
data/processed/mauritius/video/not_augmented/cull2_green_bg/head/224/occ/cn/periphery/20230805_143328/m--20230805_143328--f000920.jpg,20230805_143328,mauritius,original,video,False,train,103.99689094387755
data/processed/mauritius/video/not_augmented/cull2_green_bg/head/224/occ/cn/periphery/20230805_143328/m--20230805_143328--f000922.jpg,20230805_143328,mauritius,original,video,False,train,111.75793207908163
data/processed/mauritius/video/not_augmented/cull2_green_bg/head/224/occ/cn/periphery/20230805_143328/m--20230805_143328--f000924.jpg,20230805_143328,mauritius,original,video,False,train,117.90728635204081
data/processed/mauritius/video/not_augmented/cull2_green_bg/head/224/occ/cn/periphery/20230805_143328/m--20230805_143328--f000932.jpg,20230805_143328,mauritius,original,video,False,train,114.40254304846938
data/processed/mauritius/video/not_augmented/cull2_green_bg/head/224/occ/cn/periphery/20230805_143328/m--20230805_143328--f000936.jpg,20230805_143328,mauritius,original,video,False,train,102.40102838010205
data/processed/mauritius/video/not_augmented/cull2_green_bg/head/224/occ/cn/periphery/20230805_144129/m--20230805_144129--f000140.jpg,20230805_144129,mauritius,original,video,False,val,62.97809089198305
data/processed/mauritius/video/not_augmented/cull2_green_bg/head/224/occ/cn/periphery/20230805_144129/m--20230805_144129--f000146.jpg,20230805_144129,mauritius,original,video,False,val,186.20384246019066
data/processed/mauritius/video/not_augmented/cull2_green_bg/head/224/occ/cn/periphery/20230805_144129/m--20230805_144129--f001030.jpg,20230805_144129,mauritius,original,video,False,val,239.27295918367346
data/processed/mauritius/video/not_augmented/cull2_green_bg/head/224/occ/cn/periphery/20230805_145141/m--20230805_145141--f000694.jpg,20230805_145141,mauritius,original,video,False,val,250.52634725765307
data/processed/mauritius/video/not_augmented/cull2_green_bg/head/224/occ/cn/periphery/20230805_145141/m--20230805_145141--f000702.jpg,20230805_145141,mauritius,original,video,False,val,407.2953204719388
data/processed/mauritius/video/not_augmented/cull2_green_bg/head/224/occ/cn/periphery/20230805_145141/m--20230805_145141--f000704.jpg,20230805_145141,mauritius,original,video,False,val,396.2398756377551
data/processed/mauritius/video/not_augmented/cull2_green_bg/head/224/occ/cn/periphery/20230805_145141/m--20230805_145141--f000706.jpg,20230805_145141,mauritius,original,video,False,val,367.82429846938777
data/processed/mauritius/video/not_augmented/cull2_green_bg/head/224/occ/cn/periphery/20230805_145141/m--20230805_145141--f000708.jpg,20230805_145141,mauritius,original,video,False,val,371.15816326530614
data/processed/mauritius/video/not_augmented/cull2_green_bg/head/224/occ/cn/periphery/20230805_145141/m--20230805_145141--f000710.jpg,20230805_145141,mauritius,original,video,False,val,335.1790098852041
data/processed/mauritius/video/not_augmented/cull2_green_bg/head/224/occ/cn/periphery/20230805_145141/m--20230805_145141--f000712.jpg,20230805_145141,mauritius,original,video,False,val,317.0385044642857
data/processed/mauritius/video/not_augmented/cull2_green_bg/head/224/occ/cn/periphery/20230805_145141/m--20230805_145141--f000714.jpg,20230805_145141,mauritius,original,video,False,val,320.60435267857144
data/processed/mauritius/video/not_augmented/cull2_green_bg/head/224/occ/cn/periphery/20230805_145141/m--20230805_145141--f000716.jpg,20230805_145141,mauritius,original,video,False,val,310.73871970663265
data/processed/mauritius/video/not_augmented/cull2_green_bg/head/224/occ/cn/periphery/20230805_145141/m--20230805_145141--f000718.jpg,20230805_145141,mauritius,original,video,False,val,297.1892936862245
data/processed/mauritius/video/not_augmented/cull2_green_bg/head/224/occ/cn/periphery/20230805_145141/m--20230805_145141--f000720.jpg,20230805_145141,mauritius,original,video,False,val,301.0553651147959
data/processed/mauritius/video/not_augmented/cull2_green_bg/head/224/occ/cn/periphery/20230805_145141/m--20230805_145141--f000722.jpg,20230805_145141,mauritius,original,video,False,val,293.84857302295916
data/processed/mauritius/video/not_augmented/cull2_green_bg/head/224/occ/cn/periphery/20230805_145141/m--20230805_145141--f000724.jpg,20230805_145141,mauritius,original,video,False,val,271.93813775510205
data/processed/mauritius/video/not_augmented/cull2_green_bg/head/224/occ/cn/periphery/20230805_145141/m--20230805_145141--f000726.jpg,20230805_145141,mauritius,original,video,False,val,276.09598214285717
data/processed/mauritius/video/not_augmented/cull2_green_bg/head/224/occ/cn/periphery/20230805_145141/m--20230805_145141--f000728.jpg,20230805_145141,mauritius,original,video,False,val,203.69913903061226
data/processed/mauritius/video/not_augmented/cull2_green_bg/head/224/occ/cn/periphery/20230805_145141/m--20230805_145141--f000730.jpg,20230805_145141,mauritius,original,video,False,val,222.41561702806123
data/processed/mauritius/video/not_augmented/cull2_green_bg/head/224/occ/cn/periphery/20230805_145141/m--20230805_145141--f000732.jpg,20230805_145141,mauritius,original,video,False,val,221.64070471938774
data/processed/mauritius/video/not_augmented/cull2_green_bg/head/224/occ/cn/periphery/20230805_145141/m--20230805_145141--f000734.jpg,20230805_145141,mauritius,original,video,False,val,223.98202327806123
data/processed/mauritius/video/not_augmented/cull2_green_bg/head/224/occ/cn/periphery/20230805_145141/m--20230805_145141--f000736.jpg,20230805_145141,mauritius,original,video,False,val,217.3011399872449
data/processed/mauritius/video/not_augmented/cull2_green_bg/head/224/occ/cn/periphery/20230805_145141/m--20230805_145141--f000738.jpg,20230805_145141,mauritius,original,video,False,val,241.0807557397959
data/processed/mauritius/video/not_augmented/cull2_green_bg/head/224/occ/cn/periphery/20230805_145141/m--20230805_145141--f000740.jpg,20230805_145141,mauritius,original,video,False,val,259.1569276147959
data/processed/mauritius/video/not_augmented/cull2_green_bg/head/224/occ/cn/periphery/20230805_145141/m--20230805_145141--f000742.jpg,20230805_145141,mauritius,original,video,False,val,261.310227997449
data/processed/mauritius/video/not_augmented/cull2_green_bg/head/224/occ/cn/periphery/20230805_145141/m--20230805_145141--f000934.jpg,20230805_145141,mauritius,original,video,False,val,245.4611367984694
data/processed/mauritius/video/not_augmented/cull2_green_bg/head/224/occ/cn/periphery/20230805_145141/m--20230805_145141--f000936.jpg,20230805_145141,mauritius,original,video,False,val,196.04926658163265
data/processed/mauritius/video/not_augmented/cull2_green_bg/head/224/occ/cn/periphery/20230805_145141/m--20230805_145141--f000996.jpg,20230805_145141,mauritius,original,video,False,val,82.59179686864482
data/processed/mauritius/video/not_augmented/cull2_green_bg/head/224/occ/cn/periphery/20230805_145141/m--20230805_145141--f000998.jpg,20230805_145141,mauritius,original,video,False,val,96.736328125
data/processed/mauritius/video/not_augmented/cull2_green_bg/head/224/occ/cn/periphery/20230805_145141/m--20230805_145141--f001000.jpg,20230805_145141,mauritius,original,video,False,val,109.85877710459184
data/processed/mauritius/video/not_augmented/cull2_green_bg/head/224/occ/cn/periphery/20230805_145141/m--20230805_145141--f001002.jpg,20230805_145141,mauritius,original,video,False,val,90.70854591836735
data/processed/mauritius/video/not_augmented/cull2_green_bg/head/224/occ/cn/periphery/20230805_145141/m--20230805_145141--f001060.jpg,20230805_145141,mauritius,original,video,False,val,85.3446269132653
data/processed/mauritius/video/not_augmented/cull2_green_bg/head/224/occ/cn/periphery/20230805_145141/m--20230805_145141--f001062.jpg,20230805_145141,mauritius,original,video,False,val,76.95655293367346
data/processed/mauritius/video/not_augmented/cull2_green_bg/head/224/occ/cn/periphery/20230805_145141/m--20230805_145141--f001064.jpg,20230805_145141,mauritius,original,video,False,val,78.38755580357143
data/processed/mauritius/video/not_augmented/cull2_green_bg/head/224/occ/cn/periphery/20230805_145544/m--20230805_145544--f000146.jpg,20230805_145544,mauritius,original,video,False,test,314.8075634381613
data/processed/mauritius/video/not_augmented/cull2_green_bg/head/224/occ/cn/periphery/20230805_145544/m--20230805_145544--f000148.jpg,20230805_145544,mauritius,original,video,False,test,75.24754819627704
data/processed/mauritius/video/not_augmented/cull2_green_bg/head/224/occ/cn/periphery/20230805_145544/m--20230805_145544--f000150.jpg,20230805_145544,mauritius,original,video,False,test,167.74083163489013
data/processed/mauritius/video/not_augmented/cull2_green_bg/head/224/occ/cn/periphery/20230805_145544/m--20230805_145544--f000152.jpg,20230805_145544,mauritius,original,video,False,test,333.95246602455217
data/processed/mauritius/video/not_augmented/cull2_green_bg/head/224/occ/cn/periphery/20230805_145544/m--20230805_145544--f000154.jpg,20230805_145544,mauritius,original,video,False,test,109.40132732423136
data/processed/mauritius/video/not_augmented/cull2_green_bg/head/224/occ/cn/periphery/20230805_145544/m--20230805_145544--f000156.jpg,20230805_145544,mauritius,original,video,False,test,101.25041764937357
data/processed/mauritius/video/not_augmented/cull2_green_bg/head/224/occ/cn/periphery/20230805_145544/m--20230805_145544--f000158.jpg,20230805_145544,mauritius,original,video,False,test,170.3162579228609
data/processed/mauritius/video/not_augmented/cull2_green_bg/head/224/occ/cn/periphery/20230805_145544/m--20230805_145544--f000160.jpg,20230805_145544,mauritius,original,video,False,test,168.22262497575815
data/processed/mauritius/video/not_augmented/cull2_green_bg/head/224/occ/cn/periphery/20230805_145544/m--20230805_145544--f000162.jpg,20230805_145544,mauritius,original,video,False,test,127.38135488487094
data/processed/mauritius/video/not_augmented/cull2_green_bg/head/224/occ/cn/periphery/20230805_145544/m--20230805_145544--f000164.jpg,20230805_145544,mauritius,original,video,False,test,121.65465520551332
data/processed/mauritius/video/not_augmented/cull2_green_bg/head/224/occ/cn/periphery/20230805_145544/m--20230805_145544--f000166.jpg,20230805_145544,mauritius,original,video,False,test,217.99874649778698
data/processed/mauritius/video/not_augmented/cull2_green_bg/head/224/occ/cn/periphery/20230805_145544/m--20230805_145544--f000168.jpg,20230805_145544,mauritius,original,video,False,test,262.5125946702683
data/processed/mauritius/video/not_augmented/cull2_green_bg/head/224/occ/cn/periphery/20230805_145544/m--20230805_145544--f000170.jpg,20230805_145544,mauritius,original,video,False,test,224.2361682794929
data/processed/mauritius/video/not_augmented/cull2_green_bg/head/224/occ/cn/periphery/20230805_145544/m--20230805_145544--f000172.jpg,20230805_145544,mauritius,original,video,False,test,194.25789164583267
data/processed/mauritius/video/not_augmented/cull2_green_bg/head/224/occ/cn/periphery/20230805_145544/m--20230805_145544--f000174.jpg,20230805_145544,mauritius,original,video,False,test,214.5626357716851
data/processed/mauritius/video/not_augmented/cull2_green_bg/head/224/occ/cn/periphery/20230805_145544/m--20230805_145544--f000176.jpg,20230805_145544,mauritius,original,video,False,test,191.70623378761604
data/processed/mauritius/video/not_augmented/cull2_green_bg/head/224/occ/cn/periphery/20230805_145544/m--20230805_145544--f000178.jpg,20230805_145544,mauritius,original,video,False,test,176.2339365370122
data/processed/mauritius/video/not_augmented/cull2_green_bg/head/224/occ/cn/periphery/20230805_145544/m--20230805_145544--f000180.jpg,20230805_145544,mauritius,original,video,False,test,124.97086026955525
data/processed/mauritius/video/not_augmented/cull2_green_bg/head/224/occ/cn/periphery/20230805_145544/m--20230805_145544--f000182.jpg,20230805_145544,mauritius,original,video,False,test,106.14701919166407
data/processed/mauritius/video/not_augmented/cull2_green_bg/head/224/occ/cn/periphery/20230805_145544/m--20230805_145544--f000184.jpg,20230805_145544,mauritius,original,video,False,test,94.00938592479409
data/processed/mauritius/video/not_augmented/cull2_green_bg/head/224/occ/cn/periphery/20230805_145544/m--20230805_145544--f000186.jpg,20230805_145544,mauritius,original,video,False,test,84.49035331856356
data/processed/mauritius/video/not_augmented/cull2_green_bg/head/224/occ/cn/periphery/20230805_145544/m--20230805_145544--f000188.jpg,20230805_145544,mauritius,original,video,False,test,76.18247710501635
data/processed/mauritius/video/not_augmented/cull2_green_bg/head/224/occ/cn/periphery/20230805_145544/m--20230805_145544--f000190.jpg,20230805_145544,mauritius,original,video,False,test,63.205516580043856
data/processed/mauritius/video/not_augmented/cull2_green_bg/head/224/occ/cn/periphery/20230805_145544/m--20230805_145544--f001056.jpg,20230805_145544,mauritius,original,video,False,test,243.72395151488638
data/processed/mauritius/video/not_augmented/cull2_green_bg/head/224/occ/cn/periphery/20230805_145544/m--20230805_145544--f001058.jpg,20230805_145544,mauritius,original,video,False,test,170.0986794452278
data/processed/mauritius/video/not_augmented/cull2_green_bg/head/224/occ/cn/periphery/20230805_145544/m--20230805_145544--f001060.jpg,20230805_145544,mauritius,original,video,False,test,172.24836575255102
data/processed/mauritius/video/not_augmented/cull2_green_bg/head/224/occ/cn/periphery/20230805_145544/m--20230805_145544--f001062.jpg,20230805_145544,mauritius,original,video,False,test,249.49744897959184
data/processed/mauritius/video/not_augmented/cull2_green_bg/head/224/occ/cn/periphery/20230805_145544/m--20230805_145544--f001064.jpg,20230805_145544,mauritius,original,video,False,test,187.29930644132654
data/processed/mauritius/video/not_augmented/cull2_green_bg/head/224/occ/cn/periphery/20230805_145544/m--20230805_145544--f001066.jpg,20230805_145544,mauritius,original,video,False,test,151.97098214285714
data/processed/mauritius/video/not_augmented/cull2_green_bg/head/224/occ/cn/periphery/20230805_145544/m--20230805_145544--f001068.jpg,20230805_145544,mauritius,original,video,False,test,126.63572225765306
data/processed/mauritius/video/not_augmented/cull2_green_bg/head/224/occ/cn/periphery/20230805_145544/m--20230805_145544--f001070.jpg,20230805_145544,mauritius,original,video,False,test,117.43219866071429
data/processed/mauritius/video/not_augmented/cull2_green_bg/head/224/occ/cn/periphery/20230805_150231/m--20230805_150231--f000134.jpg,20230805_150231,mauritius,original,video,False,val,134.13046077806123
data/processed/mauritius/video/not_augmented/cull2_green_bg/head/224/occ/cn/periphery/20230805_150231/m--20230805_150231--f000136.jpg,20230805_150231,mauritius,original,video,False,val,89.12017697704081
data/processed/mauritius/video/not_augmented/cull2_green_bg/head/224/occ/cn/periphery/20230805_150231/m--20230805_150231--f000138.jpg,20230805_150231,mauritius,original,video,False,val,344.12173150510205
data/processed/mauritius/video/not_augmented/cull2_green_bg/head/224/occ/cn/periphery/20230805_150231/m--20230805_150231--f000140.jpg,20230805_150231,mauritius,original,video,False,val,493.2397161989796
data/processed/mauritius/video/not_augmented/cull2_green_bg/head/224/occ/cn/periphery/20230805_150231/m--20230805_150231--f000142.jpg,20230805_150231,mauritius,original,video,False,val,315.3803013392857
data/processed/mauritius/video/not_augmented/cull2_green_bg/head/224/occ/cn/periphery/20230805_150231/m--20230805_150231--f000144.jpg,20230805_150231,mauritius,original,video,False,val,259.3628826530612
data/processed/mauritius/video/not_augmented/cull2_green_bg/head/224/occ/cn/periphery/20230805_150231/m--20230805_150231--f000146.jpg,20230805_150231,mauritius,original,video,False,val,305.2908163265306
data/processed/mauritius/video/not_augmented/cull2_green_bg/head/224/occ/cn/periphery/20230805_150231/m--20230805_150231--f000148.jpg,20230805_150231,mauritius,original,video,False,val,270.84418845663265
data/processed/mauritius/video/not_augmented/cull2_green_bg/head/224/occ/cn/periphery/20230805_150231/m--20230805_150231--f000470.jpg,20230805_150231,mauritius,original,video,False,val,93.95705100468228
data/processed/mauritius/video/not_augmented/cull2_green_bg/head/224/occ/cn/periphery/20230805_150231/m--20230805_150231--f000472.jpg,20230805_150231,mauritius,original,video,False,val,96.9084412091377
data/processed/mauritius/video/not_augmented/cull2_green_bg/head/224/occ/cn/periphery/20230805_150231/m--20230805_150231--f000474.jpg,20230805_150231,mauritius,original,video,False,val,89.46430564373544
data/processed/mauritius/video/not_augmented/cull2_green_bg/head/224/occ/cn/periphery/20230805_150231/m--20230805_150231--f000476.jpg,20230805_150231,mauritius,original,video,False,val,77.58296721838553
data/processed/mauritius/video/not_augmented/cull2_green_bg/head/224/occ/cn/periphery/20230805_150231/m--20230805_150231--f000478.jpg,20230805_150231,mauritius,original,video,False,val,70.40965588715413
data/processed/mauritius/video/not_augmented/cull2_green_bg/head/224/occ/cn/periphery/20230805_150231/m--20230805_150231--f000480.jpg,20230805_150231,mauritius,original,video,False,val,75.0342393483484
data/processed/mauritius/video/not_augmented/cull2_green_bg/head/224/occ/cn/periphery/20230805_150231/m--20230805_150231--f000482.jpg,20230805_150231,mauritius,original,video,False,val,74.37699199169687
data/processed/mauritius/video/not_augmented/cull2_green_bg/head/224/occ/cn/periphery/20230805_150231/m--20230805_150231--f000484.jpg,20230805_150231,mauritius,original,video,False,val,77.95332424127275
data/processed/mauritius/video/not_augmented/cull2_green_bg/head/224/occ/cn/periphery/20230805_150231/m--20230805_150231--f000486.jpg,20230805_150231,mauritius,original,video,False,val,65.79836900409984
data/processed/mauritius/video/not_augmented/cull2_green_bg/head/224/occ/cn/periphery/20230805_150231/m--20230805_150231--f000488.jpg,20230805_150231,mauritius,original,video,False,val,63.47030412132965
data/processed/mauritius/video/not_augmented/cull2_green_bg/head/224/occ/cn/periphery/20230805_150231/m--20230805_150231--f000490.jpg,20230805_150231,mauritius,original,video,False,val,79.69730538301098
data/processed/mauritius/video/not_augmented/cull2_green_bg/head/224/occ/cn/periphery/20230805_150231/m--20230805_150231--f000548.jpg,20230805_150231,mauritius,original,video,False,val,118.02934942559271
data/processed/mauritius/video/not_augmented/cull2_green_bg/head/224/occ/cn/periphery/20230805_150231/m--20230805_150231--f000840.jpg,20230805_150231,mauritius,original,video,False,val,152.43408578994223
data/processed/mauritius/video/not_augmented/cull2_green_bg/head/224/occ/cn/periphery/20230805_150231/m--20230805_150231--f000844.jpg,20230805_150231,mauritius,original,video,False,val,124.7602838010204
data/processed/mauritius/video/not_augmented/cull2_green_bg/head/224/occ/cn/periphery/20230805_150231/m--20230805_150231--f000846.jpg,20230805_150231,mauritius,original,video,False,val,166.71486366991695
data/processed/mauritius/video/not_augmented/cull2_green_bg/head/224/occ/cn/periphery/20230805_150231/m--20230805_150231--f000848.jpg,20230805_150231,mauritius,original,video,False,val,148.61941964285714
data/processed/mauritius/video/not_augmented/cull2_green_bg/head/224/occ/cn/periphery/20230805_150231/m--20230805_150231--f000850.jpg,20230805_150231,mauritius,original,video,False,val,104.61507493622449
data/processed/mauritius/video/not_augmented/cull2_green_bg/head/224/occ/cn/periphery/20230805_150231/m--20230805_150231--f000852.jpg,20230805_150231,mauritius,original,video,False,val,91.77618781887755
data/processed/mauritius/video/not_augmented/cull2_green_bg/head/224/occ/cn/periphery/20230805_150231/m--20230805_150231--f000854.jpg,20230805_150231,mauritius,original,video,False,val,109.1773756377551
data/processed/mauritius/video/not_augmented/cull2_green_bg/head/224/occ/cn/periphery/20230805_150231/m--20230805_150231--f000856.jpg,20230805_150231,mauritius,original,video,False,val,180.166015625
data/processed/mauritius/video/not_augmented/cull2_green_bg/head/224/occ/cn/periphery/20230805_150231/m--20230805_150231--f000858.jpg,20230805_150231,mauritius,original,video,False,val,222.39620535714286
data/processed/mauritius/video/not_augmented/cull2_green_bg/head/224/occ/cn/periphery/20230805_150231/m--20230805_150231--f000860.jpg,20230805_150231,mauritius,original,video,False,val,165.64801895375157
data/processed/mauritius/video/not_augmented/cull2_green_bg/head/224/occ/cn/periphery/20230805_150231/m--20230805_150231--f000862.jpg,20230805_150231,mauritius,original,video,False,val,192.3799824617347
data/processed/mauritius/video/not_augmented/cull2_green_bg/head/224/occ/cn/periphery/20230805_150231/m--20230805_150231--f000864.jpg,20230805_150231,mauritius,original,video,False,val,201.36635044642858
data/processed/mauritius/video/not_augmented/cull2_green_bg/head/224/occ/cn/periphery/20230805_150231/m--20230805_150231--f000866.jpg,20230805_150231,mauritius,original,video,False,val,223.53663105867346
data/processed/mauritius/video/not_augmented/cull2_green_bg/head/224/occ/cn/periphery/20230805_150231/m--20230805_150231--f000868.jpg,20230805_150231,mauritius,original,video,False,val,241.6917649872449
data/processed/mauritius/video/not_augmented/cull2_green_bg/head/224/occ/cn/periphery/20230805_150231/m--20230805_150231--f000870.jpg,20230805_150231,mauritius,original,video,False,val,270.11132811864485
data/processed/mauritius/video/not_augmented/cull2_green_bg/head/224/occ/cn/periphery/20230805_150231/m--20230805_150231--f000872.jpg,20230805_150231,mauritius,original,video,False,val,547.3379686141898
data/processed/mauritius/video/not_augmented/cull2_green_bg/head/224/occ/cn/periphery/20230805_150231/m--20230805_150231--f000874.jpg,20230805_150231,mauritius,original,video,False,val,635.5026677968549
data/processed/mauritius/video/not_augmented/cull2_green_bg/head/224/occ/cn/periphery/20230805_150231/m--20230805_150231--f000876.jpg,20230805_150231,mauritius,original,video,False,val,890.1958700765525
data/processed/mauritius/video/not_augmented/cull2_green_bg/head/224/occ/cn/periphery/20230805_150231/m--20230805_150231--f000878.jpg,20230805_150231,mauritius,original,video,False,val,820.0156295276691
data/processed/mauritius/video/not_augmented/cull2_green_bg/head/224/occ/cn/periphery/20230805_150231/m--20230805_150231--f000880.jpg,20230805_150231,mauritius,original,video,False,val,693.9675529635681
data/processed/mauritius/video/not_augmented/cull2_green_bg/head/224/occ/cn/periphery/20230805_150231/m--20230805_150231--f000888.jpg,20230805_150231,mauritius,original,video,False,val,367.25279017221624
data/processed/mauritius/video/not_augmented/cull2_green_bg/head/224/occ/cn/periphery/20230805_150231/m--20230805_150231--f000892.jpg,20230805_150231,mauritius,original,video,False,val,1123.0759506444044
data/processed/mauritius/video/not_augmented/cull2_green_bg/head/224/occ/cn/periphery/20230805_150231/m--20230805_150231--f000934.jpg,20230805_150231,mauritius,original,video,False,val,100.69121742486854
data/processed/mauritius/video/not_augmented/cull2_green_bg/head/224/occ/cn/periphery/20230805_150231/m--20230805_150231--f000948.jpg,20230805_150231,mauritius,original,video,False,val,558.4528450669968
data/processed/mauritius/video/not_augmented/cull2_green_bg/head/224/occ/cn/periphery/20230805_150231/m--20230805_150231--f000950.jpg,20230805_150231,mauritius,original,video,False,val,381.5025309153966
data/processed/mauritius/video/not_augmented/cull2_green_bg/head/224/occ/cn/periphery/20230805_150231/m--20230805_150231--f000952.jpg,20230805_150231,mauritius,original,video,False,val,202.42033966736517
data/processed/mauritius/video/not_augmented/cull2_green_bg/head/224/occ/cn/periphery/20230805_150231/m--20230805_150231--f000954.jpg,20230805_150231,mauritius,original,video,False,val,381.4014070277311
data/processed/mauritius/video/not_augmented/cull2_green_bg/head/224/occ/cn/periphery/20230805_150231/m--20230805_150231--f000956.jpg,20230805_150231,mauritius,original,video,False,val,347.43048469387753
data/processed/mauritius/video/not_augmented/cull2_green_bg/head/224/occ/cn/periphery/20230805_150231/m--20230805_150231--f000962.jpg,20230805_150231,mauritius,original,video,False,val,182.25653599679896
data/processed/mauritius/video/not_augmented/cull2_green_bg/head/224/occ/cn/periphery/20230805_150231/m--20230805_150231--f000964.jpg,20230805_150231,mauritius,original,video,False,val,113.52439535880575
data/processed/mauritius/video/not_augmented/cull2_green_bg/head/224/occ/cn/periphery/20230805_150231/m--20230805_150231--f001026.jpg,20230805_150231,mauritius,original,video,False,val,178.54201211734693
data/processed/mauritius/video/not_augmented/cull2_green_bg/head/224/occ/cn/periphery/20230807_060504/m--20230807_060504--f000170.jpg,20230807_060504,mauritius,original,video,False,train,129.26590401785714
data/processed/mauritius/video/not_augmented/cull2_green_bg/head/224/occ/cn/periphery/20230807_060504/m--20230807_060504--f000172.jpg,20230807_060504,mauritius,original,video,False,train,138.80440848214286
data/processed/mauritius/video/not_augmented/cull2_green_bg/head/224/occ/cn/periphery/20230807_060504/m--20230807_060504--f000174.jpg,20230807_060504,mauritius,original,video,False,train,151.24776785714286
data/processed/mauritius/video/not_augmented/cull2_green_bg/head/224/occ/cn/periphery/20230807_060504/m--20230807_060504--f000176.jpg,20230807_060504,mauritius,original,video,False,train,148.1890943877551
data/processed/mauritius/video/not_augmented/cull2_green_bg/head/224/occ/cn/periphery/20230807_060504/m--20230807_060504--f000178.jpg,20230807_060504,mauritius,original,video,False,train,148.32071109693877
data/processed/mauritius/video/not_augmented/cull2_green_bg/head/224/occ/cn/periphery/20230807_060504/m--20230807_060504--f000180.jpg,20230807_060504,mauritius,original,video,False,train,248.91553730867346
data/processed/mauritius/video/not_augmented/cull2_green_bg/head/224/occ/cn/periphery/20230807_060504/m--20230807_060504--f000182.jpg,20230807_060504,mauritius,original,video,False,train,172.58147321428572
data/processed/mauritius/video/not_augmented/cull2_green_bg/head/224/occ/cn/periphery/20230807_060504/m--20230807_060504--f000184.jpg,20230807_060504,mauritius,original,video,False,train,141.48094706632654
data/processed/mauritius/video/not_augmented/cull2_green_bg/head/224/occ/cn/periphery/20230807_060504/m--20230807_060504--f000186.jpg,20230807_060504,mauritius,original,video,False,train,131.78866390306123
data/processed/mauritius/video/not_augmented/cull2_green_bg/head/224/occ/cn/periphery/20230807_060504/m--20230807_060504--f000188.jpg,20230807_060504,mauritius,original,video,False,train,146.2398756377551
data/processed/mauritius/video/not_augmented/cull2_green_bg/head/224/occ/cn/periphery/20230807_060504/m--20230807_060504--f000190.jpg,20230807_060504,mauritius,original,video,False,train,157.67247289540816
data/processed/mauritius/video/not_augmented/cull2_green_bg/head/224/occ/cn/periphery/20230807_060504/m--20230807_060504--f000236.jpg,20230807_060504,mauritius,original,video,False,train,252.9249043367347
data/processed/mauritius/video/not_augmented/cull2_green_bg/head/224/occ/cn/periphery/20230807_060504/m--20230807_060504--f000238.jpg,20230807_060504,mauritius,original,video,False,train,283.2155213647959
data/processed/mauritius/video/not_augmented/cull2_green_bg/head/224/occ/cn/periphery/20230807_060504/m--20230807_060504--f000240.jpg,20230807_060504,mauritius,original,video,False,train,284.7720822704082
data/processed/mauritius/video/not_augmented/cull2_green_bg/head/224/occ/cn/periphery/20230807_060504/m--20230807_060504--f000242.jpg,20230807_060504,mauritius,original,video,False,train,205.38313137755102
data/processed/mauritius/video/not_augmented/cull2_green_bg/head/224/occ/cn/periphery/20230807_060504/m--20230807_060504--f000244.jpg,20230807_060504,mauritius,original,video,False,train,191.1223692602041
data/processed/mauritius/video/not_augmented/cull2_green_bg/head/224/occ/cn/periphery/20230807_060504/m--20230807_060504--f000246.jpg,20230807_060504,mauritius,original,video,False,train,259.74808673469386
data/processed/mauritius/video/not_augmented/cull2_green_bg/head/224/occ/cn/periphery/20230807_060504/m--20230807_060504--f000248.jpg,20230807_060504,mauritius,original,video,False,train,190.21930803571428
data/processed/mauritius/video/not_augmented/cull2_green_bg/head/224/occ/cn/periphery/20230807_060504/m--20230807_060504--f000250.jpg,20230807_060504,mauritius,original,video,False,train,130.7784199617347
data/processed/mauritius/video/not_augmented/cull2_green_bg/head/224/occ/cn/periphery/20230807_060504/m--20230807_060504--f000252.jpg,20230807_060504,mauritius,original,video,False,train,126.02957589285714
data/processed/mauritius/video/not_augmented/cull2_green_bg/head/224/occ/cn/periphery/20230807_060504/m--20230807_060504--f000254.jpg,20230807_060504,mauritius,original,video,False,train,122.70918367346938
data/processed/mauritius/video/not_augmented/cull2_green_bg/head/224/occ/cn/periphery/20230807_060504/m--20230807_060504--f000256.jpg,20230807_060504,mauritius,original,video,False,train,116.30145886479592
data/processed/mauritius/video/not_augmented/cull2_green_bg/head/224/occ/cn/periphery/20230807_060504/m--20230807_060504--f000258.jpg,20230807_060504,mauritius,original,video,False,train,111.92701690051021
data/processed/mauritius/video/not_augmented/cull2_green_bg/head/224/occ/cn/periphery/20230807_060504/m--20230807_060504--f000260.jpg,20230807_060504,mauritius,original,video,False,train,109.99988042091837
data/processed/mauritius/video/not_augmented/cull2_green_bg/head/224/occ/cn/periphery/20230807_060504/m--20230807_060504--f000262.jpg,20230807_060504,mauritius,original,video,False,train,105.32784598214286
data/processed/mauritius/video/not_augmented/cull2_green_bg/head/224/occ/cn/periphery/20230807_060504/m--20230807_060504--f000264.jpg,20230807_060504,mauritius,original,video,False,train,106.22739955357143
data/processed/mauritius/video/not_augmented/cull2_green_bg/head/224/occ/cn/periphery/20230807_060504/m--20230807_060504--f000266.jpg,20230807_060504,mauritius,original,video,False,train,97.66545758928571
data/processed/mauritius/video/not_augmented/cull2_green_bg/head/224/occ/cn/periphery/20230807_060504/m--20230807_060504--f000268.jpg,20230807_060504,mauritius,original,video,False,train,100.77403539540816
data/processed/mauritius/video/not_augmented/cull2_green_bg/head/224/occ/cn/periphery/20230807_060504/m--20230807_060504--f000270.jpg,20230807_060504,mauritius,original,video,False,train,104.15118781887755
data/processed/mauritius/video/not_augmented/cull2_green_bg/head/224/occ/cn/periphery/20230807_060504/m--20230807_060504--f000272.jpg,20230807_060504,mauritius,original,video,False,train,94.52949617346938
data/processed/mauritius/video/not_augmented/cull2_green_bg/head/224/occ/cn/periphery/20230807_060504/m--20230807_060504--f000274.jpg,20230807_060504,mauritius,original,video,False,train,97.5399394132653
data/processed/mauritius/video/not_augmented/cull2_green_bg/head/224/occ/cn/periphery/20230807_060504/m--20230807_060504--f001412.jpg,20230807_060504,mauritius,original,video,False,train,67.45854591836735
data/processed/mauritius/video/not_augmented/cull2_green_bg/head/224/occ/cn/periphery/20230807_060504/m--20230807_060504--f001414.jpg,20230807_060504,mauritius,original,video,False,train,89.18506855867346
data/processed/mauritius/video/not_augmented/cull2_green_bg/head/224/occ/cn/periphery/20230807_060504/m--20230807_060504--f001416.jpg,20230807_060504,mauritius,original,video,False,train,72.51303411989795
data/processed/mauritius/video/not_augmented/cull2_green_bg/head/224/occ/cn/periphery/20230807_060504/m--20230807_060504--f001418.jpg,20230807_060504,mauritius,original,video,False,train,108.50275031887755
data/processed/mauritius/video/not_augmented/cull2_green_bg/head/224/occ/cn/periphery/20230807_060504/m--20230807_060504--f001420.jpg,20230807_060504,mauritius,original,video,False,train,85.8227838010204
data/processed/mauritius/video/not_augmented/cull2_green_bg/head/224/occ/cn/periphery/20230807_122321/m--20230807_122321--f001160.jpg,20230807_122321,mauritius,original,video,False,train,590.1919244260204
data/processed/mauritius/video/not_augmented/cull2_green_bg/head/224/occ/cn/periphery/20230807_122321/m--20230807_122321--f001162.jpg,20230807_122321,mauritius,original,video,False,train,612.7653858418367
data/processed/mauritius/video/not_augmented/cull2_green_bg/head/224/occ/cn/periphery/20230807_122321/m--20230807_122321--f001164.jpg,20230807_122321,mauritius,original,video,False,train,599.025071747449
data/processed/mauritius/video/not_augmented/cull2_green_bg/head/224/occ/cn/periphery/20230807_122321/m--20230807_122321--f001166.jpg,20230807_122321,mauritius,original,video,False,train,590.1127630739796
data/processed/mauritius/video/not_augmented/cull2_green_bg/head/224/occ/cn/periphery/20230807_122321/m--20230807_122321--f001168.jpg,20230807_122321,mauritius,original,video,False,train,534.3063616071429
data/processed/mauritius/video/not_augmented/cull2_green_bg/head/224/occ/cn/periphery/20230807_122321/m--20230807_122321--f001170.jpg,20230807_122321,mauritius,original,video,False,train,506.1919244260204
data/processed/mauritius/video/not_augmented/cull2_green_bg/head/224/occ/cn/periphery/20230807_122321/m--20230807_122321--f001176.jpg,20230807_122321,mauritius,original,video,False,train,361.24613360969386
data/processed/mauritius/video/not_augmented/cull2_green_bg/head/224/occ/cn/periphery/20230807_122321/m--20230807_122321--f001178.jpg,20230807_122321,mauritius,original,video,False,train,326.6362005676244
data/processed/mauritius/video/not_augmented/cull2_green_bg/head/224/occ/cn/periphery/20230807_123413/m--20230807_123413--f000182.jpg,20230807_123413,mauritius,original,video,False,train,91.26981026785714
data/processed/mauritius/video/not_augmented/cull2_green_bg/head/224/occ/cn/periphery/20230807_123413/m--20230807_123413--f000192.jpg,20230807_123413,mauritius,original,video,False,train,430.7612404336735
data/processed/mauritius/video/not_augmented/cull2_green_bg/head/224/occ/cn/periphery/20230807_123413/m--20230807_123413--f000194.jpg,20230807_123413,mauritius,original,video,False,train,91.82645089285714
data/processed/mauritius/video/not_augmented/cull2_green_bg/head/224/occ/cn/periphery/20230807_123413/m--20230807_123413--f000196.jpg,20230807_123413,mauritius,original,video,False,train,110.06273915816327
data/processed/mauritius/video/not_augmented/cull2_green_bg/head/224/occ/cn/periphery/20230807_123413/m--20230807_123413--f000198.jpg,20230807_123413,mauritius,original,video,False,train,523.4551578443877
data/processed/mauritius/video/not_augmented/cull2_green_bg/head/224/occ/cn/periphery/20230807_123413/m--20230807_123413--f000200.jpg,20230807_123413,mauritius,original,video,False,train,537.708984375
data/processed/mauritius/video/not_augmented/cull2_green_bg/head/224/occ/cn/periphery/20230807_123413/m--20230807_123413--f000202.jpg,20230807_123413,mauritius,original,video,False,train,602.588847257653
data/processed/mauritius/video/not_augmented/cull2_green_bg/head/224/occ/cn/periphery/20230807_124816/m--20230807_124816--f000256.jpg,20230807_124816,mauritius,original,video,False,train,412.5169204396538
data/processed/mauritius/video/not_augmented/cull2_green_bg/head/224/occ/cn/periphery/20230807_124816/m--20230807_124816--f000258.jpg,20230807_124816,mauritius,original,video,False,train,393.5757732780612
data/processed/mauritius/video/not_augmented/cull2_green_bg/head/224/occ/cn/periphery/20230807_124816/m--20230807_124816--f000866.jpg,20230807_124816,mauritius,original,video,False,train,376.93315529336735
data/processed/mauritius/video/not_augmented/cull2_green_bg/head/224/occ/cn/periphery/20230807_124816/m--20230807_124816--f000868.jpg,20230807_124816,mauritius,original,video,False,train,333.21352838010205
data/processed/mauritius/video/not_augmented/cull2_green_bg/head/224/occ/cn/periphery/20230807_124816/m--20230807_124816--f000870.jpg,20230807_124816,mauritius,original,video,False,train,346.88432716836735
data/processed/mauritius/video/not_augmented/cull2_green_bg/head/224/occ/cn/periphery/20230807_124816/m--20230807_124816--f000872.jpg,20230807_124816,mauritius,original,video,False,train,354.78822544642856
data/processed/mauritius/video/not_augmented/cull2_green_bg/head/224/occ/cn/periphery/20230807_124816/m--20230807_124816--f000874.jpg,20230807_124816,mauritius,original,video,False,train,417.3002232142857
data/processed/mauritius/video/not_augmented/cull2_green_bg/head/224/occ/cn/periphery/20230807_124816/m--20230807_124816--f000876.jpg,20230807_124816,mauritius,original,video,False,train,359.03188775510205
data/processed/mauritius/video/not_augmented/cull2_green_bg/head/224/occ/cn/periphery/20230807_124816/m--20230807_124816--f000878.jpg,20230807_124816,mauritius,original,video,False,train,322.6271524234694
data/processed/mauritius/video/not_augmented/cull2_green_bg/head/224/occ/cn/periphery/20230807_124816/m--20230807_124816--f000880.jpg,20230807_124816,mauritius,original,video,False,train,243.96631854437433
data/processed/mauritius/video/not_augmented/cull2_green_bg/head/224/occ/cn/periphery/20230807_124816/m--20230807_124816--f001408.jpg,20230807_124816,mauritius,original,video,False,train,42.625235940852995
data/processed/mauritius/video/not_augmented/cull2_green_bg/head/224/occ/cn/periphery/20230807_124816/m--20230807_124816--f001494.jpg,20230807_124816,mauritius,original,video,False,train,169.64568718112244
data/processed/mauritius/video/not_augmented/cull2_green_bg/head/224/occ/cn/periphery/20230807_124816/m--20230807_124816--f001496.jpg,20230807_124816,mauritius,original,video,False,train,144.97452965561226
data/processed/mauritius/video/not_augmented/cull2_green_bg/head/224/occ/cn/periphery/20230807_124816/m--20230807_124816--f001498.jpg,20230807_124816,mauritius,original,video,False,train,143.09375
data/processed/mauritius/video/not_augmented/cull2_green_bg/head/224/occ/cn/periphery/20230807_124816/m--20230807_124816--f001500.jpg,20230807_124816,mauritius,original,video,False,train,136.2755899234694
data/processed/mauritius/video/not_augmented/cull2_green_bg/head/224/occ/cn/periphery/20230807_124816/m--20230807_124816--f001502.jpg,20230807_124816,mauritius,original,video,False,train,147.06405452806123
data/processed/mauritius/video/not_augmented/cull2_green_bg/head/224/occ/cn/periphery/20230807_124816/m--20230807_124816--f001504.jpg,20230807_124816,mauritius,original,video,False,train,139.6223692602041
data/processed/mauritius/video/not_augmented/cull2_green_bg/head/224/occ/cn/periphery/20230807_124816/m--20230807_124816--f001506.jpg,20230807_124816,mauritius,original,video,False,train,99.7641900510204
data/processed/mauritius/video/not_augmented/cull2_green_bg/head/224/occ/cn/periphery/20230807_124816/m--20230807_124816--f001508.jpg,20230807_124816,mauritius,original,video,False,train,373.21476403061223
data/processed/mauritius/video/not_augmented/cull2_green_bg/head/224/occ/cn/periphery/20230807_124816/m--20230807_124816--f001510.jpg,20230807_124816,mauritius,original,video,False,train,293.3190369897959
data/processed/mauritius/video/not_augmented/cull2_green_bg/head/224/occ/cn/periphery/20230807_124816/m--20230807_124816--f001512.jpg,20230807_124816,mauritius,original,video,False,train,378.33139349489795
data/processed/mauritius/video/not_augmented/cull2_green_bg/head/224/occ/cn/periphery/20230807_124816/m--20230807_124816--f001514.jpg,20230807_124816,mauritius,original,video,False,train,372.4891581632653
data/processed/mauritius/video/not_augmented/cull2_green_bg/head/224/occ/cn/periphery/20230807_124816/m--20230807_124816--f001516.jpg,20230807_124816,mauritius,original,video,False,train,355.07816485969386
data/processed/mauritius/video/not_augmented/cull2_green_bg/head/224/occ/cn/periphery/20230807_124816/m--20230807_124816--f001584.jpg,20230807_124816,mauritius,original,video,False,train,411.02933673469386
data/processed/mauritius/video/not_augmented/cull2_green_bg/head/224/occ/cn/periphery/20230807_124816/m--20230807_124816--f001622.jpg,20230807_124816,mauritius,original,video,False,train,145.35096460459184
data/processed/mauritius/video/not_augmented/cull2_green_bg/head/224/occ/cn/periphery/20230807_125815/m--20230807_125815--f000242.jpg,20230807_125815,mauritius,original,video,False,train,147.37013711734693
data/processed/mauritius/video/not_augmented/cull2_green_bg/head/224/occ/cn/periphery/20230807_125815/m--20230807_125815--f000244.jpg,20230807_125815,mauritius,original,video,False,train,106.27176339285714
data/processed/mauritius/video/not_augmented/cull2_green_bg/head/224/occ/cn/periphery/20230807_125815/m--20230807_125815--f000246.jpg,20230807_125815,mauritius,original,video,False,train,278.3678651147959
data/processed/mauritius/video/not_augmented/cull2_green_bg/head/224/occ/cn/periphery/20230807_125815/m--20230807_125815--f000248.jpg,20230807_125815,mauritius,original,video,False,train,411.6356425382653
data/processed/mauritius/video/not_augmented/cull2_green_bg/head/224/occ/cn/periphery/20230807_125815/m--20230807_125815--f000250.jpg,20230807_125815,mauritius,original,video,False,train,374.4248246173469
data/processed/mauritius/video/not_augmented/cull2_green_bg/head/224/occ/cn/periphery/20230807_125815/m--20230807_125815--f000252.jpg,20230807_125815,mauritius,original,video,False,train,267.5592713647959
data/processed/mauritius/video/not_augmented/cull2_green_bg/head/224/occ/cn/periphery/20230807_125815/m--20230807_125815--f000254.jpg,20230807_125815,mauritius,original,video,False,train,305.8581792091837
data/processed/mauritius/video/not_augmented/cull2_green_bg/head/224/occ/cn/periphery/20230807_125815/m--20230807_125815--f000256.jpg,20230807_125815,mauritius,original,video,False,train,289.142578125
data/processed/mauritius/video/not_augmented/cull2_green_bg/head/224/occ/cn/periphery/20230807_125815/m--20230807_125815--f000258.jpg,20230807_125815,mauritius,original,video,False,train,274.03021364795916
data/processed/mauritius/video/not_augmented/cull2_green_bg/head/224/occ/cn/periphery/20230807_125815/m--20230807_125815--f000260.jpg,20230807_125815,mauritius,original,video,False,train,342.24601403061223
data/processed/mauritius/video/not_augmented/cull2_green_bg/head/224/occ/cn/periphery/20230807_125815/m--20230807_125815--f000262.jpg,20230807_125815,mauritius,original,video,False,train,356.56556919642856
data/processed/mauritius/video/not_augmented/cull2_green_bg/head/224/occ/cn/periphery/20230807_125815/m--20230807_125815--f000264.jpg,20230807_125815,mauritius,original,video,False,train,273.3539939413265
data/processed/mauritius/video/not_augmented/cull2_green_bg/head/224/occ/cn/periphery/20230807_125815/m--20230807_125815--f000268.jpg,20230807_125815,mauritius,original,video,False,train,116.68650350765306
data/processed/mauritius/video/not_augmented/cull2_green_bg/head/224/occ/cn/periphery/20230807_125815/m--20230807_125815--f000270.jpg,20230807_125815,mauritius,original,video,False,train,280.0876913265306
data/processed/mauritius/video/not_augmented/cull2_green_bg/head/224/occ/cn/periphery/20230807_125815/m--20230807_125815--f000276.jpg,20230807_125815,mauritius,original,video,False,train,132.80428890306123
data/processed/mauritius/video/not_augmented/cull2_green_bg/head/224/occ/cn/periphery/20230807_125815/m--20230807_125815--f000278.jpg,20230807_125815,mauritius,original,video,False,train,139.82808514030611
data/processed/mauritius/video/not_augmented/cull2_green_bg/head/224/occ/cn/periphery/20230807_125815/m--20230807_125815--f000280.jpg,20230807_125815,mauritius,original,video,False,train,99.35319674744898
data/processed/mauritius/video/not_augmented/cull2_green_bg/head/224/occ/cn/periphery/20230807_125815/m--20230807_125815--f000282.jpg,20230807_125815,mauritius,original,video,False,train,92.97361288265306
data/processed/mauritius/video/not_augmented/cull2_green_bg/head/224/occ/cn/periphery/20230807_125815/m--20230807_125815--f000284.jpg,20230807_125815,mauritius,original,video,False,train,85.81664540816327
data/processed/mauritius/video/not_augmented/cull2_green_bg/head/224/occ/cn/periphery/20230807_125815/m--20230807_125815--f000286.jpg,20230807_125815,mauritius,original,video,False,train,155.33282844387756
data/processed/mauritius/video/not_augmented/cull2_green_bg/head/224/occ/cn/periphery/20230807_125815/m--20230807_125815--f000288.jpg,20230807_125815,mauritius,original,video,False,train,136.06098533163265
data/processed/mauritius/video/not_augmented/cull2_green_bg/head/224/occ/cn/periphery/20230807_125815/m--20230807_125815--f000290.jpg,20230807_125815,mauritius,original,video,False,train,113.24996014030613
data/processed/mauritius/video/not_augmented/cull2_green_bg/head/224/occ/cn/periphery/20230807_125815/m--20230807_125815--f000292.jpg,20230807_125815,mauritius,original,video,False,train,99.43359375
data/processed/mauritius/video/not_augmented/cull2_green_bg/head/224/occ/cn/periphery/20230807_125815/m--20230807_125815--f000294.jpg,20230807_125815,mauritius,original,video,False,train,120.92374840561224
data/processed/mauritius/video/not_augmented/cull2_green_bg/head/224/occ/cn/periphery/20230807_125815/m--20230807_125815--f000296.jpg,20230807_125815,mauritius,original,video,False,train,126.85809948979592
data/processed/mauritius/video/not_augmented/cull2_green_bg/head/224/occ/cn/periphery/20230807_125815/m--20230807_125815--f000298.jpg,20230807_125815,mauritius,original,video,False,train,91.47704081632654
data/processed/mauritius/video/not_augmented/cull2_green_bg/head/224/occ/cn/periphery/20230807_125815/m--20230807_125815--f000300.jpg,20230807_125815,mauritius,original,video,False,train,86.61506148866194
data/processed/mauritius/video/not_augmented/cull2_green_bg/head/224/occ/cn/periphery/20230807_125815/m--20230807_125815--f000302.jpg,20230807_125815,mauritius,original,video,False,train,80.41000928604718
data/processed/mauritius/video/not_augmented/cull2_green_bg/head/224/occ/cn/periphery/20230807_125815/m--20230807_125815--f000304.jpg,20230807_125815,mauritius,original,video,False,train,85.36579241071429
data/processed/mauritius/video/not_augmented/cull2_green_bg/head/224/occ/cn/periphery/20230807_125815/m--20230807_125815--f000306.jpg,20230807_125815,mauritius,original,video,False,train,75.88765545240892
data/processed/mauritius/video/not_augmented/cull2_green_bg/head/224/occ/cn/periphery/20230807_125815/m--20230807_125815--f000308.jpg,20230807_125815,mauritius,original,video,False,train,90.00394610969387
data/processed/mauritius/video/not_augmented/cull2_green_bg/head/224/occ/cn/periphery/20230807_125815/m--20230807_125815--f001354.jpg,20230807_125815,mauritius,original,video,False,train,277.7956792028285
data/processed/mauritius/video/not_augmented/cull2_green_bg/head/224/occ/cn/periphery/20230807_125815/m--20230807_125815--f001356.jpg,20230807_125815,mauritius,original,video,False,train,336.3056026392805
data/processed/mauritius/video/not_augmented/cull2_green_bg/head/224/occ/cn/periphery/20230807_125815/m--20230807_125815--f001358.jpg,20230807_125815,mauritius,original,video,False,train,411.53878348214283
data/processed/mauritius/video/not_augmented/cull2_green_bg/head/224/occ/cn/periphery/20230807_125815/m--20230807_125815--f001360.jpg,20230807_125815,mauritius,original,video,False,train,535.8066007653061
data/processed/mauritius/video/not_augmented/cull2_green_bg/head/224/occ/cn/periphery/20230807_125815/m--20230807_125815--f001416.jpg,20230807_125815,mauritius,original,video,False,train,354.59061557677626
data/processed/mauritius/video/not_augmented/cull2_green_bg/head/224/occ/cn/periphery/20230807_125815/m--20230807_125815--f001418.jpg,20230807_125815,mauritius,original,video,False,train,445.1941926138742
data/processed/mauritius/video/not_augmented/cull2_green_bg/head/224/occ/cn/periphery/20230807_125815/m--20230807_125815--f001420.jpg,20230807_125815,mauritius,original,video,False,train,358.7917908867515
data/processed/mauritius/video/not_augmented/cull2_green_bg/head/224/occ/cn/periphery/20230807_125815/m--20230807_125815--f001422.jpg,20230807_125815,mauritius,original,video,False,train,332.1049505739796
data/processed/mauritius/video/not_augmented/cull2_green_bg/head/224/occ/cn/periphery/20230807_125815/m--20230807_125815--f001424.jpg,20230807_125815,mauritius,original,video,False,train,412.5005978954082
data/processed/mauritius/video/not_augmented/cull2_green_bg/head/224/occ/cn/periphery/20230807_125815/m--20230807_125815--f001426.jpg,20230807_125815,mauritius,original,video,False,train,522.4508928571429
data/processed/mauritius/video/not_augmented/cull2_green_bg/head/224/occ/cn/periphery/20230807_125815/m--20230807_125815--f001428.jpg,20230807_125815,mauritius,original,video,False,train,524.8886320153061
data/processed/mauritius/video/not_augmented/cull2_green_bg/head/224/occ/cn/periphery/20230807_125815/m--20230807_125815--f001430.jpg,20230807_125815,mauritius,original,video,False,train,495.25872927295916
data/processed/mauritius/video/not_augmented/cull2_green_bg/head/224/occ/cn/periphery/20230807_125815/m--20230807_125815--f001432.jpg,20230807_125815,mauritius,original,video,False,train,444.4799107142857
data/processed/mauritius/video/not_augmented/cull2_green_bg/head/224/occ/cn/periphery/20230807_125815/m--20230807_125815--f001434.jpg,20230807_125815,mauritius,original,video,False,train,387.2826849489796
data/processed/mauritius/video/not_augmented/cull2_green_bg/head/224/occ/cn/periphery/20230807_125815/m--20230807_125815--f001436.jpg,20230807_125815,mauritius,original,video,False,train,444.2486049107143
data/processed/mauritius/video/not_augmented/cull2_green_bg/head/224/occ/cn/periphery/20230807_125815/m--20230807_125815--f001438.jpg,20230807_125815,mauritius,original,video,False,train,453.69048947704084
data/processed/mauritius/video/not_augmented/cull2_green_bg/head/224/occ/cn/periphery/20230807_125815/m--20230807_125815--f001440.jpg,20230807_125815,mauritius,original,video,False,train,517.2936862244898
data/processed/mauritius/video/not_augmented/cull2_green_bg/head/224/occ/cn/periphery/20230807_125815/m--20230807_125815--f001442.jpg,20230807_125815,mauritius,original,video,False,train,460.0987324617347
data/processed/mauritius/video/not_augmented/cull2_green_bg/head/224/occ/cn/periphery/20230807_125815/m--20230807_125815--f001444.jpg,20230807_125815,mauritius,original,video,False,train,467.9137037627551
data/processed/mauritius/video/not_augmented/cull2_green_bg/head/224/occ/cn/periphery/20230809_185948/m--20230809_185948--f000166.jpg,20230809_185948,mauritius,original,video,False,test,100.14277742346938
data/processed/mauritius/video/not_augmented/cull2_green_bg/head/224/occ/cn/periphery/20230809_185948/m--20230809_185948--f000168.jpg,20230809_185948,mauritius,original,video,False,test,104.75639746140465
data/processed/mauritius/video/not_augmented/cull2_green_bg/head/224/occ/cn/periphery/20230809_185948/m--20230809_185948--f000170.jpg,20230809_185948,mauritius,original,video,False,test,89.48788265306122
data/processed/mauritius/video/not_augmented/cull2_green_bg/head/224/occ/cn/periphery/20230809_185948/m--20230809_185948--f000172.jpg,20230809_185948,mauritius,original,video,False,test,102.72859533008858
data/processed/mauritius/video/not_augmented/cull2_green_bg/head/224/occ/cn/periphery/20230809_185948/m--20230809_185948--f000174.jpg,20230809_185948,mauritius,original,video,False,test,99.27020886479592
data/processed/mauritius/video/not_augmented/cull2_green_bg/head/224/occ/cn/periphery/20230809_185948/m--20230809_185948--f000176.jpg,20230809_185948,mauritius,original,video,False,test,117.53252551020408
data/processed/mauritius/video/not_augmented/cull2_green_bg/head/224/occ/cn/periphery/20230809_185948/m--20230809_185948--f000178.jpg,20230809_185948,mauritius,original,video,False,test,104.17334980867346
data/processed/mauritius/video/not_augmented/cull2_green_bg/head/224/occ/cn/periphery/20230809_185948/m--20230809_185948--f000180.jpg,20230809_185948,mauritius,original,video,False,test,132.2141661352041
data/processed/mauritius/video/not_augmented/cull2_green_bg/head/224/occ/cn/periphery/20230809_185948/m--20230809_185948--f000182.jpg,20230809_185948,mauritius,original,video,False,test,119.79926658163265
data/processed/mauritius/video/not_augmented/cull2_green_bg/head/224/occ/cn/periphery/20230809_185948/m--20230809_185948--f000184.jpg,20230809_185948,mauritius,original,video,False,test,135.63930963010205
data/processed/mauritius/video/not_augmented/cull2_green_bg/head/224/occ/cn/periphery/20230809_185948/m--20230809_185948--f000186.jpg,20230809_185948,mauritius,original,video,False,test,129.32025270688442
data/processed/mauritius/video/not_augmented/cull2_green_bg/head/224/occ/cn/periphery/20230809_185948/m--20230809_185948--f000188.jpg,20230809_185948,mauritius,original,video,False,test,113.23308715717043
data/processed/mauritius/video/not_augmented/cull2_green_bg/head/224/occ/cn/periphery/20230809_185948/m--20230809_185948--f000196.jpg,20230809_185948,mauritius,original,video,False,test,109.56192779501296
data/processed/mauritius/video/not_augmented/cull2_green_bg/head/224/occ/cn/periphery/20230809_185948/m--20230809_185948--f000198.jpg,20230809_185948,mauritius,original,video,False,test,139.7947604899504
data/processed/mauritius/video/not_augmented/cull2_green_bg/head/224/occ/cn/periphery/20230809_185948/m--20230809_185948--f000202.jpg,20230809_185948,mauritius,original,video,False,test,124.81497128672126
data/processed/mauritius/video/not_augmented/cull2_green_bg/head/224/occ/cn/periphery/20230809_185948/m--20230809_185948--f000206.jpg,20230809_185948,mauritius,original,video,False,test,123.58332668012106
data/processed/mauritius/video/not_augmented/cull2_green_bg/head/224/occ/cn/periphery/20230809_185948/m--20230809_185948--f000208.jpg,20230809_185948,mauritius,original,video,False,test,131.20107594831248
data/processed/mauritius/video/not_augmented/cull2_green_bg/head/224/occ/cn/periphery/20230809_185948/m--20230809_185948--f000212.jpg,20230809_185948,mauritius,original,video,False,test,139.16511154293963
data/processed/mauritius/video/not_augmented/cull2_green_bg/head/224/occ/cn/periphery/20230809_185948/m--20230809_185948--f000214.jpg,20230809_185948,mauritius,original,video,False,test,128.77076677181782
data/processed/mauritius/video/not_augmented/cull2_green_bg/head/224/occ/cn/periphery/20230809_185948/m--20230809_185948--f000216.jpg,20230809_185948,mauritius,original,video,False,test,130.68177403295502
data/processed/mauritius/video/not_augmented/cull2_green_bg/head/224/occ/cn/periphery/20230809_185948/m--20230809_185948--f000218.jpg,20230809_185948,mauritius,original,video,False,test,122.08910629760223
data/processed/mauritius/video/not_augmented/cull2_green_bg/head/224/occ/cn/periphery/20230809_185948/m--20230809_185948--f000220.jpg,20230809_185948,mauritius,original,video,False,test,131.2247688137755
data/processed/mauritius/video/not_augmented/cull2_green_bg/head/224/occ/cn/periphery/20230809_185948/m--20230809_185948--f000222.jpg,20230809_185948,mauritius,original,video,False,test,139.1631457270408
data/processed/mauritius/video/not_augmented/cull2_green_bg/head/224/occ/cn/periphery/20230809_185948/m--20230809_185948--f000224.jpg,20230809_185948,mauritius,original,video,False,test,137.0035475127551
data/processed/mauritius/video/not_augmented/cull2_green_bg/head/224/occ/cn/periphery/20230809_185948/m--20230809_185948--f000226.jpg,20230809_185948,mauritius,original,video,False,test,150.4560685100182
data/processed/mauritius/video/not_augmented/cull2_green_bg/head/224/occ/cn/periphery/20230809_185948/m--20230809_185948--f000228.jpg,20230809_185948,mauritius,original,video,False,test,176.0357939796813
data/processed/mauritius/video/not_augmented/cull2_green_bg/head/224/occ/cn/periphery/20230809_185948/m--20230809_185948--f000230.jpg,20230809_185948,mauritius,original,video,False,test,237.1974250637755
data/processed/mauritius/video/not_augmented/cull2_green_bg/head/224/occ/cn/periphery/20230809_185948/m--20230809_185948--f000232.jpg,20230809_185948,mauritius,original,video,False,test,227.8345224486942
data/processed/mauritius/video/not_augmented/cull2_green_bg/head/224/occ/cn/periphery/20230809_185948/m--20230809_185948--f000234.jpg,20230809_185948,mauritius,original,video,False,test,222.18526785714286
data/processed/mauritius/video/not_augmented/cull2_green_bg/head/224/occ/cn/periphery/20230809_185948/m--20230809_185948--f000236.jpg,20230809_185948,mauritius,original,video,False,test,210.50083705357142
data/processed/mauritius/video/not_augmented/cull2_green_bg/head/224/occ/cn/periphery/20230809_185948/m--20230809_185948--f000238.jpg,20230809_185948,mauritius,original,video,False,test,211.14496970663265
data/processed/mauritius/video/not_augmented/cull2_green_bg/head/224/occ/cn/periphery/20230809_185948/m--20230809_185948--f000240.jpg,20230809_185948,mauritius,original,video,False,test,214.43076361005183
data/processed/mauritius/video/not_augmented/cull2_green_bg/head/224/occ/cn/periphery/20230809_185948/m--20230809_185948--f000242.jpg,20230809_185948,mauritius,original,video,False,test,189.8103874362245
data/processed/mauritius/video/not_augmented/cull2_green_bg/head/224/occ/cn/periphery/20230809_185948/m--20230809_185948--f000244.jpg,20230809_185948,mauritius,original,video,False,test,181.13801414198997
data/processed/mauritius/video/not_augmented/cull2_green_bg/head/224/occ/cn/periphery/20230809_185948/m--20230809_185948--f000246.jpg,20230809_185948,mauritius,original,video,False,test,171.57413903061226
data/processed/mauritius/video/not_augmented/cull2_green_bg/head/224/occ/cn/periphery/20230809_185948/m--20230809_185948--f000248.jpg,20230809_185948,mauritius,original,video,False,test,171.06329713668092
data/processed/mauritius/video/not_augmented/cull2_green_bg/head/224/occ/cn/periphery/20230809_185948/m--20230809_185948--f000250.jpg,20230809_185948,mauritius,original,video,False,test,163.45822704081633
data/processed/mauritius/video/not_augmented/cull2_green_bg/head/224/occ/cn/periphery/20230809_185948/m--20230809_185948--f000252.jpg,20230809_185948,mauritius,original,video,False,test,162.8522799744898
data/processed/mauritius/video/not_augmented/cull2_green_bg/head/224/occ/cn/periphery/20230809_185948/m--20230809_185948--f000254.jpg,20230809_185948,mauritius,original,video,False,test,143.5070950255102
data/processed/mauritius/video/not_augmented/cull2_green_bg/head/224/occ/cn/periphery/20230809_185948/m--20230809_185948--f000256.jpg,20230809_185948,mauritius,original,video,False,test,141.65373883928572
data/processed/mauritius/video/not_augmented/cull2_green_bg/head/224/occ/cn/periphery/20230809_185948/m--20230809_185948--f000258.jpg,20230809_185948,mauritius,original,video,False,test,133.67414700255102
data/processed/mauritius/video/not_augmented/cull2_green_bg/head/224/occ/cn/periphery/20230809_185948/m--20230809_185948--f000260.jpg,20230809_185948,mauritius,original,video,False,test,122.46631855867346
data/processed/mauritius/video/not_augmented/cull2_green_bg/head/224/occ/cn/periphery/20230809_185948/m--20230809_185948--f000262.jpg,20230809_185948,mauritius,original,video,False,test,118.900390625
data/processed/mauritius/video/not_augmented/cull2_green_bg/head/224/occ/cn/periphery/20230809_185948/m--20230809_185948--f000264.jpg,20230809_185948,mauritius,original,video,False,test,111.93291613520408
data/processed/mauritius/video/not_augmented/cull2_green_bg/head/224/occ/cn/periphery/20230809_185948/m--20230809_185948--f000266.jpg,20230809_185948,mauritius,original,video,False,test,103.18132174744898
data/processed/mauritius/video/not_augmented/cull2_green_bg/head/224/occ/cn/periphery/20230809_185948/m--20230809_185948--f000268.jpg,20230809_185948,mauritius,original,video,False,test,97.01538584183673
data/processed/mauritius/video/not_augmented/cull2_green_bg/head/224/occ/cn/periphery/20230809_185948/m--20230809_185948--f001144.jpg,20230809_185948,mauritius,original,video,False,test,100.85873721947723
data/processed/mauritius/video/not_augmented/cull2_green_bg/head/224/occ/cn/periphery/20230809_185948/m--20230809_185948--f001146.jpg,20230809_185948,mauritius,original,video,False,test,102.26096141581633
data/processed/mauritius/video/not_augmented/cull2_green_bg/head/224/occ/cn/periphery/20230809_185948/m--20230809_185948--f001156.jpg,20230809_185948,mauritius,original,video,False,test,100.41454081632654
data/processed/mauritius/video/not_augmented/cull2_green_bg/head/224/occ/cn/periphery/20230809_185948/m--20230809_185948--f001158.jpg,20230809_185948,mauritius,original,video,False,test,102.81377551020408
data/processed/mauritius/video/not_augmented/cull2_green_bg/head/224/occ/cn/periphery/20230809_185948/m--20230809_185948--f001162.jpg,20230809_185948,mauritius,original,video,False,test,80.61451690051021
data/processed/mauritius/video/not_augmented/cull2_green_bg/head/224/occ/cn/periphery/20230809_185948/m--20230809_185948--f001172.jpg,20230809_185948,mauritius,original,video,False,test,39.05807557397959
data/processed/mauritius/video/not_augmented/cull2_green_bg/head/224/occ/cn/periphery/20230809_185948/m--20230809_185948--f001174.jpg,20230809_185948,mauritius,original,video,False,test,49.14839764030612
data/processed/mauritius/video/not_augmented/cull2_green_bg/head/224/occ/cn/periphery/20230809_185948/m--20230809_185948--f001176.jpg,20230809_185948,mauritius,original,video,False,test,49.19599011479592
data/processed/mauritius/video/not_augmented/cull2_green_bg/head/224/occ/cn/periphery/20230809_185948/m--20230809_185948--f001178.jpg,20230809_185948,mauritius,original,video,False,test,49.36212531887755
data/processed/mauritius/video/not_augmented/cull2_green_bg/head/224/occ/cn/periphery/20230809_185948/m--20230809_185948--f001180.jpg,20230809_185948,mauritius,original,video,False,test,46.80257493622449
data/processed/mauritius/video/not_augmented/cull2_green_bg/head/224/occ/cn/periphery/20230809_185948/m--20230809_185948--f001182.jpg,20230809_185948,mauritius,original,video,False,test,49.06979432397959
data/processed/mauritius/video/not_augmented/cull2_green_bg/head/224/occ/cn/periphery/20230809_185948/m--20230809_185948--f001184.jpg,20230809_185948,mauritius,original,video,False,test,43.6198580994898
data/processed/mauritius/video/not_augmented/cull2_green_bg/head/224/occ/cn/periphery/20230809_185948/m--20230809_185948--f001186.jpg,20230809_185948,mauritius,original,video,False,test,52.14309630102041
data/processed/mauritius/video/not_augmented/cull2_green_bg/head/224/occ/cn/periphery/20230809_185948/m--20230809_185948--f001188.jpg,20230809_185948,mauritius,original,video,False,test,50.294147356407485
data/processed/mauritius/video/not_augmented/cull2_green_bg/head/224/occ/cn/periphery/20230809_185948/m--20230809_185948--f001190.jpg,20230809_185948,mauritius,original,video,False,test,69.3794244260204
data/processed/mauritius/video/not_augmented/cull2_green_bg/head/224/occ/cn/periphery/20230809_185948/m--20230809_185948--f001192.jpg,20230809_185948,mauritius,original,video,False,test,75.09921076376206
data/processed/mauritius/video/not_augmented/cull2_green_bg/head/224/occ/cn/periphery/20230809_185948/m--20230809_185948--f001194.jpg,20230809_185948,mauritius,original,video,False,test,77.76460737627976
data/processed/mauritius/video/not_augmented/cull2_green_bg/head/224/occ/cn/periphery/20230809_185948/m--20230809_185948--f001196.jpg,20230809_185948,mauritius,original,video,False,test,72.97580194850605
data/processed/mauritius/video/not_augmented/cull2_green_bg/head/224/occ/cn/periphery/20230809_185948/m--20230809_185948--f001358.jpg,20230809_185948,mauritius,original,video,False,test,106.08394451530613
data/processed/mauritius/video/not_augmented/cull2_green_bg/head/224/occ/cn/periphery/20230809_185948/m--20230809_185948--f001360.jpg,20230809_185948,mauritius,original,video,False,test,117.92040019132654
data/processed/mauritius/video/not_augmented/cull2_green_bg/head/224/occ/cn/periphery/20230809_185948/m--20230809_185948--f001362.jpg,20230809_185948,mauritius,original,video,False,test,109.8545918367347
data/processed/mauritius/video/not_augmented/cull2_green_bg/head/224/occ/cn/periphery/20230809_185948/m--20230809_185948--f001364.jpg,20230809_185948,mauritius,original,video,False,test,99.65780452806122
data/processed/mauritius/video/not_augmented/cull2_green_bg/head/224/occ/cn/periphery/20230809_185948/m--20230809_185948--f001366.jpg,20230809_185948,mauritius,original,video,False,test,84.73592952806122
data/processed/mauritius/video/not_augmented/cull2_green_bg/head/224/occ/cn/periphery/20230809_185948/m--20230809_185948--f001368.jpg,20230809_185948,mauritius,original,video,False,test,92.43877551020408
data/processed/mauritius/video/not_augmented/cull2_green_bg/head/224/occ/cn/periphery/20230815_061623/m--20230815_061623--f000188.jpg,20230815_061623,mauritius,original,video,False,test,329.72911267993544
data/processed/mauritius/video/not_augmented/cull2_green_bg/head/224/occ/cn/periphery/20230815_061623/m--20230815_061623--f000190.jpg,20230815_061623,mauritius,original,video,False,test,232.44110456599338
data/processed/mauritius/video/not_augmented/cull2_green_bg/head/224/occ/cn/periphery/20230815_061623/m--20230815_061623--f000194.jpg,20230815_061623,mauritius,original,video,False,test,116.67900937043444
data/processed/mauritius/video/not_augmented/cull2_green_bg/head/224/occ/cn/periphery/20230815_061623/m--20230815_061623--f000196.jpg,20230815_061623,mauritius,original,video,False,test,98.7632321727519
data/processed/mauritius/video/not_augmented/cull2_green_bg/head/224/occ/cn/periphery/20230815_061623/m--20230815_061623--f001216.jpg,20230815_061623,mauritius,original,video,False,test,301.9196596407781
data/processed/mauritius/video/not_augmented/cull2_green_bg/head/224/occ/cn/periphery/20230815_061623/m--20230815_061623--f001270.jpg,20230815_061623,mauritius,original,video,False,test,100.9913104850518
data/processed/mauritius/video/not_augmented/cull2_green_bg/head/224/occ/cn/periphery/20230815_061623/m--20230815_061623--f001272.jpg,20230815_061623,mauritius,original,video,False,test,113.02162367381041
data/processed/mauritius/video/not_augmented/cull2_green_bg/head/224/occ/cn/periphery/20230815_061623/m--20230815_061623--f001274.jpg,20230815_061623,mauritius,original,video,False,test,113.8953084246609
data/processed/mauritius/video/not_augmented/cull2_green_bg/head/224/occ/cn/periphery/20230815_061623/m--20230815_061623--f001320.jpg,20230815_061623,mauritius,original,video,False,test,269.6002072704082
data/processed/mauritius/video/not_augmented/cull2_green_bg/head/224/occ/cn/periphery/20230815_061623/m--20230815_061623--f001322.jpg,20230815_061623,mauritius,original,video,False,test,337.81812021683675
data/processed/mauritius/video/not_augmented/cull2_green_bg/head/224/occ/cn/periphery/20230815_061623/m--20230815_061623--f001324.jpg,20230815_061623,mauritius,original,video,False,test,286.7093829719388
data/processed/mauritius/video/not_augmented/cull2_green_bg/head/224/occ/cn/periphery/20230828_204505/m--20230828_204505--f000214.jpg,20230828_204505,mauritius,original,video,False,train,738.3624840561224
data/processed/mauritius/video/not_augmented/cull2_green_bg/head/224/occ/cn/periphery/20230828_204505/m--20230828_204505--f000216.jpg,20230828_204505,mauritius,original,video,False,train,678.1047911352041
data/processed/mauritius/video/not_augmented/cull2_green_bg/head/224/occ/cn/periphery/20230828_204505/m--20230828_204505--f000218.jpg,20230828_204505,mauritius,original,video,False,train,636.9078045280612
data/processed/mauritius/video/not_augmented/cull2_green_bg/head/224/occ/cn/periphery/20230828_204505/m--20230828_204505--f000220.jpg,20230828_204505,mauritius,original,video,False,train,584.3288424744898
data/processed/mauritius/video/not_augmented/cull2_green_bg/head/224/occ/cn/periphery/20230828_204505/m--20230828_204505--f000222.jpg,20230828_204505,mauritius,original,video,False,train,593.0705117984694
data/processed/mauritius/video/not_augmented/cull2_green_bg/head/224/occ/cn/periphery/20230828_204505/m--20230828_204505--f000224.jpg,20230828_204505,mauritius,original,video,False,train,582.3343829719388
data/processed/mauritius/video/not_augmented/cull2_green_bg/head/224/occ/cn/periphery/20230828_204505/m--20230828_204505--f000226.jpg,20230828_204505,mauritius,original,video,False,train,533.5811343969577
data/processed/mauritius/video/not_augmented/cull2_green_bg/head/224/occ/cn/periphery/20230828_204505/m--20230828_204505--f000228.jpg,20230828_204505,mauritius,original,video,False,train,590.1177853954082
data/processed/mauritius/video/not_augmented/cull2_green_bg/head/224/occ/cn/periphery/20230828_204505/m--20230828_204505--f000230.jpg,20230828_204505,mauritius,original,video,False,train,555.3515226005862
data/processed/mauritius/video/not_augmented/cull2_green_bg/head/224/occ/cn/periphery/20230828_204505/m--20230828_204505--f000232.jpg,20230828_204505,mauritius,original,video,False,train,591.2465720663265
data/processed/mauritius/video/not_augmented/cull2_green_bg/head/224/occ/cn/periphery/20230828_204505/m--20230828_204505--f000234.jpg,20230828_204505,mauritius,original,video,False,train,571.9913305161845
data/processed/mauritius/video/not_augmented/cull2_green_bg/head/224/occ/cn/periphery/20230828_204505/m--20230828_204505--f001168.jpg,20230828_204505,mauritius,original,video,False,train,672.7136080994898
data/processed/mauritius/video/not_augmented/cull2_green_bg/head/224/occ/cn/periphery/20230828_204505/m--20230828_204505--f001170.jpg,20230828_204505,mauritius,original,video,False,train,456.2649075255102
data/processed/mauritius/video/not_augmented/cull2_green_bg/head/224/occ/cn/periphery/20230828_204505/m--20230828_204505--f001172.jpg,20230828_204505,mauritius,original,video,False,train,634.4948580994898
data/processed/mauritius/video/not_augmented/cull2_green_bg/head/224/occ/cn/periphery/20230828_204505/m--20230828_204505--f001174.jpg,20230828_204505,mauritius,original,video,False,train,668.3555086096939
data/processed/mauritius/video/not_augmented/cull2_green_bg/head/224/occ/cn/periphery/20230828_204505/m--20230828_204505--f001176.jpg,20230828_204505,mauritius,original,video,False,train,627.84375
data/processed/mauritius/video/not_augmented/cull2_green_bg/head/224/occ/cn/periphery/20230828_204505/m--20230828_204505--f001178.jpg,20230828_204505,mauritius,original,video,False,train,638.6234853316327
data/processed/mauritius/video/not_augmented/cull2_green_bg/head/224/occ/cn/periphery/20230828_204505/m--20230828_204505--f001180.jpg,20230828_204505,mauritius,original,video,False,train,644.9164939413265
data/processed/mauritius/video/not_augmented/cull2_green_bg/head/224/occ/cn/periphery/20230828_204505/m--20230828_204505--f001182.jpg,20230828_204505,mauritius,original,video,False,train,707.2951211734694
data/processed/mauritius/video/not_augmented/cull2_green_bg/head/224/occ/cn/periphery/20230828_204505/m--20230828_204505--f001184.jpg,20230828_204505,mauritius,original,video,False,train,451.7446588010204
data/processed/mauritius/video/not_augmented/cull2_green_bg/head/224/occ/cn/periphery/20230828_204505/m--20230828_204505--f001186.jpg,20230828_204505,mauritius,original,video,False,train,501.68355389030614
data/processed/mauritius/video/not_augmented/cull2_green_bg/head/224/occ/cn/periphery/20230828_204505/m--20230828_204505--f001188.jpg,20230828_204505,mauritius,original,video,False,train,437.96002072704084
data/processed/mauritius/video/not_augmented/cull2_green_bg/head/224/occ/cn/periphery/20230828_204505/m--20230828_204505--f001382.jpg,20230828_204505,mauritius,original,video,False,train,232.12173150510205
data/processed/mauritius/video/not_augmented/cull2_green_bg/head/224/occ/cn/periphery/20230828_204505/m--20230828_204505--f001384.jpg,20230828_204505,mauritius,original,video,False,train,327.0587930484694
data/processed/mauritius/video/not_augmented/cull2_green_bg/head/224/occ/cn/periphery/20230828_204505/m--20230828_204505--f001386.jpg,20230828_204505,mauritius,original,video,False,train,373.1067044005102
data/processed/mauritius/video/not_augmented/cull2_green_bg/head/224/occ/cn/periphery/20230828_204505/m--20230828_204505--f001388.jpg,20230828_204505,mauritius,original,video,False,train,215.26590401785714
data/processed/mauritius/video/not_augmented/cull2_green_bg/head/224/occ/cn/periphery/20230828_204505/m--20230828_204505--f001390.jpg,20230828_204505,mauritius,original,video,False,train,257.0415736607143
data/processed/mauritius/video/not_augmented/cull2_green_bg/head/224/occ/cn/periphery/20230831_053936/m--20230831_053936--f000228.jpg,20230831_053936,mauritius,original,video,False,test,142.60359534438774
data/processed/mauritius/video/not_augmented/cull2_green_bg/head/224/occ/cn/periphery/20230831_053936/m--20230831_053936--f000230.jpg,20230831_053936,mauritius,original,video,False,test,88.85231983418367
data/processed/mauritius/video/not_augmented/cull2_green_bg/head/224/occ/cn/periphery/20230831_053936/m--20230831_053936--f000232.jpg,20230831_053936,mauritius,original,video,False,test,101.74186862244898
data/processed/mauritius/video/not_augmented/cull2_green_bg/head/224/occ/cn/periphery/20230831_053936/m--20230831_053936--f000234.jpg,20230831_053936,mauritius,original,video,False,test,109.81776147959184
data/processed/mauritius/video/not_augmented/cull2_green_bg/head/224/occ/cn/periphery/20230831_053936/m--20230831_053936--f000236.jpg,20230831_053936,mauritius,original,video,False,test,102.23022959183673
data/processed/mauritius/video/not_augmented/cull2_green_bg/head/224/occ/cn/periphery/20230831_053936/m--20230831_053936--f000238.jpg,20230831_053936,mauritius,original,video,False,test,95.6436543367347
data/processed/mauritius/video/not_augmented/cull2_green_bg/head/224/occ/cn/periphery/20230831_053936/m--20230831_053936--f000240.jpg,20230831_053936,mauritius,original,video,False,test,114.90860172193878
data/processed/mauritius/video/not_augmented/cull2_green_bg/head/224/occ/cn/periphery/20230831_053936/m--20230831_053936--f000242.jpg,20230831_053936,mauritius,original,video,False,test,110.15868144132654
data/processed/mauritius/video/not_augmented/cull2_green_bg/head/224/occ/cn/periphery/20230831_053936/m--20230831_053936--f000244.jpg,20230831_053936,mauritius,original,video,False,test,101.57130899234694
data/processed/mauritius/video/not_augmented/cull2_green_bg/head/224/occ/cn/periphery/20230831_053936/m--20230831_053936--f000246.jpg,20230831_053936,mauritius,original,video,False,test,127.16234853316327
data/processed/mauritius/video/not_augmented/cull2_green_bg/head/224/occ/cn/periphery/20230831_053936/m--20230831_053936--f000248.jpg,20230831_053936,mauritius,original,video,False,test,121.18953284438776
data/processed/mauritius/video/not_augmented/cull2_green_bg/head/224/occ/cn/periphery/20230831_053936/m--20230831_053936--f000250.jpg,20230831_053936,mauritius,original,video,False,test,116.40158641581633
data/processed/mauritius/video/not_augmented/cull2_green_bg/head/224/occ/cn/periphery/20230831_053936/m--20230831_053936--f000252.jpg,20230831_053936,mauritius,original,video,False,test,119.15202487244898
data/processed/mauritius/video/not_augmented/cull2_green_bg/head/224/occ/cn/periphery/20230831_053936/m--20230831_053936--f000254.jpg,20230831_053936,mauritius,original,video,False,test,116.63297193877551
data/processed/mauritius/video/not_augmented/cull2_green_bg/head/224/occ/cn/periphery/20230831_053936/m--20230831_053936--f000256.jpg,20230831_053936,mauritius,original,video,False,test,130.7855149872449
data/processed/mauritius/video/not_augmented/cull2_green_bg/head/224/occ/cn/periphery/20230831_053936/m--20230831_053936--f000258.jpg,20230831_053936,mauritius,original,video,False,test,118.44060905612245
data/processed/mauritius/video/not_augmented/cull2_green_bg/head/224/occ/cn/periphery/20230831_053936/m--20230831_053936--f000260.jpg,20230831_053936,mauritius,original,video,False,test,113.0580755739796
data/processed/mauritius/video/not_augmented/cull2_green_bg/head/224/occ/cn/periphery/20230831_053936/m--20230831_053936--f000262.jpg,20230831_053936,mauritius,original,video,False,test,132.45105229591837
data/processed/mauritius/video/not_augmented/cull2_green_bg/head/224/occ/cn/periphery/20230831_053936/m--20230831_053936--f000264.jpg,20230831_053936,mauritius,original,video,False,test,133.5554049744898
data/processed/mauritius/video/not_augmented/cull2_green_bg/head/224/occ/cn/periphery/20230831_053936/m--20230831_053936--f000266.jpg,20230831_053936,mauritius,original,video,False,test,138.5257493622449
data/processed/mauritius/video/not_augmented/cull2_green_bg/head/224/occ/cn/periphery/20230831_053936/m--20230831_053936--f000268.jpg,20230831_053936,mauritius,original,video,False,test,134.89644451530611
data/processed/mauritius/video/not_augmented/cull2_green_bg/head/224/occ/cn/periphery/20230831_053936/m--20230831_053936--f000270.jpg,20230831_053936,mauritius,original,video,False,test,171.2155612244898
data/processed/mauritius/video/not_augmented/cull2_green_bg/head/224/occ/cn/periphery/20230831_053936/m--20230831_053936--f000272.jpg,20230831_053936,mauritius,original,video,False,test,173.13424744897958
data/processed/mauritius/video/not_augmented/cull2_green_bg/head/224/occ/cn/periphery/20230831_053936/m--20230831_053936--f000274.jpg,20230831_053936,mauritius,original,video,False,test,167.92936862244898
data/processed/mauritius/video/not_augmented/cull2_green_bg/head/224/occ/cn/periphery/20230831_053936/m--20230831_053936--f000276.jpg,20230831_053936,mauritius,original,video,False,test,160.03970025510205
data/processed/mauritius/video/not_augmented/cull2_green_bg/head/224/occ/cn/periphery/20230831_053936/m--20230831_053936--f000278.jpg,20230831_053936,mauritius,original,video,False,test,161.00741390306123
data/processed/mauritius/video/not_augmented/cull2_green_bg/head/224/occ/cn/periphery/20230831_053936/m--20230831_053936--f000280.jpg,20230831_053936,mauritius,original,video,False,test,160.04380580357142
data/processed/mauritius/video/not_augmented/cull2_green_bg/head/224/occ/cn/periphery/20230831_053936/m--20230831_053936--f000282.jpg,20230831_053936,mauritius,original,video,False,test,111.92004145408163
data/processed/mauritius/video/not_augmented/cull2_green_bg/head/224/occ/cn/periphery/20230831_053936/m--20230831_053936--f001300.jpg,20230831_053936,mauritius,original,video,False,test,615.4813456632653
data/processed/mauritius/video/not_augmented/cull2_green_bg/head/224/occ/cn/periphery/20230831_053936/m--20230831_053936--f001302.jpg,20230831_053936,mauritius,original,video,False,test,317.8427933673469
data/processed/mauritius/video/not_augmented/cull2_green_bg/head/224/occ/cn/periphery/20230831_053936/m--20230831_053936--f001304.jpg,20230831_053936,mauritius,original,video,False,test,346.4738520408163
data/processed/mauritius/video/not_augmented/cull2_green_bg/head/224/occ/cn/periphery/20230831_053936/m--20230831_053936--f001306.jpg,20230831_053936,mauritius,original,video,False,test,442.15923947704084
data/processed/mauritius/video/not_augmented/cull2_green_bg/head/224/occ/cn/periphery/20230831_053936/m--20230831_053936--f001308.jpg,20230831_053936,mauritius,original,video,False,test,388.67215401150196
data/processed/mauritius/video/not_augmented/cull2_green_bg/head/224/occ/cn/periphery/20230831_053936/m--20230831_053936--f001442.jpg,20230831_053936,mauritius,original,video,False,test,173.57965434843777
data/processed/mauritius/video/not_augmented/cull2_green_bg/head/224/occ/cn/periphery/20230831_053936/m--20230831_053936--f001444.jpg,20230831_053936,mauritius,original,video,False,test,177.79300860969389
data/processed/mauritius/video/not_augmented/cull2_green_bg/head/224/occ/cn/periphery/20230831_053936/m--20230831_053936--f001446.jpg,20230831_053936,mauritius,original,video,False,test,153.22620376116632
data/processed/mauritius/video/not_augmented/cull2_green_bg/head/224/occ/cn/periphery/20230831_053936/m--20230831_053936--f001448.jpg,20230831_053936,mauritius,original,video,False,test,154.4607581119148
data/processed/mauritius/video/not_augmented/cull2_green_bg/head/224/occ/cn/periphery/20230831_053936/m--20230831_053936--f001450.jpg,20230831_053936,mauritius,original,video,False,test,128.41832744752503
data/processed/mauritius/video/not_augmented/cull2_green_bg/head/224/occ/cn/periphery/20230831_053936/m--20230831_053936--f001452.jpg,20230831_053936,mauritius,original,video,False,test,117.17360889628647
data/processed/mauritius/video/not_augmented/cull2_green_bg/head/224/occ/cn/periphery/20230831_054710/m--20230831_054710--f000270.jpg,20230831_054710,mauritius,original,video,False,train,389.4036782454173
data/processed/mauritius/video/not_augmented/cull2_green_bg/head/224/occ/cn/periphery/20230831_054710/m--20230831_054710--f000272.jpg,20230831_054710,mauritius,original,video,False,train,356.0635161739446
data/processed/mauritius/video/not_augmented/cull2_green_bg/head/224/occ/cn/periphery/20230831_054710/m--20230831_054710--f000274.jpg,20230831_054710,mauritius,original,video,False,train,440.37005699122767
data/processed/mauritius/video/not_augmented/cull2_green_bg/head/224/occ/cn/periphery/20230831_054710/m--20230831_054710--f000276.jpg,20230831_054710,mauritius,original,video,False,train,421.22383107785527
data/processed/mauritius/video/not_augmented/cull2_green_bg/head/224/occ/cn/periphery/20230831_054710/m--20230831_054710--f000278.jpg,20230831_054710,mauritius,original,video,False,train,449.2221374384616
data/processed/mauritius/video/not_augmented/cull2_green_bg/head/224/occ/cn/periphery/20230831_054710/m--20230831_054710--f000280.jpg,20230831_054710,mauritius,original,video,False,train,442.4327902501942
data/processed/mauritius/video/not_augmented/cull2_green_bg/head/224/occ/cn/periphery/20230831_054710/m--20230831_054710--f000282.jpg,20230831_054710,mauritius,original,video,False,train,441.77578586004813
data/processed/mauritius/video/not_augmented/cull2_green_bg/head/224/occ/cn/periphery/20230831_054710/m--20230831_054710--f000284.jpg,20230831_054710,mauritius,original,video,False,train,388.3033654174423
data/processed/mauritius/video/not_augmented/cull2_green_bg/head/224/occ/cn/periphery/20230831_054710/m--20230831_054710--f000286.jpg,20230831_054710,mauritius,original,video,False,train,417.20668593330805
data/processed/mauritius/video/not_augmented/cull2_green_bg/head/224/occ/cn/periphery/20230831_054710/m--20230831_054710--f000288.jpg,20230831_054710,mauritius,original,video,False,train,425.65381489808937
data/processed/mauritius/video/not_augmented/cull2_green_bg/head/224/occ/cn/periphery/20230831_054710/m--20230831_054710--f000294.jpg,20230831_054710,mauritius,original,video,False,train,218.53314332552924
data/processed/mauritius/video/not_augmented/cull2_green_bg/head/224/occ/cn/periphery/20230831_054710/m--20230831_054710--f001072.jpg,20230831_054710,mauritius,original,video,False,train,814.4721978631234
data/processed/mauritius/video/not_augmented/cull2_green_bg/head/224/occ/cn/periphery/20230831_054710/m--20230831_054710--f001074.jpg,20230831_054710,mauritius,original,video,False,train,764.3651546556123
data/processed/mauritius/video/not_augmented/cull2_green_bg/head/224/occ/cn/periphery/20230831_054710/m--20230831_054710--f001076.jpg,20230831_054710,mauritius,original,video,False,train,532.0457987882653
data/processed/mauritius/video/not_augmented/cull2_green_bg/head/224/occ/cn/periphery/20230831_054710/m--20230831_054710--f001078.jpg,20230831_054710,mauritius,original,video,False,train,362.5864556760204
data/processed/mauritius/video/not_augmented/cull2_green_bg/head/224/occ/cn/periphery/20230831_054710/m--20230831_054710--f001082.jpg,20230831_054710,mauritius,original,video,False,train,653.7644690688776
data/processed/mauritius/video/not_augmented/cull2_green_bg/head/224/occ/cn/periphery/20230831_054710/m--20230831_054710--f001244.jpg,20230831_054710,mauritius,original,video,False,train,538.6010043864349
data/processed/mauritius/video/not_augmented/cull2_green_bg/head/224/occ/cn/periphery/20230831_054710/m--20230831_054710--f001248.jpg,20230831_054710,mauritius,original,video,False,train,646.5645711772494
data/processed/mauritius/video/not_augmented/cull2_green_bg/head/224/occ/cn/periphery/20230831_055535/m--20230831_055535--f000196.jpg,20230831_055535,mauritius,original,video,False,train,118.45830844909337
data/processed/mauritius/video/not_augmented/cull2_green_bg/head/224/occ/cn/periphery/20230831_055535/m--20230831_055535--f000198.jpg,20230831_055535,mauritius,original,video,False,train,107.30089888280752
data/processed/mauritius/video/not_augmented/cull2_green_bg/head/224/occ/cn/periphery/20230831_055535/m--20230831_055535--f000200.jpg,20230831_055535,mauritius,original,video,False,train,107.17984487969692
data/processed/mauritius/video/not_augmented/cull2_green_bg/head/224/occ/cn/periphery/20230831_055535/m--20230831_055535--f000206.jpg,20230831_055535,mauritius,original,video,False,train,122.01203699203295
data/processed/mauritius/video/not_augmented/cull2_green_bg/head/224/occ/cn/periphery/20230831_055535/m--20230831_055535--f000208.jpg,20230831_055535,mauritius,original,video,False,train,135.94088723350694
data/processed/mauritius/video/not_augmented/cull2_green_bg/head/224/occ/cn/periphery/20230831_055535/m--20230831_055535--f000210.jpg,20230831_055535,mauritius,original,video,False,train,129.300599145075
data/processed/mauritius/video/not_augmented/cull2_green_bg/head/224/occ/cn/periphery/20230831_055535/m--20230831_055535--f000232.jpg,20230831_055535,mauritius,original,video,False,train,432.9525271045918
data/processed/mauritius/video/not_augmented/cull2_green_bg/head/224/occ/cn/periphery/20230831_055535/m--20230831_055535--f000234.jpg,20230831_055535,mauritius,original,video,False,train,588.7613600127551
data/processed/mauritius/video/not_augmented/cull2_green_bg/head/224/occ/cn/periphery/20230831_055535/m--20230831_055535--f000236.jpg,20230831_055535,mauritius,original,video,False,train,535.1926817602041
data/processed/mauritius/video/not_augmented/cull2_green_bg/head/224/occ/cn/periphery/20230831_055535/m--20230831_055535--f000238.jpg,20230831_055535,mauritius,original,video,False,train,416.950852997449
data/processed/mauritius/video/not_augmented/cull2_green_bg/head/224/occ/cn/periphery/20230831_055535/m--20230831_055535--f000240.jpg,20230831_055535,mauritius,original,video,False,train,296.37113360969386
data/processed/mauritius/video/not_augmented/cull2_green_bg/head/224/occ/cn/periphery/20230831_055535/m--20230831_055535--f000242.jpg,20230831_055535,mauritius,original,video,False,train,287.72967155612247
data/processed/mauritius/video/not_augmented/cull2_green_bg/head/224/occ/cn/periphery/20230831_055535/m--20230831_055535--f000244.jpg,20230831_055535,mauritius,original,video,False,train,286.9783163265306
data/processed/mauritius/video/not_augmented/cull2_green_bg/head/224/occ/cn/periphery/20230831_055535/m--20230831_055535--f000292.jpg,20230831_055535,mauritius,original,video,False,train,512.9308832908164
data/processed/mauritius/video/not_augmented/cull2_green_bg/head/224/occ/cn/periphery/20230831_055535/m--20230831_055535--f000294.jpg,20230831_055535,mauritius,original,video,False,train,333.2878667091837
data/processed/mauritius/video/not_augmented/cull2_green_bg/head/224/occ/cn/periphery/20230831_055535/m--20230831_055535--f001474.jpg,20230831_055535,mauritius,original,video,False,train,727.164381377551
data/processed/mauritius/video/not_augmented/cull2_green_bg/head/224/occ/cn/periphery/20230831_055535/m--20230831_055535--f001476.jpg,20230831_055535,mauritius,original,video,False,train,552.8088727678571
data/processed/mauritius/video/not_augmented/cull2_green_bg/head/224/occ/cn/periphery/20230831_055535/m--20230831_055535--f001478.jpg,20230831_055535,mauritius,original,video,False,train,506.3136957908163
data/processed/mauritius/video/not_augmented/cull2_green_bg/head/224/occ/cn/periphery/20230831_055535/m--20230831_055535--f001480.jpg,20230831_055535,mauritius,original,video,False,train,539.1339285714286
data/processed/mauritius/video/not_augmented/cull2_green_bg/head/224/occ/cn/periphery/20230831_055535/m--20230831_055535--f001482.jpg,20230831_055535,mauritius,original,video,False,train,453.7032844387755
data/processed/mauritius/video/not_augmented/cull2_green_bg/head/224/occ/cn/periphery/20230831_055535/m--20230831_055535--f001484.jpg,20230831_055535,mauritius,original,video,False,train,690.4187260841836
data/processed/mauritius/video/not_augmented/cull2_green_bg/head/224/occ/cn/periphery/20230831_055535/m--20230831_055535--f001486.jpg,20230831_055535,mauritius,original,video,False,train,723.226243622449
data/processed/mauritius/video/not_augmented/cull2_green_bg/head/224/occ/cn/periphery/20230831_055535/m--20230831_055535--f001488.jpg,20230831_055535,mauritius,original,video,False,train,957.7498007015306
data/processed/mauritius/video/not_augmented/cull2_green_bg/head/224/occ/cn/periphery/20230831_055535/m--20230831_055535--f001490.jpg,20230831_055535,mauritius,original,video,False,train,957.2414700255102
data/processed/mauritius/video/not_augmented/cull2_green_bg/head/224/occ/cn/periphery/20230831_055535/m--20230831_055535--f001492.jpg,20230831_055535,mauritius,original,video,False,train,500.73979591836735
data/processed/mauritius/video/not_augmented/cull2_green_bg/head/224/occ/cn/periphery/20230831_055535/m--20230831_055535--f001494.jpg,20230831_055535,mauritius,original,video,False,train,599.8530373086735
data/processed/mauritius/video/not_augmented/cull2_green_bg/head/224/occ/cn/periphery/20230831_055535/m--20230831_055535--f001496.jpg,20230831_055535,mauritius,original,video,False,train,497.10650510204084
data/processed/mauritius/video/not_augmented/cull2_green_bg/head/224/occ/cn/periphery/20230831_055535/m--20230831_055535--f001498.jpg,20230831_055535,mauritius,original,video,False,train,514.823580994898
data/processed/mauritius/video/not_augmented/cull2_green_bg/head/224/occ/cn/periphery/20230831_055535/m--20230831_055535--f001500.jpg,20230831_055535,mauritius,original,video,False,train,587.2334980867347
data/processed/mauritius/video/not_augmented/cull2_green_bg/head/224/occ/cn/periphery/20230831_055535/m--20230831_055535--f001502.jpg,20230831_055535,mauritius,original,video,False,train,670.999362244898
data/processed/mauritius/video/not_augmented/cull2_green_bg/head/224/occ/cn/periphery/20230831_055535/m--20230831_055535--f001646.jpg,20230831_055535,mauritius,original,video,False,train,276.8542935944556
data/processed/mauritius/video/not_augmented/cull2_green_bg/head/224/occ/cn/periphery/20230831_055535/m--20230831_055535--f001648.jpg,20230831_055535,mauritius,original,video,False,train,259.00346779336735
data/processed/mauritius/video/not_augmented/cull2_green_bg/head/224/occ/cn/periphery/20230831_055535/m--20230831_055535--f001650.jpg,20230831_055535,mauritius,original,video,False,train,308.8166055484694
data/processed/mauritius/video/not_augmented/cull2_green_bg/head/224/occ/cn/periphery/20230831_055535/m--20230831_055535--f001652.jpg,20230831_055535,mauritius,original,video,False,train,280.8189174107143
data/processed/mauritius/video/not_augmented/cull2_green_bg/head/224/occ/cn/periphery/20230831_055535/m--20230831_055535--f001654.jpg,20230831_055535,mauritius,original,video,False,train,298.42303093112247
data/processed/mauritius/video/not_augmented/cull2_green_bg/head/224/occ/cn/periphery/20230831_055535/m--20230831_055535--f001656.jpg,20230831_055535,mauritius,original,video,False,train,370.80229591836735
data/processed/mauritius/video/not_augmented/cull2_green_bg/head/224/occ/cn/periphery/20230831_055535/m--20230831_055535--f001658.jpg,20230831_055535,mauritius,original,video,False,train,436.46683673469386
data/processed/mauritius/video/not_augmented/cull2_green_bg/head/224/occ/cn/periphery/20230831_055535/m--20230831_055535--f001660.jpg,20230831_055535,mauritius,original,video,False,train,388.4105149872449
data/processed/mauritius/video/not_augmented/cull2_green_bg/head/224/occ/cn/periphery/20230831_055535/m--20230831_055535--f001662.jpg,20230831_055535,mauritius,original,video,False,train,371.30970982142856
data/processed/mauritius/video/not_augmented/cull2_green_bg/head/224/occ/cn/periphery/20230831_055535/m--20230831_055535--f001664.jpg,20230831_055535,mauritius,original,video,False,train,374.886399872449
data/processed/mauritius/video/not_augmented/cull2_green_bg/head/224/occ/cn/periphery/20230831_055535/m--20230831_055535--f001666.jpg,20230831_055535,mauritius,original,video,False,train,417.9108737244898
data/processed/mauritius/video/not_augmented/cull2_green_bg/head/224/occ/cn/periphery/20230831_055535/m--20230831_055535--f001760.jpg,20230831_055535,mauritius,original,video,False,train,174.50926737525174
data/processed/mauritius/video/not_augmented/cull2_green_bg/head/224/occ/cn/periphery/20230831_055535/m--20230831_055535--f001772.jpg,20230831_055535,mauritius,original,video,False,train,270.3515625
data/processed/mauritius/video/not_augmented/cull2_green_bg/head/224/occ/cn/periphery/20230831_060427/m--20230831_060427--f000202.jpg,20230831_060427,mauritius,original,video,False,train,113.51175860969387
data/processed/mauritius/video/not_augmented/cull2_green_bg/head/224/occ/cn/periphery/20230831_060427/m--20230831_060427--f000206.jpg,20230831_060427,mauritius,original,video,False,train,129.94694674744898
data/processed/mauritius/video/not_augmented/cull2_green_bg/head/224/occ/cn/periphery/20230831_060427/m--20230831_060427--f000210.jpg,20230831_060427,mauritius,original,video,False,train,192.76088169642858
data/processed/mauritius/video/not_augmented/cull2_green_bg/head/224/occ/cn/periphery/20230831_060427/m--20230831_060427--f000212.jpg,20230831_060427,mauritius,original,video,False,train,186.57473692602042
data/processed/mauritius/video/not_augmented/cull2_green_bg/head/224/occ/cn/periphery/20230831_060427/m--20230831_060427--f000214.jpg,20230831_060427,mauritius,original,video,False,train,177.6474609180373
data/processed/mauritius/video/not_augmented/cull2_green_bg/head/224/occ/cn/periphery/20230831_060427/m--20230831_060427--f000216.jpg,20230831_060427,mauritius,original,video,False,train,193.23425541932957
data/processed/mauritius/video/not_augmented/cull2_green_bg/head/224/occ/cn/periphery/20230831_060427/m--20230831_060427--f000218.jpg,20230831_060427,mauritius,original,video,False,train,228.3146524234694
data/processed/mauritius/video/not_augmented/cull2_green_bg/head/224/occ/cn/periphery/20230831_060427/m--20230831_060427--f000220.jpg,20230831_060427,mauritius,original,video,False,train,257.77387595663265
data/processed/mauritius/video/not_augmented/cull2_green_bg/head/224/occ/cn/periphery/20230831_060427/m--20230831_060427--f000222.jpg,20230831_060427,mauritius,original,video,False,train,309.81616709183675
data/processed/mauritius/video/not_augmented/cull2_green_bg/head/224/occ/cn/periphery/20230831_060427/m--20230831_060427--f000224.jpg,20230831_060427,mauritius,original,video,False,train,387.94256218112247
data/processed/mauritius/video/not_augmented/cull2_green_bg/head/224/occ/cn/periphery/20230831_060427/m--20230831_060427--f000226.jpg,20230831_060427,mauritius,original,video,False,train,383.2173947704082
data/processed/mauritius/video/not_augmented/cull2_green_bg/head/224/occ/cn/periphery/20230831_060427/m--20230831_060427--f000228.jpg,20230831_060427,mauritius,original,video,False,train,322.7292729591837
data/processed/mauritius/video/not_augmented/cull2_green_bg/head/224/occ/cn/periphery/20230831_060427/m--20230831_060427--f000230.jpg,20230831_060427,mauritius,original,video,False,train,371.2233338647959
data/processed/mauritius/video/not_augmented/cull2_green_bg/head/224/occ/cn/periphery/20230831_060427/m--20230831_060427--f000232.jpg,20230831_060427,mauritius,original,video,False,train,444.2751913265306
data/processed/mauritius/video/not_augmented/cull2_green_bg/head/224/occ/cn/periphery/20230831_060427/m--20230831_060427--f000234.jpg,20230831_060427,mauritius,original,video,False,train,478.28344228316325
data/processed/mauritius/video/not_augmented/cull2_green_bg/head/224/occ/cn/periphery/20230831_060427/m--20230831_060427--f000236.jpg,20230831_060427,mauritius,original,video,False,train,526.8924984056123
data/processed/mauritius/video/not_augmented/cull2_green_bg/head/224/occ/cn/periphery/20230831_060427/m--20230831_060427--f000238.jpg,20230831_060427,mauritius,original,video,False,train,532.3264508928571
data/processed/mauritius/video/not_augmented/cull2_green_bg/head/224/occ/cn/periphery/20230831_060427/m--20230831_060427--f000240.jpg,20230831_060427,mauritius,original,video,False,train,412.9545599489796
data/processed/mauritius/video/not_augmented/cull2_green_bg/head/224/occ/cn/periphery/20230831_060427/m--20230831_060427--f000242.jpg,20230831_060427,mauritius,original,video,False,train,397.2796954719388
data/processed/mauritius/video/not_augmented/cull2_green_bg/head/224/occ/cn/periphery/20230831_060427/m--20230831_060427--f000244.jpg,20230831_060427,mauritius,original,video,False,train,349.52566964285717
data/processed/mauritius/video/not_augmented/cull2_green_bg/head/224/occ/cn/periphery/20230831_060427/m--20230831_060427--f000246.jpg,20230831_060427,mauritius,original,video,False,train,274.16968271683675
data/processed/mauritius/video/not_augmented/cull2_green_bg/head/224/occ/cn/periphery/20230831_060427/m--20230831_060427--f000248.jpg,20230831_060427,mauritius,original,video,False,train,233.05835459183675
data/processed/mauritius/video/not_augmented/cull2_green_bg/head/224/occ/cn/periphery/20230831_060427/m--20230831_060427--f000250.jpg,20230831_060427,mauritius,original,video,False,train,177.08689413265307
data/processed/mauritius/video/not_augmented/cull2_green_bg/head/224/occ/cn/periphery/20230831_060427/m--20230831_060427--f000252.jpg,20230831_060427,mauritius,original,video,False,train,143.85271843112244
data/processed/mauritius/video/not_augmented/cull2_green_bg/head/224/occ/cn/periphery/20230831_060427/m--20230831_060427--f000254.jpg,20230831_060427,mauritius,original,video,False,train,120.81664540816327
data/processed/mauritius/video/not_augmented/cull2_green_bg/head/224/occ/cn/periphery/20230831_060427/m--20230831_060427--f001500.jpg,20230831_060427,mauritius,original,video,False,train,147.7181520902927
data/processed/mauritius/video/not_augmented/cull2_green_bg/head/224/occ/cn/periphery/20230831_060427/m--20230831_060427--f001502.jpg,20230831_060427,mauritius,original,video,False,train,146.20118991378345
data/processed/mauritius/video/not_augmented/cull2_green_bg/head/224/occ/cn/periphery/20230831_060427/m--20230831_060427--f001504.jpg,20230831_060427,mauritius,original,video,False,train,138.2941236070969
data/processed/mauritius/video/not_augmented/cull2_green_bg/head/224/occ/cn/periphery/20230831_060427/m--20230831_060427--f001506.jpg,20230831_060427,mauritius,original,video,False,train,154.83681316764986
data/processed/mauritius/video/not_augmented/cull2_green_bg/head/224/occ/cn/periphery/20230831_133234/m--20230831_133234--f000214.jpg,20230831_133234,mauritius,original,video,False,train,433.87388392857144
data/processed/mauritius/video/not_augmented/cull2_green_bg/head/224/occ/cn/periphery/20230831_133234/m--20230831_133234--f000216.jpg,20230831_133234,mauritius,original,video,False,train,452.8057637117347
data/processed/mauritius/video/not_augmented/cull2_green_bg/head/224/occ/cn/periphery/20230831_133234/m--20230831_133234--f000218.jpg,20230831_133234,mauritius,original,video,False,train,443.8130580357143
data/processed/mauritius/video/not_augmented/cull2_green_bg/head/224/occ/cn/periphery/20230831_133234/m--20230831_133234--f000242.jpg,20230831_133234,mauritius,original,video,False,train,367.63412786989795
data/processed/mauritius/video/not_augmented/cull2_green_bg/head/224/occ/cn/periphery/20230831_133234/m--20230831_133234--f000244.jpg,20230831_133234,mauritius,original,video,False,train,372.043287627551
data/processed/mauritius/video/not_augmented/cull2_green_bg/head/224/occ/cn/periphery/20230831_133234/m--20230831_133234--f000246.jpg,20230831_133234,mauritius,original,video,False,train,327.7484056122449
data/processed/mauritius/video/not_augmented/cull2_green_bg/head/224/occ/cn/periphery/20230831_133234/m--20230831_133234--f000248.jpg,20230831_133234,mauritius,original,video,False,train,296.15931919642856
data/processed/mauritius/video/not_augmented/cull2_green_bg/head/224/occ/cn/periphery/20230831_133234/m--20230831_133234--f000250.jpg,20230831_133234,mauritius,original,video,False,train,304.5502630739796
data/processed/mauritius/video/not_augmented/cull2_green_bg/head/224/occ/cn/periphery/20230831_133234/m--20230831_133234--f000252.jpg,20230831_133234,mauritius,original,video,False,train,324.31987404336735
data/processed/mauritius/video/not_augmented/cull2_green_bg/head/224/occ/cn/periphery/20230831_133234/m--20230831_133234--f000254.jpg,20230831_133234,mauritius,original,video,False,train,379.40015146683675
data/processed/mauritius/video/not_augmented/cull2_green_bg/head/224/occ/cn/periphery/20230831_133234/m--20230831_133234--f000262.jpg,20230831_133234,mauritius,original,video,False,train,525.4301259566327
data/processed/mauritius/video/not_augmented/cull2_green_bg/head/224/occ/cn/periphery/20230831_133920/m--20230831_133920--f000140.jpg,20230831_133920,mauritius,original,video,False,train,69.04743303571429
data/processed/mauritius/video/not_augmented/cull2_green_bg/head/224/occ/cn/periphery/20230831_133920/m--20230831_133920--f000142.jpg,20230831_133920,mauritius,original,video,False,train,77.23222257653062
data/processed/mauritius/video/not_augmented/cull2_green_bg/head/224/occ/cn/periphery/20230831_133920/m--20230831_133920--f000144.jpg,20230831_133920,mauritius,original,video,False,train,101.96402651148505
data/processed/mauritius/video/not_augmented/cull2_green_bg/head/224/occ/cn/periphery/20230831_133920/m--20230831_133920--f000146.jpg,20230831_133920,mauritius,original,video,False,train,90.36375956632654
data/processed/mauritius/video/not_augmented/cull2_green_bg/head/224/occ/cn/periphery/20230831_133920/m--20230831_133920--f000148.jpg,20230831_133920,mauritius,original,video,False,train,102.822265625
data/processed/mauritius/video/not_augmented/cull2_green_bg/head/224/occ/cn/periphery/20230831_133920/m--20230831_133920--f000194.jpg,20230831_133920,mauritius,original,video,False,train,440.50860969387753
data/processed/mauritius/video/not_augmented/cull2_green_bg/head/224/occ/cn/periphery/20230831_133920/m--20230831_133920--f000196.jpg,20230831_133920,mauritius,original,video,False,train,469.1681281887755
data/processed/mauritius/video/not_augmented/cull2_green_bg/head/224/occ/cn/periphery/20230831_133920/m--20230831_133920--f000198.jpg,20230831_133920,mauritius,original,video,False,train,481.84757653061223
data/processed/mauritius/video/not_augmented/cull2_green_bg/head/224/occ/cn/periphery/20230831_133920/m--20230831_133920--f000200.jpg,20230831_133920,mauritius,original,video,False,train,536.5642936862245
data/processed/mauritius/video/not_augmented/cull2_green_bg/head/224/occ/cn/periphery/20230831_133920/m--20230831_133920--f000202.jpg,20230831_133920,mauritius,original,video,False,train,527.8221061862245
data/processed/mauritius/video/not_augmented/cull2_green_bg/head/224/occ/cn/periphery/20230831_133920/m--20230831_133920--f000204.jpg,20230831_133920,mauritius,original,video,False,train,477.8935347576531
data/processed/mauritius/video/not_augmented/cull2_green_bg/head/224/occ/cn/periphery/20230831_133920/m--20230831_133920--f000206.jpg,20230831_133920,mauritius,original,video,False,train,523.9169323979592
data/processed/mauritius/video/not_augmented/cull2_green_bg/head/224/occ/cn/periphery/20230831_133920/m--20230831_133920--f000208.jpg,20230831_133920,mauritius,original,video,False,train,506.1736686862245
data/processed/mauritius/video/not_augmented/cull2_green_bg/head/224/occ/cn/periphery/20230831_133920/m--20230831_133920--f001046.jpg,20230831_133920,mauritius,original,video,False,train,206.56644610969389
data/processed/mauritius/video/not_augmented/cull2_green_bg/head/224/occ/cn/periphery/20230831_133920/m--20230831_133920--f001048.jpg,20230831_133920,mauritius,original,video,False,train,182.76992984693877
data/processed/mauritius/video/not_augmented/cull2_green_bg/head/224/occ/cn/periphery/20230831_133920/m--20230831_133920--f001368.jpg,20230831_133920,mauritius,original,video,False,train,93.30843431122449
data/processed/mauritius/video/not_augmented/cull2_green_bg/head/224/occ/cn/periphery/20230831_133920/m--20230831_133920--f001370.jpg,20230831_133920,mauritius,original,video,False,train,87.98142538265306
data/processed/mauritius/video/not_augmented/cull2_green_bg/head/224/occ/cn/periphery/20230831_133920/m--20230831_133920--f001372.jpg,20230831_133920,mauritius,original,video,False,train,81.03698979591837
data/processed/mauritius/video/not_augmented/cull2_green_bg/head/224/occ/cn/periphery/20230831_134612/m--20230831_134612--f000136.jpg,20230831_134612,mauritius,original,video,False,train,73.05570180552148
data/processed/mauritius/video/not_augmented/cull2_green_bg/head/224/occ/cn/periphery/20230831_134612/m--20230831_134612--f000138.jpg,20230831_134612,mauritius,original,video,False,train,74.67864598596358
data/processed/mauritius/video/not_augmented/cull2_green_bg/head/224/occ/cn/periphery/20230831_134612/m--20230831_134612--f000140.jpg,20230831_134612,mauritius,original,video,False,train,73.1537756230721
data/processed/mauritius/video/not_augmented/cull2_green_bg/head/224/occ/cn/periphery/20230831_134612/m--20230831_134612--f000142.jpg,20230831_134612,mauritius,original,video,False,train,68.4812562708952
data/processed/mauritius/video/not_augmented/cull2_green_bg/head/224/occ/cn/periphery/20230831_134612/m--20230831_134612--f000144.jpg,20230831_134612,mauritius,original,video,False,train,90.41154782963713
data/processed/mauritius/video/not_augmented/cull2_green_bg/head/224/occ/cn/periphery/20230831_134612/m--20230831_134612--f000146.jpg,20230831_134612,mauritius,original,video,False,train,136.96508036609094
data/processed/mauritius/video/not_augmented/cull2_green_bg/head/224/occ/cn/periphery/20230831_134612/m--20230831_134612--f000148.jpg,20230831_134612,mauritius,original,video,False,train,139.7888387241546
data/processed/mauritius/video/not_augmented/cull2_green_bg/head/224/occ/cn/periphery/20230831_134612/m--20230831_134612--f000150.jpg,20230831_134612,mauritius,original,video,False,train,128.8128744532098
data/processed/mauritius/video/not_augmented/cull2_green_bg/head/224/occ/cn/periphery/20230831_134612/m--20230831_134612--f000152.jpg,20230831_134612,mauritius,original,video,False,train,135.67834599402386
data/processed/mauritius/video/not_augmented/cull2_green_bg/head/224/occ/cn/periphery/20230831_134612/m--20230831_134612--f000154.jpg,20230831_134612,mauritius,original,video,False,train,147.49085124658077
data/processed/mauritius/video/not_augmented/cull2_green_bg/head/224/occ/cn/periphery/20230831_134612/m--20230831_134612--f000156.jpg,20230831_134612,mauritius,original,video,False,train,245.20234595294397
data/processed/mauritius/video/not_augmented/cull2_green_bg/head/224/occ/cn/periphery/20230831_134612/m--20230831_134612--f000158.jpg,20230831_134612,mauritius,original,video,False,train,256.40272063406644
data/processed/mauritius/video/not_augmented/cull2_green_bg/head/224/occ/cn/periphery/20230831_134612/m--20230831_134612--f000160.jpg,20230831_134612,mauritius,original,video,False,train,305.44295970403573
data/processed/mauritius/video/not_augmented/cull2_green_bg/head/224/occ/cn/periphery/20230831_134612/m--20230831_134612--f000162.jpg,20230831_134612,mauritius,original,video,False,train,398.8705117326138
data/processed/mauritius/video/not_augmented/cull2_green_bg/head/224/occ/cn/periphery/20230831_134612/m--20230831_134612--f000164.jpg,20230831_134612,mauritius,original,video,False,train,547.7264005191522
data/processed/mauritius/video/not_augmented/cull2_green_bg/head/224/occ/cn/periphery/20230831_134612/m--20230831_134612--f000166.jpg,20230831_134612,mauritius,original,video,False,train,567.0150266978604
data/processed/mauritius/video/not_augmented/cull2_green_bg/head/224/occ/cn/periphery/20230831_134612/m--20230831_134612--f000168.jpg,20230831_134612,mauritius,original,video,False,train,688.0685782216085
data/processed/mauritius/video/not_augmented/cull2_green_bg/head/224/occ/cn/periphery/20230831_134612/m--20230831_134612--f000170.jpg,20230831_134612,mauritius,original,video,False,train,960.4717782627091
data/processed/mauritius/video/not_augmented/cull2_green_bg/head/224/occ/cn/periphery/20230831_134612/m--20230831_134612--f000172.jpg,20230831_134612,mauritius,original,video,False,train,1098.3093507267051
data/processed/mauritius/video/not_augmented/cull2_green_bg/head/224/occ/cn/periphery/20230831_134612/m--20230831_134612--f000174.jpg,20230831_134612,mauritius,original,video,False,train,1310.7951980902224
data/processed/mauritius/video/not_augmented/cull2_green_bg/head/224/occ/cn/periphery/20230831_134612/m--20230831_134612--f000176.jpg,20230831_134612,mauritius,original,video,False,train,1290.9037758963448
data/processed/mauritius/video/not_augmented/cull2_green_bg/head/224/occ/cn/periphery/20230831_134612/m--20230831_134612--f000178.jpg,20230831_134612,mauritius,original,video,False,train,1219.1028147911538
data/processed/mauritius/video/not_augmented/cull2_green_bg/head/224/occ/cn/periphery/20230831_134612/m--20230831_134612--f000180.jpg,20230831_134612,mauritius,original,video,False,train,1059.9427793150094
data/processed/mauritius/video/not_augmented/cull2_green_bg/head/224/occ/cn/periphery/20230831_134612/m--20230831_134612--f000182.jpg,20230831_134612,mauritius,original,video,False,train,1041.535762187492
data/processed/mauritius/video/not_augmented/cull2_green_bg/head/224/occ/cn/periphery/20230831_134612/m--20230831_134612--f000184.jpg,20230831_134612,mauritius,original,video,False,train,1228.700648892874
data/processed/mauritius/video/not_augmented/cull2_green_bg/head/224/occ/cn/periphery/20230831_134612/m--20230831_134612--f000186.jpg,20230831_134612,mauritius,original,video,False,train,1276.9583640708274
data/processed/mauritius/video/not_augmented/cull2_green_bg/head/224/occ/cn/periphery/20230831_134612/m--20230831_134612--f000188.jpg,20230831_134612,mauritius,original,video,False,train,1329.3894658515671
data/processed/mauritius/video/not_augmented/cull2_green_bg/head/224/occ/cn/periphery/20230831_134612/m--20230831_134612--f000190.jpg,20230831_134612,mauritius,original,video,False,train,1455.7535233690264
data/processed/mauritius/video/not_augmented/cull2_green_bg/head/224/occ/cn/periphery/20230831_134612/m--20230831_134612--f000192.jpg,20230831_134612,mauritius,original,video,False,train,1511.5441763483452
data/processed/mauritius/video/not_augmented/cull2_green_bg/head/224/occ/cn/periphery/20230831_134612/m--20230831_134612--f000194.jpg,20230831_134612,mauritius,original,video,False,train,783.6749441964286
data/processed/mauritius/video/not_augmented/cull2_green_bg/head/224/occ/cn/periphery/20230831_134612/m--20230831_134612--f000224.jpg,20230831_134612,mauritius,original,video,False,train,329.76886794031884
data/processed/mauritius/video/not_augmented/cull2_green_bg/head/224/occ/cn/periphery/20230831_134612/m--20230831_134612--f000986.jpg,20230831_134612,mauritius,original,video,False,train,395.3663100131797
data/processed/mauritius/video/not_augmented/cull2_green_bg/head/224/occ/cn/periphery/20230831_134612/m--20230831_134612--f000988.jpg,20230831_134612,mauritius,original,video,False,train,918.4533013622246
data/processed/mauritius/video/not_augmented/cull2_green_bg/head/224/occ/cn/periphery/20230831_134612/m--20230831_134612--f000990.jpg,20230831_134612,mauritius,original,video,False,train,1326.139228283788
data/processed/mauritius/video/not_augmented/cull2_green_bg/head/224/occ/cn/periphery/20230831_134612/m--20230831_134612--f000992.jpg,20230831_134612,mauritius,original,video,False,train,1322.4162149091703
data/processed/mauritius/video/not_augmented/cull2_green_bg/head/224/occ/cn/periphery/20230831_134612/m--20230831_134612--f001006.jpg,20230831_134612,mauritius,original,video,False,train,1151.561779385654
data/processed/mauritius/video/not_augmented/cull2_green_bg/head/224/occ/cn/periphery/20230831_134612/m--20230831_134612--f001008.jpg,20230831_134612,mauritius,original,video,False,train,1245.5605597787974
data/processed/mauritius/video/not_augmented/cull2_green_bg/head/224/occ/cn/periphery/20230831_135124/m--20230831_135124--f000140.jpg,20230831_135124,mauritius,original,video,False,train,100.20420090033083
data/processed/mauritius/video/not_augmented/cull2_green_bg/head/224/occ/cn/periphery/20230831_135124/m--20230831_135124--f000142.jpg,20230831_135124,mauritius,original,video,False,train,111.9885393843359
data/processed/mauritius/video/not_augmented/cull2_green_bg/head/224/occ/cn/periphery/20230831_135124/m--20230831_135124--f000146.jpg,20230831_135124,mauritius,original,video,False,train,163.48614795205
data/processed/mauritius/video/not_augmented/cull2_green_bg/head/224/occ/cn/periphery/20230831_135124/m--20230831_135124--f000148.jpg,20230831_135124,mauritius,original,video,False,train,168.45852469802153
data/processed/mauritius/video/not_augmented/cull2_green_bg/head/224/occ/cn/periphery/20230831_135124/m--20230831_135124--f000152.jpg,20230831_135124,mauritius,original,video,False,train,233.03352084431936
data/processed/mauritius/video/not_augmented/cull2_green_bg/head/224/occ/cn/periphery/20230831_135124/m--20230831_135124--f000154.jpg,20230831_135124,mauritius,original,video,False,train,344.81076432029084
data/processed/mauritius/video/not_augmented/cull2_green_bg/head/224/occ/cn/periphery/20230831_135124/m--20230831_135124--f000156.jpg,20230831_135124,mauritius,original,video,False,train,396.64283392380696
data/processed/mauritius/video/not_augmented/cull2_green_bg/head/224/occ/cn/periphery/20230831_135124/m--20230831_135124--f000158.jpg,20230831_135124,mauritius,original,video,False,train,383.7259815280411
data/processed/mauritius/video/not_augmented/cull2_green_bg/head/224/occ/cn/periphery/20230831_135124/m--20230831_135124--f000160.jpg,20230831_135124,mauritius,original,video,False,train,432.97283350194994
data/processed/mauritius/video/not_augmented/cull2_green_bg/head/224/occ/cn/periphery/20230831_135124/m--20230831_135124--f000162.jpg,20230831_135124,mauritius,original,video,False,train,579.2716215289369
data/processed/mauritius/video/not_augmented/cull2_green_bg/head/224/occ/cn/periphery/20230831_135124/m--20230831_135124--f000164.jpg,20230831_135124,mauritius,original,video,False,train,719.2414112893405
data/processed/mauritius/video/not_augmented/cull2_green_bg/head/224/occ/cn/periphery/20230831_135124/m--20230831_135124--f000166.jpg,20230831_135124,mauritius,original,video,False,train,752.8731399144496
data/processed/mauritius/video/not_augmented/cull2_green_bg/head/224/occ/cn/periphery/20230831_135124/m--20230831_135124--f000168.jpg,20230831_135124,mauritius,original,video,False,train,841.6335034348576
data/processed/mauritius/video/not_augmented/cull2_green_bg/head/224/occ/cn/periphery/20230831_135124/m--20230831_135124--f000170.jpg,20230831_135124,mauritius,original,video,False,train,1012.3731641598614
data/processed/mauritius/video/not_augmented/cull2_green_bg/head/224/occ/cn/periphery/20230831_135124/m--20230831_135124--f000172.jpg,20230831_135124,mauritius,original,video,False,train,745.8852607249617
data/processed/mauritius/video/not_augmented/cull2_green_bg/head/224/occ/cn/periphery/20230831_135124/m--20230831_135124--f000174.jpg,20230831_135124,mauritius,original,video,False,train,1133.2855114775962
data/processed/mauritius/video/not_augmented/cull2_green_bg/head/224/occ/cn/periphery/20230831_135124/m--20230831_135124--f000176.jpg,20230831_135124,mauritius,original,video,False,train,1213.6008232764927
data/processed/mauritius/video/not_augmented/cull2_green_bg/head/224/occ/cn/periphery/20230831_135124/m--20230831_135124--f000178.jpg,20230831_135124,mauritius,original,video,False,train,1267.9389348202872
data/processed/mauritius/video/not_augmented/cull2_green_bg/head/224/occ/cn/periphery/20230831_135124/m--20230831_135124--f000180.jpg,20230831_135124,mauritius,original,video,False,train,1347.0030443726953
data/processed/mauritius/video/not_augmented/cull2_green_bg/head/224/occ/cn/periphery/20230831_135124/m--20230831_135124--f000182.jpg,20230831_135124,mauritius,original,video,False,train,1314.8758684465756
data/processed/mauritius/video/not_augmented/cull2_green_bg/head/224/occ/cn/periphery/20230831_135124/m--20230831_135124--f000184.jpg,20230831_135124,mauritius,original,video,False,train,1329.5662216284236
data/processed/mauritius/video/not_augmented/cull2_green_bg/head/224/occ/cn/periphery/20230831_135124/m--20230831_135124--f000186.jpg,20230831_135124,mauritius,original,video,False,train,1348.379002753023
data/processed/mauritius/video/not_augmented/cull2_green_bg/head/224/occ/cn/periphery/20230831_135124/m--20230831_135124--f000188.jpg,20230831_135124,mauritius,original,video,False,train,1308.456649976887
data/processed/mauritius/video/not_augmented/cull2_green_bg/head/224/occ/cn/periphery/20230831_135124/m--20230831_135124--f000190.jpg,20230831_135124,mauritius,original,video,False,train,1266.5402949332001
data/processed/mauritius/video/not_augmented/cull2_green_bg/head/224/occ/cn/periphery/20230831_135124/m--20230831_135124--f000192.jpg,20230831_135124,mauritius,original,video,False,train,1231.8731246481136
data/processed/mauritius/video/not_augmented/cull2_green_bg/head/224/occ/cn/periphery/20230831_135124/m--20230831_135124--f000194.jpg,20230831_135124,mauritius,original,video,False,train,1198.6591569550185
data/processed/mauritius/video/not_augmented/cull2_green_bg/head/224/occ/cn/periphery/20230831_135124/m--20230831_135124--f000196.jpg,20230831_135124,mauritius,original,video,False,train,1145.7807517216534
data/processed/mauritius/video/not_augmented/cull2_green_bg/head/224/occ/cn/periphery/20230831_135124/m--20230831_135124--f000198.jpg,20230831_135124,mauritius,original,video,False,train,1083.858717311476
data/processed/mauritius/video/not_augmented/cull2_green_bg/head/224/occ/cn/periphery/20230831_135124/m--20230831_135124--f000200.jpg,20230831_135124,mauritius,original,video,False,train,1043.1619897561984
data/processed/mauritius/video/not_augmented/cull2_green_bg/head/224/occ/cn/periphery/20230831_135124/m--20230831_135124--f000202.jpg,20230831_135124,mauritius,original,video,False,train,879.9490734256838
data/processed/mauritius/video/not_augmented/cull2_green_bg/head/224/occ/cn/periphery/20230831_135124/m--20230831_135124--f000204.jpg,20230831_135124,mauritius,original,video,False,train,793.3926977040817
data/processed/mauritius/video/not_augmented/cull2_green_bg/head/224/occ/cn/periphery/20230831_135124/m--20230831_135124--f000206.jpg,20230831_135124,mauritius,original,video,False,train,682.3735251659058
data/processed/mauritius/video/not_augmented/cull2_green_bg/head/224/occ/cn/periphery/20230831_135124/m--20230831_135124--f000208.jpg,20230831_135124,mauritius,original,video,False,train,522.1419005102041
data/processed/mauritius/video/not_augmented/cull2_green_bg/head/224/occ/cn/periphery/20230831_135124/m--20230831_135124--f000210.jpg,20230831_135124,mauritius,original,video,False,train,248.0546875
data/processed/mauritius/video/not_augmented/cull2_green_bg/head/224/occ/cn/periphery/20230831_135124/m--20230831_135124--f000212.jpg,20230831_135124,mauritius,original,video,False,train,164.2542649872449
data/processed/mauritius/video/not_augmented/cull2_green_bg/head/224/occ/cn/periphery/20230831_135124/m--20230831_135124--f000214.jpg,20230831_135124,mauritius,original,video,False,train,123.88125797193878
data/processed/mauritius/video/not_augmented/cull2_green_bg/head/224/occ/cn/periphery/20230831_135124/m--20230831_135124--f001038.jpg,20230831_135124,mauritius,original,video,False,train,1143.6092554209183
data/processed/mauritius/video/not_augmented/cull2_green_bg/head/224/occ/cn/periphery/20230831_135124/m--20230831_135124--f001040.jpg,20230831_135124,mauritius,original,video,False,train,1168.868861607143
data/processed/mauritius/video/not_augmented/cull2_green_bg/head/224/occ/cn/periphery/20230831_135124/m--20230831_135124--f001042.jpg,20230831_135124,mauritius,original,video,False,train,1086.3600924744899
data/processed/mauritius/video/not_augmented/cull2_green_bg/head/224/occ/cn/periphery/20230831_135124/m--20230831_135124--f001044.jpg,20230831_135124,mauritius,original,video,False,train,751.1671316964286
data/processed/mauritius/video/not_augmented/cull2_green_bg/head/224/occ/cn/periphery/20230831_135124/m--20230831_135124--f001046.jpg,20230831_135124,mauritius,original,video,False,train,681.1343271683673
data/processed/mauritius/video/not_augmented/cull2_green_bg/head/224/occ/cn/periphery/20230831_135124/m--20230831_135124--f001048.jpg,20230831_135124,mauritius,original,video,False,train,699.7204241071429
data/processed/mauritius/video/not_augmented/cull2_green_bg/head/224/occ/cn/periphery/20230831_135124/m--20230831_135124--f001052.jpg,20230831_135124,mauritius,original,video,False,train,729.468431122449
data/processed/mauritius/video/not_augmented/cull2_green_bg/head/224/occ/cn/periphery/20230831_135124/m--20230831_135124--f001054.jpg,20230831_135124,mauritius,original,video,False,train,792.2541055484694
data/processed/mauritius/video/not_augmented/cull2_green_bg/head/224/occ/cn/periphery/20230831_135124/m--20230831_135124--f001062.jpg,20230831_135124,mauritius,original,video,False,train,1121.8356983418366
data/processed/mauritius/video/not_augmented/cull2_green_bg/head/224/occ/cn/periphery/20230831_135124/m--20230831_135124--f001064.jpg,20230831_135124,mauritius,original,video,False,train,1142.6577248086735
data/processed/mauritius/video/not_augmented/cull2_green_bg/head/224/occ/cn/periphery/20230831_135124/m--20230831_135124--f001066.jpg,20230831_135124,mauritius,original,video,False,train,1139.1244021045918
data/processed/mauritius/video/not_augmented/cull2_green_bg/head/224/occ/cn/periphery/20230831_135124/m--20230831_135124--f001068.jpg,20230831_135124,mauritius,original,video,False,train,1128.9081234056123
data/processed/mauritius/video/not_augmented/cull2_green_bg/head/224/occ/cn/periphery/20230831_135124/m--20230831_135124--f001070.jpg,20230831_135124,mauritius,original,video,False,train,1032.465122767857
data/processed/mauritius/video/not_augmented/cull2_green_bg/head/224/occ/cn/periphery/20230831_135124/m--20230831_135124--f001072.jpg,20230831_135124,mauritius,original,video,False,train,1123.499043367347
data/processed/mauritius/video/not_augmented/cull2_green_bg/head/224/occ/cn/periphery/20230831_135124/m--20230831_135124--f001074.jpg,20230831_135124,mauritius,original,video,False,train,1202.7358099489795
data/processed/mauritius/video/not_augmented/cull2_green_bg/head/224/occ/cn/periphery/20230831_135124/m--20230831_135124--f001076.jpg,20230831_135124,mauritius,original,video,False,train,1238.2583306760205
data/processed/mauritius/video/not_augmented/cull2_green_bg/head/224/occ/cn/periphery/20230831_135124/m--20230831_135124--f001078.jpg,20230831_135124,mauritius,original,video,False,train,1283.670559630102
data/processed/mauritius/video/not_augmented/cull2_green_bg/head/224/occ/cn/periphery/20230831_135124/m--20230831_135124--f001080.jpg,20230831_135124,mauritius,original,video,False,train,1293.527024872449
data/processed/mauritius/video/not_augmented/cull2_green_bg/head/224/occ/cn/periphery/20230831_135124/m--20230831_135124--f001084.jpg,20230831_135124,mauritius,original,video,False,train,1317.4822225765306
data/processed/mauritius/video/not_augmented/cull2_green_bg/head/224/occ/cn/periphery/20230831_135124/m--20230831_135124--f001088.jpg,20230831_135124,mauritius,original,video,False,train,1290.7023676658164
data/processed/mauritius/video/not_augmented/cull2_green_bg/head/224/occ/cn/periphery/20230831_135909/m--20230831_135909--f000178.jpg,20230831_135909,mauritius,original,video,False,train,110.47277582908163
data/processed/mauritius/video/not_augmented/cull2_green_bg/head/224/occ/cn/periphery/20230831_135909/m--20230831_135909--f000180.jpg,20230831_135909,mauritius,original,video,False,train,338.5963807397959
data/processed/mauritius/video/not_augmented/cull2_green_bg/head/224/occ/cn/periphery/20230831_135909/m--20230831_135909--f000182.jpg,20230831_135909,mauritius,original,video,False,train,373.2216996173469
data/processed/mauritius/video/not_augmented/cull2_green_bg/head/224/occ/cn/periphery/20230831_135909/m--20230831_135909--f000184.jpg,20230831_135909,mauritius,original,video,False,train,456.46065848214283
data/processed/mauritius/video/not_augmented/cull2_green_bg/head/224/occ/cn/periphery/20230831_135909/m--20230831_135909--f000186.jpg,20230831_135909,mauritius,original,video,False,train,458.6373166454082
data/processed/mauritius/video/not_augmented/cull2_green_bg/head/224/occ/cn/periphery/20230831_135909/m--20230831_135909--f000188.jpg,20230831_135909,mauritius,original,video,False,train,490.9897560586735
data/processed/mauritius/video/not_augmented/cull2_green_bg/head/224/occ/cn/periphery/20230831_135909/m--20230831_135909--f000190.jpg,20230831_135909,mauritius,original,video,False,train,506.2298708545918
data/processed/mauritius/video/not_augmented/cull2_green_bg/head/224/occ/cn/periphery/20230831_135909/m--20230831_135909--f000192.jpg,20230831_135909,mauritius,original,video,False,train,508.1988201530612
data/processed/mauritius/video/not_augmented/cull2_green_bg/head/224/occ/cn/periphery/20230831_135909/m--20230831_135909--f000194.jpg,20230831_135909,mauritius,original,video,False,train,482.92514349489795
data/processed/mauritius/video/not_augmented/cull2_green_bg/head/224/occ/cn/periphery/20230831_135909/m--20230831_135909--f000196.jpg,20230831_135909,mauritius,original,video,False,train,476.8584980867347
data/processed/mauritius/video/not_augmented/cull2_green_bg/head/224/occ/cn/periphery/20230831_135909/m--20230831_135909--f000198.jpg,20230831_135909,mauritius,original,video,False,train,496.20320471938777
data/processed/mauritius/video/not_augmented/cull2_green_bg/head/224/occ/cn/periphery/20230831_135909/m--20230831_135909--f000200.jpg,20230831_135909,mauritius,original,video,False,train,501.5949457908163
data/processed/mauritius/video/not_augmented/cull2_green_bg/head/224/occ/cn/periphery/20230831_135909/m--20230831_135909--f000202.jpg,20230831_135909,mauritius,original,video,False,train,484.4058514030612
data/processed/mauritius/video/not_augmented/cull2_green_bg/head/224/occ/cn/periphery/20230831_135909/m--20230831_135909--f000204.jpg,20230831_135909,mauritius,original,video,False,train,451.134446747449
data/processed/mauritius/video/not_augmented/cull2_green_bg/head/224/occ/cn/periphery/20230831_135909/m--20230831_135909--f000206.jpg,20230831_135909,mauritius,original,video,False,train,442.34594228316325
data/processed/mauritius/video/not_augmented/cull2_green_bg/head/224/occ/cn/periphery/20230831_135909/m--20230831_135909--f000208.jpg,20230831_135909,mauritius,original,video,False,train,463.30444834183675
data/processed/mauritius/video/not_augmented/cull2_green_bg/head/224/occ/cn/periphery/20230831_135909/m--20230831_135909--f000210.jpg,20230831_135909,mauritius,original,video,False,train,455.320631377551
data/processed/mauritius/video/not_augmented/cull2_green_bg/head/224/occ/cn/periphery/20230831_135909/m--20230831_135909--f000212.jpg,20230831_135909,mauritius,original,video,False,train,456.0950255102041
data/processed/mauritius/video/not_augmented/cull2_green_bg/head/224/occ/cn/periphery/20230831_135909/m--20230831_135909--f000214.jpg,20230831_135909,mauritius,original,video,False,train,442.2419882015306
data/processed/mauritius/video/not_augmented/cull2_green_bg/head/224/occ/cn/periphery/20230831_135909/m--20230831_135909--f000216.jpg,20230831_135909,mauritius,original,video,False,train,426.55691964285717
data/processed/mauritius/video/not_augmented/cull2_green_bg/head/224/occ/cn/periphery/20230831_135909/m--20230831_135909--f000218.jpg,20230831_135909,mauritius,original,video,False,train,395.1962691326531
data/processed/mauritius/video/not_augmented/cull2_green_bg/head/224/occ/cn/periphery/20230831_135909/m--20230831_135909--f000220.jpg,20230831_135909,mauritius,original,video,False,train,436.51163903061223
data/processed/mauritius/video/not_augmented/cull2_green_bg/head/224/occ/cn/periphery/20230831_135909/m--20230831_135909--f000222.jpg,20230831_135909,mauritius,original,video,False,train,473.7755500637755
data/processed/mauritius/video/not_augmented/cull2_green_bg/head/224/occ/cn/periphery/20230831_135909/m--20230831_135909--f000224.jpg,20230831_135909,mauritius,original,video,False,train,467.2566167091837
data/processed/mauritius/video/not_augmented/cull2_green_bg/head/224/occ/cn/periphery/20230831_135909/m--20230831_135909--f000226.jpg,20230831_135909,mauritius,original,video,False,train,447.1010044642857
data/processed/mauritius/video/not_augmented/cull2_green_bg/head/224/occ/cn/periphery/20230831_135909/m--20230831_135909--f000228.jpg,20230831_135909,mauritius,original,video,False,train,455.87496014030614
data/processed/mauritius/video/not_augmented/cull2_green_bg/head/224/occ/cn/periphery/20230831_135909/m--20230831_135909--f000230.jpg,20230831_135909,mauritius,original,video,False,train,458.25286989795916
data/processed/mauritius/video/not_augmented/cull2_green_bg/head/224/occ/cn/periphery/20230831_135909/m--20230831_135909--f000234.jpg,20230831_135909,mauritius,original,video,False,train,310.6795280612245
data/processed/mauritius/video/not_augmented/cull2_green_bg/head/224/occ/cn/periphery/20230831_135909/m--20230831_135909--f000570.jpg,20230831_135909,mauritius,original,video,False,train,195.9943000637755
data/processed/mauritius/video/not_augmented/cull2_green_bg/head/224/occ/cn/periphery/20230831_135909/m--20230831_135909--f000986.jpg,20230831_135909,mauritius,original,video,False,train,259.9467863935275
data/processed/mauritius/video/not_augmented/cull2_green_bg/head/224/occ/cn/periphery/20230831_135909/m--20230831_135909--f000992.jpg,20230831_135909,mauritius,original,video,False,train,189.78013390315073
data/processed/mauritius/video/not_augmented/cull2_green_bg/head/224/occ/cn/periphery/20230831_135909/m--20230831_135909--f000996.jpg,20230831_135909,mauritius,original,video,False,train,212.81361607142858
data/processed/mauritius/video/not_augmented/cull2_green_bg/head/224/occ/cn/periphery/20230831_135909/m--20230831_135909--f000998.jpg,20230831_135909,mauritius,original,video,False,train,187.14596619897958
data/processed/mauritius/video/not_augmented/cull2_green_bg/head/224/occ/cn/periphery/20230831_135909/m--20230831_135909--f001000.jpg,20230831_135909,mauritius,original,video,False,train,179.85805963010205
data/processed/mauritius/video/not_augmented/cull2_green_bg/head/224/occ/cn/periphery/20230831_135909/m--20230831_135909--f001010.jpg,20230831_135909,mauritius,original,video,False,train,351.1652981505102
data/processed/mauritius/video/not_augmented/cull2_green_bg/head/224/occ/cn/periphery/20230831_135909/m--20230831_135909--f001012.jpg,20230831_135909,mauritius,original,video,False,train,303.70958226881936
data/processed/mauritius/video/not_augmented/cull2_green_bg/head/224/occ/cn/periphery/20230831_135909/m--20230831_135909--f001014.jpg,20230831_135909,mauritius,original,video,False,train,330.98365510895275
data/processed/mauritius/video/not_augmented/cull2_green_bg/head/224/occ/cn/periphery/20230831_135909/m--20230831_135909--f001016.jpg,20230831_135909,mauritius,original,video,False,train,440.4466855427663
data/processed/mauritius/video/not_augmented/cull2_green_bg/head/224/occ/cn/periphery/20230831_135909/m--20230831_135909--f001018.jpg,20230831_135909,mauritius,original,video,False,train,456.99730880297216
data/processed/mauritius/video/not_augmented/cull2_green_bg/head/224/occ/cn/periphery/20230831_135909/m--20230831_135909--f001020.jpg,20230831_135909,mauritius,original,video,False,train,558.1533764414568
data/processed/mauritius/video/not_augmented/cull2_green_bg/head/224/occ/cn/periphery/20230831_135909/m--20230831_135909--f001022.jpg,20230831_135909,mauritius,original,video,False,train,550.5341592428834
data/processed/mauritius/video/not_augmented/cull2_green_bg/head/224/occ/cn/periphery/20230831_135909/m--20230831_135909--f001024.jpg,20230831_135909,mauritius,original,video,False,train,500.44909817792137
data/processed/mauritius/video/not_augmented/cull2_green_bg/head/224/occ/cn/periphery/20230831_135909/m--20230831_135909--f001028.jpg,20230831_135909,mauritius,original,video,False,train,387.2806717448808
data/processed/mauritius/video/not_augmented/cull2_green_bg/head/224/occ/cn/periphery/20230831_135909/m--20230831_135909--f001030.jpg,20230831_135909,mauritius,original,video,False,train,286.1033160151267
data/processed/mauritius/video/not_augmented/cull2_green_bg/head/224/occ/cn/periphery/20230831_135909/m--20230831_135909--f001032.jpg,20230831_135909,mauritius,original,video,False,train,182.49968109702823
data/processed/mauritius/video/not_augmented/cull2_green_bg/head/224/occ/cn/periphery/20230831_135909/m--20230831_135909--f001034.jpg,20230831_135909,mauritius,original,video,False,train,152.91834708304762
data/processed/mauritius/video/not_augmented/cull2_green_bg/head/224/occ/cn/periphery/20230831_135909/m--20230831_135909--f001036.jpg,20230831_135909,mauritius,original,video,False,train,380.08233008291353
data/processed/mauritius/video/not_augmented/cull2_green_bg/head/224/occ/cn/periphery/20230831_135909/m--20230831_135909--f001038.jpg,20230831_135909,mauritius,original,video,False,train,458.8242783643761
data/processed/mauritius/video/not_augmented/cull2_green_bg/head/224/occ/cn/periphery/20230831_135909/m--20230831_135909--f001040.jpg,20230831_135909,mauritius,original,video,False,train,455.55791041554136
data/processed/mauritius/video/not_augmented/cull2_green_bg/head/224/occ/cn/periphery/20230831_135909/m--20230831_135909--f001042.jpg,20230831_135909,mauritius,original,video,False,train,437.21280609950674
data/processed/mauritius/video/not_augmented/cull2_green_bg/head/224/occ/cn/periphery/20230831_135909/m--20230831_135909--f001044.jpg,20230831_135909,mauritius,original,video,False,train,323.0921721067195
data/processed/mauritius/video/not_augmented/cull2_green_bg/head/224/occ/cn/periphery/20230831_135909/m--20230831_135909--f001046.jpg,20230831_135909,mauritius,original,video,False,train,274.62844674778904
data/processed/mauritius/video/not_augmented/cull2_green_bg/head/224/occ/cn/periphery/20230831_135909/m--20230831_135909--f001050.jpg,20230831_135909,mauritius,original,video,False,train,209.8842063436703
data/processed/mauritius/video/not_augmented/cull2_green_bg/head/224/occ/cn/periphery/20230831_135909/m--20230831_135909--f001054.jpg,20230831_135909,mauritius,original,video,False,train,483.48748405612247
data/processed/mauritius/video/not_augmented/cull2_green_bg/head/224/occ/cn/periphery/20230831_135909/m--20230831_135909--f001066.jpg,20230831_135909,mauritius,original,video,False,train,825.0579161352041
data/processed/mauritius/video/not_augmented/cull2_green_bg/head/224/occ/cn/periphery/20230831_135909/m--20230831_135909--f001080.jpg,20230831_135909,mauritius,original,video,False,train,210.99527641615737
data/processed/mauritius/video/not_augmented/cull2_green_bg/head/224/occ/cn/periphery/20230831_135909/m--20230831_135909--f001082.jpg,20230831_135909,mauritius,original,video,False,train,225.51343077056262
data/processed/mauritius/video/not_augmented/cull2_green_bg/head/224/occ/cn/periphery/20230831_135909/m--20230831_135909--f001084.jpg,20230831_135909,mauritius,original,video,False,train,199.60206053605532
data/processed/mauritius/video/not_augmented/cull2_green_bg/head/224/occ/cn/periphery/20230831_135909/m--20230831_135909--f001088.jpg,20230831_135909,mauritius,original,video,False,train,291.25219044651607
data/processed/mauritius/video/not_augmented/cull2_green_bg/head/224/occ/cn/periphery/20230831_135909/m--20230831_135909--f001182.jpg,20230831_135909,mauritius,original,video,False,train,320.26849373972743
data/processed/mauritius/video/not_augmented/cull2_green_bg/head/224/occ/cn/periphery/20230831_135909/m--20230831_135909--f001184.jpg,20230831_135909,mauritius,original,video,False,train,301.83940521551636
data/processed/mauritius/video/not_augmented/cull2_green_bg/head/224/occ/cn/periphery/20230831_135909/m--20230831_135909--f001202.jpg,20230831_135909,mauritius,original,video,False,train,348.00456305753687
data/processed/mauritius/video/not_augmented/cull2_green_bg/head/224/occ/cn/periphery/20230831_135909/m--20230831_135909--f001238.jpg,20230831_135909,mauritius,original,video,False,train,136.48377658982218
data/processed/mauritius/video/not_augmented/cull2_green_bg/head/224/occ/cn/periphery/20230831_135909/m--20230831_135909--f001246.jpg,20230831_135909,mauritius,original,video,False,train,351.66900510204084
data/processed/mauritius/video/not_augmented/cull2_green_bg/head/224/occ/cn/periphery/20230831_135909/m--20230831_135909--f001302.jpg,20230831_135909,mauritius,original,video,False,train,76.06700414540816
data/processed/mauritius/video/not_augmented/cull2_green_bg/head/224/occ/cn/periphery/20230831_135909/m--20230831_135909--f001304.jpg,20230831_135909,mauritius,original,video,False,train,82.6747050382653
data/processed/mauritius/video/not_augmented/cull2_green_bg/head/224/occ/cn/periphery/20230831_135909/m--20230831_135909--f001306.jpg,20230831_135909,mauritius,original,video,False,train,95.49267358196025
data/processed/mauritius/video/not_augmented/cull2_green_bg/head/224/occ/cn/periphery/20230831_135909/m--20230831_135909--f001308.jpg,20230831_135909,mauritius,original,video,False,train,125.06574768763883
data/processed/mauritius/video/not_augmented/cull2_green_bg/head/224/occ/cn/periphery/20230831_135909/m--20230831_135909--f001310.jpg,20230831_135909,mauritius,original,video,False,train,195.78499661898024
data/processed/mauritius/video/not_augmented/cull2_green_bg/head/224/occ/cn/periphery/20230831_135909/m--20230831_135909--f001312.jpg,20230831_135909,mauritius,original,video,False,train,262.5083306760204
data/processed/mauritius/video/not_augmented/cull2_green_bg/head/224/occ/cn/periphery/20230831_135909/m--20230831_135909--f001314.jpg,20230831_135909,mauritius,original,video,False,train,265.0752142493499
data/processed/mauritius/video/not_augmented/cull2_green_bg/head/224/occ/cn/periphery/20230831_135909/m--20230831_135909--f001316.jpg,20230831_135909,mauritius,original,video,False,train,326.08764516090855
data/processed/mauritius/video/not_augmented/cull2_green_bg/head/224/occ/cn/periphery/20230831_135909/m--20230831_135909--f001320.jpg,20230831_135909,mauritius,original,video,False,train,210.7150430484694
data/processed/mauritius/video/not_augmented/cull2_green_bg/head/224/occ/cn/periphery/20230831_135909/m--20230831_135909--f001322.jpg,20230831_135909,mauritius,original,video,False,train,220.18389269412924
data/processed/mauritius/video/not_augmented/cull2_green_bg/head/224/occ/cn/periphery/20230831_140541/m--20230831_140541--f000178.jpg,20230831_140541,mauritius,original,video,False,train,102.17055963010205
data/processed/mauritius/video/not_augmented/cull2_green_bg/head/224/occ/cn/periphery/20230831_140541/m--20230831_140541--f000180.jpg,20230831_140541,mauritius,original,video,False,train,101.1534199617347
data/processed/mauritius/video/not_augmented/cull2_green_bg/head/224/occ/cn/periphery/20230831_140541/m--20230831_140541--f000182.jpg,20230831_140541,mauritius,original,video,False,train,95.74585459183673
data/processed/mauritius/video/not_augmented/cull2_green_bg/head/224/occ/cn/periphery/20230831_140541/m--20230831_140541--f000184.jpg,20230831_140541,mauritius,original,video,False,train,101.26000478316327
data/processed/mauritius/video/not_augmented/cull2_green_bg/head/224/occ/cn/periphery/20230831_140541/m--20230831_140541--f000186.jpg,20230831_140541,mauritius,original,video,False,train,95.92837213010205
data/processed/mauritius/video/not_augmented/cull2_green_bg/head/224/occ/cn/periphery/20230831_140541/m--20230831_140541--f000188.jpg,20230831_140541,mauritius,original,video,False,train,97.85008769132654
data/processed/mauritius/video/not_augmented/cull2_green_bg/head/224/occ/cn/periphery/20230831_140541/m--20230831_140541--f000190.jpg,20230831_140541,mauritius,original,video,False,train,89.90190529336735
data/processed/mauritius/video/not_augmented/cull2_green_bg/head/224/occ/cn/periphery/20230831_140541/m--20230831_140541--f000194.jpg,20230831_140541,mauritius,original,video,False,train,95.47468909438776
data/processed/mauritius/video/not_augmented/cull2_green_bg/head/224/occ/cn/periphery/20230831_140541/m--20230831_140541--f000196.jpg,20230831_140541,mauritius,original,video,False,train,126.74238679846938
data/processed/mauritius/video/not_augmented/cull2_green_bg/head/224/occ/cn/periphery/20230831_140541/m--20230831_140541--f000198.jpg,20230831_140541,mauritius,original,video,False,train,176.59048150510205
data/processed/mauritius/video/not_augmented/cull2_green_bg/head/224/occ/cn/periphery/20230831_140541/m--20230831_140541--f000200.jpg,20230831_140541,mauritius,original,video,False,train,229.80213647959184
data/processed/mauritius/video/not_augmented/cull2_green_bg/head/224/occ/cn/periphery/20230831_140541/m--20230831_140541--f000202.jpg,20230831_140541,mauritius,original,video,False,train,356.02758290816325
data/processed/mauritius/video/not_augmented/cull2_green_bg/head/224/occ/cn/periphery/20230831_140541/m--20230831_140541--f000204.jpg,20230831_140541,mauritius,original,video,False,train,654.2601642219388
data/processed/mauritius/video/not_augmented/cull2_green_bg/head/224/occ/cn/periphery/20230831_140541/m--20230831_140541--f000206.jpg,20230831_140541,mauritius,original,video,False,train,809.1460459183673
data/processed/mauritius/video/not_augmented/cull2_green_bg/head/224/occ/cn/periphery/20230831_140541/m--20230831_140541--f000208.jpg,20230831_140541,mauritius,original,video,False,train,827.6554528061224
data/processed/mauritius/video/not_augmented/cull2_green_bg/head/224/occ/cn/periphery/20230831_140541/m--20230831_140541--f000210.jpg,20230831_140541,mauritius,original,video,False,train,814.9874441964286
data/processed/mauritius/video/not_augmented/cull2_green_bg/head/224/occ/cn/periphery/20230831_140541/m--20230831_140541--f000212.jpg,20230831_140541,mauritius,original,video,False,train,822.0313695790817
data/processed/mauritius/video/not_augmented/cull2_green_bg/head/224/occ/cn/periphery/20230831_140541/m--20230831_140541--f000214.jpg,20230831_140541,mauritius,original,video,False,train,770.3315927933673
data/processed/mauritius/video/not_augmented/cull2_green_bg/head/224/occ/cn/periphery/20230831_140541/m--20230831_140541--f000216.jpg,20230831_140541,mauritius,original,video,False,train,636.959622130102
data/processed/mauritius/video/not_augmented/cull2_green_bg/head/224/occ/cn/periphery/20230831_140541/m--20230831_140541--f000218.jpg,20230831_140541,mauritius,original,video,False,train,646.6635841836735
data/processed/mauritius/video/not_augmented/cull2_green_bg/head/224/occ/cn/periphery/20230831_140541/m--20230831_140541--f000220.jpg,20230831_140541,mauritius,original,video,False,train,682.314134247449
data/processed/mauritius/video/not_augmented/cull2_green_bg/head/224/occ/cn/periphery/20230831_140541/m--20230831_140541--f000222.jpg,20230831_140541,mauritius,original,video,False,train,687.3146125637755
data/processed/mauritius/video/not_augmented/cull2_green_bg/head/224/occ/cn/periphery/20230831_140541/m--20230831_140541--f000224.jpg,20230831_140541,mauritius,original,video,False,train,695.557278380102
data/processed/mauritius/video/not_augmented/cull2_green_bg/head/224/occ/cn/periphery/20230831_140541/m--20230831_140541--f000226.jpg,20230831_140541,mauritius,original,video,False,train,742.8356584821429
data/processed/mauritius/video/not_augmented/cull2_green_bg/head/224/occ/cn/periphery/20230831_140541/m--20230831_140541--f000228.jpg,20230831_140541,mauritius,original,video,False,train,778.0200494260204
data/processed/mauritius/video/not_augmented/cull2_green_bg/head/224/occ/cn/periphery/20230831_140541/m--20230831_140541--f000230.jpg,20230831_140541,mauritius,original,video,False,train,835.5323660714286
data/processed/mauritius/video/not_augmented/cull2_green_bg/head/224/occ/cn/periphery/20230831_140541/m--20230831_140541--f000232.jpg,20230831_140541,mauritius,original,video,False,train,860.8782286352041
data/processed/mauritius/video/not_augmented/cull2_green_bg/head/224/occ/cn/periphery/20230831_140541/m--20230831_140541--f000234.jpg,20230831_140541,mauritius,original,video,False,train,876.239596619898
data/processed/mauritius/video/not_augmented/cull2_green_bg/head/224/occ/cn/periphery/20230831_140541/m--20230831_140541--f000236.jpg,20230831_140541,mauritius,original,video,False,train,890.5477917729592
data/processed/mauritius/video/not_augmented/cull2_green_bg/head/224/occ/cn/periphery/20230831_140541/m--20230831_140541--f000238.jpg,20230831_140541,mauritius,original,video,False,train,885.7647082270408
data/processed/mauritius/video/not_augmented/cull2_green_bg/head/224/occ/cn/periphery/20230831_140541/m--20230831_140541--f000240.jpg,20230831_140541,mauritius,original,video,False,train,832.7391183035714
data/processed/mauritius/video/not_augmented/cull2_green_bg/head/224/occ/cn/periphery/20230831_140541/m--20230831_140541--f000242.jpg,20230831_140541,mauritius,original,video,False,train,598.0938695790817
data/processed/mauritius/video/not_augmented/cull2_green_bg/head/224/occ/cn/periphery/20230831_140541/m--20230831_140541--f000250.jpg,20230831_140541,mauritius,original,video,False,train,111.6690449617347
data/processed/mauritius/video/not_augmented/cull2_green_bg/head/224/occ/cn/periphery/20230831_140541/m--20230831_140541--f000252.jpg,20230831_140541,mauritius,original,video,False,train,98.13257321314433
data/processed/mauritius/video/not_augmented/cull2_green_bg/head/224/occ/cn/periphery/20230831_140541/m--20230831_140541--f000254.jpg,20230831_140541,mauritius,original,video,False,train,88.19178488491875
data/processed/mauritius/video/not_augmented/cull2_green_bg/head/224/occ/cn/periphery/20230831_140541/m--20230831_140541--f001188.jpg,20230831_140541,mauritius,original,video,False,train,701.0243144132653
data/processed/mauritius/video/not_augmented/cull2_green_bg/head/224/occ/cn/periphery/20230831_140541/m--20230831_140541--f001190.jpg,20230831_140541,mauritius,original,video,False,train,849.2166374362245
data/processed/mauritius/video/not_augmented/cull2_green_bg/head/224/occ/cn/periphery/20230831_140541/m--20230831_140541--f001192.jpg,20230831_140541,mauritius,original,video,False,train,644.0809550382653
data/processed/mauritius/video/not_augmented/cull2_green_bg/head/224/occ/cn/periphery/20230831_141252/m--20230831_141252--f000152.jpg,20230831_141252,mauritius,original,video,False,val,79.19005102040816
data/processed/mauritius/video/not_augmented/cull2_green_bg/head/224/occ/cn/periphery/20230831_141252/m--20230831_141252--f000154.jpg,20230831_141252,mauritius,original,video,False,val,88.40983737244898
data/processed/mauritius/video/not_augmented/cull2_green_bg/head/224/occ/cn/periphery/20230831_141252/m--20230831_141252--f000156.jpg,20230831_141252,mauritius,original,video,False,val,80.36419802295919
data/processed/mauritius/video/not_augmented/cull2_green_bg/head/224/occ/cn/periphery/20230831_141252/m--20230831_141252--f000158.jpg,20230831_141252,mauritius,original,video,False,val,83.65254304846938
data/processed/mauritius/video/not_augmented/cull2_green_bg/head/224/occ/cn/periphery/20230831_141252/m--20230831_141252--f000160.jpg,20230831_141252,mauritius,original,video,False,val,108.1786112882653
data/processed/mauritius/video/not_augmented/cull2_green_bg/head/224/occ/cn/periphery/20230831_141252/m--20230831_141252--f000162.jpg,20230831_141252,mauritius,original,video,False,val,105.513671875
data/processed/mauritius/video/not_augmented/cull2_green_bg/head/224/occ/cn/periphery/20230831_141252/m--20230831_141252--f000164.jpg,20230831_141252,mauritius,original,video,False,val,109.9131855867347
data/processed/mauritius/video/not_augmented/cull2_green_bg/head/224/occ/cn/periphery/20230831_141252/m--20230831_141252--f000166.jpg,20230831_141252,mauritius,original,video,False,val,107.91083386479592
data/processed/mauritius/video/not_augmented/cull2_green_bg/head/224/occ/cn/periphery/20230831_141252/m--20230831_141252--f000168.jpg,20230831_141252,mauritius,original,video,False,val,108.46847098214286
data/processed/mauritius/video/not_augmented/cull2_green_bg/head/224/occ/cn/periphery/20230831_141252/m--20230831_141252--f000170.jpg,20230831_141252,mauritius,original,video,False,val,100.13412786989795
data/processed/mauritius/video/not_augmented/cull2_green_bg/head/224/occ/cn/periphery/20230831_141252/m--20230831_141252--f000172.jpg,20230831_141252,mauritius,original,video,False,val,106.76271524234694
data/processed/mauritius/video/not_augmented/cull2_green_bg/head/224/occ/cn/periphery/20230831_141252/m--20230831_141252--f000174.jpg,20230831_141252,mauritius,original,video,False,val,87.28121014030613
data/processed/mauritius/video/not_augmented/cull2_green_bg/head/224/occ/cn/periphery/20230831_141252/m--20230831_141252--f000176.jpg,20230831_141252,mauritius,original,video,False,val,79.13249362244898
data/processed/mauritius/video/not_augmented/cull2_green_bg/head/224/occ/cn/periphery/20230831_141252/m--20230831_141252--f000178.jpg,20230831_141252,mauritius,original,video,False,val,82.57258450255102
data/processed/mauritius/video/not_augmented/cull2_green_bg/head/224/occ/cn/periphery/20230831_141252/m--20230831_141252--f000180.jpg,20230831_141252,mauritius,original,video,False,val,80.25023915816327
data/processed/mauritius/video/not_augmented/cull2_green_bg/head/224/occ/cn/periphery/20230831_141252/m--20230831_141252--f000254.jpg,20230831_141252,mauritius,original,video,False,val,100.70328443877551
data/processed/mauritius/video/not_augmented/cull2_green_bg/head/224/occ/cn/periphery/20230831_141252/m--20230831_141252--f000256.jpg,20230831_141252,mauritius,original,video,False,val,162.40234375
data/processed/mauritius/video/not_augmented/cull2_green_bg/head/224/occ/cn/periphery/20230831_141252/m--20230831_141252--f000258.jpg,20230831_141252,mauritius,original,video,False,val,244.96460459183675
data/processed/mauritius/video/not_augmented/cull2_green_bg/head/224/occ/cn/periphery/20230831_141252/m--20230831_141252--f000260.jpg,20230831_141252,mauritius,original,video,False,val,350.6282286352041
data/processed/mauritius/video/not_augmented/cull2_green_bg/head/224/occ/cn/periphery/20230831_141252/m--20230831_141252--f000262.jpg,20230831_141252,mauritius,original,video,False,val,539.6219308035714
data/processed/mauritius/video/not_augmented/cull2_green_bg/head/224/occ/cn/periphery/20230831_141252/m--20230831_141252--f000264.jpg,20230831_141252,mauritius,original,video,False,val,614.5226004464286
data/processed/mauritius/video/not_augmented/cull2_green_bg/head/224/occ/cn/periphery/20230831_141252/m--20230831_141252--f000266.jpg,20230831_141252,mauritius,original,video,False,val,670.5632573341836
data/processed/mauritius/video/not_augmented/cull2_green_bg/head/224/occ/cn/periphery/20230831_141252/m--20230831_141252--f000268.jpg,20230831_141252,mauritius,original,video,False,val,647.5040656887755
data/processed/mauritius/video/not_augmented/cull2_green_bg/head/224/occ/cn/periphery/20230831_141252/m--20230831_141252--f000270.jpg,20230831_141252,mauritius,original,video,False,val,625.975605867347
data/processed/mauritius/video/not_augmented/cull2_green_bg/head/224/occ/cn/periphery/20230831_141252/m--20230831_141252--f000272.jpg,20230831_141252,mauritius,original,video,False,val,660.9099569515306
data/processed/mauritius/video/not_augmented/cull2_green_bg/head/224/occ/cn/periphery/20230831_141252/m--20230831_141252--f000274.jpg,20230831_141252,mauritius,original,video,False,val,545.4281728316327
data/processed/mauritius/video/not_augmented/cull2_green_bg/head/224/occ/cn/periphery/20230831_141252/m--20230831_141252--f000276.jpg,20230831_141252,mauritius,original,video,False,val,532.4750478316327
data/processed/mauritius/video/not_augmented/cull2_green_bg/head/224/occ/cn/periphery/20230831_141252/m--20230831_141252--f000278.jpg,20230831_141252,mauritius,original,video,False,val,550.0984933035714
data/processed/mauritius/video/not_augmented/cull2_green_bg/head/224/occ/cn/periphery/20230831_141252/m--20230831_141252--f000280.jpg,20230831_141252,mauritius,original,video,False,val,545.6376355229592
data/processed/mauritius/video/not_augmented/cull2_green_bg/head/224/occ/cn/periphery/20230831_141252/m--20230831_141252--f000282.jpg,20230831_141252,mauritius,original,video,False,val,485.83705357142856
data/processed/mauritius/video/not_augmented/cull2_green_bg/head/224/occ/cn/periphery/20230831_141252/m--20230831_141252--f000284.jpg,20230831_141252,mauritius,original,video,False,val,483.1595583545918
data/processed/mauritius/video/not_augmented/cull2_green_bg/head/224/occ/cn/periphery/20230831_141252/m--20230831_141252--f000286.jpg,20230831_141252,mauritius,original,video,False,val,456.3673070790816
data/processed/mauritius/video/not_augmented/cull2_green_bg/head/224/occ/cn/periphery/20230831_141252/m--20230831_141252--f000288.jpg,20230831_141252,mauritius,original,video,False,val,462.7476482780612
data/processed/mauritius/video/not_augmented/cull2_green_bg/head/224/occ/cn/periphery/20230831_141252/m--20230831_141252--f000290.jpg,20230831_141252,mauritius,original,video,False,val,461.7396763392857
data/processed/mauritius/video/not_augmented/cull2_green_bg/head/224/occ/cn/periphery/20230831_141252/m--20230831_141252--f000292.jpg,20230831_141252,mauritius,original,video,False,val,481.4769212372449
data/processed/mauritius/video/not_augmented/cull2_green_bg/head/224/occ/cn/periphery/20230831_141252/m--20230831_141252--f000294.jpg,20230831_141252,mauritius,original,video,False,val,470.84068080357144
data/processed/mauritius/video/not_augmented/cull2_green_bg/head/224/occ/cn/periphery/20230831_141252/m--20230831_141252--f000296.jpg,20230831_141252,mauritius,original,video,False,val,310.40154655612247
data/processed/mauritius/video/not_augmented/cull2_green_bg/head/224/occ/cn/periphery/20230831_141252/m--20230831_141252--f000298.jpg,20230831_141252,mauritius,original,video,False,val,275.9356465143047
data/processed/mauritius/video/not_augmented/cull2_green_bg/head/224/occ/cn/periphery/20230831_141252/m--20230831_141252--f000300.jpg,20230831_141252,mauritius,original,video,False,val,412.9365035076531
data/processed/mauritius/video/not_augmented/cull2_green_bg/head/224/occ/cn/periphery/20230831_141252/m--20230831_141252--f000310.jpg,20230831_141252,mauritius,original,video,False,val,199.67717633928572
data/processed/mauritius/video/not_augmented/cull2_green_bg/head/224/occ/cn/periphery/20230831_141252/m--20230831_141252--f001062.jpg,20230831_141252,mauritius,original,video,False,val,327.2448580994898
data/processed/mauritius/video/not_augmented/cull2_green_bg/head/224/occ/cn/periphery/20230831_141252/m--20230831_141252--f001064.jpg,20230831_141252,mauritius,original,video,False,val,336.81285873565616
data/processed/mauritius/video/not_augmented/cull2_green_bg/head/224/occ/cn/periphery/20230831_141252/m--20230831_141252--f001066.jpg,20230831_141252,mauritius,original,video,False,val,453.99856501130046
data/processed/mauritius/video/not_augmented/cull2_green_bg/head/224/occ/cn/periphery/20230831_141252/m--20230831_141252--f001068.jpg,20230831_141252,mauritius,original,video,False,val,446.7010522959184
data/processed/mauritius/video/not_augmented/cull2_green_bg/head/224/occ/cn/periphery/20230831_141252/m--20230831_141252--f001070.jpg,20230831_141252,mauritius,original,video,False,val,279.7368064413265
data/processed/mauritius/video/not_augmented/cull2_green_bg/head/224/occ/cn/periphery/20230831_141252/m--20230831_141252--f001072.jpg,20230831_141252,mauritius,original,video,False,val,299.77750318718677
data/processed/mauritius/video/not_augmented/cull2_green_bg/head/224/occ/cn/periphery/20230831_141252/m--20230831_141252--f001156.jpg,20230831_141252,mauritius,original,video,False,val,128.22572544642858
data/processed/mauritius/video/not_augmented/cull2_green_bg/head/224/occ/cn/periphery/20230831_141252/m--20230831_141252--f001164.jpg,20230831_141252,mauritius,original,video,False,val,151.08151301678296
data/processed/mauritius/video/not_augmented/cull2_green_bg/head/224/occ/cn/periphery/20230831_141252/m--20230831_141252--f001166.jpg,20230831_141252,mauritius,original,video,False,val,190.57714838943895
data/processed/mauritius/video/not_augmented/cull2_green_bg/head/224/occ/cn/periphery/20230831_141252/m--20230831_141252--f001198.jpg,20230831_141252,mauritius,original,video,False,val,293.54364635844064
data/processed/mauritius/video/not_augmented/cull2_green_bg/head/224/occ/cn/periphery/20230831_141252/m--20230831_141252--f001200.jpg,20230831_141252,mauritius,original,video,False,val,284.0414740079048
data/processed/mauritius/video/not_augmented/cull2_green_bg/head/224/occ/cn/periphery/20230831_141252/m--20230831_141252--f001202.jpg,20230831_141252,mauritius,original,video,False,val,305.5296954719388
data/processed/mauritius/video/not_augmented/cull2_green_bg/head/224/occ/cn/periphery/20230831_141252/m--20230831_141252--f001204.jpg,20230831_141252,mauritius,original,video,False,val,299.359056122449
data/processed/mauritius/video/not_augmented/cull2_green_bg/head/224/occ/cn/periphery/20230831_141252/m--20230831_141252--f001206.jpg,20230831_141252,mauritius,original,video,False,val,298.2961176658163
data/processed/mauritius/video/not_augmented/cull2_green_bg/head/224/occ/cn/periphery/20230831_141252/m--20230831_141252--f001214.jpg,20230831_141252,mauritius,original,video,False,val,182.7469706632653
data/processed/mauritius/video/not_augmented/cull2_green_bg/head/224/occ/cn/periphery/20230831_141252/m--20230831_141252--f001216.jpg,20230831_141252,mauritius,original,video,False,val,184.00055803571428
data/processed/mauritius/video/not_augmented/cull2_green_bg/head/224/occ/cn/periphery/20230831_141252/m--20230831_141252--f001218.jpg,20230831_141252,mauritius,original,video,False,val,159.72201849489795
data/processed/mauritius/video/not_augmented/cull2_green_bg/head/224/occ/cn/periphery/20230831_141252/m--20230831_141252--f001220.jpg,20230831_141252,mauritius,original,video,False,val,162.65413741080377
data/processed/mauritius/video/not_augmented/cull2_green_bg/head/224/occ/cn/periphery/20230831_141252/m--20230831_141252--f001222.jpg,20230831_141252,mauritius,original,video,False,val,149.3389468969578
data/processed/mauritius/video/not_augmented/cull2_green_bg/head/224/occ/cn/periphery/20230831_141252/m--20230831_141252--f001224.jpg,20230831_141252,mauritius,original,video,False,val,154.13474562802645
data/processed/mauritius/video/not_augmented/cull2_green_bg/head/224/occ/cn/periphery/20230831_141252/m--20230831_141252--f001326.jpg,20230831_141252,mauritius,original,video,False,val,195.32518719018177
data/processed/mauritius/video/not_augmented/cull2_green_bg/head/224/occ/cn/periphery/20230831_141252/m--20230831_141252--f001328.jpg,20230831_141252,mauritius,original,video,False,val,175.8266566466014
data/processed/mauritius/video/not_augmented/cull2_green_bg/head/224/occ/cn/periphery/20230831_141252/m--20230831_141252--f001330.jpg,20230831_141252,mauritius,original,video,False,val,148.71966493631197
data/processed/mauritius/video/not_augmented/cull2_green_bg/head/224/occ/cn/periphery/20230831_141252/m--20230831_141252--f001332.jpg,20230831_141252,mauritius,original,video,False,val,109.96779184051474
data/processed/mauritius/video/not_augmented/cull2_green_bg/head/224/occ/cn/periphery/20230831_142118/m--20230831_142118--f000142.jpg,20230831_142118,mauritius,original,video,False,train,69.06122322471775
data/processed/mauritius/video/not_augmented/cull2_green_bg/head/224/occ/cn/periphery/20230831_142118/m--20230831_142118--f000148.jpg,20230831_142118,mauritius,original,video,False,train,61.34574262721496
data/processed/mauritius/video/not_augmented/cull2_green_bg/head/224/occ/cn/periphery/20230831_142118/m--20230831_142118--f000150.jpg,20230831_142118,mauritius,original,video,False,train,64.03178767331787
data/processed/mauritius/video/not_augmented/cull2_green_bg/head/224/occ/cn/periphery/20230831_142118/m--20230831_142118--f000152.jpg,20230831_142118,mauritius,original,video,False,train,53.325952102918514
data/processed/mauritius/video/not_augmented/cull2_green_bg/head/224/occ/cn/periphery/20230831_142118/m--20230831_142118--f000154.jpg,20230831_142118,mauritius,original,video,False,train,53.9918874365645
data/processed/mauritius/video/not_augmented/cull2_green_bg/head/224/occ/cn/periphery/20230831_142118/m--20230831_142118--f000156.jpg,20230831_142118,mauritius,original,video,False,train,51.571009612093356
data/processed/mauritius/video/not_augmented/cull2_green_bg/head/224/occ/cn/periphery/20230831_142118/m--20230831_142118--f000158.jpg,20230831_142118,mauritius,original,video,False,train,58.8413770577154
data/processed/mauritius/video/not_augmented/cull2_green_bg/head/224/occ/cn/periphery/20230831_142118/m--20230831_142118--f000160.jpg,20230831_142118,mauritius,original,video,False,train,53.07194550183355
data/processed/mauritius/video/not_augmented/cull2_green_bg/head/224/occ/cn/periphery/20230831_142118/m--20230831_142118--f000162.jpg,20230831_142118,mauritius,original,video,False,train,65.70014777852812
data/processed/mauritius/video/not_augmented/cull2_green_bg/head/224/occ/cn/periphery/20230831_142118/m--20230831_142118--f000164.jpg,20230831_142118,mauritius,original,video,False,train,77.07892995951127
data/processed/mauritius/video/not_augmented/cull2_green_bg/head/224/occ/cn/periphery/20230831_142118/m--20230831_142118--f000170.jpg,20230831_142118,mauritius,original,video,False,train,98.27638711575817
data/processed/mauritius/video/not_augmented/cull2_green_bg/head/224/occ/cn/periphery/20230831_142118/m--20230831_142118--f000188.jpg,20230831_142118,mauritius,original,video,False,train,1067.1439930770061
data/processed/mauritius/video/not_augmented/cull2_green_bg/head/224/occ/cn/periphery/20230831_142118/m--20230831_142118--f000190.jpg,20230831_142118,mauritius,original,video,False,train,1098.005540457729
data/processed/mauritius/video/not_augmented/cull2_green_bg/head/224/occ/cn/periphery/20230831_142118/m--20230831_142118--f000196.jpg,20230831_142118,mauritius,original,video,False,train,712.1044246128629
data/processed/mauritius/video/not_augmented/cull2_green_bg/head/224/occ/cn/periphery/20230831_142118/m--20230831_142118--f000198.jpg,20230831_142118,mauritius,original,video,False,train,422.80570374702927
data/processed/mauritius/video/not_augmented/cull2_green_bg/head/224/occ/cn/periphery/20230831_142118/m--20230831_142118--f000200.jpg,20230831_142118,mauritius,original,video,False,train,290.7586466810297
data/processed/mauritius/video/not_augmented/cull2_green_bg/head/224/occ/cn/periphery/20230831_142118/m--20230831_142118--f000202.jpg,20230831_142118,mauritius,original,video,False,train,170.4360540041274
data/processed/mauritius/video/not_augmented/cull2_green_bg/head/224/occ/cn/periphery/20230831_142118/m--20230831_142118--f000824.jpg,20230831_142118,mauritius,original,video,False,train,731.0978923322559
data/processed/mauritius/video/not_augmented/cull2_green_bg/head/224/occ/cn/periphery/20230831_142118/m--20230831_142118--f000828.jpg,20230831_142118,mauritius,original,video,False,train,787.7449967310062
data/processed/mauritius/video/not_augmented/cull2_green_bg/head/224/occ/cn/periphery/20230831_142118/m--20230831_142118--f000832.jpg,20230831_142118,mauritius,original,video,False,train,1010.8560657302622
data/processed/mauritius/video/not_augmented/cull2_green_bg/head/224/occ/cn/periphery/20230831_142118/m--20230831_142118--f000834.jpg,20230831_142118,mauritius,original,video,False,train,984.3577406238585
data/processed/mauritius/video/not_augmented/cull2_green_bg/head/224/occ/cn/periphery/20230831_142118/m--20230831_142118--f000836.jpg,20230831_142118,mauritius,original,video,False,train,886.9040369826622
data/processed/mauritius/video/not_augmented/cull2_green_bg/head/224/occ/cn/periphery/20230831_142118/m--20230831_142118--f000838.jpg,20230831_142118,mauritius,original,video,False,train,816.8485520599982
data/processed/mauritius/video/not_augmented/cull2_green_bg/head/224/occ/cn/periphery/20230831_142118/m--20230831_142118--f000840.jpg,20230831_142118,mauritius,original,video,False,train,859.7523709840947
data/processed/mauritius/video/not_augmented/cull2_green_bg/head/224/occ/cn/periphery/20230831_142118/m--20230831_142118--f000842.jpg,20230831_142118,mauritius,original,video,False,train,961.1603939782475
data/processed/mauritius/video/not_augmented/cull2_green_bg/head/224/occ/cn/periphery/20230831_142118/m--20230831_142118--f000844.jpg,20230831_142118,mauritius,original,video,False,train,983.3424538922577
data/processed/mauritius/video/not_augmented/cull2_green_bg/head/224/occ/cn/periphery/20230831_142118/m--20230831_142118--f000846.jpg,20230831_142118,mauritius,original,video,False,train,986.2091825152374
data/processed/mauritius/video/not_augmented/cull2_green_bg/head/224/occ/cn/periphery/20230831_142118/m--20230831_142118--f000848.jpg,20230831_142118,mauritius,original,video,False,train,960.6392876979759
data/processed/mauritius/video/not_augmented/cull2_green_bg/head/224/occ/cn/periphery/20230831_142118/m--20230831_142118--f000850.jpg,20230831_142118,mauritius,original,video,False,train,1015.7894984145604
data/processed/mauritius/video/not_augmented/cull2_green_bg/head/224/occ/cn/periphery/20230831_142118/m--20230831_142118--f000852.jpg,20230831_142118,mauritius,original,video,False,train,1011.1932361353342
data/processed/mauritius/video/not_augmented/cull2_green_bg/head/224/occ/cn/periphery/20230831_142118/m--20230831_142118--f000854.jpg,20230831_142118,mauritius,original,video,False,train,1127.8688814698633
data/processed/mauritius/video/not_augmented/cull2_green_bg/head/224/occ/cn/periphery/20230831_142118/m--20230831_142118--f000856.jpg,20230831_142118,mauritius,original,video,False,train,1005.6443907873971
data/processed/mauritius/video/not_augmented/cull2_green_bg/head/224/occ/cn/periphery/20230831_142118/m--20230831_142118--f000858.jpg,20230831_142118,mauritius,original,video,False,train,609.4655004018348
data/processed/mauritius/video/not_augmented/cull2_green_bg/head/224/occ/cn/periphery/20230831_142118/m--20230831_142118--f000860.jpg,20230831_142118,mauritius,original,video,False,train,357.36005108796377
data/processed/mauritius/video/not_augmented/cull2_green_bg/head/224/occ/cn/periphery/20230831_142118/m--20230831_142118--f000862.jpg,20230831_142118,mauritius,original,video,False,train,410.08621581719837
data/processed/mauritius/video/not_augmented/cull2_green_bg/head/224/occ/cn/periphery/20230831_142118/m--20230831_142118--f000864.jpg,20230831_142118,mauritius,original,video,False,train,732.7760078461157
data/processed/mauritius/video/not_augmented/cull2_green_bg/head/224/occ/cn/periphery/20230831_142118/m--20230831_142118--f000866.jpg,20230831_142118,mauritius,original,video,False,train,851.4349277592459
data/processed/mauritius/video/not_augmented/cull2_green_bg/head/224/occ/cn/periphery/20230831_142118/m--20230831_142118--f000868.jpg,20230831_142118,mauritius,original,video,False,train,965.9033003572325
data/processed/mauritius/video/not_augmented/cull2_green_bg/head/224/occ/cn/periphery/20230831_142118/m--20230831_142118--f000870.jpg,20230831_142118,mauritius,original,video,False,train,802.3012794640003
data/processed/mauritius/video/not_augmented/cull2_green_bg/head/224/occ/cn/periphery/20230831_142118/m--20230831_142118--f000872.jpg,20230831_142118,mauritius,original,video,False,train,666.4409471290998
data/processed/mauritius/video/not_augmented/cull2_green_bg/head/224/occ/cn/periphery/20230831_142118/m--20230831_142118--f000874.jpg,20230831_142118,mauritius,original,video,False,train,804.8399014228684
data/processed/mauritius/video/not_augmented/cull2_green_bg/head/224/occ/cn/periphery/20230831_142118/m--20230831_142118--f000876.jpg,20230831_142118,mauritius,original,video,False,train,725.0615832270408
data/processed/mauritius/video/not_augmented/cull2_green_bg/head/224/occ/cn/periphery/20230831_142118/m--20230831_142118--f000878.jpg,20230831_142118,mauritius,original,video,False,train,493.0967194800673
data/processed/mauritius/video/not_augmented/cull2_green_bg/head/224/occ/cn/periphery/20230831_142118/m--20230831_142118--f000880.jpg,20230831_142118,mauritius,original,video,False,train,238.76422971847012
data/processed/mauritius/video/not_augmented/cull2_green_bg/head/224/occ/cn/periphery/20230831_142118/m--20230831_142118--f000882.jpg,20230831_142118,mauritius,original,video,False,train,193.66099303506502
data/processed/mauritius/video/not_augmented/cull2_green_bg/head/224/occ/cn/periphery/20230831_142118/m--20230831_142118--f000884.jpg,20230831_142118,mauritius,original,video,False,train,158.7375225796396
data/processed/mauritius/video/not_augmented/cull2_green_bg/head/224/occ/cn/periphery/20230831_142118/m--20230831_142118--f000886.jpg,20230831_142118,mauritius,original,video,False,train,136.79302815783277
data/processed/mauritius/video/not_augmented/cull2_green_bg/head/224/occ/cn/periphery/20230831_142118/m--20230831_142118--f000888.jpg,20230831_142118,mauritius,original,video,False,train,114.03132961770486
data/processed/mauritius/video/not_augmented/cull2_green_bg/head/224/occ/cn/periphery/20230831_142118/m--20230831_142118--f000942.jpg,20230831_142118,mauritius,original,video,False,train,952.0757930327435
data/processed/mauritius/video/not_augmented/cull2_green_bg/head/224/occ/cn/periphery/20230831_142118/m--20230831_142118--f000944.jpg,20230831_142118,mauritius,original,video,False,train,971.6333705102936
data/processed/mauritius/video/not_augmented/cull2_green_bg/head/224/occ/cn/periphery/20230831_142118/m--20230831_142118--f000946.jpg,20230831_142118,mauritius,original,video,False,train,1223.5207668226592
data/processed/mauritius/video/not_augmented/cull2_green_bg/head/224/occ/cn/periphery/20230831_142118/m--20230831_142118--f000948.jpg,20230831_142118,mauritius,original,video,False,train,1190.5782644195588
data/processed/mauritius/video/not_augmented/cull2_green_bg/head/224/occ/cn/periphery/20230831_142118/m--20230831_142118--f000950.jpg,20230831_142118,mauritius,original,video,False,train,1271.4681321076184
data/processed/mauritius/video/not_augmented/cull2_green_bg/head/224/occ/cn/periphery/20230831_142118/m--20230831_142118--f000952.jpg,20230831_142118,mauritius,original,video,False,train,1315.848233182447
data/processed/mauritius/video/not_augmented/cull2_green_bg/head/224/occ/cn/periphery/20230831_142118/m--20230831_142118--f000954.jpg,20230831_142118,mauritius,original,video,False,train,1337.089384559193
data/processed/mauritius/video/not_augmented/cull2_green_bg/head/224/occ/cn/periphery/20230831_142118/m--20230831_142118--f000956.jpg,20230831_142118,mauritius,original,video,False,train,745.4656798105743
data/processed/mauritius/video/not_augmented/cull2_green_bg/head/224/occ/cn/periphery/20230831_142118/m--20230831_142118--f000958.jpg,20230831_142118,mauritius,original,video,False,train,1057.8139149996698
data/processed/mauritius/video/not_augmented/cull2_green_bg/head/224/occ/cn/periphery/20230831_142118/m--20230831_142118--f000962.jpg,20230831_142118,mauritius,original,video,False,train,1120.3673070790817
data/processed/mauritius/video/not_augmented/cull2_green_bg/head/224/occ/cn/periphery/20230831_142118/m--20230831_142118--f001026.jpg,20230831_142118,mauritius,original,video,False,train,116.27018839118384
data/processed/mauritius/video/not_augmented/cull2_green_bg/head/224/occ/cn/periphery/20230831_142118/m--20230831_142118--f001030.jpg,20230831_142118,mauritius,original,video,False,train,103.99724968112245
data/processed/mauritius/video/not_augmented/cull2_green_bg/head/224/occ/cn/periphery/20230831_142118/m--20230831_142118--f001032.jpg,20230831_142118,mauritius,original,video,False,train,147.31325733418367
data/processed/mauritius/video/not_augmented/cull2_green_bg/head/224/occ/cn/periphery/20230831_142118/m--20230831_142118--f001034.jpg,20230831_142118,mauritius,original,video,False,train,199.10929528061226
data/processed/mauritius/video/not_augmented/cull2_green_bg/head/224/occ/cn/periphery/20230831_142118/m--20230831_142118--f001036.jpg,20230831_142118,mauritius,original,video,False,train,278.45746970663265
data/processed/mauritius/video/not_augmented/cull2_green_bg/head/224/occ/cn/periphery/20230831_142118/m--20230831_142118--f001038.jpg,20230831_142118,mauritius,original,video,False,train,293.2064801315028
data/processed/mauritius/video/not_augmented/cull2_green_bg/head/224/occ/cn/periphery/20230831_142118/m--20230831_142118--f001040.jpg,20230831_142118,mauritius,original,video,False,train,330.84759641239816
data/processed/mauritius/video/not_augmented/cull2_green_bg/head/224/occ/cn/periphery/20230831_142118/m--20230831_142118--f001050.jpg,20230831_142118,mauritius,original,video,False,train,71.77260044642857
data/processed/mauritius/video/not_augmented/cull2_green_bg/head/224/occ/cn/periphery/20230831_143044/m--20230831_143044--f000210.jpg,20230831_143044,mauritius,original,video,False,train,112.67944834183673
data/processed/mauritius/video/not_augmented/cull2_green_bg/head/224/occ/cn/periphery/20230831_143044/m--20230831_143044--f000212.jpg,20230831_143044,mauritius,original,video,False,train,280.3639588647959
data/processed/mauritius/video/not_augmented/cull2_green_bg/head/224/occ/cn/periphery/20230831_143044/m--20230831_143044--f000214.jpg,20230831_143044,mauritius,original,video,False,train,507.47618383251097
data/processed/mauritius/video/not_augmented/cull2_green_bg/head/224/occ/cn/periphery/20230831_143044/m--20230831_143044--f000216.jpg,20230831_143044,mauritius,original,video,False,train,825.1725684928177
data/processed/mauritius/video/not_augmented/cull2_green_bg/head/224/occ/cn/periphery/20230831_143044/m--20230831_143044--f000218.jpg,20230831_143044,mauritius,original,video,False,train,1013.7159957091344
data/processed/mauritius/video/not_augmented/cull2_green_bg/head/224/occ/cn/periphery/20230831_143044/m--20230831_143044--f000220.jpg,20230831_143044,mauritius,original,video,False,train,1112.3660699986558
data/processed/mauritius/video/not_augmented/cull2_green_bg/head/224/occ/cn/periphery/20230831_143044/m--20230831_143044--f000222.jpg,20230831_143044,mauritius,original,video,False,train,1179.684590228048
data/processed/mauritius/video/not_augmented/cull2_green_bg/head/224/occ/cn/periphery/20230831_143044/m--20230831_143044--f000224.jpg,20230831_143044,mauritius,original,video,False,train,1114.5452378148689
data/processed/mauritius/video/not_augmented/cull2_green_bg/head/224/occ/cn/periphery/20230831_143044/m--20230831_143044--f000226.jpg,20230831_143044,mauritius,original,video,False,train,1091.799264165075
data/processed/mauritius/video/not_augmented/cull2_green_bg/head/224/occ/cn/periphery/20230831_143044/m--20230831_143044--f000228.jpg,20230831_143044,mauritius,original,video,False,train,401.5675556734173
data/processed/mauritius/video/not_augmented/cull2_green_bg/head/224/occ/cn/periphery/20230831_143044/m--20230831_143044--f000288.jpg,20230831_143044,mauritius,original,video,False,train,255.06867784581945
data/processed/mauritius/video/not_augmented/cull2_green_bg/head/224/occ/cn/periphery/20230831_143044/m--20230831_143044--f001070.jpg,20230831_143044,mauritius,original,video,False,train,99.91796722316782
data/processed/mauritius/video/not_augmented/cull2_green_bg/head/224/occ/cn/periphery/20230831_143044/m--20230831_143044--f001072.jpg,20230831_143044,mauritius,original,video,False,train,112.13624037647683
data/processed/mauritius/video/not_augmented/cull2_green_bg/head/224/occ/cn/periphery/20230831_143044/m--20230831_143044--f001074.jpg,20230831_143044,mauritius,original,video,False,train,823.9903691648097
data/processed/mauritius/video/not_augmented/cull2_green_bg/head/224/occ/cn/periphery/20230831_143044/m--20230831_143044--f001076.jpg,20230831_143044,mauritius,original,video,False,train,734.7777407200125
data/processed/mauritius/video/not_augmented/cull2_green_bg/head/224/occ/cn/periphery/20230831_143044/m--20230831_143044--f001078.jpg,20230831_143044,mauritius,original,video,False,train,672.3692598926777
data/processed/mauritius/video/not_augmented/cull2_green_bg/head/224/occ/cn/periphery/20230831_143044/m--20230831_143044--f001374.jpg,20230831_143044,mauritius,original,video,False,train,256.8283242984694
data/processed/mauritius/video/not_augmented/cull2_green_bg/head/224/occ/cn/periphery/20230831_143044/m--20230831_143044--f001376.jpg,20230831_143044,mauritius,original,video,False,train,415.7529496173469
data/processed/mauritius/video/not_augmented/cull2_green_bg/head/224/occ/cn/periphery/20230831_143044/m--20230831_143044--f001378.jpg,20230831_143044,mauritius,original,video,False,train,598.0241549744898
data/processed/mauritius/video/not_augmented/cull2_green_bg/head/224/occ/cn/periphery/20230831_143044/m--20230831_143044--f001380.jpg,20230831_143044,mauritius,original,video,False,train,721.9500159438776
data/processed/mauritius/video/not_augmented/cull2_green_bg/head/224/occ/cn/periphery/20230831_143044/m--20230831_143044--f001382.jpg,20230831_143044,mauritius,original,video,False,train,703.3536750637755
data/processed/mauritius/video/not_augmented/cull2_green_bg/head/224/occ/cn/periphery/20230831_143044/m--20230831_143044--f001384.jpg,20230831_143044,mauritius,original,video,False,train,675.458984375
data/processed/mauritius/video/not_augmented/cull2_green_bg/head/224/occ/cn/periphery/20230831_143044/m--20230831_143044--f001386.jpg,20230831_143044,mauritius,original,video,False,train,777.8152104591836
data/processed/mauritius/video/not_augmented/cull2_green_bg/head/224/occ/cn/periphery/20230831_143044/m--20230831_143044--f001388.jpg,20230831_143044,mauritius,original,video,False,train,692.2700494260204
data/processed/mauritius/video/not_augmented/cull2_green_bg/head/224/occ/cn/periphery/20230831_143044/m--20230831_143044--f001390.jpg,20230831_143044,mauritius,original,video,False,train,718.1095742984694
data/processed/mauritius/video/not_augmented/cull2_green_bg/head/224/occ/cn/periphery/20230831_143044/m--20230831_143044--f001392.jpg,20230831_143044,mauritius,original,video,False,train,651.0536112882653
data/processed/mauritius/video/not_augmented/cull2_green_bg/head/224/occ/cn/periphery/20230831_143044/m--20230831_143044--f001394.jpg,20230831_143044,mauritius,original,video,False,train,498.6305006377551
data/processed/mauritius/video/not_augmented/cull2_green_bg/head/224/occ/cn/periphery/20230831_143044/m--20230831_143044--f001396.jpg,20230831_143044,mauritius,original,video,False,train,553.314772002551
data/processed/mauritius/video/not_augmented/cull2_green_bg/head/224/occ/cn/periphery/20230831_143044/m--20230831_143044--f001398.jpg,20230831_143044,mauritius,original,video,False,train,608.8567442602041
data/processed/mauritius/video/not_augmented/cull2_green_bg/head/224/occ/cn/periphery/20230831_143044/m--20230831_143044--f001400.jpg,20230831_143044,mauritius,original,video,False,train,567.412428252551
data/processed/mauritius/video/not_augmented/cull2_green_bg/head/224/occ/cn/periphery/20230831_143044/m--20230831_143044--f001406.jpg,20230831_143044,mauritius,original,video,False,train,430.0707110969388
data/processed/mauritius/video/not_augmented/cull2_green_bg/head/224/occ/cn/periphery/20230831_143044/m--20230831_143044--f001408.jpg,20230831_143044,mauritius,original,video,False,train,254.09012276785714
data/processed/mauritius/video/not_augmented/cull2_green_bg/head/224/occ/cn/periphery/20230831_155428/m--20230831_155428--f000152.jpg,20230831_155428,mauritius,original,video,False,train,59.939772002551024
data/processed/mauritius/video/not_augmented/cull2_green_bg/head/224/occ/cn/periphery/20230831_155428/m--20230831_155428--f000154.jpg,20230831_155428,mauritius,original,video,False,train,76.45719068877551
data/processed/mauritius/video/not_augmented/cull2_green_bg/head/224/occ/cn/periphery/20230831_155428/m--20230831_155428--f000164.jpg,20230831_155428,mauritius,original,video,False,train,383.42689732142856
data/processed/mauritius/video/not_augmented/cull2_green_bg/head/224/occ/cn/periphery/20230831_155428/m--20230831_155428--f000166.jpg,20230831_155428,mauritius,original,video,False,train,390.370774872449
data/processed/mauritius/video/not_augmented/cull2_green_bg/head/224/occ/cn/periphery/20230831_155428/m--20230831_155428--f000170.jpg,20230831_155428,mauritius,original,video,False,train,447.0011957908163
data/processed/mauritius/video/not_augmented/cull2_green_bg/head/224/occ/cn/periphery/20230831_155428/m--20230831_155428--f000180.jpg,20230831_155428,mauritius,original,video,False,train,424.59311224489795
data/processed/mauritius/video/not_augmented/cull2_green_bg/head/224/occ/cn/periphery/20230831_155428/m--20230831_155428--f000182.jpg,20230831_155428,mauritius,original,video,False,train,346.04205197704084
data/processed/mauritius/video/not_augmented/cull2_green_bg/head/224/occ/cn/periphery/20230831_155428/m--20230831_155428--f000184.jpg,20230831_155428,mauritius,original,video,False,train,428.6983418367347
data/processed/mauritius/video/not_augmented/cull2_green_bg/head/224/occ/cn/periphery/20230831_155428/m--20230831_155428--f000186.jpg,20230831_155428,mauritius,original,video,False,train,490.57876275510205
data/processed/mauritius/video/not_augmented/cull2_green_bg/head/224/occ/cn/periphery/20230831_155428/m--20230831_155428--f000190.jpg,20230831_155428,mauritius,original,video,False,train,539.3992745535714
data/processed/mauritius/video/not_augmented/cull2_green_bg/head/224/occ/cn/periphery/20230831_155428/m--20230831_155428--f000192.jpg,20230831_155428,mauritius,original,video,False,train,443.9339524872449
data/processed/mauritius/video/not_augmented/cull2_green_bg/head/224/occ/cn/periphery/20230831_155428/m--20230831_155428--f000194.jpg,20230831_155428,mauritius,original,video,False,train,332.9300860969388
data/processed/mauritius/video/not_augmented/cull2_green_bg/head/224/occ/cn/periphery/20230831_155428/m--20230831_155428--f001002.jpg,20230831_155428,mauritius,original,video,False,train,66.1419004959049
data/processed/mauritius/video/not_augmented/cull2_green_bg/head/224/occ/cn/periphery/20230831_155428/m--20230831_155428--f001004.jpg,20230831_155428,mauritius,original,video,False,train,81.28989955357143
data/processed/mauritius/video/not_augmented/cull2_green_bg/head/224/occ/cn/periphery/20230831_155428/m--20230831_155428--f001008.jpg,20230831_155428,mauritius,original,video,False,train,66.3345025510204
data/processed/mauritius/video/not_augmented/cull2_green_bg/head/224/occ/cn/periphery/20230831_155428/m--20230831_155428--f001016.jpg,20230831_155428,mauritius,original,video,False,train,91.01311383928571
data/processed/mauritius/video/not_augmented/cull2_green_bg/head/224/occ/cn/periphery/20230831_155428/m--20230831_155428--f001018.jpg,20230831_155428,mauritius,original,video,False,train,85.38982780612245
data/processed/mauritius/video/not_augmented/cull2_green_bg/head/224/occ/cn/periphery/20230831_155428/m--20230831_155428--f001020.jpg,20230831_155428,mauritius,original,video,False,train,107.01558514030613
data/processed/mauritius/video/not_augmented/cull2_green_bg/head/224/occ/cn/periphery/20230831_155428/m--20230831_155428--f001022.jpg,20230831_155428,mauritius,original,video,False,train,86.45274633251097
data/processed/mauritius/video/not_augmented/cull2_green_bg/head/224/occ/cn/periphery/20230831_155428/m--20230831_155428--f001098.jpg,20230831_155428,mauritius,original,video,False,train,115.45280612244898
data/processed/mauritius/video/not_augmented/cull2_green_bg/head/224/occ/cn/periphery/20230831_155428/m--20230831_155428--f001102.jpg,20230831_155428,mauritius,original,video,False,train,230.0358737244898
data/processed/mauritius/video/not_augmented/cull2_green_bg/head/224/occ/cn/periphery/20230831_155428/m--20230831_155428--f001104.jpg,20230831_155428,mauritius,original,video,False,train,151.77443399234693
data/processed/mauritius/video/not_augmented/cull2_green_bg/head/224/occ/cn/periphery/20230831_155428/m--20230831_155428--f001106.jpg,20230831_155428,mauritius,original,video,False,train,94.77189544676148
data/processed/mauritius/video/not_augmented/cull2_green_bg/head/224/occ/cn/periphery/20230831_155428/m--20230831_155428--f001110.jpg,20230831_155428,mauritius,original,video,False,train,114.49298469387755
data/processed/mauritius/video/not_augmented/cull2_green_bg/head/224/occ/cn/periphery/20230831_155428/m--20230831_155428--f001112.jpg,20230831_155428,mauritius,original,video,False,train,79.49346301020408
data/processed/mauritius/video/not_augmented/cull2_green_bg/head/224/occ/cn/periphery/20230831_155428/m--20230831_155428--f001118.jpg,20230831_155428,mauritius,original,video,False,train,96.83814056750786
data/processed/mauritius/video/not_augmented/cull2_green_bg/head/224/occ/cn/periphery/20230831_155428/m--20230831_155428--f001142.jpg,20230831_155428,mauritius,original,video,False,train,159.52172353316325
data/processed/mauritius/video/not_augmented/cull2_green_bg/head/224/occ/cn/periphery/20230831_155428/m--20230831_155428--f001146.jpg,20230831_155428,mauritius,original,video,False,train,131.19862085459184
data/processed/mauritius/video/not_augmented/cull2_green_bg/head/224/occ/cn/periphery/20230831_155428/m--20230831_155428--f001152.jpg,20230831_155428,mauritius,original,video,False,train,100.89624521683673
data/processed/mauritius/video/not_augmented/cull2_green_bg/head/224/occ/cn/periphery/20230831_155428/m--20230831_155428--f001154.jpg,20230831_155428,mauritius,original,video,False,train,59.73875559433854
data/processed/mauritius/video/not_augmented/cull2_green_bg/head/224/occ/cn/periphery/20230831_155428/m--20230831_155428--f001156.jpg,20230831_155428,mauritius,original,video,False,train,55.39347471986299
data/processed/mauritius/video/not_augmented/cull2_green_bg/head/224/occ/cn/periphery/20230831_155428/m--20230831_155428--f001158.jpg,20230831_155428,mauritius,original,video,False,train,46.969666671276286
data/processed/mauritius/video/not_augmented/cull2_green_bg/head/224/occ/cn/periphery/20230831_155428/m--20230831_155428--f001160.jpg,20230831_155428,mauritius,original,video,False,train,83.37814891581633
data/processed/mauritius/video/not_augmented/cull2_green_bg/head/224/occ/cn/periphery/20230831_155428/m--20230831_155428--f001162.jpg,20230831_155428,mauritius,original,video,False,train,79.63596141581633
data/processed/mauritius/video/not_augmented/cull2_green_bg/head/224/occ/cn/periphery/20230831_155428/m--20230831_155428--f001166.jpg,20230831_155428,mauritius,original,video,False,train,118.96384725765306
data/processed/mauritius/video/not_augmented/cull2_green_bg/head/224/occ/cn/periphery/20230831_160214/m--20230831_160214--f000932.jpg,20230831_160214,mauritius,original,video,False,train,447.2578125
data/processed/mauritius/video/not_augmented/cull2_green_bg/head/224/occ/cn/periphery/20230831_160214/m--20230831_160214--f000934.jpg,20230831_160214,mauritius,original,video,False,train,415.69056919642856
data/processed/mauritius/video/not_augmented/cull2_green_bg/head/224/occ/cn/periphery/20230831_160214/m--20230831_160214--f000936.jpg,20230831_160214,mauritius,original,video,False,train,430.3171237244898
data/processed/mauritius/video/not_augmented/cull2_green_bg/head/224/occ/cn/periphery/20230831_160214/m--20230831_160214--f000938.jpg,20230831_160214,mauritius,original,video,False,train,398.8686224489796
data/processed/mauritius/video/not_augmented/cull2_green_bg/head/224/occ/cn/periphery/20230831_160214/m--20230831_160214--f000940.jpg,20230831_160214,mauritius,original,video,False,train,527.0534518494898
data/processed/mauritius/video/not_augmented/cull2_green_bg/head/224/occ/cn/periphery/20230831_160214/m--20230831_160214--f000942.jpg,20230831_160214,mauritius,original,video,False,train,556.1615114795918
data/processed/mauritius/video/not_augmented/cull2_green_bg/head/224/occ/cn/periphery/20230831_160214/m--20230831_160214--f000944.jpg,20230831_160214,mauritius,original,video,False,train,670.7148038903061
data/processed/mauritius/video/not_augmented/cull2_green_bg/head/224/occ/cn/periphery/20230831_160214/m--20230831_160214--f000946.jpg,20230831_160214,mauritius,original,video,False,train,677.1098931760204
data/processed/mauritius/video/not_augmented/cull2_green_bg/head/224/occ/cn/periphery/20230831_160214/m--20230831_160214--f000948.jpg,20230831_160214,mauritius,original,video,False,train,594.5187739158164
data/processed/mauritius/video/not_augmented/cull2_green_bg/head/224/occ/cn/periphery/20230831_160214/m--20230831_160214--f001140.jpg,20230831_160214,mauritius,original,video,False,train,70.91155102788184
data/processed/mauritius/video/not_augmented/cull2_green_bg/head/224/occ/cn/periphery/20230831_160214/m--20230831_160214--f001144.jpg,20230831_160214,mauritius,original,video,False,train,69.8547049081112
data/processed/mauritius/video/not_augmented/cull2_green_bg/head/224/occ/cn/periphery/20230831_160214/m--20230831_160214--f001208.jpg,20230831_160214,mauritius,original,video,False,train,88.08679447984359
data/processed/mauritius/video/not_augmented/cull2_green_bg/head/224/occ/cn/periphery/20230831_160214/m--20230831_160214--f001210.jpg,20230831_160214,mauritius,original,video,False,train,91.0836256377551
data/processed/mauritius/video/not_augmented/cull2_green_bg/head/224/occ/cn/periphery/20230831_160214/m--20230831_160214--f001212.jpg,20230831_160214,mauritius,original,video,False,train,107.08171237244898
data/processed/mauritius/video/not_augmented/cull2_green_bg/head/224/occ/cn/periphery/20230831_160214/m--20230831_160214--f001214.jpg,20230831_160214,mauritius,original,video,False,train,117.18443080357143
data/processed/mauritius/video/not_augmented/cull2_green_bg/head/224/occ/cn/periphery/20230831_161620/m--20230831_161620--f000152.jpg,20230831_161620,mauritius,original,video,False,train,90.42083864795919
data/processed/mauritius/video/not_augmented/cull2_green_bg/head/224/occ/cn/periphery/20230831_161620/m--20230831_161620--f000154.jpg,20230831_161620,mauritius,original,video,False,train,79.97446986567422
data/processed/mauritius/video/not_augmented/cull2_green_bg/head/224/occ/cn/periphery/20230831_161620/m--20230831_161620--f000158.jpg,20230831_161620,mauritius,original,video,False,train,97.3061224489796
data/processed/mauritius/video/not_augmented/cull2_green_bg/head/224/occ/cn/periphery/20230831_161620/m--20230831_161620--f000162.jpg,20230831_161620,mauritius,original,video,False,train,103.57178730867346
data/processed/mauritius/video/not_augmented/cull2_green_bg/head/224/occ/cn/periphery/20230831_161620/m--20230831_161620--f000166.jpg,20230831_161620,mauritius,original,video,False,train,97.61411830357143
data/processed/mauritius/video/not_augmented/cull2_green_bg/head/224/occ/cn/periphery/20230831_161620/m--20230831_161620--f000168.jpg,20230831_161620,mauritius,original,video,False,train,96.69483418367346
data/processed/mauritius/video/not_augmented/cull2_green_bg/head/224/occ/cn/periphery/20230831_161620/m--20230831_161620--f000170.jpg,20230831_161620,mauritius,original,video,False,train,93.646484375
data/processed/mauritius/video/not_augmented/cull2_green_bg/head/224/occ/cn/periphery/20230831_161620/m--20230831_161620--f000172.jpg,20230831_161620,mauritius,original,video,False,train,114.3433912627551
data/processed/mauritius/video/not_augmented/cull2_green_bg/head/224/occ/cn/periphery/20230831_161620/m--20230831_161620--f000174.jpg,20230831_161620,mauritius,original,video,False,train,147.54663584183675
data/processed/mauritius/video/not_augmented/cull2_green_bg/head/224/occ/cn/periphery/20230831_161620/m--20230831_161620--f000176.jpg,20230831_161620,mauritius,original,video,False,train,240.6993781887755
data/processed/mauritius/video/not_augmented/cull2_green_bg/head/224/occ/cn/periphery/20230831_161620/m--20230831_161620--f000178.jpg,20230831_161620,mauritius,original,video,False,train,181.94722576530611
data/processed/mauritius/video/not_augmented/cull2_green_bg/head/224/occ/cn/periphery/20230831_161620/m--20230831_161620--f000180.jpg,20230831_161620,mauritius,original,video,False,train,215.83733258928572
data/processed/mauritius/video/not_augmented/cull2_green_bg/head/224/occ/cn/periphery/20230831_161620/m--20230831_161620--f000182.jpg,20230831_161620,mauritius,original,video,False,train,165.92582110969389
data/processed/mauritius/video/not_augmented/cull2_green_bg/head/224/occ/cn/periphery/20230831_161620/m--20230831_161620--f000184.jpg,20230831_161620,mauritius,original,video,False,train,263.50454400510205
data/processed/mauritius/video/not_augmented/cull2_green_bg/head/224/occ/cn/periphery/20230831_161620/m--20230831_161620--f000186.jpg,20230831_161620,mauritius,original,video,False,train,361.5565210459184
data/processed/mauritius/video/not_augmented/cull2_green_bg/head/224/occ/cn/periphery/20230831_161620/m--20230831_161620--f000188.jpg,20230831_161620,mauritius,original,video,False,train,452.7615194515306
data/processed/mauritius/video/not_augmented/cull2_green_bg/head/224/occ/cn/periphery/20230831_161620/m--20230831_161620--f000190.jpg,20230831_161620,mauritius,original,video,False,train,441.81046715561223
data/processed/mauritius/video/not_augmented/cull2_green_bg/head/224/occ/cn/periphery/20230831_161620/m--20230831_161620--f000192.jpg,20230831_161620,mauritius,original,video,False,train,492.96918845663265
data/processed/mauritius/video/not_augmented/cull2_green_bg/head/224/occ/cn/periphery/20230831_161620/m--20230831_161620--f000194.jpg,20230831_161620,mauritius,original,video,False,train,482.89656409438777
data/processed/mauritius/video/not_augmented/cull2_green_bg/head/224/occ/cn/periphery/20230831_161620/m--20230831_161620--f000196.jpg,20230831_161620,mauritius,original,video,False,train,531.407565369898
data/processed/mauritius/video/not_augmented/cull2_green_bg/head/224/occ/cn/periphery/20230831_161620/m--20230831_161620--f000198.jpg,20230831_161620,mauritius,original,video,False,train,504.7135682397959
data/processed/mauritius/video/not_augmented/cull2_green_bg/head/224/occ/cn/periphery/20230831_161620/m--20230831_161620--f000200.jpg,20230831_161620,mauritius,original,video,False,train,457.0730229591837
data/processed/mauritius/video/not_augmented/cull2_green_bg/head/224/occ/cn/periphery/20230831_161620/m--20230831_161620--f000202.jpg,20230831_161620,mauritius,original,video,False,train,496.2347337372449
data/processed/mauritius/video/not_augmented/cull2_green_bg/head/224/occ/cn/periphery/20230831_161620/m--20230831_161620--f000204.jpg,20230831_161620,mauritius,original,video,False,train,455.2936862244898
data/processed/mauritius/video/not_augmented/cull2_green_bg/head/224/occ/cn/periphery/20230831_161620/m--20230831_161620--f000206.jpg,20230831_161620,mauritius,original,video,False,train,459.5798788265306
data/processed/mauritius/video/not_augmented/cull2_green_bg/head/224/occ/cn/periphery/20230831_161620/m--20230831_161620--f000208.jpg,20230831_161620,mauritius,original,video,False,train,457.3709343112245
data/processed/mauritius/video/not_augmented/cull2_green_bg/head/224/occ/cn/periphery/20230831_161620/m--20230831_161620--f000210.jpg,20230831_161620,mauritius,original,video,False,train,521.5995695153061
data/processed/mauritius/video/not_augmented/cull2_green_bg/head/224/occ/cn/periphery/20230831_161620/m--20230831_161620--f000212.jpg,20230831_161620,mauritius,original,video,False,train,526.4376195790817
data/processed/mauritius/video/not_augmented/cull2_green_bg/head/224/occ/cn/periphery/20230831_161620/m--20230831_161620--f000214.jpg,20230831_161620,mauritius,original,video,False,train,505.63081951530614
data/processed/mauritius/video/not_augmented/cull2_green_bg/head/224/occ/cn/periphery/20230831_161620/m--20230831_161620--f000216.jpg,20230831_161620,mauritius,original,video,False,train,511.6178651147959
data/processed/mauritius/video/not_augmented/cull2_green_bg/head/224/occ/cn/periphery/20230831_161620/m--20230831_161620--f000218.jpg,20230831_161620,mauritius,original,video,False,train,513.668965242347
data/processed/mauritius/video/not_augmented/cull2_green_bg/head/224/occ/cn/periphery/20230831_161620/m--20230831_161620--f000220.jpg,20230831_161620,mauritius,original,video,False,train,429.25689572704084
data/processed/mauritius/video/not_augmented/cull2_green_bg/head/224/occ/cn/periphery/20230831_161620/m--20230831_161620--f000222.jpg,20230831_161620,mauritius,original,video,False,train,365.07904177295916
data/processed/mauritius/video/not_augmented/cull2_green_bg/head/224/occ/cn/periphery/20230831_161620/m--20230831_161620--f000224.jpg,20230831_161620,mauritius,original,video,False,train,281.96763392857144
data/processed/mauritius/video/not_augmented/cull2_green_bg/head/224/occ/cn/periphery/20230831_161620/m--20230831_161620--f000226.jpg,20230831_161620,mauritius,original,video,False,train,154.12424266581633
data/processed/mauritius/video/not_augmented/cull2_green_bg/head/224/occ/cn/periphery/20230831_161620/m--20230831_161620--f000228.jpg,20230831_161620,mauritius,original,video,False,train,102.3012994260204
data/processed/mauritius/video/not_augmented/cull2_green_bg/head/224/occ/cn/periphery/20230831_161620/m--20230831_161620--f000230.jpg,20230831_161620,mauritius,original,video,False,train,91.35638552295919
data/processed/mauritius/video/not_augmented/cull2_green_bg/head/224/occ/cn/periphery/20230831_161620/m--20230831_161620--f000232.jpg,20230831_161620,mauritius,original,video,False,train,77.00757334183673
data/processed/mauritius/video/not_augmented/cull2_green_bg/head/224/occ/cn/periphery/20230831_161620/m--20230831_161620--f000234.jpg,20230831_161620,mauritius,original,video,False,train,75.92984693877551
data/processed/mauritius/video/not_augmented/cull2_green_bg/head/224/occ/cn/periphery/20230831_161620/m--20230831_161620--f001140.jpg,20230831_161620,mauritius,original,video,False,train,803.4568319515306
data/processed/mauritius/video/not_augmented/cull2_green_bg/head/224/occ/cn/periphery/20230831_161620/m--20230831_161620--f001142.jpg,20230831_161620,mauritius,original,video,False,train,814.57421875
data/processed/mauritius/video/not_augmented/cull2_green_bg/head/224/occ/cn/periphery/20230831_161620/m--20230831_161620--f001144.jpg,20230831_161620,mauritius,original,video,False,train,762.9314811862245
data/processed/mauritius/video/not_augmented/cull2_green_bg/head/224/occ/cn/periphery/20230831_161620/m--20230831_161620--f001146.jpg,20230831_161620,mauritius,original,video,False,train,803.0796396683673
data/processed/mauritius/video/not_augmented/cull2_green_bg/head/224/occ/cn/periphery/20230831_161620/m--20230831_161620--f001148.jpg,20230831_161620,mauritius,original,video,False,train,738.6641023596939
data/processed/mauritius/video/not_augmented/cull2_green_bg/head/224/occ/cn/periphery/20230831_161620/m--20230831_161620--f001150.jpg,20230831_161620,mauritius,original,video,False,train,671.3979193239796
data/processed/mauritius/video/not_augmented/cull2_green_bg/head/224/occ/cn/periphery/20230831_161620/m--20230831_161620--f001152.jpg,20230831_161620,mauritius,original,video,False,train,661.139987244898
data/processed/mauritius/video/not_augmented/cull2_green_bg/head/224/occ/cn/periphery/20230831_161620/m--20230831_161620--f001154.jpg,20230831_161620,mauritius,original,video,False,train,828.0024314413265
data/processed/mauritius/video/not_augmented/cull2_green_bg/head/224/occ/cn/periphery/20230831_161620/m--20230831_161620--f001156.jpg,20230831_161620,mauritius,original,video,False,train,654.8087133290817
data/processed/mauritius/video/not_augmented/cull2_green_bg/head/224/occ/cn/periphery/20230831_161620/m--20230831_161620--f001158.jpg,20230831_161620,mauritius,original,video,False,train,622.3601721938776
data/processed/mauritius/video/not_augmented/cull2_green_bg/head/224/occ/cn/periphery/20230831_161620/m--20230831_161620--f001160.jpg,20230831_161620,mauritius,original,video,False,train,491.18634406887753
data/processed/mauritius/video/not_augmented/cull2_green_bg/head/224/occ/cn/periphery/20230831_161620/m--20230831_161620--f001162.jpg,20230831_161620,mauritius,original,video,False,train,544.0284996811224
data/processed/mauritius/video/not_augmented/cull2_green_bg/head/224/occ/cn/periphery/20230831_161620/m--20230831_161620--f001164.jpg,20230831_161620,mauritius,original,video,False,train,604.168287627551
data/processed/mauritius/video/not_augmented/cull2_green_bg/head/224/occ/cn/periphery/20230831_161620/m--20230831_161620--f001166.jpg,20230831_161620,mauritius,original,video,False,train,574.7319036989796
data/processed/mauritius/video/not_augmented/cull2_green_bg/head/224/occ/cn/periphery/20230831_161620/m--20230831_161620--f001168.jpg,20230831_161620,mauritius,original,video,False,train,450.46651785714283
data/processed/mauritius/video/not_augmented/cull2_green_bg/head/224/occ/cn/periphery/20230831_161620/m--20230831_161620--f001170.jpg,20230831_161620,mauritius,original,video,False,train,434.9337531887755
data/processed/mauritius/video/not_augmented/cull2_green_bg/head/224/occ/cn/periphery/20230831_161620/m--20230831_161620--f001172.jpg,20230831_161620,mauritius,original,video,False,train,467.43359375
data/processed/mauritius/video/not_augmented/cull2_green_bg/head/224/occ/cn/periphery/20230831_161620/m--20230831_161620--f001174.jpg,20230831_161620,mauritius,original,video,False,train,510.861328125
data/processed/mauritius/video/not_augmented/cull2_green_bg/head/224/occ/cn/periphery/20230831_161620/m--20230831_161620--f001176.jpg,20230831_161620,mauritius,original,video,False,train,418.01339285714283
data/processed/mauritius/video/not_augmented/cull2_green_bg/head/224/occ/cn/periphery/20230831_161620/m--20230831_161620--f001178.jpg,20230831_161620,mauritius,original,video,False,train,418.89544802295916
data/processed/mauritius/video/not_augmented/cull2_green_bg/head/224/occ/cn/periphery/20230831_161620/m--20230831_161620--f001180.jpg,20230831_161620,mauritius,original,video,False,train,435.3285235969388
data/processed/mauritius/video/not_augmented/cull2_green_bg/head/224/occ/cn/periphery/20230831_161620/m--20230831_161620--f001182.jpg,20230831_161620,mauritius,original,video,False,train,375.9513711734694
data/processed/mauritius/video/not_augmented/cull2_green_bg/head/224/occ/cn/periphery/20230831_161620/m--20230831_161620--f001184.jpg,20230831_161620,mauritius,original,video,False,train,348.63372927295916
data/processed/mauritius/video/not_augmented/cull2_green_bg/head/224/occ/cn/periphery/20230831_161620/m--20230831_161620--f001186.jpg,20230831_161620,mauritius,original,video,False,train,288.6472417091837
data/processed/mauritius/video/not_augmented/cull2_green_bg/head/224/occ/cn/periphery/20230831_161620/m--20230831_161620--f001188.jpg,20230831_161620,mauritius,original,video,False,train,202.58474170918367
data/processed/mauritius/video/not_augmented/cull2_green_bg/head/224/occ/cn/periphery/20230831_161620/m--20230831_161620--f001190.jpg,20230831_161620,mauritius,original,video,False,train,131.36531409438774
data/processed/mauritius/video/not_augmented/cull2_green_bg/head/224/occ/cn/periphery/20230831_161620/m--20230831_161620--f001192.jpg,20230831_161620,mauritius,original,video,False,train,182.8932557397959
data/processed/mauritius/video/not_augmented/cull2_green_bg/head/224/occ/cn/periphery/20230831_161620/m--20230831_161620--f001194.jpg,20230831_161620,mauritius,original,video,False,train,140.43949298469389
data/processed/mauritius/video/not_augmented/cull2_green_bg/head/224/occ/cn/periphery/20230831_161620/m--20230831_161620--f001196.jpg,20230831_161620,mauritius,original,video,False,train,128.8025350765306
data/processed/mauritius/video/not_augmented/cull2_green_bg/head/224/occ/cn/periphery/20230831_161620/m--20230831_161620--f001198.jpg,20230831_161620,mauritius,original,video,False,train,143.9328762755102
data/processed/mauritius/video/not_augmented/cull2_green_bg/head/224/occ/cn/periphery/20230831_161620/m--20230831_161620--f001200.jpg,20230831_161620,mauritius,original,video,False,train,213.70874521683675
data/processed/mauritius/video/not_augmented/cull2_green_bg/head/224/occ/cn/periphery/20230831_161620/m--20230831_161620--f001202.jpg,20230831_161620,mauritius,original,video,False,train,246.37292729591837
data/processed/mauritius/video/not_augmented/cull2_green_bg/head/224/occ/cn/periphery/20230831_161620/m--20230831_161620--f001204.jpg,20230831_161620,mauritius,original,video,False,train,237.3263711734694
data/processed/mauritius/video/not_augmented/cull2_green_bg/head/224/occ/cn/periphery/20230831_161620/m--20230831_161620--f001206.jpg,20230831_161620,mauritius,original,video,False,train,311.5715481505102
data/processed/mauritius/video/not_augmented/cull2_green_bg/head/224/occ/cn/periphery/20230831_161620/m--20230831_161620--f001208.jpg,20230831_161620,mauritius,original,video,False,train,285.6793287627551
data/processed/mauritius/video/not_augmented/cull2_green_bg/head/224/occ/cn/periphery/20230831_161620/m--20230831_161620--f001210.jpg,20230831_161620,mauritius,original,video,False,train,201.1241230867347
data/processed/mauritius/video/not_augmented/cull2_green_bg/head/224/occ/cn/periphery/20230831_161620/m--20230831_161620--f001212.jpg,20230831_161620,mauritius,original,video,False,train,202.4722975127551
data/processed/mauritius/video/not_augmented/cull2_green_bg/head/224/occ/cn/periphery/20230831_161620/m--20230831_161620--f001214.jpg,20230831_161620,mauritius,original,video,False,train,236.78324298469389
data/processed/mauritius/video/not_augmented/cull2_green_bg/head/224/occ/cn/periphery/20230831_161620/m--20230831_161620--f001216.jpg,20230831_161620,mauritius,original,video,False,train,244.75418526785714
data/processed/mauritius/video/not_augmented/cull2_green_bg/head/224/occ/cn/periphery/20230831_161620/m--20230831_161620--f001218.jpg,20230831_161620,mauritius,original,video,False,train,254.1150749362245
data/processed/mauritius/video/not_augmented/cull2_green_bg/head/224/occ/cn/periphery/20230831_161620/m--20230831_161620--f001220.jpg,20230831_161620,mauritius,original,video,False,train,298.064134247449
data/processed/mauritius/video/not_augmented/cull2_green_bg/head/224/occ/cn/periphery/20230831_162051/m--20230831_162051--f000154.jpg,20230831_162051,mauritius,original,video,False,train,134.77712448951058
data/processed/mauritius/video/not_augmented/cull2_green_bg/head/224/occ/cn/periphery/20230831_162051/m--20230831_162051--f000156.jpg,20230831_162051,mauritius,original,video,False,train,120.55192939602597
data/processed/mauritius/video/not_augmented/cull2_green_bg/head/224/occ/cn/periphery/20230831_162051/m--20230831_162051--f000158.jpg,20230831_162051,mauritius,original,video,False,train,93.1978994589555
data/processed/mauritius/video/not_augmented/cull2_green_bg/head/224/occ/cn/periphery/20230831_162051/m--20230831_162051--f000160.jpg,20230831_162051,mauritius,original,video,False,train,88.46316964285714
data/processed/mauritius/video/not_augmented/cull2_green_bg/head/224/occ/cn/periphery/20230831_162051/m--20230831_162051--f000164.jpg,20230831_162051,mauritius,original,video,False,train,323.87703284438777
data/processed/mauritius/video/not_augmented/cull2_green_bg/head/224/occ/cn/periphery/20230831_162051/m--20230831_162051--f000170.jpg,20230831_162051,mauritius,original,video,False,train,336.615234375
data/processed/mauritius/video/not_augmented/cull2_green_bg/head/224/occ/cn/periphery/20230831_162051/m--20230831_162051--f000178.jpg,20230831_162051,mauritius,original,video,False,train,376.66820790816325
data/processed/mauritius/video/not_augmented/cull2_green_bg/head/224/occ/cn/periphery/20230831_162051/m--20230831_162051--f000180.jpg,20230831_162051,mauritius,original,video,False,train,158.94391741071428
data/processed/mauritius/video/not_augmented/cull2_green_bg/head/224/occ/cn/periphery/20230831_162051/m--20230831_162051--f000190.jpg,20230831_162051,mauritius,original,video,False,train,249.9957548532323
data/processed/mauritius/video/not_augmented/cull2_green_bg/head/224/occ/cn/periphery/20230831_162051/m--20230831_162051--f000192.jpg,20230831_162051,mauritius,original,video,False,train,289.9005899234694
data/processed/mauritius/video/not_augmented/cull2_green_bg/head/224/occ/cn/periphery/20230831_162051/m--20230831_162051--f000194.jpg,20230831_162051,mauritius,original,video,False,train,299.5852200255102
data/processed/mauritius/video/not_augmented/cull2_green_bg/head/224/occ/cn/periphery/20230831_162051/m--20230831_162051--f000198.jpg,20230831_162051,mauritius,original,video,False,train,451.59291294642856
data/processed/mauritius/video/not_augmented/cull2_green_bg/head/224/occ/cn/periphery/20230831_162051/m--20230831_162051--f000200.jpg,20230831_162051,mauritius,original,video,False,train,624.1265545280612
data/processed/mauritius/video/not_augmented/cull2_green_bg/head/224/occ/cn/periphery/20230831_162051/m--20230831_162051--f000202.jpg,20230831_162051,mauritius,original,video,False,train,566.8130181760204
data/processed/mauritius/video/not_augmented/cull2_green_bg/head/224/occ/cn/periphery/20230831_162051/m--20230831_162051--f000216.jpg,20230831_162051,mauritius,original,video,False,train,643.5076929209183
data/processed/mauritius/video/not_augmented/cull2_green_bg/head/224/occ/cn/periphery/20230831_162051/m--20230831_162051--f000220.jpg,20230831_162051,mauritius,original,video,False,train,498.4080038265306
data/processed/mauritius/video/not_augmented/cull2_green_bg/head/224/occ/cn/periphery/20230831_162051/m--20230831_162051--f000228.jpg,20230831_162051,mauritius,original,video,False,train,437.7303093112245
data/processed/mauritius/video/not_augmented/cull2_green_bg/head/224/occ/cn/periphery/20230831_162051/m--20230831_162051--f000230.jpg,20230831_162051,mauritius,original,video,False,train,148.0218431122449
data/processed/mauritius/video/not_augmented/cull2_green_bg/head/224/occ/cn/periphery/20230831_162051/m--20230831_162051--f000232.jpg,20230831_162051,mauritius,original,video,False,train,104.92709661989795
data/processed/mauritius/video/not_augmented/cull2_green_bg/head/224/occ/cn/periphery/20230831_162051/m--20230831_162051--f000234.jpg,20230831_162051,mauritius,original,video,False,train,82.52742346938776
data/processed/mauritius/video/not_augmented/cull2_green_bg/head/224/occ/cn/periphery/20230831_162051/m--20230831_162051--f000236.jpg,20230831_162051,mauritius,original,video,False,train,80.65664859693878
data/processed/mauritius/video/not_augmented/cull2_green_bg/head/224/occ/cn/periphery/20230831_162051/m--20230831_162051--f000956.jpg,20230831_162051,mauritius,original,video,False,train,200.5009167729592
data/processed/mauritius/video/not_augmented/cull2_green_bg/head/224/occ/cn/periphery/20230831_162051/m--20230831_162051--f000964.jpg,20230831_162051,mauritius,original,video,False,train,232.27594866071428
data/processed/mauritius/video/not_augmented/cull2_green_bg/head/224/occ/cn/periphery/20230831_162051/m--20230831_162051--f000966.jpg,20230831_162051,mauritius,original,video,False,train,349.1516262755102
data/processed/mauritius/video/not_augmented/cull2_green_bg/head/224/occ/cn/periphery/20230831_162051/m--20230831_162051--f000968.jpg,20230831_162051,mauritius,original,video,False,train,237.64038584183675
data/processed/mauritius/video/not_augmented/cull2_green_bg/head/224/occ/cn/periphery/20230831_162051/m--20230831_162051--f000970.jpg,20230831_162051,mauritius,original,video,False,train,245.28180803571428
data/processed/mauritius/video/not_augmented/cull2_green_bg/head/224/occ/cn/periphery/20230831_162051/m--20230831_162051--f000974.jpg,20230831_162051,mauritius,original,video,False,train,419.5525350765306
data/processed/mauritius/video/not_augmented/cull2_green_bg/head/224/occ/cn/periphery/20230831_162051/m--20230831_162051--f001402.jpg,20230831_162051,mauritius,original,video,False,train,109.19319993622449
data/processed/mauritius/video/not_augmented/cull2_green_bg/head/224/occ/cn/periphery/20230831_162051/m--20230831_162051--f001404.jpg,20230831_162051,mauritius,original,video,False,train,104.08422353316327
data/processed/mauritius/video/not_augmented/cull2_green_bg/head/224/occ/cn/periphery/20230831_162051/m--20230831_162051--f001406.jpg,20230831_162051,mauritius,original,video,False,train,96.03041294642857
data/processed/mauritius/video/not_augmented/cull2_green_bg/head/224/occ/cn/periphery/20230831_162051/m--20230831_162051--f001408.jpg,20230831_162051,mauritius,original,video,False,train,98.86029177295919
data/processed/mauritius/video/not_augmented/cull2_green_bg/head/224/occ/cn/periphery/20230831_162051/m--20230831_162051--f001410.jpg,20230831_162051,mauritius,original,video,False,train,101.96185427295919
data/processed/mauritius/video/not_augmented/cull2_green_bg/head/224/occ/cn/periphery/20230831_162051/m--20230831_162051--f001412.jpg,20230831_162051,mauritius,original,video,False,train,105.96380739795919
data/processed/mauritius/video/not_augmented/cull2_green_bg/head/224/occ/cn/periphery/20230831_162051/m--20230831_162051--f001456.jpg,20230831_162051,mauritius,original,video,False,train,543.2560188137755
data/processed/mauritius/video/not_augmented/cull2_green_bg/head/224/occ/cn/periphery/20230831_162051/m--20230831_162051--f001458.jpg,20230831_162051,mauritius,original,video,False,train,452.4817044005102
data/processed/mauritius/video/not_augmented/cull2_green_bg/head/224/occ/cn/periphery/20230831_162051/m--20230831_162051--f001460.jpg,20230831_162051,mauritius,original,video,False,train,511.23214285714283
data/processed/mauritius/video/not_augmented/cull2_green_bg/head/224/occ/cn/periphery/20230831_162051/m--20230831_162051--f001462.jpg,20230831_162051,mauritius,original,video,False,train,527.7893415178571
data/processed/mauritius/video/not_augmented/cull2_green_bg/head/224/occ/cn/periphery/20230831_162051/m--20230831_162051--f001464.jpg,20230831_162051,mauritius,original,video,False,train,333.5884885204082
data/processed/mauritius/video/not_augmented/cull2_green_bg/head/224/occ/cn/periphery/20230831_162746/m--20230831_162746--f000178.jpg,20230831_162746,mauritius,original,video,False,val,190.95228794642858
data/processed/mauritius/video/not_augmented/cull2_green_bg/head/224/occ/cn/periphery/20230831_162746/m--20230831_162746--f000180.jpg,20230831_162746,mauritius,original,video,False,val,212.75633769132654
data/processed/mauritius/video/not_augmented/cull2_green_bg/head/224/occ/cn/periphery/20230831_162746/m--20230831_162746--f000182.jpg,20230831_162746,mauritius,original,video,False,val,313.5635762117347
data/processed/mauritius/video/not_augmented/cull2_green_bg/head/224/occ/cn/periphery/20230831_162746/m--20230831_162746--f000184.jpg,20230831_162746,mauritius,original,video,False,val,294.63309151785717
data/processed/mauritius/video/not_augmented/cull2_green_bg/head/224/occ/cn/periphery/20230831_162746/m--20230831_162746--f000186.jpg,20230831_162746,mauritius,original,video,False,val,308.71261160714283
data/processed/mauritius/video/not_augmented/cull2_green_bg/head/224/occ/cn/periphery/20230831_162746/m--20230831_162746--f000208.jpg,20230831_162746,mauritius,original,video,False,val,79.36061065051021
data/processed/mauritius/video/not_augmented/cull2_green_bg/head/224/occ/cn/periphery/20230831_162746/m--20230831_162746--f000210.jpg,20230831_162746,mauritius,original,video,False,val,56.250059789143606
data/processed/mauritius/video/not_augmented/cull2_green_bg/head/224/occ/cn/periphery/20230831_163217/m--20230831_163217--f000154.jpg,20230831_163217,mauritius,original,video,False,train,74.01478794642857
data/processed/mauritius/video/not_augmented/cull2_green_bg/head/224/occ/cn/periphery/20230831_163217/m--20230831_163217--f000156.jpg,20230831_163217,mauritius,original,video,False,train,87.80301339285714
data/processed/mauritius/video/not_augmented/cull2_green_bg/head/224/occ/cn/periphery/20230831_163217/m--20230831_163217--f000158.jpg,20230831_163217,mauritius,original,video,False,train,73.63875159438776
data/processed/mauritius/video/not_augmented/cull2_green_bg/head/224/occ/cn/periphery/20230831_163217/m--20230831_163217--f000160.jpg,20230831_163217,mauritius,original,video,False,train,76.65704719387755
data/processed/mauritius/video/not_augmented/cull2_green_bg/head/224/occ/cn/periphery/20230831_163217/m--20230831_163217--f000162.jpg,20230831_163217,mauritius,original,video,False,train,77.38807397959184
data/processed/mauritius/video/not_augmented/cull2_green_bg/head/224/occ/cn/periphery/20230831_163217/m--20230831_163217--f000164.jpg,20230831_163217,mauritius,original,video,False,train,74.83414381377551
data/processed/mauritius/video/not_augmented/cull2_green_bg/head/224/occ/cn/periphery/20230831_163217/m--20230831_163217--f000166.jpg,20230831_163217,mauritius,original,video,False,train,80.72492825255102
data/processed/mauritius/video/not_augmented/cull2_green_bg/head/224/occ/cn/periphery/20230831_163217/m--20230831_163217--f000168.jpg,20230831_163217,mauritius,original,video,False,train,86.51610331632654
data/processed/mauritius/video/not_augmented/cull2_green_bg/head/224/occ/cn/periphery/20230831_163217/m--20230831_163217--f000170.jpg,20230831_163217,mauritius,original,video,False,train,88.53643176020408
data/processed/mauritius/video/not_augmented/cull2_green_bg/head/224/occ/cn/periphery/20230831_163217/m--20230831_163217--f000172.jpg,20230831_163217,mauritius,original,video,False,train,87.78726881377551
data/processed/mauritius/video/not_augmented/cull2_green_bg/head/224/occ/cn/periphery/20230831_163217/m--20230831_163217--f000226.jpg,20230831_163217,mauritius,original,video,False,train,195.02531090561226
data/processed/mauritius/video/not_augmented/cull2_green_bg/head/224/occ/cn/periphery/20230831_163217/m--20230831_163217--f000228.jpg,20230831_163217,mauritius,original,video,False,train,210.4362244897959
data/processed/mauritius/video/not_augmented/cull2_green_bg/head/224/occ/cn/periphery/20230831_163217/m--20230831_163217--f000230.jpg,20230831_163217,mauritius,original,video,False,train,238.1884167729592
data/processed/mauritius/video/not_augmented/cull2_green_bg/head/224/occ/cn/periphery/20230831_163217/m--20230831_163217--f000232.jpg,20230831_163217,mauritius,original,video,False,train,286.4881218112245
data/processed/mauritius/video/not_augmented/cull2_green_bg/head/224/occ/cn/periphery/20230831_163217/m--20230831_163217--f000234.jpg,20230831_163217,mauritius,original,video,False,train,265.8513632015306
data/processed/mauritius/video/not_augmented/cull2_green_bg/head/224/occ/cn/periphery/20230831_163217/m--20230831_163217--f000236.jpg,20230831_163217,mauritius,original,video,False,train,428.9174107142857
data/processed/mauritius/video/not_augmented/cull2_green_bg/head/224/occ/cn/periphery/20230831_163217/m--20230831_163217--f000238.jpg,20230831_163217,mauritius,original,video,False,train,505.1850685586735
data/processed/mauritius/video/not_augmented/cull2_green_bg/head/224/occ/cn/periphery/20230831_163217/m--20230831_163217--f000240.jpg,20230831_163217,mauritius,original,video,False,train,522.812181122449
data/processed/mauritius/video/not_augmented/cull2_green_bg/head/224/occ/cn/periphery/20230831_163217/m--20230831_163217--f000242.jpg,20230831_163217,mauritius,original,video,False,train,527.210618622449
data/processed/mauritius/video/not_augmented/cull2_green_bg/head/224/occ/cn/periphery/20230831_163217/m--20230831_163217--f000244.jpg,20230831_163217,mauritius,original,video,False,train,517.1329320790817
data/processed/mauritius/video/not_augmented/cull2_green_bg/head/224/occ/cn/periphery/20230831_163217/m--20230831_163217--f000246.jpg,20230831_163217,mauritius,original,video,False,train,426.56449298469386
data/processed/mauritius/video/not_augmented/cull2_green_bg/head/224/occ/cn/periphery/20230831_163217/m--20230831_163217--f000248.jpg,20230831_163217,mauritius,original,video,False,train,524.8409199617347
data/processed/mauritius/video/not_augmented/cull2_green_bg/head/224/occ/cn/periphery/20230831_163217/m--20230831_163217--f000250.jpg,20230831_163217,mauritius,original,video,False,train,478.5866549744898
data/processed/mauritius/video/not_augmented/cull2_green_bg/head/224/occ/cn/periphery/20230831_163217/m--20230831_163217--f000252.jpg,20230831_163217,mauritius,original,video,False,train,543.2394371811224
data/processed/mauritius/video/not_augmented/cull2_green_bg/head/224/occ/cn/periphery/20230831_163217/m--20230831_163217--f000254.jpg,20230831_163217,mauritius,original,video,False,train,471.88663903061223
data/processed/mauritius/video/not_augmented/cull2_green_bg/head/224/occ/cn/periphery/20230831_163217/m--20230831_163217--f000256.jpg,20230831_163217,mauritius,original,video,False,train,389.2084661989796
data/processed/mauritius/video/not_augmented/cull2_green_bg/head/224/occ/cn/periphery/20230831_163217/m--20230831_163217--f000258.jpg,20230831_163217,mauritius,original,video,False,train,252.62472098214286
data/processed/mauritius/video/not_augmented/cull2_green_bg/head/224/occ/cn/periphery/20230831_163217/m--20230831_163217--f000260.jpg,20230831_163217,mauritius,original,video,False,train,135.37013711734693
data/processed/mauritius/video/not_augmented/cull2_green_bg/head/224/occ/cn/periphery/20230831_163217/m--20230831_163217--f000262.jpg,20230831_163217,mauritius,original,video,False,train,102.45475924744898
data/processed/mauritius/video/not_augmented/cull2_green_bg/head/224/occ/cn/periphery/20230831_163217/m--20230831_163217--f000264.jpg,20230831_163217,mauritius,original,video,False,train,92.61874202806122
data/processed/mauritius/video/not_augmented/cull2_green_bg/head/224/occ/cn/periphery/20230831_163217/m--20230831_163217--f000266.jpg,20230831_163217,mauritius,original,video,False,train,82.41434151785714
data/processed/mauritius/video/not_augmented/cull2_green_bg/head/224/occ/cn/periphery/20230831_163217/m--20230831_163217--f000268.jpg,20230831_163217,mauritius,original,video,False,train,76.92203443877551
data/processed/mauritius/video/not_augmented/cull2_green_bg/head/224/occ/cn/periphery/20230831_163217/m--20230831_163217--f000270.jpg,20230831_163217,mauritius,original,video,False,train,80.69407684948979
data/processed/mauritius/video/not_augmented/cull2_green_bg/head/224/occ/cn/periphery/20230831_163217/m--20230831_163217--f001092.jpg,20230831_163217,mauritius,original,video,False,train,87.9163743622449
data/processed/mauritius/video/not_augmented/cull2_green_bg/head/224/occ/cn/periphery/20230831_163217/m--20230831_163217--f001136.jpg,20230831_163217,mauritius,original,video,False,train,286.07306281887753
data/processed/mauritius/video/not_augmented/cull2_green_bg/head/224/occ/cn/periphery/20230831_163217/m--20230831_163217--f001140.jpg,20230831_163217,mauritius,original,video,False,train,254.3606505102041
data/processed/mauritius/video/not_augmented/cull2_green_bg/head/224/occ/cn/periphery/20230831_163217/m--20230831_163217--f001142.jpg,20230831_163217,mauritius,original,video,False,train,382.9473852040816
data/processed/mauritius/video/not_augmented/cull2_green_bg/head/224/occ/cn/periphery/20230831_163217/m--20230831_163217--f001144.jpg,20230831_163217,mauritius,original,video,False,train,380.5812739158163
data/processed/mauritius/video/not_augmented/cull2_green_bg/head/224/occ/cn/periphery/20230831_163217/m--20230831_163217--f001146.jpg,20230831_163217,mauritius,original,video,False,train,327.82641103316325
data/processed/mauritius/video/not_augmented/cull2_green_bg/head/224/occ/cn/periphery/20230831_163217/m--20230831_163217--f001148.jpg,20230831_163217,mauritius,original,video,False,train,366.5969786352041
data/processed/mauritius/video/not_augmented/cull2_green_bg/head/224/occ/cn/periphery/20230831_163217/m--20230831_163217--f001150.jpg,20230831_163217,mauritius,original,video,False,train,364.1739875637755
data/processed/mauritius/video/not_augmented/cull2_green_bg/head/224/occ/cn/periphery/20230831_163217/m--20230831_163217--f001152.jpg,20230831_163217,mauritius,original,video,False,train,354.3887914540816
data/processed/mauritius/video/not_augmented/cull2_green_bg/head/224/occ/cn/periphery/20230831_163217/m--20230831_163217--f001154.jpg,20230831_163217,mauritius,original,video,False,train,258.5851801658163
data/processed/mauritius/video/not_augmented/cull2_green_bg/head/224/occ/cn/periphery/20230831_163217/m--20230831_163217--f001156.jpg,20230831_163217,mauritius,original,video,False,train,264.3550701530612
data/processed/mauritius/video/not_augmented/cull2_green_bg/head/224/occ/cn/periphery/20230831_163217/m--20230831_163217--f001158.jpg,20230831_163217,mauritius,original,video,False,train,236.21795280612244
data/processed/mauritius/video/not_augmented/cull2_green_bg/head/224/occ/cn/periphery/20230831_163217/m--20230831_163217--f001160.jpg,20230831_163217,mauritius,original,video,False,train,246.70834661989795
data/processed/mauritius/video/not_augmented/cull2_green_bg/head/224/occ/cn/periphery/20230831_163217/m--20230831_163217--f001162.jpg,20230831_163217,mauritius,original,video,False,train,278.7162388392857
data/processed/mauritius/video/not_augmented/cull2_green_bg/head/224/occ/cn/periphery/20230831_163217/m--20230831_163217--f001164.jpg,20230831_163217,mauritius,original,video,False,train,320.8246173469388
data/processed/mauritius/video/not_augmented/cull2_green_bg/head/224/occ/cn/periphery/20230831_163217/m--20230831_163217--f001166.jpg,20230831_163217,mauritius,original,video,False,train,101.32366071428571
data/processed/mauritius/video/not_augmented/cull2_green_bg/head/224/occ/cn/periphery/20230831_163217/m--20230831_163217--f001168.jpg,20230831_163217,mauritius,original,video,False,train,97.80915178571429
data/processed/mauritius/video/not_augmented/cull2_green_bg/head/224/occ/cn/periphery/20230831_163217/m--20230831_163217--f001170.jpg,20230831_163217,mauritius,original,video,False,train,95.21141581632654
data/processed/mauritius/video/not_augmented/cull2_green_bg/head/224/occ/cn/periphery/20230831_163217/m--20230831_163217--f001172.jpg,20230831_163217,mauritius,original,video,False,train,76.12288743622449
data/processed/mauritius/video/not_augmented/cull2_green_bg/head/224/occ/cn/periphery/20230831_163217/m--20230831_163217--f001174.jpg,20230831_163217,mauritius,original,video,False,train,73.38038105867346
data/processed/mauritius/video/not_augmented/cull2_green_bg/head/224/occ/cn/periphery/20230831_163217/m--20230831_163217--f001178.jpg,20230831_163217,mauritius,original,video,False,train,80.68761957908163
data/processed/mauritius/video/not_augmented/cull2_green_bg/head/224/occ/cn/periphery/20230831_163217/m--20230831_163217--f001180.jpg,20230831_163217,mauritius,original,video,False,train,72.35833864795919
data/processed/mauritius/video/not_augmented/cull2_green_bg/head/224/occ/cn/periphery/20230831_163217/m--20230831_163217--f001182.jpg,20230831_163217,mauritius,original,video,False,train,71.04017857142857
data/processed/mauritius/video/not_augmented/cull2_green_bg/head/224/occ/cn/periphery/20230831_163217/m--20230831_163217--f001184.jpg,20230831_163217,mauritius,original,video,False,train,71.50601881377551
data/processed/mauritius/video/not_augmented/cull2_green_bg/head/224/occ/cn/periphery/20230831_163217/m--20230831_163217--f001186.jpg,20230831_163217,mauritius,original,video,False,train,69.11750637755102
data/processed/mauritius/video/not_augmented/cull2_green_bg/head/224/occ/cn/periphery/20230831_163217/m--20230831_163217--f001188.jpg,20230831_163217,mauritius,original,video,False,train,72.69702646683673
data/processed/mauritius/video/not_augmented/cull2_green_bg/head/224/occ/cn/periphery/20230831_163217/m--20230831_163217--f001190.jpg,20230831_163217,mauritius,original,video,False,train,75.240234375
data/processed/mauritius/video/not_augmented/cull2_green_bg/head/224/occ/cn/periphery/20230831_163217/m--20230831_163217--f001192.jpg,20230831_163217,mauritius,original,video,False,train,68.93538743622449
data/processed/mauritius/video/not_augmented/cull2_green_bg/head/224/occ/cn/periphery/20230831_163217/m--20230831_163217--f001196.jpg,20230831_163217,mauritius,original,video,False,train,64.84295280612245
data/processed/mauritius/video/not_augmented/cull2_green_bg/head/224/occ/cn/periphery/20230831_163856/m--20230831_163856--f000188.jpg,20230831_163856,mauritius,original,video,False,train,104.45587531887755
data/processed/mauritius/video/not_augmented/cull2_green_bg/head/224/occ/cn/periphery/20230831_163856/m--20230831_163856--f000192.jpg,20230831_163856,mauritius,original,video,False,train,102.7191087372449
data/processed/mauritius/video/not_augmented/cull2_green_bg/head/224/occ/cn/periphery/20230831_163856/m--20230831_163856--f000194.jpg,20230831_163856,mauritius,original,video,False,train,116.07254464285714
data/processed/mauritius/video/not_augmented/cull2_green_bg/head/224/occ/cn/periphery/20230831_163856/m--20230831_163856--f000196.jpg,20230831_163856,mauritius,original,video,False,train,128.08454241071428
data/processed/mauritius/video/not_augmented/cull2_green_bg/head/224/occ/cn/periphery/20230831_163856/m--20230831_163856--f000198.jpg,20230831_163856,mauritius,original,video,False,train,133.09028220663265
data/processed/mauritius/video/not_augmented/cull2_green_bg/head/224/occ/cn/periphery/20230831_163856/m--20230831_163856--f000200.jpg,20230831_163856,mauritius,original,video,False,train,142.2674186862245
data/processed/mauritius/video/not_augmented/cull2_green_bg/head/224/occ/cn/periphery/20230831_163856/m--20230831_163856--f000202.jpg,20230831_163856,mauritius,original,video,False,train,131.8626036352041
data/processed/mauritius/video/not_augmented/cull2_green_bg/head/224/occ/cn/periphery/20230831_163856/m--20230831_163856--f000204.jpg,20230831_163856,mauritius,original,video,False,train,155.26977040816325
data/processed/mauritius/video/not_augmented/cull2_green_bg/head/224/occ/cn/periphery/20230831_163856/m--20230831_163856--f000206.jpg,20230831_163856,mauritius,original,video,False,train,257.744140625
data/processed/mauritius/video/not_augmented/cull2_green_bg/head/224/occ/cn/periphery/20230831_163856/m--20230831_163856--f000208.jpg,20230831_163856,mauritius,original,video,False,train,403.8117426658163
data/processed/mauritius/video/not_augmented/cull2_green_bg/head/224/occ/cn/periphery/20230831_163856/m--20230831_163856--f000210.jpg,20230831_163856,mauritius,original,video,False,train,603.7206632653061
data/processed/mauritius/video/not_augmented/cull2_green_bg/head/224/occ/cn/periphery/20230831_163856/m--20230831_163856--f000212.jpg,20230831_163856,mauritius,original,video,False,train,531.5181760204082
data/processed/mauritius/video/not_augmented/cull2_green_bg/head/224/occ/cn/periphery/20230831_163856/m--20230831_163856--f000214.jpg,20230831_163856,mauritius,original,video,False,train,574.1904894770408
data/processed/mauritius/video/not_augmented/cull2_green_bg/head/224/occ/cn/periphery/20230831_163856/m--20230831_163856--f000216.jpg,20230831_163856,mauritius,original,video,False,train,543.5463568239796
data/processed/mauritius/video/not_augmented/cull2_green_bg/head/224/occ/cn/periphery/20230831_163856/m--20230831_163856--f000218.jpg,20230831_163856,mauritius,original,video,False,train,588.9329958545918
data/processed/mauritius/video/not_augmented/cull2_green_bg/head/224/occ/cn/periphery/20230831_163856/m--20230831_163856--f000220.jpg,20230831_163856,mauritius,original,video,False,train,605.5109614158164
data/processed/mauritius/video/not_augmented/cull2_green_bg/head/224/occ/cn/periphery/20230831_163856/m--20230831_163856--f000222.jpg,20230831_163856,mauritius,original,video,False,train,121.04364636479592
data/processed/mauritius/video/not_augmented/cull2_green_bg/head/224/occ/cn/periphery/20230831_163856/m--20230831_163856--f000224.jpg,20230831_163856,mauritius,original,video,False,train,97.5459980867347
data/processed/mauritius/video/not_augmented/cull2_green_bg/head/224/occ/cn/periphery/20230831_163856/m--20230831_163856--f000226.jpg,20230831_163856,mauritius,original,video,False,train,94.34797512755102
data/processed/mauritius/video/not_augmented/cull2_green_bg/head/224/occ/cn/periphery/20230831_163856/m--20230831_163856--f000228.jpg,20230831_163856,mauritius,original,video,False,train,82.77272002551021
data/processed/mauritius/video/not_augmented/cull2_green_bg/head/224/occ/cn/periphery/20230831_163856/m--20230831_163856--f000230.jpg,20230831_163856,mauritius,original,video,False,train,80.61340082908163
data/processed/mauritius/video/not_augmented/cull2_green_bg/head/224/occ/cn/periphery/20230831_163856/m--20230831_163856--f000232.jpg,20230831_163856,mauritius,original,video,False,train,84.3403619260204
data/processed/mauritius/video/not_augmented/cull2_green_bg/head/224/occ/cn/periphery/20230831_163856/m--20230831_163856--f000234.jpg,20230831_163856,mauritius,original,video,False,train,81.29157366071429
data/processed/mauritius/video/not_augmented/cull2_green_bg/head/224/occ/cn/periphery/20230831_163856/m--20230831_163856--f000236.jpg,20230831_163856,mauritius,original,video,False,train,94.43622448979592
data/processed/mauritius/video/not_augmented/cull2_green_bg/head/224/occ/cn/periphery/20230831_163856/m--20230831_163856--f000238.jpg,20230831_163856,mauritius,original,video,False,train,180.42426658163265
data/processed/mauritius/video/not_augmented/cull2_green_bg/head/224/occ/cn/periphery/20230831_163856/m--20230831_163856--f000240.jpg,20230831_163856,mauritius,original,video,False,train,119.92494419642857
data/processed/mauritius/video/not_augmented/cull2_green_bg/head/224/occ/cn/periphery/20230831_163856/m--20230831_163856--f000264.jpg,20230831_163856,mauritius,original,video,False,train,345.1147560586735
data/processed/mauritius/video/not_augmented/cull2_green_bg/head/224/occ/cn/periphery/20230831_163856/m--20230831_163856--f000266.jpg,20230831_163856,mauritius,original,video,False,train,420.82708864795916
data/processed/mauritius/video/not_augmented/cull2_green_bg/head/224/occ/cn/periphery/20230831_163856/m--20230831_163856--f000268.jpg,20230831_163856,mauritius,original,video,False,train,417.2006935586735
data/processed/mauritius/video/not_augmented/cull2_green_bg/head/224/occ/cn/periphery/20230831_163856/m--20230831_163856--f000270.jpg,20230831_163856,mauritius,original,video,False,train,414.23150510204084
data/processed/mauritius/video/not_augmented/cull2_green_bg/head/224/occ/cn/periphery/20230831_163856/m--20230831_163856--f000272.jpg,20230831_163856,mauritius,original,video,False,train,331.2857142857143
data/processed/mauritius/video/not_augmented/cull2_green_bg/head/224/occ/cn/periphery/20230831_163856/m--20230831_163856--f000274.jpg,20230831_163856,mauritius,original,video,False,train,364.03256536989795
data/processed/mauritius/video/not_augmented/cull2_green_bg/head/224/occ/cn/periphery/20230831_163856/m--20230831_163856--f000276.jpg,20230831_163856,mauritius,original,video,False,train,394.6170280612245
data/processed/mauritius/video/not_augmented/cull2_green_bg/head/224/occ/cn/periphery/20230831_163856/m--20230831_163856--f000278.jpg,20230831_163856,mauritius,original,video,False,train,382.5277024872449
data/processed/mauritius/video/not_augmented/cull2_green_bg/head/224/occ/cn/periphery/20230831_163856/m--20230831_163856--f000280.jpg,20230831_163856,mauritius,original,video,False,train,373.63946906887753
data/processed/mauritius/video/not_augmented/cull2_green_bg/head/224/occ/cn/periphery/20230831_163856/m--20230831_163856--f000282.jpg,20230831_163856,mauritius,original,video,False,train,325.86352040816325
data/processed/mauritius/video/not_augmented/cull2_green_bg/head/224/occ/cn/periphery/20230831_163856/m--20230831_163856--f000284.jpg,20230831_163856,mauritius,original,video,False,train,297.0183354591837
data/processed/mauritius/video/not_augmented/cull2_green_bg/head/224/occ/cn/periphery/20230831_163856/m--20230831_163856--f001018.jpg,20230831_163856,mauritius,original,video,False,train,173.57698639270313
data/processed/mauritius/video/not_augmented/cull2_green_bg/head/224/occ/cn/periphery/20230831_163856/m--20230831_163856--f001020.jpg,20230831_163856,mauritius,original,video,False,train,115.28463803425967
data/processed/mauritius/video/not_augmented/cull2_green_bg/head/224/occ/cn/periphery/20230831_163856/m--20230831_163856--f001036.jpg,20230831_163856,mauritius,original,video,False,train,104.2876275510204
data/processed/mauritius/video/not_augmented/cull2_green_bg/head/224/occ/cn/periphery/20230831_163856/m--20230831_163856--f001038.jpg,20230831_163856,mauritius,original,video,False,train,91.6102519132653
data/processed/mauritius/video/not_augmented/cull2_green_bg/head/224/occ/cn/periphery/20230831_163856/m--20230831_163856--f001040.jpg,20230831_163856,mauritius,original,video,False,train,117.55289381377551
data/processed/mauritius/video/not_augmented/cull2_green_bg/head/224/occ/cn/periphery/20230831_163856/m--20230831_163856--f001042.jpg,20230831_163856,mauritius,original,video,False,train,112.14138233418367
data/processed/mauritius/video/not_augmented/cull2_green_bg/head/224/occ/cn/periphery/20230831_163856/m--20230831_163856--f001044.jpg,20230831_163856,mauritius,original,video,False,train,135.66214923469389
data/processed/mauritius/video/not_augmented/cull2_green_bg/head/224/occ/cn/periphery/20230831_163856/m--20230831_163856--f001092.jpg,20230831_163856,mauritius,original,video,False,train,221.33350605867346
data/processed/mauritius/video/not_augmented/cull2_green_bg/head/224/occ/cn/periphery/20230831_163856/m--20230831_163856--f001094.jpg,20230831_163856,mauritius,original,video,False,train,162.744140625
data/processed/mauritius/video/not_augmented/cull2_green_bg/head/224/occ/cn/periphery/20230831_163856/m--20230831_163856--f001096.jpg,20230831_163856,mauritius,original,video,False,train,213.78651147959184
data/processed/mauritius/video/not_augmented/cull2_green_bg/head/224/occ/cn/periphery/20230831_163856/m--20230831_163856--f001098.jpg,20230831_163856,mauritius,original,video,False,train,182.89114317602042
data/processed/mauritius/video/not_augmented/cull2_green_bg/head/224/occ/cn/periphery/20230831_164728/m--20230831_164728--f000162.jpg,20230831_164728,mauritius,original,video,False,train,62.045139625339594
data/processed/mauritius/video/not_augmented/cull2_green_bg/head/224/occ/cn/periphery/20230831_164728/m--20230831_164728--f000164.jpg,20230831_164728,mauritius,original,video,False,train,67.62087791495301
data/processed/mauritius/video/not_augmented/cull2_green_bg/head/224/occ/cn/periphery/20230831_164728/m--20230831_164728--f000166.jpg,20230831_164728,mauritius,original,video,False,train,76.8582987882653
data/processed/mauritius/video/not_augmented/cull2_green_bg/head/224/occ/cn/periphery/20230831_164728/m--20230831_164728--f000168.jpg,20230831_164728,mauritius,original,video,False,train,77.09099968112245
data/processed/mauritius/video/not_augmented/cull2_green_bg/head/224/occ/cn/periphery/20230831_164728/m--20230831_164728--f000170.jpg,20230831_164728,mauritius,original,video,False,train,79.77483258928571
data/processed/mauritius/video/not_augmented/cull2_green_bg/head/224/occ/cn/periphery/20230831_164728/m--20230831_164728--f000172.jpg,20230831_164728,mauritius,original,video,False,train,72.97556600765306
data/processed/mauritius/video/not_augmented/cull2_green_bg/head/224/occ/cn/periphery/20230831_164728/m--20230831_164728--f000174.jpg,20230831_164728,mauritius,original,video,False,train,84.70802774234694
data/processed/mauritius/video/not_augmented/cull2_green_bg/head/224/occ/cn/periphery/20230831_164728/m--20230831_164728--f000176.jpg,20230831_164728,mauritius,original,video,False,train,84.67817283163265
data/processed/mauritius/video/not_augmented/cull2_green_bg/head/224/occ/cn/periphery/20230831_164728/m--20230831_164728--f000178.jpg,20230831_164728,mauritius,original,video,False,train,72.38934948979592
data/processed/mauritius/video/not_augmented/cull2_green_bg/head/224/occ/cn/periphery/20230831_164728/m--20230831_164728--f000180.jpg,20230831_164728,mauritius,original,video,False,train,63.31819993622449
data/processed/mauritius/video/not_augmented/cull2_green_bg/head/224/occ/cn/periphery/20230831_164728/m--20230831_164728--f000182.jpg,20230831_164728,mauritius,original,video,False,train,61.191326530612244
data/processed/mauritius/video/not_augmented/cull2_green_bg/head/224/occ/cn/periphery/20230831_164728/m--20230831_164728--f000184.jpg,20230831_164728,mauritius,original,video,False,train,60.803053252551024
data/processed/mauritius/video/not_augmented/cull2_green_bg/head/224/occ/cn/periphery/20230831_164728/m--20230831_164728--f000186.jpg,20230831_164728,mauritius,original,video,False,train,60.55863360969388
data/processed/mauritius/video/not_augmented/cull2_green_bg/head/224/occ/cn/periphery/20230831_164728/m--20230831_164728--f000188.jpg,20230831_164728,mauritius,original,video,False,train,65.19874043367346
data/processed/mauritius/video/not_augmented/cull2_green_bg/head/224/occ/cn/periphery/20230831_164728/m--20230831_164728--f000190.jpg,20230831_164728,mauritius,original,video,False,train,62.135762117346935
data/processed/mauritius/video/not_augmented/cull2_green_bg/head/224/occ/cn/periphery/20230831_164728/m--20230831_164728--f000192.jpg,20230831_164728,mauritius,original,video,False,train,65.06110491071429
data/processed/mauritius/video/not_augmented/cull2_green_bg/head/224/occ/cn/periphery/20230831_164728/m--20230831_164728--f000194.jpg,20230831_164728,mauritius,original,video,False,train,78.84263392857143
data/processed/mauritius/video/not_augmented/cull2_green_bg/head/224/occ/cn/periphery/20230831_164728/m--20230831_164728--f000196.jpg,20230831_164728,mauritius,original,video,False,train,238.34594228316325
data/processed/mauritius/video/not_augmented/cull2_green_bg/head/224/occ/cn/periphery/20230831_164728/m--20230831_164728--f000198.jpg,20230831_164728,mauritius,original,video,False,train,358.6312579719388
data/processed/mauritius/video/not_augmented/cull2_green_bg/head/224/occ/cn/periphery/20230831_164728/m--20230831_164728--f000200.jpg,20230831_164728,mauritius,original,video,False,train,423.95894451530614
data/processed/mauritius/video/not_augmented/cull2_green_bg/head/224/occ/cn/periphery/20230831_164728/m--20230831_164728--f000202.jpg,20230831_164728,mauritius,original,video,False,train,473.7049585459184
data/processed/mauritius/video/not_augmented/cull2_green_bg/head/224/occ/cn/periphery/20230831_164728/m--20230831_164728--f000204.jpg,20230831_164728,mauritius,original,video,False,train,487.39361447704084
data/processed/mauritius/video/not_augmented/cull2_green_bg/head/224/occ/cn/periphery/20230831_164728/m--20230831_164728--f000206.jpg,20230831_164728,mauritius,original,video,False,train,495.57358099489795
data/processed/mauritius/video/not_augmented/cull2_green_bg/head/224/occ/cn/periphery/20230831_164728/m--20230831_164728--f000208.jpg,20230831_164728,mauritius,original,video,False,train,498.32944036989795
data/processed/mauritius/video/not_augmented/cull2_green_bg/head/224/occ/cn/periphery/20230831_164728/m--20230831_164728--f000210.jpg,20230831_164728,mauritius,original,video,False,train,439.8523198341837
data/processed/mauritius/video/not_augmented/cull2_green_bg/head/224/occ/cn/periphery/20230831_164728/m--20230831_164728--f000212.jpg,20230831_164728,mauritius,original,video,False,train,401.78384088010205
data/processed/mauritius/video/not_augmented/cull2_green_bg/head/224/occ/cn/periphery/20230831_164728/m--20230831_164728--f000214.jpg,20230831_164728,mauritius,original,video,False,train,408.0953045280612
data/processed/mauritius/video/not_augmented/cull2_green_bg/head/224/occ/cn/periphery/20230831_164728/m--20230831_164728--f000216.jpg,20230831_164728,mauritius,original,video,False,train,463.71101721938777
data/processed/mauritius/video/not_augmented/cull2_green_bg/head/224/occ/cn/periphery/20230831_164728/m--20230831_164728--f000218.jpg,20230831_164728,mauritius,original,video,False,train,486.2083067602041
data/processed/mauritius/video/not_augmented/cull2_green_bg/head/224/occ/cn/periphery/20230831_164728/m--20230831_164728--f000220.jpg,20230831_164728,mauritius,original,video,False,train,468.25896843112247
data/processed/mauritius/video/not_augmented/cull2_green_bg/head/224/occ/cn/periphery/20230831_164728/m--20230831_164728--f000222.jpg,20230831_164728,mauritius,original,video,False,train,440.2370057397959
data/processed/mauritius/video/not_augmented/cull2_green_bg/head/224/occ/cn/periphery/20230831_164728/m--20230831_164728--f000224.jpg,20230831_164728,mauritius,original,video,False,train,458.41147161989795
data/processed/mauritius/video/not_augmented/cull2_green_bg/head/224/occ/cn/periphery/20230831_164728/m--20230831_164728--f000226.jpg,20230831_164728,mauritius,original,video,False,train,326.6321348852041
data/processed/mauritius/video/not_augmented/cull2_green_bg/head/224/occ/cn/periphery/20230831_164728/m--20230831_164728--f000228.jpg,20230831_164728,mauritius,original,video,False,train,262.78882334183675
data/processed/mauritius/video/not_augmented/cull2_green_bg/head/224/occ/cn/periphery/20230831_164728/m--20230831_164728--f000230.jpg,20230831_164728,mauritius,original,video,False,train,252.50753348214286
data/processed/mauritius/video/not_augmented/cull2_green_bg/head/224/occ/cn/periphery/20230831_164728/m--20230831_164728--f000232.jpg,20230831_164728,mauritius,original,video,False,train,386.66573660714283
data/processed/mauritius/video/not_augmented/cull2_green_bg/head/224/occ/cn/periphery/20230831_164728/m--20230831_164728--f000234.jpg,20230831_164728,mauritius,original,video,False,train,478.9837771045918
data/processed/mauritius/video/not_augmented/cull2_green_bg/head/224/occ/cn/periphery/20230831_164728/m--20230831_164728--f000236.jpg,20230831_164728,mauritius,original,video,False,train,399.228515625
data/processed/mauritius/video/not_augmented/cull2_green_bg/head/224/occ/cn/periphery/20230831_164728/m--20230831_164728--f000238.jpg,20230831_164728,mauritius,original,video,False,train,299.3236208545918
data/processed/mauritius/video/not_augmented/cull2_green_bg/head/224/occ/cn/periphery/20230831_164728/m--20230831_164728--f000240.jpg,20230831_164728,mauritius,original,video,False,train,320.40326052295916
data/processed/mauritius/video/not_augmented/cull2_green_bg/head/224/occ/cn/periphery/20230831_164728/m--20230831_164728--f000242.jpg,20230831_164728,mauritius,original,video,False,train,335.6412228954082
data/processed/mauritius/video/not_augmented/cull2_green_bg/head/224/occ/cn/periphery/20230831_164728/m--20230831_164728--f000244.jpg,20230831_164728,mauritius,original,video,False,train,377.55851403061223
data/processed/mauritius/video/not_augmented/cull2_green_bg/head/224/occ/cn/periphery/20230831_164728/m--20230831_164728--f000246.jpg,20230831_164728,mauritius,original,video,False,train,345.76195790816325
data/processed/mauritius/video/not_augmented/cull2_green_bg/head/224/occ/cn/periphery/20230831_164728/m--20230831_164728--f000248.jpg,20230831_164728,mauritius,original,video,False,train,328.9673549107143
data/processed/mauritius/video/not_augmented/cull2_green_bg/head/224/occ/cn/periphery/20230831_164728/m--20230831_164728--f000250.jpg,20230831_164728,mauritius,original,video,False,train,145.4968112244898
data/processed/mauritius/video/not_augmented/cull2_green_bg/head/224/occ/cn/periphery/20230831_164728/m--20230831_164728--f000252.jpg,20230831_164728,mauritius,original,video,False,train,143.88141741071428
data/processed/mauritius/video/not_augmented/cull2_green_bg/head/224/occ/cn/periphery/20230831_164728/m--20230831_164728--f000254.jpg,20230831_164728,mauritius,original,video,False,train,114.47919323979592
data/processed/mauritius/video/not_augmented/cull2_green_bg/head/224/occ/cn/periphery/20230831_164728/m--20230831_164728--f000256.jpg,20230831_164728,mauritius,original,video,False,train,92.63189572704081
data/processed/mauritius/video/not_augmented/cull2_green_bg/head/224/occ/cn/periphery/20230831_164728/m--20230831_164728--f000258.jpg,20230831_164728,mauritius,original,video,False,train,92.87615593112245
data/processed/mauritius/video/not_augmented/cull2_green_bg/head/224/occ/cn/periphery/20230831_164728/m--20230831_164728--f000260.jpg,20230831_164728,mauritius,original,video,False,train,88.0836256377551
data/processed/mauritius/video/not_augmented/cull2_green_bg/head/224/occ/cn/periphery/20230831_164728/m--20230831_164728--f000262.jpg,20230831_164728,mauritius,original,video,False,train,91.27044802295919
data/processed/mauritius/video/not_augmented/cull2_green_bg/head/224/occ/cn/periphery/20230831_164728/m--20230831_164728--f000264.jpg,20230831_164728,mauritius,original,video,False,train,85.71540178571429
data/processed/mauritius/video/not_augmented/cull2_green_bg/head/224/occ/cn/periphery/20230831_164728/m--20230831_164728--f001052.jpg,20230831_164728,mauritius,original,video,False,train,410.8681441326531
data/processed/mauritius/video/not_augmented/cull2_green_bg/head/224/occ/cn/periphery/20230831_164728/m--20230831_164728--f001054.jpg,20230831_164728,mauritius,original,video,False,train,272.1518255739796
data/processed/mauritius/video/not_augmented/cull2_green_bg/head/224/occ/cn/periphery/20230831_164728/m--20230831_164728--f001056.jpg,20230831_164728,mauritius,original,video,False,train,167.25275031887756
data/processed/mauritius/video/not_augmented/cull2_green_bg/head/224/occ/cn/periphery/20230831_164728/m--20230831_164728--f001058.jpg,20230831_164728,mauritius,original,video,False,train,224.99617346938774
data/processed/mauritius/video/not_augmented/cull2_green_bg/head/224/occ/cn/periphery/20230831_164728/m--20230831_164728--f001060.jpg,20230831_164728,mauritius,original,video,False,train,530.9263392857143
data/processed/mauritius/video/not_augmented/cull2_green_bg/head/224/occ/cn/periphery/20230831_164728/m--20230831_164728--f001062.jpg,20230831_164728,mauritius,original,video,False,train,452.7508769132653
data/processed/mauritius/video/not_augmented/cull2_green_bg/head/224/occ/cn/periphery/20230831_164728/m--20230831_164728--f001064.jpg,20230831_164728,mauritius,original,video,False,train,471.681321747449
data/processed/mauritius/video/not_augmented/cull2_green_bg/head/224/occ/cn/periphery/20230831_164728/m--20230831_164728--f001066.jpg,20230831_164728,mauritius,original,video,False,train,368.78216677295916
data/processed/mauritius/video/not_augmented/cull2_green_bg/head/224/occ/cn/periphery/20230831_164728/m--20230831_164728--f001068.jpg,20230831_164728,mauritius,original,video,False,train,423.3368941326531
data/processed/mauritius/video/not_augmented/cull2_green_bg/head/224/occ/cn/periphery/20230831_164728/m--20230831_164728--f001070.jpg,20230831_164728,mauritius,original,video,False,train,640.074537627551
data/processed/mauritius/video/not_augmented/cull2_green_bg/head/224/occ/cn/periphery/20230831_164728/m--20230831_164728--f001072.jpg,20230831_164728,mauritius,original,video,False,train,833.3712133290817
data/processed/mauritius/video/not_augmented/cull2_green_bg/head/224/occ/cn/periphery/20230831_164728/m--20230831_164728--f001074.jpg,20230831_164728,mauritius,original,video,False,train,918.7941246811224
data/processed/mauritius/video/not_augmented/cull2_green_bg/head/224/occ/cn/periphery/20230831_164728/m--20230831_164728--f001076.jpg,20230831_164728,mauritius,original,video,False,train,827.9396922831633
data/processed/mauritius/video/not_augmented/cull2_green_bg/head/224/occ/cn/periphery/20230831_164728/m--20230831_164728--f001078.jpg,20230831_164728,mauritius,original,video,False,train,691.2881855867347
data/processed/mauritius/video/not_augmented/cull2_green_bg/head/224/occ/cn/periphery/20230831_164728/m--20230831_164728--f001080.jpg,20230831_164728,mauritius,original,video,False,train,706.5814333545918
data/processed/mauritius/video/not_augmented/cull2_green_bg/head/224/occ/cn/periphery/20230831_164728/m--20230831_164728--f001082.jpg,20230831_164728,mauritius,original,video,False,train,840.6708386479592
data/processed/mauritius/video/not_augmented/cull2_green_bg/head/224/occ/cn/periphery/20230831_165242/m--20230831_165242--f000148.jpg,20230831_165242,mauritius,original,video,False,train,87.23887914540816
data/processed/mauritius/video/not_augmented/cull2_green_bg/head/224/occ/cn/periphery/20230831_165242/m--20230831_165242--f000150.jpg,20230831_165242,mauritius,original,video,False,train,95.72309470663265
data/processed/mauritius/video/not_augmented/cull2_green_bg/head/224/occ/cn/periphery/20230831_165242/m--20230831_165242--f000154.jpg,20230831_165242,mauritius,original,video,False,train,95.9018255739796
data/processed/mauritius/video/not_augmented/cull2_green_bg/head/224/occ/cn/periphery/20230831_165242/m--20230831_165242--f000156.jpg,20230831_165242,mauritius,original,video,False,train,86.72088248369248
data/processed/mauritius/video/not_augmented/cull2_green_bg/head/224/occ/cn/periphery/20230831_165242/m--20230831_165242--f000158.jpg,20230831_165242,mauritius,original,video,False,train,94.30391868677106
data/processed/mauritius/video/not_augmented/cull2_green_bg/head/224/occ/cn/periphery/20230831_165242/m--20230831_165242--f000160.jpg,20230831_165242,mauritius,original,video,False,train,85.71725278256189
data/processed/mauritius/video/not_augmented/cull2_green_bg/head/224/occ/cn/periphery/20230831_165242/m--20230831_165242--f000162.jpg,20230831_165242,mauritius,original,video,False,train,76.89425200335634
data/processed/mauritius/video/not_augmented/cull2_green_bg/head/224/occ/cn/periphery/20230831_165242/m--20230831_165242--f000200.jpg,20230831_165242,mauritius,original,video,False,train,183.72452965561226
data/processed/mauritius/video/not_augmented/cull2_green_bg/head/224/occ/cn/periphery/20230831_165242/m--20230831_165242--f000202.jpg,20230831_165242,mauritius,original,video,False,train,352.8249760841837
data/processed/mauritius/video/not_augmented/cull2_green_bg/head/224/occ/cn/periphery/20230831_165242/m--20230831_165242--f000204.jpg,20230831_165242,mauritius,original,video,False,train,365.44256218112247
data/processed/mauritius/video/not_augmented/cull2_green_bg/head/224/occ/cn/periphery/20230831_165242/m--20230831_165242--f000212.jpg,20230831_165242,mauritius,original,video,False,train,401.55424904336735
data/processed/mauritius/video/not_augmented/cull2_green_bg/head/224/occ/cn/periphery/20230831_165242/m--20230831_165242--f000214.jpg,20230831_165242,mauritius,original,video,False,train,342.11798469387753
data/processed/mauritius/video/not_augmented/cull2_green_bg/head/224/occ/cn/periphery/20230831_165242/m--20230831_165242--f000216.jpg,20230831_165242,mauritius,original,video,False,train,480.4588647959184
data/processed/mauritius/video/not_augmented/cull2_green_bg/head/224/occ/cn/periphery/20230831_165242/m--20230831_165242--f000218.jpg,20230831_165242,mauritius,original,video,False,train,571.707350127551
data/processed/mauritius/video/not_augmented/cull2_green_bg/head/224/occ/cn/periphery/20230831_165242/m--20230831_165242--f000220.jpg,20230831_165242,mauritius,original,video,False,train,652.0917570153061
data/processed/mauritius/video/not_augmented/cull2_green_bg/head/224/occ/cn/periphery/20230831_165242/m--20230831_165242--f000222.jpg,20230831_165242,mauritius,original,video,False,train,385.31752232142856
data/processed/mauritius/video/not_augmented/cull2_green_bg/head/224/occ/cn/periphery/20230831_165242/m--20230831_165242--f000224.jpg,20230831_165242,mauritius,original,video,False,train,324.8335060586735
data/processed/mauritius/video/not_augmented/cull2_green_bg/head/224/occ/cn/periphery/20230831_165242/m--20230831_165242--f000226.jpg,20230831_165242,mauritius,original,video,False,train,284.3611288265306
data/processed/mauritius/video/not_augmented/cull2_green_bg/head/224/occ/cn/periphery/20230831_165242/m--20230831_165242--f000228.jpg,20230831_165242,mauritius,original,video,False,train,322.05600286989795
data/processed/mauritius/video/not_augmented/cull2_green_bg/head/224/occ/cn/periphery/20230831_165242/m--20230831_165242--f000230.jpg,20230831_165242,mauritius,original,video,False,train,391.3662308673469
data/processed/mauritius/video/not_augmented/cull2_green_bg/head/224/occ/cn/periphery/20230831_165242/m--20230831_165242--f000232.jpg,20230831_165242,mauritius,original,video,False,train,719.7238520408164
data/processed/mauritius/video/not_augmented/cull2_green_bg/head/224/occ/cn/periphery/20230831_165242/m--20230831_165242--f000234.jpg,20230831_165242,mauritius,original,video,False,train,667.096022002551
data/processed/mauritius/video/not_augmented/cull2_green_bg/head/224/occ/cn/periphery/20230831_165242/m--20230831_165242--f000236.jpg,20230831_165242,mauritius,original,video,False,train,594.3655133928571
data/processed/mauritius/video/not_augmented/cull2_green_bg/head/224/occ/cn/periphery/20230831_165242/m--20230831_165242--f000238.jpg,20230831_165242,mauritius,original,video,False,train,568.8168845663265
data/processed/mauritius/video/not_augmented/cull2_green_bg/head/224/occ/cn/periphery/20230831_165242/m--20230831_165242--f000240.jpg,20230831_165242,mauritius,original,video,False,train,668.9670360331633
data/processed/mauritius/video/not_augmented/cull2_green_bg/head/224/occ/cn/periphery/20230831_165242/m--20230831_165242--f000242.jpg,20230831_165242,mauritius,original,video,False,train,797.7961176658164
data/processed/mauritius/video/not_augmented/cull2_green_bg/head/224/occ/cn/periphery/20230831_165242/m--20230831_165242--f000244.jpg,20230831_165242,mauritius,original,video,False,train,768.5814333545918
data/processed/mauritius/video/not_augmented/cull2_green_bg/head/224/occ/cn/periphery/20230831_165242/m--20230831_165242--f000246.jpg,20230831_165242,mauritius,original,video,False,train,557.0200095663265
data/processed/mauritius/video/not_augmented/cull2_green_bg/head/224/occ/cn/periphery/20230831_165242/m--20230831_165242--f000248.jpg,20230831_165242,mauritius,original,video,False,train,416.88998724489795
data/processed/mauritius/video/not_augmented/cull2_green_bg/head/224/occ/cn/periphery/20230831_165242/m--20230831_165242--f000250.jpg,20230831_165242,mauritius,original,video,False,train,446.8240991709184
data/processed/mauritius/video/not_augmented/cull2_green_bg/head/224/occ/cn/periphery/20230831_165242/m--20230831_165242--f000252.jpg,20230831_165242,mauritius,original,video,False,train,426.67853156887753
data/processed/mauritius/video/not_augmented/cull2_green_bg/head/224/occ/cn/periphery/20230831_165242/m--20230831_165242--f000254.jpg,20230831_165242,mauritius,original,video,False,train,482.82429846938777
data/processed/mauritius/video/not_augmented/cull2_green_bg/head/224/occ/cn/periphery/20230831_165242/m--20230831_165242--f000256.jpg,20230831_165242,mauritius,original,video,False,train,564.1681680484694
data/processed/mauritius/video/not_augmented/cull2_green_bg/head/224/occ/cn/periphery/20230831_165242/m--20230831_165242--f000258.jpg,20230831_165242,mauritius,original,video,False,train,510.55404974489795
data/processed/mauritius/video/not_augmented/cull2_green_bg/head/224/occ/cn/periphery/20230831_165242/m--20230831_165242--f000260.jpg,20230831_165242,mauritius,original,video,False,train,169.7947624362245
data/processed/mauritius/video/not_augmented/cull2_green_bg/head/224/occ/cn/periphery/20230831_165242/m--20230831_165242--f000262.jpg,20230831_165242,mauritius,original,video,False,train,112.86236447704081
data/processed/mauritius/video/not_augmented/cull2_green_bg/head/224/occ/cn/periphery/20230831_165242/m--20230831_165242--f000264.jpg,20230831_165242,mauritius,original,video,False,train,98.79627710459184
data/processed/mauritius/video/not_augmented/cull2_green_bg/head/224/occ/cn/periphery/20230831_165242/m--20230831_165242--f000266.jpg,20230831_165242,mauritius,original,video,False,train,89.8577806122449
data/processed/mauritius/video/not_augmented/cull2_green_bg/head/224/occ/cn/periphery/20230831_165242/m--20230831_165242--f000268.jpg,20230831_165242,mauritius,original,video,False,train,98.2215800382653
data/processed/mauritius/video/not_augmented/cull2_green_bg/head/224/occ/cn/periphery/20230831_165242/m--20230831_165242--f000582.jpg,20230831_165242,mauritius,original,video,False,train,93.99769447347315
data/processed/mauritius/video/not_augmented/cull2_green_bg/head/224/occ/cn/periphery/20230831_165242/m--20230831_165242--f000584.jpg,20230831_165242,mauritius,original,video,False,train,106.90332026443895
data/processed/mauritius/video/not_augmented/cull2_green_bg/head/224/occ/cn/periphery/20230831_165242/m--20230831_165242--f000586.jpg,20230831_165242,mauritius,original,video,False,train,140.57316245818228
data/processed/mauritius/video/not_augmented/cull2_green_bg/head/224/occ/cn/periphery/20230831_165242/m--20230831_165242--f000588.jpg,20230831_165242,mauritius,original,video,False,train,140.72584500008946
data/processed/mauritius/video/not_augmented/cull2_green_bg/head/224/occ/cn/periphery/20230831_165242/m--20230831_165242--f000594.jpg,20230831_165242,mauritius,original,video,False,train,162.67765465561226
data/processed/mauritius/video/not_augmented/cull2_green_bg/head/224/occ/cn/periphery/20230831_165242/m--20230831_165242--f001102.jpg,20230831_165242,mauritius,original,video,False,train,473.4019451530612
data/processed/mauritius/video/not_augmented/cull2_green_bg/head/224/occ/cn/periphery/20230831_165242/m--20230831_165242--f001104.jpg,20230831_165242,mauritius,original,video,False,train,577.8453443877551
data/processed/mauritius/video/not_augmented/cull2_green_bg/head/224/occ/cn/periphery/20230831_165242/m--20230831_165242--f001106.jpg,20230831_165242,mauritius,original,video,False,train,438.32218590561223
data/processed/mauritius/video/not_augmented/cull2_green_bg/head/224/occ/cn/periphery/20230831_165242/m--20230831_165242--f001108.jpg,20230831_165242,mauritius,original,video,False,train,546.7902981505102
data/processed/mauritius/video/not_augmented/cull2_green_bg/head/224/occ/cn/periphery/20230831_165242/m--20230831_165242--f001110.jpg,20230831_165242,mauritius,original,video,False,train,541.7466517857143
data/processed/mauritius/video/not_augmented/cull2_green_bg/head/224/occ/cn/periphery/20230831_165242/m--20230831_165242--f001112.jpg,20230831_165242,mauritius,original,video,False,train,628.1473612882653
data/processed/mauritius/video/not_augmented/cull2_green_bg/head/224/occ/cn/periphery/20230831_165242/m--20230831_165242--f001114.jpg,20230831_165242,mauritius,original,video,False,train,609.1605946669127
data/processed/mauritius/video/not_augmented/cull2_green_bg/head/224/occ/cn/periphery/20230831_165242/m--20230831_165242--f001116.jpg,20230831_165242,mauritius,original,video,False,train,642.0130939090415
data/processed/mauritius/video/not_augmented/cull2_green_bg/head/224/occ/cn/periphery/20230831_165242/m--20230831_165242--f001118.jpg,20230831_165242,mauritius,original,video,False,train,584.7162388392857
data/processed/mauritius/video/not_augmented/cull2_green_bg/head/224/occ/cn/periphery/20230831_165242/m--20230831_165242--f001120.jpg,20230831_165242,mauritius,original,video,False,train,555.5179368622449
data/processed/mauritius/video/not_augmented/cull2_green_bg/head/224/occ/cn/periphery/20230831_165242/m--20230831_165242--f001122.jpg,20230831_165242,mauritius,original,video,False,train,565.2287946428571
data/processed/mauritius/video/not_augmented/cull2_green_bg/head/224/occ/cn/periphery/20230831_165242/m--20230831_165242--f001124.jpg,20230831_165242,mauritius,original,video,False,train,502.6468829719388
data/processed/mauritius/video/not_augmented/cull2_green_bg/head/224/occ/cn/periphery/20230831_165242/m--20230831_165242--f001126.jpg,20230831_165242,mauritius,original,video,False,train,431.8877949617347
data/processed/mauritius/video/not_augmented/cull2_green_bg/head/224/occ/cn/periphery/20230831_165242/m--20230831_165242--f001128.jpg,20230831_165242,mauritius,original,video,False,train,417.60180165816325
data/processed/mauritius/video/not_augmented/cull2_green_bg/head/224/occ/cn/periphery/20230831_165242/m--20230831_165242--f001130.jpg,20230831_165242,mauritius,original,video,False,train,490.5933514030612
data/processed/mauritius/video/not_augmented/cull2_green_bg/head/224/occ/cn/periphery/20230831_165242/m--20230831_165242--f001132.jpg,20230831_165242,mauritius,original,video,False,train,532.1812021683673
data/processed/mauritius/video/not_augmented/cull2_green_bg/head/224/occ/cn/periphery/20230831_165242/m--20230831_165242--f001134.jpg,20230831_165242,mauritius,original,video,False,train,567.7600047831633
data/processed/mauritius/video/not_augmented/cull2_green_bg/head/224/occ/cn/periphery/20230831_165242/m--20230831_165242--f001136.jpg,20230831_165242,mauritius,original,video,False,train,498.93901466836735
data/processed/mauritius/video/not_augmented/cull2_green_bg/head/224/occ/cn/periphery/20230831_165242/m--20230831_165242--f001138.jpg,20230831_165242,mauritius,original,video,False,train,354.9286910076531
data/processed/mauritius/video/not_augmented/cull2_green_bg/head/224/occ/cn/periphery/20230831_165242/m--20230831_165242--f001452.jpg,20230831_165242,mauritius,original,video,False,train,361.7693712964549
data/processed/mauritius/video/not_augmented/cull2_green_bg/head/224/occ/cn/periphery/20230831_165242/m--20230831_165242--f001454.jpg,20230831_165242,mauritius,original,video,False,train,230.18130086392773
data/processed/mauritius/video/not_augmented/cull2_green_bg/head/224/occ/cn/periphery/20230831_165242/m--20230831_165242--f001456.jpg,20230831_165242,mauritius,original,video,False,train,308.0689165702416
data/processed/mauritius/video/not_augmented/cull2_green_bg/head/224/occ/cn/periphery/20230831_165242/m--20230831_165242--f001458.jpg,20230831_165242,mauritius,original,video,False,train,695.4200988886307
data/processed/mauritius/video/not_augmented/cull2_green_bg/head/224/occ/cn/periphery/20230831_165242/m--20230831_165242--f001460.jpg,20230831_165242,mauritius,original,video,False,train,486.75678967138674
data/processed/mauritius/video/not_augmented/cull2_green_bg/head/224/occ/cn/periphery/20230831_165242/m--20230831_165242--f001462.jpg,20230831_165242,mauritius,original,video,False,train,451.3396427213326
data/processed/mauritius/video/not_augmented/cull2_green_bg/head/224/occ/cn/periphery/20230831_165242/m--20230831_165242--f001464.jpg,20230831_165242,mauritius,original,video,False,train,206.04567869441405
data/processed/mauritius/video/not_augmented/cull2_green_bg/head/224/occ/cn/periphery/20230831_165242/m--20230831_165242--f001466.jpg,20230831_165242,mauritius,original,video,False,train,201.86449609325112
data/processed/mauritius/video/not_augmented/cull2_green_bg/head/224/occ/cn/periphery/20230902_054933/m--20230902_054933--f000190.jpg,20230902_054933,mauritius,original,video,False,train,113.58653539540816
data/processed/mauritius/video/not_augmented/cull2_green_bg/head/224/occ/cn/periphery/20230902_054933/m--20230902_054933--f000192.jpg,20230902_054933,mauritius,original,video,False,train,113.53806600765306
data/processed/mauritius/video/not_augmented/cull2_green_bg/head/224/occ/cn/periphery/20230902_054933/m--20230902_054933--f000194.jpg,20230902_054933,mauritius,original,video,False,train,129.49469866071428
data/processed/mauritius/video/not_augmented/cull2_green_bg/head/224/occ/cn/periphery/20230902_054933/m--20230902_054933--f000196.jpg,20230902_054933,mauritius,original,video,False,train,129.45061383928572
data/processed/mauritius/video/not_augmented/cull2_green_bg/head/224/occ/cn/periphery/20230902_054933/m--20230902_054933--f000198.jpg,20230902_054933,mauritius,original,video,False,train,143.0882493622449
data/processed/mauritius/video/not_augmented/cull2_green_bg/head/224/occ/cn/periphery/20230902_054933/m--20230902_054933--f000222.jpg,20230902_054933,mauritius,original,video,False,train,411.3240194515306
data/processed/mauritius/video/not_augmented/cull2_green_bg/head/224/occ/cn/periphery/20230902_054933/m--20230902_054933--f000224.jpg,20230902_054933,mauritius,original,video,False,train,334.11519451530614
data/processed/mauritius/video/not_augmented/cull2_green_bg/head/224/occ/cn/periphery/20230902_054933/m--20230902_054933--f000226.jpg,20230902_054933,mauritius,original,video,False,train,355.4652423469388
data/processed/mauritius/video/not_augmented/cull2_green_bg/head/224/occ/cn/periphery/20230902_054933/m--20230902_054933--f000232.jpg,20230902_054933,mauritius,original,video,False,train,383.0890864158163
data/processed/mauritius/video/not_augmented/cull2_green_bg/head/224/occ/cn/periphery/20230902_054933/m--20230902_054933--f000234.jpg,20230902_054933,mauritius,original,video,False,train,412.46683673469386
data/processed/mauritius/video/not_augmented/cull2_green_bg/head/224/occ/cn/periphery/20230902_054933/m--20230902_054933--f000236.jpg,20230902_054933,mauritius,original,video,False,train,410.377272002551
data/processed/mauritius/video/not_augmented/cull2_green_bg/head/224/occ/cn/periphery/20230902_054933/m--20230902_054933--f000238.jpg,20230902_054933,mauritius,original,video,False,train,376.74330357142856
data/processed/mauritius/video/not_augmented/cull2_green_bg/head/224/occ/cn/periphery/20230902_054933/m--20230902_054933--f000240.jpg,20230902_054933,mauritius,original,video,False,train,427.66804846938777
data/processed/mauritius/video/not_augmented/cull2_green_bg/head/224/occ/cn/periphery/20230902_054933/m--20230902_054933--f000242.jpg,20230902_054933,mauritius,original,video,False,train,432.3423150510204
data/processed/mauritius/video/not_augmented/cull2_green_bg/head/224/occ/cn/periphery/20230902_054933/m--20230902_054933--f000244.jpg,20230902_054933,mauritius,original,video,False,train,303.1762595663265
data/processed/mauritius/video/not_augmented/cull2_green_bg/head/224/occ/cn/periphery/20230902_054933/m--20230902_054933--f000250.jpg,20230902_054933,mauritius,original,video,False,train,449.8745216836735
data/processed/mauritius/video/not_augmented/cull2_green_bg/head/224/occ/cn/periphery/20230902_054933/m--20230902_054933--f000972.jpg,20230902_054933,mauritius,original,video,False,train,103.31170274892581
data/processed/mauritius/video/not_augmented/cull2_green_bg/head/224/occ/cn/periphery/20230902_054933/m--20230902_054933--f000974.jpg,20230902_054933,mauritius,original,video,False,train,106.12089445153062
data/processed/mauritius/video/not_augmented/cull2_green_bg/head/224/occ/cn/periphery/20230902_054933/m--20230902_054933--f000976.jpg,20230902_054933,mauritius,original,video,False,train,101.95671237244898
data/processed/mauritius/video/not_augmented/cull2_green_bg/head/224/occ/cn/periphery/20230902_054933/m--20230902_054933--f000978.jpg,20230902_054933,mauritius,original,video,False,train,111.99756855867346
data/processed/mauritius/video/not_augmented/cull2_green_bg/head/224/occ/cn/periphery/20230902_054933/m--20230902_054933--f000980.jpg,20230902_054933,mauritius,original,video,False,train,137.40206473214286
data/processed/mauritius/video/not_augmented/cull2_green_bg/head/224/occ/cn/periphery/20230902_054933/m--20230902_054933--f000982.jpg,20230902_054933,mauritius,original,video,False,train,134.87771045918367
data/processed/mauritius/video/not_augmented/cull2_green_bg/head/224/occ/cn/periphery/20230902_054933/m--20230902_054933--f001100.jpg,20230902_054933,mauritius,original,video,False,train,524.1918447066327
data/processed/mauritius/video/not_augmented/cull2_green_bg/head/224/occ/cn/periphery/20230902_054933/m--20230902_054933--f001102.jpg,20230902_054933,mauritius,original,video,False,train,489.2778619260204
data/processed/mauritius/video/not_augmented/cull2_green_bg/head/224/occ/cn/periphery/20230902_054933/m--20230902_054933--f001104.jpg,20230902_054933,mauritius,original,video,False,train,561.5484295280612
data/processed/mauritius/video/not_augmented/cull2_green_bg/head/224/occ/cn/periphery/20230902_054933/m--20230902_054933--f001106.jpg,20230902_054933,mauritius,original,video,False,train,570.4488201530612
data/processed/mauritius/video/not_augmented/cull2_green_bg/head/224/occ/cn/periphery/20230902_054933/m--20230902_054933--f001370.jpg,20230902_054933,mauritius,original,video,False,train,473.17737472260904
data/processed/mauritius/video/not_augmented/cull2_green_bg/head/224/occ/cn/periphery/20230902_054933/m--20230902_054933--f001372.jpg,20230902_054933,mauritius,original,video,False,train,212.12547831632654
data/processed/mauritius/video/not_augmented/cull2_green_bg/head/224/occ/cn/periphery/20230902_054933/m--20230902_054933--f001374.jpg,20230902_054933,mauritius,original,video,False,train,238.78419961734693
data/processed/mauritius/video/not_augmented/cull2_green_bg/head/224/occ/cn/periphery/20230902_054933/m--20230902_054933--f001376.jpg,20230902_054933,mauritius,original,video,False,train,201.84231505102042
data/processed/mauritius/video/not_augmented/cull2_green_bg/head/224/occ/cn/periphery/20230902_054933/m--20230902_054933--f001378.jpg,20230902_054933,mauritius,original,video,False,train,142.99067283163265
data/processed/mauritius/video/not_augmented/cull2_green_bg/head/224/occ/cn/periphery/20230907_195130/m--20230907_195130--f000152.jpg,20230907_195130,mauritius,original,video,False,test,104.96855070153062
data/processed/mauritius/video/not_augmented/cull2_green_bg/head/224/occ/cn/periphery/20230907_195130/m--20230907_195130--f000154.jpg,20230907_195130,mauritius,original,video,False,test,105.26977040816327
data/processed/mauritius/video/not_augmented/cull2_green_bg/head/224/occ/cn/periphery/20230907_195130/m--20230907_195130--f000156.jpg,20230907_195130,mauritius,original,video,False,test,119.58159279336735
data/processed/mauritius/video/not_augmented/cull2_green_bg/head/224/occ/cn/periphery/20230907_195130/m--20230907_195130--f000158.jpg,20230907_195130,mauritius,original,video,False,test,117.55835459183673
data/processed/mauritius/video/not_augmented/cull2_green_bg/head/224/occ/cn/periphery/20230907_195130/m--20230907_195130--f000160.jpg,20230907_195130,mauritius,original,video,False,test,109.12874681122449
data/processed/mauritius/video/not_augmented/cull2_green_bg/head/224/occ/cn/periphery/20230907_195130/m--20230907_195130--f000162.jpg,20230907_195130,mauritius,original,video,False,test,113.69220344387755
data/processed/mauritius/video/not_augmented/cull2_green_bg/head/224/occ/cn/periphery/20230907_195130/m--20230907_195130--f000164.jpg,20230907_195130,mauritius,original,video,False,test,105.09590242346938
data/processed/mauritius/video/not_augmented/cull2_green_bg/head/224/occ/cn/periphery/20230907_195130/m--20230907_195130--f000166.jpg,20230907_195130,mauritius,original,video,False,test,111.90453281585299
data/processed/mauritius/video/not_augmented/cull2_green_bg/head/224/occ/cn/periphery/20230907_195130/m--20230907_195130--f000168.jpg,20230907_195130,mauritius,original,video,False,test,108.56255977961084
data/processed/mauritius/video/not_augmented/cull2_green_bg/head/224/occ/cn/periphery/20230907_195130/m--20230907_195130--f000170.jpg,20230907_195130,mauritius,original,video,False,test,101.21239237525174
data/processed/mauritius/video/not_augmented/cull2_green_bg/head/224/occ/cn/periphery/20230907_195130/m--20230907_195130--f000172.jpg,20230907_195130,mauritius,original,video,False,test,97.49603396006198
data/processed/mauritius/video/not_augmented/cull2_green_bg/head/224/occ/cn/periphery/20230907_195130/m--20230907_195130--f000174.jpg,20230907_195130,mauritius,original,video,False,test,97.9813445050336
data/processed/mauritius/video/not_augmented/cull2_green_bg/head/224/occ/cn/periphery/20230907_195130/m--20230907_195130--f000176.jpg,20230907_195130,mauritius,original,video,False,test,91.05516579090583
data/processed/mauritius/video/not_augmented/cull2_green_bg/head/224/occ/cn/periphery/20230907_195130/m--20230907_195130--f000178.jpg,20230907_195130,mauritius,original,video,False,test,95.6257518035876
data/processed/mauritius/video/not_augmented/cull2_green_bg/head/224/occ/cn/periphery/20230907_195130/m--20230907_195130--f000180.jpg,20230907_195130,mauritius,original,video,False,test,90.75542091836735
data/processed/mauritius/video/not_augmented/cull2_green_bg/head/224/occ/cn/periphery/20230907_195130/m--20230907_195130--f000182.jpg,20230907_195130,mauritius,original,video,False,test,93.32876275510205
data/processed/mauritius/video/not_augmented/cull2_green_bg/head/224/occ/cn/periphery/20230907_195130/m--20230907_195130--f000184.jpg,20230907_195130,mauritius,original,video,False,test,100.6626275510204
data/processed/mauritius/video/not_augmented/cull2_green_bg/head/224/occ/cn/periphery/20230907_195130/m--20230907_195130--f000186.jpg,20230907_195130,mauritius,original,video,False,test,100.9207987882653
data/processed/mauritius/video/not_augmented/cull2_green_bg/head/224/occ/cn/periphery/20230907_195130/m--20230907_195130--f000188.jpg,20230907_195130,mauritius,original,video,False,test,102.4359056122449
data/processed/mauritius/video/not_augmented/cull2_green_bg/head/224/occ/cn/periphery/20230907_195130/m--20230907_195130--f000190.jpg,20230907_195130,mauritius,original,video,False,test,108.18156090561224
data/processed/mauritius/video/not_augmented/cull2_green_bg/head/224/occ/cn/periphery/20230907_195130/m--20230907_195130--f000192.jpg,20230907_195130,mauritius,original,video,False,test,124.41541772959184
data/processed/mauritius/video/not_augmented/cull2_green_bg/head/224/occ/cn/periphery/20230907_195130/m--20230907_195130--f000194.jpg,20230907_195130,mauritius,original,video,False,test,106.00474330357143
data/processed/mauritius/video/not_augmented/cull2_green_bg/head/224/occ/cn/periphery/20230907_195130/m--20230907_195130--f000196.jpg,20230907_195130,mauritius,original,video,False,test,131.73588966836735
data/processed/mauritius/video/not_augmented/cull2_green_bg/head/224/occ/cn/periphery/20230907_195130/m--20230907_195130--f000198.jpg,20230907_195130,mauritius,original,video,False,test,131.53635204081633
data/processed/mauritius/video/not_augmented/cull2_green_bg/head/224/occ/cn/periphery/20230907_195130/m--20230907_195130--f000200.jpg,20230907_195130,mauritius,original,video,False,test,125.7086256377551
data/processed/mauritius/video/not_augmented/cull2_green_bg/head/224/occ/cn/periphery/20230907_195130/m--20230907_195130--f000202.jpg,20230907_195130,mauritius,original,video,False,test,146.10786033163265
data/processed/mauritius/video/not_augmented/cull2_green_bg/head/224/occ/cn/periphery/20230907_195130/m--20230907_195130--f000204.jpg,20230907_195130,mauritius,original,video,False,test,137.15174585459184
data/processed/mauritius/video/not_augmented/cull2_green_bg/head/224/occ/cn/periphery/20230907_195130/m--20230907_195130--f000206.jpg,20230907_195130,mauritius,original,video,False,test,155.1473612882653
data/processed/mauritius/video/not_augmented/cull2_green_bg/head/224/occ/cn/periphery/20230907_195130/m--20230907_195130--f000208.jpg,20230907_195130,mauritius,original,video,False,test,145.14779974489795
data/processed/mauritius/video/not_augmented/cull2_green_bg/head/224/occ/cn/periphery/20230907_195130/m--20230907_195130--f000210.jpg,20230907_195130,mauritius,original,video,False,test,151.71536192602042
data/processed/mauritius/video/not_augmented/cull2_green_bg/head/224/occ/cn/periphery/20230907_195130/m--20230907_195130--f000212.jpg,20230907_195130,mauritius,original,video,False,test,177.1546556122449
data/processed/mauritius/video/not_augmented/cull2_green_bg/head/224/occ/cn/periphery/20230907_195130/m--20230907_195130--f000214.jpg,20230907_195130,mauritius,original,video,False,test,144.9405293367347
data/processed/mauritius/video/not_augmented/cull2_green_bg/head/224/occ/cn/periphery/20230907_195130/m--20230907_195130--f000216.jpg,20230907_195130,mauritius,original,video,False,test,165.1672911352041
data/processed/mauritius/video/not_augmented/cull2_green_bg/head/224/occ/cn/periphery/20230907_195130/m--20230907_195130--f000218.jpg,20230907_195130,mauritius,original,video,False,test,155.54830994897958
data/processed/mauritius/video/not_augmented/cull2_green_bg/head/224/occ/cn/periphery/20230907_195130/m--20230907_195130--f000220.jpg,20230907_195130,mauritius,original,video,False,test,149.6513073979592
data/processed/mauritius/video/not_augmented/cull2_green_bg/head/224/occ/cn/periphery/20230907_195130/m--20230907_195130--f000222.jpg,20230907_195130,mauritius,original,video,False,test,151.5388632015306
data/processed/mauritius/video/not_augmented/cull2_green_bg/head/224/occ/cn/periphery/20230907_195130/m--20230907_195130--f000224.jpg,20230907_195130,mauritius,original,video,False,test,202.14353475765307
data/processed/mauritius/video/not_augmented/cull2_green_bg/head/224/occ/cn/periphery/20230907_195130/m--20230907_195130--f000226.jpg,20230907_195130,mauritius,original,video,False,test,311.5503826530612
data/processed/mauritius/video/not_augmented/cull2_green_bg/head/224/occ/cn/periphery/20230907_195130/m--20230907_195130--f000228.jpg,20230907_195130,mauritius,original,video,False,test,694.733737244898
data/processed/mauritius/video/not_augmented/cull2_green_bg/head/224/occ/cn/periphery/20230907_195130/m--20230907_195130--f000230.jpg,20230907_195130,mauritius,original,video,False,test,548.8682637117347
data/processed/mauritius/video/not_augmented/cull2_green_bg/head/224/occ/cn/periphery/20230907_195130/m--20230907_195130--f000232.jpg,20230907_195130,mauritius,original,video,False,test,574.4778380102041
data/processed/mauritius/video/not_augmented/cull2_green_bg/head/224/occ/cn/periphery/20230907_195130/m--20230907_195130--f001282.jpg,20230907_195130,mauritius,original,video,False,test,308.9898145577154
data/processed/mauritius/video/not_augmented/cull2_green_bg/head/224/occ/cn/periphery/20230907_195130/m--20230907_195130--f001664.jpg,20230907_195130,mauritius,original,video,False,test,151.95772520992367
data/processed/mauritius/video/not_augmented/cull2_green_bg/head/224/occ/cn/periphery/20230907_195130/m--20230907_195130--f001666.jpg,20230907_195130,mauritius,original,video,False,test,171.0119705990621
data/processed/mauritius/video/not_augmented/cull2_green_bg/head/224/occ/cn/periphery/20230907_195130/m--20230907_195130--f001668.jpg,20230907_195130,mauritius,original,video,False,test,166.96436543367346
data/processed/mauritius/video/not_augmented/cull2_green_bg/head/224/occ/cn/periphery/20230907_195130/m--20230907_195130--f001670.jpg,20230907_195130,mauritius,original,video,False,test,123.77622767857143
data/processed/mauritius/video/not_augmented/cull2_green_bg/head/224/occ/cn/periphery/20230907_195130/m--20230907_195130--f001932.jpg,20230907_195130,mauritius,original,video,False,test,534.0188137739215
data/processed/mauritius/video/not_augmented/cull2_green_bg/head/224/occ/cn/periphery/20230907_195130/m--20230907_195130--f001934.jpg,20230907_195130,mauritius,original,video,False,test,453.39604591836735
data/processed/mauritius/video/not_augmented/cull2_green_bg/head/224/occ/cn/periphery/20230907_195130/m--20230907_195130--f001936.jpg,20230907_195130,mauritius,original,video,False,test,398.6692442602041
data/processed/mauritius/video/not_augmented/cull2_green_bg/head/224/occ/cn/periphery/20230907_195130/m--20230907_195130--f001938.jpg,20230907_195130,mauritius,original,video,False,test,408.34917091836735
data/processed/mauritius/video/not_augmented/cull2_green_bg/head/224/occ/cn/periphery/20230907_195130/m--20230907_195130--f001940.jpg,20230907_195130,mauritius,original,video,False,test,427.40756536989795
data/processed/mauritius/video/not_augmented/cull2_green_bg/head/224/occ/cn/periphery/20230907_195130/m--20230907_195130--f001942.jpg,20230907_195130,mauritius,original,video,False,test,462.4245455994898
data/processed/mauritius/video/not_augmented/cull2_green_bg/head/224/occ/cn/periphery/20230907_195130/m--20230907_195130--f001944.jpg,20230907_195130,mauritius,original,video,False,test,481.93383290816325
data/processed/mauritius/video/not_augmented/cull2_green_bg/head/224/occ/cn/periphery/20230907_195130/m--20230907_195130--f001946.jpg,20230907_195130,mauritius,original,video,False,test,480.1811623086735
data/processed/mauritius/video/not_augmented/cull2_green_bg/head/224/occ/cn/periphery/20230907_195130/m--20230907_195130--f001948.jpg,20230907_195130,mauritius,original,video,False,test,481.8550701530612
data/processed/mauritius/video/not_augmented/cull2_green_bg/head/224/occ/cn/periphery/20230907_203553/m--20230907_203553--f000160.jpg,20230907_203553,mauritius,original,video,False,train,140.87753105838812
data/processed/mauritius/video/not_augmented/cull2_green_bg/head/224/occ/cn/periphery/20230907_203553/m--20230907_203553--f000162.jpg,20230907_203553,mauritius,original,video,False,train,151.13339046516398
data/processed/mauritius/video/not_augmented/cull2_green_bg/head/224/occ/cn/periphery/20230907_203553/m--20230907_203553--f000164.jpg,20230907_203553,mauritius,original,video,False,train,185.05113997294575
data/processed/mauritius/video/not_augmented/cull2_green_bg/head/224/occ/cn/periphery/20230907_203553/m--20230907_203553--f000166.jpg,20230907_203553,mauritius,original,video,False,train,202.34757722809331
data/processed/mauritius/video/not_augmented/cull2_green_bg/head/224/occ/cn/periphery/20230907_203553/m--20230907_203553--f000168.jpg,20230907_203553,mauritius,original,video,False,train,241.05750227947624
data/processed/mauritius/video/not_augmented/cull2_green_bg/head/224/occ/cn/periphery/20230907_203553/m--20230907_203553--f000170.jpg,20230907_203553,mauritius,original,video,False,train,220.20784825893404
data/processed/mauritius/video/not_augmented/cull2_green_bg/head/224/occ/cn/periphery/20230907_203553/m--20230907_203553--f000172.jpg,20230907_203553,mauritius,original,video,False,train,211.3758967950512
data/processed/mauritius/video/not_augmented/cull2_green_bg/head/224/occ/cn/periphery/20230907_203553/m--20230907_203553--f000174.jpg,20230907_203553,mauritius,original,video,False,train,197.0770487866765
data/processed/mauritius/video/not_augmented/cull2_green_bg/head/224/occ/cn/periphery/20230907_203553/m--20230907_203553--f000176.jpg,20230907_203553,mauritius,original,video,False,train,243.33157285359047
data/processed/mauritius/video/not_augmented/cull2_green_bg/head/224/occ/cn/periphery/20230907_203553/m--20230907_203553--f000178.jpg,20230907_203553,mauritius,original,video,False,train,392.92478475606424
data/processed/mauritius/video/not_augmented/cull2_green_bg/head/224/occ/cn/periphery/20230907_203553/m--20230907_203553--f000180.jpg,20230907_203553,mauritius,original,video,False,train,330.8870046405879
data/processed/mauritius/video/not_augmented/cull2_green_bg/head/224/occ/cn/periphery/20230907_203553/m--20230907_203553--f000182.jpg,20230907_203553,mauritius,original,video,False,train,336.39060468844497
data/processed/mauritius/video/not_augmented/cull2_green_bg/head/224/occ/cn/periphery/20230907_203553/m--20230907_203553--f000184.jpg,20230907_203553,mauritius,original,video,False,train,380.21215322026603
data/processed/mauritius/video/not_augmented/cull2_green_bg/head/224/occ/cn/periphery/20230907_203553/m--20230907_203553--f000186.jpg,20230907_203553,mauritius,original,video,False,train,367.5282627027862
data/processed/mauritius/video/not_augmented/cull2_green_bg/head/224/occ/cn/periphery/20230907_203553/m--20230907_203553--f000188.jpg,20230907_203553,mauritius,original,video,False,train,372.77168001288527
data/processed/mauritius/video/not_augmented/cull2_green_bg/head/224/occ/cn/periphery/20230907_203553/m--20230907_203553--f000190.jpg,20230907_203553,mauritius,original,video,False,train,744.1599235471118
data/processed/mauritius/video/not_augmented/cull2_green_bg/head/224/occ/cn/periphery/20230907_203553/m--20230907_203553--f000192.jpg,20230907_203553,mauritius,original,video,False,train,805.3280601386277
data/processed/mauritius/video/not_augmented/cull2_green_bg/head/224/occ/cn/periphery/20230907_203553/m--20230907_203553--f000194.jpg,20230907_203553,mauritius,original,video,False,train,885.5705843857554
data/processed/mauritius/video/not_augmented/cull2_green_bg/head/224/occ/cn/periphery/20230907_203553/m--20230907_203553--f000196.jpg,20230907_203553,mauritius,original,video,False,train,736.2441007637173
data/processed/mauritius/video/not_augmented/cull2_green_bg/head/224/occ/cn/periphery/20230907_203553/m--20230907_203553--f000198.jpg,20230907_203553,mauritius,original,video,False,train,716.000498179047
data/processed/mauritius/video/not_augmented/cull2_green_bg/head/224/occ/cn/periphery/20230907_203553/m--20230907_203553--f000200.jpg,20230907_203553,mauritius,original,video,False,train,603.5058771881744
data/processed/mauritius/video/not_augmented/cull2_green_bg/head/224/occ/cn/periphery/20230907_203553/m--20230907_203553--f000202.jpg,20230907_203553,mauritius,original,video,False,train,583.8522575657252
data/processed/mauritius/video/not_augmented/cull2_green_bg/head/224/occ/cn/periphery/20230907_203553/m--20230907_203553--f000204.jpg,20230907_203553,mauritius,original,video,False,train,834.4703760111349
data/processed/mauritius/video/not_augmented/cull2_green_bg/head/224/occ/cn/periphery/20230907_203553/m--20230907_203553--f000206.jpg,20230907_203553,mauritius,original,video,False,train,1080.7624669073027
data/processed/mauritius/video/not_augmented/cull2_green_bg/head/224/occ/cn/periphery/20230907_203553/m--20230907_203553--f000208.jpg,20230907_203553,mauritius,original,video,False,train,1221.2345881273425
data/processed/mauritius/video/not_augmented/cull2_green_bg/head/224/occ/cn/periphery/20230907_203553/m--20230907_203553--f000210.jpg,20230907_203553,mauritius,original,video,False,train,1240.6439326539332
data/processed/mauritius/video/not_augmented/cull2_green_bg/head/224/occ/cn/periphery/20230907_203553/m--20230907_203553--f000212.jpg,20230907_203553,mauritius,original,video,False,train,1185.8001995471955
data/processed/mauritius/video/not_augmented/cull2_green_bg/head/224/occ/cn/periphery/20230907_203553/m--20230907_203553--f000214.jpg,20230907_203553,mauritius,original,video,False,train,1324.5818060124632
data/processed/mauritius/video/not_augmented/cull2_green_bg/head/224/occ/cn/periphery/20230907_203553/m--20230907_203553--f000216.jpg,20230907_203553,mauritius,original,video,False,train,1347.936294293513
data/processed/mauritius/video/not_augmented/cull2_green_bg/head/224/occ/cn/periphery/20230907_203553/m--20230907_203553--f000218.jpg,20230907_203553,mauritius,original,video,False,train,1391.7895806744314
data/processed/mauritius/video/not_augmented/cull2_green_bg/head/224/occ/cn/periphery/20230907_203553/m--20230907_203553--f000220.jpg,20230907_203553,mauritius,original,video,False,train,872.1492320231129
data/processed/mauritius/video/not_augmented/cull2_green_bg/head/224/occ/cn/periphery/20230907_203553/m--20230907_203553--f000222.jpg,20230907_203553,mauritius,original,video,False,train,1108.390007155282
data/processed/mauritius/video/not_augmented/cull2_green_bg/head/224/occ/cn/periphery/20230907_203553/m--20230907_203553--f000224.jpg,20230907_203553,mauritius,original,video,False,train,798.4220144894658
data/processed/mauritius/video/not_augmented/cull2_green_bg/head/224/occ/cn/periphery/20230907_203553/m--20230907_203553--f000226.jpg,20230907_203553,mauritius,original,video,False,train,325.6305203924374
data/processed/mauritius/video/not_augmented/cull2_green_bg/head/224/occ/cn/periphery/20230907_203553/m--20230907_203553--f000228.jpg,20230907_203553,mauritius,original,video,False,train,194.19971058975403
data/processed/mauritius/video/not_augmented/cull2_green_bg/head/224/occ/cn/periphery/20230907_203553/m--20230907_203553--f000230.jpg,20230907_203553,mauritius,original,video,False,train,154.37943645915803
data/processed/mauritius/video/not_augmented/cull2_green_bg/head/224/occ/cn/periphery/20230907_203553/m--20230907_203553--f000232.jpg,20230907_203553,mauritius,original,video,False,train,151.3248564908029
data/processed/mauritius/video/not_augmented/cull2_green_bg/head/224/occ/cn/periphery/20230907_203553/m--20230907_203553--f000234.jpg,20230907_203553,mauritius,original,video,False,train,131.90537300888374
data/processed/mauritius/video/not_augmented/cull2_green_bg/head/224/occ/cn/periphery/20230907_203553/m--20230907_203553--f000236.jpg,20230907_203553,mauritius,original,video,False,train,132.85136317610988
data/processed/mauritius/video/not_augmented/cull2_green_bg/head/224/occ/cn/periphery/20230907_203553/m--20230907_203553--f000238.jpg,20230907_203553,mauritius,original,video,False,train,113.3781090418233
data/processed/mauritius/video/not_augmented/cull2_green_bg/head/224/occ/cn/periphery/20230911_185250/m--20230911_185250--f000188.jpg,20230911_185250,mauritius,original,video,False,train,127.88185586734694
data/processed/mauritius/video/not_augmented/cull2_green_bg/head/224/occ/cn/periphery/20230911_185250/m--20230911_185250--f000190.jpg,20230911_185250,mauritius,original,video,False,train,133.60144292091837
data/processed/mauritius/video/not_augmented/cull2_green_bg/head/224/occ/cn/periphery/20230911_185250/m--20230911_185250--f000194.jpg,20230911_185250,mauritius,original,video,False,train,95.5033880739796
data/processed/mauritius/video/not_augmented/cull2_green_bg/head/224/occ/cn/periphery/20230911_185250/m--20230911_185250--f000196.jpg,20230911_185250,mauritius,original,video,False,train,96.42083864795919
data/processed/mauritius/video/not_augmented/cull2_green_bg/head/224/occ/cn/periphery/20230911_185250/m--20230911_185250--f000198.jpg,20230911_185250,mauritius,original,video,False,train,101.9547193877551
data/processed/mauritius/video/not_augmented/cull2_green_bg/head/224/occ/cn/periphery/20230911_185250/m--20230911_185250--f000200.jpg,20230911_185250,mauritius,original,video,False,train,109.67893016581633
data/processed/mauritius/video/not_augmented/cull2_green_bg/head/224/occ/cn/periphery/20230911_185250/m--20230911_185250--f000202.jpg,20230911_185250,mauritius,original,video,False,train,127.96950733418367
data/processed/mauritius/video/not_augmented/cull2_green_bg/head/224/occ/cn/periphery/20230911_185250/m--20230911_185250--f000204.jpg,20230911_185250,mauritius,original,video,False,train,164.13345025510205
data/processed/mauritius/video/not_augmented/cull2_green_bg/head/224/occ/cn/periphery/20230911_185250/m--20230911_185250--f000206.jpg,20230911_185250,mauritius,original,video,False,train,164.91242825255102
data/processed/mauritius/video/not_augmented/cull2_green_bg/head/224/occ/cn/periphery/20230911_185250/m--20230911_185250--f000208.jpg,20230911_185250,mauritius,original,video,False,train,155.34315210459184
data/processed/mauritius/video/not_augmented/cull2_green_bg/head/224/occ/cn/periphery/20230911_185250/m--20230911_185250--f000210.jpg,20230911_185250,mauritius,original,video,False,train,134.59438775510205
data/processed/mauritius/video/not_augmented/cull2_green_bg/head/224/occ/cn/periphery/20230911_185250/m--20230911_185250--f000212.jpg,20230911_185250,mauritius,original,video,False,train,131.9950175382653
data/processed/mauritius/video/not_augmented/cull2_green_bg/head/224/occ/cn/periphery/20230911_185250/m--20230911_185250--f000214.jpg,20230911_185250,mauritius,original,video,False,train,130.7380819515306
data/processed/mauritius/video/not_augmented/cull2_green_bg/head/224/occ/cn/periphery/20230911_185250/m--20230911_185250--f000216.jpg,20230911_185250,mauritius,original,video,False,train,114.99226721938776
data/processed/mauritius/video/not_augmented/cull2_green_bg/head/224/occ/cn/periphery/20230911_185250/m--20230911_185250--f000218.jpg,20230911_185250,mauritius,original,video,False,train,115.81313775510205
data/processed/mauritius/video/not_augmented/cull2_green_bg/head/224/occ/cn/periphery/20230911_185250/m--20230911_185250--f000220.jpg,20230911_185250,mauritius,original,video,False,train,164.38643973214286
data/processed/mauritius/video/not_augmented/cull2_green_bg/head/224/occ/cn/periphery/20230911_185250/m--20230911_185250--f000222.jpg,20230911_185250,mauritius,original,video,False,train,244.91151147959184
data/processed/mauritius/video/not_augmented/cull2_green_bg/head/224/occ/cn/periphery/20230911_185250/m--20230911_185250--f000224.jpg,20230911_185250,mauritius,original,video,False,train,342.3365768244345
data/processed/mauritius/video/not_augmented/cull2_green_bg/head/224/occ/cn/periphery/20230911_185250/m--20230911_185250--f000226.jpg,20230911_185250,mauritius,original,video,False,train,543.4501953121029
data/processed/mauritius/video/not_augmented/cull2_green_bg/head/224/occ/cn/periphery/20230911_185250/m--20230911_185250--f000228.jpg,20230911_185250,mauritius,original,video,False,train,548.9520288580212
data/processed/mauritius/video/not_augmented/cull2_green_bg/head/224/occ/cn/periphery/20230911_185250/m--20230911_185250--f000230.jpg,20230911_185250,mauritius,original,video,False,train,493.40387831604113
data/processed/mauritius/video/not_augmented/cull2_green_bg/head/224/occ/cn/periphery/20230911_185250/m--20230911_185250--f000232.jpg,20230911_185250,mauritius,original,video,False,train,602.5019730544498
data/processed/mauritius/video/not_augmented/cull2_green_bg/head/224/occ/cn/periphery/20230911_185250/m--20230911_185250--f000234.jpg,20230911_185250,mauritius,original,video,False,train,631.7530293351459
data/processed/mauritius/video/not_augmented/cull2_green_bg/head/224/occ/cn/periphery/20230911_185250/m--20230911_185250--f000236.jpg,20230911_185250,mauritius,original,video,False,train,704.8938885124362
data/processed/mauritius/video/not_augmented/cull2_green_bg/head/224/occ/cn/periphery/20230911_185250/m--20230911_185250--f000238.jpg,20230911_185250,mauritius,original,video,False,train,733.9399115079049
data/processed/mauritius/video/not_augmented/cull2_green_bg/head/224/occ/cn/periphery/20230911_185250/m--20230911_185250--f000240.jpg,20230911_185250,mauritius,original,video,False,train,819.6877590844355
data/processed/mauritius/video/not_augmented/cull2_green_bg/head/224/occ/cn/periphery/20230911_185250/m--20230911_185250--f000242.jpg,20230911_185250,mauritius,original,video,False,train,780.9258906607923
data/processed/mauritius/video/not_augmented/cull2_green_bg/head/224/occ/cn/periphery/20230911_185250/m--20230911_185250--f000244.jpg,20230911_185250,mauritius,original,video,False,train,696.1282286352041
data/processed/mauritius/video/not_augmented/cull2_green_bg/head/224/occ/cn/periphery/20230911_185250/m--20230911_185250--f000246.jpg,20230911_185250,mauritius,original,video,False,train,485.5204081632653
data/processed/mauritius/video/not_augmented/cull2_green_bg/head/224/occ/cn/periphery/20230911_185250/m--20230911_185250--f000248.jpg,20230911_185250,mauritius,original,video,False,train,506.38647959183675
