path,identity,species,background,source,augmented,split,quality
data/processed/mauritius/video/not_augmented/cull2_green_bg/head/224/occ/cn/matched/20230805_131123/m--20230805_131123--f000746.jpg,20230805_131123,mauritius,original,video,False,val,150.13626031545934
data/processed/mauritius/video/not_augmented/cull2_green_bg/head/224/occ/cn/matched/20230805_131123/m--20230805_131123--f000748.jpg,20230805_131123,mauritius,original,video,False,val,140.62336539507208
data/processed/mauritius/video/not_augmented/cull2_green_bg/head/224/occ/cn/matched/20230805_131123/m--20230805_131123--f000750.jpg,20230805_131123,mauritius,original,video,False,val,145.59970881411655
data/processed/mauritius/video/not_augmented/cull2_green_bg/head/224/occ/cn/matched/20230805_131123/m--20230805_131123--f000752.jpg,20230805_131123,mauritius,original,video,False,val,149.98405604459802
data/processed/mauritius/video/not_augmented/cull2_green_bg/head/224/occ/cn/matched/20230805_131123/m--20230805_131123--f000754.jpg,20230805_131123,mauritius,original,video,False,val,143.8277262743688
data/processed/mauritius/video/not_augmented/cull2_green_bg/head/224/occ/cn/matched/20230805_131123/m--20230805_131123--f000756.jpg,20230805_131123,mauritius,original,video,False,val,157.5669044925987
data/processed/mauritius/video/not_augmented/cull2_green_bg/head/224/occ/cn/matched/20230805_131123/m--20230805_131123--f000758.jpg,20230805_131123,mauritius,original,video,False,val,138.64395325226565
data/processed/mauritius/video/not_augmented/cull2_green_bg/head/224/occ/cn/matched/20230805_131123/m--20230805_131123--f000760.jpg,20230805_131123,mauritius,original,video,False,val,136.05446820455705
data/processed/mauritius/video/not_augmented/cull2_green_bg/head/224/occ/cn/matched/20230805_131123/m--20230805_131123--f000824.jpg,20230805_131123,mauritius,original,video,False,val,1057.1574855933138
data/processed/mauritius/video/not_augmented/cull2_green_bg/head/224/occ/cn/matched/20230805_131123/m--20230805_131123--f000826.jpg,20230805_131123,mauritius,original,video,False,val,1090.6837133147824
data/processed/mauritius/video/not_augmented/cull2_green_bg/head/224/occ/cn/matched/20230805_131123/m--20230805_131123--f000828.jpg,20230805_131123,mauritius,original,video,False,val,974.4589444755862
data/processed/mauritius/video/not_augmented/cull2_green_bg/head/224/occ/cn/matched/20230805_131123/m--20230805_131123--f000830.jpg,20230805_131123,mauritius,original,video,False,val,639.8302773456185
data/processed/mauritius/video/not_augmented/cull2_green_bg/head/224/occ/cn/matched/20230805_131123/m--20230805_131123--f000836.jpg,20230805_131123,mauritius,original,video,False,val,572.440070918082
data/processed/mauritius/video/not_augmented/cull2_green_bg/head/224/occ/cn/matched/20230805_131123/m--20230805_131123--f000850.jpg,20230805_131123,mauritius,original,video,False,val,116.73301973068827
data/processed/mauritius/video/not_augmented/cull2_green_bg/head/224/occ/cn/matched/20230805_131123/m--20230805_131123--f000852.jpg,20230805_131123,mauritius,original,video,False,val,117.78575395316396
data/processed/mauritius/video/not_augmented/cull2_green_bg/head/224/occ/cn/matched/20230805_131123/m--20230805_131123--f000874.jpg,20230805_131123,mauritius,original,video,False,val,107.22193876121104
data/processed/mauritius/video/not_augmented/cull2_green_bg/head/224/occ/cn/matched/20230805_131123/m--20230805_131123--f000876.jpg,20230805_131123,mauritius,original,video,False,val,99.38137739214089
data/processed/mauritius/video/not_augmented/cull2_green_bg/head/224/occ/cn/matched/20230805_132834/m--20230805_132834--f000538.jpg,20230805_132834,mauritius,original,video,False,test,92.22395164198998
data/processed/mauritius/video/not_augmented/cull2_green_bg/head/224/occ/cn/matched/20230805_132834/m--20230805_132834--f000540.jpg,20230805_132834,mauritius,original,video,False,test,282.61955914821095
data/processed/mauritius/video/not_augmented/cull2_green_bg/head/224/occ/cn/matched/20230805_132834/m--20230805_132834--f000542.jpg,20230805_132834,mauritius,original,video,False,test,611.2962571425718
data/processed/mauritius/video/not_augmented/cull2_green_bg/head/224/occ/cn/matched/20230805_132834/m--20230805_132834--f000544.jpg,20230805_132834,mauritius,original,video,False,test,946.7546436221638
data/processed/mauritius/video/not_augmented/cull2_green_bg/head/224/occ/cn/matched/20230805_132834/m--20230805_132834--f000546.jpg,20230805_132834,mauritius,original,video,False,test,1176.0726243558897
data/processed/mauritius/video/not_augmented/cull2_green_bg/head/224/occ/cn/matched/20230805_132834/m--20230805_132834--f000548.jpg,20230805_132834,mauritius,original,video,False,test,1268.718789845395
data/processed/mauritius/video/not_augmented/cull2_green_bg/head/224/occ/cn/matched/20230805_132834/m--20230805_132834--f000550.jpg,20230805_132834,mauritius,original,video,False,test,1262.658223035384
data/processed/mauritius/video/not_augmented/cull2_green_bg/head/224/occ/cn/matched/20230805_132834/m--20230805_132834--f000552.jpg,20230805_132834,mauritius,original,video,False,test,1372.2142657808643
data/processed/mauritius/video/not_augmented/cull2_green_bg/head/224/occ/cn/matched/20230805_132834/m--20230805_132834--f000554.jpg,20230805_132834,mauritius,original,video,False,test,1305.8865792406743
data/processed/mauritius/video/not_augmented/cull2_green_bg/head/224/occ/cn/matched/20230805_132834/m--20230805_132834--f000556.jpg,20230805_132834,mauritius,original,video,False,test,1333.254185261502
data/processed/mauritius/video/not_augmented/cull2_green_bg/head/224/occ/cn/matched/20230805_132834/m--20230805_132834--f000558.jpg,20230805_132834,mauritius,original,video,False,test,1516.3249759554913
data/processed/mauritius/video/not_augmented/cull2_green_bg/head/224/occ/cn/matched/20230805_132834/m--20230805_132834--f000560.jpg,20230805_132834,mauritius,original,video,False,test,1529.5982540437255
data/processed/mauritius/video/not_augmented/cull2_green_bg/head/224/occ/cn/matched/20230805_132834/m--20230805_132834--f000562.jpg,20230805_132834,mauritius,original,video,False,test,1465.4548189476202
data/processed/mauritius/video/not_augmented/cull2_green_bg/head/224/occ/cn/matched/20230805_132834/m--20230805_132834--f000564.jpg,20230805_132834,mauritius,original,video,False,test,1432.415318048184
data/processed/mauritius/video/not_augmented/cull2_green_bg/head/224/occ/cn/matched/20230805_132834/m--20230805_132834--f000566.jpg,20230805_132834,mauritius,original,video,False,test,1336.199477837613
data/processed/mauritius/video/not_augmented/cull2_green_bg/head/224/occ/cn/matched/20230805_132834/m--20230805_132834--f000568.jpg,20230805_132834,mauritius,original,video,False,test,1295.4341119196654
data/processed/mauritius/video/not_augmented/cull2_green_bg/head/224/occ/cn/matched/20230805_132834/m--20230805_132834--f000570.jpg,20230805_132834,mauritius,original,video,False,test,1183.0581353313473
data/processed/mauritius/video/not_augmented/cull2_green_bg/head/224/occ/cn/matched/20230805_132834/m--20230805_132834--f000572.jpg,20230805_132834,mauritius,original,video,False,test,1167.6812220946395
data/processed/mauritius/video/not_augmented/cull2_green_bg/head/224/occ/cn/matched/20230805_132834/m--20230805_132834--f000574.jpg,20230805_132834,mauritius,original,video,False,test,1102.262137266856
data/processed/mauritius/video/not_augmented/cull2_green_bg/head/224/occ/cn/matched/20230805_132834/m--20230805_132834--f000576.jpg,20230805_132834,mauritius,original,video,False,test,1041.5181162304702
data/processed/mauritius/video/not_augmented/cull2_green_bg/head/224/occ/cn/matched/20230805_132834/m--20230805_132834--f000578.jpg,20230805_132834,mauritius,original,video,False,test,940.8330275501027
data/processed/mauritius/video/not_augmented/cull2_green_bg/head/224/occ/cn/matched/20230805_132834/m--20230805_132834--f000580.jpg,20230805_132834,mauritius,original,video,False,test,972.1312579147422
data/processed/mauritius/video/not_augmented/cull2_green_bg/head/224/occ/cn/matched/20230805_132834/m--20230805_132834--f000582.jpg,20230805_132834,mauritius,original,video,False,test,1005.9189253762979
data/processed/mauritius/video/not_augmented/cull2_green_bg/head/224/occ/cn/matched/20230805_132834/m--20230805_132834--f000584.jpg,20230805_132834,mauritius,original,video,False,test,925.7184311208601
data/processed/mauritius/video/not_augmented/cull2_green_bg/head/224/occ/cn/matched/20230805_132834/m--20230805_132834--f000586.jpg,20230805_132834,mauritius,original,video,False,test,835.0568597861899
data/processed/mauritius/video/not_augmented/cull2_green_bg/head/224/occ/cn/matched/20230805_132834/m--20230805_132834--f000588.jpg,20230805_132834,mauritius,original,video,False,test,742.3995135194905
data/processed/mauritius/video/not_augmented/cull2_green_bg/head/224/occ/cn/matched/20230805_132834/m--20230805_132834--f000590.jpg,20230805_132834,mauritius,original,video,False,test,671.1007852355722
data/processed/mauritius/video/not_augmented/cull2_green_bg/head/224/occ/cn/matched/20230805_135856/m--20230805_135856--f000146.jpg,20230805_135856,mauritius,original,video,False,val,51.92709651821508
data/processed/mauritius/video/not_augmented/cull2_green_bg/head/224/occ/cn/matched/20230805_135856/m--20230805_135856--f000148.jpg,20230805_135856,mauritius,original,video,False,val,52.93373308376391
data/processed/mauritius/video/not_augmented/cull2_green_bg/head/224/occ/cn/matched/20230805_135856/m--20230805_135856--f000152.jpg,20230805_135856,mauritius,original,video,False,val,51.476582426272145
data/processed/mauritius/video/not_augmented/cull2_green_bg/head/224/occ/cn/matched/20230805_135856/m--20230805_135856--f000154.jpg,20230805_135856,mauritius,original,video,False,val,77.04458292421327
data/processed/mauritius/video/not_augmented/cull2_green_bg/head/224/occ/cn/matched/20230805_135856/m--20230805_135856--f000156.jpg,20230805_135856,mauritius,original,video,False,val,213.50753335345047
data/processed/mauritius/video/not_augmented/cull2_green_bg/head/224/occ/cn/matched/20230805_135856/m--20230805_135856--f000158.jpg,20230805_135856,mauritius,original,video,False,val,101.8192957882482
data/processed/mauritius/video/not_augmented/cull2_green_bg/head/224/occ/cn/matched/20230805_135856/m--20230805_135856--f000162.jpg,20230805_135856,mauritius,original,video,False,val,79.16358410582251
data/processed/mauritius/video/not_augmented/cull2_green_bg/head/224/occ/cn/matched/20230805_135856/m--20230805_135856--f000322.jpg,20230805_135856,mauritius,original,video,False,val,50.33406225774051
data/processed/mauritius/video/not_augmented/cull2_green_bg/head/224/occ/cn/matched/20230805_135856/m--20230805_135856--f000574.jpg,20230805_135856,mauritius,original,video,False,val,77.4972894121239
data/processed/mauritius/video/not_augmented/cull2_green_bg/head/224/occ/cn/matched/20230805_135856/m--20230805_135856--f000576.jpg,20230805_135856,mauritius,original,video,False,val,88.19379780621192
data/processed/mauritius/video/not_augmented/cull2_green_bg/head/224/occ/cn/matched/20230805_135856/m--20230805_135856--f000582.jpg,20230805_135856,mauritius,original,video,False,val,195.2838209307924
data/processed/mauritius/video/not_augmented/cull2_green_bg/head/224/occ/cn/matched/20230805_135856/m--20230805_135856--f000586.jpg,20230805_135856,mauritius,original,video,False,val,248.87492025519154
data/processed/mauritius/video/not_augmented/cull2_green_bg/head/224/occ/cn/matched/20230805_135856/m--20230805_135856--f000588.jpg,20230805_135856,mauritius,original,video,False,val,438.92267211602666
data/processed/mauritius/video/not_augmented/cull2_green_bg/head/224/occ/cn/matched/20230805_135856/m--20230805_135856--f000590.jpg,20230805_135856,mauritius,original,video,False,val,485.3268096285133
data/processed/mauritius/video/not_augmented/cull2_green_bg/head/224/occ/cn/matched/20230805_135856/m--20230805_135856--f000592.jpg,20230805_135856,mauritius,original,video,False,val,502.0389429209184
data/processed/mauritius/video/not_augmented/cull2_green_bg/head/224/occ/cn/matched/20230805_135856/m--20230805_135856--f000594.jpg,20230805_135856,mauritius,original,video,False,val,540.6991788648854
data/processed/mauritius/video/not_augmented/cull2_green_bg/head/224/occ/cn/matched/20230805_135856/m--20230805_135856--f000596.jpg,20230805_135856,mauritius,original,video,False,val,564.0262474650295
data/processed/mauritius/video/not_augmented/cull2_green_bg/head/224/occ/cn/matched/20230805_135856/m--20230805_135856--f000598.jpg,20230805_135856,mauritius,original,video,False,val,513.1657166101693
data/processed/mauritius/video/not_augmented/cull2_green_bg/head/224/occ/cn/matched/20230805_135856/m--20230805_135856--f000600.jpg,20230805_135856,mauritius,original,video,False,val,513.5776466693744
data/processed/mauritius/video/not_augmented/cull2_green_bg/head/224/occ/cn/matched/20230805_135856/m--20230805_135856--f000602.jpg,20230805_135856,mauritius,original,video,False,val,548.6406242993414
data/processed/mauritius/video/not_augmented/cull2_green_bg/head/224/occ/cn/matched/20230805_135856/m--20230805_135856--f000604.jpg,20230805_135856,mauritius,original,video,False,val,567.6998962059163
data/processed/mauritius/video/not_augmented/cull2_green_bg/head/224/occ/cn/matched/20230805_135856/m--20230805_135856--f000606.jpg,20230805_135856,mauritius,original,video,False,val,567.1190808255293
data/processed/mauritius/video/not_augmented/cull2_green_bg/head/224/occ/cn/matched/20230805_135856/m--20230805_135856--f000608.jpg,20230805_135856,mauritius,original,video,False,val,138.2761079072456
data/processed/mauritius/video/not_augmented/cull2_green_bg/head/224/occ/cn/matched/20230805_135856/m--20230805_135856--f000610.jpg,20230805_135856,mauritius,original,video,False,val,95.59821428571429
data/processed/mauritius/video/not_augmented/cull2_green_bg/head/224/occ/cn/matched/20230805_135856/m--20230805_135856--f001484.jpg,20230805_135856,mauritius,original,video,False,val,200.85616628471286
data/processed/mauritius/video/not_augmented/cull2_green_bg/head/224/occ/cn/matched/20230805_135856/m--20230805_135856--f001486.jpg,20230805_135856,mauritius,original,video,False,val,211.77144450895094
data/processed/mauritius/video/not_augmented/cull2_green_bg/head/224/occ/cn/matched/20230805_135856/m--20230805_135856--f001488.jpg,20230805_135856,mauritius,original,video,False,val,252.3364556505997
data/processed/mauritius/video/not_augmented/cull2_green_bg/head/224/occ/cn/matched/20230805_135856/m--20230805_135856--f001490.jpg,20230805_135856,mauritius,original,video,False,val,343.45533719354745
data/processed/mauritius/video/not_augmented/cull2_green_bg/head/224/occ/cn/matched/20230805_135856/m--20230805_135856--f001492.jpg,20230805_135856,mauritius,original,video,False,val,376.68757971303256
data/processed/mauritius/video/not_augmented/cull2_green_bg/head/224/occ/cn/matched/20230805_135856/m--20230805_135856--f001494.jpg,20230805_135856,mauritius,original,video,False,val,397.2468709818575
data/processed/mauritius/video/not_augmented/cull2_green_bg/head/224/occ/cn/matched/20230805_135856/m--20230805_135856--f001498.jpg,20230805_135856,mauritius,original,video,False,val,466.76161905270425
data/processed/mauritius/video/not_augmented/cull2_green_bg/head/224/occ/cn/matched/20230805_135856/m--20230805_135856--f001506.jpg,20230805_135856,mauritius,original,video,False,val,134.31626673749668
data/processed/mauritius/video/not_augmented/cull2_green_bg/head/224/occ/cn/matched/20230805_135856/m--20230805_135856--f001508.jpg,20230805_135856,mauritius,original,video,False,val,121.83193151139557
data/processed/mauritius/video/not_augmented/cull2_green_bg/head/224/occ/cn/matched/20230805_135856/m--20230805_135856--f001510.jpg,20230805_135856,mauritius,original,video,False,val,119.60554846779895
data/processed/mauritius/video/not_augmented/cull2_green_bg/head/224/occ/cn/matched/20230805_144129/m--20230805_144129--f000140.jpg,20230805_144129,mauritius,original,video,False,train,75.77287943886499
data/processed/mauritius/video/not_augmented/cull2_green_bg/head/224/occ/cn/matched/20230805_144129/m--20230805_144129--f000146.jpg,20230805_144129,mauritius,original,video,False,train,229.12978312354545
data/processed/mauritius/video/not_augmented/cull2_green_bg/head/224/occ/cn/matched/20230805_144129/m--20230805_144129--f001030.jpg,20230805_144129,mauritius,original,video,False,train,266.53027326233536
data/processed/mauritius/video/not_augmented/cull2_green_bg/head/224/occ/cn/matched/20230805_145141/m--20230805_145141--f000694.jpg,20230805_145141,mauritius,original,video,False,train,359.92504370227454
data/processed/mauritius/video/not_augmented/cull2_green_bg/head/224/occ/cn/matched/20230805_145141/m--20230805_145141--f000702.jpg,20230805_145141,mauritius,original,video,False,train,547.1738679703949
data/processed/mauritius/video/not_augmented/cull2_green_bg/head/224/occ/cn/matched/20230805_145141/m--20230805_145141--f000704.jpg,20230805_145141,mauritius,original,video,False,train,518.58452248047
data/processed/mauritius/video/not_augmented/cull2_green_bg/head/224/occ/cn/matched/20230805_145141/m--20230805_145141--f000706.jpg,20230805_145141,mauritius,original,video,False,train,524.8971220729053
data/processed/mauritius/video/not_augmented/cull2_green_bg/head/224/occ/cn/matched/20230805_145141/m--20230805_145141--f000708.jpg,20230805_145141,mauritius,original,video,False,train,505.6870814060877
data/processed/mauritius/video/not_augmented/cull2_green_bg/head/224/occ/cn/matched/20230805_145141/m--20230805_145141--f000710.jpg,20230805_145141,mauritius,original,video,False,train,467.2064333291712
data/processed/mauritius/video/not_augmented/cull2_green_bg/head/224/occ/cn/matched/20230805_145141/m--20230805_145141--f000712.jpg,20230805_145141,mauritius,original,video,False,train,446.0275230705615
data/processed/mauritius/video/not_augmented/cull2_green_bg/head/224/occ/cn/matched/20230805_145141/m--20230805_145141--f000714.jpg,20230805_145141,mauritius,original,video,False,train,444.4424027359918
data/processed/mauritius/video/not_augmented/cull2_green_bg/head/224/occ/cn/matched/20230805_145141/m--20230805_145141--f000716.jpg,20230805_145141,mauritius,original,video,False,train,436.00336753999335
data/processed/mauritius/video/not_augmented/cull2_green_bg/head/224/occ/cn/matched/20230805_145141/m--20230805_145141--f000718.jpg,20230805_145141,mauritius,original,video,False,train,399.03119000034104
data/processed/mauritius/video/not_augmented/cull2_green_bg/head/224/occ/cn/matched/20230805_145141/m--20230805_145141--f000720.jpg,20230805_145141,mauritius,original,video,False,train,395.7661230360553
data/processed/mauritius/video/not_augmented/cull2_green_bg/head/224/occ/cn/matched/20230805_145141/m--20230805_145141--f000722.jpg,20230805_145141,mauritius,original,video,False,train,396.1454272887847
data/processed/mauritius/video/not_augmented/cull2_green_bg/head/224/occ/cn/matched/20230805_145141/m--20230805_145141--f000724.jpg,20230805_145141,mauritius,original,video,False,train,374.26761775590734
data/processed/mauritius/video/not_augmented/cull2_green_bg/head/224/occ/cn/matched/20230805_145141/m--20230805_145141--f000726.jpg,20230805_145141,mauritius,original,video,False,train,339.7088448656742
data/processed/mauritius/video/not_augmented/cull2_green_bg/head/224/occ/cn/matched/20230805_145141/m--20230805_145141--f000728.jpg,20230805_145141,mauritius,original,video,False,train,246.39403293669986
data/processed/mauritius/video/not_augmented/cull2_green_bg/head/224/occ/cn/matched/20230805_145141/m--20230805_145141--f000730.jpg,20230805_145141,mauritius,original,video,False,train,275.97783795300745
data/processed/mauritius/video/not_augmented/cull2_green_bg/head/224/occ/cn/matched/20230805_145141/m--20230805_145141--f000732.jpg,20230805_145141,mauritius,original,video,False,train,281.84163735837353
data/processed/mauritius/video/not_augmented/cull2_green_bg/head/224/occ/cn/matched/20230805_145141/m--20230805_145141--f000734.jpg,20230805_145141,mauritius,original,video,False,train,290.745196903313
data/processed/mauritius/video/not_augmented/cull2_green_bg/head/224/occ/cn/matched/20230805_145141/m--20230805_145141--f000736.jpg,20230805_145141,mauritius,original,video,False,train,282.4163344961958
data/processed/mauritius/video/not_augmented/cull2_green_bg/head/224/occ/cn/matched/20230805_145141/m--20230805_145141--f000738.jpg,20230805_145141,mauritius,original,video,False,train,325.3179605492747
data/processed/mauritius/video/not_augmented/cull2_green_bg/head/224/occ/cn/matched/20230805_145141/m--20230805_145141--f000740.jpg,20230805_145141,mauritius,original,video,False,train,337.77955589588356
data/processed/mauritius/video/not_augmented/cull2_green_bg/head/224/occ/cn/matched/20230805_145141/m--20230805_145141--f000742.jpg,20230805_145141,mauritius,original,video,False,train,333.5973971615926
data/processed/mauritius/video/not_augmented/cull2_green_bg/head/224/occ/cn/matched/20230805_145141/m--20230805_145141--f000934.jpg,20230805_145141,mauritius,original,video,False,train,326.17101798440854
data/processed/mauritius/video/not_augmented/cull2_green_bg/head/224/occ/cn/matched/20230805_145141/m--20230805_145141--f000936.jpg,20230805_145141,mauritius,original,video,False,train,232.97315449577627
data/processed/mauritius/video/not_augmented/cull2_green_bg/head/224/occ/cn/matched/20230805_145141/m--20230805_145141--f000996.jpg,20230805_145141,mauritius,original,video,False,train,101.39198003734762
data/processed/mauritius/video/not_augmented/cull2_green_bg/head/224/occ/cn/matched/20230805_145141/m--20230805_145141--f000998.jpg,20230805_145141,mauritius,original,video,False,train,128.22413103325275
data/processed/mauritius/video/not_augmented/cull2_green_bg/head/224/occ/cn/matched/20230805_145141/m--20230805_145141--f001000.jpg,20230805_145141,mauritius,original,video,False,train,145.16709173505183
data/processed/mauritius/video/not_augmented/cull2_green_bg/head/224/occ/cn/matched/20230805_145141/m--20230805_145141--f001002.jpg,20230805_145141,mauritius,original,video,False,train,126.14514893186634
data/processed/mauritius/video/not_augmented/cull2_green_bg/head/224/occ/cn/matched/20230805_145141/m--20230805_145141--f001060.jpg,20230805_145141,mauritius,original,video,False,train,95.80317283163265
data/processed/mauritius/video/not_augmented/cull2_green_bg/head/224/occ/cn/matched/20230805_145141/m--20230805_145141--f001062.jpg,20230805_145141,mauritius,original,video,False,train,92.97735969228876
data/processed/mauritius/video/not_augmented/cull2_green_bg/head/224/occ/cn/matched/20230805_145141/m--20230805_145141--f001064.jpg,20230805_145141,mauritius,original,video,False,train,118.82637109561843
data/processed/mauritius/video/not_augmented/cull2_green_bg/head/224/occ/cn/matched/20230805_145544/m--20230805_145544--f000146.jpg,20230805_145544,mauritius,original,video,False,val,419.45505819157836
data/processed/mauritius/video/not_augmented/cull2_green_bg/head/224/occ/cn/matched/20230805_145544/m--20230805_145544--f000148.jpg,20230805_145544,mauritius,original,video,False,val,87.38596141581633
data/processed/mauritius/video/not_augmented/cull2_green_bg/head/224/occ/cn/matched/20230805_145544/m--20230805_145544--f000150.jpg,20230805_145544,mauritius,original,video,False,val,217.19371809794575
data/processed/mauritius/video/not_augmented/cull2_green_bg/head/224/occ/cn/matched/20230805_145544/m--20230805_145544--f000152.jpg,20230805_145544,mauritius,original,video,False,val,465.0501235614763
data/processed/mauritius/video/not_augmented/cull2_green_bg/head/224/occ/cn/matched/20230805_145544/m--20230805_145544--f000154.jpg,20230805_145544,mauritius,original,video,False,val,134.23584980231828
data/processed/mauritius/video/not_augmented/cull2_green_bg/head/224/occ/cn/matched/20230805_145544/m--20230805_145544--f000156.jpg,20230805_145544,mauritius,original,video,False,val,115.49292487216364
data/processed/mauritius/video/not_augmented/cull2_green_bg/head/224/occ/cn/matched/20230805_145544/m--20230805_145544--f000158.jpg,20230805_145544,mauritius,original,video,False,val,222.42893016422752
data/processed/mauritius/video/not_augmented/cull2_green_bg/head/224/occ/cn/matched/20230805_145544/m--20230805_145544--f000160.jpg,20230805_145544,mauritius,original,video,False,val,208.67763471583532
data/processed/mauritius/video/not_augmented/cull2_green_bg/head/224/occ/cn/matched/20230805_145544/m--20230805_145544--f000162.jpg,20230805_145544,mauritius,original,video,False,val,150.01660155257002
data/processed/mauritius/video/not_augmented/cull2_green_bg/head/224/occ/cn/matched/20230805_145544/m--20230805_145544--f000164.jpg,20230805_145544,mauritius,original,video,False,val,148.46372763885154
data/processed/mauritius/video/not_augmented/cull2_green_bg/head/224/occ/cn/matched/20230805_145544/m--20230805_145544--f000166.jpg,20230805_145544,mauritius,original,video,False,val,267.20392217957834
data/processed/mauritius/video/not_augmented/cull2_green_bg/head/224/occ/cn/matched/20230805_145544/m--20230805_145544--f000168.jpg,20230805_145544,mauritius,original,video,False,val,379.767578047149
data/processed/mauritius/video/not_augmented/cull2_green_bg/head/224/occ/cn/matched/20230805_145544/m--20230805_145544--f000170.jpg,20230805_145544,mauritius,original,video,False,val,311.43241785685746
data/processed/mauritius/video/not_augmented/cull2_green_bg/head/224/occ/cn/matched/20230805_145544/m--20230805_145544--f000172.jpg,20230805_145544,mauritius,original,video,False,val,268.65882094985795
data/processed/mauritius/video/not_augmented/cull2_green_bg/head/224/occ/cn/matched/20230805_145544/m--20230805_145544--f000174.jpg,20230805_145544,mauritius,original,video,False,val,276.12117345508864
data/processed/mauritius/video/not_augmented/cull2_green_bg/head/224/occ/cn/matched/20230805_145544/m--20230805_145544--f000176.jpg,20230805_145544,mauritius,original,video,False,val,253.48933738849902
data/processed/mauritius/video/not_augmented/cull2_green_bg/head/224/occ/cn/matched/20230805_145544/m--20230805_145544--f000178.jpg,20230805_145544,mauritius,original,video,False,val,219.15662863491875
data/processed/mauritius/video/not_augmented/cull2_green_bg/head/224/occ/cn/matched/20230805_145544/m--20230805_145544--f000180.jpg,20230805_145544,mauritius,original,video,False,val,155.08011788301098
data/processed/mauritius/video/not_augmented/cull2_green_bg/head/224/occ/cn/matched/20230805_145544/m--20230805_145544--f000182.jpg,20230805_145544,mauritius,original,video,False,val,133.0124362244898
data/processed/mauritius/video/not_augmented/cull2_green_bg/head/224/occ/cn/matched/20230805_145544/m--20230805_145544--f000184.jpg,20230805_145544,mauritius,original,video,False,val,113.07061144730687
data/processed/mauritius/video/not_augmented/cull2_green_bg/head/224/occ/cn/matched/20230805_145544/m--20230805_145544--f000186.jpg,20230805_145544,mauritius,original,video,False,val,101.61190607109849
data/processed/mauritius/video/not_augmented/cull2_green_bg/head/224/occ/cn/matched/20230805_145544/m--20230805_145544--f000188.jpg,20230805_145544,mauritius,original,video,False,val,93.77995452777587
data/processed/mauritius/video/not_augmented/cull2_green_bg/head/224/occ/cn/matched/20230805_145544/m--20230805_145544--f000190.jpg,20230805_145544,mauritius,original,video,False,val,86.0936303811985
data/processed/mauritius/video/not_augmented/cull2_green_bg/head/224/occ/cn/matched/20230805_145544/m--20230805_145544--f001056.jpg,20230805_145544,mauritius,original,video,False,val,299.9686902068844
data/processed/mauritius/video/not_augmented/cull2_green_bg/head/224/occ/cn/matched/20230805_145544/m--20230805_145544--f001058.jpg,20230805_145544,mauritius,original,video,False,val,241.08244910909454
data/processed/mauritius/video/not_augmented/cull2_green_bg/head/224/occ/cn/matched/20230805_145544/m--20230805_145544--f001060.jpg,20230805_145544,mauritius,original,video,False,val,253.72708066172126
data/processed/mauritius/video/not_augmented/cull2_green_bg/head/224/occ/cn/matched/20230805_145544/m--20230805_145544--f001062.jpg,20230805_145544,mauritius,original,video,False,val,356.96566084155137
data/processed/mauritius/video/not_augmented/cull2_green_bg/head/224/occ/cn/matched/20230805_145544/m--20230805_145544--f001064.jpg,20230805_145544,mauritius,original,video,False,val,253.32816454829003
data/processed/mauritius/video/not_augmented/cull2_green_bg/head/224/occ/cn/matched/20230805_145544/m--20230805_145544--f001066.jpg,20230805_145544,mauritius,original,video,False,val,194.9859095882843
data/processed/mauritius/video/not_augmented/cull2_green_bg/head/224/occ/cn/matched/20230805_145544/m--20230805_145544--f001068.jpg,20230805_145544,mauritius,original,video,False,val,146.0017936846357
data/processed/mauritius/video/not_augmented/cull2_green_bg/head/224/occ/cn/matched/20230805_145544/m--20230805_145544--f001070.jpg,20230805_145544,mauritius,original,video,False,val,141.91151145417112
data/processed/mauritius/video/not_augmented/cull2_green_bg/head/224/occ/cn/matched/20230805_150231/m--20230805_150231--f000134.jpg,20230805_150231,mauritius,original,video,False,val,167.09699851698997
data/processed/mauritius/video/not_augmented/cull2_green_bg/head/224/occ/cn/matched/20230805_150231/m--20230805_150231--f000136.jpg,20230805_150231,mauritius,original,video,False,val,119.3952287465818
data/processed/mauritius/video/not_augmented/cull2_green_bg/head/224/occ/cn/matched/20230805_150231/m--20230805_150231--f000138.jpg,20230805_150231,mauritius,original,video,False,val,465.8909239377742
data/processed/mauritius/video/not_augmented/cull2_green_bg/head/224/occ/cn/matched/20230805_150231/m--20230805_150231--f000140.jpg,20230805_150231,mauritius,original,video,False,val,683.3314931342028
data/processed/mauritius/video/not_augmented/cull2_green_bg/head/224/occ/cn/matched/20230805_150231/m--20230805_150231--f000142.jpg,20230805_150231,mauritius,original,video,False,val,405.6785913262453
data/processed/mauritius/video/not_augmented/cull2_green_bg/head/224/occ/cn/matched/20230805_150231/m--20230805_150231--f000144.jpg,20230805_150231,mauritius,original,video,False,val,322.1684869260204
data/processed/mauritius/video/not_augmented/cull2_green_bg/head/224/occ/cn/matched/20230805_150231/m--20230805_150231--f000146.jpg,20230805_150231,mauritius,original,video,False,val,386.95471937345593
data/processed/mauritius/video/not_augmented/cull2_green_bg/head/224/occ/cn/matched/20230805_150231/m--20230805_150231--f000148.jpg,20230805_150231,mauritius,original,video,False,val,323.18371325123076
data/processed/mauritius/video/not_augmented/cull2_green_bg/head/224/occ/cn/matched/20230805_150231/m--20230805_150231--f000470.jpg,20230805_150231,mauritius,original,video,False,val,109.6184630038489
data/processed/mauritius/video/not_augmented/cull2_green_bg/head/224/occ/cn/matched/20230805_150231/m--20230805_150231--f000472.jpg,20230805_150231,mauritius,original,video,False,val,106.35546871028012
data/processed/mauritius/video/not_augmented/cull2_green_bg/head/224/occ/cn/matched/20230805_150231/m--20230805_150231--f000474.jpg,20230805_150231,mauritius,original,video,False,val,105.0524152289426
data/processed/mauritius/video/not_augmented/cull2_green_bg/head/224/occ/cn/matched/20230805_150231/m--20230805_150231--f000476.jpg,20230805_150231,mauritius,original,video,False,val,92.69856103287792
data/processed/mauritius/video/not_augmented/cull2_green_bg/head/224/occ/cn/matched/20230805_150231/m--20230805_150231--f000478.jpg,20230805_150231,mauritius,original,video,False,val,75.54563932406907
data/processed/mauritius/video/not_augmented/cull2_green_bg/head/224/occ/cn/matched/20230805_150231/m--20230805_150231--f000480.jpg,20230805_150231,mauritius,original,video,False,val,83.79683508310949
data/processed/mauritius/video/not_augmented/cull2_green_bg/head/224/occ/cn/matched/20230805_150231/m--20230805_150231--f000482.jpg,20230805_150231,mauritius,original,video,False,val,82.05871325123066
data/processed/mauritius/video/not_augmented/cull2_green_bg/head/224/occ/cn/matched/20230805_150231/m--20230805_150231--f000484.jpg,20230805_150231,mauritius,original,video,False,val,86.67177533130258
data/processed/mauritius/video/not_augmented/cull2_green_bg/head/224/occ/cn/matched/20230805_150231/m--20230805_150231--f000486.jpg,20230805_150231,mauritius,original,video,False,val,73.52863918012106
data/processed/mauritius/video/not_augmented/cull2_green_bg/head/224/occ/cn/matched/20230805_150231/m--20230805_150231--f000488.jpg,20230805_150231,mauritius,original,video,False,val,77.60206063138301
data/processed/mauritius/video/not_augmented/cull2_green_bg/head/224/occ/cn/matched/20230805_150231/m--20230805_150231--f000490.jpg,20230805_150231,mauritius,original,video,False,val,87.98883915702189
data/processed/mauritius/video/not_augmented/cull2_green_bg/head/224/occ/cn/matched/20230805_150231/m--20230805_150231--f000548.jpg,20230805_150231,mauritius,original,video,False,val,91.17875077773115
data/processed/mauritius/video/not_augmented/cull2_green_bg/head/224/occ/cn/matched/20230805_150231/m--20230805_150231--f000840.jpg,20230805_150231,mauritius,original,video,False,val,174.75894841190578
data/processed/mauritius/video/not_augmented/cull2_green_bg/head/224/occ/cn/matched/20230805_150231/m--20230805_150231--f000844.jpg,20230805_150231,mauritius,original,video,False,val,136.4756057386545
data/processed/mauritius/video/not_augmented/cull2_green_bg/head/224/occ/cn/matched/20230805_150231/m--20230805_150231--f000846.jpg,20230805_150231,mauritius,original,video,False,val,207.21857058331648
data/processed/mauritius/video/not_augmented/cull2_green_bg/head/224/occ/cn/matched/20230805_150231/m--20230805_150231--f000848.jpg,20230805_150231,mauritius,original,video,False,val,178.59436781532517
data/processed/mauritius/video/not_augmented/cull2_green_bg/head/224/occ/cn/matched/20230805_150231/m--20230805_150231--f000850.jpg,20230805_150231,mauritius,original,video,False,val,119.7786192459049
data/processed/mauritius/video/not_augmented/cull2_green_bg/head/224/occ/cn/matched/20230805_150231/m--20230805_150231--f000852.jpg,20230805_150231,mauritius,original,video,False,val,109.82732778070174
data/processed/mauritius/video/not_augmented/cull2_green_bg/head/224/occ/cn/matched/20230805_150231/m--20230805_150231--f000854.jpg,20230805_150231,mauritius,original,video,False,val,129.7667210522119
data/processed/mauritius/video/not_augmented/cull2_green_bg/head/224/occ/cn/matched/20230805_150231/m--20230805_150231--f000856.jpg,20230805_150231,mauritius,original,video,False,val,210.08838885171076
data/processed/mauritius/video/not_augmented/cull2_green_bg/head/224/occ/cn/matched/20230805_150231/m--20230805_150231--f000858.jpg,20230805_150231,mauritius,original,video,False,val,338.04783162629786
data/processed/mauritius/video/not_augmented/cull2_green_bg/head/224/occ/cn/matched/20230805_150231/m--20230805_150231--f000860.jpg,20230805_150231,mauritius,original,video,False,val,229.13456596905166
data/processed/mauritius/video/not_augmented/cull2_green_bg/head/224/occ/cn/matched/20230805_150231/m--20230805_150231--f000862.jpg,20230805_150231,mauritius,original,video,False,val,229.47387193849013
data/processed/mauritius/video/not_augmented/cull2_green_bg/head/224/occ/cn/matched/20230805_150231/m--20230805_150231--f000864.jpg,20230805_150231,mauritius,original,video,False,val,237.38066007494183
data/processed/mauritius/video/not_augmented/cull2_green_bg/head/224/occ/cn/matched/20230805_150231/m--20230805_150231--f000866.jpg,20230805_150231,mauritius,original,video,False,val,250.51126036312317
data/processed/mauritius/video/not_augmented/cull2_green_bg/head/224/occ/cn/matched/20230805_150231/m--20230805_150231--f000868.jpg,20230805_150231,mauritius,original,video,False,val,296.3285234380593
data/processed/mauritius/video/not_augmented/cull2_green_bg/head/224/occ/cn/matched/20230805_150231/m--20230805_150231--f000870.jpg,20230805_150231,mauritius,original,video,False,val,347.58948499845593
data/processed/mauritius/video/not_augmented/cull2_green_bg/head/224/occ/cn/matched/20230805_150231/m--20230805_150231--f000872.jpg,20230805_150231,mauritius,original,video,False,val,700.105827485656
data/processed/mauritius/video/not_augmented/cull2_green_bg/head/224/occ/cn/matched/20230805_150231/m--20230805_150231--f000874.jpg,20230805_150231,mauritius,original,video,False,val,881.1655771683673
data/processed/mauritius/video/not_augmented/cull2_green_bg/head/224/occ/cn/matched/20230805_150231/m--20230805_150231--f000876.jpg,20230805_150231,mauritius,original,video,False,val,1250.651367139439
data/processed/mauritius/video/not_augmented/cull2_green_bg/head/224/occ/cn/matched/20230805_150231/m--20230805_150231--f000878.jpg,20230805_150231,mauritius,original,video,False,val,1059.25065754156
data/processed/mauritius/video/not_augmented/cull2_green_bg/head/224/occ/cn/matched/20230805_150231/m--20230805_150231--f000880.jpg,20230805_150231,mauritius,original,video,False,val,1050.2740951813742
data/processed/mauritius/video/not_augmented/cull2_green_bg/head/224/occ/cn/matched/20230805_150231/m--20230805_150231--f000888.jpg,20230805_150231,mauritius,original,video,False,val,644.8348811287425
data/processed/mauritius/video/not_augmented/cull2_green_bg/head/224/occ/cn/matched/20230805_150231/m--20230805_150231--f000892.jpg,20230805_150231,mauritius,original,video,False,val,2468.5576368885604
data/processed/mauritius/video/not_augmented/cull2_green_bg/head/224/occ/cn/matched/20230805_150231/m--20230805_150231--f000934.jpg,20230805_150231,mauritius,original,video,False,val,133.014170006383
data/processed/mauritius/video/not_augmented/cull2_green_bg/head/224/occ/cn/matched/20230805_150231/m--20230805_150231--f000948.jpg,20230805_150231,mauritius,original,video,False,val,650.8488716811054
data/processed/mauritius/video/not_augmented/cull2_green_bg/head/224/occ/cn/matched/20230805_150231/m--20230805_150231--f000950.jpg,20230805_150231,mauritius,original,video,False,val,495.3869578064803
data/processed/mauritius/video/not_augmented/cull2_green_bg/head/224/occ/cn/matched/20230805_150231/m--20230805_150231--f000952.jpg,20230805_150231,mauritius,original,video,False,val,245.64502948624354
data/processed/mauritius/video/not_augmented/cull2_green_bg/head/224/occ/cn/matched/20230805_150231/m--20230805_150231--f000954.jpg,20230805_150231,mauritius,original,video,False,val,469.5511199680283
data/processed/mauritius/video/not_augmented/cull2_green_bg/head/224/occ/cn/matched/20230805_150231/m--20230805_150231--f000956.jpg,20230805_150231,mauritius,original,video,False,val,398.94479432239075
data/processed/mauritius/video/not_augmented/cull2_green_bg/head/224/occ/cn/matched/20230805_150231/m--20230805_150231--f000962.jpg,20230805_150231,mauritius,original,video,False,val,205.2336973454842
data/processed/mauritius/video/not_augmented/cull2_green_bg/head/224/occ/cn/matched/20230805_150231/m--20230805_150231--f000964.jpg,20230805_150231,mauritius,original,video,False,val,119.1338089780478
data/processed/mauritius/video/not_augmented/cull2_green_bg/head/224/occ/cn/matched/20230805_150231/m--20230805_150231--f001026.jpg,20230805_150231,mauritius,original,video,False,val,219.6561702742571
data/processed/mauritius/video/not_augmented/cull2_green_bg/head/224/occ/cn/matched/20230807_060504/m--20230807_060504--f000170.jpg,20230807_060504,mauritius,original,video,False,test,129.4730149856561
data/processed/mauritius/video/not_augmented/cull2_green_bg/head/224/occ/cn/matched/20230807_060504/m--20230807_060504--f000172.jpg,20230807_060504,mauritius,original,video,False,test,140.5498644516201
data/processed/mauritius/video/not_augmented/cull2_green_bg/head/224/occ/cn/matched/20230807_060504/m--20230807_060504--f000174.jpg,20230807_060504,mauritius,original,video,False,test,167.24041373369252
data/processed/mauritius/video/not_augmented/cull2_green_bg/head/224/occ/cn/matched/20230807_060504/m--20230807_060504--f000176.jpg,20230807_060504,mauritius,original,video,False,test,159.59018252522486
data/processed/mauritius/video/not_augmented/cull2_green_bg/head/224/occ/cn/matched/20230807_060504/m--20230807_060504--f000178.jpg,20230807_060504,mauritius,original,video,False,test,179.3275470245088
data/processed/mauritius/video/not_augmented/cull2_green_bg/head/224/occ/cn/matched/20230807_060504/m--20230807_060504--f000180.jpg,20230807_060504,mauritius,original,video,False,test,342.8527580620298
data/processed/mauritius/video/not_augmented/cull2_green_bg/head/224/occ/cn/matched/20230807_060504/m--20230807_060504--f000182.jpg,20230807_060504,mauritius,original,video,False,test,212.7680763707762
data/processed/mauritius/video/not_augmented/cull2_green_bg/head/224/occ/cn/matched/20230807_060504/m--20230807_060504--f000184.jpg,20230807_060504,mauritius,original,video,False,test,151.87697305127216
data/processed/mauritius/video/not_augmented/cull2_green_bg/head/224/occ/cn/matched/20230807_060504/m--20230807_060504--f000186.jpg,20230807_060504,mauritius,original,video,False,test,139.5567600753892
data/processed/mauritius/video/not_augmented/cull2_green_bg/head/224/occ/cn/matched/20230807_060504/m--20230807_060504--f000188.jpg,20230807_060504,mauritius,original,video,False,test,171.20615397925576
data/processed/mauritius/video/not_augmented/cull2_green_bg/head/224/occ/cn/matched/20230807_060504/m--20230807_060504--f000190.jpg,20230807_060504,mauritius,original,video,False,test,174.05313289408784
data/processed/mauritius/video/not_augmented/cull2_green_bg/head/224/occ/cn/matched/20230807_060504/m--20230807_060504--f000236.jpg,20230807_060504,mauritius,original,video,False,test,388.4589046301916
data/processed/mauritius/video/not_augmented/cull2_green_bg/head/224/occ/cn/matched/20230807_060504/m--20230807_060504--f000238.jpg,20230807_060504,mauritius,original,video,False,test,458.02180319535444
data/processed/mauritius/video/not_augmented/cull2_green_bg/head/224/occ/cn/matched/20230807_060504/m--20230807_060504--f000240.jpg,20230807_060504,mauritius,original,video,False,test,468.43183961206546
data/processed/mauritius/video/not_augmented/cull2_green_bg/head/224/occ/cn/matched/20230807_060504/m--20230807_060504--f000242.jpg,20230807_060504,mauritius,original,video,False,test,353.8211286700502
data/processed/mauritius/video/not_augmented/cull2_green_bg/head/224/occ/cn/matched/20230807_060504/m--20230807_060504--f000244.jpg,20230807_060504,mauritius,original,video,False,test,306.66739057432056
data/processed/mauritius/video/not_augmented/cull2_green_bg/head/224/occ/cn/matched/20230807_060504/m--20230807_060504--f000246.jpg,20230807_060504,mauritius,original,video,False,test,302.58322677230996
data/processed/mauritius/video/not_augmented/cull2_green_bg/head/224/occ/cn/matched/20230807_060504/m--20230807_060504--f000248.jpg,20230807_060504,mauritius,original,video,False,test,223.64947375035794
data/processed/mauritius/video/not_augmented/cull2_green_bg/head/224/occ/cn/matched/20230807_060504/m--20230807_060504--f000250.jpg,20230807_060504,mauritius,original,video,False,test,152.8558672452559
data/processed/mauritius/video/not_augmented/cull2_green_bg/head/224/occ/cn/matched/20230807_060504/m--20230807_060504--f000252.jpg,20230807_060504,mauritius,original,video,False,test,151.2189289869144
data/processed/mauritius/video/not_augmented/cull2_green_bg/head/224/occ/cn/matched/20230807_060504/m--20230807_060504--f000254.jpg,20230807_060504,mauritius,original,video,False,test,154.36920039507808
data/processed/mauritius/video/not_augmented/cull2_green_bg/head/224/occ/cn/matched/20230807_060504/m--20230807_060504--f000256.jpg,20230807_060504,mauritius,original,video,False,test,137.44102684848758
data/processed/mauritius/video/not_augmented/cull2_green_bg/head/224/occ/cn/matched/20230807_060504/m--20230807_060504--f000258.jpg,20230807_060504,mauritius,original,video,False,test,126.39461081050825
data/processed/mauritius/video/not_augmented/cull2_green_bg/head/224/occ/cn/matched/20230807_060504/m--20230807_060504--f000260.jpg,20230807_060504,mauritius,original,video,False,test,113.97811702647245
data/processed/mauritius/video/not_augmented/cull2_green_bg/head/224/occ/cn/matched/20230807_060504/m--20230807_060504--f000262.jpg,20230807_060504,mauritius,original,video,False,test,110.45988118593917
data/processed/mauritius/video/not_augmented/cull2_green_bg/head/224/occ/cn/matched/20230807_060504/m--20230807_060504--f000264.jpg,20230807_060504,mauritius,original,video,False,test,102.42362876933397
data/processed/mauritius/video/not_augmented/cull2_green_bg/head/224/occ/cn/matched/20230807_060504/m--20230807_060504--f000266.jpg,20230807_060504,mauritius,original,video,False,test,114.40529323865454
data/processed/mauritius/video/not_augmented/cull2_green_bg/head/224/occ/cn/matched/20230807_060504/m--20230807_060504--f000268.jpg,20230807_060504,mauritius,original,video,False,test,97.90218430963571
data/processed/mauritius/video/not_augmented/cull2_green_bg/head/224/occ/cn/matched/20230807_060504/m--20230807_060504--f000270.jpg,20230807_060504,mauritius,original,video,False,test,90.88709734996523
data/processed/mauritius/video/not_augmented/cull2_green_bg/head/224/occ/cn/matched/20230807_060504/m--20230807_060504--f000272.jpg,20230807_060504,mauritius,original,video,False,test,93.58023752405563
data/processed/mauritius/video/not_augmented/cull2_green_bg/head/224/occ/cn/matched/20230807_060504/m--20230807_060504--f000274.jpg,20230807_060504,mauritius,original,video,False,test,86.95932251470676
data/processed/mauritius/video/not_augmented/cull2_green_bg/head/224/occ/cn/matched/20230807_060504/m--20230807_060504--f001412.jpg,20230807_060504,mauritius,original,video,False,test,96.3543128045784
data/processed/mauritius/video/not_augmented/cull2_green_bg/head/224/occ/cn/matched/20230807_060504/m--20230807_060504--f001414.jpg,20230807_060504,mauritius,original,video,False,test,122.89636479432957
data/processed/mauritius/video/not_augmented/cull2_green_bg/head/224/occ/cn/matched/20230807_060504/m--20230807_060504--f001416.jpg,20230807_060504,mauritius,original,video,False,test,85.5301139951497
data/processed/mauritius/video/not_augmented/cull2_green_bg/head/224/occ/cn/matched/20230807_060504/m--20230807_060504--f001418.jpg,20230807_060504,mauritius,original,video,False,test,80.84833385844072
data/processed/mauritius/video/not_augmented/cull2_green_bg/head/224/occ/cn/matched/20230807_060504/m--20230807_060504--f001420.jpg,20230807_060504,mauritius,original,video,False,test,106.57374041937432
data/processed/mauritius/video/not_augmented/cull2_green_bg/head/224/occ/cn/matched/20230807_122321/m--20230807_122321--f001160.jpg,20230807_122321,mauritius,original,video,False,test,807.7553013329306
data/processed/mauritius/video/not_augmented/cull2_green_bg/head/224/occ/cn/matched/20230807_122321/m--20230807_122321--f001162.jpg,20230807_122321,mauritius,original,video,False,test,880.6464038151398
data/processed/mauritius/video/not_augmented/cull2_green_bg/head/224/occ/cn/matched/20230807_122321/m--20230807_122321--f001164.jpg,20230807_122321,mauritius,original,video,False,test,822.8419363739988
data/processed/mauritius/video/not_augmented/cull2_green_bg/head/224/occ/cn/matched/20230807_122321/m--20230807_122321--f001166.jpg,20230807_122321,mauritius,original,video,False,test,785.2867505599041
data/processed/mauritius/video/not_augmented/cull2_green_bg/head/224/occ/cn/matched/20230807_122321/m--20230807_122321--f001168.jpg,20230807_122321,mauritius,original,video,False,test,743.7571547256813
data/processed/mauritius/video/not_augmented/cull2_green_bg/head/224/occ/cn/matched/20230807_122321/m--20230807_122321--f001170.jpg,20230807_122321,mauritius,original,video,False,test,690.7205833870389
data/processed/mauritius/video/not_augmented/cull2_green_bg/head/224/occ/cn/matched/20230807_122321/m--20230807_122321--f001176.jpg,20230807_122321,mauritius,original,video,False,test,444.7514149869596
data/processed/mauritius/video/not_augmented/cull2_green_bg/head/224/occ/cn/matched/20230807_122321/m--20230807_122321--f001178.jpg,20230807_122321,mauritius,original,video,False,test,474.0517976686191
data/processed/mauritius/video/not_augmented/cull2_green_bg/head/224/occ/cn/matched/20230807_123413/m--20230807_123413--f000182.jpg,20230807_123413,mauritius,original,video,False,train,103.01462609109556
data/processed/mauritius/video/not_augmented/cull2_green_bg/head/224/occ/cn/matched/20230807_123413/m--20230807_123413--f000192.jpg,20230807_123413,mauritius,original,video,False,train,475.61047112211895
data/processed/mauritius/video/not_augmented/cull2_green_bg/head/224/occ/cn/matched/20230807_123413/m--20230807_123413--f000194.jpg,20230807_123413,mauritius,original,video,False,train,101.09895168012106
data/processed/mauritius/video/not_augmented/cull2_green_bg/head/224/occ/cn/matched/20230807_123413/m--20230807_123413--f000196.jpg,20230807_123413,mauritius,original,video,False,train,119.0728612261879
data/processed/mauritius/video/not_augmented/cull2_green_bg/head/224/occ/cn/matched/20230807_123413/m--20230807_123413--f000198.jpg,20230807_123413,mauritius,original,video,False,train,542.4908321417157
data/processed/mauritius/video/not_augmented/cull2_green_bg/head/224/occ/cn/matched/20230807_123413/m--20230807_123413--f000200.jpg,20230807_123413,mauritius,original,video,False,train,572.8726880980353
data/processed/mauritius/video/not_augmented/cull2_green_bg/head/224/occ/cn/matched/20230807_123413/m--20230807_123413--f000202.jpg,20230807_123413,mauritius,original,video,False,train,615.987538408409
data/processed/mauritius/video/not_augmented/cull2_green_bg/head/224/occ/cn/matched/20230807_124816/m--20230807_124816--f000256.jpg,20230807_124816,mauritius,original,video,False,train,553.9525271045918
data/processed/mauritius/video/not_augmented/cull2_green_bg/head/224/occ/cn/matched/20230807_124816/m--20230807_124816--f000258.jpg,20230807_124816,mauritius,original,video,False,train,539.7172552579048
data/processed/mauritius/video/not_augmented/cull2_green_bg/head/224/occ/cn/matched/20230807_124816/m--20230807_124816--f000866.jpg,20230807_124816,mauritius,original,video,False,train,440.3651146942354
data/processed/mauritius/video/not_augmented/cull2_green_bg/head/224/occ/cn/matched/20230807_124816/m--20230807_124816--f000868.jpg,20230807_124816,mauritius,original,video,False,train,404.60210059593743
data/processed/mauritius/video/not_augmented/cull2_green_bg/head/224/occ/cn/matched/20230807_124816/m--20230807_124816--f000870.jpg,20230807_124816,mauritius,original,video,False,train,415.8741430161844
data/processed/mauritius/video/not_augmented/cull2_green_bg/head/224/occ/cn/matched/20230807_124816/m--20230807_124816--f000872.jpg,20230807_124816,mauritius,original,video,False,train,416.9715600889557
data/processed/mauritius/video/not_augmented/cull2_green_bg/head/224/occ/cn/matched/20230807_124816/m--20230807_124816--f000874.jpg,20230807_124816,mauritius,original,video,False,train,495.0145288389557
data/processed/mauritius/video/not_augmented/cull2_green_bg/head/224/occ/cn/matched/20230807_124816/m--20230807_124816--f000876.jpg,20230807_124816,mauritius,original,video,False,train,423.4564133576183
data/processed/mauritius/video/not_augmented/cull2_green_bg/head/224/occ/cn/matched/20230807_124816/m--20230807_124816--f000878.jpg,20230807_124816,mauritius,original,video,False,train,392.51265530941726
data/processed/mauritius/video/not_augmented/cull2_green_bg/head/224/occ/cn/matched/20230807_124816/m--20230807_124816--f000880.jpg,20230807_124816,mauritius,original,video,False,train,315.1212928196828
data/processed/mauritius/video/not_augmented/cull2_green_bg/head/224/occ/cn/matched/20230807_124816/m--20230807_124816--f001408.jpg,20230807_124816,mauritius,original,video,False,train,57.809410806597896
data/processed/mauritius/video/not_augmented/cull2_green_bg/head/224/occ/cn/matched/20230807_124816/m--20230807_124816--f001494.jpg,20230807_124816,mauritius,original,video,False,train,186.14999059814556
data/processed/mauritius/video/not_augmented/cull2_green_bg/head/224/occ/cn/matched/20230807_124816/m--20230807_124816--f001496.jpg,20230807_124816,mauritius,original,video,False,train,169.6596218666798
data/processed/mauritius/video/not_augmented/cull2_green_bg/head/224/occ/cn/matched/20230807_124816/m--20230807_124816--f001498.jpg,20230807_124816,mauritius,original,video,False,train,164.65208151577812
data/processed/mauritius/video/not_augmented/cull2_green_bg/head/224/occ/cn/matched/20230807_124816/m--20230807_124816--f001500.jpg,20230807_124816,mauritius,original,video,False,train,155.9217502589228
data/processed/mauritius/video/not_augmented/cull2_green_bg/head/224/occ/cn/matched/20230807_124816/m--20230807_124816--f001502.jpg,20230807_124816,mauritius,original,video,False,train,167.32475496480387
data/processed/mauritius/video/not_augmented/cull2_green_bg/head/224/occ/cn/matched/20230807_124816/m--20230807_124816--f001504.jpg,20230807_124816,mauritius,original,video,False,train,158.71579992349126
data/processed/mauritius/video/not_augmented/cull2_green_bg/head/224/occ/cn/matched/20230807_124816/m--20230807_124816--f001506.jpg,20230807_124816,mauritius,original,video,False,train,123.86845430996159
data/processed/mauritius/video/not_augmented/cull2_green_bg/head/224/occ/cn/matched/20230807_124816/m--20230807_124816--f001508.jpg,20230807_124816,mauritius,original,video,False,train,393.6128818125885
data/processed/mauritius/video/not_augmented/cull2_green_bg/head/224/occ/cn/matched/20230807_124816/m--20230807_124816--f001510.jpg,20230807_124816,mauritius,original,video,False,train,315.80456790661924
data/processed/mauritius/video/not_augmented/cull2_green_bg/head/224/occ/cn/matched/20230807_124816/m--20230807_124816--f001512.jpg,20230807_124816,mauritius,original,video,False,train,403.619977449785
data/processed/mauritius/video/not_augmented/cull2_green_bg/head/224/occ/cn/matched/20230807_124816/m--20230807_124816--f001514.jpg,20230807_124816,mauritius,original,video,False,train,405.09299264039566
data/processed/mauritius/video/not_augmented/cull2_green_bg/head/224/occ/cn/matched/20230807_124816/m--20230807_124816--f001516.jpg,20230807_124816,mauritius,original,video,False,train,365.78051259526615
data/processed/mauritius/video/not_augmented/cull2_green_bg/head/224/occ/cn/matched/20230807_124816/m--20230807_124816--f001584.jpg,20230807_124816,mauritius,original,video,False,train,552.5242346922888
data/processed/mauritius/video/not_augmented/cull2_green_bg/head/224/occ/cn/matched/20230807_124816/m--20230807_124816--f001622.jpg,20230807_124816,mauritius,original,video,False,train,181.12703278719107
data/processed/mauritius/video/not_augmented/cull2_green_bg/head/224/occ/cn/matched/20230807_125815/m--20230807_125815--f000242.jpg,20230807_125815,mauritius,original,video,False,train,180.7056759949875
data/processed/mauritius/video/not_augmented/cull2_green_bg/head/224/occ/cn/matched/20230807_125815/m--20230807_125815--f000244.jpg,20230807_125815,mauritius,original,video,False,train,123.36176658004386
data/processed/mauritius/video/not_augmented/cull2_green_bg/head/224/occ/cn/matched/20230807_125815/m--20230807_125815--f000246.jpg,20230807_125815,mauritius,original,video,False,train,323.57312254129175
data/processed/mauritius/video/not_augmented/cull2_green_bg/head/224/occ/cn/matched/20230807_125815/m--20230807_125815--f000248.jpg,20230807_125815,mauritius,original,video,False,train,517.7154615271942
data/processed/mauritius/video/not_augmented/cull2_green_bg/head/224/occ/cn/matched/20230807_125815/m--20230807_125815--f000250.jpg,20230807_125815,mauritius,original,video,False,train,470.68917410714283
data/processed/mauritius/video/not_augmented/cull2_green_bg/head/224/occ/cn/matched/20230807_125815/m--20230807_125815--f000252.jpg,20230807_125815,mauritius,original,video,False,train,316.76540565689317
data/processed/mauritius/video/not_augmented/cull2_green_bg/head/224/occ/cn/matched/20230807_125815/m--20230807_125815--f000254.jpg,20230807_125815,mauritius,original,video,False,train,381.4519290804913
data/processed/mauritius/video/not_augmented/cull2_green_bg/head/224/occ/cn/matched/20230807_125815/m--20230807_125815--f000256.jpg,20230807_125815,mauritius,original,video,False,train,337.512057547468
data/processed/mauritius/video/not_augmented/cull2_green_bg/head/224/occ/cn/matched/20230807_125815/m--20230807_125815--f000258.jpg,20230807_125815,mauritius,original,video,False,train,339.7854550829137
data/processed/mauritius/video/not_augmented/cull2_green_bg/head/224/occ/cn/matched/20230807_125815/m--20230807_125815--f000260.jpg,20230807_125815,mauritius,original,video,False,train,426.97458935578334
data/processed/mauritius/video/not_augmented/cull2_green_bg/head/224/occ/cn/matched/20230807_125815/m--20230807_125815--f000262.jpg,20230807_125815,mauritius,original,video,False,train,465.0263073582393
data/processed/mauritius/video/not_augmented/cull2_green_bg/head/224/occ/cn/matched/20230807_125815/m--20230807_125815--f000264.jpg,20230807_125815,mauritius,original,video,False,train,333.7765465307017
data/processed/mauritius/video/not_augmented/cull2_green_bg/head/224/occ/cn/matched/20230807_125815/m--20230807_125815--f000268.jpg,20230807_125815,mauritius,original,video,False,train,134.8494498345416
data/processed/mauritius/video/not_augmented/cull2_green_bg/head/224/occ/cn/matched/20230807_125815/m--20230807_125815--f000270.jpg,20230807_125815,mauritius,original,video,False,train,312.8866788648854
data/processed/mauritius/video/not_augmented/cull2_green_bg/head/224/occ/cn/matched/20230807_125815/m--20230807_125815--f000276.jpg,20230807_125815,mauritius,original,video,False,train,148.86900111249668
data/processed/mauritius/video/not_augmented/cull2_green_bg/head/224/occ/cn/matched/20230807_125815/m--20230807_125815--f000278.jpg,20230807_125815,mauritius,original,video,False,train,154.99119099335388
data/processed/mauritius/video/not_augmented/cull2_green_bg/head/224/occ/cn/matched/20230807_125815/m--20230807_125815--f000280.jpg,20230807_125815,mauritius,original,video,False,train,94.35084501121104
data/processed/mauritius/video/not_augmented/cull2_green_bg/head/224/occ/cn/matched/20230807_125815/m--20230807_125815--f000282.jpg,20230807_125815,mauritius,original,video,False,train,100.88103873369249
data/processed/mauritius/video/not_augmented/cull2_green_bg/head/224/occ/cn/matched/20230807_125815/m--20230807_125815--f000284.jpg,20230807_125815,mauritius,original,video,False,train,94.13004224770073
data/processed/mauritius/video/not_augmented/cull2_green_bg/head/224/occ/cn/matched/20230807_125815/m--20230807_125815--f000286.jpg,20230807_125815,mauritius,original,video,False,train,186.8671277005292
data/processed/mauritius/video/not_augmented/cull2_green_bg/head/224/occ/cn/matched/20230807_125815/m--20230807_125815--f000288.jpg,20230807_125815,mauritius,original,video,False,train,150.3979790654594
data/processed/mauritius/video/not_augmented/cull2_green_bg/head/224/occ/cn/matched/20230807_125815/m--20230807_125815--f000290.jpg,20230807_125815,mauritius,original,video,False,train,126.21845096292618
data/processed/mauritius/video/not_augmented/cull2_green_bg/head/224/occ/cn/matched/20230807_125815/m--20230807_125815--f000292.jpg,20230807_125815,mauritius,original,video,False,train,121.91561702806122
data/processed/mauritius/video/not_augmented/cull2_green_bg/head/224/occ/cn/matched/20230807_125815/m--20230807_125815--f000294.jpg,20230807_125815,mauritius,original,video,False,train,138.05592313621105
data/processed/mauritius/video/not_augmented/cull2_green_bg/head/224/occ/cn/matched/20230807_125815/m--20230807_125815--f000296.jpg,20230807_125815,mauritius,original,video,False,train,155.5837252770598
data/processed/mauritius/video/not_augmented/cull2_green_bg/head/224/occ/cn/matched/20230807_125815/m--20230807_125815--f000298.jpg,20230807_125815,mauritius,original,video,False,train,113.15742577159968
data/processed/mauritius/video/not_augmented/cull2_green_bg/head/224/occ/cn/matched/20230807_125815/m--20230807_125815--f000300.jpg,20230807_125815,mauritius,original,video,False,train,118.60710289576612
data/processed/mauritius/video/not_augmented/cull2_green_bg/head/224/occ/cn/matched/20230807_125815/m--20230807_125815--f000302.jpg,20230807_125815,mauritius,original,video,False,train,109.82320226067951
data/processed/mauritius/video/not_augmented/cull2_green_bg/head/224/occ/cn/matched/20230807_125815/m--20230807_125815--f000304.jpg,20230807_125815,mauritius,original,video,False,train,102.32102994906907
data/processed/mauritius/video/not_augmented/cull2_green_bg/head/224/occ/cn/matched/20230807_125815/m--20230807_125815--f000306.jpg,20230807_125815,mauritius,original,video,False,train,95.09749680486934
data/processed/mauritius/video/not_augmented/cull2_green_bg/head/224/occ/cn/matched/20230807_125815/m--20230807_125815--f000308.jpg,20230807_125815,mauritius,original,video,False,train,95.03457828086401
data/processed/mauritius/video/not_augmented/cull2_green_bg/head/224/occ/cn/matched/20230807_125815/m--20230807_125815--f001354.jpg,20230807_125815,mauritius,original,video,False,train,380.35341595630257
data/processed/mauritius/video/not_augmented/cull2_green_bg/head/224/occ/cn/matched/20230807_125815/m--20230807_125815--f001356.jpg,20230807_125815,mauritius,original,video,False,train,437.61971834231196
data/processed/mauritius/video/not_augmented/cull2_green_bg/head/224/occ/cn/matched/20230807_125815/m--20230807_125815--f001358.jpg,20230807_125815,mauritius,original,video,False,train,433.0646013532365
data/processed/mauritius/video/not_augmented/cull2_green_bg/head/224/occ/cn/matched/20230807_125815/m--20230807_125815--f001360.jpg,20230807_125815,mauritius,original,video,False,train,555.7270801386104
data/processed/mauritius/video/not_augmented/cull2_green_bg/head/224/occ/cn/matched/20230807_125815/m--20230807_125815--f001416.jpg,20230807_125815,mauritius,original,video,False,train,499.04247049389664
data/processed/mauritius/video/not_augmented/cull2_green_bg/head/224/occ/cn/matched/20230807_125815/m--20230807_125815--f001418.jpg,20230807_125815,mauritius,original,video,False,train,688.6736088772211
data/processed/mauritius/video/not_augmented/cull2_green_bg/head/224/occ/cn/matched/20230807_125815/m--20230807_125815--f001420.jpg,20230807_125815,mauritius,original,video,False,train,548.6529017714151
data/processed/mauritius/video/not_augmented/cull2_green_bg/head/224/occ/cn/matched/20230807_125815/m--20230807_125815--f001422.jpg,20230807_125815,mauritius,original,video,False,train,463.92398743508306
data/processed/mauritius/video/not_augmented/cull2_green_bg/head/224/occ/cn/matched/20230807_125815/m--20230807_125815--f001424.jpg,20230807_125815,mauritius,original,video,False,train,612.4703642981393
data/processed/mauritius/video/not_augmented/cull2_green_bg/head/224/occ/cn/matched/20230807_125815/m--20230807_125815--f001426.jpg,20230807_125815,mauritius,original,video,False,train,759.8879942602041
data/processed/mauritius/video/not_augmented/cull2_green_bg/head/224/occ/cn/matched/20230807_125815/m--20230807_125815--f001428.jpg,20230807_125815,mauritius,original,video,False,train,766.4168125503711
data/processed/mauritius/video/not_augmented/cull2_green_bg/head/224/occ/cn/matched/20230807_125815/m--20230807_125815--f001430.jpg,20230807_125815,mauritius,original,video,False,train,763.0356544957762
data/processed/mauritius/video/not_augmented/cull2_green_bg/head/224/occ/cn/matched/20230807_125815/m--20230807_125815--f001432.jpg,20230807_125815,mauritius,original,video,False,train,713.1434151388514
data/processed/mauritius/video/not_augmented/cull2_green_bg/head/224/occ/cn/matched/20230807_125815/m--20230807_125815--f001434.jpg,20230807_125815,mauritius,original,video,False,train,586.1590600190486
data/processed/mauritius/video/not_augmented/cull2_green_bg/head/224/occ/cn/matched/20230807_125815/m--20230807_125815--f001436.jpg,20230807_125815,mauritius,original,video,False,train,649.3647560443744
data/processed/mauritius/video/not_augmented/cull2_green_bg/head/224/occ/cn/matched/20230807_125815/m--20230807_125815--f001438.jpg,20230807_125815,mauritius,original,video,False,train,633.0397799172931
data/processed/mauritius/video/not_augmented/cull2_green_bg/head/224/occ/cn/matched/20230807_125815/m--20230807_125815--f001440.jpg,20230807_125815,mauritius,original,video,False,train,713.22357300866
data/processed/mauritius/video/not_augmented/cull2_green_bg/head/224/occ/cn/matched/20230807_125815/m--20230807_125815--f001442.jpg,20230807_125815,mauritius,original,video,False,train,604.0072143360854
data/processed/mauritius/video/not_augmented/cull2_green_bg/head/224/occ/cn/matched/20230807_125815/m--20230807_125815--f001444.jpg,20230807_125815,mauritius,original,video,False,train,554.538165567518
data/processed/mauritius/video/not_augmented/cull2_green_bg/head/224/occ/cn/matched/20230809_185948/m--20230809_185948--f000184.jpg,20230809_185948,mauritius,original,video,False,train,140.5302136463704
data/processed/mauritius/video/not_augmented/cull2_green_bg/head/224/occ/cn/matched/20230809_185948/m--20230809_185948--f000186.jpg,20230809_185948,mauritius,original,video,False,train,130.10100283735943
data/processed/mauritius/video/not_augmented/cull2_green_bg/head/224/occ/cn/matched/20230809_185948/m--20230809_185948--f000188.jpg,20230809_185948,mauritius,original,video,False,train,115.17137675025175
data/processed/mauritius/video/not_augmented/cull2_green_bg/head/224/occ/cn/matched/20230809_185948/m--20230809_185948--f000190.jpg,20230809_185948,mauritius,original,video,False,train,137.61754622294572
data/processed/mauritius/video/not_augmented/cull2_green_bg/head/224/occ/cn/matched/20230809_185948/m--20230809_185948--f000192.jpg,20230809_185948,mauritius,original,video,False,train,113.74910312471467
data/processed/mauritius/video/not_augmented/cull2_green_bg/head/224/occ/cn/matched/20230809_185948/m--20230809_185948--f000194.jpg,20230809_185948,mauritius,original,video,False,train,158.38193556131395
data/processed/mauritius/video/not_augmented/cull2_green_bg/head/224/occ/cn/matched/20230809_185948/m--20230809_185948--f000196.jpg,20230809_185948,mauritius,original,video,False,train,109.9184269613149
data/processed/mauritius/video/not_augmented/cull2_green_bg/head/224/occ/cn/matched/20230809_185948/m--20230809_185948--f000198.jpg,20230809_185948,mauritius,original,video,False,train,138.43455028097017
data/processed/mauritius/video/not_augmented/cull2_green_bg/head/224/occ/cn/matched/20230809_185948/m--20230809_185948--f000200.jpg,20230809_185948,mauritius,original,video,False,train,134.23614875280276
data/processed/mauritius/video/not_augmented/cull2_green_bg/head/224/occ/cn/matched/20230809_185948/m--20230809_185948--f000202.jpg,20230809_185948,mauritius,original,video,False,train,132.41011639030611
data/processed/mauritius/video/not_augmented/cull2_green_bg/head/224/occ/cn/matched/20230809_185948/m--20230809_185948--f000204.jpg,20230809_185948,mauritius,original,video,False,train,103.77576922496523
data/processed/mauritius/video/not_augmented/cull2_green_bg/head/224/occ/cn/matched/20230809_185948/m--20230809_185948--f000208.jpg,20230809_185948,mauritius,original,video,False,train,117.2563576175987
data/processed/mauritius/video/not_augmented/cull2_green_bg/head/224/occ/cn/matched/20230809_185948/m--20230809_185948--f000210.jpg,20230809_185948,mauritius,original,video,False,train,166.04207130274838
data/processed/mauritius/video/not_augmented/cull2_green_bg/head/224/occ/cn/matched/20230809_185948/m--20230809_185948--f000212.jpg,20230809_185948,mauritius,original,video,False,train,125.90599073682515
data/processed/mauritius/video/not_augmented/cull2_green_bg/head/224/occ/cn/matched/20230809_185948/m--20230809_185948--f000214.jpg,20230809_185948,mauritius,original,video,False,train,131.85714272845044
data/processed/mauritius/video/not_augmented/cull2_green_bg/head/224/occ/cn/matched/20230809_185948/m--20230809_185948--f000216.jpg,20230809_185948,mauritius,original,video,False,train,121.29815051020408
data/processed/mauritius/video/not_augmented/cull2_green_bg/head/224/occ/cn/matched/20230809_185948/m--20230809_185948--f000218.jpg,20230809_185948,mauritius,original,video,False,train,125.12306677267384
data/processed/mauritius/video/not_augmented/cull2_green_bg/head/224/occ/cn/matched/20230809_185948/m--20230809_185948--f000220.jpg,20230809_185948,mauritius,original,video,False,train,124.26789659581942
data/processed/mauritius/video/not_augmented/cull2_green_bg/head/224/occ/cn/matched/20230809_185948/m--20230809_185948--f000222.jpg,20230809_185948,mauritius,original,video,False,train,131.96440493588844
data/processed/mauritius/video/not_augmented/cull2_green_bg/head/224/occ/cn/matched/20230809_185948/m--20230809_185948--f000224.jpg,20230809_185948,mauritius,original,video,False,train,137.18923387722091
data/processed/mauritius/video/not_augmented/cull2_green_bg/head/224/occ/cn/matched/20230809_185948/m--20230809_185948--f000226.jpg,20230809_185948,mauritius,original,video,False,train,152.28509617090128
data/processed/mauritius/video/not_augmented/cull2_green_bg/head/224/occ/cn/matched/20230809_185948/m--20230809_185948--f000228.jpg,20230809_185948,mauritius,original,video,False,train,211.52060662126203
data/processed/mauritius/video/not_augmented/cull2_green_bg/head/224/occ/cn/matched/20230809_185948/m--20230809_185948--f000230.jpg,20230809_185948,mauritius,original,video,False,train,324.0198500703544
data/processed/mauritius/video/not_augmented/cull2_green_bg/head/224/occ/cn/matched/20230809_185948/m--20230809_185948--f000232.jpg,20230809_185948,mauritius,original,video,False,train,326.63719683754005
data/processed/mauritius/video/not_augmented/cull2_green_bg/head/224/occ/cn/matched/20230809_185948/m--20230809_185948--f000234.jpg,20230809_185948,mauritius,original,video,False,train,297.3119419626969
data/processed/mauritius/video/not_augmented/cull2_green_bg/head/224/occ/cn/matched/20230809_185948/m--20230809_185948--f000236.jpg,20230809_185948,mauritius,original,video,False,train,279.59771574998297
data/processed/mauritius/video/not_augmented/cull2_green_bg/head/224/occ/cn/matched/20230809_185948/m--20230809_185948--f000238.jpg,20230809_185948,mauritius,original,video,False,train,254.57037214615204
data/processed/mauritius/video/not_augmented/cull2_green_bg/head/224/occ/cn/matched/20230809_185948/m--20230809_185948--f000240.jpg,20230809_185948,mauritius,original,video,False,train,274.6060466675002
data/processed/mauritius/video/not_augmented/cull2_green_bg/head/224/occ/cn/matched/20230809_185948/m--20230809_185948--f000242.jpg,20230809_185948,mauritius,original,video,False,train,236.82280361607687
data/processed/mauritius/video/not_augmented/cull2_green_bg/head/224/occ/cn/matched/20230809_185948/m--20230809_185948--f000244.jpg,20230809_185948,mauritius,original,video,False,train,221.1242821187786
data/processed/mauritius/video/not_augmented/cull2_green_bg/head/224/occ/cn/matched/20230809_185948/m--20230809_185948--f000246.jpg,20230809_185948,mauritius,original,video,False,train,209.86451688621105
data/processed/mauritius/video/not_augmented/cull2_green_bg/head/224/occ/cn/matched/20230809_185948/m--20230809_185948--f000248.jpg,20230809_185948,mauritius,original,video,False,train,198.11276306762443
data/processed/mauritius/video/not_augmented/cull2_green_bg/head/224/occ/cn/matched/20230809_185948/m--20230809_185948--f000250.jpg,20230809_185948,mauritius,original,video,False,train,189.87868698951058
data/processed/mauritius/video/not_augmented/cull2_green_bg/head/224/occ/cn/matched/20230809_185948/m--20230809_185948--f000252.jpg,20230809_185948,mauritius,original,video,False,train,170.11912069475585
data/processed/mauritius/video/not_augmented/cull2_green_bg/head/224/occ/cn/matched/20230809_185948/m--20230809_185948--f000254.jpg,20230809_185948,mauritius,original,video,False,train,145.75968580392936
data/processed/mauritius/video/not_augmented/cull2_green_bg/head/224/occ/cn/matched/20230809_185948/m--20230809_185948--f000256.jpg,20230809_185948,mauritius,original,video,False,train,152.82910138733533
data/processed/mauritius/video/not_augmented/cull2_green_bg/head/224/occ/cn/matched/20230809_185948/m--20230809_185948--f000258.jpg,20230809_185948,mauritius,original,video,False,train,133.84243459038217
data/processed/mauritius/video/not_augmented/cull2_green_bg/head/224/occ/cn/matched/20230809_185948/m--20230809_185948--f000260.jpg,20230809_185948,mauritius,original,video,False,train,117.73951613153332
data/processed/mauritius/video/not_augmented/cull2_green_bg/head/224/occ/cn/matched/20230809_185948/m--20230809_185948--f000264.jpg,20230809_185948,mauritius,original,video,False,train,94.04984400342873
data/processed/mauritius/video/not_augmented/cull2_green_bg/head/224/occ/cn/matched/20230809_185948/m--20230809_185948--f001144.jpg,20230809_185948,mauritius,original,video,False,train,111.340321907447
data/processed/mauritius/video/not_augmented/cull2_green_bg/head/224/occ/cn/matched/20230809_185948/m--20230809_185948--f001146.jpg,20230809_185948,mauritius,original,video,False,train,134.41587604894482
data/processed/mauritius/video/not_augmented/cull2_green_bg/head/224/occ/cn/matched/20230809_185948/m--20230809_185948--f001160.jpg,20230809_185948,mauritius,original,video,False,train,136.44011042824096
data/processed/mauritius/video/not_augmented/cull2_green_bg/head/224/occ/cn/matched/20230809_185948/m--20230809_185948--f001168.jpg,20230809_185948,mauritius,original,video,False,train,83.70318478914362
data/processed/mauritius/video/not_augmented/cull2_green_bg/head/224/occ/cn/matched/20230809_185948/m--20230809_185948--f001170.jpg,20230809_185948,mauritius,original,video,False,train,120.64134243476991
data/processed/mauritius/video/not_augmented/cull2_green_bg/head/224/occ/cn/matched/20230809_185948/m--20230809_185948--f001176.jpg,20230809_185948,mauritius,original,video,False,train,102.34165663165084
data/processed/mauritius/video/not_augmented/cull2_green_bg/head/224/occ/cn/matched/20230809_185948/m--20230809_185948--f001178.jpg,20230809_185948,mauritius,original,video,False,train,101.20208860823928
data/processed/mauritius/video/not_augmented/cull2_green_bg/head/224/occ/cn/matched/20230809_185948/m--20230809_185948--f001180.jpg,20230809_185948,mauritius,original,video,False,train,82.64720174780692
data/processed/mauritius/video/not_augmented/cull2_green_bg/head/224/occ/cn/matched/20230809_185948/m--20230809_185948--f001182.jpg,20230809_185948,mauritius,original,video,False,train,97.29203187202921
data/processed/mauritius/video/not_augmented/cull2_green_bg/head/224/occ/cn/matched/20230809_185948/m--20230809_185948--f001184.jpg,20230809_185948,mauritius,original,video,False,train,83.77664617318405
data/processed/mauritius/video/not_augmented/cull2_green_bg/head/224/occ/cn/matched/20230809_185948/m--20230809_185948--f001186.jpg,20230809_185948,mauritius,original,video,False,train,81.08081548127568
data/processed/mauritius/video/not_augmented/cull2_green_bg/head/224/occ/cn/matched/20230809_185948/m--20230809_185948--f001188.jpg,20230809_185948,mauritius,original,video,False,train,110.06381517765372
data/processed/mauritius/video/not_augmented/cull2_green_bg/head/224/occ/cn/matched/20230809_185948/m--20230809_185948--f001190.jpg,20230809_185948,mauritius,original,video,False,train,126.24703038567952
data/processed/mauritius/video/not_augmented/cull2_green_bg/head/224/occ/cn/matched/20230809_185948/m--20230809_185948--f001358.jpg,20230809_185948,mauritius,original,video,False,train,245.64198022800304
data/processed/mauritius/video/not_augmented/cull2_green_bg/head/224/occ/cn/matched/20230809_185948/m--20230809_185948--f001360.jpg,20230809_185948,mauritius,original,video,False,train,275.83980378862327
data/processed/mauritius/video/not_augmented/cull2_green_bg/head/224/occ/cn/matched/20230809_185948/m--20230809_185948--f001362.jpg,20230809_185948,mauritius,original,video,False,train,235.12065471981225
data/processed/mauritius/video/not_augmented/cull2_green_bg/head/224/occ/cn/matched/20230828_204505/m--20230828_204505--f000214.jpg,20230828_204505,mauritius,original,video,False,train,955.775430444974
data/processed/mauritius/video/not_augmented/cull2_green_bg/head/224/occ/cn/matched/20230828_204505/m--20230828_204505--f000216.jpg,20230828_204505,mauritius,original,video,False,train,819.5088488123209
data/processed/mauritius/video/not_augmented/cull2_green_bg/head/224/occ/cn/matched/20230828_204505/m--20230828_204505--f000218.jpg,20230828_204505,mauritius,original,video,False,train,747.3517020085313
data/processed/mauritius/video/not_augmented/cull2_green_bg/head/224/occ/cn/matched/20230828_204505/m--20230828_204505--f000220.jpg,20230828_204505,mauritius,original,video,False,train,744.3749999936448
data/processed/mauritius/video/not_augmented/cull2_green_bg/head/224/occ/cn/matched/20230828_204505/m--20230828_204505--f000222.jpg,20230828_204505,mauritius,original,video,False,train,773.1454280831823
data/processed/mauritius/video/not_augmented/cull2_green_bg/head/224/occ/cn/matched/20230828_204505/m--20230828_204505--f000224.jpg,20230828_204505,mauritius,original,video,False,train,764.5949657170884
data/processed/mauritius/video/not_augmented/cull2_green_bg/head/224/occ/cn/matched/20230828_204505/m--20230828_204505--f000226.jpg,20230828_204505,mauritius,original,video,False,train,709.1955715780803
data/processed/mauritius/video/not_augmented/cull2_green_bg/head/224/occ/cn/matched/20230828_204505/m--20230828_204505--f000228.jpg,20230828_204505,mauritius,original,video,False,train,730.481863813865
data/processed/mauritius/video/not_augmented/cull2_green_bg/head/224/occ/cn/matched/20230828_204505/m--20230828_204505--f000230.jpg,20230828_204505,mauritius,original,video,False,train,698.161092920633
data/processed/mauritius/video/not_augmented/cull2_green_bg/head/224/occ/cn/matched/20230828_204505/m--20230828_204505--f000232.jpg,20230828_204505,mauritius,original,video,False,train,814.7116547059834
data/processed/mauritius/video/not_augmented/cull2_green_bg/head/224/occ/cn/matched/20230828_204505/m--20230828_204505--f000234.jpg,20230828_204505,mauritius,original,video,False,train,730.1673508925718
data/processed/mauritius/video/not_augmented/cull2_green_bg/head/224/occ/cn/matched/20230828_204505/m--20230828_204505--f001168.jpg,20230828_204505,mauritius,original,video,False,train,937.2056360018348
data/processed/mauritius/video/not_augmented/cull2_green_bg/head/224/occ/cn/matched/20230828_204505/m--20230828_204505--f001170.jpg,20230828_204505,mauritius,original,video,False,train,559.0084303057924
data/processed/mauritius/video/not_augmented/cull2_green_bg/head/224/occ/cn/matched/20230828_204505/m--20230828_204505--f001172.jpg,20230828_204505,mauritius,original,video,False,train,853.2140464782716
data/processed/mauritius/video/not_augmented/cull2_green_bg/head/224/occ/cn/matched/20230828_204505/m--20230828_204505--f001174.jpg,20230828_204505,mauritius,original,video,False,train,794.7146245022211
data/processed/mauritius/video/not_augmented/cull2_green_bg/head/224/occ/cn/matched/20230828_204505/m--20230828_204505--f001176.jpg,20230828_204505,mauritius,original,video,False,train,830.2599051239987
data/processed/mauritius/video/not_augmented/cull2_green_bg/head/224/occ/cn/matched/20230828_204505/m--20230828_204505--f001178.jpg,20230828_204505,mauritius,original,video,False,train,776.0714285460078
data/processed/mauritius/video/not_augmented/cull2_green_bg/head/224/occ/cn/matched/20230828_204505/m--20230828_204505--f001180.jpg,20230828_204505,mauritius,original,video,False,train,818.7618781633548
data/processed/mauritius/video/not_augmented/cull2_green_bg/head/224/occ/cn/matched/20230828_204505/m--20230828_204505--f001182.jpg,20230828_204505,mauritius,original,video,False,train,1020.0570586652171
data/processed/mauritius/video/not_augmented/cull2_green_bg/head/224/occ/cn/matched/20230828_204505/m--20230828_204505--f001184.jpg,20230828_204505,mauritius,original,video,False,train,628.6220502237735
data/processed/mauritius/video/not_augmented/cull2_green_bg/head/224/occ/cn/matched/20230828_204505/m--20230828_204505--f001186.jpg,20230828_204505,mauritius,original,video,False,train,702.2150829065745
data/processed/mauritius/video/not_augmented/cull2_green_bg/head/224/occ/cn/matched/20230828_204505/m--20230828_204505--f001188.jpg,20230828_204505,mauritius,original,video,False,train,583.9888192664977
data/processed/mauritius/video/not_augmented/cull2_green_bg/head/224/occ/cn/matched/20230828_204505/m--20230828_204505--f001382.jpg,20230828_204505,mauritius,original,video,False,train,239.59201603618976
data/processed/mauritius/video/not_augmented/cull2_green_bg/head/224/occ/cn/matched/20230828_204505/m--20230828_204505--f001384.jpg,20230828_204505,mauritius,original,video,False,train,362.3588567842597
data/processed/mauritius/video/not_augmented/cull2_green_bg/head/224/occ/cn/matched/20230828_204505/m--20230828_204505--f001386.jpg,20230828_204505,mauritius,original,video,False,train,423.7362483484156
data/processed/mauritius/video/not_augmented/cull2_green_bg/head/224/occ/cn/matched/20230828_204505/m--20230828_204505--f001388.jpg,20230828_204505,mauritius,original,video,False,train,263.0275829018081
data/processed/mauritius/video/not_augmented/cull2_green_bg/head/224/occ/cn/matched/20230828_204505/m--20230828_204505--f001390.jpg,20230828_204505,mauritius,original,video,False,train,286.3914022159696
data/processed/mauritius/video/not_augmented/cull2_green_bg/head/224/occ/cn/matched/20230831_053936/m--20230831_053936--f000228.jpg,20230831_053936,mauritius,original,video,False,test,121.36236437535794
data/processed/mauritius/video/not_augmented/cull2_green_bg/head/224/occ/cn/matched/20230831_053936/m--20230831_053936--f000230.jpg,20230831_053936,mauritius,original,video,False,test,100.0192920346401
data/processed/mauritius/video/not_augmented/cull2_green_bg/head/224/occ/cn/matched/20230831_053936/m--20230831_053936--f000232.jpg,20230831_053936,mauritius,original,video,False,test,108.26526625639993
data/processed/mauritius/video/not_augmented/cull2_green_bg/head/224/occ/cn/matched/20230831_053936/m--20230831_053936--f000234.jpg,20230831_053936,mauritius,original,video,False,test,116.17926888384456
data/processed/mauritius/video/not_augmented/cull2_green_bg/head/224/occ/cn/matched/20230831_053936/m--20230831_053936--f000236.jpg,20230831_053936,mauritius,original,video,False,test,108.68080357142857
data/processed/mauritius/video/not_augmented/cull2_green_bg/head/224/occ/cn/matched/20230831_053936/m--20230831_053936--f000238.jpg,20230831_053936,mauritius,original,video,False,test,118.26807633900037
data/processed/mauritius/video/not_augmented/cull2_green_bg/head/224/occ/cn/matched/20230831_053936/m--20230831_053936--f000240.jpg,20230831_053936,mauritius,original,video,False,test,136.82041197407003
data/processed/mauritius/video/not_augmented/cull2_green_bg/head/224/occ/cn/matched/20230831_053936/m--20230831_053936--f000242.jpg,20230831_053936,mauritius,original,video,False,test,130.13283075168204
data/processed/mauritius/video/not_augmented/cull2_green_bg/head/224/occ/cn/matched/20230831_053936/m--20230831_053936--f000244.jpg,20230831_053936,mauritius,original,video,False,test,115.87858710394259
data/processed/mauritius/video/not_augmented/cull2_green_bg/head/224/occ/cn/matched/20230831_053936/m--20230831_053936--f000246.jpg,20230831_053936,mauritius,original,video,False,test,145.83320644327824
data/processed/mauritius/video/not_augmented/cull2_green_bg/head/224/occ/cn/matched/20230831_053936/m--20230831_053936--f000248.jpg,20230831_053936,mauritius,original,video,False,test,143.41868586701088
data/processed/mauritius/video/not_augmented/cull2_green_bg/head/224/occ/cn/matched/20230831_053936/m--20230831_053936--f000250.jpg,20230831_053936,mauritius,original,video,False,test,139.4831391906103
data/processed/mauritius/video/not_augmented/cull2_green_bg/head/224/occ/cn/matched/20230831_053936/m--20230831_053936--f000252.jpg,20230831_053936,mauritius,original,video,False,test,137.20675217494625
data/processed/mauritius/video/not_augmented/cull2_green_bg/head/224/occ/cn/matched/20230831_053936/m--20230831_053936--f000254.jpg,20230831_053936,mauritius,original,video,False,test,140.16505899075813
data/processed/mauritius/video/not_augmented/cull2_green_bg/head/224/occ/cn/matched/20230831_053936/m--20230831_053936--f000256.jpg,20230831_053936,mauritius,original,video,False,test,161.23965636137774
data/processed/mauritius/video/not_augmented/cull2_green_bg/head/224/occ/cn/matched/20230831_053936/m--20230831_053936--f000258.jpg,20230831_053936,mauritius,original,video,False,test,130.31825965863868
data/processed/mauritius/video/not_augmented/cull2_green_bg/head/224/occ/cn/matched/20230831_053936/m--20230831_053936--f000260.jpg,20230831_053936,mauritius,original,video,False,test,120.52108577647242
data/processed/mauritius/video/not_augmented/cull2_green_bg/head/224/occ/cn/matched/20230831_053936/m--20230831_053936--f000262.jpg,20230831_053936,mauritius,original,video,False,test,152.11198552039104
data/processed/mauritius/video/not_augmented/cull2_green_bg/head/224/occ/cn/matched/20230831_053936/m--20230831_053936--f000264.jpg,20230831_053936,mauritius,original,video,False,test,148.07868295786332
data/processed/mauritius/video/not_augmented/cull2_green_bg/head/224/occ/cn/matched/20230831_053936/m--20230831_053936--f000266.jpg,20230831_053936,mauritius,original,video,False,test,152.47841592770425
data/processed/mauritius/video/not_augmented/cull2_green_bg/head/224/occ/cn/matched/20230831_053936/m--20230831_053936--f000268.jpg,20230831_053936,mauritius,original,video,False,test,141.5887674985454
data/processed/mauritius/video/not_augmented/cull2_green_bg/head/224/occ/cn/matched/20230831_053936/m--20230831_053936--f000270.jpg,20230831_053936,mauritius,original,video,False,test,198.73596933055848
data/processed/mauritius/video/not_augmented/cull2_green_bg/head/224/occ/cn/matched/20230831_053936/m--20230831_053936--f000272.jpg,20230831_053936,mauritius,original,video,False,test,181.62143253793522
data/processed/mauritius/video/not_augmented/cull2_green_bg/head/224/occ/cn/matched/20230831_053936/m--20230831_053936--f000274.jpg,20230831_053936,mauritius,original,video,False,test,185.42793336206552
data/processed/mauritius/video/not_augmented/cull2_green_bg/head/224/occ/cn/matched/20230831_053936/m--20230831_053936--f000276.jpg,20230831_053936,mauritius,original,video,False,test,168.14893572671073
data/processed/mauritius/video/not_augmented/cull2_green_bg/head/224/occ/cn/matched/20230831_053936/m--20230831_053936--f000278.jpg,20230831_053936,mauritius,original,video,False,test,168.8185783137584
data/processed/mauritius/video/not_augmented/cull2_green_bg/head/224/occ/cn/matched/20230831_053936/m--20230831_053936--f000280.jpg,20230831_053936,mauritius,original,video,False,test,161.07949928202663
data/processed/mauritius/video/not_augmented/cull2_green_bg/head/224/occ/cn/matched/20230831_053936/m--20230831_053936--f000282.jpg,20230831_053936,mauritius,original,video,False,test,103.73433514030613
data/processed/mauritius/video/not_augmented/cull2_green_bg/head/224/occ/cn/matched/20230831_053936/m--20230831_053936--f001300.jpg,20230831_053936,mauritius,original,video,False,test,837.0694355803795
data/processed/mauritius/video/not_augmented/cull2_green_bg/head/224/occ/cn/matched/20230831_053936/m--20230831_053936--f001302.jpg,20230831_053936,mauritius,original,video,False,test,375.60913580211684
data/processed/mauritius/video/not_augmented/cull2_green_bg/head/224/occ/cn/matched/20230831_053936/m--20230831_053936--f001304.jpg,20230831_053936,mauritius,original,video,False,test,409.28354168414864
data/processed/mauritius/video/not_augmented/cull2_green_bg/head/224/occ/cn/matched/20230831_053936/m--20230831_053936--f001306.jpg,20230831_053936,mauritius,original,video,False,test,602.6642019608674
data/processed/mauritius/video/not_augmented/cull2_green_bg/head/224/occ/cn/matched/20230831_053936/m--20230831_053936--f001308.jpg,20230831_053936,mauritius,original,video,False,test,509.3841277412055
data/processed/mauritius/video/not_augmented/cull2_green_bg/head/224/occ/cn/matched/20230831_053936/m--20230831_053936--f001442.jpg,20230831_053936,mauritius,original,video,False,test,179.24244653994913
data/processed/mauritius/video/not_augmented/cull2_green_bg/head/224/occ/cn/matched/20230831_053936/m--20230831_053936--f001444.jpg,20230831_053936,mauritius,original,video,False,test,191.17623938823033
data/processed/mauritius/video/not_augmented/cull2_green_bg/head/224/occ/cn/matched/20230831_053936/m--20230831_053936--f001446.jpg,20230831_053936,mauritius,original,video,False,test,164.7024274358944
data/processed/mauritius/video/not_augmented/cull2_green_bg/head/224/occ/cn/matched/20230831_053936/m--20230831_053936--f001448.jpg,20230831_053936,mauritius,original,video,False,test,157.16649390160666
data/processed/mauritius/video/not_augmented/cull2_green_bg/head/224/occ/cn/matched/20230831_053936/m--20230831_053936--f001450.jpg,20230831_053936,mauritius,original,video,False,test,127.49431998369248
data/processed/mauritius/video/not_augmented/cull2_green_bg/head/224/occ/cn/matched/20230831_053936/m--20230831_053936--f001452.jpg,20230831_053936,mauritius,original,video,False,test,128.46629862525174
data/processed/mauritius/video/not_augmented/cull2_green_bg/head/224/occ/cn/matched/20230831_054710/m--20230831_054710--f000270.jpg,20230831_054710,mauritius,original,video,False,test,457.15517377396606
data/processed/mauritius/video/not_augmented/cull2_green_bg/head/224/occ/cn/matched/20230831_054710/m--20230831_054710--f000272.jpg,20230831_054710,mauritius,original,video,False,test,461.823939692423
data/processed/mauritius/video/not_augmented/cull2_green_bg/head/224/occ/cn/matched/20230831_054710/m--20230831_054710--f000274.jpg,20230831_054710,mauritius,original,video,False,test,532.7165776272209
data/processed/mauritius/video/not_augmented/cull2_green_bg/head/224/occ/cn/matched/20230831_054710/m--20230831_054710--f000276.jpg,20230831_054710,mauritius,original,video,False,test,498.6654575749866
data/processed/mauritius/video/not_augmented/cull2_green_bg/head/224/occ/cn/matched/20230831_054710/m--20230831_054710--f000278.jpg,20230831_054710,mauritius,original,video,False,test,526.8378507637174
data/processed/mauritius/video/not_augmented/cull2_green_bg/head/224/occ/cn/matched/20230831_054710/m--20230831_054710--f000280.jpg,20230831_054710,mauritius,original,video,False,test,490.5190130342597
data/processed/mauritius/video/not_augmented/cull2_green_bg/head/224/occ/cn/matched/20230831_054710/m--20230831_054710--f000282.jpg,20230831_054710,mauritius,original,video,False,test,508.9385163550673
data/processed/mauritius/video/not_augmented/cull2_green_bg/head/224/occ/cn/matched/20230831_054710/m--20230831_054710--f000284.jpg,20230831_054710,mauritius,original,video,False,test,445.0221020854646
data/processed/mauritius/video/not_augmented/cull2_green_bg/head/224/occ/cn/matched/20230831_054710/m--20230831_054710--f000286.jpg,20230831_054710,mauritius,original,video,False,test,471.6819395723069
data/processed/mauritius/video/not_augmented/cull2_green_bg/head/224/occ/cn/matched/20230831_054710/m--20230831_054710--f000288.jpg,20230831_054710,mauritius,original,video,False,test,500.9260003031517
data/processed/mauritius/video/not_augmented/cull2_green_bg/head/224/occ/cn/matched/20230831_054710/m--20230831_054710--f000294.jpg,20230831_054710,mauritius,original,video,False,test,228.0708305981695
data/processed/mauritius/video/not_augmented/cull2_green_bg/head/224/occ/cn/matched/20230831_054710/m--20230831_054710--f001072.jpg,20230831_054710,mauritius,original,video,False,test,1143.109753377534
data/processed/mauritius/video/not_augmented/cull2_green_bg/head/224/occ/cn/matched/20230831_054710/m--20230831_054710--f001074.jpg,20230831_054710,mauritius,original,video,False,test,989.3808394415784
data/processed/mauritius/video/not_augmented/cull2_green_bg/head/224/occ/cn/matched/20230831_054710/m--20230831_054710--f001076.jpg,20230831_054710,mauritius,original,video,False,test,613.6296635444638
data/processed/mauritius/video/not_augmented/cull2_green_bg/head/224/occ/cn/matched/20230831_054710/m--20230831_054710--f001078.jpg,20230831_054710,mauritius,original,video,False,test,420.7121531535367
data/processed/mauritius/video/not_augmented/cull2_green_bg/head/224/occ/cn/matched/20230831_054710/m--20230831_054710--f001082.jpg,20230831_054710,mauritius,original,video,False,test,932.1537587496699
data/processed/mauritius/video/not_augmented/cull2_green_bg/head/224/occ/cn/matched/20230831_054710/m--20230831_054710--f001244.jpg,20230831_054710,mauritius,original,video,False,test,834.9969506662919
data/processed/mauritius/video/not_augmented/cull2_green_bg/head/224/occ/cn/matched/20230831_054710/m--20230831_054710--f001248.jpg,20230831_054710,mauritius,original,video,False,test,785.9532644894658
data/processed/mauritius/video/not_augmented/cull2_green_bg/head/224/occ/cn/matched/20230831_055535/m--20230831_055535--f000196.jpg,20230831_055535,mauritius,original,video,False,train,116.57106983259486
data/processed/mauritius/video/not_augmented/cull2_green_bg/head/224/occ/cn/matched/20230831_055535/m--20230831_055535--f000198.jpg,20230831_055535,mauritius,original,video,False,train,123.36676896328431
data/processed/mauritius/video/not_augmented/cull2_green_bg/head/224/occ/cn/matched/20230831_055535/m--20230831_055535--f000200.jpg,20230831_055535,mauritius,original,video,False,train,128.36304193295723
data/processed/mauritius/video/not_augmented/cull2_green_bg/head/224/occ/cn/matched/20230831_055535/m--20230831_055535--f000206.jpg,20230831_055535,mauritius,original,video,False,train,158.0117983915368
data/processed/mauritius/video/not_augmented/cull2_green_bg/head/224/occ/cn/matched/20230831_055535/m--20230831_055535--f000208.jpg,20230831_055535,mauritius,original,video,False,train,142.50225158613557
data/processed/mauritius/video/not_augmented/cull2_green_bg/head/224/occ/cn/matched/20230831_055535/m--20230831_055535--f000210.jpg,20230831_055535,mauritius,original,video,False,train,131.4409877196395
data/processed/mauritius/video/not_augmented/cull2_green_bg/head/224/occ/cn/matched/20230831_055535/m--20230831_055535--f000232.jpg,20230831_055535,mauritius,original,video,False,train,539.8772315073392
data/processed/mauritius/video/not_augmented/cull2_green_bg/head/224/occ/cn/matched/20230831_055535/m--20230831_055535--f000234.jpg,20230831_055535,mauritius,original,video,False,train,865.5051008825845
data/processed/mauritius/video/not_augmented/cull2_green_bg/head/224/occ/cn/matched/20230831_055535/m--20230831_055535--f000236.jpg,20230831_055535,mauritius,original,video,False,train,763.7279770325641
data/processed/mauritius/video/not_augmented/cull2_green_bg/head/224/occ/cn/matched/20230831_055535/m--20230831_055535--f000238.jpg,20230831_055535,mauritius,original,video,False,train,505.63829317573504
data/processed/mauritius/video/not_augmented/cull2_green_bg/head/224/occ/cn/matched/20230831_055535/m--20230831_055535--f000240.jpg,20230831_055535,mauritius,original,video,False,train,326.3962250387405
data/processed/mauritius/video/not_augmented/cull2_green_bg/head/224/occ/cn/matched/20230831_055535/m--20230831_055535--f000242.jpg,20230831_055535,mauritius,original,video,False,train,304.87685336097485
data/processed/mauritius/video/not_augmented/cull2_green_bg/head/224/occ/cn/matched/20230831_055535/m--20230831_055535--f000244.jpg,20230831_055535,mauritius,original,video,False,train,321.5826889313742
data/processed/mauritius/video/not_augmented/cull2_green_bg/head/224/occ/cn/matched/20230831_055535/m--20230831_055535--f000292.jpg,20230831_055535,mauritius,original,video,False,train,624.2088647704977
data/processed/mauritius/video/not_augmented/cull2_green_bg/head/224/occ/cn/matched/20230831_055535/m--20230831_055535--f000294.jpg,20230831_055535,mauritius,original,video,False,train,353.6022994717872
data/processed/mauritius/video/not_augmented/cull2_green_bg/head/224/occ/cn/matched/20230831_055535/m--20230831_055535--f001474.jpg,20230831_055535,mauritius,original,video,False,train,1248.1498322778818
data/processed/mauritius/video/not_augmented/cull2_green_bg/head/224/occ/cn/matched/20230831_055535/m--20230831_055535--f001476.jpg,20230831_055535,mauritius,original,video,False,train,835.2430244963748
data/processed/mauritius/video/not_augmented/cull2_green_bg/head/224/occ/cn/matched/20230831_055535/m--20230831_055535--f001478.jpg,20230831_055535,mauritius,original,video,False,train,722.7931878889466
data/processed/mauritius/video/not_augmented/cull2_green_bg/head/224/occ/cn/matched/20230831_055535/m--20230831_055535--f001480.jpg,20230831_055535,mauritius,original,video,False,train,774.9168327451498
data/processed/mauritius/video/not_augmented/cull2_green_bg/head/224/occ/cn/matched/20230831_055535/m--20230831_055535--f001482.jpg,20230831_055535,mauritius,original,video,False,train,599.6533599620757
data/processed/mauritius/video/not_augmented/cull2_green_bg/head/224/occ/cn/matched/20230831_055535/m--20230831_055535--f001484.jpg,20230831_055535,mauritius,original,video,False,train,976.2861725828242
data/processed/mauritius/video/not_augmented/cull2_green_bg/head/224/occ/cn/matched/20230831_055535/m--20230831_055535--f001486.jpg,20230831_055535,mauritius,original,video,False,train,948.1825572962762
data/processed/mauritius/video/not_augmented/cull2_green_bg/head/224/occ/cn/matched/20230831_055535/m--20230831_055535--f001488.jpg,20230831_055535,mauritius,original,video,False,train,1284.8622448407625
data/processed/mauritius/video/not_augmented/cull2_green_bg/head/224/occ/cn/matched/20230831_055535/m--20230831_055535--f001490.jpg,20230831_055535,mauritius,original,video,False,train,1296.949677117017
data/processed/mauritius/video/not_augmented/cull2_green_bg/head/224/occ/cn/matched/20230831_055535/m--20230831_055535--f001492.jpg,20230831_055535,mauritius,original,video,False,train,591.4599607273818
data/processed/mauritius/video/not_augmented/cull2_green_bg/head/224/occ/cn/matched/20230831_055535/m--20230831_055535--f001494.jpg,20230831_055535,mauritius,original,video,False,train,710.6815795449604
data/processed/mauritius/video/not_augmented/cull2_green_bg/head/224/occ/cn/matched/20230831_055535/m--20230831_055535--f001496.jpg,20230831_055535,mauritius,original,video,False,train,560.3968226958293
data/processed/mauritius/video/not_augmented/cull2_green_bg/head/224/occ/cn/matched/20230831_055535/m--20230831_055535--f001498.jpg,20230831_055535,mauritius,original,video,False,train,581.7857735886865
data/processed/mauritius/video/not_augmented/cull2_green_bg/head/224/occ/cn/matched/20230831_055535/m--20230831_055535--f001500.jpg,20230831_055535,mauritius,original,video,False,train,732.9140425697559
data/processed/mauritius/video/not_augmented/cull2_green_bg/head/224/occ/cn/matched/20230831_055535/m--20230831_055535--f001502.jpg,20230831_055535,mauritius,original,video,False,train,816.6139787465819
data/processed/mauritius/video/not_augmented/cull2_green_bg/head/224/occ/cn/matched/20230831_055535/m--20230831_055535--f001646.jpg,20230831_055535,mauritius,original,video,False,train,334.3156288425806
data/processed/mauritius/video/not_augmented/cull2_green_bg/head/224/occ/cn/matched/20230831_055535/m--20230831_055535--f001648.jpg,20230831_055535,mauritius,original,video,False,train,302.3569634404593
data/processed/mauritius/video/not_augmented/cull2_green_bg/head/224/occ/cn/matched/20230831_055535/m--20230831_055535--f001650.jpg,20230831_055535,mauritius,original,video,False,train,410.12406324913275
data/processed/mauritius/video/not_augmented/cull2_green_bg/head/224/occ/cn/matched/20230831_055535/m--20230831_055535--f001652.jpg,20230831_055535,mauritius,original,video,False,train,312.33111447068563
data/processed/mauritius/video/not_augmented/cull2_green_bg/head/224/occ/cn/matched/20230831_055535/m--20230831_055535--f001654.jpg,20230831_055535,mauritius,original,video,False,train,345.92621962878167
data/processed/mauritius/video/not_augmented/cull2_green_bg/head/224/occ/cn/matched/20230831_055535/m--20230831_055535--f001656.jpg,20230831_055535,mauritius,original,video,False,train,457.3114036483002
data/processed/mauritius/video/not_augmented/cull2_green_bg/head/224/occ/cn/matched/20230831_055535/m--20230831_055535--f001658.jpg,20230831_055535,mauritius,original,video,False,train,578.8411391006813
data/processed/mauritius/video/not_augmented/cull2_green_bg/head/224/occ/cn/matched/20230831_055535/m--20230831_055535--f001660.jpg,20230831_055535,mauritius,original,video,False,train,452.59095969273613
data/processed/mauritius/video/not_augmented/cull2_green_bg/head/224/occ/cn/matched/20230831_055535/m--20230831_055535--f001662.jpg,20230831_055535,mauritius,original,video,False,train,423.2008131314
data/processed/mauritius/video/not_augmented/cull2_green_bg/head/224/occ/cn/matched/20230831_055535/m--20230831_055535--f001664.jpg,20230831_055535,mauritius,original,video,False,train,439.1234853300439
data/processed/mauritius/video/not_augmented/cull2_green_bg/head/224/occ/cn/matched/20230831_055535/m--20230831_055535--f001666.jpg,20230831_055535,mauritius,original,video,False,train,507.40284190680376
data/processed/mauritius/video/not_augmented/cull2_green_bg/head/224/occ/cn/matched/20230831_055535/m--20230831_055535--f001760.jpg,20230831_055535,mauritius,original,video,False,train,189.63608099330918
data/processed/mauritius/video/not_augmented/cull2_green_bg/head/224/occ/cn/matched/20230831_055535/m--20230831_055535--f001772.jpg,20230831_055535,mauritius,original,video,False,train,327.5945271206418
data/processed/mauritius/video/not_augmented/cull2_green_bg/head/224/occ/cn/matched/20230831_060427/m--20230831_060427--f000202.jpg,20230831_060427,mauritius,original,video,False,test,121.75793205366091
data/processed/mauritius/video/not_augmented/cull2_green_bg/head/224/occ/cn/matched/20230831_060427/m--20230831_060427--f000206.jpg,20230831_060427,mauritius,original,video,False,test,125.67155612244898
data/processed/mauritius/video/not_augmented/cull2_green_bg/head/224/occ/cn/matched/20230831_060427/m--20230831_060427--f000210.jpg,20230831_060427,mauritius,original,video,False,test,184.58691391911125
data/processed/mauritius/video/not_augmented/cull2_green_bg/head/224/occ/cn/matched/20230831_060427/m--20230831_060427--f000212.jpg,20230831_060427,mauritius,original,video,False,test,173.75091667127631
data/processed/mauritius/video/not_augmented/cull2_green_bg/head/224/occ/cn/matched/20230831_060427/m--20230831_060427--f000214.jpg,20230831_060427,mauritius,original,video,False,test,163.7112762593369
data/processed/mauritius/video/not_augmented/cull2_green_bg/head/224/occ/cn/matched/20230831_060427/m--20230831_060427--f000216.jpg,20230831_060427,mauritius,original,video,False,test,202.80349169488449
data/processed/mauritius/video/not_augmented/cull2_green_bg/head/224/occ/cn/matched/20230831_060427/m--20230831_060427--f000218.jpg,20230831_060427,mauritius,original,video,False,test,243.98200305865637
data/processed/mauritius/video/not_augmented/cull2_green_bg/head/224/occ/cn/matched/20230831_060427/m--20230831_060427--f000220.jpg,20230831_060427,mauritius,original,video,False,test,277.9931839907581
data/processed/mauritius/video/not_augmented/cull2_green_bg/head/224/occ/cn/matched/20230831_060427/m--20230831_060427--f000222.jpg,20230831_060427,mauritius,original,video,False,test,394.50209175651645
data/processed/mauritius/video/not_augmented/cull2_green_bg/head/224/occ/cn/matched/20230831_060427/m--20230831_060427--f000224.jpg,20230831_060427,mauritius,original,video,False,test,495.22070311864485
data/processed/mauritius/video/not_augmented/cull2_green_bg/head/224/occ/cn/matched/20230831_060427/m--20230831_060427--f000226.jpg,20230831_060427,mauritius,original,video,False,test,497.6570870392723
data/processed/mauritius/video/not_augmented/cull2_green_bg/head/224/occ/cn/matched/20230831_060427/m--20230831_060427--f000228.jpg,20230831_060427,mauritius,original,video,False,test,406.38512423355246
data/processed/mauritius/video/not_augmented/cull2_green_bg/head/224/occ/cn/matched/20230831_060427/m--20230831_060427--f000230.jpg,20230831_060427,mauritius,original,video,False,test,507.8411789826183
data/processed/mauritius/video/not_augmented/cull2_green_bg/head/224/occ/cn/matched/20230831_060427/m--20230831_060427--f000232.jpg,20230831_060427,mauritius,original,video,False,test,630.1006656564906
data/processed/mauritius/video/not_augmented/cull2_green_bg/head/224/occ/cn/matched/20230831_060427/m--20230831_060427--f000234.jpg,20230831_060427,mauritius,original,video,False,test,694.4678498676847
data/processed/mauritius/video/not_augmented/cull2_green_bg/head/224/occ/cn/matched/20230831_060427/m--20230831_060427--f000236.jpg,20230831_060427,mauritius,original,video,False,test,696.8005620117538
data/processed/mauritius/video/not_augmented/cull2_green_bg/head/224/occ/cn/matched/20230831_060427/m--20230831_060427--f000238.jpg,20230831_060427,mauritius,original,video,False,test,756.8236008576182
data/processed/mauritius/video/not_augmented/cull2_green_bg/head/224/occ/cn/matched/20230831_060427/m--20230831_060427--f000240.jpg,20230831_060427,mauritius,original,video,False,test,541.2455754961286
data/processed/mauritius/video/not_augmented/cull2_green_bg/head/224/occ/cn/matched/20230831_060427/m--20230831_060427--f000242.jpg,20230831_060427,mauritius,original,video,False,test,510.42127704739517
data/processed/mauritius/video/not_augmented/cull2_green_bg/head/224/occ/cn/matched/20230831_060427/m--20230831_060427--f000244.jpg,20230831_060427,mauritius,original,video,False,test,398.40060984338635
data/processed/mauritius/video/not_augmented/cull2_green_bg/head/224/occ/cn/matched/20230831_060427/m--20230831_060427--f000246.jpg,20230831_060427,mauritius,original,video,False,test,290.1793682649701
data/processed/mauritius/video/not_augmented/cull2_green_bg/head/224/occ/cn/matched/20230831_060427/m--20230831_060427--f000248.jpg,20230831_060427,mauritius,original,video,False,test,234.1971261061415
data/processed/mauritius/video/not_augmented/cull2_green_bg/head/224/occ/cn/matched/20230831_060427/m--20230831_060427--f000250.jpg,20230831_060427,mauritius,original,video,False,test,164.66187017711684
data/processed/mauritius/video/not_augmented/cull2_green_bg/head/224/occ/cn/matched/20230831_060427/m--20230831_060427--f000252.jpg,20230831_060427,mauritius,original,video,False,test,120.50342790825276
data/processed/mauritius/video/not_augmented/cull2_green_bg/head/224/occ/cn/matched/20230831_060427/m--20230831_060427--f000254.jpg,20230831_060427,mauritius,original,video,False,test,98.50723428618954
data/processed/mauritius/video/not_augmented/cull2_green_bg/head/224/occ/cn/matched/20230831_060427/m--20230831_060427--f001500.jpg,20230831_060427,mauritius,original,video,False,test,180.1710977165067
data/processed/mauritius/video/not_augmented/cull2_green_bg/head/224/occ/cn/matched/20230831_060427/m--20230831_060427--f001502.jpg,20230831_060427,mauritius,original,video,False,test,161.82846380382318
data/processed/mauritius/video/not_augmented/cull2_green_bg/head/224/occ/cn/matched/20230831_060427/m--20230831_060427--f001504.jpg,20230831_060427,mauritius,original,video,False,test,163.27327804692533
data/processed/mauritius/video/not_augmented/cull2_green_bg/head/224/occ/cn/matched/20230831_060427/m--20230831_060427--f001506.jpg,20230831_060427,mauritius,original,video,False,test,173.5310506761099
data/processed/mauritius/video/not_augmented/cull2_green_bg/head/224/occ/cn/matched/20230831_133234/m--20230831_133234--f000214.jpg,20230831_133234,mauritius,original,video,False,train,464.27168348122524
data/processed/mauritius/video/not_augmented/cull2_green_bg/head/224/occ/cn/matched/20230831_133234/m--20230831_133234--f000216.jpg,20230831_133234,mauritius,original,video,False,train,520.4842952806123
data/processed/mauritius/video/not_augmented/cull2_green_bg/head/224/occ/cn/matched/20230831_133234/m--20230831_133234--f000218.jpg,20230831_133234,mauritius,original,video,False,train,510.02766262596225
data/processed/mauritius/video/not_augmented/cull2_green_bg/head/224/occ/cn/matched/20230831_133234/m--20230831_133234--f000242.jpg,20230831_133234,mauritius,original,video,False,train,480.6871011742747
data/processed/mauritius/video/not_augmented/cull2_green_bg/head/224/occ/cn/matched/20230831_133234/m--20230831_133234--f000244.jpg,20230831_133234,mauritius,original,video,False,train,505.46195392179675
data/processed/mauritius/video/not_augmented/cull2_green_bg/head/224/occ/cn/matched/20230831_133234/m--20230831_133234--f000246.jpg,20230831_133234,mauritius,original,video,False,train,414.6119060583881
data/processed/mauritius/video/not_augmented/cull2_green_bg/head/224/occ/cn/matched/20230831_133234/m--20230831_133234--f000248.jpg,20230831_133234,mauritius,original,video,False,train,352.85837848223235
data/processed/mauritius/video/not_augmented/cull2_green_bg/head/224/occ/cn/matched/20230831_133234/m--20230831_133234--f000250.jpg,20230831_133234,mauritius,original,video,False,train,347.38823341201214
data/processed/mauritius/video/not_augmented/cull2_green_bg/head/224/occ/cn/matched/20230831_133234/m--20230831_133234--f000252.jpg,20230831_133234,mauritius,original,video,False,train,379.7148237530264
data/processed/mauritius/video/not_augmented/cull2_green_bg/head/224/occ/cn/matched/20230831_133234/m--20230831_133234--f000254.jpg,20230831_133234,mauritius,original,video,False,train,454.1230269447558
data/processed/mauritius/video/not_augmented/cull2_green_bg/head/224/occ/cn/matched/20230831_133234/m--20230831_133234--f000262.jpg,20230831_133234,mauritius,original,video,False,train,573.5417131374697
data/processed/mauritius/video/not_augmented/cull2_green_bg/head/224/occ/cn/matched/20230831_133920/m--20230831_133920--f000140.jpg,20230831_133920,mauritius,original,video,False,train,70.48549106983978
data/processed/mauritius/video/not_augmented/cull2_green_bg/head/224/occ/cn/matched/20230831_133920/m--20230831_133920--f000142.jpg,20230831_133920,mauritius,original,video,False,train,88.35586724525588
data/processed/mauritius/video/not_augmented/cull2_green_bg/head/224/occ/cn/matched/20230831_133920/m--20230831_133920--f000144.jpg,20230831_133920,mauritius,original,video,False,train,83.15658879746799
data/processed/mauritius/video/not_augmented/cull2_green_bg/head/224/occ/cn/matched/20230831_133920/m--20230831_133920--f000146.jpg,20230831_133920,mauritius,original,video,False,train,89.25470331518514
data/processed/mauritius/video/not_augmented/cull2_green_bg/head/224/occ/cn/matched/20230831_133920/m--20230831_133920--f000148.jpg,20230831_133920,mauritius,original,video,False,train,99.70607461099175
data/processed/mauritius/video/not_augmented/cull2_green_bg/head/224/occ/cn/matched/20230831_133920/m--20230831_133920--f000194.jpg,20230831_133920,mauritius,original,video,False,train,571.5992705640273
data/processed/mauritius/video/not_augmented/cull2_green_bg/head/224/occ/cn/matched/20230831_133920/m--20230831_133920--f000196.jpg,20230831_133920,mauritius,original,video,False,train,586.4226123562757
data/processed/mauritius/video/not_augmented/cull2_green_bg/head/224/occ/cn/matched/20230831_133920/m--20230831_133920--f000198.jpg,20230831_133920,mauritius,original,video,False,train,573.9165537272926
data/processed/mauritius/video/not_augmented/cull2_green_bg/head/224/occ/cn/matched/20230831_133920/m--20230831_133920--f000200.jpg,20230831_133920,mauritius,original,video,False,train,632.2313256662918
data/processed/mauritius/video/not_augmented/cull2_green_bg/head/224/occ/cn/matched/20230831_133920/m--20230831_133920--f000202.jpg,20230831_133920,mauritius,original,video,False,train,604.1261957844611
data/processed/mauritius/video/not_augmented/cull2_green_bg/head/224/occ/cn/matched/20230831_133920/m--20230831_133920--f000204.jpg,20230831_133920,mauritius,original,video,False,train,534.1256575415601
data/processed/mauritius/video/not_augmented/cull2_green_bg/head/224/occ/cn/matched/20230831_133920/m--20230831_133920--f000206.jpg,20230831_133920,mauritius,original,video,False,train,615.6598373708601
data/processed/mauritius/video/not_augmented/cull2_green_bg/head/224/occ/cn/matched/20230831_133920/m--20230831_133920--f000208.jpg,20230831_133920,mauritius,original,video,False,train,573.4110328518614
data/processed/mauritius/video/not_augmented/cull2_green_bg/head/224/occ/cn/matched/20230831_133920/m--20230831_133920--f001046.jpg,20230831_133920,mauritius,original,video,False,train,221.84109928229606
data/processed/mauritius/video/not_augmented/cull2_green_bg/head/224/occ/cn/matched/20230831_133920/m--20230831_133920--f001048.jpg,20230831_133920,mauritius,original,video,False,train,169.47233734702826
data/processed/mauritius/video/not_augmented/cull2_green_bg/head/224/occ/cn/matched/20230831_133920/m--20230831_133920--f001368.jpg,20230831_133920,mauritius,original,video,False,train,113.89405293367346
data/processed/mauritius/video/not_augmented/cull2_green_bg/head/224/occ/cn/matched/20230831_133920/m--20230831_133920--f001370.jpg,20230831_133920,mauritius,original,video,False,train,105.39696268497136
data/processed/mauritius/video/not_augmented/cull2_green_bg/head/224/occ/cn/matched/20230831_133920/m--20230831_133920--f001372.jpg,20230831_133920,mauritius,original,video,False,train,90.78575406755719
data/processed/mauritius/video/not_augmented/cull2_green_bg/head/224/occ/cn/matched/20230831_134612/m--20230831_134612--f000136.jpg,20230831_134612,mauritius,original,video,False,train,95.56945546852059
data/processed/mauritius/video/not_augmented/cull2_green_bg/head/224/occ/cn/matched/20230831_134612/m--20230831_134612--f000138.jpg,20230831_134612,mauritius,original,video,False,train,94.96402641615734
data/processed/mauritius/video/not_augmented/cull2_green_bg/head/224/occ/cn/matched/20230831_134612/m--20230831_134612--f000140.jpg,20230831_134612,mauritius,original,video,False,train,94.97235727012283
data/processed/mauritius/video/not_augmented/cull2_green_bg/head/224/occ/cn/matched/20230831_134612/m--20230831_134612--f000142.jpg,20230831_134612,mauritius,original,video,False,train,107.22737937547522
data/processed/mauritius/video/not_augmented/cull2_green_bg/head/224/occ/cn/matched/20230831_134612/m--20230831_134612--f000144.jpg,20230831_134612,mauritius,original,video,False,train,118.68897480867346
data/processed/mauritius/video/not_augmented/cull2_green_bg/head/224/occ/cn/matched/20230831_134612/m--20230831_134612--f000146.jpg,20230831_134612,mauritius,original,video,False,train,198.5083104979242
data/processed/mauritius/video/not_augmented/cull2_green_bg/head/224/occ/cn/matched/20230831_134612/m--20230831_134612--f000148.jpg,20230831_134612,mauritius,original,video,False,train,201.7441007081095
data/processed/mauritius/video/not_augmented/cull2_green_bg/head/224/occ/cn/matched/20230831_134612/m--20230831_134612--f000150.jpg,20230831_134612,mauritius,original,video,False,train,184.38081950100698
data/processed/mauritius/video/not_augmented/cull2_green_bg/head/224/occ/cn/matched/20230831_134612/m--20230831_134612--f000152.jpg,20230831_134612,mauritius,original,video,False,train,192.13811357077935
data/processed/mauritius/video/not_augmented/cull2_green_bg/head/224/occ/cn/matched/20230831_134612/m--20230831_134612--f000154.jpg,20230831_134612,mauritius,original,video,False,train,244.59265290474406
data/processed/mauritius/video/not_augmented/cull2_green_bg/head/224/occ/cn/matched/20230831_134612/m--20230831_134612--f000156.jpg,20230831_134612,mauritius,original,video,False,train,399.64514900812856
data/processed/mauritius/video/not_augmented/cull2_green_bg/head/224/occ/cn/matched/20230831_134612/m--20230831_134612--f000158.jpg,20230831_134612,mauritius,original,video,False,train,398.0459183419262
data/processed/mauritius/video/not_augmented/cull2_green_bg/head/224/occ/cn/matched/20230831_134612/m--20230831_134612--f000160.jpg,20230831_134612,mauritius,original,video,False,train,485.65329961367615
data/processed/mauritius/video/not_augmented/cull2_green_bg/head/224/occ/cn/matched/20230831_134612/m--20230831_134612--f000162.jpg,20230831_134612,mauritius,original,video,False,train,637.4148793754752
data/processed/mauritius/video/not_augmented/cull2_green_bg/head/224/occ/cn/matched/20230831_134612/m--20230831_134612--f000164.jpg,20230831_134612,mauritius,original,video,False,train,820.4749480390092
data/processed/mauritius/video/not_augmented/cull2_green_bg/head/224/occ/cn/matched/20230831_134612/m--20230831_134612--f000166.jpg,20230831_134612,mauritius,original,video,False,train,941.2428651084407
data/processed/mauritius/video/not_augmented/cull2_green_bg/head/224/occ/cn/matched/20230831_134612/m--20230831_134612--f000168.jpg,20230831_134612,mauritius,original,video,False,train,1153.177235642258
data/processed/mauritius/video/not_augmented/cull2_green_bg/head/224/occ/cn/matched/20230831_134612/m--20230831_134612--f000170.jpg,20230831_134612,mauritius,original,video,False,train,1657.3071188841297
data/processed/mauritius/video/not_augmented/cull2_green_bg/head/224/occ/cn/matched/20230831_134612/m--20230831_134612--f000172.jpg,20230831_134612,mauritius,original,video,False,train,1878.7473692459048
data/processed/mauritius/video/not_augmented/cull2_green_bg/head/224/occ/cn/matched/20230831_134612/m--20230831_134612--f000174.jpg,20230831_134612,mauritius,original,video,False,train,2117.2021882936197
data/processed/mauritius/video/not_augmented/cull2_green_bg/head/224/occ/cn/matched/20230831_134612/m--20230831_134612--f000176.jpg,20230831_134612,mauritius,original,video,False,train,2141.2681560234346
data/processed/mauritius/video/not_augmented/cull2_green_bg/head/224/occ/cn/matched/20230831_134612/m--20230831_134612--f000178.jpg,20230831_134612,mauritius,original,video,False,train,2019.440050980688
data/processed/mauritius/video/not_augmented/cull2_green_bg/head/224/occ/cn/matched/20230831_134612/m--20230831_134612--f000180.jpg,20230831_134612,mauritius,original,video,False,train,1679.1968072190573
data/processed/mauritius/video/not_augmented/cull2_green_bg/head/224/occ/cn/matched/20230831_134612/m--20230831_134612--f000182.jpg,20230831_134612,mauritius,original,video,False,train,1620.8120615290682
data/processed/mauritius/video/not_augmented/cull2_green_bg/head/224/occ/cn/matched/20230831_134612/m--20230831_134612--f000184.jpg,20230831_134612,mauritius,original,video,False,train,1990.5583146749464
data/processed/mauritius/video/not_augmented/cull2_green_bg/head/224/occ/cn/matched/20230831_134612/m--20230831_134612--f000186.jpg,20230831_134612,mauritius,original,video,False,train,2123.0212252770602
data/processed/mauritius/video/not_augmented/cull2_green_bg/head/224/occ/cn/matched/20230831_134612/m--20230831_134612--f000188.jpg,20230831_134612,mauritius,original,video,False,train,2179.6128227741506
data/processed/mauritius/video/not_augmented/cull2_green_bg/head/224/occ/cn/matched/20230831_134612/m--20230831_134612--f000190.jpg,20230831_134612,mauritius,original,video,False,train,2347.640246084659
data/processed/mauritius/video/not_augmented/cull2_green_bg/head/224/occ/cn/matched/20230831_134612/m--20230831_134612--f000192.jpg,20230831_134612,mauritius,original,video,False,train,2418.9873843969576
data/processed/mauritius/video/not_augmented/cull2_green_bg/head/224/occ/cn/matched/20230831_134612/m--20230831_134612--f000194.jpg,20230831_134612,mauritius,original,video,False,train,1147.084661911945
data/processed/mauritius/video/not_augmented/cull2_green_bg/head/224/occ/cn/matched/20230831_134612/m--20230831_134612--f000224.jpg,20230831_134612,mauritius,original,video,False,train,477.3227439270273
data/processed/mauritius/video/not_augmented/cull2_green_bg/head/224/occ/cn/matched/20230831_134612/m--20230831_134612--f000986.jpg,20230831_134612,mauritius,original,video,False,train,609.9238280233171
data/processed/mauritius/video/not_augmented/cull2_green_bg/head/224/occ/cn/matched/20230831_134612/m--20230831_134612--f000988.jpg,20230831_134612,mauritius,original,video,False,train,1555.9468071713939
data/processed/mauritius/video/not_augmented/cull2_green_bg/head/224/occ/cn/matched/20230831_134612/m--20230831_134612--f000990.jpg,20230831_134612,mauritius,original,video,False,train,2350.7773633458023
data/processed/mauritius/video/not_augmented/cull2_green_bg/head/224/occ/cn/matched/20230831_134612/m--20230831_134612--f000992.jpg,20230831_134612,mauritius,original,video,False,train,2384.658342623999
data/processed/mauritius/video/not_augmented/cull2_green_bg/head/224/occ/cn/matched/20230831_134612/m--20230831_134612--f001006.jpg,20230831_134612,mauritius,original,video,False,train,1960.8137752416972
data/processed/mauritius/video/not_augmented/cull2_green_bg/head/224/occ/cn/matched/20230831_134612/m--20230831_134612--f001008.jpg,20230831_134612,mauritius,original,video,False,train,2356.0208258857233
data/processed/mauritius/video/not_augmented/cull2_green_bg/head/224/occ/cn/matched/20230831_135124/m--20230831_135124--f000140.jpg,20230831_135124,mauritius,original,video,False,train,171.686284189967
data/processed/mauritius/video/not_augmented/cull2_green_bg/head/224/occ/cn/matched/20230831_135124/m--20230831_135124--f000142.jpg,20230831_135124,mauritius,original,video,False,train,212.0216039286609
data/processed/mauritius/video/not_augmented/cull2_green_bg/head/224/occ/cn/matched/20230831_135124/m--20230831_135124--f000146.jpg,20230831_135124,mauritius,original,video,False,train,351.7961973597834
data/processed/mauritius/video/not_augmented/cull2_green_bg/head/224/occ/cn/matched/20230831_135124/m--20230831_135124--f000148.jpg,20230831_135124,mauritius,original,video,False,train,345.7833625494764
data/processed/mauritius/video/not_augmented/cull2_green_bg/head/224/occ/cn/matched/20230831_135124/m--20230831_135124--f000152.jpg,20230831_135124,mauritius,original,video,False,train,435.3882532810877
data/processed/mauritius/video/not_augmented/cull2_green_bg/head/224/occ/cn/matched/20230831_135124/m--20230831_135124--f000154.jpg,20230831_135124,mauritius,original,video,False,train,593.7396760707793
data/processed/mauritius/video/not_augmented/cull2_green_bg/head/224/occ/cn/matched/20230831_135124/m--20230831_135124--f000156.jpg,20230831_135124,mauritius,original,video,False,train,799.6269531234111
data/processed/mauritius/video/not_augmented/cull2_green_bg/head/224/occ/cn/matched/20230831_135124/m--20230831_135124--f000158.jpg,20230831_135124,mauritius,original,video,False,train,774.5885679283921
data/processed/mauritius/video/not_augmented/cull2_green_bg/head/224/occ/cn/matched/20230831_135124/m--20230831_135124--f000160.jpg,20230831_135124,mauritius,original,video,False,train,870.8035709694095
data/processed/mauritius/video/not_augmented/cull2_green_bg/head/224/occ/cn/matched/20230831_135124/m--20230831_135124--f000162.jpg,20230831_135124,mauritius,original,video,False,train,1054.1154535711432
data/processed/mauritius/video/not_augmented/cull2_green_bg/head/224/occ/cn/matched/20230831_135124/m--20230831_135124--f000164.jpg,20230831_135124,mauritius,original,video,False,train,1338.558135153402
data/processed/mauritius/video/not_augmented/cull2_green_bg/head/224/occ/cn/matched/20230831_135124/m--20230831_135124--f000166.jpg,20230831_135124,mauritius,original,video,False,train,1402.719606935357
data/processed/mauritius/video/not_augmented/cull2_green_bg/head/224/occ/cn/matched/20230831_135124/m--20230831_135124--f000168.jpg,20230831_135124,mauritius,original,video,False,train,1613.6237441713934
data/processed/mauritius/video/not_augmented/cull2_green_bg/head/224/occ/cn/matched/20230831_135124/m--20230831_135124--f000170.jpg,20230831_135124,mauritius,original,video,False,train,2096.244100739885
data/processed/mauritius/video/not_augmented/cull2_green_bg/head/224/occ/cn/matched/20230831_135124/m--20230831_135124--f000172.jpg,20230831_135124,mauritius,original,video,False,train,1288.52415493477
data/processed/mauritius/video/not_augmented/cull2_green_bg/head/224/occ/cn/matched/20230831_135124/m--20230831_135124--f000174.jpg,20230831_135124,mauritius,original,video,False,train,2069.5514188764096
data/processed/mauritius/video/not_augmented/cull2_green_bg/head/224/occ/cn/matched/20230831_135124/m--20230831_135124--f000176.jpg,20230831_135124,mauritius,original,video,False,train,2166.904316801272
data/processed/mauritius/video/not_augmented/cull2_green_bg/head/224/occ/cn/matched/20230831_135124/m--20230831_135124--f000178.jpg,20230831_135124,mauritius,original,video,False,train,2343.1672512739215
data/processed/mauritius/video/not_augmented/cull2_green_bg/head/224/occ/cn/matched/20230831_135124/m--20230831_135124--f000180.jpg,20230831_135124,mauritius,original,video,False,train,2674.5951450876973
data/processed/mauritius/video/not_augmented/cull2_green_bg/head/224/occ/cn/matched/20230831_135124/m--20230831_135124--f000182.jpg,20230831_135124,mauritius,original,video,False,train,2493.621033871089
data/processed/mauritius/video/not_augmented/cull2_green_bg/head/224/occ/cn/matched/20230831_135124/m--20230831_135124--f000184.jpg,20230831_135124,mauritius,original,video,False,train,2504.89760043213
data/processed/mauritius/video/not_augmented/cull2_green_bg/head/224/occ/cn/matched/20230831_135124/m--20230831_135124--f000186.jpg,20230831_135124,mauritius,original,video,False,train,2437.3898078727007
data/processed/mauritius/video/not_augmented/cull2_green_bg/head/224/occ/cn/matched/20230831_135124/m--20230831_135124--f000188.jpg,20230831_135124,mauritius,original,video,False,train,2324.9971300766197
data/processed/mauritius/video/not_augmented/cull2_green_bg/head/224/occ/cn/matched/20230831_135124/m--20230831_135124--f000190.jpg,20230831_135124,mauritius,original,video,False,train,2305.8136559295335
data/processed/mauritius/video/not_augmented/cull2_green_bg/head/224/occ/cn/matched/20230831_135124/m--20230831_135124--f000192.jpg,20230831_135124,mauritius,original,video,False,train,2377.796177423184
data/processed/mauritius/video/not_augmented/cull2_green_bg/head/224/occ/cn/matched/20230831_135124/m--20230831_135124--f000194.jpg,20230831_135124,mauritius,original,video,False,train,2114.0551058516207
data/processed/mauritius/video/not_augmented/cull2_green_bg/head/224/occ/cn/matched/20230831_135124/m--20230831_135124--f000196.jpg,20230831_135124,mauritius,original,video,False,train,1994.8919004085212
data/processed/mauritius/video/not_augmented/cull2_green_bg/head/224/occ/cn/matched/20230831_135124/m--20230831_135124--f000198.jpg,20230831_135124,mauritius,original,video,False,train,1845.4179486767644
data/processed/mauritius/video/not_augmented/cull2_green_bg/head/224/occ/cn/matched/20230831_135124/m--20230831_135124--f000200.jpg,20230831_135124,mauritius,original,video,False,train,1775.1606345647376
data/processed/mauritius/video/not_augmented/cull2_green_bg/head/224/occ/cn/matched/20230831_135124/m--20230831_135124--f000202.jpg,20230831_135124,mauritius,original,video,False,train,1531.6837531744764
data/processed/mauritius/video/not_augmented/cull2_green_bg/head/224/occ/cn/matched/20230831_135124/m--20230831_135124--f000204.jpg,20230831_135124,mauritius,original,video,False,train,1247.8887515546678
data/processed/mauritius/video/not_augmented/cull2_green_bg/head/224/occ/cn/matched/20230831_135124/m--20230831_135124--f000206.jpg,20230831_135124,mauritius,original,video,False,train,1087.075593889976
data/processed/mauritius/video/not_augmented/cull2_green_bg/head/224/occ/cn/matched/20230831_135124/m--20230831_135124--f000208.jpg,20230831_135124,mauritius,original,video,False,train,767.4467474092597
data/processed/mauritius/video/not_augmented/cull2_green_bg/head/224/occ/cn/matched/20230831_135124/m--20230831_135124--f000210.jpg,20230831_135124,mauritius,original,video,False,train,376.7720423709945
data/processed/mauritius/video/not_augmented/cull2_green_bg/head/224/occ/cn/matched/20230831_135124/m--20230831_135124--f000212.jpg,20230831_135124,mauritius,original,video,False,train,259.21490350736775
data/processed/mauritius/video/not_augmented/cull2_green_bg/head/224/occ/cn/matched/20230831_135124/m--20230831_135124--f000214.jpg,20230831_135124,mauritius,original,video,False,train,167.96655744833032
data/processed/mauritius/video/not_augmented/cull2_green_bg/head/224/occ/cn/matched/20230831_135124/m--20230831_135124--f001038.jpg,20230831_135124,mauritius,original,video,False,train,2064.4314212215186
data/processed/mauritius/video/not_augmented/cull2_green_bg/head/224/occ/cn/matched/20230831_135124/m--20230831_135124--f001040.jpg,20230831_135124,mauritius,original,video,False,train,2199.2240712210714
data/processed/mauritius/video/not_augmented/cull2_green_bg/head/224/occ/cn/matched/20230831_135124/m--20230831_135124--f001042.jpg,20230831_135124,mauritius,original,video,False,train,2002.6337490594176
data/processed/mauritius/video/not_augmented/cull2_green_bg/head/224/occ/cn/matched/20230831_135124/m--20230831_135124--f001044.jpg,20230831_135124,mauritius,original,video,False,train,1487.4965520884184
data/processed/mauritius/video/not_augmented/cull2_green_bg/head/224/occ/cn/matched/20230831_135124/m--20230831_135124--f001046.jpg,20230831_135124,mauritius,original,video,False,train,1382.1927614780034
data/processed/mauritius/video/not_augmented/cull2_green_bg/head/224/occ/cn/matched/20230831_135124/m--20230831_135124--f001048.jpg,20230831_135124,mauritius,original,video,False,train,1348.651247608021
data/processed/mauritius/video/not_augmented/cull2_green_bg/head/224/occ/cn/matched/20230831_135124/m--20230831_135124--f001052.jpg,20230831_135124,mauritius,original,video,False,train,1402.9244657212225
data/processed/mauritius/video/not_augmented/cull2_green_bg/head/224/occ/cn/matched/20230831_135124/m--20230831_135124--f001054.jpg,20230831_135124,mauritius,original,video,False,train,1429.5661072923663
data/processed/mauritius/video/not_augmented/cull2_green_bg/head/224/occ/cn/matched/20230831_135124/m--20230831_135124--f001062.jpg,20230831_135124,mauritius,original,video,False,train,2160.423887847414
data/processed/mauritius/video/not_augmented/cull2_green_bg/head/224/occ/cn/matched/20230831_135124/m--20230831_135124--f001064.jpg,20230831_135124,mauritius,original,video,False,train,2105.7565369754966
data/processed/mauritius/video/not_augmented/cull2_green_bg/head/224/occ/cn/matched/20230831_135124/m--20230831_135124--f001066.jpg,20230831_135124,mauritius,original,video,False,train,2127.4606385518987
data/processed/mauritius/video/not_augmented/cull2_green_bg/head/224/occ/cn/matched/20230831_135124/m--20230831_135124--f001068.jpg,20230831_135124,mauritius,original,video,False,train,2111.5045440035133
data/processed/mauritius/video/not_augmented/cull2_green_bg/head/224/occ/cn/matched/20230831_135124/m--20230831_135124--f001070.jpg,20230831_135124,mauritius,original,video,False,train,1946.1486764659194
data/processed/mauritius/video/not_augmented/cull2_green_bg/head/224/occ/cn/matched/20230831_135124/m--20230831_135124--f001072.jpg,20230831_135124,mauritius,original,video,False,train,2163.128686932314
data/processed/mauritius/video/not_augmented/cull2_green_bg/head/224/occ/cn/matched/20230831_135124/m--20230831_135124--f001074.jpg,20230831_135124,mauritius,original,video,False,train,2539.4022435570005
data/processed/mauritius/video/not_augmented/cull2_green_bg/head/224/occ/cn/matched/20230831_135124/m--20230831_135124--f001076.jpg,20230831_135124,mauritius,original,video,False,train,2548.1848093558724
data/processed/mauritius/video/not_augmented/cull2_green_bg/head/224/occ/cn/matched/20230831_135124/m--20230831_135124--f001078.jpg,20230831_135124,mauritius,original,video,False,train,2550.957429789742
data/processed/mauritius/video/not_augmented/cull2_green_bg/head/224/occ/cn/matched/20230831_135124/m--20230831_135124--f001080.jpg,20230831_135124,mauritius,original,video,False,train,2468.173030772243
data/processed/mauritius/video/not_augmented/cull2_green_bg/head/224/occ/cn/matched/20230831_135124/m--20230831_135124--f001084.jpg,20230831_135124,mauritius,original,video,False,train,2547.528977940253
data/processed/mauritius/video/not_augmented/cull2_green_bg/head/224/occ/cn/matched/20230831_135124/m--20230831_135124--f001088.jpg,20230831_135124,mauritius,original,video,False,train,2422.6333503576184
data/processed/mauritius/video/not_augmented/cull2_green_bg/head/224/occ/cn/matched/20230831_135909/m--20230831_135909--f000178.jpg,20230831_135909,mauritius,original,video,False,train,121.83767137722093
data/processed/mauritius/video/not_augmented/cull2_green_bg/head/224/occ/cn/matched/20230831_135909/m--20230831_135909--f000180.jpg,20230831_135909,mauritius,original,video,False,train,446.68034517501906
data/processed/mauritius/video/not_augmented/cull2_green_bg/head/224/occ/cn/matched/20230831_135909/m--20230831_135909--f000182.jpg,20230831_135909,mauritius,original,video,False,train,496.7533281696482
data/processed/mauritius/video/not_augmented/cull2_green_bg/head/224/occ/cn/matched/20230831_135909/m--20230831_135909--f000184.jpg,20230831_135909,mauritius,original,video,False,train,610.8556480705614
data/processed/mauritius/video/not_augmented/cull2_green_bg/head/224/occ/cn/matched/20230831_135909/m--20230831_135909--f000186.jpg,20230831_135909,mauritius,original,video,False,train,649.5753147481927
data/processed/mauritius/video/not_augmented/cull2_green_bg/head/224/occ/cn/matched/20230831_135909/m--20230831_135909--f000188.jpg,20230831_135909,mauritius,original,video,False,train,682.1205754151
data/processed/mauritius/video/not_augmented/cull2_green_bg/head/224/occ/cn/matched/20230831_135909/m--20230831_135909--f000190.jpg,20230831_135909,mauritius,original,video,False,train,708.0295160711432
data/processed/mauritius/video/not_augmented/cull2_green_bg/head/224/occ/cn/matched/20230831_135909/m--20230831_135909--f000192.jpg,20230831_135909,mauritius,original,video,False,train,691.1346260966087
data/processed/mauritius/video/not_augmented/cull2_green_bg/head/224/occ/cn/matched/20230831_135909/m--20230831_135909--f000194.jpg,20230831_135909,mauritius,original,video,False,train,663.3112044705792
data/processed/mauritius/video/not_augmented/cull2_green_bg/head/224/occ/cn/matched/20230831_135909/m--20230831_135909--f000196.jpg,20230831_135909,mauritius,original,video,False,train,645.5528938074202
data/processed/mauritius/video/not_augmented/cull2_green_bg/head/224/occ/cn/matched/20230831_135909/m--20230831_135909--f000198.jpg,20230831_135909,mauritius,original,video,False,train,654.6166692985589
data/processed/mauritius/video/not_augmented/cull2_green_bg/head/224/occ/cn/matched/20230831_135909/m--20230831_135909--f000200.jpg,20230831_135909,mauritius,original,video,False,train,685.6809032012006
data/processed/mauritius/video/not_augmented/cull2_green_bg/head/224/occ/cn/matched/20230831_135909/m--20230831_135909--f000202.jpg,20230831_135909,mauritius,original,video,False,train,642.4316206756903
data/processed/mauritius/video/not_augmented/cull2_green_bg/head/224/occ/cn/matched/20230831_135909/m--20230831_135909--f000204.jpg,20230831_135909,mauritius,original,video,False,train,587.7937060395461
data/processed/mauritius/video/not_augmented/cull2_green_bg/head/224/occ/cn/matched/20230831_135909/m--20230831_135909--f000206.jpg,20230831_135909,mauritius,original,video,False,train,587.16926414199
data/processed/mauritius/video/not_augmented/cull2_green_bg/head/224/occ/cn/matched/20230831_135909/m--20230831_135909--f000208.jpg,20230831_135909,mauritius,original,video,False,train,630.3169443236944
data/processed/mauritius/video/not_augmented/cull2_green_bg/head/224/occ/cn/matched/20230831_135909/m--20230831_135909--f000210.jpg,20230831_135909,mauritius,original,video,False,train,603.8879741551924
data/processed/mauritius/video/not_augmented/cull2_green_bg/head/224/occ/cn/matched/20230831_135909/m--20230831_135909--f000212.jpg,20230831_135909,mauritius,original,video,False,train,604.9393534563025
data/processed/mauritius/video/not_augmented/cull2_green_bg/head/224/occ/cn/matched/20230831_135909/m--20230831_135909--f000214.jpg,20230831_135909,mauritius,original,video,False,train,584.991011619568
data/processed/mauritius/video/not_augmented/cull2_green_bg/head/224/occ/cn/matched/20230831_135909/m--20230831_135909--f000216.jpg,20230831_135909,mauritius,original,video,False,train,563.1436940947457
data/processed/mauritius/video/not_augmented/cull2_green_bg/head/224/occ/cn/matched/20230831_135909/m--20230831_135909--f000218.jpg,20230831_135909,mauritius,original,video,False,train,501.6861248210985
data/processed/mauritius/video/not_augmented/cull2_green_bg/head/224/occ/cn/matched/20230831_135909/m--20230831_135909--f000220.jpg,20230831_135909,mauritius,original,video,False,train,580.9436981820007
data/processed/mauritius/video/not_augmented/cull2_green_bg/head/224/occ/cn/matched/20230831_135909/m--20230831_135909--f000222.jpg,20230831_135909,mauritius,original,video,False,train,616.7099010462763
data/processed/mauritius/video/not_augmented/cull2_green_bg/head/224/occ/cn/matched/20230831_135909/m--20230831_135909--f000224.jpg,20230831_135909,mauritius,original,video,False,train,605.5384845022658
data/processed/mauritius/video/not_augmented/cull2_green_bg/head/224/occ/cn/matched/20230831_135909/m--20230831_135909--f000226.jpg,20230831_135909,mauritius,original,video,False,train,602.0565605942083
data/processed/mauritius/video/not_augmented/cull2_green_bg/head/224/occ/cn/matched/20230831_135909/m--20230831_135909--f000228.jpg,20230831_135909,mauritius,original,video,False,train,604.6046914760394
data/processed/mauritius/video/not_augmented/cull2_green_bg/head/224/occ/cn/matched/20230831_135909/m--20230831_135909--f000230.jpg,20230831_135909,mauritius,original,video,False,train,616.352977452006
data/processed/mauritius/video/not_augmented/cull2_green_bg/head/224/occ/cn/matched/20230831_135909/m--20230831_135909--f000234.jpg,20230831_135909,mauritius,original,video,False,train,415.72088242649596
data/processed/mauritius/video/not_augmented/cull2_green_bg/head/224/occ/cn/matched/20230831_135909/m--20230831_135909--f000570.jpg,20230831_135909,mauritius,original,video,False,train,257.6963288328242
data/processed/mauritius/video/not_augmented/cull2_green_bg/head/224/occ/cn/matched/20230831_135909/m--20230831_135909--f000986.jpg,20230831_135909,mauritius,original,video,False,train,267.71095655243477
data/processed/mauritius/video/not_augmented/cull2_green_bg/head/224/occ/cn/matched/20230831_135909/m--20230831_135909--f000992.jpg,20230831_135909,mauritius,original,video,False,train,230.94491387764054
data/processed/mauritius/video/not_augmented/cull2_green_bg/head/224/occ/cn/matched/20230831_135909/m--20230831_135909--f000996.jpg,20230831_135909,mauritius,original,video,False,train,258.3641382234884
data/processed/mauritius/video/not_augmented/cull2_green_bg/head/224/occ/cn/matched/20230831_135909/m--20230831_135909--f000998.jpg,20230831_135909,mauritius,original,video,False,train,219.42928890147243
data/processed/mauritius/video/not_augmented/cull2_green_bg/head/224/occ/cn/matched/20230831_135909/m--20230831_135909--f001000.jpg,20230831_135909,mauritius,original,video,False,train,202.23539142179663
data/processed/mauritius/video/not_augmented/cull2_green_bg/head/224/occ/cn/matched/20230831_135909/m--20230831_135909--f001010.jpg,20230831_135909,mauritius,original,video,False,train,396.2639705331462
data/processed/mauritius/video/not_augmented/cull2_green_bg/head/224/occ/cn/matched/20230831_135909/m--20230831_135909--f001012.jpg,20230831_135909,mauritius,original,video,False,train,362.2057556381131
data/processed/mauritius/video/not_augmented/cull2_green_bg/head/224/occ/cn/matched/20230831_135909/m--20230831_135909--f001014.jpg,20230831_135909,mauritius,original,video,False,train,497.2162388329305
data/processed/mauritius/video/not_augmented/cull2_green_bg/head/224/occ/cn/matched/20230831_135909/m--20230831_135909--f001016.jpg,20230831_135909,mauritius,original,video,False,train,748.8054447563327
data/processed/mauritius/video/not_augmented/cull2_green_bg/head/224/occ/cn/matched/20230831_135909/m--20230831_135909--f001018.jpg,20230831_135909,mauritius,original,video,False,train,898.2983297354377
data/processed/mauritius/video/not_augmented/cull2_green_bg/head/224/occ/cn/matched/20230831_135909/m--20230831_135909--f001020.jpg,20230831_135909,mauritius,original,video,False,train,1034.9039180327436
data/processed/mauritius/video/not_augmented/cull2_green_bg/head/224/occ/cn/matched/20230831_135909/m--20230831_135909--f001022.jpg,20230831_135909,mauritius,original,video,False,train,1107.8511418565417
data/processed/mauritius/video/not_augmented/cull2_green_bg/head/224/occ/cn/matched/20230831_135909/m--20230831_135909--f001024.jpg,20230831_135909,mauritius,original,video,False,train,829.6239835297451
data/processed/mauritius/video/not_augmented/cull2_green_bg/head/224/occ/cn/matched/20230831_135909/m--20230831_135909--f001028.jpg,20230831_135909,mauritius,original,video,False,train,662.8491302182009
data/processed/mauritius/video/not_augmented/cull2_green_bg/head/224/occ/cn/matched/20230831_135909/m--20230831_135909--f001030.jpg,20230831_135909,mauritius,original,video,False,train,513.5358936221636
data/processed/mauritius/video/not_augmented/cull2_green_bg/head/224/occ/cn/matched/20230831_135909/m--20230831_135909--f001032.jpg,20230831_135909,mauritius,original,video,False,train,276.45151001470674
data/processed/mauritius/video/not_augmented/cull2_green_bg/head/224/occ/cn/matched/20230831_135909/m--20230831_135909--f001034.jpg,20230831_135909,mauritius,original,video,False,train,239.57409916932957
data/processed/mauritius/video/not_augmented/cull2_green_bg/head/224/occ/cn/matched/20230831_135909/m--20230831_135909--f001036.jpg,20230831_135909,mauritius,original,video,False,train,528.58567840206
data/processed/mauritius/video/not_augmented/cull2_green_bg/head/224/occ/cn/matched/20230831_135909/m--20230831_135909--f001038.jpg,20230831_135909,mauritius,original,video,False,train,687.66416197407
data/processed/mauritius/video/not_augmented/cull2_green_bg/head/224/occ/cn/matched/20230831_135909/m--20230831_135909--f001040.jpg,20230831_135909,mauritius,original,video,False,train,705.6579838867538
data/processed/mauritius/video/not_augmented/cull2_green_bg/head/224/occ/cn/matched/20230831_135909/m--20230831_135909--f001042.jpg,20230831_135909,mauritius,original,video,False,train,719.5939292792527
data/processed/mauritius/video/not_augmented/cull2_green_bg/head/224/occ/cn/matched/20230831_135909/m--20230831_135909--f001044.jpg,20230831_135909,mauritius,original,video,False,train,504.8728273126396
data/processed/mauritius/video/not_augmented/cull2_green_bg/head/224/occ/cn/matched/20230831_135909/m--20230831_135909--f001046.jpg,20230831_135909,mauritius,original,video,False,train,556.3962052792918
data/processed/mauritius/video/not_augmented/cull2_green_bg/head/224/occ/cn/matched/20230831_135909/m--20230831_135909--f001050.jpg,20230831_135909,mauritius,original,video,False,train,592.6765784184569
data/processed/mauritius/video/not_augmented/cull2_green_bg/head/224/occ/cn/matched/20230831_135909/m--20230831_135909--f001054.jpg,20230831_135909,mauritius,original,video,False,train,820.5307915654595
data/processed/mauritius/video/not_augmented/cull2_green_bg/head/224/occ/cn/matched/20230831_135909/m--20230831_135909--f001066.jpg,20230831_135909,mauritius,original,video,False,train,1456.837671253295
data/processed/mauritius/video/not_augmented/cull2_green_bg/head/224/occ/cn/matched/20230831_135909/m--20230831_135909--f001080.jpg,20230831_135909,mauritius,original,video,False,train,372.35050621771506
data/processed/mauritius/video/not_augmented/cull2_green_bg/head/224/occ/cn/matched/20230831_135909/m--20230831_135909--f001082.jpg,20230831_135909,mauritius,original,video,False,train,368.07682949282247
data/processed/mauritius/video/not_augmented/cull2_green_bg/head/224/occ/cn/matched/20230831_135909/m--20230831_135909--f001084.jpg,20230831_135909,mauritius,original,video,False,train,278.90565206487196
data/processed/mauritius/video/not_augmented/cull2_green_bg/head/224/occ/cn/matched/20230831_135909/m--20230831_135909--f001088.jpg,20230831_135909,mauritius,original,video,False,train,409.33031722596667
data/processed/mauritius/video/not_augmented/cull2_green_bg/head/224/occ/cn/matched/20230831_135909/m--20230831_135909--f001182.jpg,20230831_135909,mauritius,original,video,False,train,466.3711930651905
data/processed/mauritius/video/not_augmented/cull2_green_bg/head/224/occ/cn/matched/20230831_135909/m--20230831_135909--f001184.jpg,20230831_135909,mauritius,original,video,False,train,372.43696187467
data/processed/mauritius/video/not_augmented/cull2_green_bg/head/224/occ/cn/matched/20230831_135909/m--20230831_135909--f001202.jpg,20230831_135909,mauritius,original,video,False,train,401.6894530995792
data/processed/mauritius/video/not_augmented/cull2_green_bg/head/224/occ/cn/matched/20230831_135909/m--20230831_135909--f001238.jpg,20230831_135909,mauritius,original,video,False,train,187.05195706290831
data/processed/mauritius/video/not_augmented/cull2_green_bg/head/224/occ/cn/matched/20230831_135909/m--20230831_135909--f001246.jpg,20230831_135909,mauritius,original,video,False,train,373.908010454587
data/processed/mauritius/video/not_augmented/cull2_green_bg/head/224/occ/cn/matched/20230831_135909/m--20230831_135909--f001302.jpg,20230831_135909,mauritius,original,video,False,train,86.87117346303256
data/processed/mauritius/video/not_augmented/cull2_green_bg/head/224/occ/cn/matched/20230831_135909/m--20230831_135909--f001304.jpg,20230831_135909,mauritius,original,video,False,train,90.5970980855933
data/processed/mauritius/video/not_augmented/cull2_green_bg/head/224/occ/cn/matched/20230831_135909/m--20230831_135909--f001306.jpg,20230831_135909,mauritius,original,video,False,train,100.05530532485791
data/processed/mauritius/video/not_augmented/cull2_green_bg/head/224/occ/cn/matched/20230831_135909/m--20230831_135909--f001308.jpg,20230831_135909,mauritius,original,video,False,train,153.230627959989
data/processed/mauritius/video/not_augmented/cull2_green_bg/head/224/occ/cn/matched/20230831_135909/m--20230831_135909--f001310.jpg,20230831_135909,mauritius,original,video,False,train,277.72907360351763
data/processed/mauritius/video/not_augmented/cull2_green_bg/head/224/occ/cn/matched/20230831_135909/m--20230831_135909--f001312.jpg,20230831_135909,mauritius,original,video,False,train,369.7212607015524
data/processed/mauritius/video/not_augmented/cull2_green_bg/head/224/occ/cn/matched/20230831_135909/m--20230831_135909--f001314.jpg,20230831_135909,mauritius,original,video,False,train,356.88062008814427
data/processed/mauritius/video/not_augmented/cull2_green_bg/head/224/occ/cn/matched/20230831_135909/m--20230831_135909--f001316.jpg,20230831_135909,mauritius,original,video,False,train,457.56802055767224
data/processed/mauritius/video/not_augmented/cull2_green_bg/head/224/occ/cn/matched/20230831_135909/m--20230831_135909--f001320.jpg,20230831_135909,mauritius,original,video,False,train,240.866270267879
data/processed/mauritius/video/not_augmented/cull2_green_bg/head/224/occ/cn/matched/20230831_135909/m--20230831_135909--f001322.jpg,20230831_135909,mauritius,original,video,False,train,321.55108010833436
data/processed/mauritius/video/not_augmented/cull2_green_bg/head/224/occ/cn/matched/20230831_140541/m--20230831_140541--f000182.jpg,20230831_140541,mauritius,original,video,False,train,109.68827721596959
data/processed/mauritius/video/not_augmented/cull2_green_bg/head/224/occ/cn/matched/20230831_140541/m--20230831_140541--f000184.jpg,20230831_140541,mauritius,original,video,False,train,116.25420517824136
data/processed/mauritius/video/not_augmented/cull2_green_bg/head/224/occ/cn/matched/20230831_140541/m--20230831_140541--f000186.jpg,20230831_140541,mauritius,original,video,False,train,107.89118301029356
data/processed/mauritius/video/not_augmented/cull2_green_bg/head/224/occ/cn/matched/20230831_140541/m--20230831_140541--f000188.jpg,20230831_140541,mauritius,original,video,False,train,119.73698580637421
data/processed/mauritius/video/not_augmented/cull2_green_bg/head/224/occ/cn/matched/20230831_140541/m--20230831_140541--f000192.jpg,20230831_140541,mauritius,original,video,False,train,104.31672511325188
data/processed/mauritius/video/not_augmented/cull2_green_bg/head/224/occ/cn/matched/20230831_140541/m--20230831_140541--f000194.jpg,20230831_140541,mauritius,original,video,False,train,121.75817115939395
data/processed/mauritius/video/not_augmented/cull2_green_bg/head/224/occ/cn/matched/20230831_140541/m--20230831_140541--f000196.jpg,20230831_140541,mauritius,original,video,False,train,165.0975366311985
data/processed/mauritius/video/not_augmented/cull2_green_bg/head/224/occ/cn/matched/20230831_140541/m--20230831_140541--f000198.jpg,20230831_140541,mauritius,original,video,False,train,262.95924334821973
data/processed/mauritius/video/not_augmented/cull2_green_bg/head/224/occ/cn/matched/20230831_140541/m--20230831_140541--f000202.jpg,20230831_140541,mauritius,original,video,False,train,474.7720224804701
data/processed/mauritius/video/not_augmented/cull2_green_bg/head/224/occ/cn/matched/20230831_140541/m--20230831_140541--f000204.jpg,20230831_140541,mauritius,original,video,False,train,956.021444501007
data/processed/mauritius/video/not_augmented/cull2_green_bg/head/224/occ/cn/matched/20230831_140541/m--20230831_140541--f000206.jpg,20230831_140541,mauritius,original,video,False,train,1101.4423825642507
data/processed/mauritius/video/not_augmented/cull2_green_bg/head/224/occ/cn/matched/20230831_140541/m--20230831_140541--f000208.jpg,20230831_140541,mauritius,original,video,False,train,1163.2974330357142
data/processed/mauritius/video/not_augmented/cull2_green_bg/head/224/occ/cn/matched/20230831_140541/m--20230831_140541--f000212.jpg,20230831_140541,mauritius,original,video,False,train,1163.2992665816328
data/processed/mauritius/video/not_augmented/cull2_green_bg/head/224/occ/cn/matched/20230831_140541/m--20230831_140541--f000214.jpg,20230831_140541,mauritius,original,video,False,train,1210.6875795271435
data/processed/mauritius/video/not_augmented/cull2_green_bg/head/224/occ/cn/matched/20230831_140541/m--20230831_140541--f000218.jpg,20230831_140541,mauritius,original,video,False,train,1051.7681361591256
data/processed/mauritius/video/not_augmented/cull2_green_bg/head/224/occ/cn/matched/20230831_140541/m--20230831_140541--f000220.jpg,20230831_140541,mauritius,original,video,False,train,1087.992047990674
data/processed/mauritius/video/not_augmented/cull2_green_bg/head/224/occ/cn/matched/20230831_140541/m--20230831_140541--f000226.jpg,20230831_140541,mauritius,original,video,False,train,1155.7234335136334
data/processed/mauritius/video/not_augmented/cull2_green_bg/head/224/occ/cn/matched/20230831_140541/m--20230831_140541--f000228.jpg,20230831_140541,mauritius,original,video,False,train,1183.4651227535578
data/processed/mauritius/video/not_augmented/cull2_green_bg/head/224/occ/cn/matched/20230831_140541/m--20230831_140541--f000230.jpg,20230831_140541,mauritius,original,video,False,train,1285.3206910777224
data/processed/mauritius/video/not_augmented/cull2_green_bg/head/224/occ/cn/matched/20230831_140541/m--20230831_140541--f000232.jpg,20230831_140541,mauritius,original,video,False,train,1312.243841533907
data/processed/mauritius/video/not_augmented/cull2_green_bg/head/224/occ/cn/matched/20230831_140541/m--20230831_140541--f000234.jpg,20230831_140541,mauritius,original,video,False,train,1399.414022600586
data/processed/mauritius/video/not_augmented/cull2_green_bg/head/224/occ/cn/matched/20230831_140541/m--20230831_140541--f000236.jpg,20230831_140541,mauritius,original,video,False,train,1368.694415653313
data/processed/mauritius/video/not_augmented/cull2_green_bg/head/224/occ/cn/matched/20230831_140541/m--20230831_140541--f000238.jpg,20230831_140541,mauritius,original,video,False,train,1326.399095184552
data/processed/mauritius/video/not_augmented/cull2_green_bg/head/224/occ/cn/matched/20230831_140541/m--20230831_140541--f000240.jpg,20230831_140541,mauritius,original,video,False,train,1283.0783441802553
data/processed/mauritius/video/not_augmented/cull2_green_bg/head/224/occ/cn/matched/20230831_140541/m--20230831_140541--f000242.jpg,20230831_140541,mauritius,original,video,False,train,938.5165018878447
data/processed/mauritius/video/not_augmented/cull2_green_bg/head/224/occ/cn/matched/20230831_140541/m--20230831_140541--f000976.jpg,20230831_140541,mauritius,original,video,False,train,615.6939373369866
data/processed/mauritius/video/not_augmented/cull2_green_bg/head/224/occ/cn/matched/20230831_140541/m--20230831_140541--f000978.jpg,20230831_140541,mauritius,original,video,False,train,335.09679926300686
data/processed/mauritius/video/not_augmented/cull2_green_bg/head/224/occ/cn/matched/20230831_140541/m--20230831_140541--f000980.jpg,20230831_140541,mauritius,original,video,False,train,559.4609970412915
data/processed/mauritius/video/not_augmented/cull2_green_bg/head/224/occ/cn/matched/20230831_140541/m--20230831_140541--f000982.jpg,20230831_140541,mauritius,original,video,False,train,710.9629304703949
data/processed/mauritius/video/not_augmented/cull2_green_bg/head/224/occ/cn/matched/20230831_140541/m--20230831_140541--f000984.jpg,20230831_140541,mauritius,original,video,False,train,952.9001115674228
data/processed/mauritius/video/not_augmented/cull2_green_bg/head/224/occ/cn/matched/20230831_140541/m--20230831_140541--f000986.jpg,20230831_140541,mauritius,original,video,False,train,999.888472519334
data/processed/mauritius/video/not_augmented/cull2_green_bg/head/224/occ/cn/matched/20230831_140541/m--20230831_140541--f000988.jpg,20230831_140541,mauritius,original,video,False,train,1077.831592386636
data/processed/mauritius/video/not_augmented/cull2_green_bg/head/224/occ/cn/matched/20230831_140541/m--20230831_140541--f000990.jpg,20230831_140541,mauritius,original,video,False,train,1159.579898667008
data/processed/mauritius/video/not_augmented/cull2_green_bg/head/224/occ/cn/matched/20230831_140541/m--20230831_140541--f000992.jpg,20230831_140541,mauritius,original,video,False,train,1172.0433673072191
data/processed/mauritius/video/not_augmented/cull2_green_bg/head/224/occ/cn/matched/20230831_140541/m--20230831_140541--f000994.jpg,20230831_140541,mauritius,original,video,False,train,1237.2954998306316
data/processed/mauritius/video/not_augmented/cull2_green_bg/head/224/occ/cn/matched/20230831_140541/m--20230831_140541--f000996.jpg,20230831_140541,mauritius,original,video,False,train,1216.0391021674498
data/processed/mauritius/video/not_augmented/cull2_green_bg/head/224/occ/cn/matched/20230831_140541/m--20230831_140541--f000998.jpg,20230831_140541,mauritius,original,video,False,train,1306.3840480933134
data/processed/mauritius/video/not_augmented/cull2_green_bg/head/224/occ/cn/matched/20230831_140541/m--20230831_140541--f001000.jpg,20230831_140541,mauritius,original,video,False,train,1216.565848055406
data/processed/mauritius/video/not_augmented/cull2_green_bg/head/224/occ/cn/matched/20230831_140541/m--20230831_140541--f001108.jpg,20230831_140541,mauritius,original,video,False,train,811.5537707127417
data/processed/mauritius/video/not_augmented/cull2_green_bg/head/224/occ/cn/matched/20230831_140541/m--20230831_140541--f001110.jpg,20230831_140541,mauritius,original,video,False,train,1033.0637754847837
data/processed/mauritius/video/not_augmented/cull2_green_bg/head/224/occ/cn/matched/20230831_140541/m--20230831_140541--f001112.jpg,20230831_140541,mauritius,original,video,False,train,1083.5416135188193
data/processed/mauritius/video/not_augmented/cull2_green_bg/head/224/occ/cn/matched/20230831_140541/m--20230831_140541--f001116.jpg,20230831_140541,mauritius,original,video,False,train,1139.117785393819
data/processed/mauritius/video/not_augmented/cull2_green_bg/head/224/occ/cn/matched/20230831_140541/m--20230831_140541--f001118.jpg,20230831_140541,mauritius,original,video,False,train,1280.7600845009624
data/processed/mauritius/video/not_augmented/cull2_green_bg/head/224/occ/cn/matched/20230831_140541/m--20230831_140541--f001120.jpg,20230831_140541,mauritius,original,video,False,train,1145.3105070137174
data/processed/mauritius/video/not_augmented/cull2_green_bg/head/224/occ/cn/matched/20230831_140541/m--20230831_140541--f001126.jpg,20230831_140541,mauritius,original,video,False,train,707.387137209659
data/processed/mauritius/video/not_augmented/cull2_green_bg/head/224/occ/cn/matched/20230831_140541/m--20230831_140541--f001136.jpg,20230831_140541,mauritius,original,video,False,train,1211.2969546796678
data/processed/mauritius/video/not_augmented/cull2_green_bg/head/224/occ/cn/matched/20230831_140541/m--20230831_140541--f001140.jpg,20230831_140541,mauritius,original,video,False,train,1114.9829400255996
data/processed/mauritius/video/not_augmented/cull2_green_bg/head/224/occ/cn/matched/20230831_140541/m--20230831_140541--f001142.jpg,20230831_140541,mauritius,original,video,False,train,1098.7135482904864
data/processed/mauritius/video/not_augmented/cull2_green_bg/head/224/occ/cn/matched/20230831_140541/m--20230831_140541--f001144.jpg,20230831_140541,mauritius,original,video,False,train,1267.6312977919126
data/processed/mauritius/video/not_augmented/cull2_green_bg/head/224/occ/cn/matched/20230831_140541/m--20230831_140541--f001146.jpg,20230831_140541,mauritius,original,video,False,train,1601.460997270078
data/processed/mauritius/video/not_augmented/cull2_green_bg/head/224/occ/cn/matched/20230831_140541/m--20230831_140541--f001148.jpg,20230831_140541,mauritius,original,video,False,train,1780.3702167080423
data/processed/mauritius/video/not_augmented/cull2_green_bg/head/224/occ/cn/matched/20230831_140541/m--20230831_140541--f001150.jpg,20230831_140541,mauritius,original,video,False,train,1727.7371452451498
data/processed/mauritius/video/not_augmented/cull2_green_bg/head/224/occ/cn/matched/20230831_140541/m--20230831_140541--f001152.jpg,20230831_140541,mauritius,original,video,False,train,1628.6233059308374
data/processed/mauritius/video/not_augmented/cull2_green_bg/head/224/occ/cn/matched/20230831_140541/m--20230831_140541--f001154.jpg,20230831_140541,mauritius,original,video,False,train,1466.3125198976738
data/processed/mauritius/video/not_augmented/cull2_green_bg/head/224/occ/cn/matched/20230831_140541/m--20230831_140541--f001156.jpg,20230831_140541,mauritius,original,video,False,train,1604.9710813055233
data/processed/mauritius/video/not_augmented/cull2_green_bg/head/224/occ/cn/matched/20230831_140541/m--20230831_140541--f001158.jpg,20230831_140541,mauritius,original,video,False,train,1569.893255725497
data/processed/mauritius/video/not_augmented/cull2_green_bg/head/224/occ/cn/matched/20230831_140541/m--20230831_140541--f001160.jpg,20230831_140541,mauritius,original,video,False,train,1556.5500238379657
data/processed/mauritius/video/not_augmented/cull2_green_bg/head/224/occ/cn/matched/20230831_140541/m--20230831_140541--f001162.jpg,20230831_140541,mauritius,original,video,False,train,1568.0330834442354
data/processed/mauritius/video/not_augmented/cull2_green_bg/head/224/occ/cn/matched/20230831_140541/m--20230831_140541--f001164.jpg,20230831_140541,mauritius,original,video,False,train,1582.407605228003
data/processed/mauritius/video/not_augmented/cull2_green_bg/head/224/occ/cn/matched/20230831_140541/m--20230831_140541--f001166.jpg,20230831_140541,mauritius,original,video,False,train,1587.1598970186014
data/processed/mauritius/video/not_augmented/cull2_green_bg/head/224/occ/cn/matched/20230831_140541/m--20230831_140541--f001168.jpg,20230831_140541,mauritius,original,video,False,train,1520.7993861352936
data/processed/mauritius/video/not_augmented/cull2_green_bg/head/224/occ/cn/matched/20230831_140541/m--20230831_140541--f001170.jpg,20230831_140541,mauritius,original,video,False,train,1589.6090958232633
data/processed/mauritius/video/not_augmented/cull2_green_bg/head/224/occ/cn/matched/20230831_140541/m--20230831_140541--f001172.jpg,20230831_140541,mauritius,original,video,False,train,1453.0205875283127
data/processed/mauritius/video/not_augmented/cull2_green_bg/head/224/occ/cn/matched/20230831_140541/m--20230831_140541--f001174.jpg,20230831_140541,mauritius,original,video,False,train,1382.6974250637754
data/processed/mauritius/video/not_augmented/cull2_green_bg/head/224/occ/cn/matched/20230831_140541/m--20230831_140541--f001176.jpg,20230831_140541,mauritius,original,video,False,train,1406.0646324042525
data/processed/mauritius/video/not_augmented/cull2_green_bg/head/224/occ/cn/matched/20230831_140541/m--20230831_140541--f001178.jpg,20230831_140541,mauritius,original,video,False,train,1338.537368462613
data/processed/mauritius/video/not_augmented/cull2_green_bg/head/224/occ/cn/matched/20230831_140541/m--20230831_140541--f001180.jpg,20230831_140541,mauritius,original,video,False,train,1203.4140226005861
data/processed/mauritius/video/not_augmented/cull2_green_bg/head/224/occ/cn/matched/20230831_140541/m--20230831_140541--f001182.jpg,20230831_140541,mauritius,original,video,False,train,835.1441324608171
data/processed/mauritius/video/not_augmented/cull2_green_bg/head/224/occ/cn/matched/20230831_140541/m--20230831_140541--f001184.jpg,20230831_140541,mauritius,original,video,False,train,1047.05117984535
data/processed/mauritius/video/not_augmented/cull2_green_bg/head/224/occ/cn/matched/20230831_140541/m--20230831_140541--f001186.jpg,20230831_140541,mauritius,original,video,False,train,1279.148238042651
data/processed/mauritius/video/not_augmented/cull2_green_bg/head/224/occ/cn/matched/20230831_140541/m--20230831_140541--f001188.jpg,20230831_140541,mauritius,original,video,False,train,986.1195591196126
data/processed/mauritius/video/not_augmented/cull2_green_bg/head/224/occ/cn/matched/20230831_140541/m--20230831_140541--f001190.jpg,20230831_140541,mauritius,original,video,False,train,1307.8306560425003
data/processed/mauritius/video/not_augmented/cull2_green_bg/head/224/occ/cn/matched/20230831_140541/m--20230831_140541--f001192.jpg,20230831_140541,mauritius,original,video,False,train,980.7521521946828
data/processed/mauritius/video/not_augmented/cull2_green_bg/head/224/occ/cn/matched/20230831_140541/m--20230831_140541--f001194.jpg,20230831_140541,mauritius,original,video,False,train,733.2545838632071
data/processed/mauritius/video/not_augmented/cull2_green_bg/head/224/occ/cn/matched/20230831_140541/m--20230831_140541--f001196.jpg,20230831_140541,mauritius,original,video,False,train,607.9496970599713
data/processed/mauritius/video/not_augmented/cull2_green_bg/head/224/occ/cn/matched/20230831_140541/m--20230831_140541--f001198.jpg,20230831_140541,mauritius,original,video,False,train,606.3481542066155
data/processed/mauritius/video/not_augmented/cull2_green_bg/head/224/occ/cn/matched/20230831_140541/m--20230831_140541--f001204.jpg,20230831_140541,mauritius,original,video,False,train,408.5513591833881
data/processed/mauritius/video/not_augmented/cull2_green_bg/head/224/occ/cn/matched/20230831_140541/m--20230831_140541--f001208.jpg,20230831_140541,mauritius,original,video,False,train,358.00330825290894
data/processed/mauritius/video/not_augmented/cull2_green_bg/head/224/occ/cn/matched/20230831_141252/m--20230831_141252--f000152.jpg,20230831_141252,mauritius,original,video,False,train,62.179408404291905
data/processed/mauritius/video/not_augmented/cull2_green_bg/head/224/occ/cn/matched/20230831_141252/m--20230831_141252--f000154.jpg,20230831_141252,mauritius,original,video,False,train,102.15521364160402
data/processed/mauritius/video/not_augmented/cull2_green_bg/head/224/occ/cn/matched/20230831_141252/m--20230831_141252--f000156.jpg,20230831_141252,mauritius,original,video,False,train,104.8825533448632
data/processed/mauritius/video/not_augmented/cull2_green_bg/head/224/occ/cn/matched/20230831_141252/m--20230831_141252--f000158.jpg,20230831_141252,mauritius,original,video,False,train,103.64768016422754
data/processed/mauritius/video/not_augmented/cull2_green_bg/head/224/occ/cn/matched/20230831_141252/m--20230831_141252--f000160.jpg,20230831_141252,mauritius,original,video,False,train,107.128846460062
data/processed/mauritius/video/not_augmented/cull2_green_bg/head/224/occ/cn/matched/20230831_141252/m--20230831_141252--f000162.jpg,20230831_141252,mauritius,original,video,False,train,115.75015939905562
data/processed/mauritius/video/not_augmented/cull2_green_bg/head/224/occ/cn/matched/20230831_141252/m--20230831_141252--f000164.jpg,20230831_141252,mauritius,original,video,False,train,124.03655133769692
data/processed/mauritius/video/not_augmented/cull2_green_bg/head/224/occ/cn/matched/20230831_141252/m--20230831_141252--f000166.jpg,20230831_141252,mauritius,original,video,False,train,124.69284114178298
data/processed/mauritius/video/not_augmented/cull2_green_bg/head/224/occ/cn/matched/20230831_141252/m--20230831_141252--f000168.jpg,20230831_141252,mauritius,original,video,False,train,110.67446587851323
data/processed/mauritius/video/not_augmented/cull2_green_bg/head/224/occ/cn/matched/20230831_141252/m--20230831_141252--f000170.jpg,20230831_141252,mauritius,original,video,False,train,104.22899394132654
data/processed/mauritius/video/not_augmented/cull2_green_bg/head/224/occ/cn/matched/20230831_141252/m--20230831_141252--f000172.jpg,20230831_141252,mauritius,original,video,False,train,106.72476877405563
data/processed/mauritius/video/not_augmented/cull2_green_bg/head/224/occ/cn/matched/20230831_141252/m--20230831_141252--f000174.jpg,20230831_141252,mauritius,original,video,False,train,60.16093346596955
data/processed/mauritius/video/not_augmented/cull2_green_bg/head/224/occ/cn/matched/20230831_141252/m--20230831_141252--f000176.jpg,20230831_141252,mauritius,original,video,False,train,61.11011235627568
data/processed/mauritius/video/not_augmented/cull2_green_bg/head/224/occ/cn/matched/20230831_141252/m--20230831_141252--f000178.jpg,20230831_141252,mauritius,original,video,False,train,65.29193238366003
data/processed/mauritius/video/not_augmented/cull2_green_bg/head/224/occ/cn/matched/20230831_141252/m--20230831_141252--f000180.jpg,20230831_141252,mauritius,original,video,False,train,48.73714503860632
data/processed/mauritius/video/not_augmented/cull2_green_bg/head/224/occ/cn/matched/20230831_141252/m--20230831_141252--f000254.jpg,20230831_141252,mauritius,original,video,False,train,96.23405609702824
data/processed/mauritius/video/not_augmented/cull2_green_bg/head/224/occ/cn/matched/20230831_141252/m--20230831_141252--f000256.jpg,20230831_141252,mauritius,original,video,False,train,198.15457570061295
data/processed/mauritius/video/not_augmented/cull2_green_bg/head/224/occ/cn/matched/20230831_141252/m--20230831_141252--f000258.jpg,20230831_141252,mauritius,original,video,False,train,301.26606341691274
data/processed/mauritius/video/not_augmented/cull2_green_bg/head/224/occ/cn/matched/20230831_141252/m--20230831_141252--f000260.jpg,20230831_141252,mauritius,original,video,False,train,456.9014468747147
data/processed/mauritius/video/not_augmented/cull2_green_bg/head/224/occ/cn/matched/20230831_141252/m--20230831_141252--f000262.jpg,20230831_141252,mauritius,original,video,False,train,647.620974042226
data/processed/mauritius/video/not_augmented/cull2_green_bg/head/224/occ/cn/matched/20230831_141252/m--20230831_141252--f000264.jpg,20230831_141252,mauritius,original,video,False,train,755.414759755085
data/processed/mauritius/video/not_augmented/cull2_green_bg/head/224/occ/cn/matched/20230831_141252/m--20230831_141252--f000266.jpg,20230831_141252,mauritius,original,video,False,train,819.3112443302733
data/processed/mauritius/video/not_augmented/cull2_green_bg/head/224/occ/cn/matched/20230831_141252/m--20230831_141252--f000268.jpg,20230831_141252,mauritius,original,video,False,train,801.6955712984524
data/processed/mauritius/video/not_augmented/cull2_green_bg/head/224/occ/cn/matched/20230831_141252/m--20230831_141252--f000270.jpg,20230831_141252,mauritius,original,video,False,train,768.9374599480622
data/processed/mauritius/video/not_augmented/cull2_green_bg/head/224/occ/cn/matched/20230831_141252/m--20230831_141252--f000272.jpg,20230831_141252,mauritius,original,video,False,train,826.8153100984883
data/processed/mauritius/video/not_augmented/cull2_green_bg/head/224/occ/cn/matched/20230831_141252/m--20230831_141252--f000274.jpg,20230831_141252,mauritius,original,video,False,train,736.6587011610552
data/processed/mauritius/video/not_augmented/cull2_green_bg/head/224/occ/cn/matched/20230831_141252/m--20230831_141252--f000276.jpg,20230831_141252,mauritius,original,video,False,train,732.2283960395633
data/processed/mauritius/video/not_augmented/cull2_green_bg/head/224/occ/cn/matched/20230831_141252/m--20230831_141252--f000278.jpg,20230831_141252,mauritius,original,video,False,train,738.8529575876969
data/processed/mauritius/video/not_augmented/cull2_green_bg/head/224/occ/cn/matched/20230831_141252/m--20230831_141252--f000280.jpg,20230831_141252,mauritius,original,video,False,train,752.9852318940486
data/processed/mauritius/video/not_augmented/cull2_green_bg/head/224/occ/cn/matched/20230831_141252/m--20230831_141252--f000282.jpg,20230831_141252,mauritius,original,video,False,train,694.8314732142857
data/processed/mauritius/video/not_augmented/cull2_green_bg/head/224/occ/cn/matched/20230831_141252/m--20230831_141252--f000284.jpg,20230831_141252,mauritius,original,video,False,train,690.4292088722696
data/processed/mauritius/video/not_augmented/cull2_green_bg/head/224/occ/cn/matched/20230831_141252/m--20230831_141252--f000286.jpg,20230831_141252,mauritius,original,video,False,train,684.7445591196127
data/processed/mauritius/video/not_augmented/cull2_green_bg/head/224/occ/cn/matched/20230831_141252/m--20230831_141252--f000288.jpg,20230831_141252,mauritius,original,video,False,train,655.5792409125489
data/processed/mauritius/video/not_augmented/cull2_green_bg/head/224/occ/cn/matched/20230831_141252/m--20230831_141252--f000290.jpg,20230831_141252,mauritius,original,video,False,train,698.047951154538
data/processed/mauritius/video/not_augmented/cull2_green_bg/head/224/occ/cn/matched/20230831_141252/m--20230831_141252--f000292.jpg,20230831_141252,mauritius,original,video,False,train,720.7320432043334
data/processed/mauritius/video/not_augmented/cull2_green_bg/head/224/occ/cn/matched/20230831_141252/m--20230831_141252--f000294.jpg,20230831_141252,mauritius,original,video,False,train,727.6673508766838
data/processed/mauritius/video/not_augmented/cull2_green_bg/head/224/occ/cn/matched/20230831_141252/m--20230831_141252--f000296.jpg,20230831_141252,mauritius,original,video,False,train,423.0657683662056
data/processed/mauritius/video/not_augmented/cull2_green_bg/head/224/occ/cn/matched/20230831_141252/m--20230831_141252--f000298.jpg,20230831_141252,mauritius,original,video,False,train,398.51666131232093
data/processed/mauritius/video/not_augmented/cull2_green_bg/head/224/occ/cn/matched/20230831_141252/m--20230831_141252--f000300.jpg,20230831_141252,mauritius,original,video,False,train,667.5065967789394
data/processed/mauritius/video/not_augmented/cull2_green_bg/head/224/occ/cn/matched/20230831_141252/m--20230831_141252--f000310.jpg,20230831_141252,mauritius,original,video,False,train,221.94945790657448
data/processed/mauritius/video/not_augmented/cull2_green_bg/head/224/occ/cn/matched/20230831_141252/m--20230831_141252--f001062.jpg,20230831_141252,mauritius,original,video,False,train,482.3547909429598
data/processed/mauritius/video/not_augmented/cull2_green_bg/head/224/occ/cn/matched/20230831_141252/m--20230831_141252--f001064.jpg,20230831_141252,mauritius,original,video,False,train,496.42105780914903
data/processed/mauritius/video/not_augmented/cull2_green_bg/head/224/occ/cn/matched/20230831_141252/m--20230831_141252--f001066.jpg,20230831_141252,mauritius,original,video,False,train,701.3208107457764
data/processed/mauritius/video/not_augmented/cull2_green_bg/head/224/occ/cn/matched/20230831_141252/m--20230831_141252--f001068.jpg,20230831_141252,mauritius,original,video,False,train,613.4715003172887
data/processed/mauritius/video/not_augmented/cull2_green_bg/head/224/occ/cn/matched/20230831_141252/m--20230831_141252--f001070.jpg,20230831_141252,mauritius,original,video,False,train,373.353934132323
data/processed/mauritius/video/not_augmented/cull2_green_bg/head/224/occ/cn/matched/20230831_141252/m--20230831_141252--f001072.jpg,20230831_141252,mauritius,original,video,False,train,377.71027972568135
data/processed/mauritius/video/not_augmented/cull2_green_bg/head/224/occ/cn/matched/20230831_141252/m--20230831_141252--f001156.jpg,20230831_141252,mauritius,original,video,False,train,152.42960751210586
data/processed/mauritius/video/not_augmented/cull2_green_bg/head/224/occ/cn/matched/20230831_141252/m--20230831_141252--f001164.jpg,20230831_141252,mauritius,original,video,False,train,306.4161152643048
data/processed/mauritius/video/not_augmented/cull2_green_bg/head/224/occ/cn/matched/20230831_141252/m--20230831_141252--f001166.jpg,20230831_141252,mauritius,original,video,False,train,331.1661750065789
data/processed/mauritius/video/not_augmented/cull2_green_bg/head/224/occ/cn/matched/20230831_141252/m--20230831_141252--f001198.jpg,20230831_141252,mauritius,original,video,False,train,363.1274513675987
data/processed/mauritius/video/not_augmented/cull2_green_bg/head/224/occ/cn/matched/20230831_141252/m--20230831_141252--f001200.jpg,20230831_141252,mauritius,original,video,False,train,374.3280652005292
data/processed/mauritius/video/not_augmented/cull2_green_bg/head/224/occ/cn/matched/20230831_141252/m--20230831_141252--f001202.jpg,20230831_141252,mauritius,original,video,False,train,442.4782564698632
data/processed/mauritius/video/not_augmented/cull2_green_bg/head/224/occ/cn/matched/20230831_141252/m--20230831_141252--f001204.jpg,20230831_141252,mauritius,original,video,False,train,439.85032683519063
data/processed/mauritius/video/not_augmented/cull2_green_bg/head/224/occ/cn/matched/20230831_141252/m--20230831_141252--f001206.jpg,20230831_141252,mauritius,original,video,False,train,421.0007571753041
data/processed/mauritius/video/not_augmented/cull2_green_bg/head/224/occ/cn/matched/20230831_141252/m--20230831_141252--f001214.jpg,20230831_141252,mauritius,original,video,False,train,233.04167330955178
data/processed/mauritius/video/not_augmented/cull2_green_bg/head/224/occ/cn/matched/20230831_141252/m--20230831_141252--f001216.jpg,20230831_141252,mauritius,original,video,False,train,256.79677534719053
data/processed/mauritius/video/not_augmented/cull2_green_bg/head/224/occ/cn/matched/20230831_141252/m--20230831_141252--f001218.jpg,20230831_141252,mauritius,original,video,False,train,232.01424982109847
data/processed/mauritius/video/not_augmented/cull2_green_bg/head/224/occ/cn/matched/20230831_141252/m--20230831_141252--f001220.jpg,20230831_141252,mauritius,original,video,False,train,288.5110410573531
data/processed/mauritius/video/not_augmented/cull2_green_bg/head/224/occ/cn/matched/20230831_141252/m--20230831_141252--f001222.jpg,20230831_141252,mauritius,original,video,False,train,264.2783601717967
data/processed/mauritius/video/not_augmented/cull2_green_bg/head/224/occ/cn/matched/20230831_141252/m--20230831_141252--f001224.jpg,20230831_141252,mauritius,original,video,False,train,252.36842309331354
data/processed/mauritius/video/not_augmented/cull2_green_bg/head/224/occ/cn/matched/20230831_141252/m--20230831_141252--f001326.jpg,20230831_141252,mauritius,original,video,False,train,219.31954099654357
data/processed/mauritius/video/not_augmented/cull2_green_bg/head/224/occ/cn/matched/20230831_141252/m--20230831_141252--f001328.jpg,20230831_141252,mauritius,original,video,False,train,198.69975647415933
data/processed/mauritius/video/not_augmented/cull2_green_bg/head/224/occ/cn/matched/20230831_141252/m--20230831_141252--f001330.jpg,20230831_141252,mauritius,original,video,False,train,188.9561341967696
data/processed/mauritius/video/not_augmented/cull2_green_bg/head/224/occ/cn/matched/20230831_141252/m--20230831_141252--f001332.jpg,20230831_141252,mauritius,original,video,False,train,133.5064567556385
data/processed/mauritius/video/not_augmented/cull2_green_bg/head/224/occ/cn/matched/20230831_142118/m--20230831_142118--f000142.jpg,20230831_142118,mauritius,original,video,False,train,87.07555400168386
data/processed/mauritius/video/not_augmented/cull2_green_bg/head/224/occ/cn/matched/20230831_142118/m--20230831_142118--f000148.jpg,20230831_142118,mauritius,original,video,False,train,82.44471441234762
data/processed/mauritius/video/not_augmented/cull2_green_bg/head/224/occ/cn/matched/20230831_142118/m--20230831_142118--f000150.jpg,20230831_142118,mauritius,original,video,False,train,84.91386319517544
data/processed/mauritius/video/not_augmented/cull2_green_bg/head/224/occ/cn/matched/20230831_142118/m--20230831_142118--f000152.jpg,20230831_142118,mauritius,original,video,False,train,80.79846937345594
data/processed/mauritius/video/not_augmented/cull2_green_bg/head/224/occ/cn/matched/20230831_142118/m--20230831_142118--f000154.jpg,20230831_142118,mauritius,original,video,False,train,71.11750633783113
data/processed/mauritius/video/not_augmented/cull2_green_bg/head/224/occ/cn/matched/20230831_142118/m--20230831_142118--f000156.jpg,20230831_142118,mauritius,original,video,False,train,70.81473212855799
data/processed/mauritius/video/not_augmented/cull2_green_bg/head/224/occ/cn/matched/20230831_142118/m--20230831_142118--f000158.jpg,20230831_142118,mauritius,original,video,False,train,71.15447610023368
data/processed/mauritius/video/not_augmented/cull2_green_bg/head/224/occ/cn/matched/20230831_142118/m--20230831_142118--f000160.jpg,20230831_142118,mauritius,original,video,False,train,81.69132640191982
data/processed/mauritius/video/not_augmented/cull2_green_bg/head/224/occ/cn/matched/20230831_142118/m--20230831_142118--f000162.jpg,20230831_142118,mauritius,original,video,False,train,82.51610331473775
data/processed/mauritius/video/not_augmented/cull2_green_bg/head/224/occ/cn/matched/20230831_142118/m--20230831_142118--f000164.jpg,20230831_142118,mauritius,original,video,False,train,92.16717128761606
data/processed/mauritius/video/not_augmented/cull2_green_bg/head/224/occ/cn/matched/20230831_142118/m--20230831_142118--f000170.jpg,20230831_142118,mauritius,original,video,False,train,157.4219547130326
data/processed/mauritius/video/not_augmented/cull2_green_bg/head/224/occ/cn/matched/20230831_142118/m--20230831_142118--f000188.jpg,20230831_142118,mauritius,original,video,False,train,1769.4681321076182
data/processed/mauritius/video/not_augmented/cull2_green_bg/head/224/occ/cn/matched/20230831_142118/m--20230831_142118--f000190.jpg,20230831_142118,mauritius,original,video,False,train,1709.7409916837635
data/processed/mauritius/video/not_augmented/cull2_green_bg/head/224/occ/cn/matched/20230831_142118/m--20230831_142118--f000196.jpg,20230831_142118,mauritius,original,video,False,train,1129.0616629067088
data/processed/mauritius/video/not_augmented/cull2_green_bg/head/224/occ/cn/matched/20230831_142118/m--20230831_142118--f000198.jpg,20230831_142118,mauritius,original,video,False,train,640.2200852993478
data/processed/mauritius/video/not_augmented/cull2_green_bg/head/224/occ/cn/matched/20230831_142118/m--20230831_142118--f000200.jpg,20230831_142118,mauritius,original,video,False,train,381.32876274874684
data/processed/mauritius/video/not_augmented/cull2_green_bg/head/224/occ/cn/matched/20230831_142118/m--20230831_142118--f000202.jpg,20230831_142118,mauritius,original,video,False,train,221.83691399537344
data/processed/mauritius/video/not_augmented/cull2_green_bg/head/224/occ/cn/matched/20230831_142118/m--20230831_142118--f000824.jpg,20230831_142118,mauritius,original,video,False,train,887.0190529082528
data/processed/mauritius/video/not_augmented/cull2_green_bg/head/224/occ/cn/matched/20230831_142118/m--20230831_142118--f000828.jpg,20230831_142118,mauritius,original,video,False,train,958.8481544862435
data/processed/mauritius/video/not_augmented/cull2_green_bg/head/224/occ/cn/matched/20230831_142118/m--20230831_142118--f000832.jpg,20230831_142118,mauritius,original,video,False,train,1470.5072743047633
data/processed/mauritius/video/not_augmented/cull2_green_bg/head/224/occ/cn/matched/20230831_142118/m--20230831_142118--f000834.jpg,20230831_142118,mauritius,original,video,False,train,1288.3431321743478
data/processed/mauritius/video/not_augmented/cull2_green_bg/head/224/occ/cn/matched/20230831_142118/m--20230831_142118--f000836.jpg,20230831_142118,mauritius,original,video,False,train,1190.3541334180818
data/processed/mauritius/video/not_augmented/cull2_green_bg/head/224/occ/cn/matched/20230831_142118/m--20230831_142118--f000838.jpg,20230831_142118,mauritius,original,video,False,train,1266.371651779359
data/processed/mauritius/video/not_augmented/cull2_green_bg/head/224/occ/cn/matched/20230831_142118/m--20230831_142118--f000840.jpg,20230831_142118,mauritius,original,video,False,train,1234.0328642504753
data/processed/mauritius/video/not_augmented/cull2_green_bg/head/224/occ/cn/matched/20230831_142118/m--20230831_142118--f000842.jpg,20230831_142118,mauritius,original,video,False,train,1316.204240942736
data/processed/mauritius/video/not_augmented/cull2_green_bg/head/224/occ/cn/matched/20230831_142118/m--20230831_142118--f000844.jpg,20230831_142118,mauritius,original,video,False,train,1560.2460140290234
data/processed/mauritius/video/not_augmented/cull2_green_bg/head/224/occ/cn/matched/20230831_142118/m--20230831_142118--f000846.jpg,20230831_142118,mauritius,original,video,False,train,1574.909060108021
data/processed/mauritius/video/not_augmented/cull2_green_bg/head/224/occ/cn/matched/20230831_142118/m--20230831_142118--f000848.jpg,20230831_142118,mauritius,original,video,False,train,1615.9775988456854
data/processed/mauritius/video/not_augmented/cull2_green_bg/head/224/occ/cn/matched/20230831_142118/m--20230831_142118--f000850.jpg,20230831_142118,mauritius,original,video,False,train,1853.5490073184578
data/processed/mauritius/video/not_augmented/cull2_green_bg/head/224/occ/cn/matched/20230831_142118/m--20230831_142118--f000852.jpg,20230831_142118,mauritius,original,video,False,train,1826.1012037611663
data/processed/mauritius/video/not_augmented/cull2_green_bg/head/224/occ/cn/matched/20230831_142118/m--20230831_142118--f000854.jpg,20230831_142118,mauritius,original,video,False,train,1761.832350127551
data/processed/mauritius/video/not_augmented/cull2_green_bg/head/224/occ/cn/matched/20230831_142118/m--20230831_142118--f000856.jpg,20230831_142118,mauritius,original,video,False,train,1697.5099050858676
data/processed/mauritius/video/not_augmented/cull2_green_bg/head/224/occ/cn/matched/20230831_142118/m--20230831_142118--f000858.jpg,20230831_142118,mauritius,original,video,False,train,893.1389307528922
data/processed/mauritius/video/not_augmented/cull2_green_bg/head/224/occ/cn/matched/20230831_142118/m--20230831_142118--f000860.jpg,20230831_142118,mauritius,original,video,False,train,516.552913139483
data/processed/mauritius/video/not_augmented/cull2_green_bg/head/224/occ/cn/matched/20230831_142118/m--20230831_142118--f000862.jpg,20230831_142118,mauritius,original,video,False,train,509.42498401640256
data/processed/mauritius/video/not_augmented/cull2_green_bg/head/224/occ/cn/matched/20230831_142118/m--20230831_142118--f000864.jpg,20230831_142118,mauritius,original,video,False,train,960.3497687120926
data/processed/mauritius/video/not_augmented/cull2_green_bg/head/224/occ/cn/matched/20230831_142118/m--20230831_142118--f000866.jpg,20230831_142118,mauritius,original,video,False,train,1096.5334022312254
data/processed/mauritius/video/not_augmented/cull2_green_bg/head/224/occ/cn/matched/20230831_142118/m--20230831_142118--f000868.jpg,20230831_142118,mauritius,original,video,False,train,1261.8119818096804
data/processed/mauritius/video/not_augmented/cull2_green_bg/head/224/occ/cn/matched/20230831_142118/m--20230831_142118--f000870.jpg,20230831_142118,mauritius,original,video,False,train,1107.3841677152925
data/processed/mauritius/video/not_augmented/cull2_green_bg/head/224/occ/cn/matched/20230831_142118/m--20230831_142118--f000872.jpg,20230831_142118,mauritius,original,video,False,train,964.5853196743475
data/processed/mauritius/video/not_augmented/cull2_green_bg/head/224/occ/cn/matched/20230831_142118/m--20230831_142118--f000874.jpg,20230831_142118,mauritius,original,video,False,train,1158.6126632146268
data/processed/mauritius/video/not_augmented/cull2_green_bg/head/224/occ/cn/matched/20230831_142118/m--20230831_142118--f000876.jpg,20230831_142118,mauritius,original,video,False,train,1133.3144730449171
data/processed/mauritius/video/not_augmented/cull2_green_bg/head/224/occ/cn/matched/20230831_142118/m--20230831_142118--f000878.jpg,20230831_142118,mauritius,original,video,False,train,777.0872725514956
data/processed/mauritius/video/not_augmented/cull2_green_bg/head/224/occ/cn/matched/20230831_142118/m--20230831_142118--f000880.jpg,20230831_142118,mauritius,original,video,False,train,325.20723053417026
data/processed/mauritius/video/not_augmented/cull2_green_bg/head/224/occ/cn/matched/20230831_142118/m--20230831_142118--f000882.jpg,20230831_142118,mauritius,original,video,False,train,242.68126189078154
data/processed/mauritius/video/not_augmented/cull2_green_bg/head/224/occ/cn/matched/20230831_142118/m--20230831_142118--f000884.jpg,20230831_142118,mauritius,original,video,False,train,197.92478470045643
data/processed/mauritius/video/not_augmented/cull2_green_bg/head/224/occ/cn/matched/20230831_142118/m--20230831_142118--f000886.jpg,20230831_142118,mauritius,original,video,False,train,182.82651059302822
data/processed/mauritius/video/not_augmented/cull2_green_bg/head/224/occ/cn/matched/20230831_142118/m--20230831_142118--f000888.jpg,20230831_142118,mauritius,original,video,False,train,141.01223686882378
data/processed/mauritius/video/not_augmented/cull2_green_bg/head/224/occ/cn/matched/20230831_142118/m--20230831_142118--f000942.jpg,20230831_142118,mauritius,original,video,False,train,1382.346002040531
data/processed/mauritius/video/not_augmented/cull2_green_bg/head/224/occ/cn/matched/20230831_142118/m--20230831_142118--f000944.jpg,20230831_142118,mauritius,original,video,False,train,1381.275429969924
data/processed/mauritius/video/not_augmented/cull2_green_bg/head/224/occ/cn/matched/20230831_142118/m--20230831_142118--f000946.jpg,20230831_142118,mauritius,original,video,False,train,1717.5666055087495
data/processed/mauritius/video/not_augmented/cull2_green_bg/head/224/occ/cn/matched/20230831_142118/m--20230831_142118--f000948.jpg,20230831_142118,mauritius,original,video,False,train,1628.4784359056123
data/processed/mauritius/video/not_augmented/cull2_green_bg/head/224/occ/cn/matched/20230831_142118/m--20230831_142118--f000950.jpg,20230831_142118,mauritius,original,video,False,train,1625.1147559808226
data/processed/mauritius/video/not_augmented/cull2_green_bg/head/224/occ/cn/matched/20230831_142118/m--20230831_142118--f000952.jpg,20230831_142118,mauritius,original,video,False,train,1436.159498545588
data/processed/mauritius/video/not_augmented/cull2_green_bg/head/224/occ/cn/matched/20230831_142118/m--20230831_142118--f000954.jpg,20230831_142118,mauritius,original,video,False,train,1521.300282984364
data/processed/mauritius/video/not_augmented/cull2_green_bg/head/224/occ/cn/matched/20230831_142118/m--20230831_142118--f000956.jpg,20230831_142118,mauritius,original,video,False,train,875.0017139652482
data/processed/mauritius/video/not_augmented/cull2_green_bg/head/224/occ/cn/matched/20230831_142118/m--20230831_142118--f000958.jpg,20230831_142118,mauritius,original,video,False,train,1083.5526545984158
data/processed/mauritius/video/not_augmented/cull2_green_bg/head/224/occ/cn/matched/20230831_142118/m--20230831_142118--f000962.jpg,20230831_142118,mauritius,original,video,False,train,1185.6526426973069
data/processed/mauritius/video/not_augmented/cull2_green_bg/head/224/occ/cn/matched/20230831_142118/m--20230831_142118--f001026.jpg,20230831_142118,mauritius,original,video,False,train,121.75755341159261
data/processed/mauritius/video/not_augmented/cull2_green_bg/head/224/occ/cn/matched/20230831_142118/m--20230831_142118--f001030.jpg,20230831_142118,mauritius,original,video,False,train,142.56281887596222
data/processed/mauritius/video/not_augmented/cull2_green_bg/head/224/occ/cn/matched/20230831_142118/m--20230831_142118--f001032.jpg,20230831_142118,mauritius,original,video,False,train,208.50402578936175
data/processed/mauritius/video/not_augmented/cull2_green_bg/head/224/occ/cn/matched/20230831_142118/m--20230831_142118--f001034.jpg,20230831_142118,mauritius,original,video,False,train,246.13735647968133
data/processed/mauritius/video/not_augmented/cull2_green_bg/head/224/occ/cn/matched/20230831_142118/m--20230831_142118--f001036.jpg,20230831_142118,mauritius,original,video,False,train,366.82617186070087
data/processed/mauritius/video/not_augmented/cull2_green_bg/head/224/occ/cn/matched/20230831_142118/m--20230831_142118--f001038.jpg,20230831_142118,mauritius,original,video,False,train,390.18592547496536
data/processed/mauritius/video/not_augmented/cull2_green_bg/head/224/occ/cn/matched/20230831_142118/m--20230831_142118--f001040.jpg,20230831_142118,mauritius,original,video,False,train,430.22516738529356
data/processed/mauritius/video/not_augmented/cull2_green_bg/head/224/occ/cn/matched/20230831_142118/m--20230831_142118--f001050.jpg,20230831_142118,mauritius,original,video,False,train,70.88273258836803
data/processed/mauritius/video/not_augmented/cull2_green_bg/head/224/occ/cn/matched/20230831_143044/m--20230831_143044--f000210.jpg,20230831_143044,mauritius,original,video,False,train,165.5764296725113
data/processed/mauritius/video/not_augmented/cull2_green_bg/head/224/occ/cn/matched/20230831_143044/m--20230831_143044--f000212.jpg,20230831_143044,mauritius,original,video,False,train,417.12216969322833
data/processed/mauritius/video/not_augmented/cull2_green_bg/head/224/occ/cn/matched/20230831_143044/m--20230831_143044--f000214.jpg,20230831_143044,mauritius,original,video,False,train,807.7072903185475
data/processed/mauritius/video/not_augmented/cull2_green_bg/head/224/occ/cn/matched/20230831_143044/m--20230831_143044--f000216.jpg,20230831_143044,mauritius,original,video,False,train,1291.365931776254
data/processed/mauritius/video/not_augmented/cull2_green_bg/head/224/occ/cn/matched/20230831_143044/m--20230831_143044--f000218.jpg,20230831_143044,mauritius,original,video,False,train,1407.4985251659061
data/processed/mauritius/video/not_augmented/cull2_green_bg/head/224/occ/cn/matched/20230831_143044/m--20230831_143044--f000220.jpg,20230831_143044,mauritius,original,video,False,train,1553.5676219035367
data/processed/mauritius/video/not_augmented/cull2_green_bg/head/224/occ/cn/matched/20230831_143044/m--20230831_143044--f000222.jpg,20230831_143044,mauritius,original,video,False,train,1595.4175500480494
data/processed/mauritius/video/not_augmented/cull2_green_bg/head/224/occ/cn/matched/20230831_143044/m--20230831_143044--f000224.jpg,20230831_143044,mauritius,original,video,False,train,1663.693279641313
data/processed/mauritius/video/not_augmented/cull2_green_bg/head/224/occ/cn/matched/20230831_143044/m--20230831_143044--f000226.jpg,20230831_143044,mauritius,original,video,False,train,1543.1933792154773
data/processed/mauritius/video/not_augmented/cull2_green_bg/head/224/occ/cn/matched/20230831_143044/m--20230831_143044--f000228.jpg,20230831_143044,mauritius,original,video,False,train,449.3307357618879
data/processed/mauritius/video/not_augmented/cull2_green_bg/head/224/occ/cn/matched/20230831_143044/m--20230831_143044--f000288.jpg,20230831_143044,mauritius,original,video,False,train,328.00663646386596
data/processed/mauritius/video/not_augmented/cull2_green_bg/head/224/occ/cn/matched/20230831_143044/m--20230831_143044--f001070.jpg,20230831_143044,mauritius,original,video,False,train,164.3880141896538
data/processed/mauritius/video/not_augmented/cull2_green_bg/head/224/occ/cn/matched/20230831_143044/m--20230831_143044--f001072.jpg,20230831_143044,mauritius,original,video,False,train,176.71530164991105
data/processed/mauritius/video/not_augmented/cull2_green_bg/head/224/occ/cn/matched/20230831_143044/m--20230831_143044--f001074.jpg,20230831_143044,mauritius,original,video,False,train,1305.7136475524524
data/processed/mauritius/video/not_augmented/cull2_green_bg/head/224/occ/cn/matched/20230831_143044/m--20230831_143044--f001076.jpg,20230831_143044,mauritius,original,video,False,train,1110.0741987307833
data/processed/mauritius/video/not_augmented/cull2_green_bg/head/224/occ/cn/matched/20230831_143044/m--20230831_143044--f001078.jpg,20230831_143044,mauritius,original,video,False,train,1160.5695352355724
data/processed/mauritius/video/not_augmented/cull2_green_bg/head/224/occ/cn/matched/20230831_143044/m--20230831_143044--f001374.jpg,20230831_143044,mauritius,original,video,False,train,393.2115154175002
data/processed/mauritius/video/not_augmented/cull2_green_bg/head/224/occ/cn/matched/20230831_143044/m--20230831_143044--f001376.jpg,20230831_143044,mauritius,original,video,False,train,688.588408794665
data/processed/mauritius/video/not_augmented/cull2_green_bg/head/224/occ/cn/matched/20230831_143044/m--20230831_143044--f001378.jpg,20230831_143044,mauritius,original,video,False,train,958.0468151433325
data/processed/mauritius/video/not_augmented/cull2_green_bg/head/224/occ/cn/matched/20230831_143044/m--20230831_143044--f001380.jpg,20230831_143044,mauritius,original,video,False,train,1142.4187459246612
data/processed/mauritius/video/not_augmented/cull2_green_bg/head/224/occ/cn/matched/20230831_143044/m--20230831_143044--f001382.jpg,20230831_143044,mauritius,original,video,False,train,1107.7001554492313
data/processed/mauritius/video/not_augmented/cull2_green_bg/head/224/occ/cn/matched/20230831_143044/m--20230831_143044--f001384.jpg,20230831_143044,mauritius,original,video,False,train,1081.5638948207795
data/processed/mauritius/video/not_augmented/cull2_green_bg/head/224/occ/cn/matched/20230831_143044/m--20230831_143044--f001386.jpg,20230831_143044,mauritius,original,video,False,train,836.7315249997148
data/processed/mauritius/video/not_augmented/cull2_green_bg/head/224/occ/cn/matched/20230831_143044/m--20230831_143044--f001388.jpg,20230831_143044,mauritius,original,video,False,train,1060.5019929703947
data/processed/mauritius/video/not_augmented/cull2_green_bg/head/224/occ/cn/matched/20230831_143044/m--20230831_143044--f001390.jpg,20230831_143044,mauritius,original,video,False,train,1104.8131775575994
data/processed/mauritius/video/not_augmented/cull2_green_bg/head/224/occ/cn/matched/20230831_143044/m--20230831_143044--f001392.jpg,20230831_143044,mauritius,original,video,False,train,960.5151068223907
data/processed/mauritius/video/not_augmented/cull2_green_bg/head/224/occ/cn/matched/20230831_143044/m--20230831_143044--f001394.jpg,20230831_143044,mauritius,original,video,False,train,637.9697261807919
data/processed/mauritius/video/not_augmented/cull2_green_bg/head/224/occ/cn/matched/20230831_143044/m--20230831_143044--f001396.jpg,20230831_143044,mauritius,original,video,False,train,707.8441087308896
data/processed/mauritius/video/not_augmented/cull2_green_bg/head/224/occ/cn/matched/20230831_143044/m--20230831_143044--f001398.jpg,20230831_143044,mauritius,original,video,False,train,751.9998604874967
data/processed/mauritius/video/not_augmented/cull2_green_bg/head/224/occ/cn/matched/20230831_143044/m--20230831_143044--f001400.jpg,20230831_143044,mauritius,original,video,False,train,735.8402821812119
data/processed/mauritius/video/not_augmented/cull2_green_bg/head/224/occ/cn/matched/20230831_143044/m--20230831_143044--f001406.jpg,20230831_143044,mauritius,original,video,False,train,538.9006496458837
data/processed/mauritius/video/not_augmented/cull2_green_bg/head/224/occ/cn/matched/20230831_143044/m--20230831_143044--f001408.jpg,20230831_143044,mauritius,original,video,False,train,306.49053327464304
data/processed/mauritius/video/not_augmented/cull2_green_bg/head/224/occ/cn/matched/20230831_155428/m--20230831_155428--f000152.jpg,20230831_155428,mauritius,original,video,False,val,73.70467506513553
data/processed/mauritius/video/not_augmented/cull2_green_bg/head/224/occ/cn/matched/20230831_155428/m--20230831_155428--f000154.jpg,20230831_155428,mauritius,original,video,False,val,80.56012825884456
data/processed/mauritius/video/not_augmented/cull2_green_bg/head/224/occ/cn/matched/20230831_155428/m--20230831_155428--f000164.jpg,20230831_155428,mauritius,original,video,False,val,504.71831146551636
data/processed/mauritius/video/not_augmented/cull2_green_bg/head/224/occ/cn/matched/20230831_155428/m--20230831_155428--f000166.jpg,20230831_155428,mauritius,original,video,False,val,527.7334978579482
data/processed/mauritius/video/not_augmented/cull2_green_bg/head/224/occ/cn/matched/20230831_155428/m--20230831_155428--f000170.jpg,20230831_155428,mauritius,original,video,False,val,537.2410113907814
data/processed/mauritius/video/not_augmented/cull2_green_bg/head/224/occ/cn/matched/20230831_155428/m--20230831_155428--f000180.jpg,20230831_155428,mauritius,original,video,False,val,469.67155610814984
data/processed/mauritius/video/not_augmented/cull2_green_bg/head/224/occ/cn/matched/20230831_155428/m--20230831_155428--f000182.jpg,20230831_155428,mauritius,original,video,False,val,376.28565449577627
data/processed/mauritius/video/not_augmented/cull2_green_bg/head/224/occ/cn/matched/20230831_155428/m--20230831_155428--f000184.jpg,20230831_155428,mauritius,original,video,False,val,447.1454678856795
data/processed/mauritius/video/not_augmented/cull2_green_bg/head/224/occ/cn/matched/20230831_155428/m--20230831_155428--f000186.jpg,20230831_155428,mauritius,original,video,False,val,810.7462930484694
data/processed/mauritius/video/not_augmented/cull2_green_bg/head/224/occ/cn/matched/20230831_155428/m--20230831_155428--f000190.jpg,20230831_155428,mauritius,original,video,False,val,600.7347138070007
data/processed/mauritius/video/not_augmented/cull2_green_bg/head/224/occ/cn/matched/20230831_155428/m--20230831_155428--f000192.jpg,20230831_155428,mauritius,original,video,False,val,498.55163814404875
data/processed/mauritius/video/not_augmented/cull2_green_bg/head/224/occ/cn/matched/20230831_155428/m--20230831_155428--f000194.jpg,20230831_155428,mauritius,original,video,False,val,370.2537667374966
data/processed/mauritius/video/not_augmented/cull2_green_bg/head/224/occ/cn/matched/20230831_155428/m--20230831_155428--f001002.jpg,20230831_155428,mauritius,original,video,False,val,54.651785714285715
data/processed/mauritius/video/not_augmented/cull2_green_bg/head/224/occ/cn/matched/20230831_155428/m--20230831_155428--f001004.jpg,20230831_155428,mauritius,original,video,False,val,76.4926258787817
data/processed/mauritius/video/not_augmented/cull2_green_bg/head/224/occ/cn/matched/20230831_155428/m--20230831_155428--f001008.jpg,20230831_155428,mauritius,original,video,False,val,65.87998244743554
data/processed/mauritius/video/not_augmented/cull2_green_bg/head/224/occ/cn/matched/20230831_155428/m--20230831_155428--f001016.jpg,20230831_155428,mauritius,original,video,False,val,103.444754438865
data/processed/mauritius/video/not_augmented/cull2_green_bg/head/224/occ/cn/matched/20230831_155428/m--20230831_155428--f001018.jpg,20230831_155428,mauritius,original,video,False,val,98.35397400790481
data/processed/mauritius/video/not_augmented/cull2_green_bg/head/224/occ/cn/matched/20230831_155428/m--20230831_155428--f001020.jpg,20230831_155428,mauritius,original,video,False,val,113.04858883814433
data/processed/mauritius/video/not_augmented/cull2_green_bg/head/224/occ/cn/matched/20230831_155428/m--20230831_155428--f001022.jpg,20230831_155428,mauritius,original,video,False,val,95.09612164821091
data/processed/mauritius/video/not_augmented/cull2_green_bg/head/224/occ/cn/matched/20230831_155428/m--20230831_155428--f001098.jpg,20230831_155428,mauritius,original,video,False,val,139.4167330931346
data/processed/mauritius/video/not_augmented/cull2_green_bg/head/224/occ/cn/matched/20230831_155428/m--20230831_155428--f001102.jpg,20230831_155428,mauritius,original,video,False,val,292.1562300379799
data/processed/mauritius/video/not_augmented/cull2_green_bg/head/224/occ/cn/matched/20230831_155428/m--20230831_155428--f001104.jpg,20230831_155428,mauritius,original,video,False,val,210.35293765904157
data/processed/mauritius/video/not_augmented/cull2_green_bg/head/224/occ/cn/matched/20230831_155428/m--20230831_155428--f001106.jpg,20230831_155428,mauritius,original,video,False,val,140.19760438433687
data/processed/mauritius/video/not_augmented/cull2_green_bg/head/224/occ/cn/matched/20230831_155428/m--20230831_155428--f001110.jpg,20230831_155428,mauritius,original,video,False,val,138.92187499364485
data/processed/mauritius/video/not_augmented/cull2_green_bg/head/224/occ/cn/matched/20230831_155428/m--20230831_155428--f001112.jpg,20230831_155428,mauritius,original,video,False,val,89.34798716068865
data/processed/mauritius/video/not_augmented/cull2_green_bg/head/224/occ/cn/matched/20230831_155428/m--20230831_155428--f001118.jpg,20230831_155428,mauritius,original,video,False,val,74.5127348381497
data/processed/mauritius/video/not_augmented/cull2_green_bg/head/224/occ/cn/matched/20230831_155428/m--20230831_155428--f001142.jpg,20230831_155428,mauritius,original,video,False,val,164.30755739637038
data/processed/mauritius/video/not_augmented/cull2_green_bg/head/224/occ/cn/matched/20230831_155428/m--20230831_155428--f001146.jpg,20230831_155428,mauritius,original,video,False,val,164.99276543338812
data/processed/mauritius/video/not_augmented/cull2_green_bg/head/224/occ/cn/matched/20230831_155428/m--20230831_155428--f001152.jpg,20230831_155428,mauritius,original,video,False,val,85.62667391489863
data/processed/mauritius/video/not_augmented/cull2_green_bg/head/224/occ/cn/matched/20230831_155428/m--20230831_155428--f001154.jpg,20230831_155428,mauritius,original,video,False,val,70.52403536998744
data/processed/mauritius/video/not_augmented/cull2_green_bg/head/224/occ/cn/matched/20230831_155428/m--20230831_155428--f001156.jpg,20230831_155428,mauritius,original,video,False,val,76.81170270443957
data/processed/mauritius/video/not_augmented/cull2_green_bg/head/224/occ/cn/matched/20230831_155428/m--20230831_155428--f001158.jpg,20230831_155428,mauritius,original,video,False,val,79.2685546839252
data/processed/mauritius/video/not_augmented/cull2_green_bg/head/224/occ/cn/matched/20230831_155428/m--20230831_155428--f001160.jpg,20230831_155428,mauritius,original,video,False,val,86.25627772662105
data/processed/mauritius/video/not_augmented/cull2_green_bg/head/224/occ/cn/matched/20230831_155428/m--20230831_155428--f001162.jpg,20230831_155428,mauritius,original,video,False,val,85.88994735978335
data/processed/mauritius/video/not_augmented/cull2_green_bg/head/224/occ/cn/matched/20230831_155428/m--20230831_155428--f001166.jpg,20230831_155428,mauritius,original,video,False,val,102.63173626284458
data/processed/mauritius/video/not_augmented/cull2_green_bg/head/224/occ/cn/matched/20230831_160214/m--20230831_160214--f000932.jpg,20230831_160214,mauritius,original,video,False,train,617.1210538331095
data/processed/mauritius/video/not_augmented/cull2_green_bg/head/224/occ/cn/matched/20230831_160214/m--20230831_160214--f000934.jpg,20230831_160214,mauritius,original,video,False,train,553.034976706213
data/processed/mauritius/video/not_augmented/cull2_green_bg/head/224/occ/cn/matched/20230831_160214/m--20230831_160214--f000936.jpg,20230831_160214,mauritius,original,video,False,train,543.5362921841489
data/processed/mauritius/video/not_augmented/cull2_green_bg/head/224/occ/cn/matched/20230831_160214/m--20230831_160214--f000938.jpg,20230831_160214,mauritius,original,video,False,train,538.192801337697
data/processed/mauritius/video/not_augmented/cull2_green_bg/head/224/occ/cn/matched/20230831_160214/m--20230831_160214--f000940.jpg,20230831_160214,mauritius,original,video,False,train,738.6710976879083
data/processed/mauritius/video/not_augmented/cull2_green_bg/head/224/occ/cn/matched/20230831_160214/m--20230831_160214--f000942.jpg,20230831_160214,mauritius,original,video,False,train,765.6623684530803
data/processed/mauritius/video/not_augmented/cull2_green_bg/head/224/occ/cn/matched/20230831_160214/m--20230831_160214--f000944.jpg,20230831_160214,mauritius,original,video,False,train,1000.0282405927148
data/processed/mauritius/video/not_augmented/cull2_green_bg/head/224/occ/cn/matched/20230831_160214/m--20230831_160214--f000946.jpg,20230831_160214,mauritius,original,video,False,train,1001.369798277776
data/processed/mauritius/video/not_augmented/cull2_green_bg/head/224/occ/cn/matched/20230831_160214/m--20230831_160214--f000948.jpg,20230831_160214,mauritius,original,video,False,train,889.4560945277312
data/processed/mauritius/video/not_augmented/cull2_green_bg/head/224/occ/cn/matched/20230831_160214/m--20230831_160214--f001140.jpg,20230831_160214,mauritius,original,video,False,train,75.60477095710789
data/processed/mauritius/video/not_augmented/cull2_green_bg/head/224/occ/cn/matched/20230831_160214/m--20230831_160214--f001144.jpg,20230831_160214,mauritius,original,video,False,train,74.26935188098037
data/processed/mauritius/video/not_augmented/cull2_green_bg/head/224/occ/cn/matched/20230831_160214/m--20230831_160214--f001208.jpg,20230831_160214,mauritius,original,video,False,train,92.86212526168093
data/processed/mauritius/video/not_augmented/cull2_green_bg/head/224/occ/cn/matched/20230831_160214/m--20230831_160214--f001210.jpg,20230831_160214,mauritius,original,video,False,train,101.6876992587495
data/processed/mauritius/video/not_augmented/cull2_green_bg/head/224/occ/cn/matched/20230831_160214/m--20230831_160214--f001212.jpg,20230831_160214,mauritius,original,video,False,train,100.8108854341487
data/processed/mauritius/video/not_augmented/cull2_green_bg/head/224/occ/cn/matched/20230831_160214/m--20230831_160214--f001214.jpg,20230831_160214,mauritius,original,video,False,train,101.14556729063693
data/processed/mauritius/video/not_augmented/cull2_green_bg/head/224/occ/cn/matched/20230831_161620/m--20230831_161620--f000152.jpg,20230831_161620,mauritius,original,video,False,train,90.05570377880511
data/processed/mauritius/video/not_augmented/cull2_green_bg/head/224/occ/cn/matched/20230831_161620/m--20230831_161620--f000154.jpg,20230831_161620,mauritius,original,video,False,train,86.9637077451497
data/processed/mauritius/video/not_augmented/cull2_green_bg/head/224/occ/cn/matched/20230831_161620/m--20230831_161620--f000158.jpg,20230831_161620,mauritius,original,video,False,train,90.24348272993285
data/processed/mauritius/video/not_augmented/cull2_green_bg/head/224/occ/cn/matched/20230831_161620/m--20230831_161620--f000162.jpg,20230831_161620,mauritius,original,video,False,train,105.22299462484845
data/processed/mauritius/video/not_augmented/cull2_green_bg/head/224/occ/cn/matched/20230831_161620/m--20230831_161620--f000166.jpg,20230831_161620,mauritius,original,video,False,train,88.9360052610824
data/processed/mauritius/video/not_augmented/cull2_green_bg/head/224/occ/cn/matched/20230831_161620/m--20230831_161620--f000168.jpg,20230831_161620,mauritius,original,video,False,train,91.5627590558371
data/processed/mauritius/video/not_augmented/cull2_green_bg/head/224/occ/cn/matched/20230831_161620/m--20230831_161620--f000170.jpg,20230831_161620,mauritius,original,video,False,train,93.56562873772012
data/processed/mauritius/video/not_augmented/cull2_green_bg/head/224/occ/cn/matched/20230831_161620/m--20230831_161620--f000172.jpg,20230831_161620,mauritius,original,video,False,train,123.01640226363341
data/processed/mauritius/video/not_augmented/cull2_green_bg/head/224/occ/cn/matched/20230831_161620/m--20230831_161620--f000174.jpg,20230831_161620,mauritius,original,video,False,train,208.8866589568844
data/processed/mauritius/video/not_augmented/cull2_green_bg/head/224/occ/cn/matched/20230831_161620/m--20230831_161620--f000176.jpg,20230831_161620,mauritius,original,video,False,train,422.2772042374966
data/processed/mauritius/video/not_augmented/cull2_green_bg/head/224/occ/cn/matched/20230831_161620/m--20230831_161620--f000178.jpg,20230831_161620,mauritius,original,video,False,train,281.23726482740886
data/processed/mauritius/video/not_augmented/cull2_green_bg/head/224/occ/cn/matched/20230831_161620/m--20230831_161620--f000180.jpg,20230831_161620,mauritius,original,video,False,train,304.9926458670169
data/processed/mauritius/video/not_augmented/cull2_green_bg/head/224/occ/cn/matched/20230831_161620/m--20230831_161620--f000182.jpg,20230831_161620,mauritius,original,video,False,train,200.33041686527136
data/processed/mauritius/video/not_augmented/cull2_green_bg/head/224/occ/cn/matched/20230831_161620/m--20230831_161620--f000184.jpg,20230831_161620,mauritius,original,video,False,train,379.29189253191026
data/processed/mauritius/video/not_augmented/cull2_green_bg/head/224/occ/cn/matched/20230831_161620/m--20230831_161620--f000186.jpg,20230831_161620,mauritius,original,video,False,train,543.6558710846589
data/processed/mauritius/video/not_augmented/cull2_green_bg/head/224/occ/cn/matched/20230831_161620/m--20230831_161620--f000188.jpg,20230831_161620,mauritius,original,video,False,train,710.7664618613272
data/processed/mauritius/video/not_augmented/cull2_green_bg/head/224/occ/cn/matched/20230831_161620/m--20230831_161620--f000190.jpg,20230831_161620,mauritius,original,video,False,train,633.08906588183
data/processed/mauritius/video/not_augmented/cull2_green_bg/head/224/occ/cn/matched/20230831_161620/m--20230831_161620--f000192.jpg,20230831_161620,mauritius,original,video,False,train,688.9595224709375
data/processed/mauritius/video/not_augmented/cull2_green_bg/head/224/occ/cn/matched/20230831_161620/m--20230831_161620--f000194.jpg,20230831_161620,mauritius,original,video,False,train,664.3360968815789
data/processed/mauritius/video/not_augmented/cull2_green_bg/head/224/occ/cn/matched/20230831_161620/m--20230831_161620--f000196.jpg,20230831_161620,mauritius,original,video,False,train,807.1068836543423
data/processed/mauritius/video/not_augmented/cull2_green_bg/head/224/occ/cn/matched/20230831_161620/m--20230831_161620--f000198.jpg,20230831_161620,mauritius,original,video,False,train,809.0021921814804
data/processed/mauritius/video/not_augmented/cull2_green_bg/head/224/occ/cn/matched/20230831_161620/m--20230831_161620--f000200.jpg,20230831_161620,mauritius,original,video,False,train,715.636977837613
data/processed/mauritius/video/not_augmented/cull2_green_bg/head/224/occ/cn/matched/20230831_161620/m--20230831_161620--f000202.jpg,20230831_161620,mauritius,original,video,False,train,746.6420599426244
data/processed/mauritius/video/not_augmented/cull2_green_bg/head/224/occ/cn/matched/20230831_161620/m--20230831_161620--f000204.jpg,20230831_161620,mauritius,original,video,False,train,664.2492625857333
data/processed/mauritius/video/not_augmented/cull2_green_bg/head/224/occ/cn/matched/20230831_161620/m--20230831_161620--f000206.jpg,20230831_161620,mauritius,original,video,False,train,721.883091511502
data/processed/mauritius/video/not_augmented/cull2_green_bg/head/224/occ/cn/matched/20230831_161620/m--20230831_161620--f000208.jpg,20230831_161620,mauritius,original,video,False,train,699.8445471795784
data/processed/mauritius/video/not_augmented/cull2_green_bg/head/224/occ/cn/matched/20230831_161620/m--20230831_161620--f000210.jpg,20230831_161620,mauritius,original,video,False,train,811.2847775793334
data/processed/mauritius/video/not_augmented/cull2_green_bg/head/224/occ/cn/matched/20230831_161620/m--20230831_161620--f000212.jpg,20230831_161620,mauritius,original,video,False,train,748.6010044070891
data/processed/mauritius/video/not_augmented/cull2_green_bg/head/224/occ/cn/matched/20230831_161620/m--20230831_161620--f000214.jpg,20230831_161620,mauritius,original,video,False,train,711.4692281574472
data/processed/mauritius/video/not_augmented/cull2_green_bg/head/224/occ/cn/matched/20230831_161620/m--20230831_161620--f000216.jpg,20230831_161620,mauritius,original,video,False,train,735.3360968990555
data/processed/mauritius/video/not_augmented/cull2_green_bg/head/224/occ/cn/matched/20230831_161620/m--20230831_161620--f000218.jpg,20230831_161620,mauritius,original,video,False,train,705.9977276399699
data/processed/mauritius/video/not_augmented/cull2_green_bg/head/224/occ/cn/matched/20230831_161620/m--20230831_161620--f000220.jpg,20230831_161620,mauritius,original,video,False,train,593.2563973914976
data/processed/mauritius/video/not_augmented/cull2_green_bg/head/224/occ/cn/matched/20230831_161620/m--20230831_161620--f000222.jpg,20230831_161620,mauritius,original,video,False,train,491.74744895417115
data/processed/mauritius/video/not_augmented/cull2_green_bg/head/224/occ/cn/matched/20230831_161620/m--20230831_161620--f000224.jpg,20230831_161620,mauritius,original,video,False,train,332.39811860814984
data/processed/mauritius/video/not_augmented/cull2_green_bg/head/224/occ/cn/matched/20230831_161620/m--20230831_161620--f000226.jpg,20230831_161620,mauritius,original,video,False,train,126.77413504106808
data/processed/mauritius/video/not_augmented/cull2_green_bg/head/224/occ/cn/matched/20230831_161620/m--20230831_161620--f000228.jpg,20230831_161620,mauritius,original,video,False,train,67.9366429971189
data/processed/mauritius/video/not_augmented/cull2_green_bg/head/224/occ/cn/matched/20230831_161620/m--20230831_161620--f000230.jpg,20230831_161620,mauritius,original,video,False,train,49.46356822549677
data/processed/mauritius/video/not_augmented/cull2_green_bg/head/224/occ/cn/matched/20230831_161620/m--20230831_161620--f000232.jpg,20230831_161620,mauritius,original,video,False,train,51.83689409293318
data/processed/mauritius/video/not_augmented/cull2_green_bg/head/224/occ/cn/matched/20230831_161620/m--20230831_161620--f000234.jpg,20230831_161620,mauritius,original,video,False,train,54.88753586379452
data/processed/mauritius/video/not_augmented/cull2_green_bg/head/224/occ/cn/matched/20230831_161620/m--20230831_161620--f001140.jpg,20230831_161620,mauritius,original,video,False,train,951.1239038548437
data/processed/mauritius/video/not_augmented/cull2_green_bg/head/224/occ/cn/matched/20230831_161620/m--20230831_161620--f001142.jpg,20230831_161620,mauritius,original,video,False,train,964.2175741354558
data/processed/mauritius/video/not_augmented/cull2_green_bg/head/224/occ/cn/matched/20230831_161620/m--20230831_161620--f001144.jpg,20230831_161620,mauritius,original,video,False,train,1016.9401506597129
data/processed/mauritius/video/not_augmented/cull2_green_bg/head/224/occ/cn/matched/20230831_161620/m--20230831_161620--f001146.jpg,20230831_161620,mauritius,original,video,False,train,1015.5789421233272
data/processed/mauritius/video/not_augmented/cull2_green_bg/head/224/occ/cn/matched/20230831_161620/m--20230831_161620--f001148.jpg,20230831_161620,mauritius,original,video,False,train,1008.6643016565745
data/processed/mauritius/video/not_augmented/cull2_green_bg/head/224/occ/cn/matched/20230831_161620/m--20230831_161620--f001150.jpg,20230831_161620,mauritius,original,video,False,train,704.1036888286999
data/processed/mauritius/video/not_augmented/cull2_green_bg/head/224/occ/cn/matched/20230831_161620/m--20230831_161620--f001152.jpg,20230831_161620,mauritius,original,video,False,train,692.4596967554152
data/processed/mauritius/video/not_augmented/cull2_green_bg/head/224/occ/cn/matched/20230831_161620/m--20230831_161620--f001154.jpg,20230831_161620,mauritius,original,video,False,train,1047.5574974650297
data/processed/mauritius/video/not_augmented/cull2_green_bg/head/224/occ/cn/matched/20230831_161620/m--20230831_161620--f001156.jpg,20230831_161620,mauritius,original,video,False,train,685.3463070606101
data/processed/mauritius/video/not_augmented/cull2_green_bg/head/224/occ/cn/matched/20230831_161620/m--20230831_161620--f001158.jpg,20230831_161620,mauritius,original,video,False,train,663.9825015880325
data/processed/mauritius/video/not_augmented/cull2_green_bg/head/224/occ/cn/matched/20230831_161620/m--20230831_161620--f001160.jpg,20230831_161620,mauritius,original,video,False,train,648.7559191609661
data/processed/mauritius/video/not_augmented/cull2_green_bg/head/224/occ/cn/matched/20230831_161620/m--20230831_161620--f001162.jpg,20230831_161620,mauritius,original,video,False,train,763.7642697561091
data/processed/mauritius/video/not_augmented/cull2_green_bg/head/224/occ/cn/matched/20230831_161620/m--20230831_161620--f001164.jpg,20230831_161620,mauritius,original,video,False,train,830.9382772318573
data/processed/mauritius/video/not_augmented/cull2_green_bg/head/224/occ/cn/matched/20230831_161620/m--20230831_161620--f001166.jpg,20230831_161620,mauritius,original,video,False,train,785.6323142343638
data/processed/mauritius/video/not_augmented/cull2_green_bg/head/224/occ/cn/matched/20230831_161620/m--20230831_161620--f001168.jpg,20230831_161620,mauritius,original,video,False,train,635.8812380099188
data/processed/mauritius/video/not_augmented/cull2_green_bg/head/224/occ/cn/matched/20230831_161620/m--20230831_161620--f001170.jpg,20230831_161620,mauritius,original,video,False,train,574.5655291778552
data/processed/mauritius/video/not_augmented/cull2_green_bg/head/224/occ/cn/matched/20230831_161620/m--20230831_161620--f001172.jpg,20230831_161620,mauritius,original,video,False,train,644.9136639014724
data/processed/mauritius/video/not_augmented/cull2_green_bg/head/224/occ/cn/matched/20230831_161620/m--20230831_161620--f001174.jpg,20230831_161620,mauritius,original,video,False,train,695.6242027997673
data/processed/mauritius/video/not_augmented/cull2_green_bg/head/224/occ/cn/matched/20230831_161620/m--20230831_161620--f001176.jpg,20230831_161620,mauritius,original,video,False,train,592.9005301017555
data/processed/mauritius/video/not_augmented/cull2_green_bg/head/224/occ/cn/matched/20230831_161620/m--20230831_161620--f001178.jpg,20230831_161620,mauritius,original,video,False,train,603.1460060332528
data/processed/mauritius/video/not_augmented/cull2_green_bg/head/224/occ/cn/matched/20230831_161620/m--20230831_161620--f001180.jpg,20230831_161620,mauritius,original,video,False,train,724.9418446669126
data/processed/mauritius/video/not_augmented/cull2_green_bg/head/224/occ/cn/matched/20230831_161620/m--20230831_161620--f001182.jpg,20230831_161620,mauritius,original,video,False,train,607.6924027280477
data/processed/mauritius/video/not_augmented/cull2_green_bg/head/224/occ/cn/matched/20230831_161620/m--20230831_161620--f001184.jpg,20230831_161620,mauritius,original,video,False,train,561.6810028444773
data/processed/mauritius/video/not_augmented/cull2_green_bg/head/224/occ/cn/matched/20230831_161620/m--20230831_161620--f001186.jpg,20230831_161620,mauritius,original,video,False,train,491.5154655040278
data/processed/mauritius/video/not_augmented/cull2_green_bg/head/224/occ/cn/matched/20230831_161620/m--20230831_161620--f001188.jpg,20230831_161620,mauritius,original,video,False,train,289.61595158098345
data/processed/mauritius/video/not_augmented/cull2_green_bg/head/224/occ/cn/matched/20230831_161620/m--20230831_161620--f001190.jpg,20230831_161620,mauritius,original,video,False,train,160.65280196131494
data/processed/mauritius/video/not_augmented/cull2_green_bg/head/224/occ/cn/matched/20230831_161620/m--20230831_161620--f001192.jpg,20230831_161620,mauritius,original,video,False,train,234.38606105512108
data/processed/mauritius/video/not_augmented/cull2_green_bg/head/224/occ/cn/matched/20230831_161620/m--20230831_161620--f001194.jpg,20230831_161620,mauritius,original,video,False,train,164.4171316821294
data/processed/mauritius/video/not_augmented/cull2_green_bg/head/224/occ/cn/matched/20230831_161620/m--20230831_161620--f001196.jpg,20230831_161620,mauritius,original,video,False,train,154.77839994251804
data/processed/mauritius/video/not_augmented/cull2_green_bg/head/224/occ/cn/matched/20230831_161620/m--20230831_161620--f001198.jpg,20230831_161620,mauritius,original,video,False,train,182.72486845943544
data/processed/mauritius/video/not_augmented/cull2_green_bg/head/224/occ/cn/matched/20230831_161620/m--20230831_161620--f001200.jpg,20230831_161620,mauritius,original,video,False,train,289.54783162629786
data/processed/mauritius/video/not_augmented/cull2_green_bg/head/224/occ/cn/matched/20230831_161620/m--20230831_161620--f001202.jpg,20230831_161620,mauritius,original,video,False,train,278.0339191695741
data/processed/mauritius/video/not_augmented/cull2_green_bg/head/224/occ/cn/matched/20230831_161620/m--20230831_161620--f001204.jpg,20230831_161620,mauritius,original,video,False,train,282.9805086033387
data/processed/mauritius/video/not_augmented/cull2_green_bg/head/224/occ/cn/matched/20230831_161620/m--20230831_161620--f001206.jpg,20230831_161620,mauritius,original,video,False,train,431.80939094387753
data/processed/mauritius/video/not_augmented/cull2_green_bg/head/224/occ/cn/matched/20230831_161620/m--20230831_161620--f001208.jpg,20230831_161620,mauritius,original,video,False,train,397.01114076497606
data/processed/mauritius/video/not_augmented/cull2_green_bg/head/224/occ/cn/matched/20230831_161620/m--20230831_161620--f001210.jpg,20230831_161620,mauritius,original,video,False,train,258.30187737211895
data/processed/mauritius/video/not_augmented/cull2_green_bg/head/224/occ/cn/matched/20230831_161620/m--20230831_161620--f001212.jpg,20230831_161620,mauritius,original,video,False,train,263.4113321010394
data/processed/mauritius/video/not_augmented/cull2_green_bg/head/224/occ/cn/matched/20230831_161620/m--20230831_161620--f001214.jpg,20230831_161620,mauritius,original,video,False,train,273.6689851527311
data/processed/mauritius/video/not_augmented/cull2_green_bg/head/224/occ/cn/matched/20230831_161620/m--20230831_161620--f001216.jpg,20230831_161620,mauritius,original,video,False,train,282.1868422955883
data/processed/mauritius/video/not_augmented/cull2_green_bg/head/224/occ/cn/matched/20230831_161620/m--20230831_161620--f001218.jpg,20230831_161620,mauritius,original,video,False,train,314.4926259502775
data/processed/mauritius/video/not_augmented/cull2_green_bg/head/224/occ/cn/matched/20230831_161620/m--20230831_161620--f001220.jpg,20230831_161620,mauritius,original,video,False,train,379.2124122943743
data/processed/mauritius/video/not_augmented/cull2_green_bg/head/224/occ/cn/matched/20230831_162051/m--20230831_162051--f000154.jpg,20230831_162051,mauritius,original,video,False,train,179.09269368593914
data/processed/mauritius/video/not_augmented/cull2_green_bg/head/224/occ/cn/matched/20230831_162051/m--20230831_162051--f000156.jpg,20230831_162051,mauritius,original,video,False,train,163.9441366195679
data/processed/mauritius/video/not_augmented/cull2_green_bg/head/224/occ/cn/matched/20230831_162051/m--20230831_162051--f000158.jpg,20230831_162051,mauritius,original,video,False,train,121.91200969359221
data/processed/mauritius/video/not_augmented/cull2_green_bg/head/224/occ/cn/matched/20230831_162051/m--20230831_162051--f000160.jpg,20230831_162051,mauritius,original,video,False,train,108.70115193522311
data/processed/mauritius/video/not_augmented/cull2_green_bg/head/224/occ/cn/matched/20230831_162051/m--20230831_162051--f000164.jpg,20230831_162051,mauritius,original,video,False,train,425.2484454465181
data/processed/mauritius/video/not_augmented/cull2_green_bg/head/224/occ/cn/matched/20230831_162051/m--20230831_162051--f000170.jpg,20230831_162051,mauritius,original,video,False,train,479.06477177376456
data/processed/mauritius/video/not_augmented/cull2_green_bg/head/224/occ/cn/matched/20230831_162051/m--20230831_162051--f000522.jpg,20230831_162051,mauritius,original,video,False,train,269.4516102299498
data/processed/mauritius/video/not_augmented/cull2_green_bg/head/224/occ/cn/matched/20230831_162051/m--20230831_162051--f000532.jpg,20230831_162051,mauritius,original,video,False,train,828.4512117331049
data/processed/mauritius/video/not_augmented/cull2_green_bg/head/224/occ/cn/matched/20230831_162051/m--20230831_162051--f000552.jpg,20230831_162051,mauritius,original,video,False,train,632.8965441546109
data/processed/mauritius/video/not_augmented/cull2_green_bg/head/224/occ/cn/matched/20230831_162051/m--20230831_162051--f000950.jpg,20230831_162051,mauritius,original,video,False,train,92.6610530450512
data/processed/mauritius/video/not_augmented/cull2_green_bg/head/224/occ/cn/matched/20230831_162051/m--20230831_162051--f000956.jpg,20230831_162051,mauritius,original,video,False,train,223.73919796576254
data/processed/mauritius/video/not_augmented/cull2_green_bg/head/224/occ/cn/matched/20230831_162051/m--20230831_162051--f000958.jpg,20230831_162051,mauritius,original,video,False,train,128.3285031805233
data/processed/mauritius/video/not_augmented/cull2_green_bg/head/224/occ/cn/matched/20230831_162051/m--20230831_162051--f000960.jpg,20230831_162051,mauritius,original,video,False,train,209.2016246367474
data/processed/mauritius/video/not_augmented/cull2_green_bg/head/224/occ/cn/matched/20230831_162051/m--20230831_162051--f000962.jpg,20230831_162051,mauritius,original,video,False,train,192.30096796362264
data/processed/mauritius/video/not_augmented/cull2_green_bg/head/224/occ/cn/matched/20230831_162051/m--20230831_162051--f000964.jpg,20230831_162051,mauritius,original,video,False,train,251.34882761150138
data/processed/mauritius/video/not_augmented/cull2_green_bg/head/224/occ/cn/matched/20230831_162051/m--20230831_162051--f000966.jpg,20230831_162051,mauritius,original,video,False,train,366.02243883259246
data/processed/mauritius/video/not_augmented/cull2_green_bg/head/224/occ/cn/matched/20230831_162051/m--20230831_162051--f000968.jpg,20230831_162051,mauritius,original,video,False,train,251.38645765971066
data/processed/mauritius/video/not_augmented/cull2_green_bg/head/224/occ/cn/matched/20230831_162051/m--20230831_162051--f000970.jpg,20230831_162051,mauritius,original,video,False,train,257.8592142961463
data/processed/mauritius/video/not_augmented/cull2_green_bg/head/224/occ/cn/matched/20230831_162051/m--20230831_162051--f000974.jpg,20230831_162051,mauritius,original,video,False,train,436.1271523662727
data/processed/mauritius/video/not_augmented/cull2_green_bg/head/224/occ/cn/matched/20230831_162051/m--20230831_162051--f000976.jpg,20230831_162051,mauritius,original,video,False,train,378.9315808255292
data/processed/mauritius/video/not_augmented/cull2_green_bg/head/224/occ/cn/matched/20230831_162051/m--20230831_162051--f000978.jpg,20230831_162051,mauritius,original,video,False,train,469.0869140621029
data/processed/mauritius/video/not_augmented/cull2_green_bg/head/224/occ/cn/matched/20230831_162051/m--20230831_162051--f000980.jpg,20230831_162051,mauritius,original,video,False,train,1182.0720065365924
data/processed/mauritius/video/not_augmented/cull2_green_bg/head/224/occ/cn/matched/20230831_162051/m--20230831_162051--f000984.jpg,20230831_162051,mauritius,original,video,False,train,354.1815209442355
data/processed/mauritius/video/not_augmented/cull2_green_bg/head/224/occ/cn/matched/20230831_162051/m--20230831_162051--f000990.jpg,20230831_162051,mauritius,original,video,False,train,75.77040815691015
data/processed/mauritius/video/not_augmented/cull2_green_bg/head/224/occ/cn/matched/20230831_162051/m--20230831_162051--f000994.jpg,20230831_162051,mauritius,original,video,False,train,154.60724249644758
data/processed/mauritius/video/not_augmented/cull2_green_bg/head/224/occ/cn/matched/20230831_162051/m--20230831_162051--f000996.jpg,20230831_162051,mauritius,original,video,False,train,115.34839347917209
data/processed/mauritius/video/not_augmented/cull2_green_bg/head/224/occ/cn/matched/20230831_162051/m--20230831_162051--f001048.jpg,20230831_162051,mauritius,original,video,False,train,331.614955317423
data/processed/mauritius/video/not_augmented/cull2_green_bg/head/224/occ/cn/matched/20230831_162051/m--20230831_162051--f001098.jpg,20230831_162051,mauritius,original,video,False,train,108.04312302677991
data/processed/mauritius/video/not_augmented/cull2_green_bg/head/224/occ/cn/matched/20230831_162051/m--20230831_162051--f001102.jpg,20230831_162051,mauritius,original,video,False,train,126.01550304050598
data/processed/mauritius/video/not_augmented/cull2_green_bg/head/224/occ/cn/matched/20230831_162051/m--20230831_162051--f001114.jpg,20230831_162051,mauritius,original,video,False,train,352.31533003667647
data/processed/mauritius/video/not_augmented/cull2_green_bg/head/224/occ/cn/matched/20230831_162051/m--20230831_162051--f001142.jpg,20230831_162051,mauritius,original,video,False,train,482.0677813423122
data/processed/mauritius/video/not_augmented/cull2_green_bg/head/224/occ/cn/matched/20230831_162051/m--20230831_162051--f001380.jpg,20230831_162051,mauritius,original,video,False,train,85.28312339925708
data/processed/mauritius/video/not_augmented/cull2_green_bg/head/224/occ/cn/matched/20230831_162051/m--20230831_162051--f001398.jpg,20230831_162051,mauritius,original,video,False,train,105.90816325895095
data/processed/mauritius/video/not_augmented/cull2_green_bg/head/224/occ/cn/matched/20230831_162051/m--20230831_162051--f001454.jpg,20230831_162051,mauritius,original,video,False,train,338.93987160372467
data/processed/mauritius/video/not_augmented/cull2_green_bg/head/224/occ/cn/matched/20230831_162051/m--20230831_162051--f001456.jpg,20230831_162051,mauritius,original,video,False,train,845.6071822576749
data/processed/mauritius/video/not_augmented/cull2_green_bg/head/224/occ/cn/matched/20230831_162051/m--20230831_162051--f001458.jpg,20230831_162051,mauritius,original,video,False,train,659.8341836591702
data/processed/mauritius/video/not_augmented/cull2_green_bg/head/224/occ/cn/matched/20230831_162051/m--20230831_162051--f001460.jpg,20230831_162051,mauritius,original,video,False,train,796.9061500167212
data/processed/mauritius/video/not_augmented/cull2_green_bg/head/224/occ/cn/matched/20230831_162051/m--20230831_162051--f001462.jpg,20230831_162051,mauritius,original,video,False,train,807.0035075958644
data/processed/mauritius/video/not_augmented/cull2_green_bg/head/224/occ/cn/matched/20230831_162051/m--20230831_162051--f001464.jpg,20230831_162051,mauritius,original,video,False,train,437.8497887336925
data/processed/mauritius/video/not_augmented/cull2_green_bg/head/224/occ/cn/matched/20230831_162051/m--20230831_162051--f001466.jpg,20230831_162051,mauritius,original,video,False,train,414.3805005980352
data/processed/mauritius/video/not_augmented/cull2_green_bg/head/224/occ/cn/matched/20230831_162746/m--20230831_162746--f000178.jpg,20230831_162746,mauritius,original,video,False,train,253.54288902902346
data/processed/mauritius/video/not_augmented/cull2_green_bg/head/224/occ/cn/matched/20230831_162746/m--20230831_162746--f000180.jpg,20230831_162746,mauritius,original,video,False,train,264.69901944994183
data/processed/mauritius/video/not_augmented/cull2_green_bg/head/224/occ/cn/matched/20230831_162746/m--20230831_162746--f000182.jpg,20230831_162746,mauritius,original,video,False,train,450.544523263762
data/processed/mauritius/video/not_augmented/cull2_green_bg/head/224/occ/cn/matched/20230831_162746/m--20230831_162746--f000184.jpg,20230831_162746,mauritius,original,video,False,train,424.91013623078334
data/processed/mauritius/video/not_augmented/cull2_green_bg/head/224/occ/cn/matched/20230831_162746/m--20230831_162746--f000186.jpg,20230831_162746,mauritius,original,video,False,train,424.46649787923485
data/processed/mauritius/video/not_augmented/cull2_green_bg/head/224/occ/cn/matched/20230831_162746/m--20230831_162746--f000208.jpg,20230831_162746,mauritius,original,video,False,train,83.90495417824093
data/processed/mauritius/video/not_augmented/cull2_green_bg/head/224/occ/cn/matched/20230831_162746/m--20230831_162746--f000210.jpg,20230831_162746,mauritius,original,video,False,train,73.01365194157827
data/processed/mauritius/video/not_augmented/cull2_green_bg/head/224/occ/cn/matched/20230831_163217/m--20230831_163217--f000154.jpg,20230831_163217,mauritius,original,video,False,train,87.14612553607222
data/processed/mauritius/video/not_augmented/cull2_green_bg/head/224/occ/cn/matched/20230831_163217/m--20230831_163217--f000156.jpg,20230831_163217,mauritius,original,video,False,train,94.11001275351325
data/processed/mauritius/video/not_augmented/cull2_green_bg/head/224/occ/cn/matched/20230831_163217/m--20230831_163217--f000158.jpg,20230831_163217,mauritius,original,video,False,train,90.61575252559972
data/processed/mauritius/video/not_augmented/cull2_green_bg/head/224/occ/cn/matched/20230831_163217/m--20230831_163217--f000160.jpg,20230831_163217,mauritius,original,video,False,train,104.89995216677855
data/processed/mauritius/video/not_augmented/cull2_green_bg/head/224/occ/cn/matched/20230831_163217/m--20230831_163217--f000162.jpg,20230831_163217,mauritius,original,video,False,train,89.20366310547016
data/processed/mauritius/video/not_augmented/cull2_green_bg/head/224/occ/cn/matched/20230831_163217/m--20230831_163217--f000164.jpg,20230831_163217,mauritius,original,video,False,train,100.88757566629175
data/processed/mauritius/video/not_augmented/cull2_green_bg/head/224/occ/cn/matched/20230831_163217/m--20230831_163217--f000166.jpg,20230831_163217,mauritius,original,video,False,train,90.51763791414362
data/processed/mauritius/video/not_augmented/cull2_green_bg/head/224/occ/cn/matched/20230831_163217/m--20230831_163217--f000168.jpg,20230831_163217,mauritius,original,video,False,train,96.28920198946585
data/processed/mauritius/video/not_augmented/cull2_green_bg/head/224/occ/cn/matched/20230831_163217/m--20230831_163217--f000170.jpg,20230831_163217,mauritius,original,video,False,train,92.33296794923135
data/processed/mauritius/video/not_augmented/cull2_green_bg/head/224/occ/cn/matched/20230831_163217/m--20230831_163217--f000172.jpg,20230831_163217,mauritius,original,video,False,train,84.93128157635124
data/processed/mauritius/video/not_augmented/cull2_green_bg/head/224/occ/cn/matched/20230831_163217/m--20230831_163217--f000226.jpg,20230831_163217,mauritius,original,video,False,train,253.85524948951053
data/processed/mauritius/video/not_augmented/cull2_green_bg/head/224/occ/cn/matched/20230831_163217/m--20230831_163217--f000228.jpg,20230831_163217,mauritius,original,video,False,train,248.283482128558
data/processed/mauritius/video/not_augmented/cull2_green_bg/head/224/occ/cn/matched/20230831_163217/m--20230831_163217--f000230.jpg,20230831_163217,mauritius,original,video,False,train,322.7892219371867
data/processed/mauritius/video/not_augmented/cull2_green_bg/head/224/occ/cn/matched/20230831_163217/m--20230831_163217--f000232.jpg,20230831_163217,mauritius,original,video,False,train,371.3183194374552
data/processed/mauritius/video/not_augmented/cull2_green_bg/head/224/occ/cn/matched/20230831_163217/m--20230831_163217--f000234.jpg,20230831_163217,mauritius,original,video,False,train,368.2579918205615
data/processed/mauritius/video/not_augmented/cull2_green_bg/head/224/occ/cn/matched/20230831_163217/m--20230831_163217--f000236.jpg,20230831_163217,mauritius,original,video,False,train,631.5614237819101
data/processed/mauritius/video/not_augmented/cull2_green_bg/head/224/occ/cn/matched/20230831_163217/m--20230831_163217--f000238.jpg,20230831_163217,mauritius,original,video,False,train,679.8018972435776
data/processed/mauritius/video/not_augmented/cull2_green_bg/head/224/occ/cn/matched/20230831_163217/m--20230831_163217--f000240.jpg,20230831_163217,mauritius,original,video,False,train,731.8535355512722
data/processed/mauritius/video/not_augmented/cull2_green_bg/head/224/occ/cn/matched/20230831_163217/m--20230831_163217--f000242.jpg,20230831_163217,mauritius,original,video,False,train,651.2695112720921
data/processed/mauritius/video/not_augmented/cull2_green_bg/head/224/occ/cn/matched/20230831_163217/m--20230831_163217--f000244.jpg,20230831_163217,mauritius,original,video,False,train,616.6070630599042
data/processed/mauritius/video/not_augmented/cull2_green_bg/head/224/occ/cn/matched/20230831_163217/m--20230831_163217--f000246.jpg,20230831_163217,mauritius,original,video,False,train,520.9111926020408
data/processed/mauritius/video/not_augmented/cull2_green_bg/head/224/occ/cn/matched/20230831_163217/m--20230831_163217--f000248.jpg,20230831_163217,mauritius,original,video,False,train,716.0766103062119
data/processed/mauritius/video/not_augmented/cull2_green_bg/head/224/occ/cn/matched/20230831_163217/m--20230831_163217--f000250.jpg,20230831_163217,mauritius,original,video,False,train,646.8806401431088
data/processed/mauritius/video/not_augmented/cull2_green_bg/head/224/occ/cn/matched/20230831_163217/m--20230831_163217--f000252.jpg,20230831_163217,mauritius,original,video,False,train,743.4582867409874
data/processed/mauritius/video/not_augmented/cull2_green_bg/head/224/occ/cn/matched/20230831_163217/m--20230831_163217--f000254.jpg,20230831_163217,mauritius,original,video,False,train,609.4389150092027
data/processed/mauritius/video/not_augmented/cull2_green_bg/head/224/occ/cn/matched/20230831_163217/m--20230831_163217--f000256.jpg,20230831_163217,mauritius,original,video,False,train,489.90246332272636
data/processed/mauritius/video/not_augmented/cull2_green_bg/head/224/occ/cn/matched/20230831_163217/m--20230831_163217--f000258.jpg,20230831_163217,mauritius,original,video,False,train,297.3234613760964
data/processed/mauritius/video/not_augmented/cull2_green_bg/head/224/occ/cn/matched/20230831_163217/m--20230831_163217--f000260.jpg,20230831_163217,mauritius,original,video,False,train,143.61794481988454
data/processed/mauritius/video/not_augmented/cull2_green_bg/head/224/occ/cn/matched/20230831_163217/m--20230831_163217--f000262.jpg,20230831_163217,mauritius,original,video,False,train,97.34358998766943
data/processed/mauritius/video/not_augmented/cull2_green_bg/head/224/occ/cn/matched/20230831_163217/m--20230831_163217--f000264.jpg,20230831_163217,mauritius,original,video,False,train,75.71470424067422
data/processed/mauritius/video/not_augmented/cull2_green_bg/head/224/occ/cn/matched/20230831_163217/m--20230831_163217--f000266.jpg,20230831_163217,mauritius,original,video,False,train,58.990513386501966
data/processed/mauritius/video/not_augmented/cull2_green_bg/head/224/occ/cn/matched/20230831_163217/m--20230831_163217--f000268.jpg,20230831_163217,mauritius,original,video,False,train,58.64034597578768
data/processed/mauritius/video/not_augmented/cull2_green_bg/head/224/occ/cn/matched/20230831_163217/m--20230831_163217--f000270.jpg,20230831_163217,mauritius,original,video,False,train,60.106744253848895
data/processed/mauritius/video/not_augmented/cull2_green_bg/head/224/occ/cn/matched/20230831_163217/m--20230831_163217--f001092.jpg,20230831_163217,mauritius,original,video,False,train,106.02407525351326
data/processed/mauritius/video/not_augmented/cull2_green_bg/head/224/occ/cn/matched/20230831_163217/m--20230831_163217--f001136.jpg,20230831_163217,mauritius,original,video,False,train,388.3959263329306
data/processed/mauritius/video/not_augmented/cull2_green_bg/head/224/occ/cn/matched/20230831_163217/m--20230831_163217--f001140.jpg,20230831_163217,mauritius,original,video,False,train,308.79819021101844
data/processed/mauritius/video/not_augmented/cull2_green_bg/head/224/occ/cn/matched/20230831_163217/m--20230831_163217--f001142.jpg,20230831_163217,mauritius,original,video,False,train,447.27409517501894
data/processed/mauritius/video/not_augmented/cull2_green_bg/head/224/occ/cn/matched/20230831_163217/m--20230831_163217--f001144.jpg,20230831_163217,mauritius,original,video,False,train,478.6566281805233
data/processed/mauritius/video/not_augmented/cull2_green_bg/head/224/occ/cn/matched/20230831_163217/m--20230831_163217--f001146.jpg,20230831_163217,mauritius,original,video,False,train,405.25735397013165
data/processed/mauritius/video/not_augmented/cull2_green_bg/head/224/occ/cn/matched/20230831_163217/m--20230831_163217--f001148.jpg,20230831_163217,mauritius,original,video,False,train,465.85267856983967
data/processed/mauritius/video/not_augmented/cull2_green_bg/head/224/occ/cn/matched/20230831_163217/m--20230831_163217--f001150.jpg,20230831_163217,mauritius,original,video,False,train,440.14219939078157
data/processed/mauritius/video/not_augmented/cull2_green_bg/head/224/occ/cn/matched/20230831_163217/m--20230831_163217--f001152.jpg,20230831_163217,mauritius,original,video,False,train,448.23732459192615
data/processed/mauritius/video/not_augmented/cull2_green_bg/head/224/occ/cn/matched/20230831_163217/m--20230831_163217--f001154.jpg,20230831_163217,mauritius,original,video,False,train,299.51456842855436
data/processed/mauritius/video/not_augmented/cull2_green_bg/head/224/occ/cn/matched/20230831_163217/m--20230831_163217--f001156.jpg,20230831_163217,mauritius,original,video,False,train,346.41579610712574
data/processed/mauritius/video/not_augmented/cull2_green_bg/head/224/occ/cn/matched/20230831_163217/m--20230831_163217--f001158.jpg,20230831_163217,mauritius,original,video,False,train,319.4719587017824
data/processed/mauritius/video/not_augmented/cull2_green_bg/head/224/occ/cn/matched/20230831_163217/m--20230831_163217--f001160.jpg,20230831_163217,mauritius,original,video,False,train,342.8608298593638
data/processed/mauritius/video/not_augmented/cull2_green_bg/head/224/occ/cn/matched/20230831_163217/m--20230831_163217--f001162.jpg,20230831_163217,mauritius,original,video,False,train,440.53772716808203
data/processed/mauritius/video/not_augmented/cull2_green_bg/head/224/occ/cn/matched/20230831_163217/m--20230831_163217--f001164.jpg,20230831_163217,mauritius,original,video,False,train,490.6531607303358
data/processed/mauritius/video/not_augmented/cull2_green_bg/head/224/occ/cn/matched/20230831_163217/m--20230831_163217--f001166.jpg,20230831_163217,mauritius,original,video,False,train,115.75025887789205
data/processed/mauritius/video/not_augmented/cull2_green_bg/head/224/occ/cn/matched/20230831_163217/m--20230831_163217--f001168.jpg,20230831_163217,mauritius,original,video,False,train,101.713408672328
data/processed/mauritius/video/not_augmented/cull2_green_bg/head/224/occ/cn/matched/20230831_163217/m--20230831_163217--f001170.jpg,20230831_163217,mauritius,original,video,False,train,101.8438496456599
data/processed/mauritius/video/not_augmented/cull2_green_bg/head/224/occ/cn/matched/20230831_163217/m--20230831_163217--f001172.jpg,20230831_163217,mauritius,original,video,False,train,75.13115832230687
data/processed/mauritius/video/not_augmented/cull2_green_bg/head/224/occ/cn/matched/20230831_163217/m--20230831_163217--f001174.jpg,20230831_163217,mauritius,original,video,False,train,78.34175701530613
data/processed/mauritius/video/not_augmented/cull2_green_bg/head/224/occ/cn/matched/20230831_163217/m--20230831_163217--f001178.jpg,20230831_163217,mauritius,original,video,False,train,65.41571665783317
data/processed/mauritius/video/not_augmented/cull2_green_bg/head/224/occ/cn/matched/20230831_163217/m--20230831_163217--f001180.jpg,20230831_163217,mauritius,original,video,False,train,66.846619891604
data/processed/mauritius/video/not_augmented/cull2_green_bg/head/224/occ/cn/matched/20230831_163217/m--20230831_163217--f001182.jpg,20230831_163217,mauritius,original,video,False,train,59.13980778690577
data/processed/mauritius/video/not_augmented/cull2_green_bg/head/224/occ/cn/matched/20230831_163217/m--20230831_163217--f001184.jpg,20230831_163217,mauritius,original,video,False,train,79.40565210459184
data/processed/mauritius/video/not_augmented/cull2_green_bg/head/224/occ/cn/matched/20230831_163217/m--20230831_163217--f001186.jpg,20230831_163217,mauritius,original,video,False,train,75.00149456335576
data/processed/mauritius/video/not_augmented/cull2_green_bg/head/224/occ/cn/matched/20230831_163217/m--20230831_163217--f001188.jpg,20230831_163217,mauritius,original,video,False,train,69.43152091722595
data/processed/mauritius/video/not_augmented/cull2_green_bg/head/224/occ/cn/matched/20230831_163217/m--20230831_163217--f001190.jpg,20230831_163217,mauritius,original,video,False,train,65.40208462981668
data/processed/mauritius/video/not_augmented/cull2_green_bg/head/224/occ/cn/matched/20230831_163217/m--20230831_163217--f001192.jpg,20230831_163217,mauritius,original,video,False,train,58.724669145078074
data/processed/mauritius/video/not_augmented/cull2_green_bg/head/224/occ/cn/matched/20230831_163217/m--20230831_163217--f001196.jpg,20230831_163217,mauritius,original,video,False,train,66.15244335117364
data/processed/mauritius/video/not_augmented/cull2_green_bg/head/224/occ/cn/matched/20230831_163856/m--20230831_163856--f000188.jpg,20230831_163856,mauritius,original,video,False,train,134.90407762722094
data/processed/mauritius/video/not_augmented/cull2_green_bg/head/224/occ/cn/matched/20230831_163856/m--20230831_163856--f000192.jpg,20230831_163856,mauritius,original,video,False,train,131.64064492627213
data/processed/mauritius/video/not_augmented/cull2_green_bg/head/224/occ/cn/matched/20230831_163856/m--20230831_163856--f000194.jpg,20230831_163856,mauritius,original,video,False,train,143.1644609682464
data/processed/mauritius/video/not_augmented/cull2_green_bg/head/224/occ/cn/matched/20230831_163856/m--20230831_163856--f000196.jpg,20230831_163856,mauritius,original,video,False,train,133.86338085117364
data/processed/mauritius/video/not_augmented/cull2_green_bg/head/224/occ/cn/matched/20230831_163856/m--20230831_163856--f000198.jpg,20230831_163856,mauritius,original,video,False,train,153.60453199913283
data/processed/mauritius/video/not_augmented/cull2_green_bg/head/224/occ/cn/matched/20230831_163856/m--20230831_163856--f000200.jpg,20230831_163856,mauritius,original,video,False,train,172.25448348114065
data/processed/mauritius/video/not_augmented/cull2_green_bg/head/224/occ/cn/matched/20230831_163856/m--20230831_163856--f000202.jpg,20230831_163856,mauritius,original,video,False,train,156.38801415787793
data/processed/mauritius/video/not_augmented/cull2_green_bg/head/224/occ/cn/matched/20230831_163856/m--20230831_163856--f000204.jpg,20230831_163856,mauritius,original,video,False,train,181.31730297832178
data/processed/mauritius/video/not_augmented/cull2_green_bg/head/224/occ/cn/matched/20230831_163856/m--20230831_163856--f000206.jpg,20230831_163856,mauritius,original,video,False,train,319.1437539760394
data/processed/mauritius/video/not_augmented/cull2_green_bg/head/224/occ/cn/matched/20230831_163856/m--20230831_163856--f000208.jpg,20230831_163856,mauritius,original,video,False,train,500.47106183682416
data/processed/mauritius/video/not_augmented/cull2_green_bg/head/224/occ/cn/matched/20230831_163856/m--20230831_163856--f000210.jpg,20230831_163856,mauritius,original,video,False,train,707.4933234977007
data/processed/mauritius/video/not_augmented/cull2_green_bg/head/224/occ/cn/matched/20230831_163856/m--20230831_163856--f000212.jpg,20230831_163856,mauritius,original,video,False,train,595.302335771706
data/processed/mauritius/video/not_augmented/cull2_green_bg/head/224/occ/cn/matched/20230831_163856/m--20230831_163856--f000214.jpg,20230831_163856,mauritius,original,video,False,train,629.4891182972164
data/processed/mauritius/video/not_augmented/cull2_green_bg/head/224/occ/cn/matched/20230831_163856/m--20230831_163856--f000216.jpg,20230831_163856,mauritius,original,video,False,train,609.1619100622315
data/processed/mauritius/video/not_augmented/cull2_green_bg/head/224/occ/cn/matched/20230831_163856/m--20230831_163856--f000218.jpg,20230831_163856,mauritius,original,video,False,train,636.2254065625224
data/processed/mauritius/video/not_augmented/cull2_green_bg/head/224/occ/cn/matched/20230831_163856/m--20230831_163856--f000220.jpg,20230831_163856,mauritius,original,video,False,train,709.7257452328865
data/processed/mauritius/video/not_augmented/cull2_green_bg/head/224/occ/cn/matched/20230831_163856/m--20230831_163856--f000222.jpg,20230831_163856,mauritius,original,video,False,train,134.1121649863272
data/processed/mauritius/video/not_augmented/cull2_green_bg/head/224/occ/cn/matched/20230831_163856/m--20230831_163856--f000224.jpg,20230831_163856,mauritius,original,video,False,train,112.00894835788672
data/processed/mauritius/video/not_augmented/cull2_green_bg/head/224/occ/cn/matched/20230831_163856/m--20230831_163856--f000226.jpg,20230831_163856,mauritius,original,video,False,train,94.5117785391436
data/processed/mauritius/video/not_augmented/cull2_green_bg/head/224/occ/cn/matched/20230831_163856/m--20230831_163856--f000228.jpg,20230831_163856,mauritius,original,video,False,train,89.6850286592597
data/processed/mauritius/video/not_augmented/cull2_green_bg/head/224/occ/cn/matched/20230831_163856/m--20230831_163856--f000230.jpg,20230831_163856,mauritius,original,video,False,train,86.3333266006813
data/processed/mauritius/video/not_augmented/cull2_green_bg/head/224/occ/cn/matched/20230831_163856/m--20230831_163856--f000232.jpg,20230831_163856,mauritius,original,video,False,train,83.2250874990823
data/processed/mauritius/video/not_augmented/cull2_green_bg/head/224/occ/cn/matched/20230831_163856/m--20230831_163856--f000234.jpg,20230831_163856,mauritius,original,video,False,train,76.34574298310507
data/processed/mauritius/video/not_augmented/cull2_green_bg/head/224/occ/cn/matched/20230831_163856/m--20230831_163856--f000236.jpg,20230831_163856,mauritius,original,video,False,train,91.46277098872174
data/processed/mauritius/video/not_augmented/cull2_green_bg/head/224/occ/cn/matched/20230831_163856/m--20230831_163856--f000238.jpg,20230831_163856,mauritius,original,video,False,train,192.90607063098037
data/processed/mauritius/video/not_augmented/cull2_green_bg/head/224/occ/cn/matched/20230831_163856/m--20230831_163856--f000240.jpg,20230831_163856,mauritius,original,video,False,train,122.34648038545583
data/processed/mauritius/video/not_augmented/cull2_green_bg/head/224/occ/cn/matched/20230831_163856/m--20230831_163856--f000264.jpg,20230831_163856,mauritius,original,video,False,train,467.9711814159059
data/processed/mauritius/video/not_augmented/cull2_green_bg/head/224/occ/cn/matched/20230831_163856/m--20230831_163856--f000266.jpg,20230831_163856,mauritius,original,video,False,train,570.9630500574204
data/processed/mauritius/video/not_augmented/cull2_green_bg/head/224/occ/cn/matched/20230831_163856/m--20230831_163856--f000268.jpg,20230831_163856,mauritius,original,video,False,train,548.4820033478171
data/processed/mauritius/video/not_augmented/cull2_green_bg/head/224/occ/cn/matched/20230831_163856/m--20230831_163856--f000270.jpg,20230831_163856,mauritius,original,video,False,train,526.1645605360554
data/processed/mauritius/video/not_augmented/cull2_green_bg/head/224/occ/cn/matched/20230831_163856/m--20230831_163856--f000272.jpg,20230831_163856,mauritius,original,video,False,train,398.31303810547024
data/processed/mauritius/video/not_augmented/cull2_green_bg/head/224/occ/cn/matched/20230831_163856/m--20230831_163856--f000274.jpg,20230831_163856,mauritius,original,video,False,train,434.930106007323
data/processed/mauritius/video/not_augmented/cull2_green_bg/head/224/occ/cn/matched/20230831_163856/m--20230831_163856--f000276.jpg,20230831_163856,mauritius,original,video,False,train,457.32376034405775
data/processed/mauritius/video/not_augmented/cull2_green_bg/head/224/occ/cn/matched/20230831_163856/m--20230831_163856--f000278.jpg,20230831_163856,mauritius,original,video,False,train,453.84404891553106
data/processed/mauritius/video/not_augmented/cull2_green_bg/head/224/occ/cn/matched/20230831_163856/m--20230831_163856--f000280.jpg,20230831_163856,mauritius,original,video,False,train,442.9170318720292
data/processed/mauritius/video/not_augmented/cull2_green_bg/head/224/occ/cn/matched/20230831_163856/m--20230831_163856--f000282.jpg,20230831_163856,mauritius,original,video,False,train,364.38807393987196
data/processed/mauritius/video/not_augmented/cull2_green_bg/head/224/occ/cn/matched/20230831_163856/m--20230831_163856--f000284.jpg,20230831_163856,mauritius,original,video,False,train,334.6225286846805
data/processed/mauritius/video/not_augmented/cull2_green_bg/head/224/occ/cn/matched/20230831_163856/m--20230831_163856--f001018.jpg,20230831_163856,mauritius,original,video,False,train,252.34367022341556
data/processed/mauritius/video/not_augmented/cull2_green_bg/head/224/occ/cn/matched/20230831_163856/m--20230831_163856--f001020.jpg,20230831_163856,mauritius,original,video,False,train,174.51034355838812
data/processed/mauritius/video/not_augmented/cull2_green_bg/head/224/occ/cn/matched/20230831_163856/m--20230831_163856--f001036.jpg,20230831_163856,mauritius,original,video,False,train,93.57276382311241
data/processed/mauritius/video/not_augmented/cull2_green_bg/head/224/occ/cn/matched/20230831_163856/m--20230831_163856--f001038.jpg,20230831_163856,mauritius,original,video,False,train,101.27808115076196
data/processed/mauritius/video/not_augmented/cull2_green_bg/head/224/occ/cn/matched/20230831_163856/m--20230831_163856--f001040.jpg,20230831_163856,mauritius,original,video,False,train,94.66079387640964
data/processed/mauritius/video/not_augmented/cull2_green_bg/head/224/occ/cn/matched/20230831_163856/m--20230831_163856--f001042.jpg,20230831_163856,mauritius,original,video,False,train,117.2952806122449
data/processed/mauritius/video/not_augmented/cull2_green_bg/head/224/occ/cn/matched/20230831_163856/m--20230831_163856--f001044.jpg,20230831_163856,mauritius,original,video,False,train,135.41135203922752
data/processed/mauritius/video/not_augmented/cull2_green_bg/head/224/occ/cn/matched/20230831_163856/m--20230831_163856--f001092.jpg,20230831_163856,mauritius,original,video,False,train,247.91770965841505
data/processed/mauritius/video/not_augmented/cull2_green_bg/head/224/occ/cn/matched/20230831_163856/m--20230831_163856--f001094.jpg,20230831_163856,mauritius,original,video,False,train,172.04406468146345
data/processed/mauritius/video/not_augmented/cull2_green_bg/head/224/occ/cn/matched/20230831_163856/m--20230831_163856--f001096.jpg,20230831_163856,mauritius,original,video,False,train,222.22018490925964
data/processed/mauritius/video/not_augmented/cull2_green_bg/head/224/occ/cn/matched/20230831_163856/m--20230831_163856--f001098.jpg,20230831_163856,mauritius,original,video,False,train,199.3608896540682
data/processed/mauritius/video/not_augmented/cull2_green_bg/head/224/occ/cn/matched/20230831_164728/m--20230831_164728--f000162.jpg,20230831_164728,mauritius,original,video,False,train,57.51118062466991
data/processed/mauritius/video/not_augmented/cull2_green_bg/head/224/occ/cn/matched/20230831_164728/m--20230831_164728--f000164.jpg,20230831_164728,mauritius,original,video,False,train,76.96492344396704
data/processed/mauritius/video/not_augmented/cull2_green_bg/head/224/occ/cn/matched/20230831_164728/m--20230831_164728--f000166.jpg,20230831_164728,mauritius,original,video,False,train,68.1810823970415
data/processed/mauritius/video/not_augmented/cull2_green_bg/head/224/occ/cn/matched/20230831_164728/m--20230831_164728--f000168.jpg,20230831_164728,mauritius,original,video,False,train,67.93496882006903
data/processed/mauritius/video/not_augmented/cull2_green_bg/head/224/occ/cn/matched/20230831_164728/m--20230831_164728--f000170.jpg,20230831_164728,mauritius,original,video,False,train,75.28840480512106
data/processed/mauritius/video/not_augmented/cull2_green_bg/head/224/occ/cn/matched/20230831_164728/m--20230831_164728--f000172.jpg,20230831_164728,mauritius,original,video,False,train,68.62673341011515
data/processed/mauritius/video/not_augmented/cull2_green_bg/head/224/occ/cn/matched/20230831_164728/m--20230831_164728--f000174.jpg,20230831_164728,mauritius,original,video,False,train,89.86902104432957
data/processed/mauritius/video/not_augmented/cull2_green_bg/head/224/occ/cn/matched/20230831_164728/m--20230831_164728--f000176.jpg,20230831_164728,mauritius,original,video,False,train,72.74147002392142
data/processed/mauritius/video/not_augmented/cull2_green_bg/head/224/occ/cn/matched/20230831_164728/m--20230831_164728--f000178.jpg,20230831_164728,mauritius,original,video,False,train,73.14209973082251
data/processed/mauritius/video/not_augmented/cull2_green_bg/head/224/occ/cn/matched/20230831_164728/m--20230831_164728--f000180.jpg,20230831_164728,mauritius,original,video,False,train,63.79623723854278
data/processed/mauritius/video/not_augmented/cull2_green_bg/head/224/occ/cn/matched/20230831_164728/m--20230831_164728--f000182.jpg,20230831_164728,mauritius,original,video,False,train,64.57069099192718
data/processed/mauritius/video/not_augmented/cull2_green_bg/head/224/occ/cn/matched/20230831_164728/m--20230831_164728--f000184.jpg,20230831_164728,mauritius,original,video,False,train,67.18164061070085
data/processed/mauritius/video/not_augmented/cull2_green_bg/head/224/occ/cn/matched/20230831_164728/m--20230831_164728--f000186.jpg,20230831_164728,mauritius,original,video,False,train,70.35233975410064
data/processed/mauritius/video/not_augmented/cull2_green_bg/head/224/occ/cn/matched/20230831_164728/m--20230831_164728--f000188.jpg,20230831_164728,mauritius,original,video,False,train,65.34793526626835
data/processed/mauritius/video/not_augmented/cull2_green_bg/head/224/occ/cn/matched/20230831_164728/m--20230831_164728--f000190.jpg,20230831_164728,mauritius,original,video,False,train,66.16298627396614
data/processed/mauritius/video/not_augmented/cull2_green_bg/head/224/occ/cn/matched/20230831_164728/m--20230831_164728--f000192.jpg,20230831_164728,mauritius,original,video,False,train,68.20814709264206
data/processed/mauritius/video/not_augmented/cull2_green_bg/head/224/occ/cn/matched/20230831_164728/m--20230831_164728--f000194.jpg,20230831_164728,mauritius,original,video,False,train,79.20143071476095
data/processed/mauritius/video/not_augmented/cull2_green_bg/head/224/occ/cn/matched/20230831_164728/m--20230831_164728--f000196.jpg,20230831_164728,mauritius,original,video,False,train,316.15128743593914
data/processed/mauritius/video/not_augmented/cull2_green_bg/head/224/occ/cn/matched/20230831_164728/m--20230831_164728--f000198.jpg,20230831_164728,mauritius,original,video,False,train,497.6549944192457
data/processed/mauritius/video/not_augmented/cull2_green_bg/head/224/occ/cn/matched/20230831_164728/m--20230831_164728--f000200.jpg,20230831_164728,mauritius,original,video,False,train,576.7010522816191
data/processed/mauritius/video/not_augmented/cull2_green_bg/head/224/occ/cn/matched/20230831_164728/m--20230831_164728--f000202.jpg,20230831_164728,mauritius,original,video,False,train,652.3710339409964
data/processed/mauritius/video/not_augmented/cull2_green_bg/head/224/occ/cn/matched/20230831_164728/m--20230831_164728--f000204.jpg,20230831_164728,mauritius,original,video,False,train,646.8180205672048
data/processed/mauritius/video/not_augmented/cull2_green_bg/head/224/occ/cn/matched/20230831_164728/m--20230831_164728--f000206.jpg,20230831_164728,mauritius,original,video,False,train,670.016681192518
data/processed/mauritius/video/not_augmented/cull2_green_bg/head/224/occ/cn/matched/20230831_164728/m--20230831_164728--f000208.jpg,20230831_164728,mauritius,original,video,False,train,677.0468749857008
data/processed/mauritius/video/not_augmented/cull2_green_bg/head/224/occ/cn/matched/20230831_164728/m--20230831_164728--f000210.jpg,20230831_164728,mauritius,original,video,False,train,574.9486605554061
data/processed/mauritius/video/not_augmented/cull2_green_bg/head/224/occ/cn/matched/20230831_164728/m--20230831_164728--f000212.jpg,20230831_164728,mauritius,original,video,False,train,554.3785274681176
data/processed/mauritius/video/not_augmented/cull2_green_bg/head/224/occ/cn/matched/20230831_164728/m--20230831_164728--f000214.jpg,20230831_164728,mauritius,original,video,False,train,587.2547632139556
data/processed/mauritius/video/not_augmented/cull2_green_bg/head/224/occ/cn/matched/20230831_164728/m--20230831_164728--f000216.jpg,20230831_164728,mauritius,original,video,False,train,699.0467952663132
data/processed/mauritius/video/not_augmented/cull2_green_bg/head/224/occ/cn/matched/20230831_164728/m--20230831_164728--f000218.jpg,20230831_164728,mauritius,original,video,False,train,715.5425898727899
data/processed/mauritius/video/not_augmented/cull2_green_bg/head/224/occ/cn/matched/20230831_164728/m--20230831_164728--f000220.jpg,20230831_164728,mauritius,original,video,False,train,662.8170438764096
data/processed/mauritius/video/not_augmented/cull2_green_bg/head/224/occ/cn/matched/20230831_164728/m--20230831_164728--f000222.jpg,20230831_164728,mauritius,original,video,False,train,614.5617824857903
data/processed/mauritius/video/not_augmented/cull2_green_bg/head/224/occ/cn/matched/20230831_164728/m--20230831_164728--f000224.jpg,20230831_164728,mauritius,original,video,False,train,651.7672188142001
data/processed/mauritius/video/not_augmented/cull2_green_bg/head/224/occ/cn/matched/20230831_164728/m--20230831_164728--f000226.jpg,20230831_164728,mauritius,original,video,False,train,425.6420001272656
data/processed/mauritius/video/not_augmented/cull2_green_bg/head/224/occ/cn/matched/20230831_164728/m--20230831_164728--f000228.jpg,20230831_164728,mauritius,original,video,False,train,321.53338231845777
data/processed/mauritius/video/not_augmented/cull2_green_bg/head/224/occ/cn/matched/20230831_164728/m--20230831_164728--f000230.jpg,20230831_164728,mauritius,original,video,False,train,292.2146443736797
data/processed/mauritius/video/not_augmented/cull2_green_bg/head/224/occ/cn/matched/20230831_164728/m--20230831_164728--f000232.jpg,20230831_164728,mauritius,original,video,False,train,552.8165457394657
data/processed/mauritius/video/not_augmented/cull2_green_bg/head/224/occ/cn/matched/20230831_164728/m--20230831_164728--f000234.jpg,20230831_164728,mauritius,original,video,False,train,767.1930999529457
data/processed/mauritius/video/not_augmented/cull2_green_bg/head/224/occ/cn/matched/20230831_164728/m--20230831_164728--f000236.jpg,20230831_164728,mauritius,original,video,False,train,602.1418804369683
data/processed/mauritius/video/not_augmented/cull2_green_bg/head/224/occ/cn/matched/20230831_164728/m--20230831_164728--f000238.jpg,20230831_164728,mauritius,original,video,False,train,408.1758609630325
data/processed/mauritius/video/not_augmented/cull2_green_bg/head/224/occ/cn/matched/20230831_164728/m--20230831_164728--f000240.jpg,20230831_164728,mauritius,original,video,False,train,461.20988119864955
data/processed/mauritius/video/not_augmented/cull2_green_bg/head/224/occ/cn/matched/20230831_164728/m--20230831_164728--f000242.jpg,20230831_164728,mauritius,original,video,False,train,482.0092275155579
data/processed/mauritius/video/not_augmented/cull2_green_bg/head/224/occ/cn/matched/20230831_164728/m--20230831_164728--f000244.jpg,20230831_164728,mauritius,original,video,False,train,589.4978673629888
data/processed/mauritius/video/not_augmented/cull2_green_bg/head/224/occ/cn/matched/20230831_164728/m--20230831_164728--f000246.jpg,20230831_164728,mauritius,original,video,False,train,536.872109882636
data/processed/mauritius/video/not_augmented/cull2_green_bg/head/224/occ/cn/matched/20230831_164728/m--20230831_164728--f000248.jpg,20230831_164728,mauritius,original,video,False,train,476.2457548754755
data/processed/mauritius/video/not_augmented/cull2_green_bg/head/224/occ/cn/matched/20230831_164728/m--20230831_164728--f000250.jpg,20230831_164728,mauritius,original,video,False,train,173.68724086392876
data/processed/mauritius/video/not_augmented/cull2_green_bg/head/224/occ/cn/matched/20230831_164728/m--20230831_164728--f000252.jpg,20230831_164728,mauritius,original,video,False,train,169.05038252436884
data/processed/mauritius/video/not_augmented/cull2_green_bg/head/224/occ/cn/matched/20230831_164728/m--20230831_164728--f000254.jpg,20230831_164728,mauritius,original,video,False,train,139.9095781092741
data/processed/mauritius/video/not_augmented/cull2_green_bg/head/224/occ/cn/matched/20230831_164728/m--20230831_164728--f000256.jpg,20230831_164728,mauritius,original,video,False,train,117.20059388997605
data/processed/mauritius/video/not_augmented/cull2_green_bg/head/224/occ/cn/matched/20230831_164728/m--20230831_164728--f000258.jpg,20230831_164728,mauritius,original,video,False,train,108.71035948637774
data/processed/mauritius/video/not_augmented/cull2_green_bg/head/224/occ/cn/matched/20230831_164728/m--20230831_164728--f000260.jpg,20230831_164728,mauritius,original,video,False,train,98.73276053900919
data/processed/mauritius/video/not_augmented/cull2_green_bg/head/224/occ/cn/matched/20230831_164728/m--20230831_164728--f000262.jpg,20230831_164728,mauritius,original,video,False,train,98.64211972859046
data/processed/mauritius/video/not_augmented/cull2_green_bg/head/224/occ/cn/matched/20230831_164728/m--20230831_164728--f000264.jpg,20230831_164728,mauritius,original,video,False,train,94.0958625065789
data/processed/mauritius/video/not_augmented/cull2_green_bg/head/224/occ/cn/matched/20230831_164728/m--20230831_164728--f001052.jpg,20230831_164728,mauritius,original,video,False,train,568.3570033382844
data/processed/mauritius/video/not_augmented/cull2_green_bg/head/224/occ/cn/matched/20230831_164728/m--20230831_164728--f001054.jpg,20230831_164728,mauritius,original,video,False,train,401.1715162055585
data/processed/mauritius/video/not_augmented/cull2_green_bg/head/224/occ/cn/matched/20230831_164728/m--20230831_164728--f001056.jpg,20230831_164728,mauritius,original,video,False,train,208.00386639030611
data/processed/mauritius/video/not_augmented/cull2_green_bg/head/224/occ/cn/matched/20230831_164728/m--20230831_164728--f001058.jpg,20230831_164728,mauritius,original,video,False,train,320.2555604078332
data/processed/mauritius/video/not_augmented/cull2_green_bg/head/224/occ/cn/matched/20230831_164728/m--20230831_164728--f001060.jpg,20230831_164728,mauritius,original,video,False,train,835.5795001399761
data/processed/mauritius/video/not_augmented/cull2_green_bg/head/224/occ/cn/matched/20230831_164728/m--20230831_164728--f001062.jpg,20230831_164728,mauritius,original,video,False,train,649.0728236352936
data/processed/mauritius/video/not_augmented/cull2_green_bg/head/224/occ/cn/matched/20230831_164728/m--20230831_164728--f001064.jpg,20230831_164728,mauritius,original,video,False,train,739.7537468048694
data/processed/mauritius/video/not_augmented/cull2_green_bg/head/224/occ/cn/matched/20230831_164728/m--20230831_164728--f001066.jpg,20230831_164728,mauritius,original,video,False,train,496.2719427515496
data/processed/mauritius/video/not_augmented/cull2_green_bg/head/224/occ/cn/matched/20230831_164728/m--20230831_164728--f001068.jpg,20230831_164728,mauritius,original,video,False,train,596.8082548532323
data/processed/mauritius/video/not_augmented/cull2_green_bg/head/224/occ/cn/matched/20230831_164728/m--20230831_164728--f001070.jpg,20230831_164728,mauritius,original,video,False,train,946.2386200538232
data/processed/mauritius/video/not_augmented/cull2_green_bg/head/224/occ/cn/matched/20230831_164728/m--20230831_164728--f001072.jpg,20230831_164728,mauritius,original,video,False,train,1203.4778776776539
data/processed/mauritius/video/not_augmented/cull2_green_bg/head/224/occ/cn/matched/20230831_164728/m--20230831_164728--f001074.jpg,20230831_164728,mauritius,original,video,False,train,1469.0564213295568
data/processed/mauritius/video/not_augmented/cull2_green_bg/head/224/occ/cn/matched/20230831_164728/m--20230831_164728--f001076.jpg,20230831_164728,mauritius,original,video,False,train,1301.351243520766
data/processed/mauritius/video/not_augmented/cull2_green_bg/head/224/occ/cn/matched/20230831_164728/m--20230831_164728--f001078.jpg,20230831_164728,mauritius,original,video,False,train,1005.9133649454272
data/processed/mauritius/video/not_augmented/cull2_green_bg/head/224/occ/cn/matched/20230831_164728/m--20230831_164728--f001080.jpg,20230831_164728,mauritius,original,video,False,train,1009.2302694118108
data/processed/mauritius/video/not_augmented/cull2_green_bg/head/224/occ/cn/matched/20230831_164728/m--20230831_164728--f001082.jpg,20230831_164728,mauritius,original,video,False,train,1245.020268634874
data/processed/mauritius/video/not_augmented/cull2_green_bg/head/224/occ/cn/matched/20230831_165242/m--20230831_165242--f000148.jpg,20230831_165242,mauritius,original,video,False,train,78.91513871014591
data/processed/mauritius/video/not_augmented/cull2_green_bg/head/224/occ/cn/matched/20230831_165242/m--20230831_165242--f000150.jpg,20230831_165242,mauritius,original,video,False,train,93.32306281728874
data/processed/mauritius/video/not_augmented/cull2_green_bg/head/224/occ/cn/matched/20230831_165242/m--20230831_165242--f000154.jpg,20230831_165242,mauritius,original,video,False,train,87.73068795885358
data/processed/mauritius/video/not_augmented/cull2_green_bg/head/224/occ/cn/matched/20230831_165242/m--20230831_165242--f000156.jpg,20230831_165242,mauritius,original,video,False,train,90.67340959781708
data/processed/mauritius/video/not_augmented/cull2_green_bg/head/224/occ/cn/matched/20230831_165242/m--20230831_165242--f000158.jpg,20230831_165242,mauritius,original,video,False,train,114.67526301678298
data/processed/mauritius/video/not_augmented/cull2_green_bg/head/224/occ/cn/matched/20230831_165242/m--20230831_165242--f000160.jpg,20230831_165242,mauritius,original,video,False,train,106.48407600423488
data/processed/mauritius/video/not_augmented/cull2_green_bg/head/224/occ/cn/matched/20230831_165242/m--20230831_165242--f000162.jpg,20230831_165242,mauritius,original,video,False,train,93.86246412270073
data/processed/mauritius/video/not_augmented/cull2_green_bg/head/224/occ/cn/matched/20230831_165242/m--20230831_165242--f000200.jpg,20230831_165242,mauritius,original,video,False,train,201.3245176973069
data/processed/mauritius/video/not_augmented/cull2_green_bg/head/224/occ/cn/matched/20230831_165242/m--20230831_165242--f000202.jpg,20230831_165242,mauritius,original,video,False,train,459.88920997093743
data/processed/mauritius/video/not_augmented/cull2_green_bg/head/224/occ/cn/matched/20230831_165242/m--20230831_165242--f000204.jpg,20230831_165242,mauritius,original,video,False,train,498.3371929655667
data/processed/mauritius/video/not_augmented/cull2_green_bg/head/224/occ/cn/matched/20230831_165242/m--20230831_165242--f000212.jpg,20230831_165242,mauritius,original,video,False,train,499.9538424681346
data/processed/mauritius/video/not_augmented/cull2_green_bg/head/224/occ/cn/matched/20230831_165242/m--20230831_165242--f000214.jpg,20230831_165242,mauritius,original,video,False,train,405.57210612902776
data/processed/mauritius/video/not_augmented/cull2_green_bg/head/224/occ/cn/matched/20230831_165242/m--20230831_165242--f000216.jpg,20230831_165242,mauritius,original,video,False,train,701.1486566802552
data/processed/mauritius/video/not_augmented/cull2_green_bg/head/224/occ/cn/matched/20230831_165242/m--20230831_165242--f000218.jpg,20230831_165242,mauritius,original,video,False,train,935.3017975574035
data/processed/mauritius/video/not_augmented/cull2_green_bg/head/224/occ/cn/matched/20230831_165242/m--20230831_165242--f000220.jpg,20230831_165242,mauritius,original,video,False,train,1080.4617743613273
data/processed/mauritius/video/not_augmented/cull2_green_bg/head/224/occ/cn/matched/20230831_165242/m--20230831_165242--f000222.jpg,20230831_165242,mauritius,original,video,False,train,598.922532675019
data/processed/mauritius/video/not_augmented/cull2_green_bg/head/224/occ/cn/matched/20230831_165242/m--20230831_165242--f000224.jpg,20230831_165242,mauritius,original,video,False,train,509.7354508542557
data/processed/mauritius/video/not_augmented/cull2_green_bg/head/224/occ/cn/matched/20230831_165242/m--20230831_165242--f000226.jpg,20230831_165242,mauritius,original,video,False,train,415.015086718968
data/processed/mauritius/video/not_augmented/cull2_green_bg/head/224/occ/cn/matched/20230831_165242/m--20230831_165242--f000228.jpg,20230831_165242,mauritius,original,video,False,train,460.39223931402734
data/processed/mauritius/video/not_augmented/cull2_green_bg/head/224/occ/cn/matched/20230831_165242/m--20230831_165242--f000230.jpg,20230831_165242,mauritius,original,video,False,train,539.9468070951316
data/processed/mauritius/video/not_augmented/cull2_green_bg/head/224/occ/cn/matched/20230831_165242/m--20230831_165242--f000232.jpg,20230831_165242,mauritius,original,video,False,train,1167.2670992351186
data/processed/mauritius/video/not_augmented/cull2_green_bg/head/224/occ/cn/matched/20230831_165242/m--20230831_165242--f000234.jpg,20230831_165242,mauritius,original,video,False,train,1097.8673866062252
data/processed/mauritius/video/not_augmented/cull2_green_bg/head/224/occ/cn/matched/20230831_165242/m--20230831_165242--f000236.jpg,20230831_165242,mauritius,original,video,False,train,1011.1248003901268
data/processed/mauritius/video/not_augmented/cull2_green_bg/head/224/occ/cn/matched/20230831_165242/m--20230831_165242--f000238.jpg,20230831_165242,mauritius,original,video,False,train,808.9384366833435
data/processed/mauritius/video/not_augmented/cull2_green_bg/head/224/occ/cn/matched/20230831_165242/m--20230831_165242--f000240.jpg,20230831_165242,mauritius,original,video,False,train,987.2939452803271
data/processed/mauritius/video/not_augmented/cull2_green_bg/head/224/occ/cn/matched/20230831_165242/m--20230831_165242--f000242.jpg,20230831_165242,mauritius,original,video,False,train,1223.085718182314
data/processed/mauritius/video/not_augmented/cull2_green_bg/head/224/occ/cn/matched/20230831_165242/m--20230831_165242--f000244.jpg,20230831_165242,mauritius,original,video,False,train,1145.9115111681879
data/processed/mauritius/video/not_augmented/cull2_green_bg/head/224/occ/cn/matched/20230831_165242/m--20230831_165242--f000246.jpg,20230831_165242,mauritius,original,video,False,train,943.5039660391436
data/processed/mauritius/video/not_augmented/cull2_green_bg/head/224/occ/cn/matched/20230831_165242/m--20230831_165242--f000248.jpg,20230831_165242,mauritius,original,video,False,train,597.0243541712763
data/processed/mauritius/video/not_augmented/cull2_green_bg/head/224/occ/cn/matched/20230831_165242/m--20230831_165242--f000250.jpg,20230831_165242,mauritius,original,video,False,train,641.9781170217061
data/processed/mauritius/video/not_augmented/cull2_green_bg/head/224/occ/cn/matched/20230831_165242/m--20230831_165242--f000252.jpg,20230831_165242,mauritius,original,video,False,train,638.8748801095145
data/processed/mauritius/video/not_augmented/cull2_green_bg/head/224/occ/cn/matched/20230831_165242/m--20230831_165242--f000254.jpg,20230831_165242,mauritius,original,video,False,train,732.5540891454301
data/processed/mauritius/video/not_augmented/cull2_green_bg/head/224/occ/cn/matched/20230831_165242/m--20230831_165242--f000256.jpg,20230831_165242,mauritius,original,video,False,train,824.3136558024299
data/processed/mauritius/video/not_augmented/cull2_green_bg/head/224/occ/cn/matched/20230831_165242/m--20230831_165242--f000258.jpg,20230831_165242,mauritius,original,video,False,train,747.3461017155836
data/processed/mauritius/video/not_augmented/cull2_green_bg/head/224/occ/cn/matched/20230831_165242/m--20230831_165242--f000260.jpg,20230831_165242,mauritius,original,video,False,train,185.27865796166623
data/processed/mauritius/video/not_augmented/cull2_green_bg/head/224/occ/cn/matched/20230831_165242/m--20230831_165242--f000262.jpg,20230831_165242,mauritius,original,video,False,train,100.22249658243798
data/processed/mauritius/video/not_augmented/cull2_green_bg/head/224/occ/cn/matched/20230831_165242/m--20230831_165242--f000264.jpg,20230831_165242,mauritius,original,video,False,train,71.32232516629156
data/processed/mauritius/video/not_augmented/cull2_green_bg/head/224/occ/cn/matched/20230831_165242/m--20230831_165242--f000266.jpg,20230831_165242,mauritius,original,video,False,train,67.51827565018012
data/processed/mauritius/video/not_augmented/cull2_green_bg/head/224/occ/cn/matched/20230831_165242/m--20230831_165242--f000268.jpg,20230831_165242,mauritius,original,video,False,train,68.71000031062536
data/processed/mauritius/video/not_augmented/cull2_green_bg/head/224/occ/cn/matched/20230831_165242/m--20230831_165242--f000582.jpg,20230831_165242,mauritius,original,video,False,train,132.4146205293591
data/processed/mauritius/video/not_augmented/cull2_green_bg/head/224/occ/cn/matched/20230831_165242/m--20230831_165242--f000584.jpg,20230831_165242,mauritius,original,video,False,train,146.15519368593914
data/processed/mauritius/video/not_augmented/cull2_green_bg/head/224/occ/cn/matched/20230831_165242/m--20230831_165242--f000586.jpg,20230831_165242,mauritius,original,video,False,train,171.23258131218668
data/processed/mauritius/video/not_augmented/cull2_green_bg/head/224/occ/cn/matched/20230831_165242/m--20230831_165242--f000588.jpg,20230831_165242,mauritius,original,video,False,train,180.46418595026054
data/processed/mauritius/video/not_augmented/cull2_green_bg/head/224/occ/cn/matched/20230831_165242/m--20230831_165242--f000594.jpg,20230831_165242,mauritius,original,video,False,train,205.1540377865926
data/processed/mauritius/video/not_augmented/cull2_green_bg/head/224/occ/cn/matched/20230831_165242/m--20230831_165242--f001102.jpg,20230831_165242,mauritius,original,video,False,train,678.3563655895375
data/processed/mauritius/video/not_augmented/cull2_green_bg/head/224/occ/cn/matched/20230831_165242/m--20230831_165242--f001104.jpg,20230831_165242,mauritius,original,video,False,train,959.4878626751533
data/processed/mauritius/video/not_augmented/cull2_green_bg/head/224/occ/cn/matched/20230831_165242/m--20230831_165242--f001106.jpg,20230831_165242,mauritius,original,video,False,train,677.0344583713129
data/processed/mauritius/video/not_augmented/cull2_green_bg/head/224/occ/cn/matched/20230831_165242/m--20230831_165242--f001108.jpg,20230831_165242,mauritius,original,video,False,train,883.9724768333166
data/processed/mauritius/video/not_augmented/cull2_green_bg/head/224/occ/cn/matched/20230831_165242/m--20230831_165242--f001110.jpg,20230831_165242,mauritius,original,video,False,train,860.0374081793154
data/processed/mauritius/video/not_augmented/cull2_green_bg/head/224/occ/cn/matched/20230831_165242/m--20230831_165242--f001112.jpg,20230831_165242,mauritius,original,video,False,train,1042.0480705985724
data/processed/mauritius/video/not_augmented/cull2_green_bg/head/224/occ/cn/matched/20230831_165242/m--20230831_165242--f001114.jpg,20230831_165242,mauritius,original,video,False,train,1054.788085794111
data/processed/mauritius/video/not_augmented/cull2_green_bg/head/224/occ/cn/matched/20230831_165242/m--20230831_165242--f001116.jpg,20230831_165242,mauritius,original,video,False,train,1162.1425373501602
data/processed/mauritius/video/not_augmented/cull2_green_bg/head/224/occ/cn/matched/20230831_165242/m--20230831_165242--f001118.jpg,20230831_165242,mauritius,original,video,False,train,1006.7641700731122
data/processed/mauritius/video/not_augmented/cull2_green_bg/head/224/occ/cn/matched/20230831_165242/m--20230831_165242--f001120.jpg,20230831_165242,mauritius,original,video,False,train,881.1373562763155
data/processed/mauritius/video/not_augmented/cull2_green_bg/head/224/occ/cn/matched/20230831_165242/m--20230831_165242--f001122.jpg,20230831_165242,mauritius,original,video,False,train,840.3984772008145
data/processed/mauritius/video/not_augmented/cull2_green_bg/head/224/occ/cn/matched/20230831_165242/m--20230831_165242--f001124.jpg,20230831_165242,mauritius,original,video,False,train,784.9712412114046
data/processed/mauritius/video/not_augmented/cull2_green_bg/head/224/occ/cn/matched/20230831_165242/m--20230831_165242--f001126.jpg,20230831_165242,mauritius,original,video,False,train,668.6108694489625
data/processed/mauritius/video/not_augmented/cull2_green_bg/head/224/occ/cn/matched/20230831_165242/m--20230831_165242--f001128.jpg,20230831_165242,mauritius,original,video,False,train,588.7840799985453
data/processed/mauritius/video/not_augmented/cull2_green_bg/head/224/occ/cn/matched/20230831_165242/m--20230831_165242--f001130.jpg,20230831_165242,mauritius,original,video,False,train,700.5887276213747
data/processed/mauritius/video/not_augmented/cull2_green_bg/head/224/occ/cn/matched/20230831_165242/m--20230831_165242--f001132.jpg,20230831_165242,mauritius,original,video,False,train,787.5043048405835
data/processed/mauritius/video/not_augmented/cull2_green_bg/head/224/occ/cn/matched/20230831_165242/m--20230831_165242--f001134.jpg,20230831_165242,mauritius,original,video,False,train,792.7904376272659
data/processed/mauritius/video/not_augmented/cull2_green_bg/head/224/occ/cn/matched/20230831_165242/m--20230831_165242--f001136.jpg,20230831_165242,mauritius,original,video,False,train,719.7229551941293
data/processed/mauritius/video/not_augmented/cull2_green_bg/head/224/occ/cn/matched/20230831_165242/m--20230831_165242--f001138.jpg,20230831_165242,mauritius,original,video,False,train,502.0984731254752
data/processed/mauritius/video/not_augmented/cull2_green_bg/head/224/occ/cn/matched/20230831_165242/m--20230831_165242--f001452.jpg,20230831_165242,mauritius,original,video,False,train,365.41394805550726
data/processed/mauritius/video/not_augmented/cull2_green_bg/head/224/occ/cn/matched/20230831_165242/m--20230831_165242--f001454.jpg,20230831_165242,mauritius,original,video,False,train,236.54041772323666
data/processed/mauritius/video/not_augmented/cull2_green_bg/head/224/occ/cn/matched/20230831_165242/m--20230831_165242--f001456.jpg,20230831_165242,mauritius,original,video,False,train,313.81859840447083
data/processed/mauritius/video/not_augmented/cull2_green_bg/head/224/occ/cn/matched/20230831_165242/m--20230831_165242--f001458.jpg,20230831_165242,mauritius,original,video,False,train,723.4637874581823
data/processed/mauritius/video/not_augmented/cull2_green_bg/head/224/occ/cn/matched/20230831_165242/m--20230831_165242--f001460.jpg,20230831_165242,mauritius,original,video,False,train,503.3022560332528
data/processed/mauritius/video/not_augmented/cull2_green_bg/head/224/occ/cn/matched/20230831_165242/m--20230831_165242--f001462.jpg,20230831_165242,mauritius,original,video,False,train,472.2480467463075
data/processed/mauritius/video/not_augmented/cull2_green_bg/head/224/occ/cn/matched/20230831_165242/m--20230831_165242--f001464.jpg,20230831_165242,mauritius,original,video,False,train,221.8441685263885
data/processed/mauritius/video/not_augmented/cull2_green_bg/head/224/occ/cn/matched/20230831_165242/m--20230831_165242--f001466.jpg,20230831_165242,mauritius,original,video,False,train,219.65906001904867
data/processed/mauritius/video/not_augmented/cull2_green_bg/head/224/occ/cn/matched/20230902_054933/m--20230902_054933--f000190.jpg,20230902_054933,mauritius,original,video,False,train,119.0572983095518
data/processed/mauritius/video/not_augmented/cull2_green_bg/head/224/occ/cn/matched/20230902_054933/m--20230902_054933--f000192.jpg,20230902_054933,mauritius,original,video,False,train,116.96657764628647
data/processed/mauritius/video/not_augmented/cull2_green_bg/head/224/occ/cn/matched/20230902_054933/m--20230902_054933--f000194.jpg,20230902_054933,mauritius,original,video,False,train,119.86224489160399
data/processed/mauritius/video/not_augmented/cull2_green_bg/head/224/occ/cn/matched/20230902_054933/m--20230902_054933--f000196.jpg,20230902_054933,mauritius,original,video,False,train,131.56975444998653
data/processed/mauritius/video/not_augmented/cull2_green_bg/head/224/occ/cn/matched/20230902_054933/m--20230902_054933--f000198.jpg,20230902_054933,mauritius,original,video,False,train,147.48604906742295
data/processed/mauritius/video/not_augmented/cull2_green_bg/head/224/occ/cn/matched/20230902_054933/m--20230902_054933--f000222.jpg,20230902_054933,mauritius,original,video,False,train,503.43947302267384
data/processed/mauritius/video/not_augmented/cull2_green_bg/head/224/occ/cn/matched/20230902_054933/m--20230902_054933--f000224.jpg,20230902_054933,mauritius,original,video,False,train,420.3710737307833
data/processed/mauritius/video/not_augmented/cull2_green_bg/head/224/occ/cn/matched/20230902_054933/m--20230902_054933--f000226.jpg,20230902_054933,mauritius,original,video,False,train,442.1842514345517
data/processed/mauritius/video/not_augmented/cull2_green_bg/head/224/occ/cn/matched/20230902_054933/m--20230902_054933--f000232.jpg,20230902_054933,mauritius,original,video,False,train,468.5449019415782
data/processed/mauritius/video/not_augmented/cull2_green_bg/head/224/occ/cn/matched/20230902_054933/m--20230902_054933--f000234.jpg,20230902_054933,mauritius,original,video,False,train,537.306082563865
data/processed/mauritius/video/not_augmented/cull2_green_bg/head/224/occ/cn/matched/20230902_054933/m--20230902_054933--f000236.jpg,20230902_054933,mauritius,original,video,False,train,535.3299783006006
data/processed/mauritius/video/not_augmented/cull2_green_bg/head/224/occ/cn/matched/20230902_054933/m--20230902_054933--f000238.jpg,20230902_054933,mauritius,original,video,False,train,483.84572302267384
data/processed/mauritius/video/not_augmented/cull2_green_bg/head/224/occ/cn/matched/20230902_054933/m--20230902_054933--f000240.jpg,20230902_054933,mauritius,original,video,False,train,578.0787029651641
data/processed/mauritius/video/not_augmented/cull2_green_bg/head/224/occ/cn/matched/20230902_054933/m--20230902_054933--f000242.jpg,20230902_054933,mauritius,original,video,False,train,588.5244339859917
data/processed/mauritius/video/not_augmented/cull2_green_bg/head/224/occ/cn/matched/20230902_054933/m--20230902_054933--f000244.jpg,20230902_054933,mauritius,original,video,False,train,338.42014107114323
data/processed/mauritius/video/not_augmented/cull2_green_bg/head/224/occ/cn/matched/20230902_054933/m--20230902_054933--f000250.jpg,20230902_054933,mauritius,original,video,False,train,545.1929208166845
data/processed/mauritius/video/not_augmented/cull2_green_bg/head/224/occ/cn/matched/20230902_054933/m--20230902_054933--f000972.jpg,20230902_054933,mauritius,original,video,False,train,87.31305787683476
data/processed/mauritius/video/not_augmented/cull2_green_bg/head/224/occ/cn/matched/20230902_054933/m--20230902_054933--f000974.jpg,20230902_054933,mauritius,original,video,False,train,93.01428769797596
data/processed/mauritius/video/not_augmented/cull2_green_bg/head/224/occ/cn/matched/20230902_054933/m--20230902_054933--f000976.jpg,20230902_054933,mauritius,original,video,False,train,87.6451476926061
data/processed/mauritius/video/not_augmented/cull2_green_bg/head/224/occ/cn/matched/20230902_054933/m--20230902_054933--f000978.jpg,20230902_054933,mauritius,original,video,False,train,109.67073897926173
data/processed/mauritius/video/not_augmented/cull2_green_bg/head/224/occ/cn/matched/20230902_054933/m--20230902_054933--f000980.jpg,20230902_054933,mauritius,original,video,False,train,141.43243755037116
data/processed/mauritius/video/not_augmented/cull2_green_bg/head/224/occ/cn/matched/20230902_054933/m--20230902_054933--f000982.jpg,20230902_054933,mauritius,original,video,False,train,115.328802513113
data/processed/mauritius/video/not_augmented/cull2_green_bg/head/224/occ/cn/matched/20230902_054933/m--20230902_054933--f001100.jpg,20230902_054933,mauritius,original,video,False,train,807.7506776132071
data/processed/mauritius/video/not_augmented/cull2_green_bg/head/224/occ/cn/matched/20230902_054933/m--20230902_054933--f001102.jpg,20230902_054933,mauritius,original,video,False,train,743.1699018557833
data/processed/mauritius/video/not_augmented/cull2_green_bg/head/224/occ/cn/matched/20230902_054933/m--20230902_054933--f001104.jpg,20230902_054933,mauritius,original,video,False,train,698.9678132777311
data/processed/mauritius/video/not_augmented/cull2_green_bg/head/224/occ/cn/matched/20230902_054933/m--20230902_054933--f001106.jpg,20230902_054933,mauritius,original,video,False,train,836.5918964571081
data/processed/mauritius/video/not_augmented/cull2_green_bg/head/224/occ/cn/matched/20230902_054933/m--20230902_054933--f001370.jpg,20230902_054933,mauritius,original,video,False,train,732.6625876516066
data/processed/mauritius/video/not_augmented/cull2_green_bg/head/224/occ/cn/matched/20230902_054933/m--20230902_054933--f001372.jpg,20230902_054933,mauritius,original,video,False,train,244.14483002253942
data/processed/mauritius/video/not_augmented/cull2_green_bg/head/224/occ/cn/matched/20230902_054933/m--20230902_054933--f001374.jpg,20230902_054933,mauritius,original,video,False,train,254.83894681751806
data/processed/mauritius/video/not_augmented/cull2_green_bg/head/224/occ/cn/matched/20230902_054933/m--20230902_054933--f001376.jpg,20230902_054933,mauritius,original,video,False,train,200.3334861284293
data/processed/mauritius/video/not_augmented/cull2_green_bg/head/224/occ/cn/matched/20230902_054933/m--20230902_054933--f001378.jpg,20230902_054933,mauritius,original,video,False,train,150.67394760239878
data/processed/mauritius/video/not_augmented/cull2_green_bg/head/224/occ/cn/matched/20230907_195130/m--20230907_195130--f000152.jpg,20230907_195130,mauritius,original,video,False,train,82.94190447671073
data/processed/mauritius/video/not_augmented/cull2_green_bg/head/224/occ/cn/matched/20230907_195130/m--20230907_195130--f000154.jpg,20230907_195130,mauritius,original,video,False,train,89.20679201398578
data/processed/mauritius/video/not_augmented/cull2_green_bg/head/224/occ/cn/matched/20230907_195130/m--20230907_195130--f000156.jpg,20230907_195130,mauritius,original,video,False,train,105.30791597632457
data/processed/mauritius/video/not_augmented/cull2_green_bg/head/224/occ/cn/matched/20230907_195130/m--20230907_195130--f000158.jpg,20230907_195130,mauritius,original,video,False,train,109.27814084219465
data/processed/mauritius/video/not_augmented/cull2_green_bg/head/224/occ/cn/matched/20230907_195130/m--20230907_195130--f000160.jpg,20230907_195130,mauritius,original,video,False,train,113.62408320162008
data/processed/mauritius/video/not_augmented/cull2_green_bg/head/224/occ/cn/matched/20230907_195130/m--20230907_195130--f000162.jpg,20230907_195130,mauritius,original,video,False,train,130.90282179782014
data/processed/mauritius/video/not_augmented/cull2_green_bg/head/224/occ/cn/matched/20230907_195130/m--20230907_195130--f000164.jpg,20230907_195130,mauritius,original,video,False,train,124.15126746041435
data/processed/mauritius/video/not_augmented/cull2_green_bg/head/224/occ/cn/matched/20230907_195130/m--20230907_195130--f000166.jpg,20230907_195130,mauritius,original,video,False,train,125.48873961701685
data/processed/mauritius/video/not_augmented/cull2_green_bg/head/224/occ/cn/matched/20230907_195130/m--20230907_195130--f000168.jpg,20230907_195130,mauritius,original,video,False,train,129.5590717088476
data/processed/mauritius/video/not_augmented/cull2_green_bg/head/224/occ/cn/matched/20230907_195130/m--20230907_195130--f000170.jpg,20230907_195130,mauritius,original,video,False,train,142.1045519198442
data/processed/mauritius/video/not_augmented/cull2_green_bg/head/224/occ/cn/matched/20230907_195130/m--20230907_195130--f000172.jpg,20230907_195130,mauritius,original,video,False,train,142.13891103157448
data/processed/mauritius/video/not_augmented/cull2_green_bg/head/224/occ/cn/matched/20230907_195130/m--20230907_195130--f000174.jpg,20230907_195130,mauritius,original,video,False,train,136.0595893272009
data/processed/mauritius/video/not_augmented/cull2_green_bg/head/224/occ/cn/matched/20230907_195130/m--20230907_195130--f000176.jpg,20230907_195130,mauritius,original,video,False,train,139.0371887829839
data/processed/mauritius/video/not_augmented/cull2_green_bg/head/224/occ/cn/matched/20230907_195130/m--20230907_195130--f000178.jpg,20230907_195130,mauritius,original,video,False,train,133.50641739641515
data/processed/mauritius/video/not_augmented/cull2_green_bg/head/224/occ/cn/matched/20230907_195130/m--20230907_195130--f000180.jpg,20230907_195130,mauritius,original,video,False,train,137.63502470308026
data/processed/mauritius/video/not_augmented/cull2_green_bg/head/224/occ/cn/matched/20230907_195130/m--20230907_195130--f000182.jpg,20230907_195130,mauritius,original,video,False,train,145.73993528390716
data/processed/mauritius/video/not_augmented/cull2_green_bg/head/224/occ/cn/matched/20230907_195130/m--20230907_195130--f000184.jpg,20230907_195130,mauritius,original,video,False,train,149.58496091803727
data/processed/mauritius/video/not_augmented/cull2_green_bg/head/224/occ/cn/matched/20230907_195130/m--20230907_195130--f000186.jpg,20230907_195130,mauritius,original,video,False,train,149.56682460162105
data/processed/mauritius/video/not_augmented/cull2_green_bg/head/224/occ/cn/matched/20230907_195130/m--20230907_195130--f000188.jpg,20230907_195130,mauritius,original,video,False,train,142.02505180767207
data/processed/mauritius/video/not_augmented/cull2_green_bg/head/224/occ/cn/matched/20230907_195130/m--20230907_195130--f000190.jpg,20230907_195130,mauritius,original,video,False,train,134.52407468154698
data/processed/mauritius/video/not_augmented/cull2_green_bg/head/224/occ/cn/matched/20230907_195130/m--20230907_195130--f000192.jpg,20230907_195130,mauritius,original,video,False,train,133.58926545039458
data/processed/mauritius/video/not_augmented/cull2_green_bg/head/224/occ/cn/matched/20230907_195130/m--20230907_195130--f000194.jpg,20230907_195130,mauritius,original,video,False,train,108.68825733259487
data/processed/mauritius/video/not_augmented/cull2_green_bg/head/224/occ/cn/matched/20230907_195130/m--20230907_195130--f000196.jpg,20230907_195130,mauritius,original,video,False,train,112.46882970508861
data/processed/mauritius/video/not_augmented/cull2_green_bg/head/224/occ/cn/matched/20230907_195130/m--20230907_195130--f000198.jpg,20230907_195130,mauritius,original,video,False,train,93.36493528390716
data/processed/mauritius/video/not_augmented/cull2_green_bg/head/224/occ/cn/matched/20230907_195130/m--20230907_195130--f000200.jpg,20230907_195130,mauritius,original,video,False,train,101.28997919510822
data/processed/mauritius/video/not_augmented/cull2_green_bg/head/224/occ/cn/matched/20230907_195130/m--20230907_195130--f000202.jpg,20230907_195130,mauritius,original,video,False,train,118.23373718770134
data/processed/mauritius/video/not_augmented/cull2_green_bg/head/224/occ/cn/matched/20230907_195130/m--20230907_195130--f000204.jpg,20230907_195130,mauritius,original,video,False,train,107.63938934313464
data/processed/mauritius/video/not_augmented/cull2_green_bg/head/224/occ/cn/matched/20230907_195130/m--20230907_195130--f000206.jpg,20230907_195130,mauritius,original,video,False,train,119.51582427304866
data/processed/mauritius/video/not_augmented/cull2_green_bg/head/224/occ/cn/matched/20230907_195130/m--20230907_195130--f000208.jpg,20230907_195130,mauritius,original,video,False,train,127.5898437102801
data/processed/mauritius/video/not_augmented/cull2_green_bg/head/224/occ/cn/matched/20230907_195130/m--20230907_195130--f000210.jpg,20230907_195130,mauritius,original,video,False,train,123.08920580265374
data/processed/mauritius/video/not_augmented/cull2_green_bg/head/224/occ/cn/matched/20230907_195130/m--20230907_195130--f000212.jpg,20230907_195130,mauritius,original,video,False,train,144.95545679169464
data/processed/mauritius/video/not_augmented/cull2_green_bg/head/224/occ/cn/matched/20230907_195130/m--20230907_195130--f000214.jpg,20230907_195130,mauritius,original,video,False,train,109.51333306720485
data/processed/mauritius/video/not_augmented/cull2_green_bg/head/224/occ/cn/matched/20230907_195130/m--20230907_195130--f000216.jpg,20230907_195130,mauritius,original,video,False,train,133.5055803428437
data/processed/mauritius/video/not_augmented/cull2_green_bg/head/224/occ/cn/matched/20230907_195130/m--20230907_195130--f000218.jpg,20230907_195130,mauritius,original,video,False,train,113.33651546516404
data/processed/mauritius/video/not_augmented/cull2_green_bg/head/224/occ/cn/matched/20230907_195130/m--20230907_195130--f000220.jpg,20230907_195130,mauritius,original,video,False,train,116.45174983698645
data/processed/mauritius/video/not_augmented/cull2_green_bg/head/224/occ/cn/matched/20230907_195130/m--20230907_195130--f000222.jpg,20230907_195130,mauritius,original,video,False,train,105.68851639002078
data/processed/mauritius/video/not_augmented/cull2_green_bg/head/224/occ/cn/matched/20230907_195130/m--20230907_195130--f000224.jpg,20230907_195130,mauritius,original,video,False,train,183.66376353283317
data/processed/mauritius/video/not_augmented/cull2_green_bg/head/224/occ/cn/matched/20230907_195130/m--20230907_195130--f000226.jpg,20230907_195130,mauritius,original,video,False,train,357.03366142210984
data/processed/mauritius/video/not_augmented/cull2_green_bg/head/224/occ/cn/matched/20230907_195130/m--20230907_195130--f000228.jpg,20230907_195130,mauritius,original,video,False,train,1078.5434068952286
data/processed/mauritius/video/not_augmented/cull2_green_bg/head/224/occ/cn/matched/20230907_195130/m--20230907_195130--f000230.jpg,20230907_195130,mauritius,original,video,False,train,757.2333784822323
data/processed/mauritius/video/not_augmented/cull2_green_bg/head/224/occ/cn/matched/20230907_195130/m--20230907_195130--f000232.jpg,20230907_195130,mauritius,original,video,False,train,743.5257692885169
data/processed/mauritius/video/not_augmented/cull2_green_bg/head/224/occ/cn/matched/20230907_195130/m--20230907_195130--f001282.jpg,20230907_195130,mauritius,original,video,False,train,326.7451570277311
data/processed/mauritius/video/not_augmented/cull2_green_bg/head/224/occ/cn/matched/20230907_195130/m--20230907_195130--f001664.jpg,20230907_195130,mauritius,original,video,False,train,147.80255499644758
data/processed/mauritius/video/not_augmented/cull2_green_bg/head/224/occ/cn/matched/20230907_195130/m--20230907_195130--f001666.jpg,20230907_195130,mauritius,original,video,False,train,194.3722894391334
data/processed/mauritius/video/not_augmented/cull2_green_bg/head/224/occ/cn/matched/20230907_195130/m--20230907_195130--f001668.jpg,20230907_195130,mauritius,original,video,False,train,203.86035149537338
data/processed/mauritius/video/not_augmented/cull2_green_bg/head/224/occ/cn/matched/20230907_195130/m--20230907_195130--f001670.jpg,20230907_195130,mauritius,original,video,False,train,148.4575294925987
data/processed/mauritius/video/not_augmented/cull2_green_bg/head/224/occ/cn/matched/20230907_195130/m--20230907_195130--f001932.jpg,20230907_195130,mauritius,original,video,False,train,796.463687761681
data/processed/mauritius/video/not_augmented/cull2_green_bg/head/224/occ/cn/matched/20230907_195130/m--20230907_195130--f001934.jpg,20230907_195130,mauritius,original,video,False,train,590.698062761681
data/processed/mauritius/video/not_augmented/cull2_green_bg/head/224/occ/cn/matched/20230907_195130/m--20230907_195130--f001936.jpg,20230907_195130,mauritius,original,video,False,train,403.6078131253497
data/processed/mauritius/video/not_augmented/cull2_green_bg/head/224/occ/cn/matched/20230907_195130/m--20230907_195130--f001938.jpg,20230907_195130,mauritius,original,video,False,train,495.8553292406742
data/processed/mauritius/video/not_augmented/cull2_green_bg/head/224/occ/cn/matched/20230907_195130/m--20230907_195130--f001940.jpg,20230907_195130,mauritius,original,video,False,train,527.2886040654594
data/processed/mauritius/video/not_augmented/cull2_green_bg/head/224/occ/cn/matched/20230907_195130/m--20230907_195130--f001942.jpg,20230907_195130,mauritius,original,video,False,train,520.2605229448845
data/processed/mauritius/video/not_augmented/cull2_green_bg/head/224/occ/cn/matched/20230907_195130/m--20230907_195130--f001944.jpg,20230907_195130,mauritius,original,video,False,train,521.9657405450512
data/processed/mauritius/video/not_augmented/cull2_green_bg/head/224/occ/cn/matched/20230907_195130/m--20230907_195130--f001946.jpg,20230907_195130,mauritius,original,video,False,train,593.7250278346592
data/processed/mauritius/video/not_augmented/cull2_green_bg/head/224/occ/cn/matched/20230907_195130/m--20230907_195130--f001948.jpg,20230907_195130,mauritius,original,video,False,train,613.5786232362435
data/processed/mauritius/video/not_augmented/cull2_green_bg/head/224/occ/cn/matched/20230907_203553/m--20230907_203553--f000160.jpg,20230907_203553,mauritius,original,video,False,val,120.35897617427472
data/processed/mauritius/video/not_augmented/cull2_green_bg/head/224/occ/cn/matched/20230907_203553/m--20230907_203553--f000162.jpg,20230907_203553,mauritius,original,video,False,val,146.25649709038217
data/processed/mauritius/video/not_augmented/cull2_green_bg/head/224/occ/cn/matched/20230907_203553/m--20230907_203553--f000164.jpg,20230907_203553,mauritius,original,video,False,val,180.03009402915768
data/processed/mauritius/video/not_augmented/cull2_green_bg/head/224/occ/cn/matched/20230907_203553/m--20230907_203553--f000166.jpg,20230907_203553,mauritius,original,video,False,val,207.02297910359044
data/processed/mauritius/video/not_augmented/cull2_green_bg/head/224/occ/cn/matched/20230907_203553/m--20230907_203553--f000168.jpg,20230907_203553,mauritius,original,video,False,val,272.7996253045784
data/processed/mauritius/video/not_augmented/cull2_green_bg/head/224/occ/cn/matched/20230907_203553/m--20230907_203553--f000170.jpg,20230907_203553,mauritius,original,video,False,val,238.48483336701688
data/processed/mauritius/video/not_augmented/cull2_green_bg/head/224/occ/cn/matched/20230907_203553/m--20230907_203553--f000172.jpg,20230907_203553,mauritius,original,video,False,val,230.12236925384892
data/processed/mauritius/video/not_augmented/cull2_green_bg/head/224/occ/cn/matched/20230907_203553/m--20230907_203553--f000174.jpg,20230907_203553,mauritius,original,video,False,val,216.34661982010817
data/processed/mauritius/video/not_augmented/cull2_green_bg/head/224/occ/cn/matched/20230907_203553/m--20230907_203553--f000176.jpg,20230907_203553,mauritius,original,video,False,val,269.2154814479054
data/processed/mauritius/video/not_augmented/cull2_green_bg/head/224/occ/cn/matched/20230907_203553/m--20230907_203553--f000178.jpg,20230907_203553,mauritius,original,video,False,val,466.2281966187565
data/processed/mauritius/video/not_augmented/cull2_green_bg/head/224/occ/cn/matched/20230907_203553/m--20230907_203553--f000180.jpg,20230907_203553,mauritius,original,video,False,val,405.50787204129153
data/processed/mauritius/video/not_augmented/cull2_green_bg/head/224/occ/cn/matched/20230907_203553/m--20230907_203553--f000182.jpg,20230907_203553,mauritius,original,video,False,val,395.58278855876296
data/processed/mauritius/video/not_augmented/cull2_green_bg/head/224/occ/cn/matched/20230907_203553/m--20230907_203553--f000184.jpg,20230907_203553,mauritius,original,video,False,val,463.3175621668233
data/processed/mauritius/video/not_augmented/cull2_green_bg/head/224/occ/cn/matched/20230907_203553/m--20230907_203553--f000186.jpg,20230907_203553,mauritius,original,video,False,val,438.583067142879
data/processed/mauritius/video/not_augmented/cull2_green_bg/head/224/occ/cn/matched/20230907_203553/m--20230907_203553--f000188.jpg,20230907_203553,mauritius,original,video,False,val,456.50695542721195
data/processed/mauritius/video/not_augmented/cull2_green_bg/head/224/occ/cn/matched/20230907_203553/m--20230907_203553--f000190.jpg,20230907_203553,mauritius,original,video,False,val,959.4022438906471
data/processed/mauritius/video/not_augmented/cull2_green_bg/head/224/occ/cn/matched/20230907_203553/m--20230907_203553--f000192.jpg,20230907_203553,mauritius,original,video,False,val,1025.888253233424
data/processed/mauritius/video/not_augmented/cull2_green_bg/head/224/occ/cn/matched/20230907_203553/m--20230907_203553--f000194.jpg,20230907_203553,mauritius,original,video,False,val,1162.2646482623352
data/processed/mauritius/video/not_augmented/cull2_green_bg/head/224/occ/cn/matched/20230907_203553/m--20230907_203553--f000196.jpg,20230907_203553,mauritius,original,video,False,val,960.9381576813743
data/processed/mauritius/video/not_augmented/cull2_green_bg/head/224/occ/cn/matched/20230907_203553/m--20230907_203553--f000198.jpg,20230907_203553,mauritius,original,video,False,val,955.8682434478436
data/processed/mauritius/video/not_augmented/cull2_green_bg/head/224/occ/cn/matched/20230907_203553/m--20230907_203553--f000200.jpg,20230907_203553,mauritius,original,video,False,val,791.3902061836565
data/processed/mauritius/video/not_augmented/cull2_green_bg/head/224/occ/cn/matched/20230907_203553/m--20230907_203553--f000202.jpg,20230907_203553,mauritius,original,video,False,val,792.9326968588265
data/processed/mauritius/video/not_augmented/cull2_green_bg/head/224/occ/cn/matched/20230907_203553/m--20230907_203553--f000204.jpg,20230907_203553,mauritius,original,video,False,val,1095.6080197306883
data/processed/mauritius/video/not_augmented/cull2_green_bg/head/224/occ/cn/matched/20230907_203553/m--20230907_203553--f000206.jpg,20230907_203553,mauritius,original,video,False,val,1389.5455396331283
data/processed/mauritius/video/not_augmented/cull2_green_bg/head/224/occ/cn/matched/20230907_203553/m--20230907_203553--f000208.jpg,20230907_203553,mauritius,original,video,False,val,1586.8000238379655
data/processed/mauritius/video/not_augmented/cull2_green_bg/head/224/occ/cn/matched/20230907_203553/m--20230907_203553--f000210.jpg,20230907_203553,mauritius,original,video,False,val,1756.7721419705792
data/processed/mauritius/video/not_augmented/cull2_green_bg/head/224/occ/cn/matched/20230907_203553/m--20230907_203553--f000212.jpg,20230907_203553,mauritius,original,video,False,val,1674.4380181617216
data/processed/mauritius/video/not_augmented/cull2_green_bg/head/224/occ/cn/matched/20230907_203553/m--20230907_203553--f000214.jpg,20230907_203553,mauritius,original,video,False,val,1780.198839968118
data/processed/mauritius/video/not_augmented/cull2_green_bg/head/224/occ/cn/matched/20230907_203553/m--20230907_203553--f000216.jpg,20230907_203553,mauritius,original,video,False,val,1814.6315767716392
data/processed/mauritius/video/not_augmented/cull2_green_bg/head/224/occ/cn/matched/20230907_203553/m--20230907_203553--f000218.jpg,20230907_203553,mauritius,original,video,False,val,1768.1056678196826
data/processed/mauritius/video/not_augmented/cull2_green_bg/head/224/occ/cn/matched/20230907_203553/m--20230907_203553--f000220.jpg,20230907_203553,mauritius,original,video,False,val,1238.6536391578777
data/processed/mauritius/video/not_augmented/cull2_green_bg/head/224/occ/cn/matched/20230907_203553/m--20230907_203553--f000222.jpg,20230907_203553,mauritius,original,video,False,val,1417.7493024454275
data/processed/mauritius/video/not_augmented/cull2_green_bg/head/224/occ/cn/matched/20230907_203553/m--20230907_203553--f000224.jpg,20230907_203553,mauritius,original,video,False,val,976.4486402406735
data/processed/mauritius/video/not_augmented/cull2_green_bg/head/224/occ/cn/matched/20230907_203553/m--20230907_203553--f000226.jpg,20230907_203553,mauritius,original,video,False,val,352.0661869545571
data/processed/mauritius/video/not_augmented/cull2_green_bg/head/224/occ/cn/matched/20230907_203553/m--20230907_203553--f000228.jpg,20230907_203553,mauritius,original,video,False,val,200.40652900355795
data/processed/mauritius/video/not_augmented/cull2_green_bg/head/224/occ/cn/matched/20230907_203553/m--20230907_203553--f000230.jpg,20230907_203553,mauritius,original,video,False,val,157.65146682243554
data/processed/mauritius/video/not_augmented/cull2_green_bg/head/224/occ/cn/matched/20230907_203553/m--20230907_203553--f000232.jpg,20230907_203553,mauritius,original,video,False,val,147.6833745117537
data/processed/mauritius/video/not_augmented/cull2_green_bg/head/224/occ/cn/matched/20230907_203553/m--20230907_203553--f000234.jpg,20230907_203553,mauritius,original,video,False,val,117.3589564410412
data/processed/mauritius/video/not_augmented/cull2_green_bg/head/224/occ/cn/matched/20230907_203553/m--20230907_203553--f000236.jpg,20230907_203553,mauritius,original,video,False,val,128.23154488388374
data/processed/mauritius/video/not_augmented/cull2_green_bg/head/224/occ/cn/matched/20230907_203553/m--20230907_203553--f000238.jpg,20230907_203553,mauritius,original,video,False,val,107.63394838648505
data/processed/mauritius/video/not_augmented/cull2_green_bg/head/224/occ/cn/matched/20230911_185250/m--20230911_185250--f000188.jpg,20230911_185250,mauritius,original,video,False,train,181.0404972567353
data/processed/mauritius/video/not_augmented/cull2_green_bg/head/224/occ/cn/matched/20230911_185250/m--20230911_185250--f000190.jpg,20230911_185250,mauritius,original,video,False,train,182.650549904896
data/processed/mauritius/video/not_augmented/cull2_green_bg/head/224/occ/cn/matched/20230911_185250/m--20230911_185250--f000194.jpg,20230911_185250,mauritius,original,video,False,train,125.27295918208468
data/processed/mauritius/video/not_augmented/cull2_green_bg/head/224/occ/cn/matched/20230911_185250/m--20230911_185250--f000196.jpg,20230911_185250,mauritius,original,video,False,train,134.72257640191984
data/processed/mauritius/video/not_augmented/cull2_green_bg/head/224/occ/cn/matched/20230911_185250/m--20230911_185250--f000198.jpg,20230911_185250,mauritius,original,video,False,train,144.129942600452
data/processed/mauritius/video/not_augmented/cull2_green_bg/head/224/occ/cn/matched/20230911_185250/m--20230911_185250--f000200.jpg,20230911_185250,mauritius,original,video,False,train,158.33181173212574
data/processed/mauritius/video/not_augmented/cull2_green_bg/head/224/occ/cn/matched/20230911_185250/m--20230911_185250--f000202.jpg,20230911_185250,mauritius,original,video,False,train,170.64463075584595
data/processed/mauritius/video/not_augmented/cull2_green_bg/head/224/occ/cn/matched/20230911_185250/m--20230911_185250--f000204.jpg,20230911_185250,mauritius,original,video,False,train,204.51789684367154
data/processed/mauritius/video/not_augmented/cull2_green_bg/head/224/occ/cn/matched/20230911_185250/m--20230911_185250--f000206.jpg,20230911_185250,mauritius,original,video,False,train,223.4889389313742
data/processed/mauritius/video/not_augmented/cull2_green_bg/head/224/occ/cn/matched/20230911_185250/m--20230911_185250--f000208.jpg,20230911_185250,mauritius,original,video,False,train,207.61459658017807
data/processed/mauritius/video/not_augmented/cull2_green_bg/head/224/occ/cn/matched/20230911_185250/m--20230911_185250--f000210.jpg,20230911_185250,mauritius,original,video,False,train,170.24559516978235
data/processed/mauritius/video/not_augmented/cull2_green_bg/head/224/occ/cn/matched/20230911_185250/m--20230911_185250--f000212.jpg,20230911_185250,mauritius,original,video,False,train,162.0298349709374
data/processed/mauritius/video/not_augmented/cull2_green_bg/head/224/occ/cn/matched/20230911_185250/m--20230911_185250--f000214.jpg,20230911_185250,mauritius,original,video,False,train,161.34040178571428
data/processed/mauritius/video/not_augmented/cull2_green_bg/head/224/occ/cn/matched/20230911_185250/m--20230911_185250--f000216.jpg,20230911_185250,mauritius,original,video,False,train,147.85652454531925
data/processed/mauritius/video/not_augmented/cull2_green_bg/head/224/occ/cn/matched/20230911_185250/m--20230911_185250--f000218.jpg,20230911_185250,mauritius,original,video,False,train,143.8556082585314
data/processed/mauritius/video/not_augmented/cull2_green_bg/head/224/occ/cn/matched/20230911_185250/m--20230911_185250--f000220.jpg,20230911_185250,mauritius,original,video,False,train,208.79209177953805
data/processed/mauritius/video/not_augmented/cull2_green_bg/head/224/occ/cn/matched/20230911_185250/m--20230911_185250--f000222.jpg,20230911_185250,mauritius,original,video,False,train,354.7968748713075
data/processed/mauritius/video/not_augmented/cull2_green_bg/head/224/occ/cn/matched/20230911_185250/m--20230911_185250--f000224.jpg,20230911_185250,mauritius,original,video,False,train,474.4270966055988
data/processed/mauritius/video/not_augmented/cull2_green_bg/head/224/occ/cn/matched/20230911_185250/m--20230911_185250--f000226.jpg,20230911_185250,mauritius,original,video,False,train,855.9524872433092
data/processed/mauritius/video/not_augmented/cull2_green_bg/head/224/occ/cn/matched/20230911_185250/m--20230911_185250--f000228.jpg,20230911_185250,mauritius,original,video,False,train,809.0775669499865
data/processed/mauritius/video/not_augmented/cull2_green_bg/head/224/occ/cn/matched/20230911_185250/m--20230911_185250--f000230.jpg,20230911_185250,mauritius,original,video,False,train,715.0256290141865
data/processed/mauritius/video/not_augmented/cull2_green_bg/head/224/occ/cn/matched/20230911_185250/m--20230911_185250--f000232.jpg,20230911_185250,mauritius,original,video,False,train,891.94278126605
data/processed/mauritius/video/not_augmented/cull2_green_bg/head/224/occ/cn/matched/20230911_185250/m--20230911_185250--f000234.jpg,20230911_185250,mauritius,original,video,False,train,957.7933075252247
data/processed/mauritius/video/not_augmented/cull2_green_bg/head/224/occ/cn/matched/20230911_185250/m--20230911_185250--f000236.jpg,20230911_185250,mauritius,original,video,False,train,1176.55602279617
data/processed/mauritius/video/not_augmented/cull2_green_bg/head/224/occ/cn/matched/20230911_185250/m--20230911_185250--f000238.jpg,20230911_185250,mauritius,original,video,False,train,1270.4923463032574
data/processed/mauritius/video/not_augmented/cull2_green_bg/head/224/occ/cn/matched/20230911_185250/m--20230911_185250--f000240.jpg,20230911_185250,mauritius,original,video,False,train,1492.6686264027758
data/processed/mauritius/video/not_augmented/cull2_green_bg/head/224/occ/cn/matched/20230911_185250/m--20230911_185250--f000242.jpg,20230911_185250,mauritius,original,video,False,train,1336.876514662012
data/processed/mauritius/video/not_augmented/cull2_green_bg/head/224/occ/cn/matched/20230911_185250/m--20230911_185250--f000244.jpg,20230911_185250,mauritius,original,video,False,train,1206.6745256025163
data/processed/mauritius/video/not_augmented/cull2_green_bg/head/224/occ/cn/matched/20230911_185250/m--20230911_185250--f000246.jpg,20230911_185250,mauritius,original,video,False,train,765.3151105998307
data/processed/mauritius/video/not_augmented/cull2_green_bg/head/224/occ/cn/matched/20230911_185250/m--20230911_185250--f000248.jpg,20230911_185250,mauritius,original,video,False,train,739.7329998306313
