path,identity,species,background,source,augmented,split,quality
data/processed/mauritius/video/not_augmented/cull2_green_bg/head/224/occ/cn/none/20230805_131123/m--20230805_131123--f000746.jpg,20230805_131123,mauritius,original,video,False,val,129.4975684569906
data/processed/mauritius/video/not_augmented/cull2_green_bg/head/224/occ/cn/none/20230805_131123/m--20230805_131123--f000748.jpg,20230805_131123,mauritius,original,video,False,val,129.128845916694
data/processed/mauritius/video/not_augmented/cull2_green_bg/head/224/occ/cn/none/20230805_131123/m--20230805_131123--f000750.jpg,20230805_131123,mauritius,original,video,False,val,139.29394530257
data/processed/mauritius/video/not_augmented/cull2_green_bg/head/224/occ/cn/none/20230805_131123/m--20230805_131123--f000752.jpg,20230805_131123,mauritius,original,video,False,val,127.06295836701685
data/processed/mauritius/video/not_augmented/cull2_green_bg/head/224/occ/cn/none/20230805_131123/m--20230805_131123--f000754.jpg,20230805_131123,mauritius,original,video,False,val,130.56987400364747
data/processed/mauritius/video/not_augmented/cull2_green_bg/head/224/occ/cn/none/20230805_131123/m--20230805_131123--f000756.jpg,20230805_131123,mauritius,original,video,False,val,134.4092793367347
data/processed/mauritius/video/not_augmented/cull2_green_bg/head/224/occ/cn/none/20230805_131123/m--20230805_131123--f000758.jpg,20230805_131123,mauritius,original,video,False,val,115.47205834823666
data/processed/mauritius/video/not_augmented/cull2_green_bg/head/224/occ/cn/none/20230805_131123/m--20230805_131123--f000760.jpg,20230805_131123,mauritius,original,video,False,val,105.2440209680674
data/processed/mauritius/video/not_augmented/cull2_green_bg/head/224/occ/cn/none/20230805_131123/m--20230805_131123--f000824.jpg,20230805_131123,mauritius,original,video,False,val,1270.6944152751798
data/processed/mauritius/video/not_augmented/cull2_green_bg/head/224/occ/cn/none/20230805_131123/m--20230805_131123--f000826.jpg,20230805_131123,mauritius,original,video,False,val,1530.392996648211
data/processed/mauritius/video/not_augmented/cull2_green_bg/head/224/occ/cn/none/20230805_131123/m--20230805_131123--f000828.jpg,20230805_131123,mauritius,original,video,False,val,1447.945491801496
data/processed/mauritius/video/not_augmented/cull2_green_bg/head/224/occ/cn/none/20230805_131123/m--20230805_131123--f000830.jpg,20230805_131123,mauritius,original,video,False,val,1086.8072584021938
data/processed/mauritius/video/not_augmented/cull2_green_bg/head/224/occ/cn/none/20230805_131123/m--20230805_131123--f000836.jpg,20230805_131123,mauritius,original,video,False,val,883.3536351897823
data/processed/mauritius/video/not_augmented/cull2_green_bg/head/224/occ/cn/none/20230805_131123/m--20230805_131123--f000850.jpg,20230805_131123,mauritius,original,video,False,val,93.9269172508783
data/processed/mauritius/video/not_augmented/cull2_green_bg/head/224/occ/cn/none/20230805_131123/m--20230805_131123--f000852.jpg,20230805_131123,mauritius,original,video,False,val,82.21169470549127
data/processed/mauritius/video/not_augmented/cull2_green_bg/head/224/occ/cn/none/20230805_131123/m--20230805_131123--f000874.jpg,20230805_131123,mauritius,original,video,False,val,36.820671230889715
data/processed/mauritius/video/not_augmented/cull2_green_bg/head/224/occ/cn/none/20230805_131123/m--20230805_131123--f000876.jpg,20230805_131123,mauritius,original,video,False,val,40.70575573820713
data/processed/mauritius/video/not_augmented/cull2_green_bg/head/224/occ/cn/none/20230805_132834/m--20230805_132834--f000538.jpg,20230805_132834,mauritius,original,video,False,test,34.957788577828495
data/processed/mauritius/video/not_augmented/cull2_green_bg/head/224/occ/cn/none/20230805_132834/m--20230805_132834--f000540.jpg,20230805_132834,mauritius,original,video,False,test,419.5261878045783
data/processed/mauritius/video/not_augmented/cull2_green_bg/head/224/occ/cn/none/20230805_132834/m--20230805_132834--f000542.jpg,20230805_132834,mauritius,original,video,False,test,1043.288524279342
data/processed/mauritius/video/not_augmented/cull2_green_bg/head/224/occ/cn/none/20230805_132834/m--20230805_132834--f000544.jpg,20230805_132834,mauritius,original,video,False,test,1602.8312935974136
data/processed/mauritius/video/not_augmented/cull2_green_bg/head/224/occ/cn/none/20230805_132834/m--20230805_132834--f000546.jpg,20230805_132834,mauritius,original,video,False,test,1927.778698978003
data/processed/mauritius/video/not_augmented/cull2_green_bg/head/224/occ/cn/none/20230805_132834/m--20230805_132834--f000548.jpg,20230805_132834,mauritius,original,video,False,test,2075.293307537935
data/processed/mauritius/video/not_augmented/cull2_green_bg/head/224/occ/cn/none/20230805_132834/m--20230805_132834--f000550.jpg,20230805_132834,mauritius,original,video,False,test,2138.890365908415
data/processed/mauritius/video/not_augmented/cull2_green_bg/head/224/occ/cn/none/20230805_132834/m--20230805_132834--f000552.jpg,20230805_132834,mauritius,original,video,False,test,2147.695890465164
data/processed/mauritius/video/not_augmented/cull2_green_bg/head/224/occ/cn/none/20230805_132834/m--20230805_132834--f000554.jpg,20230805_132834,mauritius,original,video,False,test,2083.3456831852227
data/processed/mauritius/video/not_augmented/cull2_green_bg/head/224/occ/cn/none/20230805_132834/m--20230805_132834--f000556.jpg,20230805_132834,mauritius,original,video,False,test,2198.00494257662
data/processed/mauritius/video/not_augmented/cull2_green_bg/head/224/occ/cn/none/20230805_132834/m--20230805_132834--f000558.jpg,20230805_132834,mauritius,original,video,False,test,2321.375817104262
data/processed/mauritius/video/not_augmented/cull2_green_bg/head/224/occ/cn/none/20230805_132834/m--20230805_132834--f000560.jpg,20230805_132834,mauritius,original,video,False,test,2164.0433273283656
data/processed/mauritius/video/not_augmented/cull2_green_bg/head/224/occ/cn/none/20230805_132834/m--20230805_132834--f000562.jpg,20230805_132834,mauritius,original,video,False,test,2031.6512874645375
data/processed/mauritius/video/not_augmented/cull2_green_bg/head/224/occ/cn/none/20230805_132834/m--20230805_132834--f000564.jpg,20230805_132834,mauritius,original,video,False,test,1912.0484494384455
data/processed/mauritius/video/not_augmented/cull2_green_bg/head/224/occ/cn/none/20230805_132834/m--20230805_132834--f000566.jpg,20230805_132834,mauritius,original,video,False,test,1693.1225685523182
data/processed/mauritius/video/not_augmented/cull2_green_bg/head/224/occ/cn/none/20230805_132834/m--20230805_132834--f000568.jpg,20230805_132834,mauritius,original,video,False,test,1565.1975046544705
data/processed/mauritius/video/not_augmented/cull2_green_bg/head/224/occ/cn/none/20230805_132834/m--20230805_132834--f000570.jpg,20230805_132834,mauritius,original,video,False,test,1379.236706788517
data/processed/mauritius/video/not_augmented/cull2_green_bg/head/224/occ/cn/none/20230805_132834/m--20230805_132834--f000572.jpg,20230805_132834,mauritius,original,video,False,test,1357.3752590208835
data/processed/mauritius/video/not_augmented/cull2_green_bg/head/224/occ/cn/none/20230805_132834/m--20230805_132834--f000574.jpg,20230805_132834,mauritius,original,video,False,test,1276.0053611188964
data/processed/mauritius/video/not_augmented/cull2_green_bg/head/224/occ/cn/none/20230805_132834/m--20230805_132834--f000576.jpg,20230805_132834,mauritius,original,video,False,test,1170.189074409847
data/processed/mauritius/video/not_augmented/cull2_green_bg/head/224/occ/cn/none/20230805_132834/m--20230805_132834--f000578.jpg,20230805_132834,mauritius,original,video,False,test,1050.854252885948
data/processed/mauritius/video/not_augmented/cull2_green_bg/head/224/occ/cn/none/20230805_132834/m--20230805_132834--f000580.jpg,20230805_132834,mauritius,original,video,False,test,1083.2143654082527
data/processed/mauritius/video/not_augmented/cull2_green_bg/head/224/occ/cn/none/20230805_132834/m--20230805_132834--f000582.jpg,20230805_132834,mauritius,original,video,False,test,1145.0487882510067
data/processed/mauritius/video/not_augmented/cull2_green_bg/head/224/occ/cn/none/20230805_132834/m--20230805_132834--f000584.jpg,20230805_132834,mauritius,original,video,False,test,1073.1148955640272
data/processed/mauritius/video/not_augmented/cull2_green_bg/head/224/occ/cn/none/20230805_132834/m--20230805_132834--f000586.jpg,20230805_132834,mauritius,original,video,False,test,974.1103116706332
data/processed/mauritius/video/not_augmented/cull2_green_bg/head/224/occ/cn/none/20230805_132834/m--20230805_132834--f000588.jpg,20230805_132834,mauritius,original,video,False,test,926.1321546716622
data/processed/mauritius/video/not_augmented/cull2_green_bg/head/224/occ/cn/none/20230805_132834/m--20230805_132834--f000590.jpg,20230805_132834,mauritius,original,video,False,test,893.4179089505292
data/processed/mauritius/video/not_augmented/cull2_green_bg/head/224/occ/cn/none/20230805_135856/m--20230805_135856--f000146.jpg,20230805_135856,mauritius,original,video,False,val,12.917928375536478
data/processed/mauritius/video/not_augmented/cull2_green_bg/head/224/occ/cn/none/20230805_135856/m--20230805_135856--f000148.jpg,20230805_135856,mauritius,original,video,False,val,10.288803379816695
data/processed/mauritius/video/not_augmented/cull2_green_bg/head/224/occ/cn/none/20230805_135856/m--20230805_135856--f000152.jpg,20230805_135856,mauritius,original,video,False,val,8.265784432420329
data/processed/mauritius/video/not_augmented/cull2_green_bg/head/224/occ/cn/none/20230805_135856/m--20230805_135856--f000154.jpg,20230805_135856,mauritius,original,video,False,val,38.39020642515324
data/processed/mauritius/video/not_augmented/cull2_green_bg/head/224/occ/cn/none/20230805_135856/m--20230805_135856--f000156.jpg,20230805_135856,mauritius,original,video,False,val,222.0385443223908
data/processed/mauritius/video/not_augmented/cull2_green_bg/head/224/occ/cn/none/20230805_135856/m--20230805_135856--f000158.jpg,20230805_135856,mauritius,original,video,False,val,84.20491866080376
data/processed/mauritius/video/not_augmented/cull2_green_bg/head/224/occ/cn/none/20230805_135856/m--20230805_135856--f000162.jpg,20230805_135856,mauritius,original,video,False,val,45.90648915180808
data/processed/mauritius/video/not_augmented/cull2_green_bg/head/224/occ/cn/none/20230805_135856/m--20230805_135856--f000322.jpg,20230805_135856,mauritius,original,video,False,val,7.789281295766834
data/processed/mauritius/video/not_augmented/cull2_green_bg/head/224/occ/cn/none/20230805_135856/m--20230805_135856--f000574.jpg,20230805_135856,mauritius,original,video,False,val,22.514209948694244
data/processed/mauritius/video/not_augmented/cull2_green_bg/head/224/occ/cn/none/20230805_135856/m--20230805_135856--f000576.jpg,20230805_135856,mauritius,original,video,False,val,26.629703404157677
data/processed/mauritius/video/not_augmented/cull2_green_bg/head/224/occ/cn/none/20230805_135856/m--20230805_135856--f000582.jpg,20230805_135856,mauritius,original,video,False,val,172.60092474330918
data/processed/mauritius/video/not_augmented/cull2_green_bg/head/224/occ/cn/none/20230805_135856/m--20230805_135856--f000586.jpg,20230805_135856,mauritius,original,video,False,val,251.89720174780695
data/processed/mauritius/video/not_augmented/cull2_green_bg/head/224/occ/cn/none/20230805_135856/m--20230805_135856--f000588.jpg,20230805_135856,mauritius,original,video,False,val,594.648098644541
data/processed/mauritius/video/not_augmented/cull2_green_bg/head/224/occ/cn/none/20230805_135856/m--20230805_135856--f000590.jpg,20230805_135856,mauritius,original,video,False,val,676.5872129704842
data/processed/mauritius/video/not_augmented/cull2_green_bg/head/224/occ/cn/none/20230805_135856/m--20230805_135856--f000592.jpg,20230805_135856,mauritius,original,video,False,val,735.1198779971636
data/processed/mauritius/video/not_augmented/cull2_green_bg/head/224/occ/cn/none/20230805_135856/m--20230805_135856--f000594.jpg,20230805_135856,mauritius,original,video,False,val,779.7687140941025
data/processed/mauritius/video/not_augmented/cull2_green_bg/head/224/occ/cn/none/20230805_135856/m--20230805_135856--f000596.jpg,20230805_135856,mauritius,original,video,False,val,805.6812220088445
data/processed/mauritius/video/not_augmented/cull2_green_bg/head/224/occ/cn/none/20230805_135856/m--20230805_135856--f000598.jpg,20230805_135856,mauritius,original,video,False,val,783.0774872433092
data/processed/mauritius/video/not_augmented/cull2_green_bg/head/224/occ/cn/none/20230805_135856/m--20230805_135856--f000600.jpg,20230805_135856,mauritius,original,video,False,val,808.3137555132305
data/processed/mauritius/video/not_augmented/cull2_green_bg/head/224/occ/cn/none/20230805_135856/m--20230805_135856--f000602.jpg,20230805_135856,mauritius,original,video,False,val,858.1295638201585
data/processed/mauritius/video/not_augmented/cull2_green_bg/head/224/occ/cn/none/20230805_135856/m--20230805_135856--f000604.jpg,20230805_135856,mauritius,original,video,False,val,876.0845821687253
data/processed/mauritius/video/not_augmented/cull2_green_bg/head/224/occ/cn/none/20230805_135856/m--20230805_135856--f000606.jpg,20230805_135856,mauritius,original,video,False,val,849.001355228003
data/processed/mauritius/video/not_augmented/cull2_green_bg/head/224/occ/cn/none/20230805_135856/m--20230805_135856--f000608.jpg,20230805_135856,mauritius,original,video,False,val,94.70115176998839
data/processed/mauritius/video/not_augmented/cull2_green_bg/head/224/occ/cn/none/20230805_135856/m--20230805_135856--f000610.jpg,20230805_135856,mauritius,original,video,False,val,57.605329208898326
data/processed/mauritius/video/not_augmented/cull2_green_bg/head/224/occ/cn/none/20230805_135856/m--20230805_135856--f001484.jpg,20230805_135856,mauritius,original,video,False,val,251.6883769116765
data/processed/mauritius/video/not_augmented/cull2_green_bg/head/224/occ/cn/none/20230805_135856/m--20230805_135856--f001486.jpg,20230805_135856,mauritius,original,video,False,val,266.2304089568844
data/processed/mauritius/video/not_augmented/cull2_green_bg/head/224/occ/cn/none/20230805_135856/m--20230805_135856--f001488.jpg,20230805_135856,mauritius,original,video,False,val,319.42038025154966
data/processed/mauritius/video/not_augmented/cull2_green_bg/head/224/occ/cn/none/20230805_135856/m--20230805_135856--f001490.jpg,20230805_135856,mauritius,original,video,False,val,380.7665617024089
data/processed/mauritius/video/not_augmented/cull2_green_bg/head/224/occ/cn/none/20230805_135856/m--20230805_135856--f001492.jpg,20230805_135856,mauritius,original,video,False,val,402.8098692586153
data/processed/mauritius/video/not_augmented/cull2_green_bg/head/224/occ/cn/none/20230805_135856/m--20230805_135856--f001494.jpg,20230805_135856,mauritius,original,video,False,val,426.3542729575949
data/processed/mauritius/video/not_augmented/cull2_green_bg/head/224/occ/cn/none/20230805_135856/m--20230805_135856--f001498.jpg,20230805_135856,mauritius,original,video,False,val,658.300143417047
data/processed/mauritius/video/not_augmented/cull2_green_bg/head/224/occ/cn/none/20230805_135856/m--20230805_135856--f001506.jpg,20230805_135856,mauritius,original,video,False,val,95.29920678851705
data/processed/mauritius/video/not_augmented/cull2_green_bg/head/224/occ/cn/none/20230805_135856/m--20230805_135856--f001508.jpg,20230805_135856,mauritius,original,video,False,val,89.42330982028719
data/processed/mauritius/video/not_augmented/cull2_green_bg/head/224/occ/cn/none/20230805_135856/m--20230805_135856--f001510.jpg,20230805_135856,mauritius,original,video,False,val,89.50631772930649
data/processed/mauritius/video/not_augmented/cull2_green_bg/head/224/occ/cn/none/20230805_144129/m--20230805_144129--f000140.jpg,20230805_144129,mauritius,original,video,False,train,13.77961574619584
data/processed/mauritius/video/not_augmented/cull2_green_bg/head/224/occ/cn/none/20230805_144129/m--20230805_144129--f000146.jpg,20230805_144129,mauritius,original,video,False,train,211.5754543750895
data/processed/mauritius/video/not_augmented/cull2_green_bg/head/224/occ/cn/none/20230805_144129/m--20230805_144129--f001030.jpg,20230805_144129,mauritius,original,video,False,train,284.46597973181275
data/processed/mauritius/video/not_augmented/cull2_green_bg/head/224/occ/cn/none/20230805_145141/m--20230805_145141--f000694.jpg,20230805_145141,mauritius,original,video,False,train,409.54398514002077
data/processed/mauritius/video/not_augmented/cull2_green_bg/head/224/occ/cn/none/20230805_145141/m--20230805_145141--f000702.jpg,20230805_145141,mauritius,original,video,False,train,773.9650629747415
data/processed/mauritius/video/not_augmented/cull2_green_bg/head/224/occ/cn/none/20230805_145141/m--20230805_145141--f000704.jpg,20230805_145141,mauritius,original,video,False,train,660.1786311859391
data/processed/mauritius/video/not_augmented/cull2_green_bg/head/224/occ/cn/none/20230805_145141/m--20230805_145141--f000706.jpg,20230805_145141,mauritius,original,video,False,train,654.3933952451497
data/processed/mauritius/video/not_augmented/cull2_green_bg/head/224/occ/cn/none/20230805_145141/m--20230805_145141--f000708.jpg,20230805_145141,mauritius,original,video,False,train,633.73826128798
data/processed/mauritius/video/not_augmented/cull2_green_bg/head/224/occ/cn/none/20230805_145141/m--20230805_145141--f000710.jpg,20230805_145141,mauritius,original,video,False,train,572.8026346935923
data/processed/mauritius/video/not_augmented/cull2_green_bg/head/224/occ/cn/none/20230805_145141/m--20230805_145141--f000712.jpg,20230805_145141,mauritius,original,video,False,train,539.3036507412277
data/processed/mauritius/video/not_augmented/cull2_green_bg/head/224/occ/cn/none/20230805_145141/m--20230805_145141--f000714.jpg,20230805_145141,mauritius,original,video,False,train,522.3650549869149
data/processed/mauritius/video/not_augmented/cull2_green_bg/head/224/occ/cn/none/20230805_145141/m--20230805_145141--f000716.jpg,20230805_145141,mauritius,original,video,False,train,507.1304407334237
data/processed/mauritius/video/not_augmented/cull2_green_bg/head/224/occ/cn/none/20230805_145141/m--20230805_145141--f000718.jpg,20230805_145141,mauritius,original,video,False,train,469.0866151084408
data/processed/mauritius/video/not_augmented/cull2_green_bg/head/224/occ/cn/none/20230805_145141/m--20230805_145141--f000720.jpg,20230805_145141,mauritius,original,video,False,train,460.0458185429476
data/processed/mauritius/video/not_augmented/cull2_green_bg/head/224/occ/cn/none/20230805_145141/m--20230805_145141--f000722.jpg,20230805_145141,mauritius,original,video,False,train,449.75442436882383
data/processed/mauritius/video/not_augmented/cull2_green_bg/head/224/occ/cn/none/20230805_145141/m--20230805_145141--f000724.jpg,20230805_145141,mauritius,original,video,False,train,410.12988279303727
data/processed/mauritius/video/not_augmented/cull2_green_bg/head/224/occ/cn/none/20230805_145141/m--20230805_145141--f000726.jpg,20230805_145141,mauritius,original,video,False,train,352.6493541140796
data/processed/mauritius/video/not_augmented/cull2_green_bg/head/224/occ/cn/none/20230805_145141/m--20230805_145141--f000728.jpg,20230805_145141,mauritius,original,video,False,train,241.95208864160404
data/processed/mauritius/video/not_augmented/cull2_green_bg/head/224/occ/cn/none/20230805_145141/m--20230805_145141--f000730.jpg,20230805_145141,mauritius,original,video,False,train,270.73082725845836
data/processed/mauritius/video/not_augmented/cull2_green_bg/head/224/occ/cn/none/20230805_145141/m--20230805_145141--f000732.jpg,20230805_145141,mauritius,original,video,False,train,252.79695449060125
data/processed/mauritius/video/not_augmented/cull2_green_bg/head/224/occ/cn/none/20230805_145141/m--20230805_145141--f000734.jpg,20230805_145141,mauritius,original,video,False,train,253.9068278761915
data/processed/mauritius/video/not_augmented/cull2_green_bg/head/224/occ/cn/none/20230805_145141/m--20230805_145141--f000736.jpg,20230805_145141,mauritius,original,video,False,train,230.21295008049663
data/processed/mauritius/video/not_augmented/cull2_green_bg/head/224/occ/cn/none/20230805_145141/m--20230805_145141--f000738.jpg,20230805_145141,mauritius,original,video,False,train,281.1868621162056
data/processed/mauritius/video/not_augmented/cull2_green_bg/head/224/occ/cn/none/20230805_145141/m--20230805_145141--f000740.jpg,20230805_145141,mauritius,original,video,False,train,301.2334382300673
data/processed/mauritius/video/not_augmented/cull2_green_bg/head/224/occ/cn/none/20230805_145141/m--20230805_145141--f000742.jpg,20230805_145141,mauritius,original,video,False,train,316.7510562719578
data/processed/mauritius/video/not_augmented/cull2_green_bg/head/224/occ/cn/none/20230805_145141/m--20230805_145141--f000934.jpg,20230805_145141,mauritius,original,video,False,train,454.7335777918233
data/processed/mauritius/video/not_augmented/cull2_green_bg/head/224/occ/cn/none/20230805_145141/m--20230805_145141--f000936.jpg,20230805_145141,mauritius,original,video,False,train,252.0637954396538
data/processed/mauritius/video/not_augmented/cull2_green_bg/head/224/occ/cn/none/20230805_145141/m--20230805_145141--f000996.jpg,20230805_145141,mauritius,original,video,False,train,49.15525331540884
data/processed/mauritius/video/not_augmented/cull2_green_bg/head/224/occ/cn/none/20230805_145141/m--20230805_145141--f000998.jpg,20230805_145141,mauritius,original,video,False,train,55.77092633293053
data/processed/mauritius/video/not_augmented/cull2_green_bg/head/224/occ/cn/none/20230805_145141/m--20230805_145141--f001000.jpg,20230805_145141,mauritius,original,video,False,train,63.82983877459252
data/processed/mauritius/video/not_augmented/cull2_green_bg/head/224/occ/cn/none/20230805_145141/m--20230805_145141--f001002.jpg,20230805_145141,mauritius,original,video,False,train,66.21570072984358
data/processed/mauritius/video/not_augmented/cull2_green_bg/head/224/occ/cn/none/20230805_145141/m--20230805_145141--f001060.jpg,20230805_145141,mauritius,original,video,False,train,68.28543526785714
data/processed/mauritius/video/not_augmented/cull2_green_bg/head/224/occ/cn/none/20230805_145141/m--20230805_145141--f001062.jpg,20230805_145141,mauritius,original,video,False,train,96.17990672791912
data/processed/mauritius/video/not_augmented/cull2_green_bg/head/224/occ/cn/none/20230805_145141/m--20230805_145141--f001064.jpg,20230805_145141,mauritius,original,video,False,train,135.7323022180674
data/processed/mauritius/video/not_augmented/cull2_green_bg/head/224/occ/cn/none/20230805_145544/m--20230805_145544--f000146.jpg,20230805_145544,mauritius,original,video,False,val,569.9891182638515
data/processed/mauritius/video/not_augmented/cull2_green_bg/head/224/occ/cn/none/20230805_145544/m--20230805_145544--f000148.jpg,20230805_145544,mauritius,original,video,False,val,30.32483657168031
data/processed/mauritius/video/not_augmented/cull2_green_bg/head/224/occ/cn/none/20230805_145544/m--20230805_145544--f000150.jpg,20230805_145544,mauritius,original,video,False,val,214.56644610333873
data/processed/mauritius/video/not_augmented/cull2_green_bg/head/224/occ/cn/none/20230805_145544/m--20230805_145544--f000152.jpg,20230805_145544,mauritius,original,video,False,val,630.7939054333434
data/processed/mauritius/video/not_augmented/cull2_green_bg/head/224/occ/cn/none/20230805_145544/m--20230805_145544--f000154.jpg,20230805_145544,mauritius,original,video,False,val,91.38064014628647
data/processed/mauritius/video/not_augmented/cull2_green_bg/head/224/occ/cn/none/20230805_145544/m--20230805_145544--f000156.jpg,20230805_145544,mauritius,original,video,False,val,73.74892378191014
data/processed/mauritius/video/not_augmented/cull2_green_bg/head/224/occ/cn/none/20230805_145544/m--20230805_145544--f000158.jpg,20230805_145544,mauritius,original,video,False,val,212.7883848836153
data/processed/mauritius/video/not_augmented/cull2_green_bg/head/224/occ/cn/none/20230805_145544/m--20230805_145544--f000160.jpg,20230805_145544,mauritius,original,video,False,val,202.12519928417024
data/processed/mauritius/video/not_augmented/cull2_green_bg/head/224/occ/cn/none/20230805_145544/m--20230805_145544--f000162.jpg,20230805_145544,mauritius,original,video,False,val,116.0924944097129
data/processed/mauritius/video/not_augmented/cull2_green_bg/head/224/occ/cn/none/20230805_145544/m--20230805_145544--f000164.jpg,20230805_145544,mauritius,original,video,False,val,115.25777253862324
data/processed/mauritius/video/not_augmented/cull2_green_bg/head/224/occ/cn/none/20230805_145544/m--20230805_145544--f000166.jpg,20230805_145544,mauritius,original,video,False,val,286.5943678057924
data/processed/mauritius/video/not_augmented/cull2_green_bg/head/224/occ/cn/none/20230805_145544/m--20230805_145544--f000168.jpg,20230805_145544,mauritius,original,video,False,val,441.4270964610185
data/processed/mauritius/video/not_augmented/cull2_green_bg/head/224/occ/cn/none/20230805_145544/m--20230805_145544--f000170.jpg,20230805_145544,mauritius,original,video,False,val,335.4647241566192
data/processed/mauritius/video/not_augmented/cull2_green_bg/head/224/occ/cn/none/20230805_145544/m--20230805_145544--f000172.jpg,20230805_145544,mauritius,original,video,False,val,277.33763148892876
data/processed/mauritius/video/not_augmented/cull2_green_bg/head/224/occ/cn/none/20230805_145544/m--20230805_145544--f000174.jpg,20230805_145544,mauritius,original,video,False,val,282.3754783163265
data/processed/mauritius/video/not_augmented/cull2_green_bg/head/224/occ/cn/none/20230805_145544/m--20230805_145544--f000176.jpg,20230805_145544,mauritius,original,video,False,val,270.1103113687619
data/processed/mauritius/video/not_augmented/cull2_green_bg/head/224/occ/cn/none/20230805_145544/m--20230805_145544--f000178.jpg,20230805_145544,mauritius,original,video,False,val,214.19431600765307
data/processed/mauritius/video/not_augmented/cull2_green_bg/head/224/occ/cn/none/20230805_145544/m--20230805_145544--f000180.jpg,20230805_145544,mauritius,original,video,False,val,122.64829792394484
data/processed/mauritius/video/not_augmented/cull2_green_bg/head/224/occ/cn/none/20230805_145544/m--20230805_145544--f000182.jpg,20230805_145544,mauritius,original,video,False,val,90.46819190708908
data/processed/mauritius/video/not_augmented/cull2_green_bg/head/224/occ/cn/none/20230805_145544/m--20230805_145544--f000184.jpg,20230805_145544,mauritius,original,video,False,val,61.53402024832728
data/processed/mauritius/video/not_augmented/cull2_green_bg/head/224/occ/cn/none/20230805_145544/m--20230805_145544--f000186.jpg,20230805_145544,mauritius,original,video,False,val,40.74067279191278
data/processed/mauritius/video/not_augmented/cull2_green_bg/head/224/occ/cn/none/20230805_145544/m--20230805_145544--f000188.jpg,20230805_145544,mauritius,original,video,False,val,24.46500299653129
data/processed/mauritius/video/not_augmented/cull2_green_bg/head/224/occ/cn/none/20230805_145544/m--20230805_145544--f000190.jpg,20230805_145544,mauritius,original,video,False,val,18.47901383900037
data/processed/mauritius/video/not_augmented/cull2_green_bg/head/224/occ/cn/none/20230805_145544/m--20230805_145544--f001056.jpg,20230805_145544,mauritius,original,video,False,val,293.90170596947723
data/processed/mauritius/video/not_augmented/cull2_green_bg/head/224/occ/cn/none/20230805_145544/m--20230805_145544--f001058.jpg,20230805_145544,mauritius,original,video,False,val,159.2400547581283
data/processed/mauritius/video/not_augmented/cull2_green_bg/head/224/occ/cn/none/20230805_145544/m--20230805_145544--f001060.jpg,20230805_145544,mauritius,original,video,False,val,163.2100007650208
data/processed/mauritius/video/not_augmented/cull2_green_bg/head/224/occ/cn/none/20230805_145544/m--20230805_145544--f001062.jpg,20230805_145544,mauritius,original,video,False,val,297.7536073018987
data/processed/mauritius/video/not_augmented/cull2_green_bg/head/224/occ/cn/none/20230805_145544/m--20230805_145544--f001064.jpg,20230805_145544,mauritius,original,video,False,val,196.3439692088536
data/processed/mauritius/video/not_augmented/cull2_green_bg/head/224/occ/cn/none/20230805_145544/m--20230805_145544--f001066.jpg,20230805_145544,mauritius,original,video,False,val,126.84683910681277
data/processed/mauritius/video/not_augmented/cull2_green_bg/head/224/occ/cn/none/20230805_145544/m--20230805_145544--f001068.jpg,20230805_145544,mauritius,original,video,False,val,85.76420997093737
data/processed/mauritius/video/not_augmented/cull2_green_bg/head/224/occ/cn/none/20230805_145544/m--20230805_145544--f001070.jpg,20230805_145544,mauritius,original,video,False,val,87.68716116042894
data/processed/mauritius/video/not_augmented/cull2_green_bg/head/224/occ/cn/none/20230805_150231/m--20230805_150231--f000134.jpg,20230805_150231,mauritius,original,video,False,val,158.9676139983273
data/processed/mauritius/video/not_augmented/cull2_green_bg/head/224/occ/cn/none/20230805_150231/m--20230805_150231--f000136.jpg,20230805_150231,mauritius,original,video,False,val,40.097496796925334
data/processed/mauritius/video/not_augmented/cull2_green_bg/head/224/occ/cn/none/20230805_150231/m--20230805_150231--f000138.jpg,20230805_150231,mauritius,original,video,False,val,581.6967872832528
data/processed/mauritius/video/not_augmented/cull2_green_bg/head/224/occ/cn/none/20230805_150231/m--20230805_150231--f000140.jpg,20230805_150231,mauritius,original,video,False,val,985.7043407202663
data/processed/mauritius/video/not_augmented/cull2_green_bg/head/224/occ/cn/none/20230805_150231/m--20230805_150231--f000142.jpg,20230805_150231,mauritius,original,video,False,val,462.598313925019
data/processed/mauritius/video/not_augmented/cull2_green_bg/head/224/occ/cn/none/20230805_150231/m--20230805_150231--f000144.jpg,20230805_150231,mauritius,original,video,False,val,343.29958544488454
data/processed/mauritius/video/not_augmented/cull2_green_bg/head/224/occ/cn/none/20230805_150231/m--20230805_150231--f000146.jpg,20230805_150231,mauritius,original,video,False,val,391.9646444515306
data/processed/mauritius/video/not_augmented/cull2_green_bg/head/224/occ/cn/none/20230805_150231/m--20230805_150231--f000148.jpg,20230805_150231,mauritius,original,video,False,val,315.08189174067417
data/processed/mauritius/video/not_augmented/cull2_green_bg/head/224/occ/cn/none/20230805_150231/m--20230805_150231--f000470.jpg,20230805_150231,mauritius,original,video,False,val,129.94642856507338
data/processed/mauritius/video/not_augmented/cull2_green_bg/head/224/occ/cn/none/20230805_150231/m--20230805_150231--f000472.jpg,20230805_150231,mauritius,original,video,False,val,120.44638844322829
data/processed/mauritius/video/not_augmented/cull2_green_bg/head/224/occ/cn/none/20230805_150231/m--20230805_150231--f000474.jpg,20230805_150231,mauritius,original,video,False,val,112.61507447706268
data/processed/mauritius/video/not_augmented/cull2_green_bg/head/224/occ/cn/none/20230805_150231/m--20230805_150231--f000476.jpg,20230805_150231,mauritius,original,video,False,val,84.73501274874684
data/processed/mauritius/video/not_augmented/cull2_green_bg/head/224/occ/cn/none/20230805_150231/m--20230805_150231--f000478.jpg,20230805_150231,mauritius,original,video,False,val,50.22287487417695
data/processed/mauritius/video/not_augmented/cull2_green_bg/head/224/occ/cn/none/20230805_150231/m--20230805_150231--f000480.jpg,20230805_150231,mauritius,original,video,False,val,54.0126155037425
data/processed/mauritius/video/not_augmented/cull2_green_bg/head/224/occ/cn/none/20230805_150231/m--20230805_150231--f000482.jpg,20230805_150231,mauritius,original,video,False,val,60.76831548127568
data/processed/mauritius/video/not_augmented/cull2_green_bg/head/224/occ/cn/none/20230805_150231/m--20230805_150231--f000484.jpg,20230805_150231,mauritius,original,video,False,val,64.35560825535377
data/processed/mauritius/video/not_augmented/cull2_green_bg/head/224/occ/cn/none/20230805_150231/m--20230805_150231--f000486.jpg,20230805_150231,mauritius,original,video,False,val,42.18197941293522
data/processed/mauritius/video/not_augmented/cull2_green_bg/head/224/occ/cn/none/20230805_150231/m--20230805_150231--f000488.jpg,20230805_150231,mauritius,original,video,False,val,64.05195704384279
data/processed/mauritius/video/not_augmented/cull2_green_bg/head/224/occ/cn/none/20230805_150231/m--20230805_150231--f000490.jpg,20230805_150231,mauritius,original,video,False,val,76.45537698333435
data/processed/mauritius/video/not_augmented/cull2_green_bg/head/224/occ/cn/none/20230805_150231/m--20230805_150231--f000548.jpg,20230805_150231,mauritius,original,video,False,val,54.70924345943543
data/processed/mauritius/video/not_augmented/cull2_green_bg/head/224/occ/cn/none/20230805_150231/m--20230805_150231--f000840.jpg,20230805_150231,mauritius,original,video,False,val,169.8946108915368
data/processed/mauritius/video/not_augmented/cull2_green_bg/head/224/occ/cn/none/20230805_150231/m--20230805_150231--f000844.jpg,20230805_150231,mauritius,original,video,False,val,84.26357213639555
data/processed/mauritius/video/not_augmented/cull2_green_bg/head/224/occ/cn/none/20230805_150231/m--20230805_150231--f000846.jpg,20230805_150231,mauritius,original,video,False,val,149.5366110807655
data/processed/mauritius/video/not_augmented/cull2_green_bg/head/224/occ/cn/none/20230805_150231/m--20230805_150231--f000848.jpg,20230805_150231,mauritius,original,video,False,val,131.76823572057924
data/processed/mauritius/video/not_augmented/cull2_green_bg/head/224/occ/cn/none/20230805_150231/m--20230805_150231--f000850.jpg,20230805_150231,mauritius,original,video,False,val,59.97259642828609
data/processed/mauritius/video/not_augmented/cull2_green_bg/head/224/occ/cn/none/20230805_150231/m--20230805_150231--f000852.jpg,20230805_150231,mauritius,original,video,False,val,50.38052053542894
data/processed/mauritius/video/not_augmented/cull2_green_bg/head/224/occ/cn/none/20230805_150231/m--20230805_150231--f000854.jpg,20230805_150231,mauritius,original,video,False,val,73.8850246808371
data/processed/mauritius/video/not_augmented/cull2_green_bg/head/224/occ/cn/none/20230805_150231/m--20230805_150231--f000856.jpg,20230805_150231,mauritius,original,video,False,val,173.46787300888374
data/processed/mauritius/video/not_augmented/cull2_green_bg/head/224/occ/cn/none/20230805_150231/m--20230805_150231--f000858.jpg,20230805_150231,mauritius,original,video,False,val,322.090581010948
data/processed/mauritius/video/not_augmented/cull2_green_bg/head/224/occ/cn/none/20230805_150231/m--20230805_150231--f000860.jpg,20230805_150231,mauritius,original,video,False,val,212.53956053605532
data/processed/mauritius/video/not_augmented/cull2_green_bg/head/224/occ/cn/none/20230805_150231/m--20230805_150231--f000862.jpg,20230805_150231,mauritius,original,video,False,val,211.66910471910242
data/processed/mauritius/video/not_augmented/cull2_green_bg/head/224/occ/cn/none/20230805_150231/m--20230805_150231--f000864.jpg,20230805_150231,mauritius,original,video,False,val,222.46167490393952
data/processed/mauritius/video/not_augmented/cull2_green_bg/head/224/occ/cn/none/20230805_150231/m--20230805_150231--f000866.jpg,20230805_150231,mauritius,original,video,False,val,251.61184619933752
data/processed/mauritius/video/not_augmented/cull2_green_bg/head/224/occ/cn/none/20230805_150231/m--20230805_150231--f000868.jpg,20230805_150231,mauritius,original,video,False,val,308.03398035685757
data/processed/mauritius/video/not_augmented/cull2_green_bg/head/224/occ/cn/none/20230805_150231/m--20230805_150231--f000870.jpg,20230805_150231,mauritius,original,video,False,val,381.7472895344612
data/processed/mauritius/video/not_augmented/cull2_green_bg/head/224/occ/cn/none/20230805_150231/m--20230805_150231--f000872.jpg,20230805_150231,mauritius,original,video,False,val,963.4638073963702
data/processed/mauritius/video/not_augmented/cull2_green_bg/head/224/occ/cn/none/20230805_150231/m--20230805_150231--f000874.jpg,20230805_150231,mauritius,original,video,False,val,1382.7401546540236
data/processed/mauritius/video/not_augmented/cull2_green_bg/head/224/occ/cn/none/20230805_150231/m--20230805_150231--f000876.jpg,20230805_150231,mauritius,original,video,False,val,1937.6087173146536
data/processed/mauritius/video/not_augmented/cull2_green_bg/head/224/occ/cn/none/20230805_150231/m--20230805_150231--f000878.jpg,20230805_150231,mauritius,original,video,False,val,1820.337950395078
data/processed/mauritius/video/not_augmented/cull2_green_bg/head/224/occ/cn/none/20230805_150231/m--20230805_150231--f000880.jpg,20230805_150231,mauritius,original,video,False,val,1643.4243662272922
data/processed/mauritius/video/not_augmented/cull2_green_bg/head/224/occ/cn/none/20230805_150231/m--20230805_150231--f000888.jpg,20230805_150231,mauritius,original,video,False,val,1161.5547273024972
data/processed/mauritius/video/not_augmented/cull2_green_bg/head/224/occ/cn/none/20230805_150231/m--20230805_150231--f000892.jpg,20230805_150231,mauritius,original,video,False,val,3522.5332627044227
data/processed/mauritius/video/not_augmented/cull2_green_bg/head/224/occ/cn/none/20230805_150231/m--20230805_150231--f000934.jpg,20230805_150231,mauritius,original,video,False,val,283.14534812547527
data/processed/mauritius/video/not_augmented/cull2_green_bg/head/224/occ/cn/none/20230805_150231/m--20230805_150231--f000948.jpg,20230805_150231,mauritius,original,video,False,val,857.961395867017
data/processed/mauritius/video/not_augmented/cull2_green_bg/head/224/occ/cn/none/20230805_150231/m--20230805_150231--f000950.jpg,20230805_150231,mauritius,original,video,False,val,669.5470144767555
data/processed/mauritius/video/not_augmented/cull2_green_bg/head/224/occ/cn/none/20230805_150231/m--20230805_150231--f000952.jpg,20230805_150231,mauritius,original,video,False,val,274.1990392665871
data/processed/mauritius/video/not_augmented/cull2_green_bg/head/224/occ/cn/none/20230805_150231/m--20230805_150231--f000954.jpg,20230805_150231,mauritius,original,video,False,val,523.207370047468
data/processed/mauritius/video/not_augmented/cull2_green_bg/head/224/occ/cn/none/20230805_150231/m--20230805_150231--f000956.jpg,20230805_150231,mauritius,original,video,False,val,423.6049306405579
data/processed/mauritius/video/not_augmented/cull2_green_bg/head/224/occ/cn/none/20230805_150231/m--20230805_150231--f000962.jpg,20230805_150231,mauritius,original,video,False,val,232.89614550047546
data/processed/mauritius/video/not_augmented/cull2_green_bg/head/224/occ/cn/none/20230805_150231/m--20230805_150231--f000964.jpg,20230805_150231,mauritius,original,video,False,val,125.16149148261829
data/processed/mauritius/video/not_augmented/cull2_green_bg/head/224/occ/cn/none/20230805_150231/m--20230805_150231--f001026.jpg,20230805_150231,mauritius,original,video,False,val,235.41073421516398
data/processed/mauritius/video/not_augmented/cull2_green_bg/head/224/occ/cn/none/20230807_060504/m--20230807_060504--f000170.jpg,20230807_060504,mauritius,original,video,False,test,60.25621807252503
data/processed/mauritius/video/not_augmented/cull2_green_bg/head/224/occ/cn/none/20230807_060504/m--20230807_060504--f000172.jpg,20230807_060504,mauritius,original,video,False,test,73.7140266068128
data/processed/mauritius/video/not_augmented/cull2_green_bg/head/224/occ/cn/none/20230807_060504/m--20230807_060504--f000174.jpg,20230807_060504,mauritius,original,video,False,test,114.87916516284554
data/processed/mauritius/video/not_augmented/cull2_green_bg/head/224/occ/cn/none/20230807_060504/m--20230807_060504--f000176.jpg,20230807_060504,mauritius,original,video,False,test,102.09053971816083
data/processed/mauritius/video/not_augmented/cull2_green_bg/head/224/occ/cn/none/20230807_060504/m--20230807_060504--f000178.jpg,20230807_060504,mauritius,original,video,False,test,104.89361443732095
data/processed/mauritius/video/not_augmented/cull2_green_bg/head/224/occ/cn/none/20230807_060504/m--20230807_060504--f000180.jpg,20230807_060504,mauritius,original,video,False,test,352.8554088170704
data/processed/mauritius/video/not_augmented/cull2_green_bg/head/224/occ/cn/none/20230807_060504/m--20230807_060504--f000182.jpg,20230807_060504,mauritius,original,video,False,test,180.26582429211422
data/processed/mauritius/video/not_augmented/cull2_green_bg/head/224/occ/cn/none/20230807_060504/m--20230807_060504--f000184.jpg,20230807_060504,mauritius,original,video,False,test,102.35389355767124
data/processed/mauritius/video/not_augmented/cull2_green_bg/head/224/occ/cn/none/20230807_060504/m--20230807_060504--f000186.jpg,20230807_060504,mauritius,original,video,False,test,87.46215241633568
data/processed/mauritius/video/not_augmented/cull2_green_bg/head/224/occ/cn/none/20230807_060504/m--20230807_060504--f000188.jpg,20230807_060504,mauritius,original,video,False,test,127.93532753189321
data/processed/mauritius/video/not_augmented/cull2_green_bg/head/224/occ/cn/none/20230807_060504/m--20230807_060504--f000190.jpg,20230807_060504,mauritius,original,video,False,test,162.46639822086462
data/processed/mauritius/video/not_augmented/cull2_green_bg/head/224/occ/cn/none/20230807_060504/m--20230807_060504--f000236.jpg,20230807_060504,mauritius,original,video,False,test,407.3333257363767
data/processed/mauritius/video/not_augmented/cull2_green_bg/head/224/occ/cn/none/20230807_060504/m--20230807_060504--f000238.jpg,20230807_060504,mauritius,original,video,False,test,488.4094387612111
data/processed/mauritius/video/not_augmented/cull2_green_bg/head/224/occ/cn/none/20230807_060504/m--20230807_060504--f000240.jpg,20230807_060504,mauritius,original,video,False,test,517.8796833706419
data/processed/mauritius/video/not_augmented/cull2_green_bg/head/224/occ/cn/none/20230807_060504/m--20230807_060504--f000242.jpg,20230807_060504,mauritius,original,video,False,test,364.5604472158354
data/processed/mauritius/video/not_augmented/cull2_green_bg/head/224/occ/cn/none/20230807_060504/m--20230807_060504--f000244.jpg,20230807_060504,mauritius,original,video,False,test,299.76482780453364
data/processed/mauritius/video/not_augmented/cull2_green_bg/head/224/occ/cn/none/20230807_060504/m--20230807_060504--f000246.jpg,20230807_060504,mauritius,original,video,False,test,282.774174760948
data/processed/mauritius/video/not_augmented/cull2_green_bg/head/224/occ/cn/none/20230807_060504/m--20230807_060504--f000248.jpg,20230807_060504,mauritius,original,video,False,test,197.39777952549306
data/processed/mauritius/video/not_augmented/cull2_green_bg/head/224/occ/cn/none/20230807_060504/m--20230807_060504--f000250.jpg,20230807_060504,mauritius,original,video,False,test,103.68793839943602
data/processed/mauritius/video/not_augmented/cull2_green_bg/head/224/occ/cn/none/20230807_060504/m--20230807_060504--f000252.jpg,20230807_060504,mauritius,original,video,False,test,96.0456792028285
data/processed/mauritius/video/not_augmented/cull2_green_bg/head/224/occ/cn/none/20230807_060504/m--20230807_060504--f000254.jpg,20230807_060504,mauritius,original,video,False,test,81.5020328300886
data/processed/mauritius/video/not_augmented/cull2_green_bg/head/224/occ/cn/none/20230807_060504/m--20230807_060504--f000256.jpg,20230807_060504,mauritius,original,video,False,test,72.11800428968029
data/processed/mauritius/video/not_augmented/cull2_green_bg/head/224/occ/cn/none/20230807_060504/m--20230807_060504--f000258.jpg,20230807_060504,mauritius,original,video,False,test,58.30959022804779
data/processed/mauritius/video/not_augmented/cull2_green_bg/head/224/occ/cn/none/20230807_060504/m--20230807_060504--f000260.jpg,20230807_060504,mauritius,original,video,False,test,51.24553561260282
data/processed/mauritius/video/not_augmented/cull2_green_bg/head/224/occ/cn/none/20230807_060504/m--20230807_060504--f000262.jpg,20230807_060504,mauritius,original,video,False,test,42.816386316578274
data/processed/mauritius/video/not_augmented/cull2_green_bg/head/224/occ/cn/none/20230807_060504/m--20230807_060504--f000264.jpg,20230807_060504,mauritius,original,video,False,test,37.278220661676514
data/processed/mauritius/video/not_augmented/cull2_green_bg/head/224/occ/cn/none/20230807_060504/m--20230807_060504--f000266.jpg,20230807_060504,mauritius,original,video,False,test,29.636320138762066
data/processed/mauritius/video/not_augmented/cull2_green_bg/head/224/occ/cn/none/20230807_060504/m--20230807_060504--f000268.jpg,20230807_060504,mauritius,original,video,False,test,25.58073569515853
data/processed/mauritius/video/not_augmented/cull2_green_bg/head/224/occ/cn/none/20230807_060504/m--20230807_060504--f000270.jpg,20230807_060504,mauritius,original,video,False,test,24.723911740987408
data/processed/mauritius/video/not_augmented/cull2_green_bg/head/224/occ/cn/none/20230807_060504/m--20230807_060504--f000272.jpg,20230807_060504,mauritius,original,video,False,test,12.572225687455157
data/processed/mauritius/video/not_augmented/cull2_green_bg/head/224/occ/cn/none/20230807_060504/m--20230807_060504--f000274.jpg,20230807_060504,mauritius,original,video,False,test,12.48303958546465
data/processed/mauritius/video/not_augmented/cull2_green_bg/head/224/occ/cn/none/20230807_060504/m--20230807_060504--f001412.jpg,20230807_060504,mauritius,original,video,False,test,67.51781727680809
data/processed/mauritius/video/not_augmented/cull2_green_bg/head/224/occ/cn/none/20230807_060504/m--20230807_060504--f001414.jpg,20230807_060504,mauritius,original,video,False,test,68.98463391284552
data/processed/mauritius/video/not_augmented/cull2_green_bg/head/224/occ/cn/none/20230807_060504/m--20230807_060504--f001416.jpg,20230807_060504,mauritius,original,video,False,test,59.37948420563125
data/processed/mauritius/video/not_augmented/cull2_green_bg/head/224/occ/cn/none/20230807_060504/m--20230807_060504--f001418.jpg,20230807_060504,mauritius,original,video,False,test,66.19256215570174
data/processed/mauritius/video/not_augmented/cull2_green_bg/head/224/occ/cn/none/20230807_060504/m--20230807_060504--f001420.jpg,20230807_060504,mauritius,original,video,False,test,56.862464106812766
data/processed/mauritius/video/not_augmented/cull2_green_bg/head/224/occ/cn/none/20230807_122321/m--20230807_122321--f001160.jpg,20230807_122321,mauritius,original,video,False,test,1117.003029311314
data/processed/mauritius/video/not_augmented/cull2_green_bg/head/224/occ/cn/none/20230807_122321/m--20230807_122321--f001162.jpg,20230807_122321,mauritius,original,video,False,test,1186.5116588933327
data/processed/mauritius/video/not_augmented/cull2_green_bg/head/224/occ/cn/none/20230807_122321/m--20230807_122321--f001164.jpg,20230807_122321,mauritius,original,video,False,test,1139.8234613903956
data/processed/mauritius/video/not_augmented/cull2_green_bg/head/224/occ/cn/none/20230807_122321/m--20230807_122321--f001166.jpg,20230807_122321,mauritius,original,video,False,test,1094.4345702453736
data/processed/mauritius/video/not_augmented/cull2_green_bg/head/224/occ/cn/none/20230807_122321/m--20230807_122321--f001168.jpg,20230807_122321,mauritius,original,video,False,test,1034.6243820599545
data/processed/mauritius/video/not_augmented/cull2_green_bg/head/224/occ/cn/none/20230807_122321/m--20230807_122321--f001170.jpg,20230807_122321,mauritius,original,video,False,test,968.259924904896
data/processed/mauritius/video/not_augmented/cull2_green_bg/head/224/occ/cn/none/20230807_122321/m--20230807_122321--f001176.jpg,20230807_122321,mauritius,original,video,False,test,686.5626990696828
data/processed/mauritius/video/not_augmented/cull2_green_bg/head/224/occ/cn/none/20230807_122321/m--20230807_122321--f001178.jpg,20230807_122321,mauritius,original,video,False,test,848.0237762402714
data/processed/mauritius/video/not_augmented/cull2_green_bg/head/224/occ/cn/none/20230807_123413/m--20230807_123413--f000182.jpg,20230807_123413,mauritius,original,video,False,train,58.16009641239813
data/processed/mauritius/video/not_augmented/cull2_green_bg/head/224/occ/cn/none/20230807_123413/m--20230807_123413--f000192.jpg,20230807_123413,mauritius,original,video,False,train,619.4839164034022
data/processed/mauritius/video/not_augmented/cull2_green_bg/head/224/occ/cn/none/20230807_123413/m--20230807_123413--f000194.jpg,20230807_123413,mauritius,original,video,False,train,66.49292489440677
data/processed/mauritius/video/not_augmented/cull2_green_bg/head/224/occ/cn/none/20230807_123413/m--20230807_123413--f000196.jpg,20230807_123413,mauritius,original,video,False,train,94.31082589285714
data/processed/mauritius/video/not_augmented/cull2_green_bg/head/224/occ/cn/none/20230807_123413/m--20230807_123413--f000198.jpg,20230807_123413,mauritius,original,video,False,train,859.5800382510071
data/processed/mauritius/video/not_augmented/cull2_green_bg/head/224/occ/cn/none/20230807_123413/m--20230807_123413--f000200.jpg,20230807_123413,mauritius,original,video,False,train,1158.4719786288488
data/processed/mauritius/video/not_augmented/cull2_green_bg/head/224/occ/cn/none/20230807_123413/m--20230807_123413--f000202.jpg,20230807_123413,mauritius,original,video,False,train,1093.295220822307
data/processed/mauritius/video/not_augmented/cull2_green_bg/head/224/occ/cn/none/20230807_124816/m--20230807_124816--f000256.jpg,20230807_124816,mauritius,original,video,False,train,743.3010801782414
data/processed/mauritius/video/not_augmented/cull2_green_bg/head/224/occ/cn/none/20230807_124816/m--20230807_124816--f000258.jpg,20230807_124816,mauritius,original,video,False,train,678.1673708291711
data/processed/mauritius/video/not_augmented/cull2_green_bg/head/224/occ/cn/none/20230807_124816/m--20230807_124816--f000866.jpg,20230807_124816,mauritius,original,video,False,train,588.916992155327
data/processed/mauritius/video/not_augmented/cull2_green_bg/head/224/occ/cn/none/20230807_124816/m--20230807_124816--f000868.jpg,20230807_124816,mauritius,original,video,False,train,503.8333664349544
data/processed/mauritius/video/not_augmented/cull2_green_bg/head/224/occ/cn/none/20230807_124816/m--20230807_124816--f000870.jpg,20230807_124816,mauritius,original,video,False,train,457.15431677267384
data/processed/mauritius/video/not_augmented/cull2_green_bg/head/224/occ/cn/none/20230807_124816/m--20230807_124816--f000872.jpg,20230807_124816,mauritius,original,video,False,train,476.55428888876213
data/processed/mauritius/video/not_augmented/cull2_green_bg/head/224/occ/cn/none/20230807_124816/m--20230807_124816--f000874.jpg,20230807_124816,mauritius,original,video,False,train,624.0336216037248
data/processed/mauritius/video/not_augmented/cull2_green_bg/head/224/occ/cn/none/20230807_124816/m--20230807_124816--f000876.jpg,20230807_124816,mauritius,original,video,False,train,525.5877311608037
data/processed/mauritius/video/not_augmented/cull2_green_bg/head/224/occ/cn/none/20230807_124816/m--20230807_124816--f000878.jpg,20230807_124816,mauritius,original,video,False,train,436.5678610966534
data/processed/mauritius/video/not_augmented/cull2_green_bg/head/224/occ/cn/none/20230807_124816/m--20230807_124816--f000880.jpg,20230807_124816,mauritius,original,video,False,train,343.3347017478069
data/processed/mauritius/video/not_augmented/cull2_green_bg/head/224/occ/cn/none/20230807_124816/m--20230807_124816--f001408.jpg,20230807_124816,mauritius,original,video,False,train,14.008330636300528
data/processed/mauritius/video/not_augmented/cull2_green_bg/head/224/occ/cn/none/20230807_124816/m--20230807_124816--f001494.jpg,20230807_124816,mauritius,original,video,False,train,159.0558234341489
data/processed/mauritius/video/not_augmented/cull2_green_bg/head/224/occ/cn/none/20230807_124816/m--20230807_124816--f001496.jpg,20230807_124816,mauritius,original,video,False,train,132.24196826175373
data/processed/mauritius/video/not_augmented/cull2_green_bg/head/224/occ/cn/none/20230807_124816/m--20230807_124816--f001498.jpg,20230807_124816,mauritius,original,video,False,train,117.35449215532691
data/processed/mauritius/video/not_augmented/cull2_green_bg/head/224/occ/cn/none/20230807_124816/m--20230807_124816--f001500.jpg,20230807_124816,mauritius,original,video,False,train,122.11344058709261
data/processed/mauritius/video/not_augmented/cull2_green_bg/head/224/occ/cn/none/20230807_124816/m--20230807_124816--f001502.jpg,20230807_124816,mauritius,original,video,False,train,115.55506616351705
data/processed/mauritius/video/not_augmented/cull2_green_bg/head/224/occ/cn/none/20230807_124816/m--20230807_124816--f001504.jpg,20230807_124816,mauritius,original,video,False,train,128.51662148599175
data/processed/mauritius/video/not_augmented/cull2_green_bg/head/224/occ/cn/none/20230807_124816/m--20230807_124816--f001506.jpg,20230807_124816,mauritius,original,video,False,train,77.78647151821507
data/processed/mauritius/video/not_augmented/cull2_green_bg/head/224/occ/cn/none/20230807_124816/m--20230807_124816--f001508.jpg,20230807_124816,mauritius,original,video,False,train,487.57983890964016
data/processed/mauritius/video/not_augmented/cull2_green_bg/head/224/occ/cn/none/20230807_124816/m--20230807_124816--f001510.jpg,20230807_124816,mauritius,original,video,False,train,405.73774305476286
data/processed/mauritius/video/not_augmented/cull2_green_bg/head/224/occ/cn/none/20230807_124816/m--20230807_124816--f001512.jpg,20230807_124816,mauritius,original,video,False,train,521.1360210301924
data/processed/mauritius/video/not_augmented/cull2_green_bg/head/224/occ/cn/none/20230807_124816/m--20230807_124816--f001514.jpg,20230807_124816,mauritius,original,video,False,train,534.9804687484111
data/processed/mauritius/video/not_augmented/cull2_green_bg/head/224/occ/cn/none/20230807_124816/m--20230807_124816--f001516.jpg,20230807_124816,mauritius,original,video,False,train,458.710060561314
data/processed/mauritius/video/not_augmented/cull2_green_bg/head/224/occ/cn/none/20230807_124816/m--20230807_124816--f001584.jpg,20230807_124816,mauritius,original,video,False,train,878.6750238586199
data/processed/mauritius/video/not_augmented/cull2_green_bg/head/224/occ/cn/none/20230807_124816/m--20230807_124816--f001622.jpg,20230807_124816,mauritius,original,video,False,train,97.11756613491872
data/processed/mauritius/video/not_augmented/cull2_green_bg/head/224/occ/cn/none/20230807_125815/m--20230807_125815--f000242.jpg,20230807_125815,mauritius,original,video,False,train,129.27232140315073
data/processed/mauritius/video/not_augmented/cull2_green_bg/head/224/occ/cn/none/20230807_125815/m--20230807_125815--f000244.jpg,20230807_125815,mauritius,original,video,False,train,32.608916609945624
data/processed/mauritius/video/not_augmented/cull2_green_bg/head/224/occ/cn/none/20230807_125815/m--20230807_125815--f000246.jpg,20230807_125815,mauritius,original,video,False,train,428.0649115110823
data/processed/mauritius/video/not_augmented/cull2_green_bg/head/224/occ/cn/none/20230807_125815/m--20230807_125815--f000248.jpg,20230807_125815,mauritius,original,video,False,train,830.3848851897826
data/processed/mauritius/video/not_augmented/cull2_green_bg/head/224/occ/cn/none/20230807_125815/m--20230807_125815--f000250.jpg,20230807_125815,mauritius,original,video,False,train,657.1363600064
data/processed/mauritius/video/not_augmented/cull2_green_bg/head/224/occ/cn/none/20230807_125815/m--20230807_125815--f000252.jpg,20230807_125815,mauritius,original,video,False,train,353.2744339859918
data/processed/mauritius/video/not_augmented/cull2_green_bg/head/224/occ/cn/none/20230807_125815/m--20230807_125815--f000254.jpg,20230807_125815,mauritius,original,video,False,train,463.0836654958602
data/processed/mauritius/video/not_augmented/cull2_green_bg/head/224/occ/cn/none/20230807_125815/m--20230807_125815--f000256.jpg,20230807_125815,mauritius,original,video,False,train,394.32700891427226
data/processed/mauritius/video/not_augmented/cull2_green_bg/head/224/occ/cn/none/20230807_125815/m--20230807_125815--f000258.jpg,20230807_125815,mauritius,original,video,False,train,337.23290013412986
data/processed/mauritius/video/not_augmented/cull2_green_bg/head/224/occ/cn/none/20230807_125815/m--20230807_125815--f000260.jpg,20230807_125815,mauritius,original,video,False,train,511.5782843815789
data/processed/mauritius/video/not_augmented/cull2_green_bg/head/224/occ/cn/none/20230807_125815/m--20230807_125815--f000262.jpg,20230807_125815,mauritius,original,video,False,train,539.0340799604144
data/processed/mauritius/video/not_augmented/cull2_green_bg/head/224/occ/cn/none/20230807_125815/m--20230807_125815--f000264.jpg,20230807_125815,mauritius,original,video,False,train,324.51263546576257
data/processed/mauritius/video/not_augmented/cull2_green_bg/head/224/occ/cn/none/20230807_125815/m--20230807_125815--f000268.jpg,20230807_125815,mauritius,original,video,False,train,63.31371560587282
data/processed/mauritius/video/not_augmented/cull2_green_bg/head/224/occ/cn/none/20230807_125815/m--20230807_125815--f000270.jpg,20230807_125815,mauritius,original,video,False,train,361.9359453432464
data/processed/mauritius/video/not_augmented/cull2_green_bg/head/224/occ/cn/none/20230807_125815/m--20230807_125815--f000276.jpg,20230807_125815,mauritius,original,video,False,train,104.25496252831297
data/processed/mauritius/video/not_augmented/cull2_green_bg/head/224/occ/cn/none/20230807_125815/m--20230807_125815--f000278.jpg,20230807_125815,mauritius,original,video,False,train,107.47502778699527
data/processed/mauritius/video/not_augmented/cull2_green_bg/head/224/occ/cn/none/20230807_125815/m--20230807_125815--f000280.jpg,20230807_125815,mauritius,original,video,False,train,33.76265545240892
data/processed/mauritius/video/not_augmented/cull2_green_bg/head/224/occ/cn/none/20230807_125815/m--20230807_125815--f000282.jpg,20230807_125815,mauritius,original,video,False,train,38.72126115912549
data/processed/mauritius/video/not_augmented/cull2_green_bg/head/224/occ/cn/none/20230807_125815/m--20230807_125815--f000284.jpg,20230807_125815,mauritius,original,video,False,train,39.976642162191126
data/processed/mauritius/video/not_augmented/cull2_green_bg/head/224/occ/cn/none/20230807_125815/m--20230807_125815--f000286.jpg,20230807_125815,mauritius,original,video,False,train,162.71281082776127
data/processed/mauritius/video/not_augmented/cull2_green_bg/head/224/occ/cn/none/20230807_125815/m--20230807_125815--f000288.jpg,20230807_125815,mauritius,original,video,False,train,122.91974248691481
data/processed/mauritius/video/not_augmented/cull2_green_bg/head/224/occ/cn/none/20230807_125815/m--20230807_125815--f000290.jpg,20230807_125815,mauritius,original,video,False,train,58.40706712014971
data/processed/mauritius/video/not_augmented/cull2_green_bg/head/224/occ/cn/none/20230807_125815/m--20230807_125815--f000292.jpg,20230807_125815,mauritius,original,video,False,train,39.94072863520408
data/processed/mauritius/video/not_augmented/cull2_green_bg/head/224/occ/cn/none/20230807_125815/m--20230807_125815--f000294.jpg,20230807_125815,mauritius,original,video,False,train,69.43837689896614
data/processed/mauritius/video/not_augmented/cull2_green_bg/head/224/occ/cn/none/20230807_125815/m--20230807_125815--f000296.jpg,20230807_125815,mauritius,original,video,False,train,81.30825493902725
data/processed/mauritius/video/not_augmented/cull2_green_bg/head/224/occ/cn/none/20230807_125815/m--20230807_125815--f000298.jpg,20230807_125815,mauritius,original,video,False,train,48.75849010049676
data/processed/mauritius/video/not_augmented/cull2_green_bg/head/224/occ/cn/none/20230807_125815/m--20230807_125815--f000300.jpg,20230807_125815,mauritius,original,video,False,train,49.662986248545415
data/processed/mauritius/video/not_augmented/cull2_green_bg/head/224/occ/cn/none/20230807_125815/m--20230807_125815--f000302.jpg,20230807_125815,mauritius,original,video,False,train,41.293845648966155
data/processed/mauritius/video/not_augmented/cull2_green_bg/head/224/occ/cn/none/20230807_125815/m--20230807_125815--f000304.jpg,20230807_125815,mauritius,original,video,False,train,33.12535868004827
data/processed/mauritius/video/not_augmented/cull2_green_bg/head/224/occ/cn/none/20230807_125815/m--20230807_125815--f000306.jpg,20230807_125815,mauritius,original,video,False,train,22.171396682084676
data/processed/mauritius/video/not_augmented/cull2_green_bg/head/224/occ/cn/none/20230807_125815/m--20230807_125815--f000308.jpg,20230807_125815,mauritius,original,video,False,train,21.700035698559823
data/processed/mauritius/video/not_augmented/cull2_green_bg/head/224/occ/cn/none/20230807_125815/m--20230807_125815--f001354.jpg,20230807_125815,mauritius,original,video,False,train,420.5999878319737
data/processed/mauritius/video/not_augmented/cull2_green_bg/head/224/occ/cn/none/20230807_125815/m--20230807_125815--f001356.jpg,20230807_125815,mauritius,original,video,False,train,556.5196906490555
data/processed/mauritius/video/not_augmented/cull2_green_bg/head/224/occ/cn/none/20230807_125815/m--20230807_125815--f001358.jpg,20230807_125815,mauritius,original,video,False,train,619.5707310263886
data/processed/mauritius/video/not_augmented/cull2_green_bg/head/224/occ/cn/none/20230807_125815/m--20230807_125815--f001360.jpg,20230807_125815,mauritius,original,video,False,train,817.4200215206598
data/processed/mauritius/video/not_augmented/cull2_green_bg/head/224/occ/cn/none/20230807_125815/m--20230807_125815--f001416.jpg,20230807_125815,mauritius,original,video,False,train,624.0506417311416
data/processed/mauritius/video/not_augmented/cull2_green_bg/head/224/occ/cn/none/20230807_125815/m--20230807_125815--f001418.jpg,20230807_125815,mauritius,original,video,False,train,833.7212810806313
data/processed/mauritius/video/not_augmented/cull2_green_bg/head/224/occ/cn/none/20230807_125815/m--20230807_125815--f001420.jpg,20230807_125815,mauritius,original,video,False,train,632.203702965164
data/processed/mauritius/video/not_augmented/cull2_green_bg/head/224/occ/cn/none/20230807_125815/m--20230807_125815--f001422.jpg,20230807_125815,mauritius,original,video,False,train,506.3657326207763
data/processed/mauritius/video/not_augmented/cull2_green_bg/head/224/occ/cn/none/20230807_125815/m--20230807_125815--f001424.jpg,20230807_125815,mauritius,original,video,False,train,680.71235249967
data/processed/mauritius/video/not_augmented/cull2_green_bg/head/224/occ/cn/none/20230807_125815/m--20230807_125815--f001426.jpg,20230807_125815,mauritius,original,video,False,train,854.7666613123209
data/processed/mauritius/video/not_augmented/cull2_green_bg/head/224/occ/cn/none/20230807_125815/m--20230807_125815--f001428.jpg,20230807_125815,mauritius,original,video,False,train,962.3215879847834
data/processed/mauritius/video/not_augmented/cull2_green_bg/head/224/occ/cn/none/20230807_125815/m--20230807_125815--f001430.jpg,20230807_125815,mauritius,original,video,False,train,976.0359334659695
data/processed/mauritius/video/not_augmented/cull2_green_bg/head/224/occ/cn/none/20230807_125815/m--20230807_125815--f001432.jpg,20230807_125815,mauritius,original,video,False,train,823.6754224873343
data/processed/mauritius/video/not_augmented/cull2_green_bg/head/224/occ/cn/none/20230807_125815/m--20230807_125815--f001434.jpg,20230807_125815,mauritius,original,video,False,train,689.4404694578242
data/processed/mauritius/video/not_augmented/cull2_green_bg/head/224/occ/cn/none/20230807_125815/m--20230807_125815--f001436.jpg,20230807_125815,mauritius,original,video,False,train,806.6442717802818
data/processed/mauritius/video/not_augmented/cull2_green_bg/head/224/occ/cn/none/20230807_125815/m--20230807_125815--f001438.jpg,20230807_125815,mauritius,original,video,False,train,810.7438217331498
data/processed/mauritius/video/not_augmented/cull2_green_bg/head/224/occ/cn/none/20230807_125815/m--20230807_125815--f001440.jpg,20230807_125815,mauritius,original,video,False,train,880.634346983424
data/processed/mauritius/video/not_augmented/cull2_green_bg/head/224/occ/cn/none/20230807_125815/m--20230807_125815--f001442.jpg,20230807_125815,mauritius,original,video,False,train,782.8003024745117
data/processed/mauritius/video/not_augmented/cull2_green_bg/head/224/occ/cn/none/20230807_125815/m--20230807_125815--f001444.jpg,20230807_125815,mauritius,original,video,False,train,717.3218868431178
data/processed/mauritius/video/not_augmented/cull2_green_bg/head/224/occ/cn/none/20230809_185948/m--20230809_185948--f000184.jpg,20230809_185948,mauritius,original,video,False,train,105.14590636137771
data/processed/mauritius/video/not_augmented/cull2_green_bg/head/224/occ/cn/none/20230809_185948/m--20230809_185948--f000186.jpg,20230809_185948,mauritius,original,video,False,train,91.106365344863
data/processed/mauritius/video/not_augmented/cull2_green_bg/head/224/occ/cn/none/20230809_185948/m--20230809_185948--f000188.jpg,20230809_185948,mauritius,original,video,False,train,85.23957665787792
data/processed/mauritius/video/not_augmented/cull2_green_bg/head/224/occ/cn/none/20230809_185948/m--20230809_185948--f000190.jpg,20230809_185948,mauritius,original,video,False,train,73.91432149864048
data/processed/mauritius/video/not_augmented/cull2_green_bg/head/224/occ/cn/none/20230809_185948/m--20230809_185948--f000192.jpg,20230809_185948,mauritius,original,video,False,train,74.97548618658242
data/processed/mauritius/video/not_augmented/cull2_green_bg/head/224/occ/cn/none/20230809_185948/m--20230809_185948--f000194.jpg,20230809_185948,mauritius,original,video,False,train,72.0818718096357
data/processed/mauritius/video/not_augmented/cull2_green_bg/head/224/occ/cn/none/20230809_185948/m--20230809_185948--f000196.jpg,20230809_185948,mauritius,original,video,False,train,67.89698260171073
data/processed/mauritius/video/not_augmented/cull2_green_bg/head/224/occ/cn/none/20230809_185948/m--20230809_185948--f000198.jpg,20230809_185948,mauritius,original,video,False,train,106.9061503503681
data/processed/mauritius/video/not_augmented/cull2_green_bg/head/224/occ/cn/none/20230809_185948/m--20230809_185948--f000200.jpg,20230809_185948,mauritius,original,video,False,train,106.21721539185575
data/processed/mauritius/video/not_augmented/cull2_green_bg/head/224/occ/cn/none/20230809_185948/m--20230809_185948--f000202.jpg,20230809_185948,mauritius,original,video,False,train,91.2286545297892
data/processed/mauritius/video/not_augmented/cull2_green_bg/head/224/occ/cn/none/20230809_185948/m--20230809_185948--f000204.jpg,20230809_185948,mauritius,original,video,False,train,75.00269050987401
data/processed/mauritius/video/not_augmented/cull2_green_bg/head/224/occ/cn/none/20230809_185948/m--20230809_185948--f000208.jpg,20230809_185948,mauritius,original,video,False,train,82.89783957917112
data/processed/mauritius/video/not_augmented/cull2_green_bg/head/224/occ/cn/none/20230809_185948/m--20230809_185948--f000210.jpg,20230809_185948,mauritius,original,video,False,train,133.29530020804765
data/processed/mauritius/video/not_augmented/cull2_green_bg/head/224/occ/cn/none/20230809_185948/m--20230809_185948--f000212.jpg,20230809_185948,mauritius,original,video,False,train,97.26391084091904
data/processed/mauritius/video/not_augmented/cull2_green_bg/head/224/occ/cn/none/20230809_185948/m--20230809_185948--f000214.jpg,20230809_185948,mauritius,original,video,False,train,89.63177612253847
data/processed/mauritius/video/not_augmented/cull2_green_bg/head/224/occ/cn/none/20230809_185948/m--20230809_185948--f000216.jpg,20230809_185948,mauritius,original,video,False,train,85.54557954048622
data/processed/mauritius/video/not_augmented/cull2_green_bg/head/224/occ/cn/none/20230809_185948/m--20230809_185948--f000218.jpg,20230809_185948,mauritius,original,video,False,train,83.66196975128096
data/processed/mauritius/video/not_augmented/cull2_green_bg/head/224/occ/cn/none/20230809_185948/m--20230809_185948--f000220.jpg,20230809_185948,mauritius,original,video,False,train,83.75508211057218
data/processed/mauritius/video/not_augmented/cull2_green_bg/head/224/occ/cn/none/20230809_185948/m--20230809_185948--f000222.jpg,20230809_185948,mauritius,original,video,False,train,85.09665975606427
data/processed/mauritius/video/not_augmented/cull2_green_bg/head/224/occ/cn/none/20230809_185948/m--20230809_185948--f000224.jpg,20230809_185948,mauritius,original,video,False,train,98.0530729341487
data/processed/mauritius/video/not_augmented/cull2_green_bg/head/224/occ/cn/none/20230809_185948/m--20230809_185948--f000226.jpg,20230809_185948,mauritius,original,video,False,train,121.55333191292927
data/processed/mauritius/video/not_augmented/cull2_green_bg/head/224/occ/cn/none/20230809_185948/m--20230809_185948--f000228.jpg,20230809_185948,mauritius,original,video,False,train,188.0197702794709
data/processed/mauritius/video/not_augmented/cull2_green_bg/head/224/occ/cn/none/20230809_185948/m--20230809_185948--f000230.jpg,20230809_185948,mauritius,original,video,False,train,321.3790457489986
data/processed/mauritius/video/not_augmented/cull2_green_bg/head/224/occ/cn/none/20230809_185948/m--20230809_185948--f000232.jpg,20230809_185948,mauritius,original,video,False,train,328.6532005233002
data/processed/mauritius/video/not_augmented/cull2_green_bg/head/224/occ/cn/none/20230809_185948/m--20230809_185948--f000234.jpg,20230809_185948,mauritius,original,video,False,train,289.3795240716803
data/processed/mauritius/video/not_augmented/cull2_green_bg/head/224/occ/cn/none/20230809_185948/m--20230809_185948--f000236.jpg,20230809_185948,mauritius,original,video,False,train,266.35873721947723
data/processed/mauritius/video/not_augmented/cull2_green_bg/head/224/occ/cn/none/20230809_185948/m--20230809_185948--f000238.jpg,20230809_185948,mauritius,original,video,False,train,243.2173150113005
data/processed/mauritius/video/not_augmented/cull2_green_bg/head/224/occ/cn/none/20230809_185948/m--20230809_185948--f000240.jpg,20230809_185948,mauritius,original,video,False,train,272.6378944008512
data/processed/mauritius/video/not_augmented/cull2_green_bg/head/224/occ/cn/none/20230809_185948/m--20230809_185948--f000242.jpg,20230809_185948,mauritius,original,video,False,train,221.48301945900434
data/processed/mauritius/video/not_augmented/cull2_green_bg/head/224/occ/cn/none/20230809_185948/m--20230809_185948--f000244.jpg,20230809_185948,mauritius,original,video,False,train,204.0801773416852
data/processed/mauritius/video/not_augmented/cull2_green_bg/head/224/occ/cn/none/20230809_185948/m--20230809_185948--f000246.jpg,20230809_185948,mauritius,original,video,False,train,181.18879543647623
data/processed/mauritius/video/not_augmented/cull2_green_bg/head/224/occ/cn/none/20230809_185948/m--20230809_185948--f000248.jpg,20230809_185948,mauritius,original,video,False,train,174.37497992676433
data/processed/mauritius/video/not_augmented/cull2_green_bg/head/224/occ/cn/none/20230809_185948/m--20230809_185948--f000250.jpg,20230809_185948,mauritius,original,video,False,train,162.1183832653956
data/processed/mauritius/video/not_augmented/cull2_green_bg/head/224/occ/cn/none/20230809_185948/m--20230809_185948--f000252.jpg,20230809_185948,mauritius,original,video,False,train,139.43829718752235
data/processed/mauritius/video/not_augmented/cull2_green_bg/head/224/occ/cn/none/20230809_185948/m--20230809_185948--f000254.jpg,20230809_185948,mauritius,original,video,False,train,112.81752228170869
data/processed/mauritius/video/not_augmented/cull2_green_bg/head/224/occ/cn/none/20230809_185948/m--20230809_185948--f000256.jpg,20230809_185948,mauritius,original,video,False,train,107.77483239704151
data/processed/mauritius/video/not_augmented/cull2_green_bg/head/224/occ/cn/none/20230809_185948/m--20230809_185948--f000258.jpg,20230809_185948,mauritius,original,video,False,train,81.27549027383749
data/processed/mauritius/video/not_augmented/cull2_green_bg/head/224/occ/cn/none/20230809_185948/m--20230809_185948--f000260.jpg,20230809_185948,mauritius,original,video,False,train,56.88378825817244
data/processed/mauritius/video/not_augmented/cull2_green_bg/head/224/occ/cn/none/20230809_185948/m--20230809_185948--f000264.jpg,20230809_185948,mauritius,original,video,False,train,33.32886239440677
data/processed/mauritius/video/not_augmented/cull2_green_bg/head/224/occ/cn/none/20230809_185948/m--20230809_185948--f001144.jpg,20230809_185948,mauritius,original,video,False,train,50.52449366709731
data/processed/mauritius/video/not_augmented/cull2_green_bg/head/224/occ/cn/none/20230809_185948/m--20230809_185948--f001146.jpg,20230809_185948,mauritius,original,video,False,train,50.22536655030416
data/processed/mauritius/video/not_augmented/cull2_green_bg/head/224/occ/cn/none/20230809_185948/m--20230809_185948--f001160.jpg,20230809_185948,mauritius,original,video,False,train,42.279715353724654
data/processed/mauritius/video/not_augmented/cull2_green_bg/head/224/occ/cn/none/20230809_185948/m--20230809_185948--f001168.jpg,20230809_185948,mauritius,original,video,False,train,35.578324296880595
data/processed/mauritius/video/not_augmented/cull2_green_bg/head/224/occ/cn/none/20230809_185948/m--20230809_185948--f001170.jpg,20230809_185948,mauritius,original,video,False,train,32.482760507233294
data/processed/mauritius/video/not_augmented/cull2_green_bg/head/224/occ/cn/none/20230809_185948/m--20230809_185948--f001176.jpg,20230809_185948,mauritius,original,video,False,train,44.934629973348414
data/processed/mauritius/video/not_augmented/cull2_green_bg/head/224/occ/cn/none/20230809_185948/m--20230809_185948--f001178.jpg,20230809_185948,mauritius,original,video,False,train,62.950693480822494
data/processed/mauritius/video/not_augmented/cull2_green_bg/head/224/occ/cn/none/20230809_185948/m--20230809_185948--f001180.jpg,20230809_185948,mauritius,original,video,False,train,30.550900803660912
data/processed/mauritius/video/not_augmented/cull2_green_bg/head/224/occ/cn/none/20230809_185948/m--20230809_185948--f001182.jpg,20230809_185948,mauritius,original,video,False,train,38.66159068420995
data/processed/mauritius/video/not_augmented/cull2_green_bg/head/224/occ/cn/none/20230809_185948/m--20230809_185948--f001184.jpg,20230809_185948,mauritius,original,video,False,train,23.67036030621193
data/processed/mauritius/video/not_augmented/cull2_green_bg/head/224/occ/cn/none/20230809_185948/m--20230809_185948--f001186.jpg,20230809_185948,mauritius,original,video,False,train,27.14062489831711
data/processed/mauritius/video/not_augmented/cull2_green_bg/head/224/occ/cn/none/20230809_185948/m--20230809_185948--f001188.jpg,20230809_185948,mauritius,original,video,False,train,39.25769289549765
data/processed/mauritius/video/not_augmented/cull2_green_bg/head/224/occ/cn/none/20230809_185948/m--20230809_185948--f001190.jpg,20230809_185948,mauritius,original,video,False,train,68.52070704384279
data/processed/mauritius/video/not_augmented/cull2_green_bg/head/224/occ/cn/none/20230809_185948/m--20230809_185948--f001358.jpg,20230809_185948,mauritius,original,video,False,train,277.4488799390272
data/processed/mauritius/video/not_augmented/cull2_green_bg/head/224/occ/cn/none/20230809_185948/m--20230809_185948--f001360.jpg,20230809_185948,mauritius,original,video,False,train,349.79645629804963
data/processed/mauritius/video/not_augmented/cull2_green_bg/head/224/occ/cn/none/20230809_185948/m--20230809_185948--f001362.jpg,20230809_185948,mauritius,original,video,False,train,254.42865114160404
data/processed/mauritius/video/not_augmented/cull2_green_bg/head/224/occ/cn/none/20230828_204505/m--20230828_204505--f000214.jpg,20230828_204505,mauritius,original,video,False,train,1200.453364151808
data/processed/mauritius/video/not_augmented/cull2_green_bg/head/224/occ/cn/none/20230828_204505/m--20230828_204505--f000216.jpg,20230828_204505,mauritius,original,video,False,train,1045.6702806106562
data/processed/mauritius/video/not_augmented/cull2_green_bg/head/224/occ/cn/none/20230828_204505/m--20230828_204505--f000218.jpg,20230828_204505,mauritius,original,video,False,train,964.3439692279189
data/processed/mauritius/video/not_augmented/cull2_green_bg/head/224/occ/cn/none/20230828_204505/m--20230828_204505--f000220.jpg,20230828_204505,mauritius,original,video,False,train,982.8079757813562
data/processed/mauritius/video/not_augmented/cull2_green_bg/head/224/occ/cn/none/20230828_204505/m--20230828_204505--f000222.jpg,20230828_204505,mauritius,original,video,False,train,1077.1873802922257
data/processed/mauritius/video/not_augmented/cull2_green_bg/head/224/occ/cn/none/20230828_204505/m--20230828_204505--f000224.jpg,20230828_204505,mauritius,original,video,False,train,1080.4851122895464
data/processed/mauritius/video/not_augmented/cull2_green_bg/head/224/occ/cn/none/20230828_204505/m--20230828_204505--f000226.jpg,20230828_204505,mauritius,original,video,False,train,1015.1740871649491
data/processed/mauritius/video/not_augmented/cull2_green_bg/head/224/occ/cn/none/20230828_204505/m--20230828_204505--f000228.jpg,20230828_204505,mauritius,original,video,False,train,1026.7603036828064
data/processed/mauritius/video/not_augmented/cull2_green_bg/head/224/occ/cn/none/20230828_204505/m--20230828_204505--f000230.jpg,20230828_204505,mauritius,original,video,False,train,1051.0043447002772
data/processed/mauritius/video/not_augmented/cull2_green_bg/head/224/occ/cn/none/20230828_204505/m--20230828_204505--f000232.jpg,20230828_204505,mauritius,original,video,False,train,1179.0669044957763
data/processed/mauritius/video/not_augmented/cull2_green_bg/head/224/occ/cn/none/20230828_204505/m--20230828_204505--f000234.jpg,20230828_204505,mauritius,original,video,False,train,1089.2676578300886
data/processed/mauritius/video/not_augmented/cull2_green_bg/head/224/occ/cn/none/20230828_204505/m--20230828_204505--f001168.jpg,20230828_204505,mauritius,original,video,False,train,1017.8706751910412
data/processed/mauritius/video/not_augmented/cull2_green_bg/head/224/occ/cn/none/20230828_204505/m--20230828_204505--f001170.jpg,20230828_204505,mauritius,original,video,False,train,757.9604392534293
data/processed/mauritius/video/not_augmented/cull2_green_bg/head/224/occ/cn/none/20230828_204505/m--20230828_204505--f001172.jpg,20230828_204505,mauritius,original,video,False,train,1062.1551935747234
data/processed/mauritius/video/not_augmented/cull2_green_bg/head/224/occ/cn/none/20230828_204505/m--20230828_204505--f001174.jpg,20230828_204505,mauritius,original,video,False,train,1001.2640904013887
data/processed/mauritius/video/not_augmented/cull2_green_bg/head/224/occ/cn/none/20230828_204505/m--20230828_204505--f001176.jpg,20230828_204505,mauritius,original,video,False,train,962.6665933010033
data/processed/mauritius/video/not_augmented/cull2_green_bg/head/224/occ/cn/none/20230828_204505/m--20230828_204505--f001178.jpg,20230828_204505,mauritius,original,video,False,train,965.7071508227265
data/processed/mauritius/video/not_augmented/cull2_green_bg/head/224/occ/cn/none/20230828_204505/m--20230828_204505--f001180.jpg,20230828_204505,mauritius,original,video,False,train,1037.1160315545783
data/processed/mauritius/video/not_augmented/cull2_green_bg/head/224/occ/cn/none/20230828_204505/m--20230828_204505--f001182.jpg,20230828_204505,mauritius,original,video,False,train,1240.9464684311224
data/processed/mauritius/video/not_augmented/cull2_green_bg/head/224/occ/cn/none/20230828_204505/m--20230828_204505--f001184.jpg,20230828_204505,mauritius,original,video,False,train,764.0112005485589
data/processed/mauritius/video/not_augmented/cull2_green_bg/head/224/occ/cn/none/20230828_204505/m--20230828_204505--f001186.jpg,20230828_204505,mauritius,original,video,False,train,842.6681082553537
data/processed/mauritius/video/not_augmented/cull2_green_bg/head/224/occ/cn/none/20230828_204505/m--20230828_204505--f001188.jpg,20230828_204505,mauritius,original,video,False,train,713.4053331698442
data/processed/mauritius/video/not_augmented/cull2_green_bg/head/224/occ/cn/none/20230828_204505/m--20230828_204505--f001382.jpg,20230828_204505,mauritius,original,video,False,train,215.80604265174088
data/processed/mauritius/video/not_augmented/cull2_green_bg/head/224/occ/cn/none/20230828_204505/m--20230828_204505--f001384.jpg,20230828_204505,mauritius,original,video,False,train,359.68199923355246
data/processed/mauritius/video/not_augmented/cull2_green_bg/head/224/occ/cn/none/20230828_204505/m--20230828_204505--f001386.jpg,20230828_204505,mauritius,original,video,False,train,448.4141222224142
data/processed/mauritius/video/not_augmented/cull2_green_bg/head/224/occ/cn/none/20230828_204505/m--20230828_204505--f001388.jpg,20230828_204505,mauritius,original,video,False,train,275.98748392743005
data/processed/mauritius/video/not_augmented/cull2_green_bg/head/224/occ/cn/none/20230828_204505/m--20230828_204505--f001390.jpg,20230828_204505,mauritius,original,video,False,train,345.8213886338837
data/processed/mauritius/video/not_augmented/cull2_green_bg/head/224/occ/cn/none/20230831_053936/m--20230831_053936--f000228.jpg,20230831_053936,mauritius,original,video,False,test,208.85742171612046
data/processed/mauritius/video/not_augmented/cull2_green_bg/head/224/occ/cn/none/20230831_053936/m--20230831_053936--f000230.jpg,20230831_053936,mauritius,original,video,False,test,227.23186378208908
data/processed/mauritius/video/not_augmented/cull2_green_bg/head/224/occ/cn/none/20230831_053936/m--20230831_053936--f000232.jpg,20230831_053936,mauritius,original,video,False,test,235.66643413232302
data/processed/mauritius/video/not_augmented/cull2_green_bg/head/224/occ/cn/none/20230831_053936/m--20230831_053936--f000234.jpg,20230831_053936,mauritius,original,video,False,test,238.50075733259484
data/processed/mauritius/video/not_augmented/cull2_green_bg/head/224/occ/cn/none/20230831_053936/m--20230831_053936--f000236.jpg,20230831_053936,mauritius,original,video,False,test,226.0232780040279
data/processed/mauritius/video/not_augmented/cull2_green_bg/head/224/occ/cn/none/20230831_053936/m--20230831_053936--f000238.jpg,20230831_053936,mauritius,original,video,False,test,245.88861207552924
data/processed/mauritius/video/not_augmented/cull2_green_bg/head/224/occ/cn/none/20230831_053936/m--20230831_053936--f000240.jpg,20230831_053936,mauritius,original,video,False,test,262.54492186070087
data/processed/mauritius/video/not_augmented/cull2_green_bg/head/224/occ/cn/none/20230831_053936/m--20230831_053936--f000242.jpg,20230831_053936,mauritius,original,video,False,test,237.66647399201688
data/processed/mauritius/video/not_augmented/cull2_green_bg/head/224/occ/cn/none/20230831_053936/m--20230831_053936--f000244.jpg,20230831_053936,mauritius,original,video,False,test,234.95473931720488
data/processed/mauritius/video/not_augmented/cull2_green_bg/head/224/occ/cn/none/20230831_053936/m--20230831_053936--f000246.jpg,20230831_053936,mauritius,original,video,False,test,245.0632768314811
data/processed/mauritius/video/not_augmented/cull2_green_bg/head/224/occ/cn/none/20230831_053936/m--20230831_053936--f000248.jpg,20230831_053936,mauritius,original,video,False,test,244.7500794079839
data/processed/mauritius/video/not_augmented/cull2_green_bg/head/224/occ/cn/none/20230831_053936/m--20230831_053936--f000250.jpg,20230831_053936,mauritius,original,video,False,test,231.5380060747235
data/processed/mauritius/video/not_augmented/cull2_green_bg/head/224/occ/cn/none/20230831_053936/m--20230831_053936--f000252.jpg,20230831_053936,mauritius,original,video,False,test,223.02937659438774
data/processed/mauritius/video/not_augmented/cull2_green_bg/head/224/occ/cn/none/20230831_053936/m--20230831_053936--f000254.jpg,20230831_053936,mauritius,original,video,False,test,237.75183352049763
data/processed/mauritius/video/not_augmented/cull2_green_bg/head/224/occ/cn/none/20230831_053936/m--20230831_053936--f000256.jpg,20230831_053936,mauritius,original,video,False,test,249.07477670786332
data/processed/mauritius/video/not_augmented/cull2_green_bg/head/224/occ/cn/none/20230831_053936/m--20230831_053936--f000258.jpg,20230831_053936,mauritius,original,video,False,test,212.59307197847252
data/processed/mauritius/video/not_augmented/cull2_green_bg/head/224/occ/cn/none/20230831_053936/m--20230831_053936--f000260.jpg,20230831_053936,mauritius,original,video,False,test,211.63837254558783
data/processed/mauritius/video/not_augmented/cull2_green_bg/head/224/occ/cn/none/20230831_053936/m--20230831_053936--f000262.jpg,20230831_053936,mauritius,original,video,False,test,239.2550220100247
data/processed/mauritius/video/not_augmented/cull2_green_bg/head/224/occ/cn/none/20230831_053936/m--20230831_053936--f000264.jpg,20230831_053936,mauritius,original,video,False,test,238.20705093159765
data/processed/mauritius/video/not_augmented/cull2_green_bg/head/224/occ/cn/none/20230831_053936/m--20230831_053936--f000266.jpg,20230831_053936,mauritius,original,video,False,test,226.06329688247368
data/processed/mauritius/video/not_augmented/cull2_green_bg/head/224/occ/cn/none/20230831_053936/m--20230831_053936--f000268.jpg,20230831_053936,mauritius,original,video,False,test,205.08276865076198
data/processed/mauritius/video/not_augmented/cull2_green_bg/head/224/occ/cn/none/20230831_053936/m--20230831_053936--f000270.jpg,20230831_053936,mauritius,original,video,False,test,315.202267841417
data/processed/mauritius/video/not_augmented/cull2_green_bg/head/224/occ/cn/none/20230831_053936/m--20230831_053936--f000272.jpg,20230831_053936,mauritius,original,video,False,test,274.7594266742133
data/processed/mauritius/video/not_augmented/cull2_green_bg/head/224/occ/cn/none/20230831_053936/m--20230831_053936--f000274.jpg,20230831_053936,mauritius,original,video,False,test,282.74567515608766
data/processed/mauritius/video/not_augmented/cull2_green_bg/head/224/occ/cn/none/20230831_053936/m--20230831_053936--f000276.jpg,20230831_053936,mauritius,original,video,False,test,263.4673541417374
data/processed/mauritius/video/not_augmented/cull2_green_bg/head/224/occ/cn/none/20230831_053936/m--20230831_053936--f000278.jpg,20230831_053936,mauritius,original,video,False,test,255.42906966481496
data/processed/mauritius/video/not_augmented/cull2_green_bg/head/224/occ/cn/none/20230831_053936/m--20230831_053936--f000280.jpg,20230831_053936,mauritius,original,video,False,test,253.98026944994183
data/processed/mauritius/video/not_augmented/cull2_green_bg/head/224/occ/cn/none/20230831_053936/m--20230831_053936--f000282.jpg,20230831_053936,mauritius,original,video,False,test,208.85339604591837
data/processed/mauritius/video/not_augmented/cull2_green_bg/head/224/occ/cn/none/20230831_053936/m--20230831_053936--f001300.jpg,20230831_053936,mauritius,original,video,False,test,1103.7269610905837
data/processed/mauritius/video/not_augmented/cull2_green_bg/head/224/occ/cn/none/20230831_053936/m--20230831_053936--f001302.jpg,20230831_053936,mauritius,original,video,False,test,579.0848812081823
data/processed/mauritius/video/not_augmented/cull2_green_bg/head/224/occ/cn/none/20230831_053936/m--20230831_053936--f001304.jpg,20230831_053936,mauritius,original,video,False,test,604.116629462697
data/processed/mauritius/video/not_augmented/cull2_green_bg/head/224/occ/cn/none/20230831_053936/m--20230831_053936--f001306.jpg,20230831_053936,mauritius,original,video,False,test,914.9412463520629
data/processed/mauritius/video/not_augmented/cull2_green_bg/head/224/occ/cn/none/20230831_053936/m--20230831_053936--f001308.jpg,20230831_053936,mauritius,original,video,False,test,766.481046715164
data/processed/mauritius/video/not_augmented/cull2_green_bg/head/224/occ/cn/none/20230831_053936/m--20230831_053936--f001442.jpg,20230831_053936,mauritius,original,video,False,test,185.64116310229258
data/processed/mauritius/video/not_augmented/cull2_green_bg/head/224/occ/cn/none/20230831_053936/m--20230831_053936--f001444.jpg,20230831_053936,mauritius,original,video,False,test,233.7098811509856
data/processed/mauritius/video/not_augmented/cull2_green_bg/head/224/occ/cn/none/20230831_053936/m--20230831_053936--f001446.jpg,20230831_053936,mauritius,original,video,False,test,228.94080831487193
data/processed/mauritius/video/not_augmented/cull2_green_bg/head/224/occ/cn/none/20230831_053936/m--20230831_053936--f001448.jpg,20230831_053936,mauritius,original,video,False,test,174.42641892725106
data/processed/mauritius/video/not_augmented/cull2_green_bg/head/224/occ/cn/none/20230831_053936/m--20230831_053936--f001450.jpg,20230831_053936,mauritius,original,video,False,test,149.74270551714088
data/processed/mauritius/video/not_augmented/cull2_green_bg/head/224/occ/cn/none/20230831_053936/m--20230831_053936--f001452.jpg,20230831_053936,mauritius,original,video,False,test,136.5001992841702
data/processed/mauritius/video/not_augmented/cull2_green_bg/head/224/occ/cn/none/20230831_054710/m--20230831_054710--f000270.jpg,20230831_054710,mauritius,original,video,False,test,847.0318079578633
data/processed/mauritius/video/not_augmented/cull2_green_bg/head/224/occ/cn/none/20230831_054710/m--20230831_054710--f000272.jpg,20230831_054710,mauritius,original,video,False,test,920.2800541694638
data/processed/mauritius/video/not_augmented/cull2_green_bg/head/224/occ/cn/none/20230831_054710/m--20230831_054710--f000274.jpg,20230831_054710,mauritius,original,video,False,test,1162.1585020723069
data/processed/mauritius/video/not_augmented/cull2_green_bg/head/224/occ/cn/none/20230831_054710/m--20230831_054710--f000276.jpg,20230831_054710,mauritius,original,video,False,test,988.190429639439
data/processed/mauritius/video/not_augmented/cull2_green_bg/head/224/occ/cn/none/20230831_054710/m--20230831_054710--f000278.jpg,20230831_054710,mauritius,original,video,False,test,1102.543427069353
data/processed/mauritius/video/not_augmented/cull2_green_bg/head/224/occ/cn/none/20230831_054710/m--20230831_054710--f000280.jpg,20230831_054710,mauritius,original,video,False,test,1051.0236965685474
data/processed/mauritius/video/not_augmented/cull2_green_bg/head/224/occ/cn/none/20230831_054710/m--20230831_054710--f000282.jpg,20230831_054710,mauritius,original,video,False,test,983.7409119897959
data/processed/mauritius/video/not_augmented/cull2_green_bg/head/224/occ/cn/none/20230831_054710/m--20230831_054710--f000284.jpg,20230831_054710,mauritius,original,video,False,test,781.9471659435922
data/processed/mauritius/video/not_augmented/cull2_green_bg/head/224/occ/cn/none/20230831_054710/m--20230831_054710--f000286.jpg,20230831_054710,mauritius,original,video,False,test,819.9718789823946
data/processed/mauritius/video/not_augmented/cull2_green_bg/head/224/occ/cn/none/20230831_054710/m--20230831_054710--f000288.jpg,20230831_054710,mauritius,original,video,False,test,815.5512793527847
data/processed/mauritius/video/not_augmented/cull2_green_bg/head/224/occ/cn/none/20230831_054710/m--20230831_054710--f000294.jpg,20230831_054710,mauritius,original,video,False,test,257.38667885058624
data/processed/mauritius/video/not_augmented/cull2_green_bg/head/224/occ/cn/none/20230831_054710/m--20230831_054710--f001072.jpg,20230831_054710,mauritius,original,video,False,test,1843.3374120798871
data/processed/mauritius/video/not_augmented/cull2_green_bg/head/224/occ/cn/none/20230831_054710/m--20230831_054710--f001074.jpg,20230831_054710,mauritius,original,video,False,test,1347.9761438584237
data/processed/mauritius/video/not_augmented/cull2_green_bg/head/224/occ/cn/none/20230831_054710/m--20230831_054710--f001076.jpg,20230831_054710,mauritius,original,video,False,test,705.0601680645194
data/processed/mauritius/video/not_augmented/cull2_green_bg/head/224/occ/cn/none/20230831_054710/m--20230831_054710--f001078.jpg,20230831_054710,mauritius,original,video,False,test,447.1375757012453
data/processed/mauritius/video/not_augmented/cull2_green_bg/head/224/occ/cn/none/20230831_054710/m--20230831_054710--f001082.jpg,20230831_054710,mauritius,original,video,False,test,1193.9653818459374
data/processed/mauritius/video/not_augmented/cull2_green_bg/head/224/occ/cn/none/20230831_054710/m--20230831_054710--f001244.jpg,20230831_054710,mauritius,original,video,False,test,1124.556759975295
data/processed/mauritius/video/not_augmented/cull2_green_bg/head/224/occ/cn/none/20230831_054710/m--20230831_054710--f001248.jpg,20230831_054710,mauritius,original,video,False,test,1237.6780332555775
data/processed/mauritius/video/not_augmented/cull2_green_bg/head/224/occ/cn/none/20230831_055535/m--20230831_055535--f000196.jpg,20230831_055535,mauritius,original,video,False,train,221.96065845672214
data/processed/mauritius/video/not_augmented/cull2_green_bg/head/224/occ/cn/none/20230831_055535/m--20230831_055535--f000198.jpg,20230831_055535,mauritius,original,video,False,train,250.11170677262913
data/processed/mauritius/video/not_augmented/cull2_green_bg/head/224/occ/cn/none/20230831_055535/m--20230831_055535--f000200.jpg,20230831_055535,mauritius,original,video,False,train,287.284259403313
data/processed/mauritius/video/not_augmented/cull2_green_bg/head/224/occ/cn/none/20230831_055535/m--20230831_055535--f000206.jpg,20230831_055535,mauritius,original,video,False,train,273.53535554688057
data/processed/mauritius/video/not_augmented/cull2_green_bg/head/224/occ/cn/none/20230831_055535/m--20230831_055535--f000208.jpg,20230831_055535,mauritius,original,video,False,train,242.31439312534107
data/processed/mauritius/video/not_augmented/cull2_green_bg/head/224/occ/cn/none/20230831_055535/m--20230831_055535--f000210.jpg,20230831_055535,mauritius,original,video,False,train,202.057557391604
data/processed/mauritius/video/not_augmented/cull2_green_bg/head/224/occ/cn/none/20230831_055535/m--20230831_055535--f000232.jpg,20230831_055535,mauritius,original,video,False,train,657.5453399692362
data/processed/mauritius/video/not_augmented/cull2_green_bg/head/224/occ/cn/none/20230831_055535/m--20230831_055535--f000234.jpg,20230831_055535,mauritius,original,video,False,train,969.7148624783206
data/processed/mauritius/video/not_augmented/cull2_green_bg/head/224/occ/cn/none/20230831_055535/m--20230831_055535--f000236.jpg,20230831_055535,mauritius,original,video,False,train,771.5195907912915
data/processed/mauritius/video/not_augmented/cull2_green_bg/head/224/occ/cn/none/20230831_055535/m--20230831_055535--f000238.jpg,20230831_055535,mauritius,original,video,False,train,496.8701371173469
data/processed/mauritius/video/not_augmented/cull2_green_bg/head/224/occ/cn/none/20230831_055535/m--20230831_055535--f000240.jpg,20230831_055535,mauritius,original,video,False,train,301.2841397797451
data/processed/mauritius/video/not_augmented/cull2_green_bg/head/224/occ/cn/none/20230831_055535/m--20230831_055535--f000242.jpg,20230831_055535,mauritius,original,video,False,train,288.9125477537818
data/processed/mauritius/video/not_augmented/cull2_green_bg/head/224/occ/cn/none/20230831_055535/m--20230831_055535--f000244.jpg,20230831_055535,mauritius,original,video,False,train,302.1094547050886
data/processed/mauritius/video/not_augmented/cull2_green_bg/head/224/occ/cn/none/20230831_055535/m--20230831_055535--f000292.jpg,20230831_055535,mauritius,original,video,False,train,776.4667369420704
data/processed/mauritius/video/not_augmented/cull2_green_bg/head/224/occ/cn/none/20230831_055535/m--20230831_055535--f000294.jpg,20230831_055535,mauritius,original,video,False,train,390.6894531107008
data/processed/mauritius/video/not_augmented/cull2_green_bg/head/224/occ/cn/none/20230831_055535/m--20230831_055535--f001474.jpg,20230831_055535,mauritius,original,video,False,train,1896.4456911571617
data/processed/mauritius/video/not_augmented/cull2_green_bg/head/224/occ/cn/none/20230831_055535/m--20230831_055535--f001476.jpg,20230831_055535,mauritius,original,video,False,train,1215.9648435212134
data/processed/mauritius/video/not_augmented/cull2_green_bg/head/224/occ/cn/none/20230831_055535/m--20230831_055535--f001478.jpg,20230831_055535,mauritius,original,video,False,train,945.2860132330213
data/processed/mauritius/video/not_augmented/cull2_green_bg/head/224/occ/cn/none/20230831_055535/m--20230831_055535--f001480.jpg,20230831_055535,mauritius,original,video,False,train,925.4217753027043
data/processed/mauritius/video/not_augmented/cull2_green_bg/head/224/occ/cn/none/20230831_055535/m--20230831_055535--f001482.jpg,20230831_055535,mauritius,original,video,False,train,700.8656329322188
data/processed/mauritius/video/not_augmented/cull2_green_bg/head/224/occ/cn/none/20230831_055535/m--20230831_055535--f001484.jpg,20230831_055535,mauritius,original,video,False,train,1159.9157564476202
data/processed/mauritius/video/not_augmented/cull2_green_bg/head/224/occ/cn/none/20230831_055535/m--20230831_055535--f001486.jpg,20230831_055535,mauritius,original,video,False,train,1093.7223772257876
data/processed/mauritius/video/not_augmented/cull2_green_bg/head/224/occ/cn/none/20230831_055535/m--20230831_055535--f001488.jpg,20230831_055535,mauritius,original,video,False,train,1456.1608338504968
data/processed/mauritius/video/not_augmented/cull2_green_bg/head/224/occ/cn/none/20230831_055535/m--20230831_055535--f001490.jpg,20230831_055535,mauritius,original,video,False,train,1466.7640304200008
data/processed/mauritius/video/not_augmented/cull2_green_bg/head/224/occ/cn/none/20230831_055535/m--20230831_055535--f001492.jpg,20230831_055535,mauritius,original,video,False,train,631.2524908968231
data/processed/mauritius/video/not_augmented/cull2_green_bg/head/224/occ/cn/none/20230831_055535/m--20230831_055535--f001494.jpg,20230831_055535,mauritius,original,video,False,train,717.3969420937884
data/processed/mauritius/video/not_augmented/cull2_green_bg/head/224/occ/cn/none/20230831_055535/m--20230831_055535--f001496.jpg,20230831_055535,mauritius,original,video,False,train,560.8692401594442
data/processed/mauritius/video/not_augmented/cull2_green_bg/head/224/occ/cn/none/20230831_055535/m--20230831_055535--f001498.jpg,20230831_055535,mauritius,original,video,False,train,579.8710140051916
data/processed/mauritius/video/not_augmented/cull2_green_bg/head/224/occ/cn/none/20230831_055535/m--20230831_055535--f001500.jpg,20230831_055535,mauritius,original,video,False,train,759.2598648925267
data/processed/mauritius/video/not_augmented/cull2_green_bg/head/224/occ/cn/none/20230831_055535/m--20230831_055535--f001502.jpg,20230831_055535,mauritius,original,video,False,train,851.0121572002774
data/processed/mauritius/video/not_augmented/cull2_green_bg/head/224/occ/cn/none/20230831_055535/m--20230831_055535--f001646.jpg,20230831_055535,mauritius,original,video,False,train,472.4920279023449
data/processed/mauritius/video/not_augmented/cull2_green_bg/head/224/occ/cn/none/20230831_055535/m--20230831_055535--f001648.jpg,20230831_055535,mauritius,original,video,False,train,534.2028855733303
data/processed/mauritius/video/not_augmented/cull2_green_bg/head/224/occ/cn/none/20230831_055535/m--20230831_055535--f001650.jpg,20230831_055535,mauritius,original,video,False,train,1001.2773235719038
data/processed/mauritius/video/not_augmented/cull2_green_bg/head/224/occ/cn/none/20230831_055535/m--20230831_055535--f001652.jpg,20230831_055535,mauritius,original,video,False,train,674.8088724993507
data/processed/mauritius/video/not_augmented/cull2_green_bg/head/224/occ/cn/none/20230831_055535/m--20230831_055535--f001654.jpg,20230831_055535,mauritius,original,video,False,train,752.6191802559072
data/processed/mauritius/video/not_augmented/cull2_green_bg/head/224/occ/cn/none/20230831_055535/m--20230831_055535--f001656.jpg,20230831_055535,mauritius,original,video,False,train,1043.7565169165603
data/processed/mauritius/video/not_augmented/cull2_green_bg/head/224/occ/cn/none/20230831_055535/m--20230831_055535--f001658.jpg,20230831_055535,mauritius,original,video,False,train,1201.0404176723953
data/processed/mauritius/video/not_augmented/cull2_green_bg/head/224/occ/cn/none/20230831_055535/m--20230831_055535--f001660.jpg,20230831_055535,mauritius,original,video,False,train,822.3822345022659
data/processed/mauritius/video/not_augmented/cull2_green_bg/head/224/occ/cn/none/20230831_055535/m--20230831_055535--f001662.jpg,20230831_055535,mauritius,original,video,False,train,624.793307509337
data/processed/mauritius/video/not_augmented/cull2_green_bg/head/224/occ/cn/none/20230831_055535/m--20230831_055535--f001664.jpg,20230831_055535,mauritius,original,video,False,train,567.3631017062129
data/processed/mauritius/video/not_augmented/cull2_green_bg/head/224/occ/cn/none/20230831_055535/m--20230831_055535--f001666.jpg,20230831_055535,mauritius,original,video,False,train,577.9978475622315
data/processed/mauritius/video/not_augmented/cull2_green_bg/head/224/occ/cn/none/20230831_055535/m--20230831_055535--f001760.jpg,20230831_055535,mauritius,original,video,False,train,295.7520727040816
data/processed/mauritius/video/not_augmented/cull2_green_bg/head/224/occ/cn/none/20230831_055535/m--20230831_055535--f001772.jpg,20230831_055535,mauritius,original,video,False,train,500.12009715597014
data/processed/mauritius/video/not_augmented/cull2_green_bg/head/224/occ/cn/none/20230831_060427/m--20230831_060427--f000202.jpg,20230831_060427,mauritius,original,video,False,test,127.1896723211432
data/processed/mauritius/video/not_augmented/cull2_green_bg/head/224/occ/cn/none/20230831_060427/m--20230831_060427--f000206.jpg,20230831_060427,mauritius,original,video,False,test,114.20063359396798
data/processed/mauritius/video/not_augmented/cull2_green_bg/head/224/occ/cn/none/20230831_060427/m--20230831_060427--f000210.jpg,20230831_060427,mauritius,original,video,False,test,176.45479906742295
data/processed/mauritius/video/not_augmented/cull2_green_bg/head/224/occ/cn/none/20230831_060427/m--20230831_060427--f000212.jpg,20230831_060427,mauritius,original,video,False,test,159.63614069506906
data/processed/mauritius/video/not_augmented/cull2_green_bg/head/224/occ/cn/none/20230831_060427/m--20230831_060427--f000214.jpg,20230831_060427,mauritius,original,video,False,test,135.92173545889833
data/processed/mauritius/video/not_augmented/cull2_green_bg/head/224/occ/cn/none/20230831_060427/m--20230831_060427--f000216.jpg,20230831_060427,mauritius,original,video,False,test,190.15407755731394
data/processed/mauritius/video/not_augmented/cull2_green_bg/head/224/occ/cn/none/20230831_060427/m--20230831_060427--f000218.jpg,20230831_060427,mauritius,original,video,False,test,284.6931201771169
data/processed/mauritius/video/not_augmented/cull2_green_bg/head/224/occ/cn/none/20230831_060427/m--20230831_060427--f000220.jpg,20230831_060427,mauritius,original,video,False,test,294.43809779372526
data/processed/mauritius/video/not_augmented/cull2_green_bg/head/224/occ/cn/none/20230831_060427/m--20230831_060427--f000222.jpg,20230831_060427,mauritius,original,video,False,test,442.2396364652927
data/processed/mauritius/video/not_augmented/cull2_green_bg/head/224/occ/cn/none/20230831_060427/m--20230831_060427--f000224.jpg,20230831_060427,mauritius,original,video,False,test,638.645308446904
data/processed/mauritius/video/not_augmented/cull2_green_bg/head/224/occ/cn/none/20230831_060427/m--20230831_060427--f000226.jpg,20230831_060427,mauritius,original,video,False,test,643.8403615192888
data/processed/mauritius/video/not_augmented/cull2_green_bg/head/224/occ/cn/none/20230831_060427/m--20230831_060427--f000228.jpg,20230831_060427,mauritius,original,video,False,test,527.6145367632306
data/processed/mauritius/video/not_augmented/cull2_green_bg/head/224/occ/cn/none/20230831_060427/m--20230831_060427--f000230.jpg,20230831_060427,mauritius,original,video,False,test,701.5119973611256
data/processed/mauritius/video/not_augmented/cull2_green_bg/head/224/occ/cn/none/20230831_060427/m--20230831_060427--f000232.jpg,20230831_060427,mauritius,original,video,False,test,805.9647833563198
data/processed/mauritius/video/not_augmented/cull2_green_bg/head/224/occ/cn/none/20230831_060427/m--20230831_060427--f000234.jpg,20230831_060427,mauritius,original,video,False,test,880.1151538151397
data/processed/mauritius/video/not_augmented/cull2_green_bg/head/224/occ/cn/none/20230831_060427/m--20230831_060427--f000236.jpg,20230831_060427,mauritius,original,video,False,test,836.4821827168367
data/processed/mauritius/video/not_augmented/cull2_green_bg/head/224/occ/cn/none/20230831_060427/m--20230831_060427--f000238.jpg,20230831_060427,mauritius,original,video,False,test,870.706034751298
data/processed/mauritius/video/not_augmented/cull2_green_bg/head/224/occ/cn/none/20230831_060427/m--20230831_060427--f000240.jpg,20230831_060427,mauritius,original,video,False,test,590.858318469863
data/processed/mauritius/video/not_augmented/cull2_green_bg/head/224/occ/cn/none/20230831_060427/m--20230831_060427--f000242.jpg,20230831_060427,mauritius,original,video,False,test,551.9075453919899
data/processed/mauritius/video/not_augmented/cull2_green_bg/head/224/occ/cn/none/20230831_060427/m--20230831_060427--f000244.jpg,20230831_060427,mauritius,original,video,False,test,410.7703284422887
data/processed/mauritius/video/not_augmented/cull2_green_bg/head/224/occ/cn/none/20230831_060427/m--20230831_060427--f000246.jpg,20230831_060427,mauritius,original,video,False,test,287.392416269667
data/processed/mauritius/video/not_augmented/cull2_green_bg/head/224/occ/cn/none/20230831_060427/m--20230831_060427--f000248.jpg,20230831_060427,mauritius,original,video,False,test,221.21554091293478
data/processed/mauritius/video/not_augmented/cull2_green_bg/head/224/occ/cn/none/20230831_060427/m--20230831_060427--f000250.jpg,20230831_060427,mauritius,original,video,False,test,161.52383593805928
data/processed/mauritius/video/not_augmented/cull2_green_bg/head/224/occ/cn/none/20230831_060427/m--20230831_060427--f000252.jpg,20230831_060427,mauritius,original,video,False,test,122.7368263612435
data/processed/mauritius/video/not_augmented/cull2_green_bg/head/224/occ/cn/none/20230831_060427/m--20230831_060427--f000254.jpg,20230831_060427,mauritius,original,video,False,test,122.866808832511
data/processed/mauritius/video/not_augmented/cull2_green_bg/head/224/occ/cn/none/20230831_060427/m--20230831_060427--f001500.jpg,20230831_060427,mauritius,original,video,False,test,217.65431651528903
data/processed/mauritius/video/not_augmented/cull2_green_bg/head/224/occ/cn/none/20230831_060427/m--20230831_060427--f001502.jpg,20230831_060427,mauritius,original,video,False,test,190.97662227961084
data/processed/mauritius/video/not_augmented/cull2_green_bg/head/224/occ/cn/none/20230831_060427/m--20230831_060427--f001504.jpg,20230831_060427,mauritius,original,video,False,test,197.3946906633548
data/processed/mauritius/video/not_augmented/cull2_green_bg/head/224/occ/cn/none/20230831_060427/m--20230831_060427--f001506.jpg,20230831_060427,mauritius,original,video,False,test,230.52493222859047
data/processed/mauritius/video/not_augmented/cull2_green_bg/head/224/occ/cn/none/20230831_133234/m--20230831_133234--f000214.jpg,20230831_133234,mauritius,original,video,False,train,736.1389309149491
data/processed/mauritius/video/not_augmented/cull2_green_bg/head/224/occ/cn/none/20230831_133234/m--20230831_133234--f000216.jpg,20230831_133234,mauritius,original,video,False,train,782.9428411989796
data/processed/mauritius/video/not_augmented/cull2_green_bg/head/224/occ/cn/none/20230831_133234/m--20230831_133234--f000218.jpg,20230831_133234,mauritius,original,video,False,train,796.5153858164161
data/processed/mauritius/video/not_augmented/cull2_green_bg/head/224/occ/cn/none/20230831_133234/m--20230831_133234--f000242.jpg,20230831_133234,mauritius,original,video,False,train,850.8662305988408
data/processed/mauritius/video/not_augmented/cull2_green_bg/head/224/occ/cn/none/20230831_133234/m--20230831_133234--f000244.jpg,20230831_133234,mauritius,original,video,False,train,948.0355149808896
data/processed/mauritius/video/not_augmented/cull2_green_bg/head/224/occ/cn/none/20230831_133234/m--20230831_133234--f000246.jpg,20230831_133234,mauritius,original,video,False,train,777.01979032808
data/processed/mauritius/video/not_augmented/cull2_green_bg/head/224/occ/cn/none/20230831_133234/m--20230831_133234--f000248.jpg,20230831_133234,mauritius,original,video,False,train,691.1706991386334
data/processed/mauritius/video/not_augmented/cull2_green_bg/head/224/occ/cn/none/20230831_133234/m--20230831_133234--f000250.jpg,20230831_133234,mauritius,original,video,False,train,691.2710658446396
data/processed/mauritius/video/not_augmented/cull2_green_bg/head/224/occ/cn/none/20230831_133234/m--20230831_133234--f000252.jpg,20230831_133234,mauritius,original,video,False,train,765.226861399643
data/processed/mauritius/video/not_augmented/cull2_green_bg/head/224/occ/cn/none/20230831_133234/m--20230831_133234--f000254.jpg,20230831_133234,mauritius,original,video,False,train,884.9167729591836
data/processed/mauritius/video/not_augmented/cull2_green_bg/head/224/occ/cn/none/20230831_133234/m--20230831_133234--f000262.jpg,20230831_133234,mauritius,original,video,False,train,1067.0283800766201
data/processed/mauritius/video/not_augmented/cull2_green_bg/head/224/occ/cn/none/20230831_133920/m--20230831_133920--f000140.jpg,20230831_133920,mauritius,original,video,False,train,18.207170739465827
data/processed/mauritius/video/not_augmented/cull2_green_bg/head/224/occ/cn/none/20230831_133920/m--20230831_133920--f000142.jpg,20230831_133920,mauritius,original,video,False,train,16.83645565059968
data/processed/mauritius/video/not_augmented/cull2_green_bg/head/224/occ/cn/none/20230831_133920/m--20230831_133920--f000144.jpg,20230831_133920,mauritius,original,video,False,train,16.250916772959183
data/processed/mauritius/video/not_augmented/cull2_green_bg/head/224/occ/cn/none/20230831_133920/m--20230831_133920--f000146.jpg,20230831_133920,mauritius,original,video,False,train,17.231963399150676
data/processed/mauritius/video/not_augmented/cull2_green_bg/head/224/occ/cn/none/20230831_133920/m--20230831_133920--f000148.jpg,20230831_133920,mauritius,original,video,False,train,17.814632490047657
data/processed/mauritius/video/not_augmented/cull2_green_bg/head/224/occ/cn/none/20230831_133920/m--20230831_133920--f000194.jpg,20230831_133920,mauritius,original,video,False,train,811.8480946923336
data/processed/mauritius/video/not_augmented/cull2_green_bg/head/224/occ/cn/none/20230831_133920/m--20230831_133920--f000196.jpg,20230831_133920,mauritius,original,video,False,train,839.7776624353068
data/processed/mauritius/video/not_augmented/cull2_green_bg/head/224/occ/cn/none/20230831_133920/m--20230831_133920--f000198.jpg,20230831_133920,mauritius,original,video,False,train,767.5982739318663
data/processed/mauritius/video/not_augmented/cull2_green_bg/head/224/occ/cn/none/20230831_133920/m--20230831_133920--f000200.jpg,20230831_133920,mauritius,original,video,False,train,818.1461654402523
data/processed/mauritius/video/not_augmented/cull2_green_bg/head/224/occ/cn/none/20230831_133920/m--20230831_133920--f000202.jpg,20230831_133920,mauritius,original,video,False,train,764.1114276594442
data/processed/mauritius/video/not_augmented/cull2_green_bg/head/224/occ/cn/none/20230831_133920/m--20230831_133920--f000204.jpg,20230831_133920,mauritius,original,video,False,train,667.1512476048437
data/processed/mauritius/video/not_augmented/cull2_green_bg/head/224/occ/cn/none/20230831_133920/m--20230831_133920--f000206.jpg,20230831_133920,mauritius,original,video,False,train,791.3846859040233
data/processed/mauritius/video/not_augmented/cull2_green_bg/head/224/occ/cn/none/20230831_133920/m--20230831_133920--f000208.jpg,20230831_133920,mauritius,original,video,False,train,907.6658162693338
data/processed/mauritius/video/not_augmented/cull2_green_bg/head/224/occ/cn/none/20230831_133920/m--20230831_133920--f001046.jpg,20230831_133920,mauritius,original,video,False,train,383.6624880226292
data/processed/mauritius/video/not_augmented/cull2_green_bg/head/224/occ/cn/none/20230831_133920/m--20230831_133920--f001048.jpg,20230831_133920,mauritius,original,video,False,train,224.59408880382315
data/processed/mauritius/video/not_augmented/cull2_green_bg/head/224/occ/cn/none/20230831_133920/m--20230831_133920--f001368.jpg,20230831_133920,mauritius,original,video,False,train,45.659777572978186
data/processed/mauritius/video/not_augmented/cull2_green_bg/head/224/occ/cn/none/20230831_133920/m--20230831_133920--f001370.jpg,20230831_133920,mauritius,original,video,False,train,54.58049664821094
data/processed/mauritius/video/not_augmented/cull2_green_bg/head/224/occ/cn/none/20230831_133920/m--20230831_133920--f001372.jpg,20230831_133920,mauritius,original,video,False,train,45.34634088010204
data/processed/mauritius/video/not_augmented/cull2_green_bg/head/224/occ/cn/none/20230831_134612/m--20230831_134612--f000136.jpg,20230831_134612,mauritius,original,video,False,train,125.28970021538218
data/processed/mauritius/video/not_augmented/cull2_green_bg/head/224/occ/cn/none/20230831_134612/m--20230831_134612--f000138.jpg,20230831_134612,mauritius,original,video,False,train,121.36975838312851
data/processed/mauritius/video/not_augmented/cull2_green_bg/head/224/occ/cn/none/20230831_134612/m--20230831_134612--f000140.jpg,20230831_134612,mauritius,original,video,False,train,118.56096536961262
data/processed/mauritius/video/not_augmented/cull2_green_bg/head/224/occ/cn/none/20230831_134612/m--20230831_134612--f000142.jpg,20230831_134612,mauritius,original,video,False,train,134.29581850799408
data/processed/mauritius/video/not_augmented/cull2_green_bg/head/224/occ/cn/none/20230831_134612/m--20230831_134612--f000144.jpg,20230831_134612,mauritius,original,video,False,train,178.712910544917
data/processed/mauritius/video/not_augmented/cull2_green_bg/head/224/occ/cn/none/20230831_134612/m--20230831_134612--f000146.jpg,20230831_134612,mauritius,original,video,False,train,338.1157125626341
data/processed/mauritius/video/not_augmented/cull2_green_bg/head/224/occ/cn/none/20230831_134612/m--20230831_134612--f000148.jpg,20230831_134612,mauritius,original,video,False,train,349.84293262802623
data/processed/mauritius/video/not_augmented/cull2_green_bg/head/224/occ/cn/none/20230831_134612/m--20230831_134612--f000150.jpg,20230831_134612,mauritius,original,video,False,train,323.92841193259926
data/processed/mauritius/video/not_augmented/cull2_green_bg/head/224/occ/cn/none/20230831_134612/m--20230831_134612--f000152.jpg,20230831_134612,mauritius,original,video,False,train,335.3823736366358
data/processed/mauritius/video/not_augmented/cull2_green_bg/head/224/occ/cn/none/20230831_134612/m--20230831_134612--f000154.jpg,20230831_134612,mauritius,original,video,False,train,437.1405045057724
data/processed/mauritius/video/not_augmented/cull2_green_bg/head/224/occ/cn/none/20230831_134612/m--20230831_134612--f000156.jpg,20230831_134612,mauritius,original,video,False,train,785.2993660874787
data/processed/mauritius/video/not_augmented/cull2_green_bg/head/224/occ/cn/none/20230831_134612/m--20230831_134612--f000158.jpg,20230831_134612,mauritius,original,video,False,train,850.3499480072333
data/processed/mauritius/video/not_augmented/cull2_green_bg/head/224/occ/cn/none/20230831_134612/m--20230831_134612--f000160.jpg,20230831_134612,mauritius,original,video,False,train,1083.9265584945679
data/processed/mauritius/video/not_augmented/cull2_green_bg/head/224/occ/cn/none/20230831_134612/m--20230831_134612--f000162.jpg,20230831_134612,mauritius,original,video,False,train,1474.43164058528
data/processed/mauritius/video/not_augmented/cull2_green_bg/head/224/occ/cn/none/20230831_134612/m--20230831_134612--f000164.jpg,20230831_134612,mauritius,original,video,False,train,1866.648895819353
data/processed/mauritius/video/not_augmented/cull2_green_bg/head/224/occ/cn/none/20230831_134612/m--20230831_134612--f000166.jpg,20230831_134612,mauritius,original,video,False,train,2037.1498524996696
data/processed/mauritius/video/not_augmented/cull2_green_bg/head/224/occ/cn/none/20230831_134612/m--20230831_134612--f000168.jpg,20230831_134612,mauritius,original,video,False,train,2453.8493501721996
data/processed/mauritius/video/not_augmented/cull2_green_bg/head/224/occ/cn/none/20230831_134612/m--20230831_134612--f000170.jpg,20230831_134612,mauritius,original,video,False,train,3313.59763630069
data/processed/mauritius/video/not_augmented/cull2_green_bg/head/224/occ/cn/none/20230831_134612/m--20230831_134612--f000172.jpg,20230831_134612,mauritius,original,video,False,train,3765.8029735331634
data/processed/mauritius/video/not_augmented/cull2_green_bg/head/224/occ/cn/none/20230831_134612/m--20230831_134612--f000174.jpg,20230831_134612,mauritius,original,video,False,train,4130.305524513852
data/processed/mauritius/video/not_augmented/cull2_green_bg/head/224/occ/cn/none/20230831_134612/m--20230831_134612--f000176.jpg,20230831_134612,mauritius,original,video,False,train,4215.870954030954
data/processed/mauritius/video/not_augmented/cull2_green_bg/head/224/occ/cn/none/20230831_134612/m--20230831_134612--f000178.jpg,20230831_134612,mauritius,original,video,False,train,4076.999960138717
data/processed/mauritius/video/not_augmented/cull2_green_bg/head/224/occ/cn/none/20230831_134612/m--20230831_134612--f000180.jpg,20230831_134612,mauritius,original,video,False,train,3580.4579871136766
data/processed/mauritius/video/not_augmented/cull2_green_bg/head/224/occ/cn/none/20230831_134612/m--20230831_134612--f000182.jpg,20230831_134612,mauritius,original,video,False,train,3650.4300461800485
data/processed/mauritius/video/not_augmented/cull2_green_bg/head/224/occ/cn/none/20230831_134612/m--20230831_134612--f000184.jpg,20230831_134612,mauritius,original,video,False,train,3956.1497130086154
data/processed/mauritius/video/not_augmented/cull2_green_bg/head/224/occ/cn/none/20230831_134612/m--20230831_134612--f000186.jpg,20230831_134612,mauritius,original,video,False,train,4212.198401536905
data/processed/mauritius/video/not_augmented/cull2_green_bg/head/224/occ/cn/none/20230831_134612/m--20230831_134612--f000188.jpg,20230831_134612,mauritius,original,video,False,train,4378.092952728271
data/processed/mauritius/video/not_augmented/cull2_green_bg/head/224/occ/cn/none/20230831_134612/m--20230831_134612--f000190.jpg,20230831_134612,mauritius,original,video,False,train,4611.593052280193
data/processed/mauritius/video/not_augmented/cull2_green_bg/head/224/occ/cn/none/20230831_134612/m--20230831_134612--f000192.jpg,20230831_134612,mauritius,original,video,False,train,4716.914760041068
data/processed/mauritius/video/not_augmented/cull2_green_bg/head/224/occ/cn/none/20230831_134612/m--20230831_134612--f000194.jpg,20230831_134612,mauritius,original,video,False,train,2067.275211081213
data/processed/mauritius/video/not_augmented/cull2_green_bg/head/224/occ/cn/none/20230831_134612/m--20230831_134612--f000224.jpg,20230831_134612,mauritius,original,video,False,train,618.4176498708601
data/processed/mauritius/video/not_augmented/cull2_green_bg/head/224/occ/cn/none/20230831_134612/m--20230831_134612--f000986.jpg,20230831_134612,mauritius,original,video,False,train,856.8712530870927
data/processed/mauritius/video/not_augmented/cull2_green_bg/head/224/occ/cn/none/20230831_134612/m--20230831_134612--f000988.jpg,20230831_134612,mauritius,original,video,False,train,2645.3186981820013
data/processed/mauritius/video/not_augmented/cull2_green_bg/head/224/occ/cn/none/20230831_134612/m--20230831_134612--f000990.jpg,20230831_134612,mauritius,original,video,False,train,3860.616689243897
data/processed/mauritius/video/not_augmented/cull2_green_bg/head/224/occ/cn/none/20230831_134612/m--20230831_134612--f000992.jpg,20230831_134612,mauritius,original,video,False,train,4091.6313774731693
data/processed/mauritius/video/not_augmented/cull2_green_bg/head/224/occ/cn/none/20230831_134612/m--20230831_134612--f001006.jpg,20230831_134612,mauritius,original,video,False,train,3366.9371213007353
data/processed/mauritius/video/not_augmented/cull2_green_bg/head/224/occ/cn/none/20230831_134612/m--20230831_134612--f001008.jpg,20230831_134612,mauritius,original,video,False,train,3958.1322344673117
data/processed/mauritius/video/not_augmented/cull2_green_bg/head/224/occ/cn/none/20230831_135124/m--20230831_135124--f000140.jpg,20230831_135124,mauritius,original,video,False,train,236.16689222686145
data/processed/mauritius/video/not_augmented/cull2_green_bg/head/224/occ/cn/none/20230831_135124/m--20230831_135124--f000142.jpg,20230831_135124,mauritius,original,video,False,train,328.99053325557753
data/processed/mauritius/video/not_augmented/cull2_green_bg/head/224/occ/cn/none/20230831_135124/m--20230831_135124--f000146.jpg,20230831_135124,mauritius,original,video,False,train,597.1949936208601
data/processed/mauritius/video/not_augmented/cull2_green_bg/head/224/occ/cn/none/20230831_135124/m--20230831_135124--f000148.jpg,20230831_135124,mauritius,original,video,False,train,599.0152063584238
data/processed/mauritius/video/not_augmented/cull2_green_bg/head/224/occ/cn/none/20230831_135124/m--20230831_135124--f000152.jpg,20230831_135124,mauritius,original,video,False,train,847.5081910237029
data/processed/mauritius/video/not_augmented/cull2_green_bg/head/224/occ/cn/none/20230831_135124/m--20230831_135124--f000154.jpg,20230831_135124,mauritius,original,video,False,train,1306.4323580994899
data/processed/mauritius/video/not_augmented/cull2_green_bg/head/224/occ/cn/none/20230831_135124/m--20230831_135124--f000156.jpg,20230831_135124,mauritius,original,video,False,train,1591.4007493606562
data/processed/mauritius/video/not_augmented/cull2_green_bg/head/224/occ/cn/none/20230831_135124/m--20230831_135124--f000158.jpg,20230831_135124,mauritius,original,video,False,train,1487.62480062368
data/processed/mauritius/video/not_augmented/cull2_green_bg/head/224/occ/cn/none/20230831_135124/m--20230831_135124--f000160.jpg,20230831_135124,mauritius,original,video,False,train,1748.2689131764955
data/processed/mauritius/video/not_augmented/cull2_green_bg/head/224/occ/cn/none/20230831_135124/m--20230831_135124--f000162.jpg,20230831_135124,mauritius,original,video,False,train,2286.837272767572
data/processed/mauritius/video/not_augmented/cull2_green_bg/head/224/occ/cn/none/20230831_135124/m--20230831_135124--f000164.jpg,20230831_135124,mauritius,original,video,False,train,2751.0367703574843
data/processed/mauritius/video/not_augmented/cull2_green_bg/head/224/occ/cn/none/20230831_135124/m--20230831_135124--f000166.jpg,20230831_135124,mauritius,original,video,False,train,2908.7005141578784
data/processed/mauritius/video/not_augmented/cull2_green_bg/head/224/occ/cn/none/20230831_135124/m--20230831_135124--f000168.jpg,20230831_135124,mauritius,original,video,False,train,3188.8355783560237
data/processed/mauritius/video/not_augmented/cull2_green_bg/head/224/occ/cn/none/20230831_135124/m--20230831_135124--f000170.jpg,20230831_135124,mauritius,original,video,False,train,3713.710738009286
data/processed/mauritius/video/not_augmented/cull2_green_bg/head/224/occ/cn/none/20230831_135124/m--20230831_135124--f000172.jpg,20230831_135124,mauritius,original,video,False,train,1896.8140743907816
data/processed/mauritius/video/not_augmented/cull2_green_bg/head/224/occ/cn/none/20230831_135124/m--20230831_135124--f000174.jpg,20230831_135124,mauritius,original,video,False,train,3408.281648571518
data/processed/mauritius/video/not_augmented/cull2_green_bg/head/224/occ/cn/none/20230831_135124/m--20230831_135124--f000176.jpg,20230831_135124,mauritius,original,video,False,train,3717.4235690270593
data/processed/mauritius/video/not_augmented/cull2_green_bg/head/224/occ/cn/none/20230831_135124/m--20230831_135124--f000178.jpg,20230831_135124,mauritius,original,video,False,train,3969.8453643172043
data/processed/mauritius/video/not_augmented/cull2_green_bg/head/224/occ/cn/none/20230831_135124/m--20230831_135124--f000180.jpg,20230831_135124,mauritius,original,video,False,train,4195.764229896415
data/processed/mauritius/video/not_augmented/cull2_green_bg/head/224/occ/cn/none/20230831_135124/m--20230831_135124--f000182.jpg,20230831_135124,mauritius,original,video,False,train,3868.152303888717
data/processed/mauritius/video/not_augmented/cull2_green_bg/head/224/occ/cn/none/20230831_135124/m--20230831_135124--f000184.jpg,20230831_135124,mauritius,original,video,False,train,3857.8741430130067
data/processed/mauritius/video/not_augmented/cull2_green_bg/head/224/occ/cn/none/20230831_135124/m--20230831_135124--f000186.jpg,20230831_135124,mauritius,original,video,False,train,3715.180584253743
data/processed/mauritius/video/not_augmented/cull2_green_bg/head/224/occ/cn/none/20230831_135124/m--20230831_135124--f000188.jpg,20230831_135124,mauritius,original,video,False,train,3650.2327606724684
data/processed/mauritius/video/not_augmented/cull2_green_bg/head/224/occ/cn/none/20230831_135124/m--20230831_135124--f000190.jpg,20230831_135124,mauritius,original,video,False,train,3433.3630819499413
data/processed/mauritius/video/not_augmented/cull2_green_bg/head/224/occ/cn/none/20230831_135124/m--20230831_135124--f000192.jpg,20230831_135124,mauritius,original,video,False,train,3432.382752710062
data/processed/mauritius/video/not_augmented/cull2_green_bg/head/224/occ/cn/none/20230831_135124/m--20230831_135124--f000194.jpg,20230831_135124,mauritius,original,video,False,train,3115.3114036483
data/processed/mauritius/video/not_augmented/cull2_green_bg/head/224/occ/cn/none/20230831_135124/m--20230831_135124--f000196.jpg,20230831_135124,mauritius,original,video,False,train,2853.2706871795335
data/processed/mauritius/video/not_augmented/cull2_green_bg/head/224/occ/cn/none/20230831_135124/m--20230831_135124--f000198.jpg,20230831_135124,mauritius,original,video,False,train,2631.65541293213
data/processed/mauritius/video/not_augmented/cull2_green_bg/head/224/occ/cn/none/20230831_135124/m--20230831_135124--f000200.jpg,20230831_135124,mauritius,original,video,False,train,2484.312838803823
data/processed/mauritius/video/not_augmented/cull2_green_bg/head/224/occ/cn/none/20230831_135124/m--20230831_135124--f000202.jpg,20230831_135124,mauritius,original,video,False,train,2056.9879223840626
data/processed/mauritius/video/not_augmented/cull2_green_bg/head/224/occ/cn/none/20230831_135124/m--20230831_135124--f000204.jpg,20230831_135124,mauritius,original,video,False,train,1668.7580516565745
data/processed/mauritius/video/not_augmented/cull2_green_bg/head/224/occ/cn/none/20230831_135124/m--20230831_135124--f000206.jpg,20230831_135124,mauritius,original,video,False,train,1419.914481007323
data/processed/mauritius/video/not_augmented/cull2_green_bg/head/224/occ/cn/none/20230831_135124/m--20230831_135124--f000208.jpg,20230831_135124,mauritius,original,video,False,train,963.1452287052732
data/processed/mauritius/video/not_augmented/cull2_green_bg/head/224/occ/cn/none/20230831_135124/m--20230831_135124--f000210.jpg,20230831_135124,mauritius,original,video,False,train,421.6490752153822
data/processed/mauritius/video/not_augmented/cull2_green_bg/head/224/occ/cn/none/20230831_135124/m--20230831_135124--f000212.jpg,20230831_135124,mauritius,original,video,False,train,264.40557238361527
data/processed/mauritius/video/not_augmented/cull2_green_bg/head/224/occ/cn/none/20230831_135124/m--20230831_135124--f000214.jpg,20230831_135124,mauritius,original,video,False,train,151.0700732131443
data/processed/mauritius/video/not_augmented/cull2_green_bg/head/224/occ/cn/none/20230831_135124/m--20230831_135124--f001038.jpg,20230831_135124,mauritius,original,video,False,train,3401.0245535142317
data/processed/mauritius/video/not_augmented/cull2_green_bg/head/224/occ/cn/none/20230831_135124/m--20230831_135124--f001040.jpg,20230831_135124,mauritius,original,video,False,train,3578.068638335661
data/processed/mauritius/video/not_augmented/cull2_green_bg/head/224/occ/cn/none/20230831_135124/m--20230831_135124--f001042.jpg,20230831_135124,mauritius,original,video,False,train,3389.976263504235
data/processed/mauritius/video/not_augmented/cull2_green_bg/head/224/occ/cn/none/20230831_135124/m--20230831_135124--f001044.jpg,20230831_135124,mauritius,original,video,False,train,2484.16041522322
data/processed/mauritius/video/not_augmented/cull2_green_bg/head/224/occ/cn/none/20230831_135124/m--20230831_135124--f001046.jpg,20230831_135124,mauritius,original,video,False,train,2407.9499361847697
data/processed/mauritius/video/not_augmented/cull2_green_bg/head/224/occ/cn/none/20230831_135124/m--20230831_135124--f001048.jpg,20230831_135124,mauritius,original,video,False,train,2441.6190208171315
data/processed/mauritius/video/not_augmented/cull2_green_bg/head/224/occ/cn/none/20230831_135124/m--20230831_135124--f001052.jpg,20230831_135124,mauritius,original,video,False,train,2510.241071414272
data/processed/mauritius/video/not_augmented/cull2_green_bg/head/224/occ/cn/none/20230831_135124/m--20230831_135124--f001054.jpg,20230831_135124,mauritius,original,video,False,train,2609.5320668341665
data/processed/mauritius/video/not_augmented/cull2_green_bg/head/224/occ/cn/none/20230831_135124/m--20230831_135124--f001062.jpg,20230831_135124,mauritius,original,video,False,train,3670.5477917586604
data/processed/mauritius/video/not_augmented/cull2_green_bg/head/224/occ/cn/none/20230831_135124/m--20230831_135124--f001064.jpg,20230831_135124,mauritius,original,video,False,train,3577.474728947727
data/processed/mauritius/video/not_augmented/cull2_green_bg/head/224/occ/cn/none/20230831_135124/m--20230831_135124--f001066.jpg,20230831_135124,mauritius,original,video,False,train,3658.5843829703495
data/processed/mauritius/video/not_augmented/cull2_green_bg/head/224/occ/cn/none/20230831_135124/m--20230831_135124--f001068.jpg,20230831_135124,mauritius,original,video,False,train,3568.7125915339075
data/processed/mauritius/video/not_augmented/cull2_green_bg/head/224/occ/cn/none/20230831_135124/m--20230831_135124--f001070.jpg,20230831_135124,mauritius,original,video,False,train,2711.7602038131263
data/processed/mauritius/video/not_augmented/cull2_green_bg/head/224/occ/cn/none/20230831_135124/m--20230831_135124--f001072.jpg,20230831_135124,mauritius,original,video,False,train,3120.582389947525
data/processed/mauritius/video/not_augmented/cull2_green_bg/head/224/occ/cn/none/20230831_135124/m--20230831_135124--f001074.jpg,20230831_135124,mauritius,original,video,False,train,3715.6583625574203
data/processed/mauritius/video/not_augmented/cull2_green_bg/head/224/occ/cn/none/20230831_135124/m--20230831_135124--f001076.jpg,20230831_135124,mauritius,original,video,False,train,3753.137097168842
data/processed/mauritius/video/not_augmented/cull2_green_bg/head/224/occ/cn/none/20230831_135124/m--20230831_135124--f001078.jpg,20230831_135124,mauritius,original,video,False,train,3712.3701968175183
data/processed/mauritius/video/not_augmented/cull2_green_bg/head/224/occ/cn/none/20230831_135124/m--20230831_135124--f001080.jpg,20230831_135124,mauritius,original,video,False,train,3649.203084911519
data/processed/mauritius/video/not_augmented/cull2_green_bg/head/224/occ/cn/none/20230831_135124/m--20230831_135124--f001084.jpg,20230831_135124,mauritius,original,video,False,train,3667.1285673278117
data/processed/mauritius/video/not_augmented/cull2_green_bg/head/224/occ/cn/none/20230831_135124/m--20230831_135124--f001088.jpg,20230831_135124,mauritius,original,video,False,train,3470.1526424081453
data/processed/mauritius/video/not_augmented/cull2_green_bg/head/224/occ/cn/none/20230831_135909/m--20230831_135909--f000178.jpg,20230831_135909,mauritius,original,video,False,train,94.97708065059967
data/processed/mauritius/video/not_augmented/cull2_green_bg/head/224/occ/cn/none/20230831_135909/m--20230831_135909--f000180.jpg,20230831_135909,mauritius,original,video,False,train,674.1146564090416
data/processed/mauritius/video/not_augmented/cull2_green_bg/head/224/occ/cn/none/20230831_135909/m--20230831_135909--f000182.jpg,20230831_135909,mauritius,original,video,False,train,748.0065170277759
data/processed/mauritius/video/not_augmented/cull2_green_bg/head/224/occ/cn/none/20230831_135909/m--20230831_135909--f000184.jpg,20230831_135909,mauritius,original,video,False,train,869.3997727993477
data/processed/mauritius/video/not_augmented/cull2_green_bg/head/224/occ/cn/none/20230831_135909/m--20230831_135909--f000186.jpg,20230831_135909,mauritius,original,video,False,train,990.0901227678571
data/processed/mauritius/video/not_augmented/cull2_green_bg/head/224/occ/cn/none/20230831_135909/m--20230831_135909--f000188.jpg,20230831_135909,mauritius,original,video,False,train,999.6729511720148
data/processed/mauritius/video/not_augmented/cull2_green_bg/head/224/occ/cn/none/20230831_135909/m--20230831_135909--f000190.jpg,20230831_135909,mauritius,original,video,False,train,1005.8510642534295
data/processed/mauritius/video/not_augmented/cull2_green_bg/head/224/occ/cn/none/20230831_135909/m--20230831_135909--f000192.jpg,20230831_135909,mauritius,original,video,False,train,990.7104193223907
data/processed/mauritius/video/not_augmented/cull2_green_bg/head/224/occ/cn/none/20230831_135909/m--20230831_135909--f000194.jpg,20230831_135909,mauritius,original,video,False,train,967.6772958786474
data/processed/mauritius/video/not_augmented/cull2_green_bg/head/224/occ/cn/none/20230831_135909/m--20230831_135909--f000196.jpg,20230831_135909,mauritius,original,video,False,train,928.0430484677989
data/processed/mauritius/video/not_augmented/cull2_green_bg/head/224/occ/cn/none/20230831_135909/m--20230831_135909--f000198.jpg,20230831_135909,mauritius,original,video,False,train,1004.9701251113775
data/processed/mauritius/video/not_augmented/cull2_green_bg/head/224/occ/cn/none/20230831_135909/m--20230831_135909--f000200.jpg,20230831_135909,mauritius,original,video,False,train,1018.5750357843548
data/processed/mauritius/video/not_augmented/cull2_green_bg/head/224/occ/cn/none/20230831_135909/m--20230831_135909--f000202.jpg,20230831_135909,mauritius,original,video,False,train,935.9594626913265
data/processed/mauritius/video/not_augmented/cull2_green_bg/head/224/occ/cn/none/20230831_135909/m--20230831_135909--f000204.jpg,20230831_135909,mauritius,original,video,False,train,911.2330795404862
data/processed/mauritius/video/not_augmented/cull2_green_bg/head/224/occ/cn/none/20230831_135909/m--20230831_135909--f000206.jpg,20230831_135909,mauritius,original,video,False,train,938.054766990601
data/processed/mauritius/video/not_augmented/cull2_green_bg/head/224/occ/cn/none/20230831_135909/m--20230831_135909--f000208.jpg,20230831_135909,mauritius,original,video,False,train,999.5006974965819
data/processed/mauritius/video/not_augmented/cull2_green_bg/head/224/occ/cn/none/20230831_135909/m--20230831_135909--f000210.jpg,20230831_135909,mauritius,original,video,False,train,954.1874600624551
data/processed/mauritius/video/not_augmented/cull2_green_bg/head/224/occ/cn/none/20230831_135909/m--20230831_135909--f000212.jpg,20230831_135909,mauritius,original,video,False,train,933.8364748015399
data/processed/mauritius/video/not_augmented/cull2_green_bg/head/224/occ/cn/none/20230831_135909/m--20230831_135909--f000214.jpg,20230831_135909,mauritius,original,video,False,train,941.7942840420471
data/processed/mauritius/video/not_augmented/cull2_green_bg/head/224/occ/cn/none/20230831_135909/m--20230831_135909--f000216.jpg,20230831_135909,mauritius,original,video,False,train,854.5574974936279
data/processed/mauritius/video/not_augmented/cull2_green_bg/head/224/occ/cn/none/20230831_135909/m--20230831_135909--f000218.jpg,20230831_135909,mauritius,original,video,False,train,753.360211785065
data/processed/mauritius/video/not_augmented/cull2_green_bg/head/224/occ/cn/none/20230831_135909/m--20230831_135909--f000220.jpg,20230831_135909,mauritius,original,video,False,train,937.0476721684569
data/processed/mauritius/video/not_augmented/cull2_green_bg/head/224/occ/cn/none/20230831_135909/m--20230831_135909--f000222.jpg,20230831_135909,mauritius,original,video,False,train,959.5324454794123
data/processed/mauritius/video/not_augmented/cull2_green_bg/head/224/occ/cn/none/20230831_135909/m--20230831_135909--f000224.jpg,20230831_135909,mauritius,original,video,False,train,958.1685467056313
data/processed/mauritius/video/not_augmented/cull2_green_bg/head/224/occ/cn/none/20230831_135909/m--20230831_135909--f000226.jpg,20230831_135909,mauritius,original,video,False,train,953.8134764953734
data/processed/mauritius/video/not_augmented/cull2_green_bg/head/224/occ/cn/none/20230831_135909/m--20230831_135909--f000228.jpg,20230831_135909,mauritius,original,video,False,train,987.9904734314804
data/processed/mauritius/video/not_augmented/cull2_green_bg/head/224/occ/cn/none/20230831_135909/m--20230831_135909--f000230.jpg,20230831_135909,mauritius,original,video,False,train,968.4071864545568
data/processed/mauritius/video/not_augmented/cull2_green_bg/head/224/occ/cn/none/20230831_135909/m--20230831_135909--f000234.jpg,20230831_135909,mauritius,original,video,False,train,512.8197544626969
data/processed/mauritius/video/not_augmented/cull2_green_bg/head/224/occ/cn/none/20230831_135909/m--20230831_135909--f000570.jpg,20230831_135909,mauritius,original,video,False,train,336.6405452790235
data/processed/mauritius/video/not_augmented/cull2_green_bg/head/224/occ/cn/none/20230831_135909/m--20230831_135909--f000986.jpg,20230831_135909,mauritius,original,video,False,train,484.91531796556666
data/processed/mauritius/video/not_augmented/cull2_green_bg/head/224/occ/cn/none/20230831_135909/m--20230831_135909--f000992.jpg,20230831_135909,mauritius,original,video,False,train,326.37898592966786
data/processed/mauritius/video/not_augmented/cull2_green_bg/head/224/occ/cn/none/20230831_135909/m--20230831_135909--f000996.jpg,20230831_135909,mauritius,original,video,False,train,375.1069831069634
data/processed/mauritius/video/not_augmented/cull2_green_bg/head/224/occ/cn/none/20230831_135909/m--20230831_135909--f000998.jpg,20230831_135909,mauritius,original,video,False,train,280.03882318295723
data/processed/mauritius/video/not_augmented/cull2_green_bg/head/224/occ/cn/none/20230831_135909/m--20230831_135909--f001000.jpg,20230831_135909,mauritius,original,video,False,train,250.13576210304774
data/processed/mauritius/video/not_augmented/cull2_green_bg/head/224/occ/cn/none/20230831_135909/m--20230831_135909--f001010.jpg,20230831_135909,mauritius,original,video,False,train,603.8293203840848
data/processed/mauritius/video/not_augmented/cull2_green_bg/head/224/occ/cn/none/20230831_135909/m--20230831_135909--f001012.jpg,20230831_135909,mauritius,original,video,False,train,532.717135672468
data/processed/mauritius/video/not_augmented/cull2_green_bg/head/224/occ/cn/none/20230831_135909/m--20230831_135909--f001014.jpg,20230831_135909,mauritius,original,video,False,train,747.7656246425211
data/processed/mauritius/video/not_augmented/cull2_green_bg/head/224/occ/cn/none/20230831_135909/m--20230831_135909--f001016.jpg,20230831_135909,mauritius,original,video,False,train,1117.2873682878458
data/processed/mauritius/video/not_augmented/cull2_green_bg/head/224/occ/cn/none/20230831_135909/m--20230831_135909--f001018.jpg,20230831_135909,mauritius,original,video,False,train,1372.4221340208835
data/processed/mauritius/video/not_augmented/cull2_green_bg/head/224/occ/cn/none/20230831_135909/m--20230831_135909--f001020.jpg,20230831_135909,mauritius,original,video,False,train,1554.1440927870124
data/processed/mauritius/video/not_augmented/cull2_green_bg/head/224/occ/cn/none/20230831_135909/m--20230831_135909--f001022.jpg,20230831_135909,mauritius,original,video,False,train,1658.9865658532476
data/processed/mauritius/video/not_augmented/cull2_green_bg/head/224/occ/cn/none/20230831_135909/m--20230831_135909--f001024.jpg,20230831_135909,mauritius,original,video,False,train,1228.6816605449171
data/processed/mauritius/video/not_augmented/cull2_green_bg/head/224/occ/cn/none/20230831_135909/m--20230831_135909--f001028.jpg,20230831_135909,mauritius,original,video,False,train,985.2456751338445
data/processed/mauritius/video/not_augmented/cull2_green_bg/head/224/occ/cn/none/20230831_135909/m--20230831_135909--f001030.jpg,20230831_135909,mauritius,original,video,False,train,769.5738000480496
data/processed/mauritius/video/not_augmented/cull2_green_bg/head/224/occ/cn/none/20230831_135909/m--20230831_135909--f001032.jpg,20230831_135909,mauritius,original,video,False,train,326.46880905512023
data/processed/mauritius/video/not_augmented/cull2_green_bg/head/224/occ/cn/none/20230831_135909/m--20230831_135909--f001034.jpg,20230831_135909,mauritius,original,video,False,train,244.74200804200782
data/processed/mauritius/video/not_augmented/cull2_green_bg/head/224/occ/cn/none/20230831_135909/m--20230831_135909--f001036.jpg,20230831_135909,mauritius,original,video,False,train,744.9990432084675
data/processed/mauritius/video/not_augmented/cull2_green_bg/head/224/occ/cn/none/20230831_135909/m--20230831_135909--f001038.jpg,20230831_135909,mauritius,original,video,False,train,1056.2763472004567
data/processed/mauritius/video/not_augmented/cull2_green_bg/head/224/occ/cn/none/20230831_135909/m--20230831_135909--f001040.jpg,20230831_135909,mauritius,original,video,False,train,983.4866268975394
data/processed/mauritius/video/not_augmented/cull2_green_bg/head/224/occ/cn/none/20230831_135909/m--20230831_135909--f001042.jpg,20230831_135909,mauritius,original,video,False,train,965.966457034488
data/processed/mauritius/video/not_augmented/cull2_green_bg/head/224/occ/cn/none/20230831_135909/m--20230831_135909--f001044.jpg,20230831_135909,mauritius,original,video,False,train,740.3378698908255
data/processed/mauritius/video/not_augmented/cull2_green_bg/head/224/occ/cn/none/20230831_135909/m--20230831_135909--f001046.jpg,20230831_135909,mauritius,original,video,False,train,841.8012595520273
data/processed/mauritius/video/not_augmented/cull2_green_bg/head/224/occ/cn/none/20230831_135909/m--20230831_135909--f001050.jpg,20230831_135909,mauritius,original,video,False,train,697.8288421170108
data/processed/mauritius/video/not_augmented/cull2_green_bg/head/224/occ/cn/none/20230831_135909/m--20230831_135909--f001054.jpg,20230831_135909,mauritius,original,video,False,train,925.0457190625224
data/processed/mauritius/video/not_augmented/cull2_green_bg/head/224/occ/cn/none/20230831_135909/m--20230831_135909--f001066.jpg,20230831_135909,mauritius,original,video,False,train,1912.5670037879295
data/processed/mauritius/video/not_augmented/cull2_green_bg/head/224/occ/cn/none/20230831_135909/m--20230831_135909--f001080.jpg,20230831_135909,mauritius,original,video,False,train,493.14455117627205
data/processed/mauritius/video/not_augmented/cull2_green_bg/head/224/occ/cn/none/20230831_135909/m--20230831_135909--f001082.jpg,20230831_135909,mauritius,original,video,False,train,405.65062975774265
data/processed/mauritius/video/not_augmented/cull2_green_bg/head/224/occ/cn/none/20230831_135909/m--20230831_135909--f001084.jpg,20230831_135909,mauritius,original,video,False,train,323.8793247668558
data/processed/mauritius/video/not_augmented/cull2_green_bg/head/224/occ/cn/none/20230831_135909/m--20230831_135909--f001088.jpg,20230831_135909,mauritius,original,video,False,train,554.6311184435475
data/processed/mauritius/video/not_augmented/cull2_green_bg/head/224/occ/cn/none/20230831_135909/m--20230831_135909--f001182.jpg,20230831_135909,mauritius,original,video,False,train,759.1639824231333
data/processed/mauritius/video/not_augmented/cull2_green_bg/head/224/occ/cn/none/20230831_135909/m--20230831_135909--f001184.jpg,20230831_135909,mauritius,original,video,False,train,626.8370136974355
data/processed/mauritius/video/not_augmented/cull2_green_bg/head/224/occ/cn/none/20230831_135909/m--20230831_135909--f001202.jpg,20230831_135909,mauritius,original,video,False,train,729.4714006692457
data/processed/mauritius/video/not_augmented/cull2_green_bg/head/224/occ/cn/none/20230831_135909/m--20230831_135909--f001238.jpg,20230831_135909,mauritius,original,video,False,train,161.53015361016912
data/processed/mauritius/video/not_augmented/cull2_green_bg/head/224/occ/cn/none/20230831_135909/m--20230831_135909--f001246.jpg,20230831_135909,mauritius,original,video,False,train,556.077287921008
data/processed/mauritius/video/not_augmented/cull2_green_bg/head/224/occ/cn/none/20230831_135909/m--20230831_135909--f001302.jpg,20230831_135909,mauritius,original,video,False,train,26.791493939737737
data/processed/mauritius/video/not_augmented/cull2_green_bg/head/224/occ/cn/none/20230831_135909/m--20230831_135909--f001304.jpg,20230831_135909,mauritius,original,video,False,train,26.79605762802626
data/processed/mauritius/video/not_augmented/cull2_green_bg/head/224/occ/cn/none/20230831_135909/m--20230831_135909--f001306.jpg,20230831_135909,mauritius,original,video,False,train,39.70288584183673
data/processed/mauritius/video/not_augmented/cull2_green_bg/head/224/occ/cn/none/20230831_135909/m--20230831_135909--f001308.jpg,20230831_135909,mauritius,original,video,False,train,110.28830515946115
data/processed/mauritius/video/not_augmented/cull2_green_bg/head/224/occ/cn/none/20230831_135909/m--20230831_135909--f001310.jpg,20230831_135909,mauritius,original,video,False,train,386.30506613491883
data/processed/mauritius/video/not_augmented/cull2_green_bg/head/224/occ/cn/none/20230831_135909/m--20230831_135909--f001312.jpg,20230831_135909,mauritius,original,video,False,train,572.8686023439681
data/processed/mauritius/video/not_augmented/cull2_green_bg/head/224/occ/cn/none/20230831_135909/m--20230831_135909--f001314.jpg,20230831_135909,mauritius,original,video,False,train,545.253328195069
data/processed/mauritius/video/not_augmented/cull2_green_bg/head/224/occ/cn/none/20230831_135909/m--20230831_135909--f001316.jpg,20230831_135909,mauritius,original,video,False,train,673.2862922477007
data/processed/mauritius/video/not_augmented/cull2_green_bg/head/224/occ/cn/none/20230831_135909/m--20230831_135909--f001320.jpg,20230831_135909,mauritius,original,video,False,train,278.2449776531507
data/processed/mauritius/video/not_augmented/cull2_green_bg/head/224/occ/cn/none/20230831_135909/m--20230831_135909--f001322.jpg,20230831_135909,mauritius,original,video,False,train,454.49669158821155
data/processed/mauritius/video/not_augmented/cull2_green_bg/head/224/occ/cn/none/20230831_140541/m--20230831_140541--f000182.jpg,20230831_140541,mauritius,original,video,False,train,48.39032605189873
data/processed/mauritius/video/not_augmented/cull2_green_bg/head/224/occ/cn/none/20230831_140541/m--20230831_140541--f000184.jpg,20230831_140541,mauritius,original,video,False,train,56.03770726881937
data/processed/mauritius/video/not_augmented/cull2_green_bg/head/224/occ/cn/none/20230831_140541/m--20230831_140541--f000186.jpg,20230831_140541,mauritius,original,video,False,train,58.73415575222094
data/processed/mauritius/video/not_augmented/cull2_green_bg/head/224/occ/cn/none/20230831_140541/m--20230831_140541--f000188.jpg,20230831_140541,mauritius,original,video,False,train,66.78930155648038
data/processed/mauritius/video/not_augmented/cull2_green_bg/head/224/occ/cn/none/20230831_140541/m--20230831_140541--f000192.jpg,20230831_140541,mauritius,original,video,False,train,82.76658140386655
data/processed/mauritius/video/not_augmented/cull2_green_bg/head/224/occ/cn/none/20230831_140541/m--20230831_140541--f000194.jpg,20230831_140541,mauritius,original,video,False,train,91.14658377598545
data/processed/mauritius/video/not_augmented/cull2_green_bg/head/224/occ/cn/none/20230831_140541/m--20230831_140541--f000196.jpg,20230831_140541,mauritius,original,video,False,train,198.1898915800439
data/processed/mauritius/video/not_augmented/cull2_green_bg/head/224/occ/cn/none/20230831_140541/m--20230831_140541--f000198.jpg,20230831_140541,mauritius,original,video,False,train,380.95344364876456
data/processed/mauritius/video/not_augmented/cull2_green_bg/head/224/occ/cn/none/20230831_140541/m--20230831_140541--f000202.jpg,20230831_140541,mauritius,original,video,False,train,971.2138471559703
data/processed/mauritius/video/not_augmented/cull2_green_bg/head/224/occ/cn/none/20230831_140541/m--20230831_140541--f000204.jpg,20230831_140541,mauritius,original,video,False,train,1836.8566246747669
data/processed/mauritius/video/not_augmented/cull2_green_bg/head/224/occ/cn/none/20230831_140541/m--20230831_140541--f000206.jpg,20230831_140541,mauritius,original,video,False,train,2106.363181552704
data/processed/mauritius/video/not_augmented/cull2_green_bg/head/224/occ/cn/none/20230831_140541/m--20230831_140541--f000208.jpg,20230831_140541,mauritius,original,video,False,train,2205.7915935710985
data/processed/mauritius/video/not_augmented/cull2_green_bg/head/224/occ/cn/none/20230831_140541/m--20230831_140541--f000212.jpg,20230831_140541,mauritius,original,video,False,train,2183.403738837697
data/processed/mauritius/video/not_augmented/cull2_green_bg/head/224/occ/cn/none/20230831_140541/m--20230831_140541--f000214.jpg,20230831_140541,mauritius,original,video,False,train,2196.474669160966
data/processed/mauritius/video/not_augmented/cull2_green_bg/head/224/occ/cn/none/20230831_140541/m--20230831_140541--f000218.jpg,20230831_140541,mauritius,original,video,False,train,2070.2941446010395
data/processed/mauritius/video/not_augmented/cull2_green_bg/head/224/occ/cn/none/20230831_140541/m--20230831_140541--f000220.jpg,20230831_140541,mauritius,original,video,False,train,2117.37350517211
data/processed/mauritius/video/not_augmented/cull2_green_bg/head/224/occ/cn/none/20230831_140541/m--20230831_140541--f000226.jpg,20230831_140541,mauritius,original,video,False,train,2196.2122726849543
data/processed/mauritius/video/not_augmented/cull2_green_bg/head/224/occ/cn/none/20230831_140541/m--20230831_140541--f000228.jpg,20230831_140541,mauritius,original,video,False,train,2204.572723992017
data/processed/mauritius/video/not_augmented/cull2_green_bg/head/224/occ/cn/none/20230831_140541/m--20230831_140541--f000230.jpg,20230831_140541,mauritius,original,video,False,train,2281.0955436083736
data/processed/mauritius/video/not_augmented/cull2_green_bg/head/224/occ/cn/none/20230831_140541/m--20230831_140541--f000232.jpg,20230831_140541,mauritius,original,video,False,train,2311.328105003026
data/processed/mauritius/video/not_augmented/cull2_green_bg/head/224/occ/cn/none/20230831_140541/m--20230831_140541--f000234.jpg,20230831_140541,mauritius,original,video,False,train,2290.9075251988
data/processed/mauritius/video/not_augmented/cull2_green_bg/head/224/occ/cn/none/20230831_140541/m--20230831_140541--f000236.jpg,20230831_140541,mauritius,original,video,False,train,2312.468072370905
data/processed/mauritius/video/not_augmented/cull2_green_bg/head/224/occ/cn/none/20230831_140541/m--20230831_140541--f000238.jpg,20230831_140541,mauritius,original,video,False,train,2253.7124720787515
data/processed/mauritius/video/not_augmented/cull2_green_bg/head/224/occ/cn/none/20230831_140541/m--20230831_140541--f000240.jpg,20230831_140541,mauritius,original,video,False,train,2131.9298866967865
data/processed/mauritius/video/not_augmented/cull2_green_bg/head/224/occ/cn/none/20230831_140541/m--20230831_140541--f000242.jpg,20230831_140541,mauritius,original,video,False,train,1464.2338368746698
data/processed/mauritius/video/not_augmented/cull2_green_bg/head/224/occ/cn/none/20230831_140541/m--20230831_140541--f000976.jpg,20230831_140541,mauritius,original,video,False,train,1160.9320790752774
data/processed/mauritius/video/not_augmented/cull2_green_bg/head/224/occ/cn/none/20230831_140541/m--20230831_140541--f000978.jpg,20230831_140541,mauritius,original,video,False,train,615.7673190365925
data/processed/mauritius/video/not_augmented/cull2_green_bg/head/224/occ/cn/none/20230831_140541/m--20230831_140541--f000980.jpg,20230831_140541,mauritius,original,video,False,train,934.3474967858037
data/processed/mauritius/video/not_augmented/cull2_green_bg/head/224/occ/cn/none/20230831_140541/m--20230831_140541--f000982.jpg,20230831_140541,mauritius,original,video,False,train,1140.0997687740557
data/processed/mauritius/video/not_augmented/cull2_green_bg/head/224/occ/cn/none/20230831_140541/m--20230831_140541--f000984.jpg,20230831_140541,mauritius,original,video,False,train,1460.7203842220283
data/processed/mauritius/video/not_augmented/cull2_green_bg/head/224/occ/cn/none/20230831_140541/m--20230831_140541--f000986.jpg,20230831_140541,mauritius,original,video,False,train,1557.4295677620385
data/processed/mauritius/video/not_augmented/cull2_green_bg/head/224/occ/cn/none/20230831_140541/m--20230831_140541--f000988.jpg,20230831_140541,mauritius,original,video,False,train,1731.1229071178223
data/processed/mauritius/video/not_augmented/cull2_green_bg/head/224/occ/cn/none/20230831_140541/m--20230831_140541--f000990.jpg,20230831_140541,mauritius,original,video,False,train,1890.3337252834149
data/processed/mauritius/video/not_augmented/cull2_green_bg/head/224/occ/cn/none/20230831_140541/m--20230831_140541--f000992.jpg,20230831_140541,mauritius,original,video,False,train,1940.2574139014723
data/processed/mauritius/video/not_augmented/cull2_green_bg/head/224/occ/cn/none/20230831_140541/m--20230831_140541--f000994.jpg,20230831_140541,mauritius,original,video,False,train,2079.213787400986
data/processed/mauritius/video/not_augmented/cull2_green_bg/head/224/occ/cn/none/20230831_140541/m--20230831_140541--f000996.jpg,20230831_140541,mauritius,original,video,False,train,2088.489696202006
data/processed/mauritius/video/not_augmented/cull2_green_bg/head/224/occ/cn/none/20230831_140541/m--20230831_140541--f000998.jpg,20230831_140541,mauritius,original,video,False,train,2150.391282652776
data/processed/mauritius/video/not_augmented/cull2_green_bg/head/224/occ/cn/none/20230831_140541/m--20230831_140541--f001000.jpg,20230831_140541,mauritius,original,video,False,train,2113.5827681677683
data/processed/mauritius/video/not_augmented/cull2_green_bg/head/224/occ/cn/none/20230831_140541/m--20230831_140541--f001108.jpg,20230831_140541,mauritius,original,video,False,train,1725.5339803886332
data/processed/mauritius/video/not_augmented/cull2_green_bg/head/224/occ/cn/none/20230831_140541/m--20230831_140541--f001110.jpg,20230831_140541,mauritius,original,video,False,train,2195.0487483992574
data/processed/mauritius/video/not_augmented/cull2_green_bg/head/224/occ/cn/none/20230831_140541/m--20230831_140541--f001112.jpg,20230831_140541,mauritius,original,video,False,train,2102.8849649091703
data/processed/mauritius/video/not_augmented/cull2_green_bg/head/224/occ/cn/none/20230831_140541/m--20230831_140541--f001116.jpg,20230831_140541,mauritius,original,video,False,train,1957.5995894129799
data/processed/mauritius/video/not_augmented/cull2_green_bg/head/224/occ/cn/none/20230831_140541/m--20230831_140541--f001118.jpg,20230831_140541,mauritius,original,video,False,train,2155.3864198018987
data/processed/mauritius/video/not_augmented/cull2_green_bg/head/224/occ/cn/none/20230831_140541/m--20230831_140541--f001120.jpg,20230831_140541,mauritius,original,video,False,train,2281.9624322190575
data/processed/mauritius/video/not_augmented/cull2_green_bg/head/224/occ/cn/none/20230831_140541/m--20230831_140541--f001126.jpg,20230831_140541,mauritius,original,video,False,train,1749.9595822688193
data/processed/mauritius/video/not_augmented/cull2_green_bg/head/224/occ/cn/none/20230831_140541/m--20230831_140541--f001136.jpg,20230831_140541,mauritius,original,video,False,train,3293.4074236267265
data/processed/mauritius/video/not_augmented/cull2_green_bg/head/224/occ/cn/none/20230831_140541/m--20230831_140541--f001140.jpg,20230831_140541,mauritius,original,video,False,train,2434.165118714761
data/processed/mauritius/video/not_augmented/cull2_green_bg/head/224/occ/cn/none/20230831_140541/m--20230831_140541--f001142.jpg,20230831_140541,mauritius,original,video,False,train,2438.0714285698396
data/processed/mauritius/video/not_augmented/cull2_green_bg/head/224/occ/cn/none/20230831_140541/m--20230831_140541--f001144.jpg,20230831_140541,mauritius,original,video,False,train,2521.9026027708833
data/processed/mauritius/video/not_augmented/cull2_green_bg/head/224/occ/cn/none/20230831_140541/m--20230831_140541--f001146.jpg,20230831_140541,mauritius,original,video,False,train,2927.3632812436454
data/processed/mauritius/video/not_augmented/cull2_green_bg/head/224/occ/cn/none/20230831_140541/m--20230831_140541--f001148.jpg,20230831_140541,mauritius,original,video,False,train,3094.928172830044
data/processed/mauritius/video/not_augmented/cull2_green_bg/head/224/occ/cn/none/20230831_140541/m--20230831_140541--f001150.jpg,20230831_140541,mauritius,original,video,False,train,3105.4319594882513
data/processed/mauritius/video/not_augmented/cull2_green_bg/head/224/occ/cn/none/20230831_140541/m--20230831_140541--f001152.jpg,20230831_140541,mauritius,original,video,False,train,2975.1238639887943
data/processed/mauritius/video/not_augmented/cull2_green_bg/head/224/occ/cn/none/20230831_140541/m--20230831_140541--f001154.jpg,20230831_140541,mauritius,original,video,False,train,2801.3185187883546
data/processed/mauritius/video/not_augmented/cull2_green_bg/head/224/occ/cn/none/20230831_140541/m--20230831_140541--f001156.jpg,20230831_140541,mauritius,original,video,False,train,2973.611746441668
data/processed/mauritius/video/not_augmented/cull2_green_bg/head/224/occ/cn/none/20230831_140541/m--20230831_140541--f001158.jpg,20230831_140541,mauritius,original,video,False,train,2960.475466354844
data/processed/mauritius/video/not_augmented/cull2_green_bg/head/224/occ/cn/none/20230831_140541/m--20230831_140541--f001160.jpg,20230831_140541,mauritius,original,video,False,train,2922.9092793224354
data/processed/mauritius/video/not_augmented/cull2_green_bg/head/224/occ/cn/none/20230831_140541/m--20230831_140541--f001162.jpg,20230831_140541,mauritius,original,video,False,train,2930.21827158199
data/processed/mauritius/video/not_augmented/cull2_green_bg/head/224/occ/cn/none/20230831_140541/m--20230831_140541--f001164.jpg,20230831_140541,mauritius,original,video,False,train,2806.490513386502
data/processed/mauritius/video/not_augmented/cull2_green_bg/head/224/occ/cn/none/20230831_140541/m--20230831_140541--f001166.jpg,20230831_140541,mauritius,original,video,False,train,2782.541872318861
data/processed/mauritius/video/not_augmented/cull2_green_bg/head/224/occ/cn/none/20230831_140541/m--20230831_140541--f001168.jpg,20230831_140541,mauritius,original,video,False,train,2669.786770548139
data/processed/mauritius/video/not_augmented/cull2_green_bg/head/224/occ/cn/none/20230831_140541/m--20230831_140541--f001170.jpg,20230831_140541,mauritius,original,video,False,train,2776.1069234536612
data/processed/mauritius/video/not_augmented/cull2_green_bg/head/224/occ/cn/none/20230831_140541/m--20230831_140541--f001172.jpg,20230831_140541,mauritius,original,video,False,train,2657.5740792311417
data/processed/mauritius/video/not_augmented/cull2_green_bg/head/224/occ/cn/none/20230831_140541/m--20230831_140541--f001174.jpg,20230831_140541,mauritius,original,video,False,train,2605.723114617017
data/processed/mauritius/video/not_augmented/cull2_green_bg/head/224/occ/cn/none/20230831_140541/m--20230831_140541--f001176.jpg,20230831_140541,mauritius,original,video,False,train,2622.6350445141643
data/processed/mauritius/video/not_augmented/cull2_green_bg/head/224/occ/cn/none/20230831_140541/m--20230831_140541--f001178.jpg,20230831_140541,mauritius,original,video,False,train,2566.5399592283215
data/processed/mauritius/video/not_augmented/cull2_green_bg/head/224/occ/cn/none/20230831_140541/m--20230831_140541--f001180.jpg,20230831_140541,mauritius,original,video,False,train,2333.4723771749464
data/processed/mauritius/video/not_augmented/cull2_green_bg/head/224/occ/cn/none/20230831_140541/m--20230831_140541--f001182.jpg,20230831_140541,mauritius,original,video,False,train,1678.9211573332661
data/processed/mauritius/video/not_augmented/cull2_green_bg/head/224/occ/cn/none/20230831_140541/m--20230831_140541--f001184.jpg,20230831_140541,mauritius,original,video,False,train,1810.3342622346256
data/processed/mauritius/video/not_augmented/cull2_green_bg/head/224/occ/cn/none/20230831_140541/m--20230831_140541--f001186.jpg,20230831_140541,mauritius,original,video,False,train,2148.250836861328
data/processed/mauritius/video/not_augmented/cull2_green_bg/head/224/occ/cn/none/20230831_140541/m--20230831_140541--f001188.jpg,20230831_140541,mauritius,original,video,False,train,1488.0904812763154
data/processed/mauritius/video/not_augmented/cull2_green_bg/head/224/occ/cn/none/20230831_140541/m--20230831_140541--f001190.jpg,20230831_140541,mauritius,original,video,False,train,1890.392239307672
data/processed/mauritius/video/not_augmented/cull2_green_bg/head/224/occ/cn/none/20230831_140541/m--20230831_140541--f001192.jpg,20230831_140541,mauritius,original,video,False,train,1360.6275509949874
data/processed/mauritius/video/not_augmented/cull2_green_bg/head/224/occ/cn/none/20230831_140541/m--20230831_140541--f001194.jpg,20230831_140541,mauritius,original,video,False,train,1095.519012845193
data/processed/mauritius/video/not_augmented/cull2_green_bg/head/224/occ/cn/none/20230831_140541/m--20230831_140541--f001196.jpg,20230831_140541,mauritius,original,video,False,train,971.459861096021
data/processed/mauritius/video/not_augmented/cull2_green_bg/head/224/occ/cn/none/20230831_140541/m--20230831_140541--f001198.jpg,20230831_140541,mauritius,original,video,False,train,912.9676734307862
data/processed/mauritius/video/not_augmented/cull2_green_bg/head/224/occ/cn/none/20230831_140541/m--20230831_140541--f001204.jpg,20230831_140541,mauritius,original,video,False,train,676.1173069773986
data/processed/mauritius/video/not_augmented/cull2_green_bg/head/224/occ/cn/none/20230831_140541/m--20230831_140541--f001208.jpg,20230831_140541,mauritius,original,video,False,train,572.6670917350518
data/processed/mauritius/video/not_augmented/cull2_green_bg/head/224/occ/cn/none/20230831_141252/m--20230831_141252--f000152.jpg,20230831_141252,mauritius,original,video,False,train,23.215621013633413
data/processed/mauritius/video/not_augmented/cull2_green_bg/head/224/occ/cn/none/20230831_141252/m--20230831_141252--f000154.jpg,20230831_141252,mauritius,original,video,False,train,21.27268000693681
data/processed/mauritius/video/not_augmented/cull2_green_bg/head/224/occ/cn/none/20230831_141252/m--20230831_141252--f000156.jpg,20230831_141252,mauritius,original,video,False,train,22.80947066167651
data/processed/mauritius/video/not_augmented/cull2_green_bg/head/224/occ/cn/none/20230831_141252/m--20230831_141252--f000158.jpg,20230831_141252,mauritius,original,video,False,train,22.92514349489796
data/processed/mauritius/video/not_augmented/cull2_green_bg/head/224/occ/cn/none/20230831_141252/m--20230831_141252--f000160.jpg,20230831_141252,mauritius,original,video,False,train,28.170579556374193
data/processed/mauritius/video/not_augmented/cull2_green_bg/head/224/occ/cn/none/20230831_141252/m--20230831_141252--f000162.jpg,20230831_141252,mauritius,original,video,False,train,29.816844706632654
data/processed/mauritius/video/not_augmented/cull2_green_bg/head/224/occ/cn/none/20230831_141252/m--20230831_141252--f000164.jpg,20230831_141252,mauritius,original,video,False,train,28.518813750089485
data/processed/mauritius/video/not_augmented/cull2_green_bg/head/224/occ/cn/none/20230831_141252/m--20230831_141252--f000166.jpg,20230831_141252,mauritius,original,video,False,train,30.951450886501966
data/processed/mauritius/video/not_augmented/cull2_green_bg/head/224/occ/cn/none/20230831_141252/m--20230831_141252--f000168.jpg,20230831_141252,mauritius,original,video,False,train,38.69676734665343
data/processed/mauritius/video/not_augmented/cull2_green_bg/head/224/occ/cn/none/20230831_141252/m--20230831_141252--f000170.jpg,20230831_141252,mauritius,original,video,False,train,45.55911190059969
data/processed/mauritius/video/not_augmented/cull2_green_bg/head/224/occ/cn/none/20230831_141252/m--20230831_141252--f000172.jpg,20230831_141252,mauritius,original,video,False,train,103.57491591293481
data/processed/mauritius/video/not_augmented/cull2_green_bg/head/224/occ/cn/none/20230831_141252/m--20230831_141252--f000174.jpg,20230831_141252,mauritius,original,video,False,train,28.241111186582412
data/processed/mauritius/video/not_augmented/cull2_green_bg/head/224/occ/cn/none/20230831_141252/m--20230831_141252--f000176.jpg,20230831_141252,mauritius,original,video,False,train,23.48140520455687
data/processed/mauritius/video/not_augmented/cull2_green_bg/head/224/occ/cn/none/20230831_141252/m--20230831_141252--f000178.jpg,20230831_141252,mauritius,original,video,False,train,22.352000878781688
data/processed/mauritius/video/not_augmented/cull2_green_bg/head/224/occ/cn/none/20230831_141252/m--20230831_141252--f000180.jpg,20230831_141252,mauritius,original,video,False,train,23.581174056463468
data/processed/mauritius/video/not_augmented/cull2_green_bg/head/224/occ/cn/none/20230831_141252/m--20230831_141252--f000254.jpg,20230831_141252,mauritius,original,video,False,train,91.94991617985241
data/processed/mauritius/video/not_augmented/cull2_green_bg/head/224/occ/cn/none/20230831_141252/m--20230831_141252--f000256.jpg,20230831_141252,mauritius,original,video,False,train,292.5568199455614
data/processed/mauritius/video/not_augmented/cull2_green_bg/head/224/occ/cn/none/20230831_141252/m--20230831_141252--f000258.jpg,20230831_141252,mauritius,original,video,False,train,570.2485250626341
data/processed/mauritius/video/not_augmented/cull2_green_bg/head/224/occ/cn/none/20230831_141252/m--20230831_141252--f000260.jpg,20230831_141252,mauritius,original,video,False,train,834.7022080983483
data/processed/mauritius/video/not_augmented/cull2_green_bg/head/224/occ/cn/none/20230831_141252/m--20230831_141252--f000262.jpg,20230831_141252,mauritius,original,video,False,train,1169.6063854212762
data/processed/mauritius/video/not_augmented/cull2_green_bg/head/224/occ/cn/none/20230831_141252/m--20230831_141252--f000264.jpg,20230831_141252,mauritius,original,video,False,train,1221.7983896111707
data/processed/mauritius/video/not_augmented/cull2_green_bg/head/224/occ/cn/none/20230831_141252/m--20230831_141252--f000266.jpg,20230831_141252,mauritius,original,video,False,train,1208.4480228575007
data/processed/mauritius/video/not_augmented/cull2_green_bg/head/224/occ/cn/none/20230831_141252/m--20230831_141252--f000268.jpg,20230831_141252,mauritius,original,video,False,train,1122.3636796880592
data/processed/mauritius/video/not_augmented/cull2_green_bg/head/224/occ/cn/none/20230831_141252/m--20230831_141252--f000270.jpg,20230831_141252,mauritius,original,video,False,train,976.3519411476291
data/processed/mauritius/video/not_augmented/cull2_green_bg/head/224/occ/cn/none/20230831_141252/m--20230831_141252--f000272.jpg,20230831_141252,mauritius,original,video,False,train,1107.3731463141164
data/processed/mauritius/video/not_augmented/cull2_green_bg/head/224/occ/cn/none/20230831_141252/m--20230831_141252--f000274.jpg,20230831_141252,mauritius,original,video,False,train,1197.530871300735
data/processed/mauritius/video/not_augmented/cull2_green_bg/head/224/occ/cn/none/20230831_141252/m--20230831_141252--f000276.jpg,20230831_141252,mauritius,original,video,False,train,1244.5787825955792
data/processed/mauritius/video/not_augmented/cull2_green_bg/head/224/occ/cn/none/20230831_141252/m--20230831_141252--f000278.jpg,20230831_141252,mauritius,original,video,False,train,1294.879245047468
data/processed/mauritius/video/not_augmented/cull2_green_bg/head/224/occ/cn/none/20230831_141252/m--20230831_141252--f000280.jpg,20230831_141252,mauritius,original,video,False,train,1324.9183673469388
data/processed/mauritius/video/not_augmented/cull2_green_bg/head/224/occ/cn/none/20230831_141252/m--20230831_141252--f000282.jpg,20230831_141252,mauritius,original,video,False,train,1287.572444878832
data/processed/mauritius/video/not_augmented/cull2_green_bg/head/224/occ/cn/none/20230831_141252/m--20230831_141252--f000284.jpg,20230831_141252,mauritius,original,video,False,train,1237.0062379527221
data/processed/mauritius/video/not_augmented/cull2_green_bg/head/224/occ/cn/none/20230831_141252/m--20230831_141252--f000286.jpg,20230831_141252,mauritius,original,video,False,train,1249.477359534998
data/processed/mauritius/video/not_augmented/cull2_green_bg/head/224/occ/cn/none/20230831_141252/m--20230831_141252--f000288.jpg,20230831_141252,mauritius,original,video,False,train,1236.8125197546822
data/processed/mauritius/video/not_augmented/cull2_green_bg/head/224/occ/cn/none/20230831_141252/m--20230831_141252--f000290.jpg,20230831_141252,mauritius,original,video,False,train,1257.5401386545382
data/processed/mauritius/video/not_augmented/cull2_green_bg/head/224/occ/cn/none/20230831_141252/m--20230831_141252--f000292.jpg,20230831_141252,mauritius,original,video,False,train,1294.9917490290684
data/processed/mauritius/video/not_augmented/cull2_green_bg/head/224/occ/cn/none/20230831_141252/m--20230831_141252--f000294.jpg,20230831_141252,mauritius,original,video,False,train,1260.4501154783218
data/processed/mauritius/video/not_augmented/cull2_green_bg/head/224/occ/cn/none/20230831_141252/m--20230831_141252--f000296.jpg,20230831_141252,mauritius,original,video,False,train,712.1806042713704
data/processed/mauritius/video/not_augmented/cull2_green_bg/head/224/occ/cn/none/20230831_141252/m--20230831_141252--f000298.jpg,20230831_141252,mauritius,original,video,False,train,649.042490274794
data/processed/mauritius/video/not_augmented/cull2_green_bg/head/224/occ/cn/none/20230831_141252/m--20230831_141252--f000300.jpg,20230831_141252,mauritius,original,video,False,train,1047.9261397187386
data/processed/mauritius/video/not_augmented/cull2_green_bg/head/224/occ/cn/none/20230831_141252/m--20230831_141252--f000310.jpg,20230831_141252,mauritius,original,video,False,train,276.4303850251801
data/processed/mauritius/video/not_augmented/cull2_green_bg/head/224/occ/cn/none/20230831_141252/m--20230831_141252--f001062.jpg,20230831_141252,mauritius,original,video,False,train,1066.3698580979008
data/processed/mauritius/video/not_augmented/cull2_green_bg/head/224/occ/cn/none/20230831_141252/m--20230831_141252--f001064.jpg,20230831_141252,mauritius,original,video,False,train,1083.3734055979457
data/processed/mauritius/video/not_augmented/cull2_green_bg/head/224/occ/cn/none/20230831_141252/m--20230831_141252--f001066.jpg,20230831_141252,mauritius,original,video,False,train,1310.5586136476738
data/processed/mauritius/video/not_augmented/cull2_green_bg/head/224/occ/cn/none/20230831_141252/m--20230831_141252--f001068.jpg,20230831_141252,mauritius,original,video,False,train,1036.6550541694637
data/processed/mauritius/video/not_augmented/cull2_green_bg/head/224/occ/cn/none/20230831_141252/m--20230831_141252--f001070.jpg,20230831_141252,mauritius,original,video,False,train,808.7392775501027
data/processed/mauritius/video/not_augmented/cull2_green_bg/head/224/occ/cn/none/20230831_141252/m--20230831_141252--f001072.jpg,20230831_141252,mauritius,original,video,False,train,732.1905089743382
data/processed/mauritius/video/not_augmented/cull2_green_bg/head/224/occ/cn/none/20230831_141252/m--20230831_141252--f001156.jpg,20230831_141252,mauritius,original,video,False,train,369.1184031535367
data/processed/mauritius/video/not_augmented/cull2_green_bg/head/224/occ/cn/none/20230831_141252/m--20230831_141252--f001164.jpg,20230831_141252,mauritius,original,video,False,train,437.00558033172206
data/processed/mauritius/video/not_augmented/cull2_green_bg/head/224/occ/cn/none/20230831_141252/m--20230831_141252--f001166.jpg,20230831_141252,mauritius,original,video,False,train,552.8759962238405
data/processed/mauritius/video/not_augmented/cull2_green_bg/head/224/occ/cn/none/20230831_141252/m--20230831_141252--f001198.jpg,20230831_141252,mauritius,original,video,False,train,728.0574178886336
data/processed/mauritius/video/not_augmented/cull2_green_bg/head/224/occ/cn/none/20230831_141252/m--20230831_141252--f001200.jpg,20230831_141252,mauritius,original,video,False,train,759.676458786945
data/processed/mauritius/video/not_augmented/cull2_green_bg/head/224/occ/cn/none/20230831_141252/m--20230831_141252--f001202.jpg,20230831_141252,mauritius,original,video,False,train,844.3979789701315
data/processed/mauritius/video/not_augmented/cull2_green_bg/head/224/occ/cn/none/20230831_141252/m--20230831_141252--f001204.jpg,20230831_141252,mauritius,original,video,False,train,837.0934310652524
data/processed/mauritius/video/not_augmented/cull2_green_bg/head/224/occ/cn/none/20230831_141252/m--20230831_141252--f001206.jpg,20230831_141252,mauritius,original,video,False,train,767.2735371393048
data/processed/mauritius/video/not_augmented/cull2_green_bg/head/224/occ/cn/none/20230831_141252/m--20230831_141252--f001214.jpg,20230831_141252,mauritius,original,video,False,train,551.4626514652479
data/processed/mauritius/video/not_augmented/cull2_green_bg/head/224/occ/cn/none/20230831_141252/m--20230831_141252--f001216.jpg,20230831_141252,mauritius,original,video,False,train,634.0941684787246
data/processed/mauritius/video/not_augmented/cull2_green_bg/head/224/occ/cn/none/20230831_141252/m--20230831_141252--f001218.jpg,20230831_141252,mauritius,original,video,False,train,536.268594543619
data/processed/mauritius/video/not_augmented/cull2_green_bg/head/224/occ/cn/none/20230831_141252/m--20230831_141252--f001220.jpg,20230831_141252,mauritius,original,video,False,train,592.0294363835313
data/processed/mauritius/video/not_augmented/cull2_green_bg/head/224/occ/cn/none/20230831_141252/m--20230831_141252--f001222.jpg,20230831_141252,mauritius,original,video,False,train,509.7489236865823
data/processed/mauritius/video/not_augmented/cull2_green_bg/head/224/occ/cn/none/20230831_141252/m--20230831_141252--f001224.jpg,20230831_141252,mauritius,original,video,False,train,425.0415935234346
data/processed/mauritius/video/not_augmented/cull2_green_bg/head/224/occ/cn/none/20230831_141252/m--20230831_141252--f001326.jpg,20230831_141252,mauritius,original,video,False,train,400.78750795763966
data/processed/mauritius/video/not_augmented/cull2_green_bg/head/224/occ/cn/none/20230831_141252/m--20230831_141252--f001328.jpg,20230831_141252,mauritius,original,video,False,train,439.42038005136146
data/processed/mauritius/video/not_augmented/cull2_green_bg/head/224/occ/cn/none/20230831_141252/m--20230831_141252--f001330.jpg,20230831_141252,mauritius,original,video,False,train,385.1753592878418
data/processed/mauritius/video/not_augmented/cull2_green_bg/head/224/occ/cn/none/20230831_141252/m--20230831_141252--f001332.jpg,20230831_141252,mauritius,original,video,False,train,283.9154770325642
data/processed/mauritius/video/not_augmented/cull2_green_bg/head/224/occ/cn/none/20230831_142118/m--20230831_142118--f000142.jpg,20230831_142118,mauritius,original,video,False,train,48.29392525396066
data/processed/mauritius/video/not_augmented/cull2_green_bg/head/224/occ/cn/none/20230831_142118/m--20230831_142118--f000148.jpg,20230831_142118,mauritius,original,video,False,train,54.400669617436414
data/processed/mauritius/video/not_augmented/cull2_green_bg/head/224/occ/cn/none/20230831_142118/m--20230831_142118--f000150.jpg,20230831_142118,mauritius,original,video,False,train,59.14172114118443
data/processed/mauritius/video/not_augmented/cull2_green_bg/head/224/occ/cn/none/20230831_142118/m--20230831_142118--f000152.jpg,20230831_142118,mauritius,original,video,False,train,46.819076771638834
data/processed/mauritius/video/not_augmented/cull2_green_bg/head/224/occ/cn/none/20230831_142118/m--20230831_142118--f000154.jpg,20230831_142118,mauritius,original,video,False,train,43.73401607051089
data/processed/mauritius/video/not_augmented/cull2_green_bg/head/224/occ/cn/none/20230831_142118/m--20230831_142118--f000156.jpg,20230831_142118,mauritius,original,video,False,train,49.964405291778554
data/processed/mauritius/video/not_augmented/cull2_green_bg/head/224/occ/cn/none/20230831_142118/m--20230831_142118--f000158.jpg,20230831_142118,mauritius,original,video,False,train,52.442043965382155
data/processed/mauritius/video/not_augmented/cull2_green_bg/head/224/occ/cn/none/20230831_142118/m--20230831_142118--f000160.jpg,20230831_142118,mauritius,original,video,False,train,54.745635359945624
data/processed/mauritius/video/not_augmented/cull2_green_bg/head/224/occ/cn/none/20230831_142118/m--20230831_142118--f000162.jpg,20230831_142118,mauritius,original,video,False,train,79.22885441293522
data/processed/mauritius/video/not_augmented/cull2_green_bg/head/224/occ/cn/none/20230831_142118/m--20230831_142118--f000164.jpg,20230831_142118,mauritius,original,video,False,train,96.42805294114716
data/processed/mauritius/video/not_augmented/cull2_green_bg/head/224/occ/cn/none/20230831_142118/m--20230831_142118--f000170.jpg,20230831_142118,mauritius,original,video,False,train,196.99230707749282
data/processed/mauritius/video/not_augmented/cull2_green_bg/head/224/occ/cn/none/20230831_142118/m--20230831_142118--f000188.jpg,20230831_142118,mauritius,original,video,False,train,3069.8942920521167
data/processed/mauritius/video/not_augmented/cull2_green_bg/head/224/occ/cn/none/20230831_142118/m--20230831_142118--f000190.jpg,20230831_142118,mauritius,original,video,False,train,2933.3688416101695
data/processed/mauritius/video/not_augmented/cull2_green_bg/head/224/occ/cn/none/20230831_142118/m--20230831_142118--f000196.jpg,20230831_142118,mauritius,original,video,False,train,1804.8225645405312
data/processed/mauritius/video/not_augmented/cull2_green_bg/head/224/occ/cn/none/20230831_142118/m--20230831_142118--f000198.jpg,20230831_142118,mauritius,original,video,False,train,962.2404137241597
data/processed/mauritius/video/not_augmented/cull2_green_bg/head/224/occ/cn/none/20230831_142118/m--20230831_142118--f000200.jpg,20230831_142118,mauritius,original,video,False,train,561.9214164701316
data/processed/mauritius/video/not_augmented/cull2_green_bg/head/224/occ/cn/none/20230831_142118/m--20230831_142118--f000202.jpg,20230831_142118,mauritius,original,video,False,train,268.24280529308203
data/processed/mauritius/video/not_augmented/cull2_green_bg/head/224/occ/cn/none/20230831_142118/m--20230831_142118--f000824.jpg,20230831_142118,mauritius,original,video,False,train,2203.568777891856
data/processed/mauritius/video/not_augmented/cull2_green_bg/head/224/occ/cn/none/20230831_142118/m--20230831_142118--f000828.jpg,20230831_142118,mauritius,original,video,False,train,2207.2233737101906
data/processed/mauritius/video/not_augmented/cull2_green_bg/head/224/occ/cn/none/20230831_142118/m--20230831_142118--f000832.jpg,20230831_142118,mauritius,original,video,False,train,3114.362543842088
data/processed/mauritius/video/not_augmented/cull2_green_bg/head/224/occ/cn/none/20230831_142118/m--20230831_142118--f000834.jpg,20230831_142118,mauritius,original,video,False,train,2765.750936613436
data/processed/mauritius/video/not_augmented/cull2_green_bg/head/224/occ/cn/none/20230831_142118/m--20230831_142118--f000836.jpg,20230831_142118,mauritius,original,video,False,train,2629.0439453089257
data/processed/mauritius/video/not_augmented/cull2_green_bg/head/224/occ/cn/none/20230831_142118/m--20230831_142118--f000838.jpg,20230831_142118,mauritius,original,video,False,train,2804.8826131872315
data/processed/mauritius/video/not_augmented/cull2_green_bg/head/224/occ/cn/none/20230831_142118/m--20230831_142118--f000840.jpg,20230831_142118,mauritius,original,video,False,train,2820.4220742412726
data/processed/mauritius/video/not_augmented/cull2_green_bg/head/224/occ/cn/none/20230831_142118/m--20230831_142118--f000842.jpg,20230831_142118,mauritius,original,video,False,train,2805.4592234314805
data/processed/mauritius/video/not_augmented/cull2_green_bg/head/224/occ/cn/none/20230831_142118/m--20230831_142118--f000844.jpg,20230831_142118,mauritius,original,video,False,train,3030.2782404783215
data/processed/mauritius/video/not_augmented/cull2_green_bg/head/224/occ/cn/none/20230831_142118/m--20230831_142118--f000846.jpg,20230831_142118,mauritius,original,video,False,train,3032.0213647816195
data/processed/mauritius/video/not_augmented/cull2_green_bg/head/224/occ/cn/none/20230831_142118/m--20230831_142118--f000848.jpg,20230831_142118,mauritius,original,video,False,train,2900.718710011614
data/processed/mauritius/video/not_augmented/cull2_green_bg/head/224/occ/cn/none/20230831_142118/m--20230831_142118--f000850.jpg,20230831_142118,mauritius,original,video,False,train,3114.1840120666675
data/processed/mauritius/video/not_augmented/cull2_green_bg/head/224/occ/cn/none/20230831_142118/m--20230831_142118--f000852.jpg,20230831_142118,mauritius,original,video,False,train,3068.6492546137943
data/processed/mauritius/video/not_augmented/cull2_green_bg/head/224/occ/cn/none/20230831_142118/m--20230831_142118--f000854.jpg,20230831_142118,mauritius,original,video,False,train,3251.6981224332535
data/processed/mauritius/video/not_augmented/cull2_green_bg/head/224/occ/cn/none/20230831_142118/m--20230831_142118--f000856.jpg,20230831_142118,mauritius,original,video,False,train,3097.0141900494314
data/processed/mauritius/video/not_augmented/cull2_green_bg/head/224/occ/cn/none/20230831_142118/m--20230831_142118--f000858.jpg,20230831_142118,mauritius,original,video,False,train,1939.7786189916974
data/processed/mauritius/video/not_augmented/cull2_green_bg/head/224/occ/cn/none/20230831_142118/m--20230831_142118--f000860.jpg,20230831_142118,mauritius,original,video,False,train,1281.9205789558098
data/processed/mauritius/video/not_augmented/cull2_green_bg/head/224/occ/cn/none/20230831_142118/m--20230831_142118--f000862.jpg,20230831_142118,mauritius,original,video,False,train,1244.8770924238106
data/processed/mauritius/video/not_augmented/cull2_green_bg/head/224/occ/cn/none/20230831_142118/m--20230831_142118--f000864.jpg,20230831_142118,mauritius,original,video,False,train,2422.7411312145377
data/processed/mauritius/video/not_augmented/cull2_green_bg/head/224/occ/cn/none/20230831_142118/m--20230831_142118--f000866.jpg,20230831_142118,mauritius,original,video,False,train,2885.013133679763
data/processed/mauritius/video/not_augmented/cull2_green_bg/head/224/occ/cn/none/20230831_142118/m--20230831_142118--f000868.jpg,20230831_142118,mauritius,original,video,False,train,3075.71139587655
data/processed/mauritius/video/not_augmented/cull2_green_bg/head/224/occ/cn/none/20230831_142118/m--20230831_142118--f000870.jpg,20230831_142118,mauritius,original,video,False,train,2578.1904694038053
data/processed/mauritius/video/not_augmented/cull2_green_bg/head/224/occ/cn/none/20230831_142118/m--20230831_142118--f000872.jpg,20230831_142118,mauritius,original,video,False,train,2406.9997409084153
data/processed/mauritius/video/not_augmented/cull2_green_bg/head/224/occ/cn/none/20230831_142118/m--20230831_142118--f000874.jpg,20230831_142118,mauritius,original,video,False,train,2712.600625730067
data/processed/mauritius/video/not_augmented/cull2_green_bg/head/224/occ/cn/none/20230831_142118/m--20230831_142118--f000876.jpg,20230831_142118,mauritius,original,video,False,train,2596.586316163517
data/processed/mauritius/video/not_augmented/cull2_green_bg/head/224/occ/cn/none/20230831_142118/m--20230831_142118--f000878.jpg,20230831_142118,mauritius,original,video,False,train,1902.1729312338266
data/processed/mauritius/video/not_augmented/cull2_green_bg/head/224/occ/cn/none/20230831_142118/m--20230831_142118--f000880.jpg,20230831_142118,mauritius,original,video,False,train,767.8693797577425
data/processed/mauritius/video/not_augmented/cull2_green_bg/head/224/occ/cn/none/20230831_142118/m--20230831_142118--f000882.jpg,20230831_142118,mauritius,original,video,False,train,551.480787627551
data/processed/mauritius/video/not_augmented/cull2_green_bg/head/224/occ/cn/none/20230831_142118/m--20230831_142118--f000884.jpg,20230831_142118,mauritius,original,video,False,train,417.5466955642509
data/processed/mauritius/video/not_augmented/cull2_green_bg/head/224/occ/cn/none/20230831_142118/m--20230831_142118--f000886.jpg,20230831_142118,mauritius,original,video,False,train,321.2612005676244
data/processed/mauritius/video/not_augmented/cull2_green_bg/head/224/occ/cn/none/20230831_142118/m--20230831_142118--f000888.jpg,20230831_142118,mauritius,original,video,False,train,227.3031328940878
data/processed/mauritius/video/not_augmented/cull2_green_bg/head/224/occ/cn/none/20230831_142118/m--20230831_142118--f000942.jpg,20230831_142118,mauritius,original,video,False,train,3181.494957729262
data/processed/mauritius/video/not_augmented/cull2_green_bg/head/224/occ/cn/none/20230831_142118/m--20230831_142118--f000944.jpg,20230831_142118,mauritius,original,video,False,train,3266.9279728325046
data/processed/mauritius/video/not_augmented/cull2_green_bg/head/224/occ/cn/none/20230831_142118/m--20230831_142118--f000946.jpg,20230831_142118,mauritius,original,video,False,train,3855.2837207274647
data/processed/mauritius/video/not_augmented/cull2_green_bg/head/224/occ/cn/none/20230831_142118/m--20230831_142118--f000948.jpg,20230831_142118,mauritius,original,video,False,train,3802.956792066417
data/processed/mauritius/video/not_augmented/cull2_green_bg/head/224/occ/cn/none/20230831_142118/m--20230831_142118--f000950.jpg,20230831_142118,mauritius,original,video,False,train,3937.1142976527312
data/processed/mauritius/video/not_augmented/cull2_green_bg/head/224/occ/cn/none/20230831_142118/m--20230831_142118--f000952.jpg,20230831_142118,mauritius,original,video,False,train,3552.7545439272517
data/processed/mauritius/video/not_augmented/cull2_green_bg/head/224/occ/cn/none/20230831_142118/m--20230831_142118--f000954.jpg,20230831_142118,mauritius,original,video,False,train,3841.673808147092
data/processed/mauritius/video/not_augmented/cull2_green_bg/head/224/occ/cn/none/20230831_142118/m--20230831_142118--f000956.jpg,20230831_142118,mauritius,original,video,False,train,2274.0357142714147
data/processed/mauritius/video/not_augmented/cull2_green_bg/head/224/occ/cn/none/20230831_142118/m--20230831_142118--f000958.jpg,20230831_142118,mauritius,original,video,False,train,3003.497608259487
data/processed/mauritius/video/not_augmented/cull2_green_bg/head/224/occ/cn/none/20230831_142118/m--20230831_142118--f000962.jpg,20230831_142118,mauritius,original,video,False,train,3264.573541128849
data/processed/mauritius/video/not_augmented/cull2_green_bg/head/224/occ/cn/none/20230831_142118/m--20230831_142118--f001026.jpg,20230831_142118,mauritius,original,video,False,train,151.70798788106427
data/processed/mauritius/video/not_augmented/cull2_green_bg/head/224/occ/cn/none/20230831_142118/m--20230831_142118--f001030.jpg,20230831_142118,mauritius,original,video,False,train,107.62761079048626
data/processed/mauritius/video/not_augmented/cull2_green_bg/head/224/occ/cn/none/20230831_142118/m--20230831_142118--f001032.jpg,20230831_142118,mauritius,original,video,False,train,227.84311220517807
data/processed/mauritius/video/not_augmented/cull2_green_bg/head/224/occ/cn/none/20230831_142118/m--20230831_142118--f001034.jpg,20230831_142118,mauritius,original,video,False,train,360.77883844045937
data/processed/mauritius/video/not_augmented/cull2_green_bg/head/224/occ/cn/none/20230831_142118/m--20230831_142118--f001036.jpg,20230831_142118,mauritius,original,video,False,train,573.7491629321295
data/processed/mauritius/video/not_augmented/cull2_green_bg/head/224/occ/cn/none/20230831_142118/m--20230831_142118--f001038.jpg,20230831_142118,mauritius,original,video,False,train,624.7718630416946
data/processed/mauritius/video/not_augmented/cull2_green_bg/head/224/occ/cn/none/20230831_142118/m--20230831_142118--f001040.jpg,20230831_142118,mauritius,original,video,False,train,666.0279615557924
data/processed/mauritius/video/not_augmented/cull2_green_bg/head/224/occ/cn/none/20230831_142118/m--20230831_142118--f001050.jpg,20230831_142118,mauritius,original,video,False,train,131.525549904896
data/processed/mauritius/video/not_augmented/cull2_green_bg/head/224/occ/cn/none/20230831_143044/m--20230831_143044--f000210.jpg,20230831_143044,mauritius,original,video,False,train,279.10104375042454
data/processed/mauritius/video/not_augmented/cull2_green_bg/head/224/occ/cn/none/20230831_143044/m--20230831_143044--f000212.jpg,20230831_143044,mauritius,original,video,False,train,931.9925660999652
data/processed/mauritius/video/not_augmented/cull2_green_bg/head/224/occ/cn/none/20230831_143044/m--20230831_143044--f000214.jpg,20230831_143044,mauritius,original,video,False,train,1658.2687539760393
data/processed/mauritius/video/not_augmented/cull2_green_bg/head/224/occ/cn/none/20230831_143044/m--20230831_143044--f000216.jpg,20230831_143044,mauritius,original,video,False,train,2441.5021324614495
data/processed/mauritius/video/not_augmented/cull2_green_bg/head/224/occ/cn/none/20230831_143044/m--20230831_143044--f000218.jpg,20230831_143044,mauritius,original,video,False,train,2601.6126433026543
data/processed/mauritius/video/not_augmented/cull2_green_bg/head/224/occ/cn/none/20230831_143044/m--20230831_143044--f000220.jpg,20230831_143044,mauritius,original,video,False,train,2770.724808544777
data/processed/mauritius/video/not_augmented/cull2_green_bg/head/224/occ/cn/none/20230831_143044/m--20230831_143044--f000222.jpg,20230831_143044,mauritius,original,video,False,train,2699.5338209307924
data/processed/mauritius/video/not_augmented/cull2_green_bg/head/224/occ/cn/none/20230831_143044/m--20230831_143044--f000224.jpg,20230831_143044,mauritius,original,video,False,train,2744.463289029695
data/processed/mauritius/video/not_augmented/cull2_green_bg/head/224/occ/cn/none/20230831_143044/m--20230831_143044--f000226.jpg,20230831_143044,mauritius,original,video,False,train,2718.9147998721637
data/processed/mauritius/video/not_augmented/cull2_green_bg/head/224/occ/cn/none/20230831_143044/m--20230831_143044--f000228.jpg,20230831_143044,mauritius,original,video,False,train,1453.9982461337495
data/processed/mauritius/video/not_augmented/cull2_green_bg/head/224/occ/cn/none/20230831_143044/m--20230831_143044--f000288.jpg,20230831_143044,mauritius,original,video,False,train,629.9181680230487
data/processed/mauritius/video/not_augmented/cull2_green_bg/head/224/occ/cn/none/20230831_143044/m--20230831_143044--f001070.jpg,20230831_143044,mauritius,original,video,False,train,288.82720818732093
data/processed/mauritius/video/not_augmented/cull2_green_bg/head/224/occ/cn/none/20230831_143044/m--20230831_143044--f001072.jpg,20230831_143044,mauritius,original,video,False,train,334.2185504727441
data/processed/mauritius/video/not_augmented/cull2_green_bg/head/224/occ/cn/none/20230831_143044/m--20230831_143044--f001074.jpg,20230831_143044,mauritius,original,video,False,train,2331.2592469898173
data/processed/mauritius/video/not_augmented/cull2_green_bg/head/224/occ/cn/none/20230831_143044/m--20230831_143044--f001076.jpg,20230831_143044,mauritius,original,video,False,train,2160.5678212655585
data/processed/mauritius/video/not_augmented/cull2_green_bg/head/224/occ/cn/none/20230831_143044/m--20230831_143044--f001078.jpg,20230831_143044,mauritius,original,video,False,train,2200.6559111890274
data/processed/mauritius/video/not_augmented/cull2_green_bg/head/224/occ/cn/none/20230831_143044/m--20230831_143044--f001374.jpg,20230831_143044,mauritius,original,video,False,train,662.303292404359
data/processed/mauritius/video/not_augmented/cull2_green_bg/head/224/occ/cn/none/20230831_143044/m--20230831_143044--f001376.jpg,20230831_143044,mauritius,original,video,False,train,1100.5367305327434
data/processed/mauritius/video/not_augmented/cull2_green_bg/head/224/occ/cn/none/20230831_143044/m--20230831_143044--f001378.jpg,20230831_143044,mauritius,original,video,False,train,1483.9305642845732
data/processed/mauritius/video/not_augmented/cull2_green_bg/head/224/occ/cn/none/20230831_143044/m--20230831_143044--f001380.jpg,20230831_143044,mauritius,original,video,False,train,1706.7435825749865
data/processed/mauritius/video/not_augmented/cull2_green_bg/head/224/occ/cn/none/20230831_143044/m--20230831_143044--f001382.jpg,20230831_143044,mauritius,original,video,False,train,1638.901048309552
data/processed/mauritius/video/not_augmented/cull2_green_bg/head/224/occ/cn/none/20230831_143044/m--20230831_143044--f001384.jpg,20230831_143044,mauritius,original,video,False,train,1585.9113114121458
data/processed/mauritius/video/not_augmented/cull2_green_bg/head/224/occ/cn/none/20230831_143044/m--20230831_143044--f001386.jpg,20230831_143044,mauritius,original,video,False,train,1434.9179488165782
data/processed/mauritius/video/not_augmented/cull2_green_bg/head/224/occ/cn/none/20230831_143044/m--20230831_143044--f001388.jpg,20230831_143044,mauritius,original,video,False,train,1584.857302167226
data/processed/mauritius/video/not_augmented/cull2_green_bg/head/224/occ/cn/none/20230831_143044/m--20230831_143044--f001390.jpg,20230831_143044,mauritius,original,video,False,train,1605.929687493645
data/processed/mauritius/video/not_augmented/cull2_green_bg/head/224/occ/cn/none/20230831_143044/m--20230831_143044--f001392.jpg,20230831_143044,mauritius,original,video,False,train,1408.6981026642723
data/processed/mauritius/video/not_augmented/cull2_green_bg/head/224/occ/cn/none/20230831_143044/m--20230831_143044--f001394.jpg,20230831_143044,mauritius,original,video,False,train,1020.9940801677682
data/processed/mauritius/video/not_augmented/cull2_green_bg/head/224/occ/cn/none/20230831_143044/m--20230831_143044--f001396.jpg,20230831_143044,mauritius,original,video,False,train,1241.925562002221
data/processed/mauritius/video/not_augmented/cull2_green_bg/head/224/occ/cn/none/20230831_143044/m--20230831_143044--f001398.jpg,20230831_143044,mauritius,original,video,False,train,1343.9841557681088
data/processed/mauritius/video/not_augmented/cull2_green_bg/head/224/occ/cn/none/20230831_143044/m--20230831_143044--f001400.jpg,20230831_143044,mauritius,original,video,False,train,1275.0175382398857
data/processed/mauritius/video/not_augmented/cull2_green_bg/head/224/occ/cn/none/20230831_143044/m--20230831_143044--f001406.jpg,20230831_143044,mauritius,original,video,False,train,987.8272480851457
data/processed/mauritius/video/not_augmented/cull2_green_bg/head/224/occ/cn/none/20230831_143044/m--20230831_143044--f001408.jpg,20230831_143044,mauritius,original,video,False,train,468.3645168607904
data/processed/mauritius/video/not_augmented/cull2_green_bg/head/224/occ/cn/none/20230831_155428/m--20230831_155428--f000152.jpg,20230831_155428,mauritius,original,video,False,val,10.196308966926216
data/processed/mauritius/video/not_augmented/cull2_green_bg/head/224/occ/cn/none/20230831_155428/m--20230831_155428--f000154.jpg,20230831_155428,mauritius,original,video,False,val,14.709342653083088
data/processed/mauritius/video/not_augmented/cull2_green_bg/head/224/occ/cn/none/20230831_155428/m--20230831_155428--f000164.jpg,20230831_155428,mauritius,original,video,False,val,664.9691685168557
data/processed/mauritius/video/not_augmented/cull2_green_bg/head/224/occ/cn/none/20230831_155428/m--20230831_155428--f000166.jpg,20230831_155428,mauritius,original,video,False,val,664.1774950579572
data/processed/mauritius/video/not_augmented/cull2_green_bg/head/224/occ/cn/none/20230831_155428/m--20230831_155428--f000170.jpg,20230831_155428,mauritius,original,video,False,val,714.5167210267912
data/processed/mauritius/video/not_augmented/cull2_green_bg/head/224/occ/cn/none/20230831_155428/m--20230831_155428--f000180.jpg,20230831_155428,mauritius,original,video,False,val,661.2533280743206
data/processed/mauritius/video/not_augmented/cull2_green_bg/head/224/occ/cn/none/20230831_155428/m--20230831_155428--f000182.jpg,20230831_155428,mauritius,original,video,False,val,487.63032120200603
data/processed/mauritius/video/not_augmented/cull2_green_bg/head/224/occ/cn/none/20230831_155428/m--20230831_155428--f000184.jpg,20230831_155428,mauritius,original,video,False,val,584.2540058670616
data/processed/mauritius/video/not_augmented/cull2_green_bg/head/224/occ/cn/none/20230831_155428/m--20230831_155428--f000186.jpg,20230831_155428,mauritius,original,video,False,val,857.9000318480354
data/processed/mauritius/video/not_augmented/cull2_green_bg/head/224/occ/cn/none/20230831_155428/m--20230831_155428--f000190.jpg,20230831_155428,mauritius,original,video,False,val,806.1072425028028
data/processed/mauritius/video/not_augmented/cull2_green_bg/head/224/occ/cn/none/20230831_155428/m--20230831_155428--f000192.jpg,20230831_155428,mauritius,original,video,False,val,711.3528778683092
data/processed/mauritius/video/not_augmented/cull2_green_bg/head/224/occ/cn/none/20230831_155428/m--20230831_155428--f000194.jpg,20230831_155428,mauritius,original,video,False,val,512.1369179912728
data/processed/mauritius/video/not_augmented/cull2_green_bg/head/224/occ/cn/none/20230831_155428/m--20230831_155428--f001002.jpg,20230831_155428,mauritius,original,video,False,val,24.168985124132828
data/processed/mauritius/video/not_augmented/cull2_green_bg/head/224/occ/cn/none/20230831_155428/m--20230831_155428--f001004.jpg,20230831_155428,mauritius,original,video,False,val,17.602558935150313
data/processed/mauritius/video/not_augmented/cull2_green_bg/head/224/occ/cn/none/20230831_155428/m--20230831_155428--f001008.jpg,20230831_155428,mauritius,original,video,False,val,52.57483624121091
data/processed/mauritius/video/not_augmented/cull2_green_bg/head/224/occ/cn/none/20230831_155428/m--20230831_155428--f001016.jpg,20230831_155428,mauritius,original,video,False,val,45.32948003734763
data/processed/mauritius/video/not_augmented/cull2_green_bg/head/224/occ/cn/none/20230831_155428/m--20230831_155428--f001018.jpg,20230831_155428,mauritius,original,video,False,val,32.032625139976034
data/processed/mauritius/video/not_augmented/cull2_green_bg/head/224/occ/cn/none/20230831_155428/m--20230831_155428--f001020.jpg,20230831_155428,mauritius,original,video,False,val,66.91872608418367
data/processed/mauritius/video/not_augmented/cull2_green_bg/head/224/occ/cn/none/20230831_155428/m--20230831_155428--f001022.jpg,20230831_155428,mauritius,original,video,False,val,49.06616708548156
data/processed/mauritius/video/not_augmented/cull2_green_bg/head/224/occ/cn/none/20230831_155428/m--20230831_155428--f001098.jpg,20230831_155428,mauritius,original,video,False,val,120.7035833765496
data/processed/mauritius/video/not_augmented/cull2_green_bg/head/224/occ/cn/none/20230831_155428/m--20230831_155428--f001102.jpg,20230831_155428,mauritius,original,video,False,val,434.3589164987299
data/processed/mauritius/video/not_augmented/cull2_green_bg/head/224/occ/cn/none/20230831_155428/m--20230831_155428--f001104.jpg,20230831_155428,mauritius,original,video,False,val,316.3952485656103
data/processed/mauritius/video/not_augmented/cull2_green_bg/head/224/occ/cn/none/20230831_155428/m--20230831_155428--f001106.jpg,20230831_155428,mauritius,original,video,False,val,105.64498963608239
data/processed/mauritius/video/not_augmented/cull2_green_bg/head/224/occ/cn/none/20230831_155428/m--20230831_155428--f001110.jpg,20230831_155428,mauritius,original,video,False,val,140.07447762789204
data/processed/mauritius/video/not_augmented/cull2_green_bg/head/224/occ/cn/none/20230831_155428/m--20230831_155428--f001112.jpg,20230831_155428,mauritius,original,video,False,val,42.64590640586399
data/processed/mauritius/video/not_augmented/cull2_green_bg/head/224/occ/cn/none/20230831_155428/m--20230831_155428--f001118.jpg,20230831_155428,mauritius,original,video,False,val,84.62107364498839
data/processed/mauritius/video/not_augmented/cull2_green_bg/head/224/occ/cn/none/20230831_155428/m--20230831_155428--f001142.jpg,20230831_155428,mauritius,original,video,False,val,242.42544243902728
data/processed/mauritius/video/not_augmented/cull2_green_bg/head/224/occ/cn/none/20230831_155428/m--20230831_155428--f001146.jpg,20230831_155428,mauritius,original,video,False,val,224.58599725736772
data/processed/mauritius/video/not_augmented/cull2_green_bg/head/224/occ/cn/none/20230831_155428/m--20230831_155428--f001152.jpg,20230831_155428,mauritius,original,video,False,val,17.24549581487196
data/processed/mauritius/video/not_augmented/cull2_green_bg/head/224/occ/cn/none/20230831_155428/m--20230831_155428--f001154.jpg,20230831_155428,mauritius,original,video,False,val,45.44612953435475
data/processed/mauritius/video/not_augmented/cull2_green_bg/head/224/occ/cn/none/20230831_155428/m--20230831_155428--f001156.jpg,20230831_155428,mauritius,original,video,False,val,63.45842626143476
data/processed/mauritius/video/not_augmented/cull2_green_bg/head/224/occ/cn/none/20230831_155428/m--20230831_155428--f001158.jpg,20230831_155428,mauritius,original,video,False,val,108.20920355525524
data/processed/mauritius/video/not_augmented/cull2_green_bg/head/224/occ/cn/none/20230831_155428/m--20230831_155428--f001160.jpg,20230831_155428,mauritius,original,video,False,val,51.61738675874951
data/processed/mauritius/video/not_augmented/cull2_green_bg/head/224/occ/cn/none/20230831_155428/m--20230831_155428--f001162.jpg,20230831_155428,mauritius,original,video,False,val,92.02198260171073
data/processed/mauritius/video/not_augmented/cull2_green_bg/head/224/occ/cn/none/20230831_155428/m--20230831_155428--f001166.jpg,20230831_155428,mauritius,original,video,False,val,53.63833281935278
data/processed/mauritius/video/not_augmented/cull2_green_bg/head/224/occ/cn/none/20230831_160214/m--20230831_160214--f000932.jpg,20230831_160214,mauritius,original,video,False,train,974.4403698201083
data/processed/mauritius/video/not_augmented/cull2_green_bg/head/224/occ/cn/none/20230831_160214/m--20230831_160214--f000934.jpg,20230831_160214,mauritius,original,video,False,train,880.2120335935207
data/processed/mauritius/video/not_augmented/cull2_green_bg/head/224/occ/cn/none/20230831_160214/m--20230831_160214--f000936.jpg,20230831_160214,mauritius,original,video,False,train,876.8333266896539
data/processed/mauritius/video/not_augmented/cull2_green_bg/head/224/occ/cn/none/20230831_160214/m--20230831_160214--f000938.jpg,20230831_160214,mauritius,original,video,False,train,834.6293446287818
data/processed/mauritius/video/not_augmented/cull2_green_bg/head/224/occ/cn/none/20230831_160214/m--20230831_160214--f000940.jpg,20230831_160214,mauritius,original,video,False,train,1069.536352034461
data/processed/mauritius/video/not_augmented/cull2_green_bg/head/224/occ/cn/none/20230831_160214/m--20230831_160214--f000942.jpg,20230831_160214,mauritius,original,video,False,train,1089.32226558528
data/processed/mauritius/video/not_augmented/cull2_green_bg/head/224/occ/cn/none/20230831_160214/m--20230831_160214--f000944.jpg,20230831_160214,mauritius,original,video,False,train,1499.7603037304702
data/processed/mauritius/video/not_augmented/cull2_green_bg/head/224/occ/cn/none/20230831_160214/m--20230831_160214--f000946.jpg,20230831_160214,mauritius,original,video,False,train,1519.6489755864045
data/processed/mauritius/video/not_augmented/cull2_green_bg/head/224/occ/cn/none/20230831_160214/m--20230831_160214--f000948.jpg,20230831_160214,mauritius,original,video,False,train,1353.2602837994316
data/processed/mauritius/video/not_augmented/cull2_green_bg/head/224/occ/cn/none/20230831_160214/m--20230831_160214--f001140.jpg,20230831_160214,mauritius,original,video,False,train,19.336296211824177
data/processed/mauritius/video/not_augmented/cull2_green_bg/head/224/occ/cn/none/20230831_160214/m--20230831_160214--f001144.jpg,20230831_160214,mauritius,original,video,False,train,26.583226939133432
data/processed/mauritius/video/not_augmented/cull2_green_bg/head/224/occ/cn/none/20230831_160214/m--20230831_160214--f001208.jpg,20230831_160214,mauritius,original,video,False,train,65.04958535750077
data/processed/mauritius/video/not_augmented/cull2_green_bg/head/224/occ/cn/none/20230831_160214/m--20230831_160214--f001210.jpg,20230831_160214,mauritius,original,video,False,train,31.587571555204764
data/processed/mauritius/video/not_augmented/cull2_green_bg/head/224/occ/cn/none/20230831_160214/m--20230831_160214--f001212.jpg,20230831_160214,mauritius,original,video,False,train,35.82922102679118
data/processed/mauritius/video/not_augmented/cull2_green_bg/head/224/occ/cn/none/20230831_160214/m--20230831_160214--f001214.jpg,20230831_160214,mauritius,original,video,False,train,44.93588567246798
data/processed/mauritius/video/not_augmented/cull2_green_bg/head/224/occ/cn/none/20230831_161620/m--20230831_161620--f000152.jpg,20230831_161620,mauritius,original,video,False,train,35.11724699998289
data/processed/mauritius/video/not_augmented/cull2_green_bg/head/224/occ/cn/none/20230831_161620/m--20230831_161620--f000154.jpg,20230831_161620,mauritius,original,video,False,train,38.09149786016932
data/processed/mauritius/video/not_augmented/cull2_green_bg/head/224/occ/cn/none/20230831_161620/m--20230831_161620--f000158.jpg,20230831_161620,mauritius,original,video,False,train,40.17448576188792
data/processed/mauritius/video/not_augmented/cull2_green_bg/head/224/occ/cn/none/20230831_161620/m--20230831_161620--f000162.jpg,20230831_161620,mauritius,original,video,False,train,39.07605219423547
data/processed/mauritius/video/not_augmented/cull2_green_bg/head/224/occ/cn/none/20230831_161620/m--20230831_161620--f000166.jpg,20230831_161620,mauritius,original,video,False,train,34.48822145688439
data/processed/mauritius/video/not_augmented/cull2_green_bg/head/224/occ/cn/none/20230831_161620/m--20230831_161620--f000168.jpg,20230831_161620,mauritius,original,video,False,train,36.429408170739
data/processed/mauritius/video/not_augmented/cull2_green_bg/head/224/occ/cn/none/20230831_161620/m--20230831_161620--f000170.jpg,20230831_161620,mauritius,original,video,False,train,38.551359183388115
data/processed/mauritius/video/not_augmented/cull2_green_bg/head/224/occ/cn/none/20230831_161620/m--20230831_161620--f000172.jpg,20230831_161620,mauritius,original,video,False,train,97.47895406733349
data/processed/mauritius/video/not_augmented/cull2_green_bg/head/224/occ/cn/none/20230831_161620/m--20230831_161620--f000174.jpg,20230831_161620,mauritius,original,video,False,train,293.14088370630213
data/processed/mauritius/video/not_augmented/cull2_green_bg/head/224/occ/cn/none/20230831_161620/m--20230831_161620--f000176.jpg,20230831_161620,mauritius,original,video,False,train,689.0029495919263
data/processed/mauritius/video/not_augmented/cull2_green_bg/head/224/occ/cn/none/20230831_161620/m--20230831_161620--f000178.jpg,20230831_161620,mauritius,original,video,False,train,404.3460817821618
data/processed/mauritius/video/not_augmented/cull2_green_bg/head/224/occ/cn/none/20230831_161620/m--20230831_161620--f000180.jpg,20230831_161620,mauritius,original,video,False,train,438.71526218741604
data/processed/mauritius/video/not_augmented/cull2_green_bg/head/224/occ/cn/none/20230831_161620/m--20230831_161620--f000182.jpg,20230831_161620,mauritius,original,video,False,train,274.14174099357757
data/processed/mauritius/video/not_augmented/cull2_green_bg/head/224/occ/cn/none/20230831_161620/m--20230831_161620--f000184.jpg,20230831_161620,mauritius,original,video,False,train,587.4310821825543
data/processed/mauritius/video/not_augmented/cull2_green_bg/head/224/occ/cn/none/20230831_161620/m--20230831_161620--f000186.jpg,20230831_161620,mauritius,original,video,False,train,922.030313277731
data/processed/mauritius/video/not_augmented/cull2_green_bg/head/224/occ/cn/none/20230831_161620/m--20230831_161620--f000188.jpg,20230831_161620,mauritius,original,video,False,train,1231.3376713486225
data/processed/mauritius/video/not_augmented/cull2_green_bg/head/224/occ/cn/none/20230831_161620/m--20230831_161620--f000190.jpg,20230831_161620,mauritius,original,video,False,train,1139.77196242282
data/processed/mauritius/video/not_augmented/cull2_green_bg/head/224/occ/cn/none/20230831_161620/m--20230831_161620--f000192.jpg,20230831_161620,mauritius,original,video,False,train,1185.5145288262452
data/processed/mauritius/video/not_augmented/cull2_green_bg/head/224/occ/cn/none/20230831_161620/m--20230831_161620--f000194.jpg,20230831_161620,mauritius,original,video,False,train,1088.3806002865922
data/processed/mauritius/video/not_augmented/cull2_green_bg/head/224/occ/cn/none/20230831_161620/m--20230831_161620--f000196.jpg,20230831_161620,mauritius,original,video,False,train,1359.0945270539123
data/processed/mauritius/video/not_augmented/cull2_green_bg/head/224/occ/cn/none/20230831_161620/m--20230831_161620--f000198.jpg,20230831_161620,mauritius,original,video,False,train,1311.730109911072
data/processed/mauritius/video/not_augmented/cull2_green_bg/head/224/occ/cn/none/20230831_161620/m--20230831_161620--f000200.jpg,20230831_161620,mauritius,original,video,False,train,1188.1401463722696
data/processed/mauritius/video/not_augmented/cull2_green_bg/head/224/occ/cn/none/20230831_161620/m--20230831_161620--f000202.jpg,20230831_161620,mauritius,original,video,False,train,1225.8222455517641
data/processed/mauritius/video/not_augmented/cull2_green_bg/head/224/occ/cn/none/20230831_161620/m--20230831_161620--f000204.jpg,20230831_161620,mauritius,original,video,False,train,1073.9040178555542
data/processed/mauritius/video/not_augmented/cull2_green_bg/head/224/occ/cn/none/20230831_161620/m--20230831_161620--f000206.jpg,20230831_161620,mauritius,original,video,False,train,1156.3569834120124
data/processed/mauritius/video/not_augmented/cull2_green_bg/head/224/occ/cn/none/20230831_161620/m--20230831_161620--f000208.jpg,20230831_161620,mauritius,original,video,False,train,1107.2435427232367
data/processed/mauritius/video/not_augmented/cull2_green_bg/head/224/occ/cn/none/20230831_161620/m--20230831_161620--f000210.jpg,20230831_161620,mauritius,original,video,False,train,1354.6321946711698
data/processed/mauritius/video/not_augmented/cull2_green_bg/head/224/occ/cn/none/20230831_161620/m--20230831_161620--f000212.jpg,20230831_161620,mauritius,original,video,False,train,1238.198660657089
data/processed/mauritius/video/not_augmented/cull2_green_bg/head/224/occ/cn/none/20230831_161620/m--20230831_161620--f000214.jpg,20230831_161620,mauritius,original,video,False,train,1172.7048986670077
data/processed/mauritius/video/not_augmented/cull2_green_bg/head/224/occ/cn/none/20230831_161620/m--20230831_161620--f000216.jpg,20230831_161620,mauritius,original,video,False,train,1175.3198142502517
data/processed/mauritius/video/not_augmented/cull2_green_bg/head/224/occ/cn/none/20230831_161620/m--20230831_161620--f000218.jpg,20230831_161620,mauritius,original,video,False,train,1094.9568916517017
data/processed/mauritius/video/not_augmented/cull2_green_bg/head/224/occ/cn/none/20230831_161620/m--20230831_161620--f000220.jpg,20230831_161620,mauritius,original,video,False,train,892.22331379156
data/processed/mauritius/video/not_augmented/cull2_green_bg/head/224/occ/cn/none/20230831_161620/m--20230831_161620--f000222.jpg,20230831_161620,mauritius,original,video,False,train,691.2834421544709
data/processed/mauritius/video/not_augmented/cull2_green_bg/head/224/occ/cn/none/20230831_161620/m--20230831_161620--f000224.jpg,20230831_161620,mauritius,original,video,False,train,408.56220104236587
data/processed/mauritius/video/not_augmented/cull2_green_bg/head/224/occ/cn/none/20230831_161620/m--20230831_161620--f000226.jpg,20230831_161620,mauritius,original,video,False,train,153.74424022617364
data/processed/mauritius/video/not_augmented/cull2_green_bg/head/224/occ/cn/none/20230831_161620/m--20230831_161620--f000228.jpg,20230831_161620,mauritius,original,video,False,train,58.440509339761164
data/processed/mauritius/video/not_augmented/cull2_green_bg/head/224/occ/cn/none/20230831_161620/m--20230831_161620--f000230.jpg,20230831_161620,mauritius,original,video,False,train,29.235072512469756
data/processed/mauritius/video/not_augmented/cull2_green_bg/head/224/occ/cn/none/20230831_161620/m--20230831_161620--f000232.jpg,20230831_161620,mauritius,original,video,False,train,22.066286645497648
data/processed/mauritius/video/not_augmented/cull2_green_bg/head/224/occ/cn/none/20230831_161620/m--20230831_161620--f000234.jpg,20230831_161620,mauritius,original,video,False,train,20.135981256293533
data/processed/mauritius/video/not_augmented/cull2_green_bg/head/224/occ/cn/none/20230831_161620/m--20230831_161620--f001140.jpg,20230831_161620,mauritius,original,video,False,train,1642.960379462697
data/processed/mauritius/video/not_augmented/cull2_green_bg/head/224/occ/cn/none/20230831_161620/m--20230831_161620--f001142.jpg,20230831_161620,mauritius,original,video,False,train,1608.3903858354813
data/processed/mauritius/video/not_augmented/cull2_green_bg/head/224/occ/cn/none/20230831_161620/m--20230831_161620--f001144.jpg,20230831_161620,mauritius,original,video,False,train,1610.586595184552
data/processed/mauritius/video/not_augmented/cull2_green_bg/head/224/occ/cn/none/20230831_161620/m--20230831_161620--f001146.jpg,20230831_161620,mauritius,original,video,False,train,1671.9306639731305
data/processed/mauritius/video/not_augmented/cull2_green_bg/head/224/occ/cn/none/20230831_161620/m--20230831_161620--f001148.jpg,20230831_161620,mauritius,original,video,False,train,1588.9517498306316
data/processed/mauritius/video/not_augmented/cull2_green_bg/head/224/occ/cn/none/20230831_161620/m--20230831_161620--f001150.jpg,20230831_161620,mauritius,original,video,False,train,1127.5434669957763
data/processed/mauritius/video/not_augmented/cull2_green_bg/head/224/occ/cn/none/20230831_161620/m--20230831_161620--f001152.jpg,20230831_161620,mauritius,original,video,False,train,1144.9168127791577
data/processed/mauritius/video/not_augmented/cull2_green_bg/head/224/occ/cn/none/20230831_161620/m--20230831_161620--f001154.jpg,20230831_161620,mauritius,original,video,False,train,1375.1672512183134
data/processed/mauritius/video/not_augmented/cull2_green_bg/head/224/occ/cn/none/20230831_161620/m--20230831_161620--f001156.jpg,20230831_161620,mauritius,original,video,False,train,1221.7140664823946
data/processed/mauritius/video/not_augmented/cull2_green_bg/head/224/occ/cn/none/20230831_161620/m--20230831_161620--f001158.jpg,20230831_161620,mauritius,original,video,False,train,1201.9764628503683
data/processed/mauritius/video/not_augmented/cull2_green_bg/head/224/occ/cn/none/20230831_161620/m--20230831_161620--f001160.jpg,20230831_161620,mauritius,original,video,False,train,1122.4651426782414
data/processed/mauritius/video/not_augmented/cull2_green_bg/head/224/occ/cn/none/20230831_161620/m--20230831_161620--f001162.jpg,20230831_161620,mauritius,original,video,False,train,1280.6281885070036
data/processed/mauritius/video/not_augmented/cull2_green_bg/head/224/occ/cn/none/20230831_161620/m--20230831_161620--f001164.jpg,20230831_161620,mauritius,original,video,False,train,1314.0069953441025
data/processed/mauritius/video/not_augmented/cull2_green_bg/head/224/occ/cn/none/20230831_161620/m--20230831_161620--f001166.jpg,20230831_161620,mauritius,original,video,False,train,1269.9447943176244
data/processed/mauritius/video/not_augmented/cull2_green_bg/head/224/occ/cn/none/20230831_161620/m--20230831_161620--f001168.jpg,20230831_161620,mauritius,original,video,False,train,1116.500817056598
data/processed/mauritius/video/not_augmented/cull2_green_bg/head/224/occ/cn/none/20230831_161620/m--20230831_161620--f001170.jpg,20230831_161620,mauritius,original,video,False,train,1046.6310586671143
data/processed/mauritius/video/not_augmented/cull2_green_bg/head/224/occ/cn/none/20230831_161620/m--20230831_161620--f001172.jpg,20230831_161620,mauritius,original,video,False,train,1147.1812021286476
data/processed/mauritius/video/not_augmented/cull2_green_bg/head/224/occ/cn/none/20230831_161620/m--20230831_161620--f001174.jpg,20230831_161620,mauritius,original,video,False,train,1310.3333066823532
data/processed/mauritius/video/not_augmented/cull2_green_bg/head/224/occ/cn/none/20230831_161620/m--20230831_161620--f001176.jpg,20230831_161620,mauritius,original,video,False,train,1211.7479869706688
data/processed/mauritius/video/not_augmented/cull2_green_bg/head/224/occ/cn/none/20230831_161620/m--20230831_161620--f001178.jpg,20230831_161620,mauritius,original,video,False,train,1244.1641421177048
data/processed/mauritius/video/not_augmented/cull2_green_bg/head/224/occ/cn/none/20230831_161620/m--20230831_161620--f001180.jpg,20230831_161620,mauritius,original,video,False,train,1352.5525745787456
data/processed/mauritius/video/not_augmented/cull2_green_bg/head/224/occ/cn/none/20230831_161620/m--20230831_161620--f001182.jpg,20230831_161620,mauritius,original,video,False,train,1226.616669266783
data/processed/mauritius/video/not_augmented/cull2_green_bg/head/224/occ/cn/none/20230831_161620/m--20230831_161620--f001184.jpg,20230831_161620,mauritius,original,video,False,train,1121.1630255744042
data/processed/mauritius/video/not_augmented/cull2_green_bg/head/224/occ/cn/none/20230831_161620/m--20230831_161620--f001186.jpg,20230831_161620,mauritius,original,video,False,train,985.8436700121058
data/processed/mauritius/video/not_augmented/cull2_green_bg/head/224/occ/cn/none/20230831_161620/m--20230831_161620--f001188.jpg,20230831_161620,mauritius,original,video,False,train,566.6921634253041
data/processed/mauritius/video/not_augmented/cull2_green_bg/head/224/occ/cn/none/20230831_161620/m--20230831_161620--f001190.jpg,20230831_161620,mauritius,original,video,False,train,210.03858417731828
data/processed/mauritius/video/not_augmented/cull2_green_bg/head/224/occ/cn/none/20230831_161620/m--20230831_161620--f001192.jpg,20230831_161620,mauritius,original,video,False,train,482.564194033415
data/processed/mauritius/video/not_augmented/cull2_green_bg/head/224/occ/cn/none/20230831_161620/m--20230831_161620--f001194.jpg,20230831_161620,mauritius,original,video,False,train,241.0142896998579
data/processed/mauritius/video/not_augmented/cull2_green_bg/head/224/occ/cn/none/20230831_161620/m--20230831_161620--f001196.jpg,20230831_161620,mauritius,original,video,False,train,229.72682153994916
data/processed/mauritius/video/not_augmented/cull2_green_bg/head/224/occ/cn/none/20230831_161620/m--20230831_161620--f001198.jpg,20230831_161620,mauritius,original,video,False,train,355.4686304209184
data/processed/mauritius/video/not_augmented/cull2_green_bg/head/224/occ/cn/none/20230831_161620/m--20230831_161620--f001200.jpg,20230831_161620,mauritius,original,video,False,train,650.150789182219
data/processed/mauritius/video/not_augmented/cull2_green_bg/head/224/occ/cn/none/20230831_161620/m--20230831_161620--f001202.jpg,20230831_161620,mauritius,original,video,False,train,586.278977957729
data/processed/mauritius/video/not_augmented/cull2_green_bg/head/224/occ/cn/none/20230831_161620/m--20230831_161620--f001204.jpg,20230831_161620,mauritius,original,video,False,train,527.4599409504565
data/processed/mauritius/video/not_augmented/cull2_green_bg/head/224/occ/cn/none/20230831_161620/m--20230831_161620--f001206.jpg,20230831_161620,mauritius,original,video,False,train,853.6210140163131
data/processed/mauritius/video/not_augmented/cull2_green_bg/head/224/occ/cn/none/20230831_161620/m--20230831_161620--f001208.jpg,20230831_161620,mauritius,original,video,False,train,825.0394810232109
data/processed/mauritius/video/not_augmented/cull2_green_bg/head/224/occ/cn/none/20230831_161620/m--20230831_161620--f001210.jpg,20230831_161620,mauritius,original,video,False,train,432.46695631218665
data/processed/mauritius/video/not_augmented/cull2_green_bg/head/224/occ/cn/none/20230831_161620/m--20230831_161620--f001212.jpg,20230831_161620,mauritius,original,video,False,train,451.8243383036609
data/processed/mauritius/video/not_augmented/cull2_green_bg/head/224/occ/cn/none/20230831_161620/m--20230831_161620--f001214.jpg,20230831_161620,mauritius,original,video,False,train,538.6357421871029
data/processed/mauritius/video/not_augmented/cull2_green_bg/head/224/occ/cn/none/20230831_161620/m--20230831_161620--f001216.jpg,20230831_161620,mauritius,original,video,False,train,461.4464883510395
data/processed/mauritius/video/not_augmented/cull2_green_bg/head/224/occ/cn/none/20230831_161620/m--20230831_161620--f001218.jpg,20230831_161620,mauritius,original,video,False,train,516.4317004141437
data/processed/mauritius/video/not_augmented/cull2_green_bg/head/224/occ/cn/none/20230831_161620/m--20230831_161620--f001220.jpg,20230831_161620,mauritius,original,video,False,train,605.7974528761915
data/processed/mauritius/video/not_augmented/cull2_green_bg/head/224/occ/cn/none/20230831_162051/m--20230831_162051--f000154.jpg,20230831_162051,mauritius,original,video,False,train,209.83037706912924
data/processed/mauritius/video/not_augmented/cull2_green_bg/head/224/occ/cn/none/20230831_162051/m--20230831_162051--f000156.jpg,20230831_162051,mauritius,original,video,False,train,172.94517292394482
data/processed/mauritius/video/not_augmented/cull2_green_bg/head/224/occ/cn/none/20230831_162051/m--20230831_162051--f000158.jpg,20230831_162051,mauritius,original,video,False,train,90.46717553216185
data/processed/mauritius/video/not_augmented/cull2_green_bg/head/224/occ/cn/none/20230831_162051/m--20230831_162051--f000160.jpg,20230831_162051,mauritius,original,video,False,train,52.62765063746975
data/processed/mauritius/video/not_augmented/cull2_green_bg/head/224/occ/cn/none/20230831_162051/m--20230831_162051--f000164.jpg,20230831_162051,mauritius,original,video,False,train,605.636320146706
data/processed/mauritius/video/not_augmented/cull2_green_bg/head/224/occ/cn/none/20230831_162051/m--20230831_162051--f000170.jpg,20230831_162051,mauritius,original,video,False,train,811.5333624859247
data/processed/mauritius/video/not_augmented/cull2_green_bg/head/224/occ/cn/none/20230831_162051/m--20230831_162051--f000522.jpg,20230831_162051,mauritius,original,video,False,train,485.1560706119148
data/processed/mauritius/video/not_augmented/cull2_green_bg/head/224/occ/cn/none/20230831_162051/m--20230831_162051--f000532.jpg,20230831_162051,mauritius,original,video,False,train,1847.377291922468
data/processed/mauritius/video/not_augmented/cull2_green_bg/head/224/occ/cn/none/20230831_162051/m--20230831_162051--f000552.jpg,20230831_162051,mauritius,original,video,False,train,1430.6177056696652
data/processed/mauritius/video/not_augmented/cull2_green_bg/head/224/occ/cn/none/20230831_162051/m--20230831_162051--f000950.jpg,20230831_162051,mauritius,original,video,False,train,257.16085374658184
data/processed/mauritius/video/not_augmented/cull2_green_bg/head/224/occ/cn/none/20230831_162051/m--20230831_162051--f000956.jpg,20230831_162051,mauritius,original,video,False,train,375.19724569475585
data/processed/mauritius/video/not_augmented/cull2_green_bg/head/224/occ/cn/none/20230831_162051/m--20230831_162051--f000958.jpg,20230831_162051,mauritius,original,video,False,train,121.83227035096662
data/processed/mauritius/video/not_augmented/cull2_green_bg/head/224/occ/cn/none/20230831_162051/m--20230831_162051--f000960.jpg,20230831_162051,mauritius,original,video,False,train,228.4230508573946
data/processed/mauritius/video/not_augmented/cull2_green_bg/head/224/occ/cn/none/20230831_162051/m--20230831_162051--f000962.jpg,20230831_162051,mauritius,original,video,False,train,156.02899791736593
data/processed/mauritius/video/not_augmented/cull2_green_bg/head/224/occ/cn/none/20230831_162051/m--20230831_162051--f000964.jpg,20230831_162051,mauritius,original,video,False,train,230.6727319512453
data/processed/mauritius/video/not_augmented/cull2_green_bg/head/224/occ/cn/none/20230831_162051/m--20230831_162051--f000966.jpg,20230831_162051,mauritius,original,video,False,train,365.87535868004824
data/processed/mauritius/video/not_augmented/cull2_green_bg/head/224/occ/cn/none/20230831_162051/m--20230831_162051--f000968.jpg,20230831_162051,mauritius,original,video,False,train,237.24097166454632
data/processed/mauritius/video/not_augmented/cull2_green_bg/head/224/occ/cn/none/20230831_162051/m--20230831_162051--f000970.jpg,20230831_162051,mauritius,original,video,False,train,274.9615951368879
data/processed/mauritius/video/not_augmented/cull2_green_bg/head/224/occ/cn/none/20230831_162051/m--20230831_162051--f000974.jpg,20230831_162051,mauritius,original,video,False,train,626.6370774856562
data/processed/mauritius/video/not_augmented/cull2_green_bg/head/224/occ/cn/none/20230831_162051/m--20230831_162051--f000976.jpg,20230831_162051,mauritius,original,video,False,train,589.859634087613
data/processed/mauritius/video/not_augmented/cull2_green_bg/head/224/occ/cn/none/20230831_162051/m--20230831_162051--f000978.jpg,20230831_162051,mauritius,original,video,False,train,857.2050581915784
data/processed/mauritius/video/not_augmented/cull2_green_bg/head/224/occ/cn/none/20230831_162051/m--20230831_162051--f000980.jpg,20230831_162051,mauritius,original,video,False,train,1930.0538703758778
data/processed/mauritius/video/not_augmented/cull2_green_bg/head/224/occ/cn/none/20230831_162051/m--20230831_162051--f000984.jpg,20230831_162051,mauritius,original,video,False,train,713.6278300366765
data/processed/mauritius/video/not_augmented/cull2_green_bg/head/224/occ/cn/none/20230831_162051/m--20230831_162051--f000990.jpg,20230831_162051,mauritius,original,video,False,train,35.68339439433399
data/processed/mauritius/video/not_augmented/cull2_green_bg/head/224/occ/cn/none/20230831_162051/m--20230831_162051--f000994.jpg,20230831_162051,mauritius,original,video,False,train,336.5431680484694
data/processed/mauritius/video/not_augmented/cull2_green_bg/head/224/occ/cn/none/20230831_162051/m--20230831_162051--f000996.jpg,20230831_162051,mauritius,original,video,False,train,100.03061223059879
data/processed/mauritius/video/not_augmented/cull2_green_bg/head/224/occ/cn/none/20230831_162051/m--20230831_162051--f001048.jpg,20230831_162051,mauritius,original,video,False,train,518.0058194898854
data/processed/mauritius/video/not_augmented/cull2_green_bg/head/224/occ/cn/none/20230831_162051/m--20230831_162051--f001098.jpg,20230831_162051,mauritius,original,video,False,train,68.61888136182513
data/processed/mauritius/video/not_augmented/cull2_green_bg/head/224/occ/cn/none/20230831_162051/m--20230831_162051--f001102.jpg,20230831_162051,mauritius,original,video,False,train,141.59038185547016
data/processed/mauritius/video/not_augmented/cull2_green_bg/head/224/occ/cn/none/20230831_162051/m--20230831_162051--f001114.jpg,20230831_162051,mauritius,original,video,False,train,738.381636571904
data/processed/mauritius/video/not_augmented/cull2_green_bg/head/224/occ/cn/none/20230831_162051/m--20230831_162051--f001142.jpg,20230831_162051,mauritius,original,video,False,train,818.8265903982109
data/processed/mauritius/video/not_augmented/cull2_green_bg/head/224/occ/cn/none/20230831_162051/m--20230831_162051--f001380.jpg,20230831_162051,mauritius,original,video,False,train,25.83482142698264
data/processed/mauritius/video/not_augmented/cull2_green_bg/head/224/occ/cn/none/20230831_162051/m--20230831_162051--f001398.jpg,20230831_162051,mauritius,original,video,False,train,66.06379543647623
data/processed/mauritius/video/not_augmented/cull2_green_bg/head/224/occ/cn/none/20230831_162051/m--20230831_162051--f001454.jpg,20230831_162051,mauritius,original,video,False,train,455.0753148435205
data/processed/mauritius/video/not_augmented/cull2_green_bg/head/224/occ/cn/none/20230831_162051/m--20230831_162051--f001456.jpg,20230831_162051,mauritius,original,video,False,train,1351.2230347069737
data/processed/mauritius/video/not_augmented/cull2_green_bg/head/224/occ/cn/none/20230831_162051/m--20230831_162051--f001458.jpg,20230831_162051,mauritius,original,video,False,train,973.9630297998845
data/processed/mauritius/video/not_augmented/cull2_green_bg/head/224/occ/cn/none/20230831_162051/m--20230831_162051--f001460.jpg,20230831_162051,mauritius,original,video,False,train,1224.4936223202872
data/processed/mauritius/video/not_augmented/cull2_green_bg/head/224/occ/cn/none/20230831_162051/m--20230831_162051--f001462.jpg,20230831_162051,mauritius,original,video,False,train,1090.8692798443706
data/processed/mauritius/video/not_augmented/cull2_green_bg/head/224/occ/cn/none/20230831_162051/m--20230831_162051--f001464.jpg,20230831_162051,mauritius,original,video,False,train,504.16402241151957
data/processed/mauritius/video/not_augmented/cull2_green_bg/head/224/occ/cn/none/20230831_162051/m--20230831_162051--f001466.jpg,20230831_162051,mauritius,original,video,False,train,459.3688615499462
data/processed/mauritius/video/not_augmented/cull2_green_bg/head/224/occ/cn/none/20230831_162746/m--20230831_162746--f000178.jpg,20230831_162746,mauritius,original,video,False,train,259.79091554321576
data/processed/mauritius/video/not_augmented/cull2_green_bg/head/224/occ/cn/none/20230831_162746/m--20230831_162746--f000180.jpg,20230831_162746,mauritius,original,video,False,train,360.38516422034996
data/processed/mauritius/video/not_augmented/cull2_green_bg/head/224/occ/cn/none/20230831_162746/m--20230831_162746--f000182.jpg,20230831_162746,mauritius,original,video,False,train,667.6355428568575
data/processed/mauritius/video/not_augmented/cull2_green_bg/head/224/occ/cn/none/20230831_162746/m--20230831_162746--f000184.jpg,20230831_162746,mauritius,original,video,False,train,500.7612205002518
data/processed/mauritius/video/not_augmented/cull2_green_bg/head/224/occ/cn/none/20230831_162746/m--20230831_162746--f000186.jpg,20230831_162746,mauritius,original,video,False,train,544.8250757298437
data/processed/mauritius/video/not_augmented/cull2_green_bg/head/224/occ/cn/none/20230831_162746/m--20230831_162746--f000208.jpg,20230831_162746,mauritius,original,video,False,train,25.86186622729256
data/processed/mauritius/video/not_augmented/cull2_green_bg/head/224/occ/cn/none/20230831_162746/m--20230831_162746--f000210.jpg,20230831_162746,mauritius,original,video,False,train,277.4471659435922
data/processed/mauritius/video/not_augmented/cull2_green_bg/head/224/occ/cn/none/20230831_163217/m--20230831_163217--f000154.jpg,20230831_163217,mauritius,original,video,False,train,12.992047958898327
data/processed/mauritius/video/not_augmented/cull2_green_bg/head/224/occ/cn/none/20230831_163217/m--20230831_163217--f000156.jpg,20230831_163217,mauritius,original,video,False,train,12.87727187385861
data/processed/mauritius/video/not_augmented/cull2_green_bg/head/224/occ/cn/none/20230831_163217/m--20230831_163217--f000158.jpg,20230831_163217,mauritius,original,video,False,train,13.983518016184433
data/processed/mauritius/video/not_augmented/cull2_green_bg/head/224/occ/cn/none/20230831_163217/m--20230831_163217--f000160.jpg,20230831_163217,mauritius,original,video,False,train,12.357342149257065
data/processed/mauritius/video/not_augmented/cull2_green_bg/head/224/occ/cn/none/20230831_163217/m--20230831_163217--f000162.jpg,20230831_163217,mauritius,original,video,False,train,12.411431745904924
data/processed/mauritius/video/not_augmented/cull2_green_bg/head/224/occ/cn/none/20230831_163217/m--20230831_163217--f000164.jpg,20230831_163217,mauritius,original,video,False,train,12.244399693547463
data/processed/mauritius/video/not_augmented/cull2_green_bg/head/224/occ/cn/none/20230831_163217/m--20230831_163217--f000166.jpg,20230831_163217,mauritius,original,video,False,train,12.95376262640963
data/processed/mauritius/video/not_augmented/cull2_green_bg/head/224/occ/cn/none/20230831_163217/m--20230831_163217--f000168.jpg,20230831_163217,mauritius,original,video,False,train,12.421576048721128
data/processed/mauritius/video/not_augmented/cull2_green_bg/head/224/occ/cn/none/20230831_163217/m--20230831_163217--f000170.jpg,20230831_163217,mauritius,original,video,False,train,13.810128316041185
data/processed/mauritius/video/not_augmented/cull2_green_bg/head/224/occ/cn/none/20230831_163217/m--20230831_163217--f000172.jpg,20230831_163217,mauritius,original,video,False,train,13.56570849523898
data/processed/mauritius/video/not_augmented/cull2_green_bg/head/224/occ/cn/none/20230831_163217/m--20230831_163217--f000226.jpg,20230831_163217,mauritius,original,video,False,train,466.877530842312
data/processed/mauritius/video/not_augmented/cull2_green_bg/head/224/occ/cn/none/20230831_163217/m--20230831_163217--f000228.jpg,20230831_163217,mauritius,original,video,False,train,483.74930245178234
data/processed/mauritius/video/not_augmented/cull2_green_bg/head/224/occ/cn/none/20230831_163217/m--20230831_163217--f000230.jpg,20230831_163217,mauritius,original,video,False,train,667.737563761211
data/processed/mauritius/video/not_augmented/cull2_green_bg/head/224/occ/cn/none/20230831_163217/m--20230831_163217--f000232.jpg,20230831_163217,mauritius,original,video,False,train,802.9152582510966
data/processed/mauritius/video/not_augmented/cull2_green_bg/head/224/occ/cn/none/20230831_163217/m--20230831_163217--f000234.jpg,20230831_163217,mauritius,original,video,False,train,718.6592393181611
data/processed/mauritius/video/not_augmented/cull2_green_bg/head/224/occ/cn/none/20230831_163217/m--20230831_163217--f000236.jpg,20230831_163217,mauritius,original,video,False,train,1191.0552056617214
data/processed/mauritius/video/not_augmented/cull2_green_bg/head/224/occ/cn/none/20230831_163217/m--20230831_163217--f000238.jpg,20230831_163217,mauritius,original,video,False,train,1141.7079679492313
data/processed/mauritius/video/not_augmented/cull2_green_bg/head/224/occ/cn/none/20230831_163217/m--20230831_163217--f000240.jpg,20230831_163217,mauritius,original,video,False,train,1273.3855428886334
data/processed/mauritius/video/not_augmented/cull2_green_bg/head/224/occ/cn/none/20230831_163217/m--20230831_163217--f000242.jpg,20230831_163217,mauritius,original,video,False,train,1074.2912745378453
data/processed/mauritius/video/not_augmented/cull2_green_bg/head/224/occ/cn/none/20230831_163217/m--20230831_163217--f000244.jpg,20230831_163217,mauritius,original,video,False,train,1017.116629424566
data/processed/mauritius/video/not_augmented/cull2_green_bg/head/224/occ/cn/none/20230831_163217/m--20230831_163217--f000246.jpg,20230831_163217,mauritius,original,video,False,train,844.4426618108944
data/processed/mauritius/video/not_augmented/cull2_green_bg/head/224/occ/cn/none/20230831_163217/m--20230831_163217--f000248.jpg,20230831_163217,mauritius,original,video,False,train,1237.8605907107335
data/processed/mauritius/video/not_augmented/cull2_green_bg/head/224/occ/cn/none/20230831_163217/m--20230831_163217--f000250.jpg,20230831_163217,mauritius,original,video,False,train,1105.2788982208644
data/processed/mauritius/video/not_augmented/cull2_green_bg/head/224/occ/cn/none/20230831_163217/m--20230831_163217--f000252.jpg,20230831_163217,mauritius,original,video,False,train,1258.4882613006903
data/processed/mauritius/video/not_augmented/cull2_green_bg/head/224/occ/cn/none/20230831_163217/m--20230831_163217--f000254.jpg,20230831_163217,mauritius,original,video,False,train,952.0652303568573
data/processed/mauritius/video/not_augmented/cull2_green_bg/head/224/occ/cn/none/20230831_163217/m--20230831_163217--f000256.jpg,20230831_163217,mauritius,original,video,False,train,768.5780252359748
data/processed/mauritius/video/not_augmented/cull2_green_bg/head/224/occ/cn/none/20230831_163217/m--20230831_163217--f000258.jpg,20230831_163217,mauritius,original,video,False,train,391.64397313643485
data/processed/mauritius/video/not_augmented/cull2_green_bg/head/224/occ/cn/none/20230831_163217/m--20230831_163217--f000260.jpg,20230831_163217,mauritius,original,video,False,train,156.08557873733437
data/processed/mauritius/video/not_augmented/cull2_green_bg/head/224/occ/cn/none/20230831_163217/m--20230831_163217--f000262.jpg,20230831_163217,mauritius,original,video,False,train,113.674904311314
data/processed/mauritius/video/not_augmented/cull2_green_bg/head/224/occ/cn/none/20230831_163217/m--20230831_163217--f000264.jpg,20230831_163217,mauritius,original,video,False,train,70.7597257081095
data/processed/mauritius/video/not_augmented/cull2_green_bg/head/224/occ/cn/none/20230831_163217/m--20230831_163217--f000266.jpg,20230831_163217,mauritius,original,video,False,train,32.13054048314982
data/processed/mauritius/video/not_augmented/cull2_green_bg/head/224/occ/cn/none/20230831_163217/m--20230831_163217--f000268.jpg,20230831_163217,mauritius,original,video,False,train,22.91675291454628
data/processed/mauritius/video/not_augmented/cull2_green_bg/head/224/occ/cn/none/20230831_163217/m--20230831_163217--f000270.jpg,20230831_163217,mauritius,original,video,False,train,32.62836812466991
data/processed/mauritius/video/not_augmented/cull2_green_bg/head/224/occ/cn/none/20230831_163217/m--20230831_163217--f001092.jpg,20230831_163217,mauritius,original,video,False,train,17.424944194839778
data/processed/mauritius/video/not_augmented/cull2_green_bg/head/224/occ/cn/none/20230831_163217/m--20230831_163217--f001136.jpg,20230831_163217,mauritius,original,video,False,train,838.5250517981394
data/processed/mauritius/video/not_augmented/cull2_green_bg/head/224/occ/cn/none/20230831_163217/m--20230831_163217--f001140.jpg,20230831_163217,mauritius,original,video,False,train,564.0303331491899
data/processed/mauritius/video/not_augmented/cull2_green_bg/head/224/occ/cn/none/20230831_163217/m--20230831_163217--f001142.jpg,20230831_163217,mauritius,original,video,False,train,878.805743692518
data/processed/mauritius/video/not_augmented/cull2_green_bg/head/224/occ/cn/none/20230831_163217/m--20230831_163217--f001144.jpg,20230831_163217,mauritius,original,video,False,train,901.9801897305542
data/processed/mauritius/video/not_augmented/cull2_green_bg/head/224/occ/cn/none/20230831_163217/m--20230831_163217--f001146.jpg,20230831_163217,mauritius,original,video,False,train,693.329819017527
data/processed/mauritius/video/not_augmented/cull2_green_bg/head/224/occ/cn/none/20230831_163217/m--20230831_163217--f001148.jpg,20230831_163217,mauritius,original,video,False,train,925.5894842437784
data/processed/mauritius/video/not_augmented/cull2_green_bg/head/224/occ/cn/none/20230831_163217/m--20230831_163217--f001150.jpg,20230831_163217,mauritius,original,video,False,train,823.8045679193297
data/processed/mauritius/video/not_augmented/cull2_green_bg/head/224/occ/cn/none/20230831_163217/m--20230831_163217--f001152.jpg,20230831_163217,mauritius,original,video,False,train,880.4504542718178
data/processed/mauritius/video/not_augmented/cull2_green_bg/head/224/occ/cn/none/20230831_163217/m--20230831_163217--f001154.jpg,20230831_163217,mauritius,original,video,False,train,598.088468590164
data/processed/mauritius/video/not_augmented/cull2_green_bg/head/224/occ/cn/none/20230831_163217/m--20230831_163217--f001156.jpg,20230831_163217,mauritius,original,video,False,train,801.6466237087639
data/processed/mauritius/video/not_augmented/cull2_green_bg/head/224/occ/cn/none/20230831_163217/m--20230831_163217--f001158.jpg,20230831_163217,mauritius,original,video,False,train,754.6741069839777
data/processed/mauritius/video/not_augmented/cull2_green_bg/head/224/occ/cn/none/20230831_163217/m--20230831_163217--f001160.jpg,20230831_163217,mauritius,original,video,False,train,805.5565409277042
data/processed/mauritius/video/not_augmented/cull2_green_bg/head/224/occ/cn/none/20230831_163217/m--20230831_163217--f001162.jpg,20230831_163217,mauritius,original,video,False,train,1033.642059923559
data/processed/mauritius/video/not_augmented/cull2_green_bg/head/224/occ/cn/none/20230831_163217/m--20230831_163217--f001164.jpg,20230831_163217,mauritius,original,video,False,train,1104.2166174964477
data/processed/mauritius/video/not_augmented/cull2_green_bg/head/224/occ/cn/none/20230831_163217/m--20230831_163217--f001166.jpg,20230831_163217,mauritius,original,video,False,train,127.95627360441247
data/processed/mauritius/video/not_augmented/cull2_green_bg/head/224/occ/cn/none/20230831_163217/m--20230831_163217--f001168.jpg,20230831_163217,mauritius,original,video,False,train,106.34795518777412
data/processed/mauritius/video/not_augmented/cull2_green_bg/head/224/occ/cn/none/20230831_163217/m--20230831_163217--f001170.jpg,20230831_163217,mauritius,original,video,False,train,126.59881207943955
data/processed/mauritius/video/not_augmented/cull2_green_bg/head/224/occ/cn/none/20230831_163217/m--20230831_163217--f001172.jpg,20230831_163217,mauritius,original,video,False,train,45.93219865912549
data/processed/mauritius/video/not_augmented/cull2_green_bg/head/224/occ/cn/none/20230831_163217/m--20230831_163217--f001174.jpg,20230831_163217,mauritius,original,video,False,train,38.53248557265924
data/processed/mauritius/video/not_augmented/cull2_green_bg/head/224/occ/cn/none/20230831_163217/m--20230831_163217--f001178.jpg,20230831_163217,mauritius,original,video,False,train,30.864596618309168
data/processed/mauritius/video/not_augmented/cull2_green_bg/head/224/occ/cn/none/20230831_163217/m--20230831_163217--f001180.jpg,20230831_163217,mauritius,original,video,False,train,26.971779025330832
data/processed/mauritius/video/not_augmented/cull2_green_bg/head/224/occ/cn/none/20230831_163217/m--20230831_163217--f001182.jpg,20230831_163217,mauritius,original,video,False,train,23.945411974070023
data/processed/mauritius/video/not_augmented/cull2_green_bg/head/224/occ/cn/none/20230831_163217/m--20230831_163217--f001184.jpg,20230831_163217,mauritius,original,video,False,train,29.988221371089452
data/processed/mauritius/video/not_augmented/cull2_green_bg/head/224/occ/cn/none/20230831_163217/m--20230831_163217--f001186.jpg,20230831_163217,mauritius,original,video,False,train,28.78304367986931
data/processed/mauritius/video/not_augmented/cull2_green_bg/head/224/occ/cn/none/20230831_163217/m--20230831_163217--f001188.jpg,20230831_163217,mauritius,original,video,False,train,27.544164026046683
data/processed/mauritius/video/not_augmented/cull2_green_bg/head/224/occ/cn/none/20230831_163217/m--20230831_163217--f001190.jpg,20230831_163217,mauritius,original,video,False,train,24.199198676764297
data/processed/mauritius/video/not_augmented/cull2_green_bg/head/224/occ/cn/none/20230831_163217/m--20230831_163217--f001192.jpg,20230831_163217,mauritius,original,video,False,train,20.1010242793422
data/processed/mauritius/video/not_augmented/cull2_green_bg/head/224/occ/cn/none/20230831_163217/m--20230831_163217--f001196.jpg,20230831_163217,mauritius,original,video,False,train,16.79364635844074
data/processed/mauritius/video/not_augmented/cull2_green_bg/head/224/occ/cn/none/20230831_163856/m--20230831_163856--f000188.jpg,20230831_163856,mauritius,original,video,False,train,67.93698181762441
data/processed/mauritius/video/not_augmented/cull2_green_bg/head/224/occ/cn/none/20230831_163856/m--20230831_163856--f000192.jpg,20230831_163856,mauritius,original,video,False,train,84.66824776626835
data/processed/mauritius/video/not_augmented/cull2_green_bg/head/224/occ/cn/none/20230831_163856/m--20230831_163856--f000194.jpg,20230831_163856,mauritius,original,video,False,train,107.40690768137421
data/processed/mauritius/video/not_augmented/cull2_green_bg/head/224/occ/cn/none/20230831_163856/m--20230831_163856--f000196.jpg,20230831_163856,mauritius,original,video,False,train,138.2003148721189
data/processed/mauritius/video/not_augmented/cull2_green_bg/head/224/occ/cn/none/20230831_163856/m--20230831_163856--f000198.jpg,20230831_163856,mauritius,original,video,False,train,152.87462130073504
data/processed/mauritius/video/not_augmented/cull2_green_bg/head/224/occ/cn/none/20230831_163856/m--20230831_163856--f000200.jpg,20230831_163856,mauritius,original,video,False,train,172.3304766440878
data/processed/mauritius/video/not_augmented/cull2_green_bg/head/224/occ/cn/none/20230831_163856/m--20230831_163856--f000202.jpg,20230831_163856,mauritius,original,video,False,train,156.53657125920267
data/processed/mauritius/video/not_augmented/cull2_green_bg/head/224/occ/cn/none/20230831_163856/m--20230831_163856--f000204.jpg,20230831_163856,mauritius,original,video,False,train,216.9429208929466
data/processed/mauritius/video/not_augmented/cull2_green_bg/head/224/occ/cn/none/20230831_163856/m--20230831_163856--f000206.jpg,20230831_163856,mauritius,original,video,False,train,469.9100964123982
data/processed/mauritius/video/not_augmented/cull2_green_bg/head/224/occ/cn/none/20230831_163856/m--20230831_163856--f000208.jpg,20230831_163856,mauritius,original,video,False,train,804.7618582394658
data/processed/mauritius/video/not_augmented/cull2_green_bg/head/224/occ/cn/none/20230831_163856/m--20230831_163856--f000210.jpg,20230831_163856,mauritius,original,video,False,train,1191.8001831957122
data/processed/mauritius/video/not_augmented/cull2_green_bg/head/224/occ/cn/none/20230831_163856/m--20230831_163856--f000212.jpg,20230831_163856,mauritius,original,video,False,train,980.0331831756903
data/processed/mauritius/video/not_augmented/cull2_green_bg/head/224/occ/cn/none/20230831_163856/m--20230831_163856--f000214.jpg,20230831_163856,mauritius,original,video,False,train,1027.058693379772
data/processed/mauritius/video/not_augmented/cull2_green_bg/head/224/occ/cn/none/20230831_163856/m--20230831_163856--f000216.jpg,20230831_163856,mauritius,original,video,False,train,988.1601363197559
data/processed/mauritius/video/not_augmented/cull2_green_bg/head/224/occ/cn/none/20230831_163856/m--20230831_163856--f000218.jpg,20230831_163856,mauritius,original,video,False,train,1004.6683872763886
data/processed/mauritius/video/not_augmented/cull2_green_bg/head/224/occ/cn/none/20230831_163856/m--20230831_163856--f000220.jpg,20230831_163856,mauritius,original,video,False,train,1090.8582389506632
data/processed/mauritius/video/not_augmented/cull2_green_bg/head/224/occ/cn/none/20230831_163856/m--20230831_163856--f000222.jpg,20230831_163856,mauritius,original,video,False,train,107.45918354477696
data/processed/mauritius/video/not_augmented/cull2_green_bg/head/224/occ/cn/none/20230831_163856/m--20230831_163856--f000224.jpg,20230831_163856,mauritius,original,video,False,train,67.01801657527747
data/processed/mauritius/video/not_augmented/cull2_green_bg/head/224/occ/cn/none/20230831_163856/m--20230831_163856--f000226.jpg,20230831_163856,mauritius,original,video,False,train,54.724230697978186
data/processed/mauritius/video/not_augmented/cull2_green_bg/head/224/occ/cn/none/20230831_163856/m--20230831_163856--f000228.jpg,20230831_163856,mauritius,original,video,False,train,41.81363600087831
data/processed/mauritius/video/not_augmented/cull2_green_bg/head/224/occ/cn/none/20230831_163856/m--20230831_163856--f000230.jpg,20230831_163856,mauritius,original,video,False,train,33.934091986243494
data/processed/mauritius/video/not_augmented/cull2_green_bg/head/224/occ/cn/none/20230831_163856/m--20230831_163856--f000232.jpg,20230831_163856,mauritius,original,video,False,train,35.6581034753681
data/processed/mauritius/video/not_augmented/cull2_green_bg/head/224/occ/cn/none/20230831_163856/m--20230831_163856--f000234.jpg,20230831_163856,mauritius,original,video,False,train,36.81770168647623
data/processed/mauritius/video/not_augmented/cull2_green_bg/head/224/occ/cn/none/20230831_163856/m--20230831_163856--f000236.jpg,20230831_163856,mauritius,original,video,False,train,63.48419563098035
data/processed/mauritius/video/not_augmented/cull2_green_bg/head/224/occ/cn/none/20230831_163856/m--20230831_163856--f000238.jpg,20230831_163856,mauritius,original,video,False,train,215.42769447558618
data/processed/mauritius/video/not_augmented/cull2_green_bg/head/224/occ/cn/none/20230831_163856/m--20230831_163856--f000240.jpg,20230831_163856,mauritius,original,video,False,train,117.3562260698845
data/processed/mauritius/video/not_augmented/cull2_green_bg/head/224/occ/cn/none/20230831_163856/m--20230831_163856--f000264.jpg,20230831_163856,mauritius,original,video,False,train,759.9592234553123
data/processed/mauritius/video/not_augmented/cull2_green_bg/head/224/occ/cn/none/20230831_163856/m--20230831_163856--f000266.jpg,20230831_163856,mauritius,original,video,False,train,956.6195392155836
data/processed/mauritius/video/not_augmented/cull2_green_bg/head/224/occ/cn/none/20230831_163856/m--20230831_163856--f000268.jpg,20230831_163856,mauritius,original,video,False,train,874.6959300356972
data/processed/mauritius/video/not_augmented/cull2_green_bg/head/224/occ/cn/none/20230831_163856/m--20230831_163856--f000270.jpg,20230831_163856,mauritius,original,video,False,train,829.1021404460984
data/processed/mauritius/video/not_augmented/cull2_green_bg/head/224/occ/cn/none/20230831_163856/m--20230831_163856--f000272.jpg,20230831_163856,mauritius,original,video,False,train,601.6039740110824
data/processed/mauritius/video/not_augmented/cull2_green_bg/head/224/occ/cn/none/20230831_163856/m--20230831_163856--f000274.jpg,20230831_163856,mauritius,original,video,False,train,610.5587930468806
data/processed/mauritius/video/not_augmented/cull2_green_bg/head/224/occ/cn/none/20230831_163856/m--20230831_163856--f000276.jpg,20230831_163856,mauritius,original,video,False,train,636.3680043754752
data/processed/mauritius/video/not_augmented/cull2_green_bg/head/224/occ/cn/none/20230831_163856/m--20230831_163856--f000278.jpg,20230831_163856,mauritius,original,video,False,train,654.829201154538
data/processed/mauritius/video/not_augmented/cull2_green_bg/head/224/occ/cn/none/20230831_163856/m--20230831_163856--f000280.jpg,20230831_163856,mauritius,original,video,False,train,660.0836455354289
data/processed/mauritius/video/not_augmented/cull2_green_bg/head/224/occ/cn/none/20230831_163856/m--20230831_163856--f000282.jpg,20230831_163856,mauritius,original,video,False,train,523.4162747094354
data/processed/mauritius/video/not_augmented/cull2_green_bg/head/224/occ/cn/none/20230831_163856/m--20230831_163856--f000284.jpg,20230831_163856,mauritius,original,video,False,train,441.5920558958836
data/processed/mauritius/video/not_augmented/cull2_green_bg/head/224/occ/cn/none/20230831_163856/m--20230831_163856--f001018.jpg,20230831_163856,mauritius,original,video,False,train,345.40345969273613
data/processed/mauritius/video/not_augmented/cull2_green_bg/head/224/occ/cn/none/20230831_163856/m--20230831_163856--f001020.jpg,20230831_163856,mauritius,original,video,False,train,141.92992660096664
data/processed/mauritius/video/not_augmented/cull2_green_bg/head/224/occ/cn/none/20230831_163856/m--20230831_163856--f001036.jpg,20230831_163856,mauritius,original,video,False,train,61.021285036810724
data/processed/mauritius/video/not_augmented/cull2_green_bg/head/224/occ/cn/none/20230831_163856/m--20230831_163856--f001038.jpg,20230831_163856,mauritius,original,video,False,train,62.437480060223095
data/processed/mauritius/video/not_augmented/cull2_green_bg/head/224/occ/cn/none/20230831_163856/m--20230831_163856--f001040.jpg,20230831_163856,mauritius,original,video,False,train,79.55167804505119
data/processed/mauritius/video/not_augmented/cull2_green_bg/head/224/occ/cn/none/20230831_163856/m--20230831_163856--f001042.jpg,20230831_163856,mauritius,original,video,False,train,92.49079239641513
data/processed/mauritius/video/not_augmented/cull2_green_bg/head/224/occ/cn/none/20230831_163856/m--20230831_163856--f001044.jpg,20230831_163856,mauritius,original,video,False,train,164.31024792689868
data/processed/mauritius/video/not_augmented/cull2_green_bg/head/224/occ/cn/none/20230831_163856/m--20230831_163856--f001092.jpg,20230831_163856,mauritius,original,video,False,train,455.2951410838536
data/processed/mauritius/video/not_augmented/cull2_green_bg/head/224/occ/cn/none/20230831_163856/m--20230831_163856--f001094.jpg,20230831_163856,mauritius,original,video,False,train,303.8796037751801
data/processed/mauritius/video/not_augmented/cull2_green_bg/head/224/occ/cn/none/20230831_163856/m--20230831_163856--f001096.jpg,20230831_163856,mauritius,original,video,False,train,416.1489954578633
data/processed/mauritius/video/not_augmented/cull2_green_bg/head/224/occ/cn/none/20230831_163856/m--20230831_163856--f001098.jpg,20230831_163856,mauritius,original,video,False,train,369.8828322864582
data/processed/mauritius/video/not_augmented/cull2_green_bg/head/224/occ/cn/none/20230831_164728/m--20230831_164728--f000162.jpg,20230831_164728,mauritius,original,video,False,train,18.959960762335328
data/processed/mauritius/video/not_augmented/cull2_green_bg/head/224/occ/cn/none/20230831_164728/m--20230831_164728--f000164.jpg,20230831_164728,mauritius,original,video,False,train,14.563576205379514
data/processed/mauritius/video/not_augmented/cull2_green_bg/head/224/occ/cn/none/20230831_164728/m--20230831_164728--f000166.jpg,20230831_164728,mauritius,original,video,False,train,14.490134722190517
data/processed/mauritius/video/not_augmented/cull2_green_bg/head/224/occ/cn/none/20230831_164728/m--20230831_164728--f000168.jpg,20230831_164728,mauritius,original,video,False,train,13.920061373998601
data/processed/mauritius/video/not_augmented/cull2_green_bg/head/224/occ/cn/none/20230831_164728/m--20230831_164728--f000170.jpg,20230831_164728,mauritius,original,video,False,train,13.68959263353137
data/processed/mauritius/video/not_augmented/cull2_green_bg/head/224/occ/cn/none/20230831_164728/m--20230831_164728--f000172.jpg,20230831_164728,mauritius,original,video,False,train,11.534298932537444
data/processed/mauritius/video/not_augmented/cull2_green_bg/head/224/occ/cn/none/20230831_164728/m--20230831_164728--f000174.jpg,20230831_164728,mauritius,original,video,False,train,11.584861286676514
data/processed/mauritius/video/not_augmented/cull2_green_bg/head/224/occ/cn/none/20230831_164728/m--20230831_164728--f000176.jpg,20230831_164728,mauritius,original,video,False,train,10.01917250639992
data/processed/mauritius/video/not_augmented/cull2_green_bg/head/224/occ/cn/none/20230831_164728/m--20230831_164728--f000178.jpg,20230831_164728,mauritius,original,video,False,train,9.982122926898722
data/processed/mauritius/video/not_augmented/cull2_green_bg/head/224/occ/cn/none/20230831_164728/m--20230831_164728--f000180.jpg,20230831_164728,mauritius,original,video,False,train,11.549904279538067
data/processed/mauritius/video/not_augmented/cull2_green_bg/head/224/occ/cn/none/20230831_164728/m--20230831_164728--f000182.jpg,20230831_164728,mauritius,original,video,False,train,10.121213329081632
data/processed/mauritius/video/not_augmented/cull2_green_bg/head/224/occ/cn/none/20230831_164728/m--20230831_164728--f000184.jpg,20230831_164728,mauritius,original,video,False,train,11.136818395659905
data/processed/mauritius/video/not_augmented/cull2_green_bg/head/224/occ/cn/none/20230831_164728/m--20230831_164728--f000186.jpg,20230831_164728,mauritius,original,video,False,train,10.863580197306883
data/processed/mauritius/video/not_augmented/cull2_green_bg/head/224/occ/cn/none/20230831_164728/m--20230831_164728--f000188.jpg,20230831_164728,mauritius,original,video,False,train,10.916234843386357
data/processed/mauritius/video/not_augmented/cull2_green_bg/head/224/occ/cn/none/20230831_164728/m--20230831_164728--f000190.jpg,20230831_164728,mauritius,original,video,False,train,8.536332107394598
data/processed/mauritius/video/not_augmented/cull2_green_bg/head/224/occ/cn/none/20230831_164728/m--20230831_164728--f000192.jpg,20230831_164728,mauritius,original,video,False,train,11.558514024257065
data/processed/mauritius/video/not_augmented/cull2_green_bg/head/224/occ/cn/none/20230831_164728/m--20230831_164728--f000194.jpg,20230831_164728,mauritius,original,video,False,train,23.660794003513246
data/processed/mauritius/video/not_augmented/cull2_green_bg/head/224/occ/cn/none/20230831_164728/m--20230831_164728--f000196.jpg,20230831_164728,mauritius,original,video,False,train,526.1899314397377
data/processed/mauritius/video/not_augmented/cull2_green_bg/head/224/occ/cn/none/20230831_164728/m--20230831_164728--f000198.jpg,20230831_164728,mauritius,original,video,False,train,836.2876873369866
data/processed/mauritius/video/not_augmented/cull2_green_bg/head/224/occ/cn/none/20230831_164728/m--20230831_164728--f000200.jpg,20230831_164728,mauritius,original,video,False,train,938.9069474552732
data/processed/mauritius/video/not_augmented/cull2_green_bg/head/224/occ/cn/none/20230831_164728/m--20230831_164728--f000202.jpg,20230831_164728,mauritius,original,video,False,train,1031.5319076750188
data/processed/mauritius/video/not_augmented/cull2_green_bg/head/224/occ/cn/none/20230831_164728/m--20230831_164728--f000204.jpg,20230831_164728,mauritius,original,video,False,train,1035.5183155257619
data/processed/mauritius/video/not_augmented/cull2_green_bg/head/224/occ/cn/none/20230831_164728/m--20230831_164728--f000206.jpg,20230831_164728,mauritius,original,video,False,train,1035.349210771706
data/processed/mauritius/video/not_augmented/cull2_green_bg/head/224/occ/cn/none/20230831_164728/m--20230831_164728--f000208.jpg,20230831_164728,mauritius,original,video,False,train,993.6388908550672
data/processed/mauritius/video/not_augmented/cull2_green_bg/head/224/occ/cn/none/20230831_164728/m--20230831_164728--f000210.jpg,20230831_164728,mauritius,original,video,False,train,773.4778778683092
data/processed/mauritius/video/not_augmented/cull2_green_bg/head/224/occ/cn/none/20230831_164728/m--20230831_164728--f000212.jpg,20230831_164728,mauritius,original,video,False,train,759.829141418619
data/processed/mauritius/video/not_augmented/cull2_green_bg/head/224/occ/cn/none/20230831_164728/m--20230831_164728--f000214.jpg,20230831_164728,mauritius,original,video,False,train,814.5280213504967
data/processed/mauritius/video/not_augmented/cull2_green_bg/head/224/occ/cn/none/20230831_164728/m--20230831_164728--f000216.jpg,20230831_164728,mauritius,original,video,False,train,925.8925183318843
data/processed/mauritius/video/not_augmented/cull2_green_bg/head/224/occ/cn/none/20230831_164728/m--20230831_164728--f000218.jpg,20230831_164728,mauritius,original,video,False,train,950.0056201151538
data/processed/mauritius/video/not_augmented/cull2_green_bg/head/224/occ/cn/none/20230831_164728/m--20230831_164728--f000220.jpg,20230831_164728,mauritius,original,video,False,train,854.8262316609661
data/processed/mauritius/video/not_augmented/cull2_green_bg/head/224/occ/cn/none/20230831_164728/m--20230831_164728--f000222.jpg,20230831_164728,mauritius,original,video,False,train,784.867605937416
data/processed/mauritius/video/not_augmented/cull2_green_bg/head/224/occ/cn/none/20230831_164728/m--20230831_164728--f000224.jpg,20230831_164728,mauritius,original,video,False,train,809.0884484684701
data/processed/mauritius/video/not_augmented/cull2_green_bg/head/224/occ/cn/none/20230831_164728/m--20230831_164728--f000226.jpg,20230831_164728,mauritius,original,video,False,train,547.6723533099713
data/processed/mauritius/video/not_augmented/cull2_green_bg/head/224/occ/cn/none/20230831_164728/m--20230831_164728--f000228.jpg,20230831_164728,mauritius,original,video,False,train,395.3577804200007
data/processed/mauritius/video/not_augmented/cull2_green_bg/head/224/occ/cn/none/20230831_164728/m--20230831_164728--f000230.jpg,20230831_164728,mauritius,original,video,False,train,362.72829639310896
data/processed/mauritius/video/not_augmented/cull2_green_bg/head/224/occ/cn/none/20230831_164728/m--20230831_164728--f000232.jpg,20230831_164728,mauritius,original,video,False,train,885.5698740179466
data/processed/mauritius/video/not_augmented/cull2_green_bg/head/224/occ/cn/none/20230831_164728/m--20230831_164728--f000234.jpg,20230831_164728,mauritius,original,video,False,train,1253.5741389527614
data/processed/mauritius/video/not_augmented/cull2_green_bg/head/224/occ/cn/none/20230831_164728/m--20230831_164728--f000236.jpg,20230831_164728,mauritius,original,video,False,train,908.2557995818845
data/processed/mauritius/video/not_augmented/cull2_green_bg/head/224/occ/cn/none/20230831_164728/m--20230831_164728--f000238.jpg,20230831_164728,mauritius,original,video,False,train,542.7911351897824
data/processed/mauritius/video/not_augmented/cull2_green_bg/head/224/occ/cn/none/20230831_164728/m--20230831_164728--f000240.jpg,20230831_164728,mauritius,original,video,False,train,636.8625438452663
data/processed/mauritius/video/not_augmented/cull2_green_bg/head/224/occ/cn/none/20230831_164728/m--20230831_164728--f000242.jpg,20230831_164728,mauritius,original,video,False,train,671.6505101977264
data/processed/mauritius/video/not_augmented/cull2_green_bg/head/224/occ/cn/none/20230831_164728/m--20230831_164728--f000244.jpg,20230831_164728,mauritius,original,video,False,train,787.8706154273183
data/processed/mauritius/video/not_augmented/cull2_green_bg/head/224/occ/cn/none/20230831_164728/m--20230831_164728--f000246.jpg,20230831_164728,mauritius,original,video,False,train,656.4346898911845
data/processed/mauritius/video/not_augmented/cull2_green_bg/head/224/occ/cn/none/20230831_164728/m--20230831_164728--f000248.jpg,20230831_164728,mauritius,original,video,False,train,545.0400589780478
data/processed/mauritius/video/not_augmented/cull2_green_bg/head/224/occ/cn/none/20230831_164728/m--20230831_164728--f000250.jpg,20230831_164728,mauritius,original,video,False,train,112.63787467953365
data/processed/mauritius/video/not_augmented/cull2_green_bg/head/224/occ/cn/none/20230831_164728/m--20230831_164728--f000252.jpg,20230831_164728,mauritius,original,video,False,train,105.31981425025174
data/processed/mauritius/video/not_augmented/cull2_green_bg/head/224/occ/cn/none/20230831_164728/m--20230831_164728--f000254.jpg,20230831_164728,mauritius,original,video,False,train,63.1119459498579
data/processed/mauritius/video/not_augmented/cull2_green_bg/head/224/occ/cn/none/20230831_164728/m--20230831_164728--f000256.jpg,20230831_164728,mauritius,original,video,False,train,40.30612243468043
data/processed/mauritius/video/not_augmented/cull2_green_bg/head/224/occ/cn/none/20230831_164728/m--20230831_164728--f000258.jpg,20230831_164728,mauritius,original,video,False,train,28.247010508660026
data/processed/mauritius/video/not_augmented/cull2_green_bg/head/224/occ/cn/none/20230831_164728/m--20230831_164728--f000260.jpg,20230831_164728,mauritius,original,video,False,train,20.23734448006728
data/processed/mauritius/video/not_augmented/cull2_green_bg/head/224/occ/cn/none/20230831_164728/m--20230831_164728--f000262.jpg,20230831_164728,mauritius,original,video,False,train,16.449976069884517
data/processed/mauritius/video/not_augmented/cull2_green_bg/head/224/occ/cn/none/20230831_164728/m--20230831_164728--f000264.jpg,20230831_164728,mauritius,original,video,False,train,11.588647952828492
data/processed/mauritius/video/not_augmented/cull2_green_bg/head/224/occ/cn/none/20230831_164728/m--20230831_164728--f001052.jpg,20230831_164728,mauritius,original,video,False,train,741.6710378685776
data/processed/mauritius/video/not_augmented/cull2_green_bg/head/224/occ/cn/none/20230831_164728/m--20230831_164728--f001054.jpg,20230831_164728,mauritius,original,video,False,train,449.322624322525
data/processed/mauritius/video/not_augmented/cull2_green_bg/head/224/occ/cn/none/20230831_164728/m--20230831_164728--f001056.jpg,20230831_164728,mauritius,original,video,False,train,206.4739714276537
data/processed/mauritius/video/not_augmented/cull2_green_bg/head/224/occ/cn/none/20230831_164728/m--20230831_164728--f001058.jpg,20230831_164728,mauritius,original,video,False,train,351.14403300342934
data/processed/mauritius/video/not_augmented/cull2_green_bg/head/224/occ/cn/none/20230831_164728/m--20230831_164728--f001060.jpg,20230831_164728,mauritius,original,video,False,train,1034.406289858105
data/processed/mauritius/video/not_augmented/cull2_green_bg/head/224/occ/cn/none/20230831_164728/m--20230831_164728--f001062.jpg,20230831_164728,mauritius,original,video,False,train,757.6351841418558
data/processed/mauritius/video/not_augmented/cull2_green_bg/head/224/occ/cn/none/20230831_164728/m--20230831_164728--f001064.jpg,20230831_164728,mauritius,original,video,False,train,856.3701570467966
data/processed/mauritius/video/not_augmented/cull2_green_bg/head/224/occ/cn/none/20230831_164728/m--20230831_164728--f001066.jpg,20230831_164728,mauritius,original,video,False,train,592.1542967161205
data/processed/mauritius/video/not_augmented/cull2_green_bg/head/224/occ/cn/none/20230831_164728/m--20230831_164728--f001068.jpg,20230831_164728,mauritius,original,video,False,train,721.2034638070008
data/processed/mauritius/video/not_augmented/cull2_green_bg/head/224/occ/cn/none/20230831_164728/m--20230831_164728--f001070.jpg,20230831_164728,mauritius,original,video,False,train,1153.219009039949
data/processed/mauritius/video/not_augmented/cull2_green_bg/head/224/occ/cn/none/20230831_164728/m--20230831_164728--f001072.jpg,20230831_164728,mauritius,original,video,False,train,1540.8250158660267
data/processed/mauritius/video/not_augmented/cull2_green_bg/head/224/occ/cn/none/20230831_164728/m--20230831_164728--f001074.jpg,20230831_164728,mauritius,original,video,False,train,1820.5889070436192
data/processed/mauritius/video/not_augmented/cull2_green_bg/head/224/occ/cn/none/20230831_164728/m--20230831_164728--f001076.jpg,20230831_164728,mauritius,original,video,False,train,1624.7690329367001
data/processed/mauritius/video/not_augmented/cull2_green_bg/head/224/occ/cn/none/20230831_164728/m--20230831_164728--f001078.jpg,20230831_164728,mauritius,original,video,False,train,1214.406249993645
data/processed/mauritius/video/not_augmented/cull2_green_bg/head/224/occ/cn/none/20230831_164728/m--20230831_164728--f001080.jpg,20230831_164728,mauritius,original,video,False,train,1303.0830476400208
data/processed/mauritius/video/not_augmented/cull2_green_bg/head/224/occ/cn/none/20230831_164728/m--20230831_164728--f001082.jpg,20230831_164728,mauritius,original,video,False,train,1684.7691525825107
data/processed/mauritius/video/not_augmented/cull2_green_bg/head/224/occ/cn/none/20230831_165242/m--20230831_165242--f000148.jpg,20230831_165242,mauritius,original,video,False,train,22.06337691167651
data/processed/mauritius/video/not_augmented/cull2_green_bg/head/224/occ/cn/none/20230831_165242/m--20230831_165242--f000150.jpg,20230831_165242,mauritius,original,video,False,train,25.299645159354757
data/processed/mauritius/video/not_augmented/cull2_green_bg/head/224/occ/cn/none/20230831_165242/m--20230831_165242--f000154.jpg,20230831_165242,mauritius,original,video,False,train,28.790377863542773
data/processed/mauritius/video/not_augmented/cull2_green_bg/head/224/occ/cn/none/20230831_165242/m--20230831_165242--f000156.jpg,20230831_165242,mauritius,original,video,False,train,35.731305778150706
data/processed/mauritius/video/not_augmented/cull2_green_bg/head/224/occ/cn/none/20230831_165242/m--20230831_165242--f000158.jpg,20230831_165242,mauritius,original,video,False,train,61.1985012755102
data/processed/mauritius/video/not_augmented/cull2_green_bg/head/224/occ/cn/none/20230831_165242/m--20230831_165242--f000160.jpg,20230831_165242,mauritius,original,video,False,train,58.04914698825187
data/processed/mauritius/video/not_augmented/cull2_green_bg/head/224/occ/cn/none/20230831_165242/m--20230831_165242--f000162.jpg,20230831_165242,mauritius,original,video,False,train,45.48136534486299
data/processed/mauritius/video/not_augmented/cull2_green_bg/head/224/occ/cn/none/20230831_165242/m--20230831_165242--f000200.jpg,20230831_165242,mauritius,original,video,False,train,326.81112479250015
data/processed/mauritius/video/not_augmented/cull2_green_bg/head/224/occ/cn/none/20230831_165242/m--20230831_165242--f000202.jpg,20230831_165242,mauritius,original,video,False,train,783.2962770029089
data/processed/mauritius/video/not_augmented/cull2_green_bg/head/224/occ/cn/none/20230831_165242/m--20230831_165242--f000204.jpg,20230831_165242,mauritius,original,video,False,train,728.1913264908924
data/processed/mauritius/video/not_augmented/cull2_green_bg/head/224/occ/cn/none/20230831_165242/m--20230831_165242--f000212.jpg,20230831_165242,mauritius,original,video,False,train,596.0715481505102
data/processed/mauritius/video/not_augmented/cull2_green_bg/head/224/occ/cn/none/20230831_165242/m--20230831_165242--f000214.jpg,20230831_165242,mauritius,original,video,False,train,544.9723373581498
data/processed/mauritius/video/not_augmented/cull2_green_bg/head/224/occ/cn/none/20230831_165242/m--20230831_165242--f000216.jpg,20230831_165242,mauritius,original,video,False,train,1025.6550338976288
data/processed/mauritius/video/not_augmented/cull2_green_bg/head/224/occ/cn/none/20230831_165242/m--20230831_165242--f000218.jpg,20230831_165242,mauritius,original,video,False,train,1505.7929488006903
data/processed/mauritius/video/not_augmented/cull2_green_bg/head/224/occ/cn/none/20230831_165242/m--20230831_165242--f000220.jpg,20230831_165242,mauritius,original,video,False,train,1716.0079518941384
data/processed/mauritius/video/not_augmented/cull2_green_bg/head/224/occ/cn/none/20230831_165242/m--20230831_165242--f000222.jpg,20230831_165242,mauritius,original,video,False,train,879.9312818305583
data/processed/mauritius/video/not_augmented/cull2_green_bg/head/224/occ/cn/none/20230831_165242/m--20230831_165242--f000224.jpg,20230831_165242,mauritius,original,video,False,train,683.3130578069278
data/processed/mauritius/video/not_augmented/cull2_green_bg/head/224/occ/cn/none/20230831_165242/m--20230831_165242--f000226.jpg,20230831_165242,mauritius,original,video,False,train,561.6804647318576
data/processed/mauritius/video/not_augmented/cull2_green_bg/head/224/occ/cn/none/20230831_165242/m--20230831_165242--f000228.jpg,20230831_165242,mauritius,original,video,False,train,663.4960737530265
data/processed/mauritius/video/not_augmented/cull2_green_bg/head/224/occ/cn/none/20230831_165242/m--20230831_165242--f000230.jpg,20230831_165242,mauritius,original,video,False,train,786.5099250494764
data/processed/mauritius/video/not_augmented/cull2_green_bg/head/224/occ/cn/none/20230831_165242/m--20230831_165242--f000232.jpg,20230831_165242,mauritius,original,video,False,train,1867.0073340819906
data/processed/mauritius/video/not_augmented/cull2_green_bg/head/224/occ/cn/none/20230831_165242/m--20230831_165242--f000234.jpg,20230831_165242,mauritius,original,video,False,train,1873.878706894334
data/processed/mauritius/video/not_augmented/cull2_green_bg/head/224/occ/cn/none/20230831_165242/m--20230831_165242--f000236.jpg,20230831_165242,mauritius,original,video,False,train,1736.0022718738583
data/processed/mauritius/video/not_augmented/cull2_green_bg/head/224/occ/cn/none/20230831_165242/m--20230831_165242--f000238.jpg,20230831_165242,mauritius,original,video,False,train,1388.3451450829307
data/processed/mauritius/video/not_augmented/cull2_green_bg/head/224/occ/cn/none/20230831_165242/m--20230831_165242--f000240.jpg,20230831_165242,mauritius,original,video,False,train,1625.74529642743
data/processed/mauritius/video/not_augmented/cull2_green_bg/head/224/occ/cn/none/20230831_165242/m--20230831_165242--f000242.jpg,20230831_165242,mauritius,original,video,False,train,1935.8814571687253
data/processed/mauritius/video/not_augmented/cull2_green_bg/head/224/occ/cn/none/20230831_165242/m--20230831_165242--f000244.jpg,20230831_165242,mauritius,original,video,False,train,1817.7302493782947
data/processed/mauritius/video/not_augmented/cull2_green_bg/head/224/occ/cn/none/20230831_165242/m--20230831_165242--f000246.jpg,20230831_165242,mauritius,original,video,False,train,1503.3293207336196
data/processed/mauritius/video/not_augmented/cull2_green_bg/head/224/occ/cn/none/20230831_165242/m--20230831_165242--f000248.jpg,20230831_165242,mauritius,original,video,False,train,914.5482501399762
data/processed/mauritius/video/not_augmented/cull2_green_bg/head/224/occ/cn/none/20230831_165242/m--20230831_165242--f000250.jpg,20230831_165242,mauritius,original,video,False,train,888.2849170918367
data/processed/mauritius/video/not_augmented/cull2_green_bg/head/224/occ/cn/none/20230831_165242/m--20230831_165242--f000252.jpg,20230831_165242,mauritius,original,video,False,train,811.1552734275699
data/processed/mauritius/video/not_augmented/cull2_green_bg/head/224/occ/cn/none/20230831_165242/m--20230831_165242--f000254.jpg,20230831_165242,mauritius,original,video,False,train,830.4079838295572
data/processed/mauritius/video/not_augmented/cull2_green_bg/head/224/occ/cn/none/20230831_165242/m--20230831_165242--f000256.jpg,20230831_165242,mauritius,original,video,False,train,907.8157087017825
data/processed/mauritius/video/not_augmented/cull2_green_bg/head/224/occ/cn/none/20230831_165242/m--20230831_165242--f000258.jpg,20230831_165242,mauritius,original,video,False,train,807.2882646706043
data/processed/mauritius/video/not_augmented/cull2_green_bg/head/224/occ/cn/none/20230831_165242/m--20230831_165242--f000260.jpg,20230831_165242,mauritius,original,video,False,train,164.7095223660769
data/processed/mauritius/video/not_augmented/cull2_green_bg/head/224/occ/cn/none/20230831_165242/m--20230831_165242--f000262.jpg,20230831_165242,mauritius,original,video,False,train,62.87587683541434
data/processed/mauritius/video/not_augmented/cull2_green_bg/head/224/occ/cn/none/20230831_165242/m--20230831_165242--f000264.jpg,20230831_165242,mauritius,original,video,False,train,31.867586096938776
data/processed/mauritius/video/not_augmented/cull2_green_bg/head/224/occ/cn/none/20230831_165242/m--20230831_165242--f000266.jpg,20230831_165242,mauritius,original,video,False,train,22.56536966917267
data/processed/mauritius/video/not_augmented/cull2_green_bg/head/224/occ/cn/none/20230831_165242/m--20230831_165242--f000268.jpg,20230831_165242,mauritius,original,video,False,train,22.64642457552921
data/processed/mauritius/video/not_augmented/cull2_green_bg/head/224/occ/cn/none/20230831_165242/m--20230831_165242--f000582.jpg,20230831_165242,mauritius,original,video,False,train,137.2913145723069
data/processed/mauritius/video/not_augmented/cull2_green_bg/head/224/occ/cn/none/20230831_165242/m--20230831_165242--f000584.jpg,20230831_165242,mauritius,original,video,False,train,146.02128503681072
data/processed/mauritius/video/not_augmented/cull2_green_bg/head/224/occ/cn/none/20230831_165242/m--20230831_165242--f000586.jpg,20230831_165242,mauritius,original,video,False,train,196.14833780270422
data/processed/mauritius/video/not_augmented/cull2_green_bg/head/224/occ/cn/none/20230831_165242/m--20230831_165242--f000588.jpg,20230831_165242,mauritius,original,video,False,train,201.72030442637833
data/processed/mauritius/video/not_augmented/cull2_green_bg/head/224/occ/cn/none/20230831_165242/m--20230831_165242--f000594.jpg,20230831_165242,mauritius,original,video,False,train,246.71358799447816
data/processed/mauritius/video/not_augmented/cull2_green_bg/head/224/occ/cn/none/20230831_165242/m--20230831_165242--f001102.jpg,20230831_165242,mauritius,original,video,False,train,813.5506018492043
data/processed/mauritius/video/not_augmented/cull2_green_bg/head/224/occ/cn/none/20230831_165242/m--20230831_165242--f001104.jpg,20230831_165242,mauritius,original,video,False,train,1095.9668167154773
data/processed/mauritius/video/not_augmented/cull2_green_bg/head/224/occ/cn/none/20230831_165242/m--20230831_165242--f001106.jpg,20230831_165242,mauritius,original,video,False,train,794.0004185168557
data/processed/mauritius/video/not_augmented/cull2_green_bg/head/224/occ/cn/none/20230831_165242/m--20230831_165242--f001108.jpg,20230831_165242,mauritius,original,video,False,train,1047.3465599332537
data/processed/mauritius/video/not_augmented/cull2_green_bg/head/224/occ/cn/none/20230831_165242/m--20230831_165242--f001110.jpg,20230831_165242,mauritius,original,video,False,train,1046.173309720193
data/processed/mauritius/video/not_augmented/cull2_green_bg/head/224/occ/cn/none/20230831_165242/m--20230831_165242--f001112.jpg,20230831_165242,mauritius,original,video,False,train,1312.3799823600518
data/processed/mauritius/video/not_augmented/cull2_green_bg/head/224/occ/cn/none/20230831_165242/m--20230831_165242--f001114.jpg,20230831_165242,mauritius,original,video,False,train,1334.8584980867347
data/processed/mauritius/video/not_augmented/cull2_green_bg/head/224/occ/cn/none/20230831_165242/m--20230831_165242--f001116.jpg,20230831_165242,mauritius,original,video,False,train,1464.3408794013822
data/processed/mauritius/video/not_augmented/cull2_green_bg/head/224/occ/cn/none/20230831_165242/m--20230831_165242--f001118.jpg,20230831_165242,mauritius,original,video,False,train,1342.6796870932683
data/processed/mauritius/video/not_augmented/cull2_green_bg/head/224/occ/cn/none/20230831_165242/m--20230831_165242--f001120.jpg,20230831_165242,mauritius,original,video,False,train,1192.5038662314266
data/processed/mauritius/video/not_augmented/cull2_green_bg/head/224/occ/cn/none/20230831_165242/m--20230831_165242--f001122.jpg,20230831_165242,mauritius,original,video,False,train,1146.5639149710714
data/processed/mauritius/video/not_augmented/cull2_green_bg/head/224/occ/cn/none/20230831_165242/m--20230831_165242--f001124.jpg,20230831_165242,mauritius,original,video,False,train,1091.0649114443531
data/processed/mauritius/video/not_augmented/cull2_green_bg/head/224/occ/cn/none/20230831_165242/m--20230831_165242--f001126.jpg,20230831_165242,mauritius,original,video,False,train,928.1098332971098
data/processed/mauritius/video/not_augmented/cull2_green_bg/head/224/occ/cn/none/20230831_165242/m--20230831_165242--f001128.jpg,20230831_165242,mauritius,original,video,False,train,798.9662188200691
data/processed/mauritius/video/not_augmented/cull2_green_bg/head/224/occ/cn/none/20230831_165242/m--20230831_165242--f001130.jpg,20230831_165242,mauritius,original,video,False,train,965.2963965549809
data/processed/mauritius/video/not_augmented/cull2_green_bg/head/224/occ/cn/none/20230831_165242/m--20230831_165242--f001132.jpg,20230831_165242,mauritius,original,video,False,train,1033.1355030194068
data/processed/mauritius/video/not_augmented/cull2_green_bg/head/224/occ/cn/none/20230831_165242/m--20230831_165242--f001134.jpg,20230831_165242,mauritius,original,video,False,train,1071.417091811314
data/processed/mauritius/video/not_augmented/cull2_green_bg/head/224/occ/cn/none/20230831_165242/m--20230831_165242--f001136.jpg,20230831_165242,mauritius,original,video,False,train,1052.467793327627
data/processed/mauritius/video/not_augmented/cull2_green_bg/head/224/occ/cn/none/20230831_165242/m--20230831_165242--f001138.jpg,20230831_165242,mauritius,original,video,False,train,785.5282205854145
data/processed/mauritius/video/not_augmented/cull2_green_bg/head/224/occ/cn/none/20230831_165242/m--20230831_165242--f001452.jpg,20230831_165242,mauritius,original,video,False,train,591.2520527706599
data/processed/mauritius/video/not_augmented/cull2_green_bg/head/224/occ/cn/none/20230831_165242/m--20230831_165242--f001454.jpg,20230831_165242,mauritius,original,video,False,train,328.5895448018987
data/processed/mauritius/video/not_augmented/cull2_green_bg/head/224/occ/cn/none/20230831_165242/m--20230831_165242--f001456.jpg,20230831_165242,mauritius,original,video,False,train,453.39612561233446
data/processed/mauritius/video/not_augmented/cull2_green_bg/head/224/occ/cn/none/20230831_165242/m--20230831_165242--f001458.jpg,20230831_165242,mauritius,original,video,False,train,1365.5828683035713
data/processed/mauritius/video/not_augmented/cull2_green_bg/head/224/occ/cn/none/20230831_165242/m--20230831_165242--f001460.jpg,20230831_165242,mauritius,original,video,False,train,986.0951650187354
data/processed/mauritius/video/not_augmented/cull2_green_bg/head/224/occ/cn/none/20230831_165242/m--20230831_165242--f001462.jpg,20230831_165242,mauritius,original,video,False,train,777.5149472835211
data/processed/mauritius/video/not_augmented/cull2_green_bg/head/224/occ/cn/none/20230831_165242/m--20230831_165242--f001464.jpg,20230831_165242,mauritius,original,video,False,train,264.90868138412986
data/processed/mauritius/video/not_augmented/cull2_green_bg/head/224/occ/cn/none/20230831_165242/m--20230831_165242--f001466.jpg,20230831_165242,mauritius,original,video,False,train,301.96271125598037
data/processed/mauritius/video/not_augmented/cull2_green_bg/head/224/occ/cn/none/20230902_054933/m--20230902_054933--f000190.jpg,20230902_054933,mauritius,original,video,False,train,116.91336493589442
data/processed/mauritius/video/not_augmented/cull2_green_bg/head/224/occ/cn/none/20230902_054933/m--20230902_054933--f000192.jpg,20230902_054933,mauritius,original,video,False,train,124.53673067573504
data/processed/mauritius/video/not_augmented/cull2_green_bg/head/224/occ/cn/none/20230902_054933/m--20230902_054933--f000194.jpg,20230902_054933,mauritius,original,video,False,train,126.19210379424567
data/processed/mauritius/video/not_augmented/cull2_green_bg/head/224/occ/cn/none/20230902_054933/m--20230902_054933--f000196.jpg,20230902_054933,mauritius,original,video,False,train,132.27479272323663
data/processed/mauritius/video/not_augmented/cull2_green_bg/head/224/occ/cn/none/20230902_054933/m--20230902_054933--f000198.jpg,20230902_054933,mauritius,original,video,False,train,144.07130897804777
data/processed/mauritius/video/not_augmented/cull2_green_bg/head/224/occ/cn/none/20230902_054933/m--20230902_054933--f000222.jpg,20230902_054933,mauritius,original,video,False,train,723.7537467858037
data/processed/mauritius/video/not_augmented/cull2_green_bg/head/224/occ/cn/none/20230902_054933/m--20230902_054933--f000224.jpg,20230902_054933,mauritius,original,video,False,train,607.0018732467328
data/processed/mauritius/video/not_augmented/cull2_green_bg/head/224/occ/cn/none/20230902_054933/m--20230902_054933--f000226.jpg,20230902_054933,mauritius,original,video,False,train,666.31939564919
data/processed/mauritius/video/not_augmented/cull2_green_bg/head/224/occ/cn/none/20230902_054933/m--20230902_054933--f000232.jpg,20230902_054933,mauritius,original,video,False,train,683.2428053153251
data/processed/mauritius/video/not_augmented/cull2_green_bg/head/224/occ/cn/none/20230902_054933/m--20230902_054933--f000234.jpg,20230902_054933,mauritius,original,video,False,train,802.6679089123982
data/processed/mauritius/video/not_augmented/cull2_green_bg/head/224/occ/cn/none/20230902_054933/m--20230902_054933--f000236.jpg,20230902_054933,mauritius,original,video,False,train,796.9001314889289
data/processed/mauritius/video/not_augmented/cull2_green_bg/head/224/occ/cn/none/20230902_054933/m--20230902_054933--f000238.jpg,20230902_054933,mauritius,original,video,False,train,688.6238839285714
data/processed/mauritius/video/not_augmented/cull2_green_bg/head/224/occ/cn/none/20230902_054933/m--20230902_054933--f000240.jpg,20230902_054933,mauritius,original,video,False,train,828.3714524618242
data/processed/mauritius/video/not_augmented/cull2_green_bg/head/224/occ/cn/none/20230902_054933/m--20230902_054933--f000242.jpg,20230902_054933,mauritius,original,video,False,train,927.9586653052047
data/processed/mauritius/video/not_augmented/cull2_green_bg/head/224/occ/cn/none/20230902_054933/m--20230902_054933--f000244.jpg,20230902_054933,mauritius,original,video,False,train,523.2533481745659
data/processed/mauritius/video/not_augmented/cull2_green_bg/head/224/occ/cn/none/20230902_054933/m--20230902_054933--f000250.jpg,20230902_054933,mauritius,original,video,False,train,762.3700374645375
data/processed/mauritius/video/not_augmented/cull2_green_bg/head/224/occ/cn/none/20230902_054933/m--20230902_054933--f000972.jpg,20230902_054933,mauritius,original,video,False,train,73.18084327224294
data/processed/mauritius/video/not_augmented/cull2_green_bg/head/224/occ/cn/none/20230902_054933/m--20230902_054933--f000974.jpg,20230902_054933,mauritius,original,video,False,train,90.77716434920445
data/processed/mauritius/video/not_augmented/cull2_green_bg/head/224/occ/cn/none/20230902_054933/m--20230902_054933--f000976.jpg,20230902_054933,mauritius,original,video,False,train,92.02979500638303
data/processed/mauritius/video/not_augmented/cull2_green_bg/head/224/occ/cn/none/20230902_054933/m--20230902_054933--f000978.jpg,20230902_054933,mauritius,original,video,False,train,112.16840693812628
data/processed/mauritius/video/not_augmented/cull2_green_bg/head/224/occ/cn/none/20230902_054933/m--20230902_054933--f000980.jpg,20230902_054933,mauritius,original,video,False,train,152.31742267179666
data/processed/mauritius/video/not_augmented/cull2_green_bg/head/224/occ/cn/none/20230902_054933/m--20230902_054933--f000982.jpg,20230902_054933,mauritius,original,video,False,train,135.43074376242498
data/processed/mauritius/video/not_augmented/cull2_green_bg/head/224/occ/cn/none/20230902_054933/m--20230902_054933--f001100.jpg,20230902_054933,mauritius,original,video,False,train,912.6574059057017
data/processed/mauritius/video/not_augmented/cull2_green_bg/head/224/occ/cn/none/20230902_054933/m--20230902_054933--f001102.jpg,20230902_054933,mauritius,original,video,False,train,848.110690330178
data/processed/mauritius/video/not_augmented/cull2_green_bg/head/224/occ/cn/none/20230902_054933/m--20230902_054933--f001104.jpg,20230902_054933,mauritius,original,video,False,train,838.2530093874249
data/processed/mauritius/video/not_augmented/cull2_green_bg/head/224/occ/cn/none/20230902_054933/m--20230902_054933--f001106.jpg,20230902_054933,mauritius,original,video,False,train,929.4785554068429
data/processed/mauritius/video/not_augmented/cull2_green_bg/head/224/occ/cn/none/20230902_054933/m--20230902_054933--f001370.jpg,20230902_054933,mauritius,original,video,False,train,842.9503746414025
data/processed/mauritius/video/not_augmented/cull2_green_bg/head/224/occ/cn/none/20230902_054933/m--20230902_054933--f001372.jpg,20230902_054933,mauritius,original,video,False,train,251.0084701654862
data/processed/mauritius/video/not_augmented/cull2_green_bg/head/224/occ/cn/none/20230902_054933/m--20230902_054933--f001374.jpg,20230902_054933,mauritius,original,video,False,train,270.40023095743794
data/processed/mauritius/video/not_augmented/cull2_green_bg/head/224/occ/cn/none/20230902_054933/m--20230902_054933--f001376.jpg,20230902_054933,mauritius,original,video,False,train,231.54631688643474
data/processed/mauritius/video/not_augmented/cull2_green_bg/head/224/occ/cn/none/20230902_054933/m--20230902_054933--f001378.jpg,20230902_054933,mauritius,original,video,False,train,167.8972018494898
data/processed/mauritius/video/not_augmented/cull2_green_bg/head/224/occ/cn/none/20230907_195130/m--20230907_195130--f000152.jpg,20230907_195130,mauritius,original,video,False,train,141.00091675866003
data/processed/mauritius/video/not_augmented/cull2_green_bg/head/224/occ/cn/none/20230907_195130/m--20230907_195130--f000154.jpg,20230907_195130,mauritius,original,video,False,train,160.20826687508946
data/processed/mauritius/video/not_augmented/cull2_green_bg/head/224/occ/cn/none/20230907_195130/m--20230907_195130--f000156.jpg,20230907_195130,mauritius,original,video,False,train,196.3139548466534
data/processed/mauritius/video/not_augmented/cull2_green_bg/head/224/occ/cn/none/20230907_195130/m--20230907_195130--f000158.jpg,20230907_195130,mauritius,original,video,False,train,211.24412048503493
data/processed/mauritius/video/not_augmented/cull2_green_bg/head/224/occ/cn/none/20230907_195130/m--20230907_195130--f000160.jpg,20230907_195130,mauritius,original,video,False,train,233.19258211057218
data/processed/mauritius/video/not_augmented/cull2_green_bg/head/224/occ/cn/none/20230907_195130/m--20230907_195130--f000162.jpg,20230907_195130,mauritius,original,video,False,train,265.08850843079244
data/processed/mauritius/video/not_augmented/cull2_green_bg/head/224/occ/cn/none/20230907_195130/m--20230907_195130--f000164.jpg,20230907_195130,mauritius,original,video,False,train,271.3542330422931
data/processed/mauritius/video/not_augmented/cull2_green_bg/head/224/occ/cn/none/20230907_195130/m--20230907_195130--f000166.jpg,20230907_195130,mauritius,original,video,False,train,280.2065529193743
data/processed/mauritius/video/not_augmented/cull2_green_bg/head/224/occ/cn/none/20230907_195130/m--20230907_195130--f000168.jpg,20230907_195130,mauritius,original,video,False,train,304.9182675829136
data/processed/mauritius/video/not_augmented/cull2_green_bg/head/224/occ/cn/none/20230907_195130/m--20230907_195130--f000170.jpg,20230907_195130,mauritius,original,video,False,train,313.05181754484414
data/processed/mauritius/video/not_augmented/cull2_green_bg/head/224/occ/cn/none/20230907_195130/m--20230907_195130--f000172.jpg,20230907_195130,mauritius,original,video,False,train,317.8879942586153
data/processed/mauritius/video/not_augmented/cull2_green_bg/head/224/occ/cn/none/20230907_195130/m--20230907_195130--f000174.jpg,20230907_195130,mauritius,original,video,False,train,310.671655596519
data/processed/mauritius/video/not_augmented/cull2_green_bg/head/224/occ/cn/none/20230907_195130/m--20230907_195130--f000176.jpg,20230907_195130,mauritius,original,video,False,train,329.5960604323292
data/processed/mauritius/video/not_augmented/cull2_green_bg/head/224/occ/cn/none/20230907_195130/m--20230907_195130--f000178.jpg,20230907_195130,mauritius,original,video,False,train,314.51562454083813
data/processed/mauritius/video/not_augmented/cull2_green_bg/head/224/occ/cn/none/20230907_195130/m--20230907_195130--f000180.jpg,20230907_195130,mauritius,original,video,False,train,314.051080165531
data/processed/mauritius/video/not_augmented/cull2_green_bg/head/224/occ/cn/none/20230907_195130/m--20230907_195130--f000182.jpg,20230907_195130,mauritius,original,video,False,train,313.42990672791916
data/processed/mauritius/video/not_augmented/cull2_green_bg/head/224/occ/cn/none/20230907_195130/m--20230907_195130--f000184.jpg,20230907_195130,mauritius,original,video,False,train,314.27877867355886
data/processed/mauritius/video/not_augmented/cull2_green_bg/head/224/occ/cn/none/20230907_195130/m--20230907_195130--f000186.jpg,20230907_195130,mauritius,original,video,False,train,308.2993857015524
data/processed/mauritius/video/not_augmented/cull2_green_bg/head/224/occ/cn/none/20230907_195130/m--20230907_195130--f000188.jpg,20230907_195130,mauritius,original,video,False,train,289.0399792475385
data/processed/mauritius/video/not_augmented/cull2_green_bg/head/224/occ/cn/none/20230907_195130/m--20230907_195130--f000190.jpg,20230907_195130,mauritius,original,video,False,train,264.9096578890361
data/processed/mauritius/video/not_augmented/cull2_green_bg/head/224/occ/cn/none/20230907_195130/m--20230907_195130--f000192.jpg,20230907_195130,mauritius,original,video,False,train,248.04765205391246
data/processed/mauritius/video/not_augmented/cull2_green_bg/head/224/occ/cn/none/20230907_195130/m--20230907_195130--f000194.jpg,20230907_195130,mauritius,original,video,False,train,204.72634326810888
data/processed/mauritius/video/not_augmented/cull2_green_bg/head/224/occ/cn/none/20230907_195130/m--20230907_195130--f000196.jpg,20230907_195130,mauritius,original,video,False,train,189.99047352680813
data/processed/mauritius/video/not_augmented/cull2_green_bg/head/224/occ/cn/none/20230907_195130/m--20230907_195130--f000198.jpg,20230907_195130,mauritius,original,video,False,train,163.01632242985238
data/processed/mauritius/video/not_augmented/cull2_green_bg/head/224/occ/cn/none/20230907_195130/m--20230907_195130--f000200.jpg,20230907_195130,mauritius,original,video,False,train,146.16637433682416
data/processed/mauritius/video/not_augmented/cull2_green_bg/head/224/occ/cn/none/20230907_195130/m--20230907_195130--f000202.jpg,20230907_195130,mauritius,original,video,False,train,156.10929524089238
data/processed/mauritius/video/not_augmented/cull2_green_bg/head/224/occ/cn/none/20230907_195130/m--20230907_195130--f000204.jpg,20230907_195130,mauritius,original,video,False,train,139.50179367192533
data/processed/mauritius/video/not_augmented/cull2_green_bg/head/224/occ/cn/none/20230907_195130/m--20230907_195130--f000206.jpg,20230907_195130,mauritius,original,video,False,train,145.09018250933693
data/processed/mauritius/video/not_augmented/cull2_green_bg/head/224/occ/cn/none/20230907_195130/m--20230907_195130--f000208.jpg,20230907_195130,mauritius,original,video,False,train,143.97967155453364
data/processed/mauritius/video/not_augmented/cull2_green_bg/head/224/occ/cn/none/20230907_195130/m--20230907_195130--f000210.jpg,20230907_195130,mauritius,original,video,False,train,145.65055002405566
data/processed/mauritius/video/not_augmented/cull2_green_bg/head/224/occ/cn/none/20230907_195130/m--20230907_195130--f000212.jpg,20230907_195130,mauritius,original,video,False,train,168.021643584989
data/processed/mauritius/video/not_augmented/cull2_green_bg/head/224/occ/cn/none/20230907_195130/m--20230907_195130--f000214.jpg,20230907_195130,mauritius,original,video,False,train,129.2979511720148
data/processed/mauritius/video/not_augmented/cull2_green_bg/head/224/occ/cn/none/20230907_195130/m--20230907_195130--f000216.jpg,20230907_195130,mauritius,original,video,False,train,141.17081870818228
data/processed/mauritius/video/not_augmented/cull2_green_bg/head/224/occ/cn/none/20230907_195130/m--20230907_195130--f000218.jpg,20230907_195130,mauritius,original,video,False,train,116.63285235810508
data/processed/mauritius/video/not_augmented/cull2_green_bg/head/224/occ/cn/none/20230907_195130/m--20230907_195130--f000220.jpg,20230907_195130,mauritius,original,video,False,train,111.82812468859612
data/processed/mauritius/video/not_augmented/cull2_green_bg/head/224/occ/cn/none/20230907_195130/m--20230907_195130--f000222.jpg,20230907_195130,mauritius,original,video,False,train,103.4458306505997
data/processed/mauritius/video/not_augmented/cull2_green_bg/head/224/occ/cn/none/20230907_195130/m--20230907_195130--f000224.jpg,20230907_195130,mauritius,original,video,False,train,261.4127670563742
data/processed/mauritius/video/not_augmented/cull2_green_bg/head/224/occ/cn/none/20230907_195130/m--20230907_195130--f000226.jpg,20230907_195130,mauritius,original,video,False,train,665.065868077006
data/processed/mauritius/video/not_augmented/cull2_green_bg/head/224/occ/cn/none/20230907_195130/m--20230907_195130--f000228.jpg,20230907_195130,mauritius,original,video,False,train,1426.5414141440879
data/processed/mauritius/video/not_augmented/cull2_green_bg/head/224/occ/cn/none/20230907_195130/m--20230907_195130--f000230.jpg,20230907_195130,mauritius,original,video,False,train,845.8401226900062
data/processed/mauritius/video/not_augmented/cull2_green_bg/head/224/occ/cn/none/20230907_195130/m--20230907_195130--f000232.jpg,20230907_195130,mauritius,original,video,False,train,845.9361247925002
data/processed/mauritius/video/not_augmented/cull2_green_bg/head/224/occ/cn/none/20230907_195130/m--20230907_195130--f001282.jpg,20230907_195130,mauritius,original,video,False,train,318.70075334781706
data/processed/mauritius/video/not_augmented/cull2_green_bg/head/224/occ/cn/none/20230907_195130/m--20230907_195130--f001664.jpg,20230907_195130,mauritius,original,video,False,train,230.75637749382378
data/processed/mauritius/video/not_augmented/cull2_green_bg/head/224/occ/cn/none/20230907_195130/m--20230907_195130--f001666.jpg,20230907_195130,mauritius,original,video,False,train,305.0992306884454
data/processed/mauritius/video/not_augmented/cull2_green_bg/head/224/occ/cn/none/20230907_195130/m--20230907_195130--f001668.jpg,20230907_195130,mauritius,original,video,False,train,288.73836056265617
data/processed/mauritius/video/not_augmented/cull2_green_bg/head/224/occ/cn/none/20230907_195130/m--20230907_195130--f001670.jpg,20230907_195130,mauritius,original,video,False,train,219.29392538106427
data/processed/mauritius/video/not_augmented/cull2_green_bg/head/224/occ/cn/none/20230907_195130/m--20230907_195130--f001932.jpg,20230907_195130,mauritius,original,video,False,train,1133.5208864652927
data/processed/mauritius/video/not_augmented/cull2_green_bg/head/224/occ/cn/none/20230907_195130/m--20230907_195130--f001934.jpg,20230907_195130,mauritius,original,video,False,train,832.5591916056883
data/processed/mauritius/video/not_augmented/cull2_green_bg/head/224/occ/cn/none/20230907_195130/m--20230907_195130--f001936.jpg,20230907_195130,mauritius,original,video,False,train,623.2954001849713
data/processed/mauritius/video/not_augmented/cull2_green_bg/head/224/occ/cn/none/20230907_195130/m--20230907_195130--f001938.jpg,20230907_195130,mauritius,original,video,False,train,619.4293486254754
data/processed/mauritius/video/not_augmented/cull2_green_bg/head/224/occ/cn/none/20230907_195130/m--20230907_195130--f001940.jpg,20230907_195130,mauritius,original,video,False,train,711.7017298964151
data/processed/mauritius/video/not_augmented/cull2_green_bg/head/224/occ/cn/none/20230907_195130/m--20230907_195130--f001942.jpg,20230907_195130,mauritius,original,video,False,train,789.5037267665872
data/processed/mauritius/video/not_augmented/cull2_green_bg/head/224/occ/cn/none/20230907_195130/m--20230907_195130--f001944.jpg,20230907_195130,mauritius,original,video,False,train,773.1083186700512
data/processed/mauritius/video/not_augmented/cull2_green_bg/head/224/occ/cn/none/20230907_195130/m--20230907_195130--f001946.jpg,20230907_195130,mauritius,original,video,False,train,861.4944196412681
data/processed/mauritius/video/not_augmented/cull2_green_bg/head/224/occ/cn/none/20230907_195130/m--20230907_195130--f001948.jpg,20230907_195130,mauritius,original,video,False,train,831.2842394516201
data/processed/mauritius/video/not_augmented/cull2_green_bg/head/224/occ/cn/none/20230907_203553/m--20230907_203553--f000160.jpg,20230907_203553,mauritius,original,video,False,val,93.29637663903607
data/processed/mauritius/video/not_augmented/cull2_green_bg/head/224/occ/cn/none/20230907_203553/m--20230907_203553--f000162.jpg,20230907_203553,mauritius,original,video,False,val,113.20780839924016
data/processed/mauritius/video/not_augmented/cull2_green_bg/head/224/occ/cn/none/20230907_203553/m--20230907_203553--f000164.jpg,20230907_203553,mauritius,original,video,False,val,156.26931200222094
data/processed/mauritius/video/not_augmented/cull2_green_bg/head/224/occ/cn/none/20230907_203553/m--20230907_203553--f000166.jpg,20230907_203553,mauritius,original,video,False,val,191.7907963772209
data/processed/mauritius/video/not_augmented/cull2_green_bg/head/224/occ/cn/none/20230907_203553/m--20230907_203553--f000168.jpg,20230907_203553,mauritius,original,video,False,val,363.41938375920273
data/processed/mauritius/video/not_augmented/cull2_green_bg/head/224/occ/cn/none/20230907_203553/m--20230907_203553--f000170.jpg,20230907_203553,mauritius,original,video,False,val,337.5800382637173
data/processed/mauritius/video/not_augmented/cull2_green_bg/head/224/occ/cn/none/20230907_203553/m--20230907_203553--f000172.jpg,20230907_203553,mauritius,original,video,False,val,267.4295280612245
data/processed/mauritius/video/not_augmented/cull2_green_bg/head/224/occ/cn/none/20230907_203553/m--20230907_203553--f000174.jpg,20230907_203553,mauritius,original,video,False,val,251.82559376605
data/processed/mauritius/video/not_augmented/cull2_green_bg/head/224/occ/cn/none/20230907_203553/m--20230907_203553--f000176.jpg,20230907_203553,mauritius,original,video,False,val,341.60060586099183
data/processed/mauritius/video/not_augmented/cull2_green_bg/head/224/occ/cn/none/20230907_203553/m--20230907_203553--f000178.jpg,20230907_203553,mauritius,original,video,False,val,782.1925621032715
data/processed/mauritius/video/not_augmented/cull2_green_bg/head/224/occ/cn/none/20230907_203553/m--20230907_203553--f000180.jpg,20230907_203553,mauritius,original,video,False,val,669.3685027110186
data/processed/mauritius/video/not_augmented/cull2_green_bg/head/224/occ/cn/none/20230907_203553/m--20230907_203553--f000182.jpg,20230907_203553,mauritius,original,video,False,val,698.1232063121869
data/processed/mauritius/video/not_augmented/cull2_green_bg/head/224/occ/cn/none/20230907_203553/m--20230907_203553--f000184.jpg,20230907_203553,mauritius,original,video,False,val,798.4185068364046
data/processed/mauritius/video/not_augmented/cull2_green_bg/head/224/occ/cn/none/20230907_203553/m--20230907_203553--f000186.jpg,20230907_203553,mauritius,original,video,False,val,814.5800777675211
data/processed/mauritius/video/not_augmented/cull2_green_bg/head/224/occ/cn/none/20230907_203553/m--20230907_203553--f000188.jpg,20230907_203553,mauritius,original,video,False,val,844.9823022180674
data/processed/mauritius/video/not_augmented/cull2_green_bg/head/224/occ/cn/none/20230907_203553/m--20230907_203553--f000190.jpg,20230907_203553,mauritius,original,video,False,val,1611.581393494898
data/processed/mauritius/video/not_augmented/cull2_green_bg/head/224/occ/cn/none/20230907_203553/m--20230907_203553--f000192.jpg,20230907_203553,mauritius,original,video,False,val,1733.579818988929
data/processed/mauritius/video/not_augmented/cull2_green_bg/head/224/occ/cn/none/20230907_203553/m--20230907_203553--f000194.jpg,20230907_203553,mauritius,original,video,False,val,1897.9712212231698
data/processed/mauritius/video/not_augmented/cull2_green_bg/head/224/occ/cn/none/20230907_203553/m--20230907_203553--f000196.jpg,20230907_203553,mauritius,original,video,False,val,1548.7724011336602
data/processed/mauritius/video/not_augmented/cull2_green_bg/head/224/occ/cn/none/20230907_203553/m--20230907_203553--f000198.jpg,20230907_203553,mauritius,original,video,False,val,1662.2480667377208
data/processed/mauritius/video/not_augmented/cull2_green_bg/head/224/occ/cn/none/20230907_203553/m--20230907_203553--f000200.jpg,20230907_203553,mauritius,original,video,False,val,1251.47233701497
data/processed/mauritius/video/not_augmented/cull2_green_bg/head/224/occ/cn/none/20230907_203553/m--20230907_203553--f000202.jpg,20230907_203553,mauritius,original,video,False,val,1243.6918646043066
data/processed/mauritius/video/not_augmented/cull2_green_bg/head/224/occ/cn/none/20230907_203553/m--20230907_203553--f000204.jpg,20230907_203553,mauritius,original,video,False,val,1690.9957147011999
data/processed/mauritius/video/not_augmented/cull2_green_bg/head/224/occ/cn/none/20230907_203553/m--20230907_203553--f000206.jpg,20230907_203553,mauritius,original,video,False,val,2045.39383363823
data/processed/mauritius/video/not_augmented/cull2_green_bg/head/224/occ/cn/none/20230907_203553/m--20230907_203553--f000208.jpg,20230907_203553,mauritius,original,video,False,val,2346.9550779963074
data/processed/mauritius/video/not_augmented/cull2_green_bg/head/224/occ/cn/none/20230907_203553/m--20230907_203553--f000210.jpg,20230907_203553,mauritius,original,video,False,val,2530.2656447197287
data/processed/mauritius/video/not_augmented/cull2_green_bg/head/224/occ/cn/none/20230907_203553/m--20230907_203553--f000212.jpg,20230907_203553,mauritius,original,video,False,val,2416.7654057395107
data/processed/mauritius/video/not_augmented/cull2_green_bg/head/224/occ/cn/none/20230907_203553/m--20230907_203553--f000214.jpg,20230907_203553,mauritius,original,video,False,val,2654.505659719052
data/processed/mauritius/video/not_augmented/cull2_green_bg/head/224/occ/cn/none/20230907_203553/m--20230907_203553--f000216.jpg,20230907_203553,mauritius,original,video,False,val,2739.5653100190484
data/processed/mauritius/video/not_augmented/cull2_green_bg/head/224/occ/cn/none/20230907_203553/m--20230907_203553--f000218.jpg,20230907_203553,mauritius,original,video,False,val,2607.4774989926873
data/processed/mauritius/video/not_augmented/cull2_green_bg/head/224/occ/cn/none/20230907_203553/m--20230907_203553--f000220.jpg,20230907_203553,mauritius,original,video,False,val,1704.194873986171
data/processed/mauritius/video/not_augmented/cull2_green_bg/head/224/occ/cn/none/20230907_203553/m--20230907_203553--f000222.jpg,20230907_203553,mauritius,original,video,False,val,1873.9594227029406
data/processed/mauritius/video/not_augmented/cull2_green_bg/head/224/occ/cn/none/20230907_203553/m--20230907_203553--f000224.jpg,20230907_203553,mauritius,original,video,False,val,1157.6029575114349
data/processed/mauritius/video/not_augmented/cull2_green_bg/head/224/occ/cn/none/20230907_203553/m--20230907_203553--f000226.jpg,20230907_203553,mauritius,original,video,False,val,355.0441047032145
data/processed/mauritius/video/not_augmented/cull2_green_bg/head/224/occ/cn/none/20230907_203553/m--20230907_203553--f000228.jpg,20230907_203553,mauritius,original,video,False,val,191.11369976685575
data/processed/mauritius/video/not_augmented/cull2_green_bg/head/224/occ/cn/none/20230907_203553/m--20230907_203553--f000230.jpg,20230907_203553,mauritius,original,video,False,val,159.49318389066403
data/processed/mauritius/video/not_augmented/cull2_green_bg/head/224/occ/cn/none/20230907_203553/m--20230907_203553--f000232.jpg,20230907_203553,mauritius,original,video,False,val,166.10206067904687
data/processed/mauritius/video/not_augmented/cull2_green_bg/head/224/occ/cn/none/20230907_203553/m--20230907_203553--f000234.jpg,20230907_203553,mauritius,original,video,False,val,149.31267936822528
data/processed/mauritius/video/not_augmented/cull2_green_bg/head/224/occ/cn/none/20230907_203553/m--20230907_203553--f000236.jpg,20230907_203553,mauritius,original,video,False,val,170.47757867394463
data/processed/mauritius/video/not_augmented/cull2_green_bg/head/224/occ/cn/none/20230907_203553/m--20230907_203553--f000238.jpg,20230907_203553,mauritius,original,video,False,val,155.0097058255292
data/processed/mauritius/video/not_augmented/cull2_green_bg/head/224/occ/cn/none/20230911_185250/m--20230911_185250--f000188.jpg,20230911_185250,mauritius,original,video,False,train,361.14488971873845
data/processed/mauritius/video/not_augmented/cull2_green_bg/head/224/occ/cn/none/20230911_185250/m--20230911_185250--f000190.jpg,20230911_185250,mauritius,original,video,False,train,384.3842073207792
data/processed/mauritius/video/not_augmented/cull2_green_bg/head/224/occ/cn/none/20230911_185250/m--20230911_185250--f000194.jpg,20230911_185250,mauritius,original,video,False,train,316.092295006383
data/processed/mauritius/video/not_augmented/cull2_green_bg/head/224/occ/cn/none/20230911_185250/m--20230911_185250--f000196.jpg,20230911_185250,mauritius,original,video,False,train,325.2458943498477
data/processed/mauritius/video/not_augmented/cull2_green_bg/head/224/occ/cn/none/20230911_185250/m--20230911_185250--f000198.jpg,20230911_185250,mauritius,original,video,False,train,339.26998949309075
data/processed/mauritius/video/not_augmented/cull2_green_bg/head/224/occ/cn/none/20230911_185250/m--20230911_185250--f000200.jpg,20230911_185250,mauritius,original,video,False,train,335.97588469295994
data/processed/mauritius/video/not_augmented/cull2_green_bg/head/224/occ/cn/none/20230911_185250/m--20230911_185250--f000202.jpg,20230911_185250,mauritius,original,video,False,train,366.9997806282949
data/processed/mauritius/video/not_augmented/cull2_green_bg/head/224/occ/cn/none/20230911_185250/m--20230911_185250--f000204.jpg,20230911_185250,mauritius,original,video,False,train,420.94933820038926
data/processed/mauritius/video/not_augmented/cull2_green_bg/head/224/occ/cn/none/20230911_185250/m--20230911_185250--f000206.jpg,20230911_185250,mauritius,original,video,False,train,405.4026028280802
data/processed/mauritius/video/not_augmented/cull2_green_bg/head/224/occ/cn/none/20230911_185250/m--20230911_185250--f000208.jpg,20230911_185250,mauritius,original,video,False,train,377.7242903052048
data/processed/mauritius/video/not_augmented/cull2_green_bg/head/224/occ/cn/none/20230911_185250/m--20230911_185250--f000210.jpg,20230911_185250,mauritius,original,video,False,train,325.08972415661924
data/processed/mauritius/video/not_augmented/cull2_green_bg/head/224/occ/cn/none/20230911_185250/m--20230911_185250--f000212.jpg,20230911_185250,mauritius,original,video,False,train,318.90305916541126
data/processed/mauritius/video/not_augmented/cull2_green_bg/head/224/occ/cn/none/20230911_185250/m--20230911_185250--f000214.jpg,20230911_185250,mauritius,original,video,False,train,292.2140259585844
data/processed/mauritius/video/not_augmented/cull2_green_bg/head/224/occ/cn/none/20230911_185250/m--20230911_185250--f000216.jpg,20230911_185250,mauritius,original,video,False,train,265.3925166572942
data/processed/mauritius/video/not_augmented/cull2_green_bg/head/224/occ/cn/none/20230911_185250/m--20230911_185250--f000218.jpg,20230911_185250,mauritius,original,video,False,train,249.42057889225777
data/processed/mauritius/video/not_augmented/cull2_green_bg/head/224/occ/cn/none/20230911_185250/m--20230911_185250--f000220.jpg,20230911_185250,mauritius,original,video,False,train,302.8826530215046
data/processed/mauritius/video/not_augmented/cull2_green_bg/head/224/occ/cn/none/20230911_185250/m--20230911_185250--f000222.jpg,20230911_185250,mauritius,original,video,False,train,456.80970982142856
data/processed/mauritius/video/not_augmented/cull2_green_bg/head/224/occ/cn/none/20230911_185250/m--20230911_185250--f000224.jpg,20230911_185250,mauritius,original,video,False,train,567.8588366458835
data/processed/mauritius/video/not_augmented/cull2_green_bg/head/224/occ/cn/none/20230911_185250/m--20230911_185250--f000226.jpg,20230911_185250,mauritius,original,video,False,train,1103.7567163389556
data/processed/mauritius/video/not_augmented/cull2_green_bg/head/224/occ/cn/none/20230911_185250/m--20230911_185250--f000228.jpg,20230911_185250,mauritius,original,video,False,train,1077.8412584350883
data/processed/mauritius/video/not_augmented/cull2_green_bg/head/224/occ/cn/none/20230911_185250/m--20230911_185250--f000230.jpg,20230911_185250,mauritius,original,video,False,train,957.9736124759215
data/processed/mauritius/video/not_augmented/cull2_green_bg/head/224/occ/cn/none/20230911_185250/m--20230911_185250--f000232.jpg,20230911_185250,mauritius,original,video,False,train,1177.4836174735722
data/processed/mauritius/video/not_augmented/cull2_green_bg/head/224/occ/cn/none/20230911_185250/m--20230911_185250--f000234.jpg,20230911_185250,mauritius,original,video,False,train,1263.8543327292618
data/processed/mauritius/video/not_augmented/cull2_green_bg/head/224/occ/cn/none/20230911_185250/m--20230911_185250--f000236.jpg,20230911_185250,mauritius,original,video,False,train,1512.6918246333971
data/processed/mauritius/video/not_augmented/cull2_green_bg/head/224/occ/cn/none/20230911_185250/m--20230911_185250--f000238.jpg,20230911_185250,mauritius,original,video,False,train,1594.0565407275162
data/processed/mauritius/video/not_augmented/cull2_green_bg/head/224/occ/cn/none/20230911_185250/m--20230911_185250--f000240.jpg,20230911_185250,mauritius,original,video,False,train,1766.314911507905
data/processed/mauritius/video/not_augmented/cull2_green_bg/head/224/occ/cn/none/20230911_185250/m--20230911_185250--f000242.jpg,20230911_185250,mauritius,original,video,False,train,1540.6749242344085
data/processed/mauritius/video/not_augmented/cull2_green_bg/head/224/occ/cn/none/20230911_185250/m--20230911_185250--f000244.jpg,20230911_185250,mauritius,original,video,False,train,1329.4968508156774
data/processed/mauritius/video/not_augmented/cull2_green_bg/head/224/occ/cn/none/20230911_185250/m--20230911_185250--f000246.jpg,20230911_185250,mauritius,original,video,False,train,814.6170479874967
data/processed/mauritius/video/not_augmented/cull2_green_bg/head/224/occ/cn/none/20230911_185250/m--20230911_185250--f000248.jpg,20230911_185250,mauritius,original,video,False,train,760.8075773178762
