path,identity,species,background,source,augmented,split,quality
data/processed/rousettus/video/not_augmented/occ_roi/none/arrowhead/r--arrowhead--VID_20250909_144129.1.jpg,arrowhead,rousettus,green,video,False,test,178.00821105721892
data/processed/rousettus/video/not_augmented/occ_roi/none/arrowhead/r--arrowhead--VID_20250909_144129.100.jpg,arrowhead,rousettus,green,video,False,test,164.13010202651716
data/processed/rousettus/video/not_augmented/occ_roi/none/arrowhead/r--arrowhead--VID_20250909_144129.184.jpg,arrowhead,rousettus,green,video,False,test,79.0749560395463
data/processed/rousettus/video/not_augmented/occ_roi/none/arrowhead/r--arrowhead--VID_20250909_144129.188.jpg,arrowhead,rousettus,green,video,False,test,123.43612483063129
data/processed/rousettus/video/not_augmented/occ_roi/none/arrowhead/r--arrowhead--VID_20250909_144129.189.jpg,arrowhead,rousettus,green,video,False,test,134.66398275519148
data/processed/rousettus/video/not_augmented/occ_roi/none/arrowhead/r--arrowhead--VID_20250909_144129.190.jpg,arrowhead,rousettus,green,video,False,test,134.1042729194638
data/processed/rousettus/video/not_augmented/occ_roi/none/arrowhead/r--arrowhead--VID_20250909_144129.191.jpg,arrowhead,rousettus,green,video,False,test,138.22600445793054
data/processed/rousettus/video/not_augmented/occ_roi/none/arrowhead/r--arrowhead--VID_20250909_144129.192.jpg,arrowhead,rousettus,green,video,False,test,171.6383728951228
data/processed/rousettus/video/not_augmented/occ_roi/none/arrowhead/r--arrowhead--VID_20250909_144129.193.jpg,arrowhead,rousettus,green,video,False,test,242.67647878471288
data/processed/rousettus/video/not_augmented/occ_roi/none/arrowhead/r--arrowhead--VID_20250909_144129.194.jpg,arrowhead,rousettus,green,video,False,test,168.15581150364744
data/processed/rousettus/video/not_augmented/occ_roi/none/arrowhead/r--arrowhead--VID_20250909_144129.195.jpg,arrowhead,rousettus,green,video,False,test,156.89475046838638
data/processed/rousettus/video/not_augmented/occ_roi/none/arrowhead/r--arrowhead--VID_20250909_144129.196.jpg,arrowhead,rousettus,green,video,False,test,172.68919401752706
data/processed/rousettus/video/not_augmented/occ_roi/none/arrowhead/r--arrowhead--VID_20250909_144129.197.jpg,arrowhead,rousettus,green,video,False,test,189.65066958566052
data/processed/rousettus/video/not_augmented/occ_roi/none/arrowhead/r--arrowhead--VID_20250909_144129.198.jpg,arrowhead,rousettus,green,video,False,test,225.53364157527747
data/processed/rousettus/video/not_augmented/occ_roi/none/arrowhead/r--arrowhead--VID_20250909_144129.199.jpg,arrowhead,rousettus,green,video,False,test,279.2436224426244
data/processed/rousettus/video/not_augmented/occ_roi/none/arrowhead/r--arrowhead--VID_20250909_144129.2.jpg,arrowhead,rousettus,green,video,False,test,141.51610330202735
data/processed/rousettus/video/not_augmented/occ_roi/none/arrowhead/r--arrowhead--VID_20250909_144129.200.jpg,arrowhead,rousettus,green,video,False,test,337.6022201178224
data/processed/rousettus/video/not_augmented/occ_roi/none/arrowhead/r--arrowhead--VID_20250909_144129.201.jpg,arrowhead,rousettus,green,video,False,test,451.3601522445679
data/processed/rousettus/video/not_augmented/occ_roi/none/arrowhead/r--arrowhead--VID_20250909_144129.202.jpg,arrowhead,rousettus,green,video,False,test,395.81267932056136
data/processed/rousettus/video/not_augmented/occ_roi/none/arrowhead/r--arrowhead--VID_20250909_144129.203.jpg,arrowhead,rousettus,green,video,False,test,341.47504779191274
data/processed/rousettus/video/not_augmented/occ_roi/none/arrowhead/r--arrowhead--VID_20250909_144129.204.jpg,arrowhead,rousettus,green,video,False,test,258.91733068349413
data/processed/rousettus/video/not_augmented/occ_roi/none/arrowhead/r--arrowhead--VID_20250909_144129.205.jpg,arrowhead,rousettus,green,video,False,test,225.8827525352945
data/processed/rousettus/video/not_augmented/occ_roi/none/arrowhead/r--arrowhead--VID_20250909_144129.206.jpg,arrowhead,rousettus,green,video,False,test,207.95206868593917
data/processed/rousettus/video/not_augmented/occ_roi/none/arrowhead/r--arrowhead--VID_20250909_144129.207.jpg,arrowhead,rousettus,green,video,False,test,266.4212571266838
data/processed/rousettus/video/not_augmented/occ_roi/none/arrowhead/r--arrowhead--VID_20250909_144129.208.jpg,arrowhead,rousettus,green,video,False,test,315.8505660060643
data/processed/rousettus/video/not_augmented/occ_roi/none/arrowhead/r--arrowhead--VID_20250909_144129.209.jpg,arrowhead,rousettus,green,video,False,test,342.27541052267384
data/processed/rousettus/video/not_augmented/occ_roi/none/arrowhead/r--arrowhead--VID_20250909_144129.210.jpg,arrowhead,rousettus,green,video,False,test,457.4655212631129
data/processed/rousettus/video/not_augmented/occ_roi/none/arrowhead/r--arrowhead--VID_20250909_144129.211.jpg,arrowhead,rousettus,green,video,False,test,401.02132492986937
data/processed/rousettus/video/not_augmented/occ_roi/none/arrowhead/r--arrowhead--VID_20250909_144129.212.jpg,arrowhead,rousettus,green,video,False,test,379.5383450191551
data/processed/rousettus/video/not_augmented/occ_roi/none/arrowhead/r--arrowhead--VID_20250909_144129.213.jpg,arrowhead,rousettus,green,video,False,test,421.8998723202872
data/processed/rousettus/video/not_augmented/occ_roi/none/arrowhead/r--arrowhead--VID_20250909_144129.214.jpg,arrowhead,rousettus,green,video,False,test,569.692183494568
data/processed/rousettus/video/not_augmented/occ_roi/none/arrowhead/r--arrowhead--VID_20250909_144129.215.jpg,arrowhead,rousettus,green,video,False,test,619.543586543082
data/processed/rousettus/video/not_augmented/occ_roi/none/arrowhead/r--arrowhead--VID_20250909_144129.216.jpg,arrowhead,rousettus,green,video,False,test,512.3802415302822
data/processed/rousettus/video/not_augmented/occ_roi/none/arrowhead/r--arrowhead--VID_20250909_144129.217.jpg,arrowhead,rousettus,green,video,False,test,578.9674943525164
data/processed/rousettus/video/not_augmented/occ_roi/none/arrowhead/r--arrowhead--VID_20250909_144129.218.jpg,arrowhead,rousettus,green,video,False,test,359.5993501976201
data/processed/rousettus/video/not_augmented/occ_roi/none/arrowhead/r--arrowhead--VID_20250909_144129.219.jpg,arrowhead,rousettus,green,video,False,test,289.96902897813726
data/processed/rousettus/video/not_augmented/occ_roi/none/arrowhead/r--arrowhead--VID_20250909_144129.220.jpg,arrowhead,rousettus,green,video,False,test,221.0033282649761
data/processed/rousettus/video/not_augmented/occ_roi/none/arrowhead/r--arrowhead--VID_20250909_144129.221.jpg,arrowhead,rousettus,green,video,False,test,169.9342115271941
data/processed/rousettus/video/not_augmented/occ_roi/none/arrowhead/r--arrowhead--VID_20250909_144129.222.jpg,arrowhead,rousettus,green,video,False,test,265.38062015964016
data/processed/rousettus/video/not_augmented/occ_roi/none/arrowhead/r--arrowhead--VID_20250909_144129.223.jpg,arrowhead,rousettus,green,video,False,test,476.9509725622315
data/processed/rousettus/video/not_augmented/occ_roi/none/arrowhead/r--arrowhead--VID_20250909_144129.224.jpg,arrowhead,rousettus,green,video,False,test,429.0826490716803
data/processed/rousettus/video/not_augmented/occ_roi/none/arrowhead/r--arrowhead--VID_20250909_144129.225.jpg,arrowhead,rousettus,green,video,False,test,329.91944345699056
data/processed/rousettus/video/not_augmented/occ_roi/none/arrowhead/r--arrowhead--VID_20250909_144129.226.jpg,arrowhead,rousettus,green,video,False,test,349.85413340219407
data/processed/rousettus/video/not_augmented/occ_roi/none/arrowhead/r--arrowhead--VID_20250909_144129.227.jpg,arrowhead,rousettus,green,video,False,test,259.2500398533387
data/processed/rousettus/video/not_augmented/occ_roi/none/arrowhead/r--arrowhead--VID_20250909_144129.228.jpg,arrowhead,rousettus,green,video,False,test,314.9625318813999
data/processed/rousettus/video/not_augmented/occ_roi/none/arrowhead/r--arrowhead--VID_20250909_144129.229.jpg,arrowhead,rousettus,green,video,False,test,374.8444276132072
data/processed/rousettus/video/not_augmented/occ_roi/none/arrowhead/r--arrowhead--VID_20250909_144129.230.jpg,arrowhead,rousettus,green,video,False,test,514.0698541035905
data/processed/rousettus/video/not_augmented/occ_roi/none/arrowhead/r--arrowhead--VID_20250909_144129.231.jpg,arrowhead,rousettus,green,video,False,test,420.5392817088536
data/processed/rousettus/video/not_augmented/occ_roi/none/arrowhead/r--arrowhead--VID_20250909_144129.232.jpg,arrowhead,rousettus,green,video,False,test,492.5630180171408
data/processed/rousettus/video/not_augmented/occ_roi/none/arrowhead/r--arrowhead--VID_20250909_144129.233.jpg,arrowhead,rousettus,green,video,False,test,471.2752111415872
data/processed/rousettus/video/not_augmented/occ_roi/none/arrowhead/r--arrowhead--VID_20250909_144129.234.jpg,arrowhead,rousettus,green,video,False,test,453.40198482051096
data/processed/rousettus/video/not_augmented/occ_roi/none/arrowhead/r--arrowhead--VID_20250909_144129.235.jpg,arrowhead,rousettus,green,video,False,test,524.4821427284504
data/processed/rousettus/video/not_augmented/occ_roi/none/arrowhead/r--arrowhead--VID_20250909_144129.236.jpg,arrowhead,rousettus,green,video,False,test,459.49404086097474
data/processed/rousettus/video/not_augmented/occ_roi/none/arrowhead/r--arrowhead--VID_20250909_144129.237.jpg,arrowhead,rousettus,green,video,False,test,399.4223930981695
data/processed/rousettus/video/not_augmented/occ_roi/none/arrowhead/r--arrowhead--VID_20250909_144129.238.jpg,arrowhead,rousettus,green,video,False,test,369.4758848788489
data/processed/rousettus/video/not_augmented/occ_roi/none/arrowhead/r--arrowhead--VID_20250909_144129.239.jpg,arrowhead,rousettus,green,video,False,test,293.10596699259867
data/processed/rousettus/video/not_augmented/occ_roi/none/arrowhead/r--arrowhead--VID_20250909_144129.240.jpg,arrowhead,rousettus,green,video,False,test,233.323919792366
data/processed/rousettus/video/not_augmented/occ_roi/none/arrowhead/r--arrowhead--VID_20250909_144129.241.jpg,arrowhead,rousettus,green,video,False,test,192.1755817227441
data/processed/rousettus/video/not_augmented/occ_roi/none/arrowhead/r--arrowhead--VID_20250909_144129.242.jpg,arrowhead,rousettus,green,video,False,test,458.7424864377742
data/processed/rousettus/video/not_augmented/occ_roi/none/arrowhead/r--arrowhead--VID_20250909_144129.243.jpg,arrowhead,rousettus,green,video,False,test,384.32065130700073
data/processed/rousettus/video/not_augmented/occ_roi/none/arrowhead/r--arrowhead--VID_20250909_144129.244.jpg,arrowhead,rousettus,green,video,False,test,531.2222775793334
data/processed/rousettus/video/not_augmented/occ_roi/none/arrowhead/r--arrowhead--VID_20250909_144129.245.jpg,arrowhead,rousettus,green,video,False,test,328.7602438126341
data/processed/rousettus/video/not_augmented/occ_roi/none/arrowhead/r--arrowhead--VID_20250909_144129.246.jpg,arrowhead,rousettus,green,video,False,test,274.60807954048624
data/processed/rousettus/video/not_augmented/occ_roi/none/arrowhead/r--arrowhead--VID_20250909_144129.247.jpg,arrowhead,rousettus,green,video,False,test,262.0257294320007
data/processed/rousettus/video/not_augmented/occ_roi/none/arrowhead/r--arrowhead--VID_20250909_144129.248.jpg,arrowhead,rousettus,green,video,False,test,263.1771762995658
data/processed/rousettus/video/not_augmented/occ_roi/none/arrowhead/r--arrowhead--VID_20250909_144129.249.jpg,arrowhead,rousettus,green,video,False,test,446.4458505164976
data/processed/rousettus/video/not_augmented/occ_roi/none/arrowhead/r--arrowhead--VID_20250909_144129.250.jpg,arrowhead,rousettus,green,video,False,test,234.5507413903061
data/processed/rousettus/video/not_augmented/occ_roi/none/arrowhead/r--arrowhead--VID_20250909_144129.251.jpg,arrowhead,rousettus,green,video,False,test,211.33498086099172
data/processed/rousettus/video/not_augmented/occ_roi/none/arrowhead/r--arrowhead--VID_20250909_144129.252.jpg,arrowhead,rousettus,green,video,False,test,280.88233418208466
data/processed/rousettus/video/not_augmented/occ_roi/none/arrowhead/r--arrowhead--VID_20250909_144129.253.jpg,arrowhead,rousettus,green,video,False,test,479.9987244897959
data/processed/rousettus/video/not_augmented/occ_roi/none/arrowhead/r--arrowhead--VID_20250909_144129.254.jpg,arrowhead,rousettus,green,video,False,test,433.3632213710895
data/processed/rousettus/video/not_augmented/occ_roi/none/arrowhead/r--arrowhead--VID_20250909_144129.255.jpg,arrowhead,rousettus,green,video,False,test,280.52397557369426
data/processed/rousettus/video/not_augmented/occ_roi/none/arrowhead/r--arrowhead--VID_20250909_144129.256.jpg,arrowhead,rousettus,green,video,False,test,768.1431560901642
data/processed/rousettus/video/not_augmented/occ_roi/none/arrowhead/r--arrowhead--VID_20250909_144129.257.jpg,arrowhead,rousettus,green,video,False,test,667.3125996456599
data/processed/rousettus/video/not_augmented/occ_roi/none/arrowhead/r--arrowhead--VID_20250909_144129.258.jpg,arrowhead,rousettus,green,video,False,test,491.6734095501532
data/processed/rousettus/video/not_augmented/occ_roi/none/arrowhead/r--arrowhead--VID_20250909_144129.259.jpg,arrowhead,rousettus,green,video,False,test,281.6137794925987
data/processed/rousettus/video/not_augmented/occ_roi/none/arrowhead/r--arrowhead--VID_20250909_144129.3.jpg,arrowhead,rousettus,green,video,False,test,207.988620047468
data/processed/rousettus/video/not_augmented/occ_roi/none/arrowhead/r--arrowhead--VID_20250909_144129.325.jpg,arrowhead,rousettus,green,video,False,test,780.0715880102041
data/processed/rousettus/video/not_augmented/occ_roi/none/arrowhead/r--arrowhead--VID_20250909_144129.326.jpg,arrowhead,rousettus,green,video,False,test,724.8644969226023
data/processed/rousettus/video/not_augmented/occ_roi/none/arrowhead/r--arrowhead--VID_20250909_144129.327.jpg,arrowhead,rousettus,green,video,False,test,902.9388351563562
data/processed/rousettus/video/not_augmented/occ_roi/none/arrowhead/r--arrowhead--VID_20250909_144129.328.jpg,arrowhead,rousettus,green,video,False,test,399.8793447066327
data/processed/rousettus/video/not_augmented/occ_roi/none/arrowhead/r--arrowhead--VID_20250909_144129.329.jpg,arrowhead,rousettus,green,video,False,test,565.8743821552822
data/processed/rousettus/video/not_augmented/occ_roi/none/arrowhead/r--arrowhead--VID_20250909_144129.330.jpg,arrowhead,rousettus,green,video,False,test,755.663484359274
data/processed/rousettus/video/not_augmented/occ_roi/none/arrowhead/r--arrowhead--VID_20250909_144129.331.jpg,arrowhead,rousettus,green,video,False,test,947.3443279556312
data/processed/rousettus/video/not_augmented/occ_roi/none/arrowhead/r--arrowhead--VID_20250909_144129.363.jpg,arrowhead,rousettus,green,video,False,test,376.35991310229264
data/processed/rousettus/video/not_augmented/occ_roi/none/arrowhead/r--arrowhead--VID_20250909_144129.367.jpg,arrowhead,rousettus,green,video,False,test,456.8750398453948
data/processed/rousettus/video/not_augmented/occ_roi/none/arrowhead/r--arrowhead--VID_20250909_144129.368.jpg,arrowhead,rousettus,green,video,False,test,467.1924824474356
data/processed/rousettus/video/not_augmented/occ_roi/none/arrowhead/r--arrowhead--VID_20250909_144129.369.jpg,arrowhead,rousettus,green,video,False,test,468.56610721292617
data/processed/rousettus/video/not_augmented/occ_roi/none/arrowhead/r--arrowhead--VID_20250909_144129.371.jpg,arrowhead,rousettus,green,video,False,test,179.95184913231702
data/processed/rousettus/video/not_augmented/occ_roi/none/arrowhead/r--arrowhead--VID_20250909_144129.377.jpg,arrowhead,rousettus,green,video,False,test,487.57680961580286
data/processed/rousettus/video/not_augmented/occ_roi/none/arrowhead/r--arrowhead--VID_20250909_144129.378.jpg,arrowhead,rousettus,green,video,False,test,535.3290017845728
data/processed/rousettus/video/not_augmented/occ_roi/none/arrowhead/r--arrowhead--VID_20250909_144129.379.jpg,arrowhead,rousettus,green,video,False,test,290.22544641427226
data/processed/rousettus/video/not_augmented/occ_roi/none/arrowhead/r--arrowhead--VID_20250909_144129.382.jpg,arrowhead,rousettus,green,video,False,test,286.4435985315744
data/processed/rousettus/video/not_augmented/occ_roi/none/arrowhead/r--arrowhead--VID_20250909_144129.387.jpg,arrowhead,rousettus,green,video,False,test,167.24099170918367
data/processed/rousettus/video/not_augmented/occ_roi/none/arrowhead/r--arrowhead--VID_20250909_144129.389.jpg,arrowhead,rousettus,green,video,False,test,311.841836656843
data/processed/rousettus/video/not_augmented/occ_roi/none/arrowhead/r--arrowhead--VID_20250909_144129.390.jpg,arrowhead,rousettus,green,video,False,test,467.65206470672223
data/processed/rousettus/video/not_augmented/occ_roi/none/arrowhead/r--arrowhead--VID_20250909_144129.391.jpg,arrowhead,rousettus,green,video,False,test,730.3013988270059
data/processed/rousettus/video/not_augmented/occ_roi/none/arrowhead/r--arrowhead--VID_20250909_144129.392.jpg,arrowhead,rousettus,green,video,False,test,603.4972098198397
data/processed/rousettus/video/not_augmented/occ_roi/none/arrowhead/r--arrowhead--VID_20250909_144129.393.jpg,arrowhead,rousettus,green,video,False,test,567.7021682656641
data/processed/rousettus/video/not_augmented/occ_roi/none/arrowhead/r--arrowhead--VID_20250909_144129.394.jpg,arrowhead,rousettus,green,video,False,test,632.8233219064905
data/processed/rousettus/video/not_augmented/occ_roi/none/arrowhead/r--arrowhead--VID_20250909_144129.395.jpg,arrowhead,rousettus,green,video,False,test,643.7225761731333
data/processed/rousettus/video/not_augmented/occ_roi/none/arrowhead/r--arrowhead--VID_20250909_144129.396.jpg,arrowhead,rousettus,green,video,False,test,590.7848572129261
data/processed/rousettus/video/not_augmented/occ_roi/none/arrowhead/r--arrowhead--VID_20250909_144129.397.jpg,arrowhead,rousettus,green,video,False,test,570.4967513201585
data/processed/rousettus/video/not_augmented/occ_roi/none/arrowhead/r--arrowhead--VID_20250909_144129.398.jpg,arrowhead,rousettus,green,video,False,test,529.1419204078779
data/processed/rousettus/video/not_augmented/occ_roi/none/arrowhead/r--arrowhead--VID_20250909_144129.399.jpg,arrowhead,rousettus,green,video,False,test,565.0886479575947
data/processed/rousettus/video/not_augmented/occ_roi/none/arrowhead/r--arrowhead--VID_20250909_144129.400.jpg,arrowhead,rousettus,green,video,False,test,723.3235011738274
data/processed/rousettus/video/not_augmented/occ_roi/none/arrowhead/r--arrowhead--VID_20250909_144129.401.jpg,arrowhead,rousettus,green,video,False,test,672.5904016570219
data/processed/rousettus/video/not_augmented/occ_roi/none/arrowhead/r--arrowhead--VID_20250909_144129.402.jpg,arrowhead,rousettus,green,video,False,test,529.672532652776
data/processed/rousettus/video/not_augmented/occ_roi/none/arrowhead/r--arrowhead--VID_20250909_144129.403.jpg,arrowhead,rousettus,green,video,False,test,931.697564190996
data/processed/rousettus/video/not_augmented/occ_roi/none/arrowhead/r--arrowhead--VID_20250909_144129.404.jpg,arrowhead,rousettus,green,video,False,test,765.841318501477
data/processed/rousettus/video/not_augmented/occ_roi/none/arrowhead/r--arrowhead--VID_20250909_144129.405.jpg,arrowhead,rousettus,green,video,False,test,889.0325453729243
data/processed/rousettus/video/not_augmented/occ_roi/none/arrowhead/r--arrowhead--VID_20250909_144129.406.jpg,arrowhead,rousettus,green,video,False,test,912.5783641581633
data/processed/rousettus/video/not_augmented/occ_roi/none/arrowhead/r--arrowhead--VID_20250909_144129.407.jpg,arrowhead,rousettus,green,video,False,test,806.3995535317089
data/processed/rousettus/video/not_augmented/occ_roi/none/arrowhead/r--arrowhead--VID_20250909_144129.408.jpg,arrowhead,rousettus,green,video,False,test,584.886080917047
data/processed/rousettus/video/not_augmented/occ_roi/none/arrowhead/r--arrowhead--VID_20250909_144129.410.jpg,arrowhead,rousettus,green,video,False,test,380.5725246808371
data/processed/rousettus/video/not_augmented/occ_roi/none/arrowhead/r--arrowhead--VID_20250909_144129.411.jpg,arrowhead,rousettus,green,video,False,test,316.4246451815979
data/processed/rousettus/video/not_augmented/occ_roi/none/arrowhead/r--arrowhead--VID_20250909_144129.412.jpg,arrowhead,rousettus,green,video,False,test,349.1459462369596
data/processed/rousettus/video/not_augmented/occ_roi/none/arrowhead/r--arrowhead--VID_20250909_144129.413.jpg,arrowhead,rousettus,green,video,False,test,305.6391700318037
data/processed/rousettus/video/not_augmented/occ_roi/none/arrowhead/r--arrowhead--VID_20250909_144129.414.jpg,arrowhead,rousettus,green,video,False,test,444.03924177925273
data/processed/rousettus/video/not_augmented/occ_roi/none/arrowhead/r--arrowhead--VID_20250909_144129.415.jpg,arrowhead,rousettus,green,video,False,test,560.823022957595
data/processed/rousettus/video/not_augmented/occ_roi/none/arrowhead/r--arrowhead--VID_20250909_144129.416.jpg,arrowhead,rousettus,green,video,False,test,608.4351681979783
data/processed/rousettus/video/not_augmented/occ_roi/none/arrowhead/r--arrowhead--VID_20250909_144129.417.jpg,arrowhead,rousettus,green,video,False,test,721.4431999108037
data/processed/rousettus/video/not_augmented/occ_roi/none/arrowhead/r--arrowhead--VID_20250909_144129.418.jpg,arrowhead,rousettus,green,video,False,test,633.9046157509622
data/processed/rousettus/video/not_augmented/occ_roi/none/arrowhead/r--arrowhead--VID_20250909_144129.419.jpg,arrowhead,rousettus,green,video,False,test,735.8425143240689
data/processed/rousettus/video/not_augmented/occ_roi/none/arrowhead/r--arrowhead--VID_20250909_144129.420.jpg,arrowhead,rousettus,green,video,False,test,619.0338408785132
data/processed/rousettus/video/not_augmented/occ_roi/none/arrowhead/r--arrowhead--VID_20250909_144129.421.jpg,arrowhead,rousettus,green,video,False,test,486.338827327409
data/processed/rousettus/video/not_augmented/occ_roi/none/arrowhead/r--arrowhead--VID_20250909_144129.422.jpg,arrowhead,rousettus,green,video,False,test,398.8220264525376
data/processed/rousettus/video/not_augmented/occ_roi/none/arrowhead/r--arrowhead--VID_20250909_144129.423.jpg,arrowhead,rousettus,green,video,False,test,290.7007334183673
data/processed/rousettus/video/not_augmented/occ_roi/none/arrowhead/r--arrowhead--VID_20250909_144129.425.jpg,arrowhead,rousettus,green,video,False,test,310.85447206540886
data/processed/rousettus/video/not_augmented/occ_roi/none/arrowhead/r--arrowhead--VID_20250909_144129.426.jpg,arrowhead,rousettus,green,video,False,test,358.9313416673659
data/processed/rousettus/video/not_augmented/occ_roi/none/arrowhead/r--arrowhead--VID_20250909_144129.427.jpg,arrowhead,rousettus,green,video,False,test,354.5012954364763
data/processed/rousettus/video/not_augmented/occ_roi/none/arrowhead/r--arrowhead--VID_20250909_144129.428.jpg,arrowhead,rousettus,green,video,False,test,270.5876115292919
data/processed/rousettus/video/not_augmented/occ_roi/none/arrowhead/r--arrowhead--VID_20250909_144129.429.jpg,arrowhead,rousettus,green,video,False,test,327.37193079721624
data/processed/rousettus/video/not_augmented/occ_roi/none/arrowhead/r--arrowhead--VID_20250909_144129.430.jpg,arrowhead,rousettus,green,video,False,test,355.4718191567086
data/processed/rousettus/video/not_augmented/occ_roi/none/arrowhead/r--arrowhead--VID_20250909_144129.431.jpg,arrowhead,rousettus,green,video,False,test,462.1610131853573
data/processed/rousettus/video/not_augmented/occ_roi/none/arrowhead/r--arrowhead--VID_20250909_144129.432.jpg,arrowhead,rousettus,green,video,False,test,658.041433976621
data/processed/rousettus/video/not_augmented/occ_roi/none/arrowhead/r--arrowhead--VID_20250909_144129.433.jpg,arrowhead,rousettus,green,video,False,test,768.9270168941549
data/processed/rousettus/video/not_augmented/occ_roi/none/arrowhead/r--arrowhead--VID_20250909_144129.435.jpg,arrowhead,rousettus,green,video,False,test,509.95697141239816
data/processed/rousettus/video/not_augmented/occ_roi/none/arrowhead/r--arrowhead--VID_20250909_144129.436.jpg,arrowhead,rousettus,green,video,False,test,393.65072940022486
data/processed/rousettus/video/not_augmented/occ_roi/none/arrowhead/r--arrowhead--VID_20250909_144129.437.jpg,arrowhead,rousettus,green,video,False,test,398.8211694639557
data/processed/rousettus/video/not_augmented/occ_roi/none/arrowhead/r--arrowhead--VID_20250909_144129.438.jpg,arrowhead,rousettus,green,video,False,test,379.26759791145815
data/processed/rousettus/video/not_augmented/occ_roi/none/arrowhead/r--arrowhead--VID_20250909_144129.439.jpg,arrowhead,rousettus,green,video,False,test,200.10666453446115
data/processed/rousettus/video/not_augmented/occ_roi/none/arrowhead/r--arrowhead--VID_20250909_144129.440.jpg,arrowhead,rousettus,green,video,False,test,172.45286589252706
data/processed/rousettus/video/not_augmented/occ_roi/none/arrowhead/r--arrowhead--VID_20250909_144129.441.jpg,arrowhead,rousettus,green,video,False,test,232.4666175028028
data/processed/rousettus/video/not_augmented/occ_roi/none/arrowhead/r--arrowhead--VID_20250909_144129.442.jpg,arrowhead,rousettus,green,video,False,test,271.54197225129786
data/processed/rousettus/video/not_augmented/occ_roi/none/arrowhead/r--arrowhead--VID_20250909_144129.443.jpg,arrowhead,rousettus,green,video,False,test,287.1607341833881
data/processed/rousettus/video/not_augmented/occ_roi/none/arrowhead/r--arrowhead--VID_20250909_144129.444.jpg,arrowhead,rousettus,green,video,False,test,248.9037387376028
data/processed/rousettus/video/not_augmented/occ_roi/none/arrowhead/r--arrowhead--VID_20250909_144129.445.jpg,arrowhead,rousettus,green,video,False,test,202.36549345943536
data/processed/rousettus/video/not_augmented/occ_roi/none/arrowhead/r--arrowhead--VID_20250909_144129.446.jpg,arrowhead,rousettus,green,video,False,test,209.6589205597699
data/processed/rousettus/video/not_augmented/occ_roi/none/arrowhead/r--arrowhead--VID_20250909_144129.447.jpg,arrowhead,rousettus,green,video,False,test,185.56238034306745
data/processed/rousettus/video/not_augmented/occ_roi/none/arrowhead/r--arrowhead--VID_20250909_144129.448.jpg,arrowhead,rousettus,green,video,False,test,169.20551654191274
data/processed/rousettus/video/not_augmented/occ_roi/none/arrowhead/r--arrowhead--VID_20250909_144129.449.jpg,arrowhead,rousettus,green,video,False,test,171.88757570124528
data/processed/rousettus/video/not_augmented/occ_roi/none/arrowhead/r--arrowhead--VID_20250909_144129.450.jpg,arrowhead,rousettus,green,video,False,test,157.93811782485793
data/processed/rousettus/video/not_augmented/occ_roi/none/arrowhead/r--arrowhead--VID_20250909_144129.451.jpg,arrowhead,rousettus,green,video,False,test,159.4321783491593
data/processed/rousettus/video/not_augmented/occ_roi/none/arrowhead/r--arrowhead--VID_20250909_144129.452.jpg,arrowhead,rousettus,green,video,False,test,137.78423947068563
data/processed/rousettus/video/not_augmented/occ_roi/none/arrowhead/r--arrowhead--VID_20250909_144129.453.jpg,arrowhead,rousettus,green,video,False,test,129.8218271540682
data/processed/rousettus/video/not_augmented/occ_roi/none/arrowhead/r--arrowhead--VID_20250909_144129.454.jpg,arrowhead,rousettus,green,video,False,test,132.01773754947635
data/processed/rousettus/video/not_augmented/occ_roi/none/arrowhead/r--arrowhead--VID_20250909_144129.455.jpg,arrowhead,rousettus,green,video,False,test,121.63988730610536
data/processed/rousettus/video/not_augmented/occ_roi/none/arrowhead/r--arrowhead--VID_20250909_144129.456.jpg,arrowhead,rousettus,green,video,False,test,137.87832821731217
data/processed/rousettus/video/not_augmented/occ_roi/none/arrowhead/r--arrowhead--VID_20250909_144129.457.jpg,arrowhead,rousettus,green,video,False,test,120.88651937367965
data/processed/rousettus/video/not_augmented/occ_roi/none/arrowhead/r--arrowhead--VID_20250909_144129.458.jpg,arrowhead,rousettus,green,video,False,test,121.3812181106561
data/processed/rousettus/video/not_augmented/occ_roi/none/arrowhead/r--arrowhead--VID_20250909_144129.459.jpg,arrowhead,rousettus,green,video,False,test,109.14120285077075
data/processed/rousettus/video/not_augmented/occ_roi/none/arrowhead/r--arrowhead--VID_20250909_144129.460.jpg,arrowhead,rousettus,green,video,False,test,144.26921214366246
data/processed/rousettus/video/not_augmented/occ_roi/none/arrowhead/r--arrowhead--VID_20250909_144129.461.jpg,arrowhead,rousettus,green,video,False,test,166.47727996019066
data/processed/rousettus/video/not_augmented/occ_roi/none/arrowhead/r--arrowhead--VID_20250909_144129.462.jpg,arrowhead,rousettus,green,video,False,test,142.303651141604
data/processed/rousettus/video/not_augmented/occ_roi/none/arrowhead/r--arrowhead--VID_20250909_144129.463.jpg,arrowhead,rousettus,green,video,False,test,133.9208383794528
data/processed/rousettus/video/not_augmented/occ_roi/none/arrowhead/r--arrowhead--VID_20250909_144129.464.jpg,arrowhead,rousettus,green,video,False,test,132.9450135328332
data/processed/rousettus/video/not_augmented/occ_roi/none/arrowhead/r--arrowhead--VID_20250909_144129.465.jpg,arrowhead,rousettus,green,video,False,test,167.16527788661907
data/processed/rousettus/video/not_augmented/occ_roi/none/arrowhead/r--arrowhead--VID_20250909_144129.466.jpg,arrowhead,rousettus,green,video,False,test,162.55385044642858
data/processed/rousettus/video/not_augmented/occ_roi/none/arrowhead/r--arrowhead--VID_20250909_144129.467.jpg,arrowhead,rousettus,green,video,False,test,121.43235783098342
data/processed/rousettus/video/not_augmented/occ_roi/none/arrowhead/r--arrowhead--VID_20250909_144129.468.jpg,arrowhead,rousettus,green,video,False,test,132.5340999200512
data/processed/rousettus/video/not_augmented/occ_roi/none/arrowhead/r--arrowhead--VID_20250909_144129.469.jpg,arrowhead,rousettus,green,video,False,test,114.38358969690402
data/processed/rousettus/video/not_augmented/occ_roi/none/arrowhead/r--arrowhead--VID_20250909_144129.470.jpg,arrowhead,rousettus,green,video,False,test,122.97739942487902
data/processed/rousettus/video/not_augmented/occ_roi/none/arrowhead/r--arrowhead--VID_20250909_144129.471.jpg,arrowhead,rousettus,green,video,False,test,137.84321182700606
data/processed/rousettus/video/not_augmented/occ_roi/none/arrowhead/r--arrowhead--VID_20250909_144129.472.jpg,arrowhead,rousettus,green,video,False,test,164.6604153344354
data/processed/rousettus/video/not_augmented/occ_roi/none/arrowhead/r--arrowhead--VID_20250909_144129.473.jpg,arrowhead,rousettus,green,video,False,test,151.33675462014972
data/processed/rousettus/video/not_augmented/occ_roi/none/arrowhead/r--arrowhead--VID_20250909_144129.474.jpg,arrowhead,rousettus,green,video,False,test,139.3896881538051
data/processed/rousettus/video/not_augmented/occ_roi/none/arrowhead/r--arrowhead--VID_20250909_144129.475.jpg,arrowhead,rousettus,green,video,False,test,122.013113813865
data/processed/rousettus/video/not_augmented/occ_roi/none/arrowhead/r--arrowhead--VID_20250909_144129.476.jpg,arrowhead,rousettus,green,video,False,test,107.69028991006503
data/processed/rousettus/video/not_augmented/occ_roi/none/arrowhead/r--arrowhead--VID_20250909_144129.477.jpg,arrowhead,rousettus,green,video,False,test,175.76717952806123
data/processed/rousettus/video/not_augmented/occ_roi/none/arrowhead/r--arrowhead--VID_20250909_144129.478.jpg,arrowhead,rousettus,green,video,False,test,164.22484853157448
data/processed/rousettus/video/not_augmented/occ_roi/none/arrowhead/r--arrowhead--VID_20250909_144129.479.jpg,arrowhead,rousettus,green,video,False,test,116.25201291096604
data/processed/rousettus/video/not_augmented/occ_roi/none/arrowhead/r--arrowhead--VID_20250909_144129.480.jpg,arrowhead,rousettus,green,video,False,test,162.8306359319278
data/processed/rousettus/video/not_augmented/occ_roi/none/arrowhead/r--arrowhead--VID_20250909_144129.481.jpg,arrowhead,rousettus,green,video,False,test,140.64455116991695
data/processed/rousettus/video/not_augmented/occ_roi/none/arrowhead/r--arrowhead--VID_20250909_144129.482.jpg,arrowhead,rousettus,green,video,False,test,146.74673137640963
data/processed/rousettus/video/not_augmented/occ_roi/none/arrowhead/r--arrowhead--VID_20250909_144129.483.jpg,arrowhead,rousettus,green,video,False,test,146.24625313157887
data/processed/rousettus/video/not_augmented/occ_roi/none/arrowhead/r--arrowhead--VID_20250909_144129.484.jpg,arrowhead,rousettus,green,video,False,test,185.4007492843939
data/processed/rousettus/video/not_augmented/occ_roi/none/arrowhead/r--arrowhead--VID_20250909_144129.485.jpg,arrowhead,rousettus,green,video,False,test,213.71181438784456
data/processed/rousettus/video/not_augmented/occ_roi/none/arrowhead/r--arrowhead--VID_20250909_144129.486.jpg,arrowhead,rousettus,green,video,False,test,202.77632726067952
data/processed/rousettus/video/not_augmented/occ_roi/none/arrowhead/r--arrowhead--VID_20250909_144129.571.jpg,arrowhead,rousettus,green,video,False,test,283.8857220288666
data/processed/rousettus/video/not_augmented/occ_roi/none/arrowhead/r--arrowhead--VID_20250909_144129.572.jpg,arrowhead,rousettus,green,video,False,test,487.1807836094085
data/processed/rousettus/video/not_augmented/occ_roi/none/arrowhead/r--arrowhead--VID_20250909_144129.573.jpg,arrowhead,rousettus,green,video,False,test,375.8349807656641
data/processed/rousettus/video/not_augmented/occ_roi/none/arrowhead/r--arrowhead--VID_20250909_144129.574.jpg,arrowhead,rousettus,green,video,False,test,413.0801777261736
data/processed/rousettus/video/not_augmented/occ_roi/none/arrowhead/r--arrowhead--VID_20250909_144129.575.jpg,arrowhead,rousettus,green,video,False,test,247.6534199617347
data/processed/rousettus/video/not_augmented/occ_roi/none/arrowhead/r--arrowhead--VID_20250909_144129.90.jpg,arrowhead,rousettus,green,video,False,test,205.95021514066408
data/processed/rousettus/video/not_augmented/occ_roi/none/arrowhead/r--arrowhead--VID_20250909_144129.94.jpg,arrowhead,rousettus,green,video,False,test,111.44351881377553
data/processed/rousettus/video/not_augmented/occ_roi/none/arrowhead/r--arrowhead--VID_20250909_144129.95.jpg,arrowhead,rousettus,green,video,False,test,185.0876315365926
data/processed/rousettus/video/not_augmented/occ_roi/none/arrowhead/r--arrowhead--VID_20250909_144129.97.jpg,arrowhead,rousettus,green,video,False,test,137.85987322671073
data/processed/rousettus/video/not_augmented/occ_roi/none/arrowhead/r--arrowhead--VID_20250909_144129.98.jpg,arrowhead,rousettus,green,video,False,test,179.86595182406907
data/processed/rousettus/video/not_augmented/occ_roi/none/arrowhead/r--arrowhead--VID_20250909_144129.99.jpg,arrowhead,rousettus,green,video,False,test,195.1845503429332
data/processed/rousettus/video/not_augmented/occ_roi/none/charlie/r--charlie--VID_20250909_144224.207.jpg,charlie,rousettus,green,video,False,test,211.8927176239986
data/processed/rousettus/video/not_augmented/occ_roi/none/charlie/r--charlie--VID_20250909_144224.208.jpg,charlie,rousettus,green,video,False,test,237.8758170915514
data/processed/rousettus/video/not_augmented/occ_roi/none/charlie/r--charlie--VID_20250909_144224.209.jpg,charlie,rousettus,green,video,False,test,222.0651705994898
data/processed/rousettus/video/not_augmented/occ_roi/none/charlie/r--charlie--VID_20250909_144224.344.jpg,charlie,rousettus,green,video,False,test,405.5947861931612
data/processed/rousettus/video/not_augmented/occ_roi/none/charlie/r--charlie--VID_20250909_144224.345.jpg,charlie,rousettus,green,video,False,test,458.1994578938642
data/processed/rousettus/video/not_augmented/occ_roi/none/charlie/r--charlie--VID_20250909_144224.346.jpg,charlie,rousettus,green,video,False,test,452.0532724486943
data/processed/rousettus/video/not_augmented/occ_roi/none/charlie/r--charlie--VID_20250909_144224.347.jpg,charlie,rousettus,green,video,False,test,350.8149911828063
data/processed/rousettus/video/not_augmented/occ_roi/none/charlie/r--charlie--VID_20250909_144224.348.jpg,charlie,rousettus,green,video,False,test,315.2630540016839
data/processed/rousettus/video/not_augmented/occ_roi/none/charlie/r--charlie--VID_20250909_144224.351.jpg,charlie,rousettus,green,video,False,test,269.9386557722429
data/processed/rousettus/video/not_augmented/occ_roi/none/charlie/r--charlie--VID_20250909_144224.352.jpg,charlie,rousettus,green,video,False,test,286.3542330931346
data/processed/rousettus/video/not_augmented/occ_roi/none/charlie/r--charlie--VID_20250909_144224.353.jpg,charlie,rousettus,green,video,False,test,321.09287308037955
data/processed/rousettus/video/not_augmented/occ_roi/none/charlie/r--charlie--VID_20250909_144224.354.jpg,charlie,rousettus,green,video,False,test,367.6924426020408
data/processed/rousettus/video/not_augmented/occ_roi/none/charlie/r--charlie--VID_20250909_144224.355.jpg,charlie,rousettus,green,video,False,test,359.9121888258814
data/processed/rousettus/video/not_augmented/occ_roi/none/charlie/r--charlie--VID_20250909_144224.356.jpg,charlie,rousettus,green,video,False,test,319.2192482425987
data/processed/rousettus/video/not_augmented/occ_roi/none/charlie/r--charlie--VID_20250909_144224.357.jpg,charlie,rousettus,green,video,False,test,299.2900191326531
data/processed/rousettus/video/not_augmented/occ_roi/none/charlie/r--charlie--VID_20250909_144224.358.jpg,charlie,rousettus,green,video,False,test,288.7137077292617
data/processed/rousettus/video/not_augmented/occ_roi/none/charlie/r--charlie--VID_20250909_144224.359.jpg,charlie,rousettus,green,video,False,test,363.65284196400034
data/processed/rousettus/video/not_augmented/occ_roi/none/charlie/r--charlie--VID_20250909_144224.360.jpg,charlie,rousettus,green,video,False,test,393.60251912629786
data/processed/rousettus/video/not_augmented/occ_roi/none/charlie/r--charlie--VID_20250909_144224.361.jpg,charlie,rousettus,green,video,False,test,351.80147876246974
data/processed/rousettus/video/not_augmented/occ_roi/none/charlie/r--charlie--VID_20250909_144224.362.jpg,charlie,rousettus,green,video,False,test,342.50069751246974
data/processed/rousettus/video/not_augmented/occ_roi/none/charlie/r--charlie--VID_20250909_144224.363.jpg,charlie,rousettus,green,video,False,test,327.43696187467
data/processed/rousettus/video/not_augmented/occ_roi/none/charlie/r--charlie--VID_20250909_144224.365.jpg,charlie,rousettus,green,video,False,test,274.98543127831294
data/processed/rousettus/video/not_augmented/occ_roi/none/charlie/r--charlie--VID_20250909_144224.366.jpg,charlie,rousettus,green,video,False,test,310.09554368463574
data/processed/rousettus/video/not_augmented/occ_roi/none/charlie/r--charlie--VID_20250909_144224.367.jpg,charlie,rousettus,green,video,False,test,260.4601601465997
data/processed/rousettus/video/not_augmented/occ_roi/none/charlie/r--charlie--VID_20250909_144224.369.jpg,charlie,rousettus,green,video,False,test,245.894471460062
data/processed/rousettus/video/not_augmented/occ_roi/none/charlie/r--charlie--VID_20250909_144224.370.jpg,charlie,rousettus,green,video,False,test,211.3797034375224
data/processed/rousettus/video/not_augmented/occ_roi/none/charlie/r--charlie--VID_20250909_144224.376.jpg,charlie,rousettus,green,video,False,test,211.09731737547543
data/processed/rousettus/video/not_augmented/occ_roi/none/charlie/r--charlie--VID_20250909_144224.378.jpg,charlie,rousettus,green,video,False,test,182.9809470647377
data/processed/rousettus/video/not_augmented/occ_roi/none/charlie/r--charlie--VID_20250909_144224.381.jpg,charlie,rousettus,green,video,False,test,193.18267691984417
data/processed/rousettus/video/not_augmented/occ_roi/none/charlie/r--charlie--VID_20250909_144224.384.jpg,charlie,rousettus,green,video,False,test,267.1785712363272
data/processed/rousettus/video/not_augmented/occ_roi/none/charlie/r--charlie--VID_20250909_144224.385.jpg,charlie,rousettus,green,video,False,test,530.68333457262
data/processed/rousettus/video/not_augmented/occ_roi/none/charlie/r--charlie--VID_20250909_144224.386.jpg,charlie,rousettus,green,video,False,test,477.9676538103573
data/processed/rousettus/video/not_augmented/occ_roi/none/charlie/r--charlie--VID_20250909_144224.387.jpg,charlie,rousettus,green,video,False,test,175.46996571073328
data/processed/rousettus/video/not_augmented/occ_roi/none/charlie/r--charlie--VID_20250909_144224.388.jpg,charlie,rousettus,green,video,False,test,222.43740028363868
data/processed/rousettus/video/not_augmented/occ_roi/none/charlie/r--charlie--VID_20250909_144224.389.jpg,charlie,rousettus,green,video,False,test,236.09913100147688
data/processed/rousettus/video/not_augmented/occ_roi/none/charlie/r--charlie--VID_20250909_144224.50.jpg,charlie,rousettus,green,video,False,test,443.5040656490555
data/processed/rousettus/video/not_augmented/occ_roi/none/charlie/r--charlie--VID_20250909_144224.51.jpg,charlie,rousettus,green,video,False,test,444.6204759148149
data/processed/rousettus/video/not_augmented/occ_roi/none/charlie/r--charlie--VID_20250909_144224.52.jpg,charlie,rousettus,green,video,False,test,390.35638546576257
data/processed/rousettus/video/not_augmented/occ_roi/none/charlie/r--charlie--VID_20250909_144224.54.jpg,charlie,rousettus,green,video,False,test,524.6544360943707
data/processed/rousettus/video/not_augmented/occ_roi/none/charlie/r--charlie--VID_20250909_144224.55.jpg,charlie,rousettus,green,video,False,test,390.1487563759623
data/processed/rousettus/video/not_augmented/occ_roi/none/charlie/r--charlie--VID_20250909_144224.59.jpg,charlie,rousettus,green,video,False,test,407.13705752522486
data/processed/rousettus/video/not_augmented/occ_roi/none/charlie/r--charlie--VID_20250909_144224.60.jpg,charlie,rousettus,green,video,False,test,355.501414929763
data/processed/rousettus/video/not_augmented/occ_roi/none/charlie/r--charlie--VID_20250909_144224.61.jpg,charlie,rousettus,green,video,False,test,438.587452039675
data/processed/rousettus/video/not_augmented/occ_roi/none/charlie/r--charlie--VID_20250909_144224.62.jpg,charlie,rousettus,green,video,False,test,500.7813695774928
data/processed/rousettus/video/not_augmented/occ_roi/none/charlie/r--charlie--VID_20250909_144224.63.jpg,charlie,rousettus,green,video,False,test,554.0886479575948
data/processed/rousettus/video/not_augmented/occ_roi/none/charlie/r--charlie--VID_20250909_144224.64.jpg,charlie,rousettus,green,video,False,test,553.4319791428401
data/processed/rousettus/video/not_augmented/occ_roi/none/charlie/r--charlie--VID_20250909_144224.65.jpg,charlie,rousettus,green,video,False,test,546.4900349478381
data/processed/rousettus/video/not_augmented/occ_roi/none/charlie/r--charlie--VID_20250909_144224.66.jpg,charlie,rousettus,green,video,False,test,526.8561459056341
data/processed/rousettus/video/not_augmented/occ_roi/none/charlie/r--charlie--VID_20250909_144224.67.jpg,charlie,rousettus,green,video,False,test,533.9913902918233
data/processed/rousettus/video/not_augmented/occ_roi/none/charlie/r--charlie--VID_20250909_144224.68.jpg,charlie,rousettus,green,video,False,test,521.2707070215997
data/processed/rousettus/video/not_augmented/occ_roi/none/charlie/r--charlie--VID_20250909_144224.69.jpg,charlie,rousettus,green,video,False,test,350.0364915461701
data/processed/rousettus/video/not_augmented/occ_roi/none/charlie/r--charlie--VID_20250909_144224.70.jpg,charlie,rousettus,green,video,False,test,309.25729401257576
data/processed/rousettus/video/not_augmented/occ_roi/none/charlie/r--charlie--VID_20250909_144224.71.jpg,charlie,rousettus,green,video,False,test,443.6513867106153
data/processed/rousettus/video/not_augmented/occ_roi/none/charlie/r--charlie--VID_20250909_144224.72.jpg,charlie,rousettus,green,video,False,test,372.1424186719253
data/processed/rousettus/video/not_augmented/occ_roi/none/charlie/r--charlie--VID_20250909_144224.73.jpg,charlie,rousettus,green,video,False,test,288.68983164870315
data/processed/rousettus/video/not_augmented/occ_roi/none/charlie/r--charlie--VID_20250909_144224.74.jpg,charlie,rousettus,green,video,False,test,302.04502152383753
data/processed/rousettus/video/not_augmented/occ_roi/none/charlie/r--charlie--VID_20250909_144224.75.jpg,charlie,rousettus,green,video,False,test,219.3561463647959
data/processed/rousettus/video/not_augmented/occ_roi/none/charlie/r--charlie--VID_20250909_144224.76.jpg,charlie,rousettus,green,video,False,test,278.99483816606806
data/processed/rousettus/video/not_augmented/occ_roi/none/charlie/r--charlie--VID_20250909_144224.77.jpg,charlie,rousettus,green,video,False,test,223.05743777915768
data/processed/rousettus/video/not_augmented/occ_roi/none/charlie/r--charlie--VID_20250909_144224.78.jpg,charlie,rousettus,green,video,False,test,400.06951517743016
data/processed/rousettus/video/not_augmented/occ_roi/none/charlie/r--charlie--VID_20250909_144224.79.jpg,charlie,rousettus,green,video,False,test,242.458087512425
data/processed/rousettus/video/not_augmented/occ_roi/none/gini/r--gini--VID_20250909_144437.198.jpg,gini,rousettus,green,video,False,train,378.1094148453948
data/processed/rousettus/video/not_augmented/occ_roi/none/gini/r--gini--VID_20250909_144437.199.jpg,gini,rousettus,green,video,False,train,359.09223530621193
data/processed/rousettus/video/not_augmented/occ_roi/none/gini/r--gini--VID_20250909_144437.200.jpg,gini,rousettus,green,video,False,train,425.0035475111663
data/processed/rousettus/video/not_augmented/occ_roi/none/gini/r--gini--VID_20250909_144437.201.jpg,gini,rousettus,green,video,False,train,392.1332708765497
data/processed/rousettus/video/not_augmented/occ_roi/none/gini/r--gini--VID_20250909_144437.202.jpg,gini,rousettus,green,video,False,train,364.4774593236495
data/processed/rousettus/video/not_augmented/occ_roi/none/gini/r--gini--VID_20250909_144437.203.jpg,gini,rousettus,green,video,False,train,330.11485570751097
data/processed/rousettus/video/not_augmented/occ_roi/none/gini/r--gini--VID_20250909_144437.204.jpg,gini,rousettus,green,video,False,train,337.7299305007439
data/processed/rousettus/video/not_augmented/occ_roi/none/gini/r--gini--VID_20250909_144437.205.jpg,gini,rousettus,green,video,False,train,432.91422162737166
data/processed/rousettus/video/not_augmented/occ_roi/none/gini/r--gini--VID_20250909_144437.206.jpg,gini,rousettus,green,video,False,train,433.85632572348857
data/processed/rousettus/video/not_augmented/occ_roi/none/gini/r--gini--VID_20250909_144437.207.jpg,gini,rousettus,green,video,False,train,393.9909916313328
data/processed/rousettus/video/not_augmented/occ_roi/none/gini/r--gini--VID_20250909_144437.208.jpg,gini,rousettus,green,video,False,train,323.83316721910245
data/processed/rousettus/video/not_augmented/occ_roi/none/gini/r--gini--VID_20250909_144437.209.jpg,gini,rousettus,green,video,False,train,284.3254942538489
data/processed/rousettus/video/not_augmented/occ_roi/none/gini/r--gini--VID_20250909_144437.210.jpg,gini,rousettus,green,video,False,train,282.6994977424364
data/processed/rousettus/video/not_augmented/occ_roi/none/gini/r--gini--VID_20250909_144437.211.jpg,gini,rousettus,green,video,False,train,277.6542768970921
data/processed/rousettus/video/not_augmented/occ_roi/none/gini/r--gini--VID_20250909_144437.212.jpg,gini,rousettus,green,video,False,train,250.10594705997136
data/processed/rousettus/video/not_augmented/occ_roi/none/gini/r--gini--VID_20250909_144437.213.jpg,gini,rousettus,green,video,False,train,238.0410953380326
data/processed/rousettus/video/not_augmented/occ_roi/none/gini/r--gini--VID_20250909_144437.214.jpg,gini,rousettus,green,video,False,train,188.8007413903061
data/processed/rousettus/video/not_augmented/occ_roi/none/gini/r--gini--VID_20250909_144437.215.jpg,gini,rousettus,green,video,False,train,193.3860609756813
data/processed/rousettus/video/not_augmented/occ_roi/none/gini/r--gini--VID_20250909_144437.216.jpg,gini,rousettus,green,video,False,train,214.88422747107165
data/processed/rousettus/video/not_augmented/occ_roi/none/gini/r--gini--VID_20250909_144437.217.jpg,gini,rousettus,green,video,False,train,226.22379213648512
data/processed/rousettus/video/not_augmented/occ_roi/none/gini/r--gini--VID_20250909_144437.218.jpg,gini,rousettus,green,video,False,train,287.80468748570087
data/processed/rousettus/video/not_augmented/occ_roi/none/gini/r--gini--VID_20250909_144437.219.jpg,gini,rousettus,green,video,False,train,310.6078204322189
data/processed/rousettus/video/not_augmented/occ_roi/none/gini/r--gini--VID_20250909_144437.220.jpg,gini,rousettus,green,video,False,train,328.03495684984773
data/processed/rousettus/video/not_augmented/occ_roi/none/gini/r--gini--VID_20250909_144437.221.jpg,gini,rousettus,green,video,False,train,313.0026506692456
data/processed/rousettus/video/not_augmented/occ_roi/none/gini/r--gini--VID_20250909_144437.222.jpg,gini,rousettus,green,video,False,train,323.3422751516066
data/processed/rousettus/video/not_augmented/occ_roi/none/gini/r--gini--VID_20250909_144437.223.jpg,gini,rousettus,green,video,False,train,317.8872167479241
data/processed/rousettus/video/not_augmented/occ_roi/none/gini/r--gini--VID_20250909_144437.224.jpg,gini,rousettus,green,video,False,train,331.2974131022925
data/processed/rousettus/video/not_augmented/occ_roi/none/gini/r--gini--VID_20250909_144437.225.jpg,gini,rousettus,green,video,False,train,314.87699294497395
data/processed/rousettus/video/not_augmented/occ_roi/none/gini/r--gini--VID_20250909_144437.226.jpg,gini,rousettus,green,video,False,train,300.61971844717243
data/processed/rousettus/video/not_augmented/occ_roi/none/gini/r--gini--VID_20250909_144437.227.jpg,gini,rousettus,green,video,False,train,276.26542554265103
data/processed/rousettus/video/not_augmented/occ_roi/none/gini/r--gini--VID_20250909_144437.228.jpg,gini,rousettus,green,video,False,train,240.58878745818228
data/processed/rousettus/video/not_augmented/occ_roi/none/gini/r--gini--VID_20250909_144437.229.jpg,gini,rousettus,green,video,False,train,249.216378099965
data/processed/rousettus/video/not_augmented/occ_roi/none/gini/r--gini--VID_20250909_144437.230.jpg,gini,rousettus,green,video,False,train,250.35385440022483
data/processed/rousettus/video/not_augmented/occ_roi/none/gini/r--gini--VID_20250909_144437.231.jpg,gini,rousettus,green,video,False,train,279.03362158465904
data/processed/rousettus/video/not_augmented/occ_roi/none/gini/r--gini--VID_20250909_144437.232.jpg,gini,rousettus,green,video,False,train,310.7007732002103
data/processed/rousettus/video/not_augmented/occ_roi/none/gini/r--gini--VID_20250909_144437.233.jpg,gini,rousettus,green,video,False,train,354.03051256349016
data/processed/rousettus/video/not_augmented/occ_roi/none/gini/r--gini--VID_20250909_144437.234.jpg,gini,rousettus,green,video,False,train,390.3434111922048
data/processed/rousettus/video/not_augmented/occ_roi/none/gini/r--gini--VID_20250909_144437.235.jpg,gini,rousettus,green,video,False,train,400.8223652643049
data/processed/rousettus/video/not_augmented/occ_roi/none/gini/r--gini--VID_20250909_144437.236.jpg,gini,rousettus,green,video,False,train,444.9125079576397
data/processed/rousettus/video/not_augmented/occ_roi/none/gini/r--gini--VID_20250909_144437.237.jpg,gini,rousettus,green,video,False,train,315.21348851881936
data/processed/rousettus/video/not_augmented/occ_roi/none/gini/r--gini--VID_20250909_144437.238.jpg,gini,rousettus,green,video,False,train,259.73220255731394
data/processed/rousettus/video/not_augmented/occ_roi/none/gini/r--gini--VID_20250909_144437.239.jpg,gini,rousettus,green,video,False,train,207.21562101045583
data/processed/rousettus/video/not_augmented/occ_roi/none/gini/r--gini--VID_20250909_144437.240.jpg,gini,rousettus,green,video,False,train,227.8011199140092
data/processed/rousettus/video/not_augmented/occ_roi/none/gini/r--gini--VID_20250909_144437.241.jpg,gini,rousettus,green,video,False,train,333.83324690353663
data/processed/rousettus/video/not_augmented/occ_roi/none/gini/r--gini--VID_20250909_144437.242.jpg,gini,rousettus,green,video,False,train,411.9347295411574
data/processed/rousettus/video/not_augmented/occ_roi/none/gini/r--gini--VID_20250909_144437.243.jpg,gini,rousettus,green,video,False,train,409.4836375285367
data/processed/rousettus/video/not_augmented/occ_roi/none/gini/r--gini--VID_20250909_144437.244.jpg,gini,rousettus,green,video,False,train,260.8865792374967
data/processed/rousettus/video/not_augmented/occ_roi/none/gini/r--gini--VID_20250909_144437.245.jpg,gini,rousettus,green,video,False,train,175.78270483076545
data/processed/rousettus/video/not_augmented/occ_roi/none/gini/r--gini--VID_20250909_144437.246.jpg,gini,rousettus,green,video,False,train,138.7470703089252
data/processed/rousettus/video/not_augmented/occ_roi/none/gini/r--gini--VID_20250909_144437.247.jpg,gini,rousettus,green,video,False,train,207.7388592119864
data/processed/rousettus/video/not_augmented/occ_roi/none/gini/r--gini--VID_20250909_144437.248.jpg,gini,rousettus,green,video,False,train,197.4589445089509
data/processed/rousettus/video/not_augmented/occ_roi/none/gini/r--gini--VID_20250909_144437.249.jpg,gini,rousettus,green,video,False,train,208.16127228170868
data/processed/rousettus/video/not_augmented/occ_roi/none/gini/r--gini--VID_20250909_144437.42.jpg,gini,rousettus,green,video,False,train,152.45226796852057
data/processed/rousettus/video/not_augmented/occ_roi/none/gini/r--gini--VID_20250909_144437.44.jpg,gini,rousettus,green,video,False,train,160.96386717757002
data/processed/rousettus/video/not_augmented/occ_roi/none/gini/r--gini--VID_20250909_144437.45.jpg,gini,rousettus,green,video,False,train,257.5391820647825
data/processed/rousettus/video/not_augmented/occ_roi/none/gini/r--gini--VID_20250909_144437.46.jpg,gini,rousettus,green,video,False,train,292.32800538119847
data/processed/rousettus/video/not_augmented/occ_roi/none/gini/r--gini--VID_20250909_144437.47.jpg,gini,rousettus,green,video,False,train,290.01833543376296
data/processed/rousettus/video/not_augmented/occ_roi/none/gini/r--gini--VID_20250909_144437.48.jpg,gini,rousettus,green,video,False,train,290.78934144000624
data/processed/rousettus/video/not_augmented/occ_roi/none/gini/r--gini--VID_20250909_144437.76.jpg,gini,rousettus,green,video,False,train,255.32366069998656
data/processed/rousettus/video/not_augmented/occ_roi/none/gini/r--gini--VID_20250909_144437.77.jpg,gini,rousettus,green,video,False,train,216.96873006975585
data/processed/rousettus/video/not_augmented/occ_roi/none/gini/r--gini--VID_20250909_144437.78.jpg,gini,rousettus,green,video,False,train,226.206393417047
data/processed/rousettus/video/not_augmented/occ_roi/none/gini/r--gini--VID_20250909_144437.79.jpg,gini,rousettus,green,video,False,train,186.3373523090145
data/processed/rousettus/video/not_augmented/occ_roi/none/gini/r--gini--VID_20250909_144437.80.jpg,gini,rousettus,green,video,False,train,192.9242665037817
data/processed/rousettus/video/not_augmented/occ_roi/none/gini/r--gini--VID_20250909_144437.81.jpg,gini,rousettus,green,video,False,train,170.71209342476726
data/processed/rousettus/video/not_augmented/occ_roi/none/gini/r--gini--VID_20250909_144437.82.jpg,gini,rousettus,green,video,False,train,185.7285753251711
data/processed/rousettus/video/not_augmented/occ_roi/none/gini/r--gini--VID_20250909_144437.83.jpg,gini,rousettus,green,video,False,train,136.24414061864482
data/processed/rousettus/video/not_augmented/occ_roi/none/gini/r--gini--VID_20250909_144437.84.jpg,gini,rousettus,green,video,False,train,119.66481970549124
data/processed/rousettus/video/not_augmented/occ_roi/none/gini/r--gini--VID_20250909_144437.85.jpg,gini,rousettus,green,video,False,train,176.72638304200785
data/processed/rousettus/video/not_augmented/occ_roi/none/gini/r--gini--VID_20250909_144437.86.jpg,gini,rousettus,green,video,False,train,134.0749957244727
data/processed/rousettus/video/not_augmented/occ_roi/none/gini/r--gini--VID_20250909_144437.87.jpg,gini,rousettus,green,video,False,train,102.01755814709202
data/processed/rousettus/video/not_augmented/occ_roi/none/gini/r--gini--VID_20250909_144437.88.jpg,gini,rousettus,green,video,False,train,101.59917084051636
data/processed/rousettus/video/not_augmented/occ_roi/none/gini/r--gini--VID_20250909_144437.89.jpg,gini,rousettus,green,video,False,train,141.05297347596664
data/processed/rousettus/video/not_augmented/occ_roi/none/gini/r--gini--VID_20250909_144437.90.jpg,gini,rousettus,green,video,False,train,112.60999282485793
data/processed/rousettus/video/not_augmented/occ_roi/none/gini/r--gini--VID_20250909_144437.91.jpg,gini,rousettus,green,video,False,train,91.42550200335631
data/processed/rousettus/video/not_augmented/occ_roi/none/gini/r--gini--VID_20250909_144437.92.jpg,gini,rousettus,green,video,False,train,117.59877229600784
data/processed/rousettus/video/not_augmented/occ_roi/none/het/r--het--VID_20250909_144055.13.jpg,het,rousettus,green,video,False,val,198.2130699614493
data/processed/rousettus/video/not_augmented/occ_roi/none/het/r--het--VID_20250909_144055.14.jpg,het,rousettus,green,video,False,val,204.21667706713183
data/processed/rousettus/video/not_augmented/occ_roi/none/het/r--het--VID_20250909_144055.15.jpg,het,rousettus,green,video,False,val,112.49260591199526
data/processed/rousettus/video/not_augmented/occ_roi/none/het/r--het--VID_20250909_144055.16.jpg,het,rousettus,green,video,False,val,113.57023277425706
data/processed/rousettus/video/not_augmented/occ_roi/none/het/r--het--VID_20250909_144055.17.jpg,het,rousettus,green,video,False,val,123.18773914386408
data/processed/rousettus/video/not_augmented/occ_roi/none/het/r--het--VID_20250909_144055.18.jpg,het,rousettus,green,video,False,val,191.18263701566408
data/processed/rousettus/video/not_augmented/occ_roi/none/het/r--het--VID_20250909_144055.19.jpg,het,rousettus,green,video,False,val,127.21737480838812
data/processed/rousettus/video/not_augmented/occ_roi/none/het/r--het--VID_20250909_144055.20.jpg,het,rousettus,green,video,False,val,166.1205556119596
data/processed/rousettus/video/not_augmented/occ_roi/none/het/r--het--VID_20250909_144055.21.jpg,het,rousettus,green,video,False,val,248.28579400351325
data/processed/rousettus/video/not_augmented/occ_roi/none/het/r--het--VID_20250909_144055.22.jpg,het,rousettus,green,video,False,val,237.34191637623067
data/processed/rousettus/video/not_augmented/occ_roi/none/het/r--het--VID_20250909_144055.23.jpg,het,rousettus,green,video,False,val,160.53517617627216
data/processed/rousettus/video/not_augmented/occ_roi/none/het/r--het--VID_20250909_144055.24.jpg,het,rousettus,green,video,False,val,201.0109812976022
data/processed/rousettus/video/not_augmented/occ_roi/none/het/r--het--VID_20250909_144055.25.jpg,het,rousettus,green,video,False,val,239.6197584466803
data/processed/rousettus/video/not_augmented/occ_roi/none/het/r--het--VID_20250909_144055.26.jpg,het,rousettus,green,video,False,val,208.95264666937436
data/processed/rousettus/video/not_augmented/occ_roi/none/het/r--het--VID_20250909_144055.27.jpg,het,rousettus,green,video,False,val,179.1543168044497
data/processed/rousettus/video/not_augmented/occ_roi/none/het/r--het--VID_20250909_144055.28.jpg,het,rousettus,green,video,False,val,140.02640698006726
data/processed/rousettus/video/not_augmented/occ_roi/none/het/r--het--VID_20250909_144055.30.jpg,het,rousettus,green,video,False,val,166.803411632317
data/processed/rousettus/video/not_augmented/occ_roi/none/het/r--het--VID_20250909_144055.31.jpg,het,rousettus,green,video,False,val,230.4852718109391
data/processed/rousettus/video/not_augmented/occ_roi/none/het/r--het--VID_20250909_144055.32.jpg,het,rousettus,green,video,False,val,269.9033203121028
data/processed/rousettus/video/not_augmented/occ_roi/none/het/r--het--VID_20250909_144055.33.jpg,het,rousettus,green,video,False,val,307.81656567447635
data/processed/rousettus/video/not_augmented/occ_roi/none/het/r--het--VID_20250909_144055.333.jpg,het,rousettus,green,video,False,val,87.86565286961262
data/processed/rousettus/video/not_augmented/occ_roi/none/het/r--het--VID_20250909_144055.334.jpg,het,rousettus,green,video,False,val,119.5096258265135
data/processed/rousettus/video/not_augmented/occ_roi/none/het/r--het--VID_20250909_144055.335.jpg,het,rousettus,green,video,False,val,112.7275390621028
data/processed/rousettus/video/not_augmented/occ_roi/none/het/r--het--VID_20250909_144055.336.jpg,het,rousettus,green,video,False,val,107.54207179209727
data/processed/rousettus/video/not_augmented/occ_roi/none/het/r--het--VID_20250909_144055.337.jpg,het,rousettus,green,video,False,val,87.06160310882672
data/processed/rousettus/video/not_augmented/occ_roi/none/het/r--het--VID_20250909_144055.338.jpg,het,rousettus,green,video,False,val,89.1622884953732
data/processed/rousettus/video/not_augmented/occ_roi/none/het/r--het--VID_20250909_144055.339.jpg,het,rousettus,green,video,False,val,87.34181677267387
data/processed/rousettus/video/not_augmented/occ_roi/none/het/r--het--VID_20250909_144055.34.jpg,het,rousettus,green,video,False,val,329.7330197449875
data/processed/rousettus/video/not_augmented/occ_roi/none/het/r--het--VID_20250909_144055.340.jpg,het,rousettus,green,video,False,val,84.96926811882378
data/processed/rousettus/video/not_augmented/occ_roi/none/het/r--het--VID_20250909_144055.341.jpg,het,rousettus,green,video,False,val,96.9378587356561
data/processed/rousettus/video/not_augmented/occ_roi/none/het/r--het--VID_20250909_144055.342.jpg,het,rousettus,green,video,False,val,122.63542330955175
data/processed/rousettus/video/not_augmented/occ_roi/none/het/r--het--VID_20250909_144055.343.jpg,het,rousettus,green,video,False,val,122.1937181106561
data/processed/rousettus/video/not_augmented/occ_roi/none/het/r--het--VID_20250909_144055.344.jpg,het,rousettus,green,video,False,val,109.78095105189873
data/processed/rousettus/video/not_augmented/occ_roi/none/het/r--het--VID_20250909_144055.345.jpg,het,rousettus,green,video,False,val,105.2312659375224
data/processed/rousettus/video/not_augmented/occ_roi/none/het/r--het--VID_20250909_144055.346.jpg,het,rousettus,green,video,False,val,112.0814731126028
data/processed/rousettus/video/not_augmented/occ_roi/none/het/r--het--VID_20250909_144055.347.jpg,het,rousettus,green,video,False,val,109.99475838312848
data/processed/rousettus/video/not_augmented/occ_roi/none/het/r--het--VID_20250909_144055.348.jpg,het,rousettus,green,video,False,val,107.68327487086016
data/processed/rousettus/video/not_augmented/occ_roi/none/het/r--het--VID_20250909_144055.349.jpg,het,rousettus,green,video,False,val,108.78160872294572
data/processed/rousettus/video/not_augmented/occ_roi/none/het/r--het--VID_20250909_144055.35.jpg,het,rousettus,green,video,False,val,326.83213089883753
data/processed/rousettus/video/not_augmented/occ_roi/none/het/r--het--VID_20250909_144055.350.jpg,het,rousettus,green,video,False,val,110.5306520791711
data/processed/rousettus/video/not_augmented/occ_roi/none/het/r--het--VID_20250909_144055.351.jpg,het,rousettus,green,video,False,val,139.3515027068844
data/processed/rousettus/video/not_augmented/occ_roi/none/het/r--het--VID_20250909_144055.352.jpg,het,rousettus,green,video,False,val,116.73431516239816
data/processed/rousettus/video/not_augmented/occ_roi/none/het/r--het--VID_20250909_144055.353.jpg,het,rousettus,green,video,False,val,139.61122845630257
data/processed/rousettus/video/not_augmented/occ_roi/none/het/r--het--VID_20250909_144055.354.jpg,het,rousettus,green,video,False,val,143.51082190331297
data/processed/rousettus/video/not_augmented/occ_roi/none/het/r--het--VID_20250909_144055.355.jpg,het,rousettus,green,video,False,val,135.68700163903603
data/processed/rousettus/video/not_augmented/occ_roi/none/het/r--het--VID_20250909_144055.356.jpg,het,rousettus,green,video,False,val,155.9398517076396
data/processed/rousettus/video/not_augmented/occ_roi/none/het/r--het--VID_20250909_144055.357.jpg,het,rousettus,green,video,False,val,105.70358335430647
data/processed/rousettus/video/not_augmented/occ_roi/none/het/r--het--VID_20250909_144055.358.jpg,het,rousettus,green,video,False,val,103.3244778344354
data/processed/rousettus/video/not_augmented/occ_roi/none/het/r--het--VID_20250909_144055.359.jpg,het,rousettus,green,video,False,val,87.82001354236594
data/processed/rousettus/video/not_augmented/occ_roi/none/het/r--het--VID_20250909_144055.36.jpg,het,rousettus,green,video,False,val,295.6001673852936
data/processed/rousettus/video/not_augmented/occ_roi/none/het/r--het--VID_20250909_144055.360.jpg,het,rousettus,green,video,False,val,91.79095569207044
data/processed/rousettus/video/not_augmented/occ_roi/none/het/r--het--VID_20250909_144055.363.jpg,het,rousettus,green,video,False,val,89.55157843752235
data/processed/rousettus/video/not_augmented/occ_roi/none/het/r--het--VID_20250909_144055.364.jpg,het,rousettus,green,video,False,val,117.0679607208646
data/processed/rousettus/video/not_augmented/occ_roi/none/het/r--het--VID_20250909_144055.37.jpg,het,rousettus,green,video,False,val,299.31881761809075
data/processed/rousettus/video/not_augmented/occ_roi/none/het/r--het--VID_20250909_144055.38.jpg,het,rousettus,green,video,False,val,262.4523474877201
data/processed/rousettus/video/not_augmented/occ_roi/none/het/r--het--VID_20250909_144055.39.jpg,het,rousettus,green,video,False,val,191.1396882936191
data/processed/rousettus/video/not_augmented/occ_roi/none/het/r--het--VID_20250909_144055.40.jpg,het,rousettus,green,video,False,val,231.3915616134364
data/processed/rousettus/video/not_augmented/occ_roi/none/het/r--het--VID_20250909_144055.42.jpg,het,rousettus,green,video,False,val,174.79105547039472
data/processed/rousettus/video/not_augmented/occ_roi/none/het/r--het--VID_20250909_144055.43.jpg,het,rousettus,green,video,False,val,117.44423628191012
data/processed/rousettus/video/not_augmented/occ_roi/none/het/r--het--VID_20250909_144055.45.jpg,het,rousettus,green,video,False,val,94.32288343079236
data/processed/rousettus/video/not_augmented/occ_roi/none/het/r--het--VID_20250909_144055.47.jpg,het,rousettus,green,video,False,val,91.3437698404772
data/processed/rousettus/video/not_augmented/occ_roi/none/het/r--het--VID_20250909_144055.51.jpg,het,rousettus,green,video,False,val,68.2332389951497
data/processed/rousettus/video/not_augmented/occ_roi/none/itamar/r--itamar--VID_20250909_144529.14.jpg,itamar,rousettus,green,video,False,val,169.65605067610986
data/processed/rousettus/video/not_augmented/occ_roi/none/itamar/r--itamar--VID_20250909_144529.148.jpg,itamar,rousettus,green,video,False,val,85.42470490957288
data/processed/rousettus/video/not_augmented/occ_roi/none/itamar/r--itamar--VID_20250909_144529.15.jpg,itamar,rousettus,green,video,False,val,185.24146992382728
data/processed/rousettus/video/not_augmented/occ_roi/none/itamar/r--itamar--VID_20250909_144529.152.jpg,itamar,rousettus,green,video,False,val,87.5088675803614
data/processed/rousettus/video/not_augmented/occ_roi/none/itamar/r--itamar--VID_20250909_144529.16.jpg,itamar,rousettus,green,video,False,val,210.90537308037955
data/processed/rousettus/video/not_augmented/occ_roi/none/itamar/r--itamar--VID_20250909_144529.160.jpg,itamar,rousettus,green,video,False,val,114.778260516604
data/processed/rousettus/video/not_augmented/occ_roi/none/itamar/r--itamar--VID_20250909_144529.161.jpg,itamar,rousettus,green,video,False,val,107.83448213460494
data/processed/rousettus/video/not_augmented/occ_roi/none/itamar/r--itamar--VID_20250909_144529.162.jpg,itamar,rousettus,green,video,False,val,115.24657205202736
data/processed/rousettus/video/not_augmented/occ_roi/none/itamar/r--itamar--VID_20250909_144529.163.jpg,itamar,rousettus,green,video,False,val,124.31275907808023
data/processed/rousettus/video/not_augmented/occ_roi/none/itamar/r--itamar--VID_20250909_144529.164.jpg,itamar,rousettus,green,video,False,val,99.71759406252238
data/processed/rousettus/video/not_augmented/occ_roi/none/itamar/r--itamar--VID_20250909_144529.165.jpg,itamar,rousettus,green,video,False,val,159.21982620537952
data/processed/rousettus/video/not_augmented/occ_roi/none/itamar/r--itamar--VID_20250909_144529.166.jpg,itamar,rousettus,green,video,False,val,114.49246651626834
data/processed/rousettus/video/not_augmented/occ_roi/none/itamar/r--itamar--VID_20250909_144529.17.jpg,itamar,rousettus,green,video,False,val,466.59725755137833
data/processed/rousettus/video/not_augmented/occ_roi/none/itamar/r--itamar--VID_20250909_144529.18.jpg,itamar,rousettus,green,video,False,val,536.9068678057924
data/processed/rousettus/video/not_augmented/occ_roi/none/itamar/r--itamar--VID_20250909_144529.19.jpg,itamar,rousettus,green,video,False,val,466.8649154958602
data/processed/rousettus/video/not_augmented/occ_roi/none/itamar/r--itamar--VID_20250909_144529.20.jpg,itamar,rousettus,green,video,False,val,376.5921755099188
data/processed/rousettus/video/not_augmented/occ_roi/none/itamar/r--itamar--VID_20250909_144529.21.jpg,itamar,rousettus,green,video,False,val,344.4566126910412
data/processed/rousettus/video/not_augmented/occ_roi/none/itamar/r--itamar--VID_20250909_144529.22.jpg,itamar,rousettus,green,video,False,val,373.43080356983984
data/processed/rousettus/video/not_augmented/occ_roi/none/itamar/r--itamar--VID_20250909_144529.23.jpg,itamar,rousettus,green,video,False,val,413.54976476067947
data/processed/rousettus/video/not_augmented/occ_roi/none/itamar/r--itamar--VID_20250909_144529.24.jpg,itamar,rousettus,green,video,False,val,436.4001713295572
data/processed/rousettus/video/not_augmented/occ_roi/none/itamar/r--itamar--VID_20250909_144529.25.jpg,itamar,rousettus,green,video,False,val,438.0813934885428
data/processed/rousettus/video/not_augmented/occ_roi/none/itamar/r--itamar--VID_20250909_144529.26.jpg,itamar,rousettus,green,video,False,val,430.1811820284022
data/processed/rousettus/video/not_augmented/occ_roi/none/itamar/r--itamar--VID_20250909_144529.27.jpg,itamar,rousettus,green,video,False,val,329.1023596922887
data/processed/rousettus/video/not_augmented/occ_roi/none/itamar/r--itamar--VID_20250909_144529.28.jpg,itamar,rousettus,green,video,False,val,275.88239330552307
data/processed/rousettus/video/not_augmented/occ_roi/none/itamar/r--itamar--VID_20250909_144529.29.jpg,itamar,rousettus,green,video,False,val,248.58535924488083
data/processed/rousettus/video/not_augmented/occ_roi/none/itamar/r--itamar--VID_20250909_144529.291.jpg,itamar,rousettus,green,video,False,val,130.78944113491872
data/processed/rousettus/video/not_augmented/occ_roi/none/itamar/r--itamar--VID_20250909_144529.30.jpg,itamar,rousettus,green,video,False,val,225.25308887802623
data/processed/rousettus/video/not_augmented/occ_roi/none/itamar/r--itamar--VID_20250909_144529.303.jpg,itamar,rousettus,green,video,False,val,155.96338887077627
data/processed/rousettus/video/not_augmented/occ_roi/none/itamar/r--itamar--VID_20250909_144529.304.jpg,itamar,rousettus,green,video,False,val,153.55763711734693
data/processed/rousettus/video/not_augmented/occ_roi/none/itamar/r--itamar--VID_20250909_144529.305.jpg,itamar,rousettus,green,video,False,val,166.39999183581702
data/processed/rousettus/video/not_augmented/occ_roi/none/itamar/r--itamar--VID_20250909_144529.306.jpg,itamar,rousettus,green,video,False,val,161.41222892866088
data/processed/rousettus/video/not_augmented/occ_roi/none/itamar/r--itamar--VID_20250909_144529.307.jpg,itamar,rousettus,green,video,False,val,172.45671224375656
data/processed/rousettus/video/not_augmented/occ_roi/none/itamar/r--itamar--VID_20250909_144529.308.jpg,itamar,rousettus,green,video,False,val,189.0542291131232
data/processed/rousettus/video/not_augmented/occ_roi/none/itamar/r--itamar--VID_20250909_144529.309.jpg,itamar,rousettus,green,video,False,val,184.02068715570172
data/processed/rousettus/video/not_augmented/occ_roi/none/itamar/r--itamar--VID_20250909_144529.31.jpg,itamar,rousettus,green,video,False,val,229.06367574617892
data/processed/rousettus/video/not_augmented/occ_roi/none/itamar/r--itamar--VID_20250909_144529.310.jpg,itamar,rousettus,green,video,False,val,171.78113036372173
data/processed/rousettus/video/not_augmented/occ_roi/none/itamar/r--itamar--VID_20250909_144529.311.jpg,itamar,rousettus,green,video,False,val,176.44212369906907
data/processed/rousettus/video/not_augmented/occ_roi/none/itamar/r--itamar--VID_20250909_144529.312.jpg,itamar,rousettus,green,video,False,val,189.93734050402784
data/processed/rousettus/video/not_augmented/occ_roi/none/itamar/r--itamar--VID_20250909_144529.313.jpg,itamar,rousettus,green,video,False,val,178.89905530579236
data/processed/rousettus/video/not_augmented/occ_roi/none/itamar/r--itamar--VID_20250909_144529.314.jpg,itamar,rousettus,green,video,False,val,178.45318478914362
data/processed/rousettus/video/not_augmented/occ_roi/none/itamar/r--itamar--VID_20250909_144529.315.jpg,itamar,rousettus,green,video,False,val,179.15872128672123
data/processed/rousettus/video/not_augmented/occ_roi/none/itamar/r--itamar--VID_20250909_144529.316.jpg,itamar,rousettus,green,video,False,val,170.71869020052924
data/processed/rousettus/video/not_augmented/occ_roi/none/itamar/r--itamar--VID_20250909_144529.317.jpg,itamar,rousettus,green,video,False,val,159.8567442602041
data/processed/rousettus/video/not_augmented/occ_roi/none/itamar/r--itamar--VID_20250909_144529.318.jpg,itamar,rousettus,green,video,False,val,154.16454058754002
data/processed/rousettus/video/not_augmented/occ_roi/none/itamar/r--itamar--VID_20250909_144529.319.jpg,itamar,rousettus,green,video,False,val,145.17147638876207
data/processed/rousettus/video/not_augmented/occ_roi/none/itamar/r--itamar--VID_20250909_144529.32.jpg,itamar,rousettus,green,video,False,val,269.31425382017545
data/processed/rousettus/video/not_augmented/occ_roi/none/itamar/r--itamar--VID_20250909_144529.320.jpg,itamar,rousettus,green,video,False,val,136.40975763876204
data/processed/rousettus/video/not_augmented/occ_roi/none/itamar/r--itamar--VID_20250909_144529.321.jpg,itamar,rousettus,green,video,False,val,134.62629532526057
data/processed/rousettus/video/not_augmented/occ_roi/none/itamar/r--itamar--VID_20250909_144529.324.jpg,itamar,rousettus,green,video,False,val,144.6802455293591
data/processed/rousettus/video/not_augmented/occ_roi/none/itamar/r--itamar--VID_20250909_144529.325.jpg,itamar,rousettus,green,video,False,val,155.1037547053123
data/processed/rousettus/video/not_augmented/occ_roi/none/itamar/r--itamar--VID_20250909_144529.326.jpg,itamar,rousettus,green,video,False,val,148.10090481147623
data/processed/rousettus/video/not_augmented/occ_roi/none/itamar/r--itamar--VID_20250909_144529.327.jpg,itamar,rousettus,green,video,False,val,158.3993941262979
data/processed/rousettus/video/not_augmented/occ_roi/none/itamar/r--itamar--VID_20250909_144529.328.jpg,itamar,rousettus,green,video,False,val,165.23626822066876
data/processed/rousettus/video/not_augmented/occ_roi/none/itamar/r--itamar--VID_20250909_144529.329.jpg,itamar,rousettus,green,video,False,val,160.21763388885154
data/processed/rousettus/video/not_augmented/occ_roi/none/itamar/r--itamar--VID_20250909_144529.33.jpg,itamar,rousettus,green,video,False,val,271.451271504772
data/processed/rousettus/video/not_augmented/occ_roi/none/itamar/r--itamar--VID_20250909_144529.330.jpg,itamar,rousettus,green,video,False,val,163.28675053607222
data/processed/rousettus/video/not_augmented/occ_roi/none/itamar/r--itamar--VID_20250909_144529.331.jpg,itamar,rousettus,green,video,False,val,157.2195073198845
data/processed/rousettus/video/not_augmented/occ_roi/none/itamar/r--itamar--VID_20250909_144529.333.jpg,itamar,rousettus,green,video,False,val,150.75185346583532
data/processed/rousettus/video/not_augmented/occ_roi/none/itamar/r--itamar--VID_20250909_144529.334.jpg,itamar,rousettus,green,video,False,val,138.83238997294575
data/processed/rousettus/video/not_augmented/occ_roi/none/itamar/r--itamar--VID_20250909_144529.335.jpg,itamar,rousettus,green,video,False,val,144.16216913236775
data/processed/rousettus/video/not_augmented/occ_roi/none/itamar/r--itamar--VID_20250909_144529.336.jpg,itamar,rousettus,green,video,False,val,170.0519770153956
data/processed/rousettus/video/not_augmented/occ_roi/none/itamar/r--itamar--VID_20250909_144529.337.jpg,itamar,rousettus,green,video,False,val,160.11716753797995
data/processed/rousettus/video/not_augmented/occ_roi/none/itamar/r--itamar--VID_20250909_144529.339.jpg,itamar,rousettus,green,video,False,val,145.0821108915368
data/processed/rousettus/video/not_augmented/occ_roi/none/itamar/r--itamar--VID_20250909_144529.34.jpg,itamar,rousettus,green,video,False,val,195.00703518790837
data/processed/rousettus/video/not_augmented/occ_roi/none/itamar/r--itamar--VID_20250909_144529.340.jpg,itamar,rousettus,green,video,False,val,147.22604401257573
data/processed/rousettus/video/not_augmented/occ_roi/none/itamar/r--itamar--VID_20250909_144529.341.jpg,itamar,rousettus,green,video,False,val,151.04420436079033
data/processed/rousettus/video/not_augmented/occ_roi/none/itamar/r--itamar--VID_20250909_144529.344.jpg,itamar,rousettus,green,video,False,val,130.12215003149058
data/processed/rousettus/video/not_augmented/occ_roi/none/itamar/r--itamar--VID_20250909_144529.345.jpg,itamar,rousettus,green,video,False,val,134.55241544025233
data/processed/rousettus/video/not_augmented/occ_roi/none/itamar/r--itamar--VID_20250909_144529.347.jpg,itamar,rousettus,green,video,False,val,143.8437101148854
data/processed/rousettus/video/not_augmented/occ_roi/none/itamar/r--itamar--VID_20250909_144529.348.jpg,itamar,rousettus,green,video,False,val,139.1088966693743
data/processed/rousettus/video/not_augmented/occ_roi/none/itamar/r--itamar--VID_20250909_144529.349.jpg,itamar,rousettus,green,video,False,val,147.1874401782861
data/processed/rousettus/video/not_augmented/occ_roi/none/itamar/r--itamar--VID_20250909_144529.35.jpg,itamar,rousettus,green,video,False,val,235.4465680704272
data/processed/rousettus/video/not_augmented/occ_roi/none/itamar/r--itamar--VID_20250909_144529.350.jpg,itamar,rousettus,green,video,False,val,141.39873584356468
data/processed/rousettus/video/not_augmented/occ_roi/none/itamar/r--itamar--VID_20250909_144529.351.jpg,itamar,rousettus,green,video,False,val,147.70117179714902
data/processed/rousettus/video/not_augmented/occ_roi/none/itamar/r--itamar--VID_20250909_144529.353.jpg,itamar,rousettus,green,video,False,val,149.21954700163334
data/processed/rousettus/video/not_augmented/occ_roi/none/itamar/r--itamar--VID_20250909_144529.354.jpg,itamar,rousettus,green,video,False,val,182.75109547389047
data/processed/rousettus/video/not_augmented/occ_roi/none/itamar/r--itamar--VID_20250909_144529.355.jpg,itamar,rousettus,green,video,False,val,189.5085099298524
data/processed/rousettus/video/not_augmented/occ_roi/none/itamar/r--itamar--VID_20250909_144529.356.jpg,itamar,rousettus,green,video,False,val,153.65660869752497
data/processed/rousettus/video/not_augmented/occ_roi/none/itamar/r--itamar--VID_20250909_144529.357.jpg,itamar,rousettus,green,video,False,val,163.2015696314661
data/processed/rousettus/video/not_augmented/occ_roi/none/itamar/r--itamar--VID_20250909_144529.358.jpg,itamar,rousettus,green,video,False,val,171.91177050047543
data/processed/rousettus/video/not_augmented/occ_roi/none/itamar/r--itamar--VID_20250909_144529.359.jpg,itamar,rousettus,green,video,False,val,194.46476395276127
data/processed/rousettus/video/not_augmented/occ_roi/none/itamar/r--itamar--VID_20250909_144529.36.jpg,itamar,rousettus,green,video,False,val,178.5891660954842
data/processed/rousettus/video/not_augmented/occ_roi/none/itamar/r--itamar--VID_20250909_144529.360.jpg,itamar,rousettus,green,video,False,val,190.5908601400208
data/processed/rousettus/video/not_augmented/occ_roi/none/itamar/r--itamar--VID_20250909_144529.361.jpg,itamar,rousettus,green,video,False,val,197.8379702665368
data/processed/rousettus/video/not_augmented/occ_roi/none/itamar/r--itamar--VID_20250909_144529.37.jpg,itamar,rousettus,green,video,False,val,173.92340957875157
data/processed/rousettus/video/not_augmented/occ_roi/none/itamar/r--itamar--VID_20250909_144529.38.jpg,itamar,rousettus,green,video,False,val,191.86635043212945
data/processed/rousettus/video/not_augmented/occ_roi/none/itamar/r--itamar--VID_20250909_144529.39.jpg,itamar,rousettus,green,video,False,val,412.6908083482367
data/processed/rousettus/video/not_augmented/occ_roi/none/itamar/r--itamar--VID_20250909_144529.40.jpg,itamar,rousettus,green,video,False,val,213.925522158415
data/processed/rousettus/video/not_augmented/occ_roi/none/itamar/r--itamar--VID_20250909_144529.41.jpg,itamar,rousettus,green,video,False,val,209.20129144772645
data/processed/rousettus/video/not_augmented/occ_roi/none/itamar/r--itamar--VID_20250909_144529.42.jpg,itamar,rousettus,green,video,False,val,221.7970344371867
data/processed/rousettus/video/not_augmented/occ_roi/none/jafar/r--jafar--VID_20250909_144606.1.jpg,jafar,rousettus,green,video,False,train,74.83298788265306
data/processed/rousettus/video/not_augmented/occ_roi/none/jafar/r--jafar--VID_20250909_144606.10.jpg,jafar,rousettus,green,video,False,train,84.20356343121195
data/processed/rousettus/video/not_augmented/occ_roi/none/jafar/r--jafar--VID_20250909_144606.11.jpg,jafar,rousettus,green,video,False,train,80.76149951175371
data/processed/rousettus/video/not_augmented/occ_roi/none/jafar/r--jafar--VID_20250909_144606.116.jpg,jafar,rousettus,green,video,False,train,216.01018415138847
data/processed/rousettus/video/not_augmented/occ_roi/none/jafar/r--jafar--VID_20250909_144606.117.jpg,jafar,rousettus,green,video,False,train,195.47765864118443
data/processed/rousettus/video/not_augmented/occ_roi/none/jafar/r--jafar--VID_20250909_144606.12.jpg,jafar,rousettus,green,video,False,train,74.87284757653062
data/processed/rousettus/video/not_augmented/occ_roi/none/jafar/r--jafar--VID_20250909_144606.13.jpg,jafar,rousettus,green,video,False,train,79.68279647827147
data/processed/rousettus/video/not_augmented/occ_roi/none/jafar/r--jafar--VID_20250909_144606.14.jpg,jafar,rousettus,green,video,False,train,82.94009085468132
data/processed/rousettus/video/not_augmented/occ_roi/none/jafar/r--jafar--VID_20250909_144606.143.jpg,jafar,rousettus,green,video,False,train,186.4087610590314
data/processed/rousettus/video/not_augmented/occ_roi/none/jafar/r--jafar--VID_20250909_144606.144.jpg,jafar,rousettus,green,video,False,train,174.81283878793522
data/processed/rousettus/video/not_augmented/occ_roi/none/jafar/r--jafar--VID_20250909_144606.145.jpg,jafar,rousettus,green,video,False,train,192.3871173405836
data/processed/rousettus/video/not_augmented/occ_roi/none/jafar/r--jafar--VID_20250909_144606.146.jpg,jafar,rousettus,green,video,False,train,204.50843031532509
data/processed/rousettus/video/not_augmented/occ_roi/none/jafar/r--jafar--VID_20250909_144606.147.jpg,jafar,rousettus,green,video,False,train,250.2238719226022
data/processed/rousettus/video/not_augmented/occ_roi/none/jafar/r--jafar--VID_20250909_144606.148.jpg,jafar,rousettus,green,video,False,train,227.84076042127631
data/processed/rousettus/video/not_augmented/occ_roi/none/jafar/r--jafar--VID_20250909_144606.149.jpg,jafar,rousettus,green,video,False,train,220.89182033165451
data/processed/rousettus/video/not_augmented/occ_roi/none/jafar/r--jafar--VID_20250909_144606.15.jpg,jafar,rousettus,green,video,False,train,76.68052454721624
data/processed/rousettus/video/not_augmented/occ_roi/none/jafar/r--jafar--VID_20250909_144606.150.jpg,jafar,rousettus,green,video,False,train,232.05693956277412
data/processed/rousettus/video/not_augmented/occ_roi/none/jafar/r--jafar--VID_20250909_144606.151.jpg,jafar,rousettus,green,video,False,train,207.44694664576613
data/processed/rousettus/video/not_augmented/occ_roi/none/jafar/r--jafar--VID_20250909_144606.152.jpg,jafar,rousettus,green,video,False,train,168.26488758573328
data/processed/rousettus/video/not_augmented/occ_roi/none/jafar/r--jafar--VID_20250909_144606.153.jpg,jafar,rousettus,green,video,False,train,166.5274633274928
data/processed/rousettus/video/not_augmented/occ_roi/none/jafar/r--jafar--VID_20250909_144606.154.jpg,jafar,rousettus,green,video,False,train,212.6413423966389
data/processed/rousettus/video/not_augmented/occ_roi/none/jafar/r--jafar--VID_20250909_144606.156.jpg,jafar,rousettus,green,video,False,train,190.8014189479054
data/processed/rousettus/video/not_augmented/occ_roi/none/jafar/r--jafar--VID_20250909_144606.157.jpg,jafar,rousettus,green,video,False,train,208.21448493490416
data/processed/rousettus/video/not_augmented/occ_roi/none/jafar/r--jafar--VID_20250909_144606.158.jpg,jafar,rousettus,green,video,False,train,182.6023195656773
data/processed/rousettus/video/not_augmented/occ_roi/none/jafar/r--jafar--VID_20250909_144606.159.jpg,jafar,rousettus,green,video,False,train,188.9138629727441
data/processed/rousettus/video/not_augmented/occ_roi/none/jafar/r--jafar--VID_20250909_144606.16.jpg,jafar,rousettus,green,video,False,train,78.36760602638851
data/processed/rousettus/video/not_augmented/occ_roi/none/jafar/r--jafar--VID_20250909_144606.160.jpg,jafar,rousettus,green,video,False,train,210.1481584042919
data/processed/rousettus/video/not_augmented/occ_roi/none/jafar/r--jafar--VID_20250909_144606.161.jpg,jafar,rousettus,green,video,False,train,203.02234132624528
data/processed/rousettus/video/not_augmented/occ_roi/none/jafar/r--jafar--VID_20250909_144606.162.jpg,jafar,rousettus,green,video,False,train,155.49772797202826
data/processed/rousettus/video/not_augmented/occ_roi/none/jafar/r--jafar--VID_20250909_144606.163.jpg,jafar,rousettus,green,video,False,train,164.41691246771506
data/processed/rousettus/video/not_augmented/occ_roi/none/jafar/r--jafar--VID_20250909_144606.164.jpg,jafar,rousettus,green,video,False,train,189.9934630102041
data/processed/rousettus/video/not_augmented/occ_roi/none/jafar/r--jafar--VID_20250909_144606.165.jpg,jafar,rousettus,green,video,False,train,171.52006935547013
data/processed/rousettus/video/not_augmented/occ_roi/none/jafar/r--jafar--VID_20250909_144606.166.jpg,jafar,rousettus,green,video,False,train,195.64431202128645
data/processed/rousettus/video/not_augmented/occ_roi/none/jafar/r--jafar--VID_20250909_144606.167.jpg,jafar,rousettus,green,video,False,train,237.4944395532413
data/processed/rousettus/video/not_augmented/occ_roi/none/jafar/r--jafar--VID_20250909_144606.168.jpg,jafar,rousettus,green,video,False,train,217.2507572769871
data/processed/rousettus/video/not_augmented/occ_roi/none/jafar/r--jafar--VID_20250909_144606.169.jpg,jafar,rousettus,green,video,False,train,180.08523995178237
data/processed/rousettus/video/not_augmented/occ_roi/none/jafar/r--jafar--VID_20250909_144606.17.jpg,jafar,rousettus,green,video,False,train,82.40800382494182
data/processed/rousettus/video/not_augmented/occ_roi/none/jafar/r--jafar--VID_20250909_144606.170.jpg,jafar,rousettus,green,video,False,train,225.82533482142856
data/processed/rousettus/video/not_augmented/occ_roi/none/jafar/r--jafar--VID_20250909_144606.171.jpg,jafar,rousettus,green,video,False,train,220.82435824899864
data/processed/rousettus/video/not_augmented/occ_roi/none/jafar/r--jafar--VID_20250909_144606.172.jpg,jafar,rousettus,green,video,False,train,230.5649513707762
data/processed/rousettus/video/not_augmented/occ_roi/none/jafar/r--jafar--VID_20250909_144606.173.jpg,jafar,rousettus,green,video,False,train,242.0952447190577
data/processed/rousettus/video/not_augmented/occ_roi/none/jafar/r--jafar--VID_20250909_144606.174.jpg,jafar,rousettus,green,video,False,train,251.4419842119865
data/processed/rousettus/video/not_augmented/occ_roi/none/jafar/r--jafar--VID_20250909_144606.175.jpg,jafar,rousettus,green,video,False,train,251.6925223071294
data/processed/rousettus/video/not_augmented/occ_roi/none/jafar/r--jafar--VID_20250909_144606.176.jpg,jafar,rousettus,green,video,False,train,188.76377152383756
data/processed/rousettus/video/not_augmented/occ_roi/none/jafar/r--jafar--VID_20250909_144606.177.jpg,jafar,rousettus,green,video,False,train,184.5703124857009
data/processed/rousettus/video/not_augmented/occ_roi/none/jafar/r--jafar--VID_20250909_144606.178.jpg,jafar,rousettus,green,video,False,train,196.34084024075807
data/processed/rousettus/video/not_augmented/occ_roi/none/jafar/r--jafar--VID_20250909_144606.179.jpg,jafar,rousettus,green,video,False,train,213.9531648342732
data/processed/rousettus/video/not_augmented/occ_roi/none/jafar/r--jafar--VID_20250909_144606.18.jpg,jafar,rousettus,green,video,False,train,76.49842554169462
data/processed/rousettus/video/not_augmented/occ_roi/none/jafar/r--jafar--VID_20250909_144606.180.jpg,jafar,rousettus,green,video,False,train,240.60706313616632
data/processed/rousettus/video/not_augmented/occ_roi/none/jafar/r--jafar--VID_20250909_144606.183.jpg,jafar,rousettus,green,video,False,train,172.73425539549763
data/processed/rousettus/video/not_augmented/occ_roi/none/jafar/r--jafar--VID_20250909_144606.184.jpg,jafar,rousettus,green,video,False,train,174.2235331616765
data/processed/rousettus/video/not_augmented/occ_roi/none/jafar/r--jafar--VID_20250909_144606.185.jpg,jafar,rousettus,green,video,False,train,146.32116945124525
data/processed/rousettus/video/not_augmented/occ_roi/none/jafar/r--jafar--VID_20250909_144606.187.jpg,jafar,rousettus,green,video,False,train,150.70087291736596
data/processed/rousettus/video/not_augmented/occ_roi/none/jafar/r--jafar--VID_20250909_144606.188.jpg,jafar,rousettus,green,video,False,train,167.06672512596225
data/processed/rousettus/video/not_augmented/occ_roi/none/jafar/r--jafar--VID_20250909_144606.2.jpg,jafar,rousettus,green,video,False,train,63.18154096583533
data/processed/rousettus/video/not_augmented/occ_roi/none/jafar/r--jafar--VID_20250909_144606.257.jpg,jafar,rousettus,green,video,False,train,201.59414859535
data/processed/rousettus/video/not_augmented/occ_roi/none/jafar/r--jafar--VID_20250909_144606.259.jpg,jafar,rousettus,green,video,False,train,172.16569674109385
data/processed/rousettus/video/not_augmented/occ_roi/none/jafar/r--jafar--VID_20250909_144606.260.jpg,jafar,rousettus,green,video,False,train,189.26628266548624
data/processed/rousettus/video/not_augmented/occ_roi/none/jafar/r--jafar--VID_20250909_144606.261.jpg,jafar,rousettus,green,video,False,train,201.16306587896065
data/processed/rousettus/video/not_augmented/occ_roi/none/jafar/r--jafar--VID_20250909_144606.263.jpg,jafar,rousettus,green,video,False,train,170.3527981505102
data/processed/rousettus/video/not_augmented/occ_roi/none/jafar/r--jafar--VID_20250909_144606.265.jpg,jafar,rousettus,green,video,False,train,171.9293486032323
data/processed/rousettus/video/not_augmented/occ_roi/none/jafar/r--jafar--VID_20250909_144606.266.jpg,jafar,rousettus,green,video,False,train,181.09574298310508
data/processed/rousettus/video/not_augmented/occ_roi/none/jafar/r--jafar--VID_20250909_144606.267.jpg,jafar,rousettus,green,video,False,train,197.772102168082
data/processed/rousettus/video/not_augmented/occ_roi/none/jafar/r--jafar--VID_20250909_144606.268.jpg,jafar,rousettus,green,video,False,train,196.43646354627631
data/processed/rousettus/video/not_augmented/occ_roi/none/jafar/r--jafar--VID_20250909_144606.269.jpg,jafar,rousettus,green,video,False,train,198.56812013898576
data/processed/rousettus/video/not_augmented/occ_roi/none/jafar/r--jafar--VID_20250909_144606.270.jpg,jafar,rousettus,green,video,False,train,211.98732448865456
data/processed/rousettus/video/not_augmented/occ_roi/none/jafar/r--jafar--VID_20250909_144606.271.jpg,jafar,rousettus,green,video,False,train,257.9677933657581
data/processed/rousettus/video/not_augmented/occ_roi/none/jafar/r--jafar--VID_20250909_144606.272.jpg,jafar,rousettus,green,video,False,train,295.42604031854745
data/processed/rousettus/video/not_augmented/occ_roi/none/jafar/r--jafar--VID_20250909_144606.273.jpg,jafar,rousettus,green,video,False,train,250.2190888038232
data/processed/rousettus/video/not_augmented/occ_roi/none/jafar/r--jafar--VID_20250909_144606.274.jpg,jafar,rousettus,green,video,False,train,243.3370335935206
data/processed/rousettus/video/not_augmented/occ_roi/none/jafar/r--jafar--VID_20250909_144606.275.jpg,jafar,rousettus,green,video,False,train,250.85985330202743
data/processed/rousettus/video/not_augmented/occ_roi/none/jafar/r--jafar--VID_20250909_144606.276.jpg,jafar,rousettus,green,video,False,train,223.1109892028116
data/processed/rousettus/video/not_augmented/occ_roi/none/jafar/r--jafar--VID_20250909_144606.277.jpg,jafar,rousettus,green,video,False,train,212.3288225410681
data/processed/rousettus/video/not_augmented/occ_roi/none/jafar/r--jafar--VID_20250909_144606.278.jpg,jafar,rousettus,green,video,False,train,220.947365254772
data/processed/rousettus/video/not_augmented/occ_roi/none/jafar/r--jafar--VID_20250909_144606.279.jpg,jafar,rousettus,green,video,False,train,226.41529814415503
data/processed/rousettus/video/not_augmented/occ_roi/none/jafar/r--jafar--VID_20250909_144606.280.jpg,jafar,rousettus,green,video,False,train,207.85947460117364
data/processed/rousettus/video/not_augmented/occ_roi/none/jafar/r--jafar--VID_20250909_144606.281.jpg,jafar,rousettus,green,video,False,train,212.6486965780802
data/processed/rousettus/video/not_augmented/occ_roi/none/jafar/r--jafar--VID_20250909_144606.282.jpg,jafar,rousettus,green,video,False,train,254.21843108272904
data/processed/rousettus/video/not_augmented/occ_roi/none/jafar/r--jafar--VID_20250909_144606.283.jpg,jafar,rousettus,green,video,False,train,254.5408163122314
data/processed/rousettus/video/not_augmented/occ_roi/none/jafar/r--jafar--VID_20250909_144606.284.jpg,jafar,rousettus,green,video,False,train,241.54496163301096
data/processed/rousettus/video/not_augmented/occ_roi/none/jafar/r--jafar--VID_20250909_144606.285.jpg,jafar,rousettus,green,video,False,train,281.60357529975033
data/processed/rousettus/video/not_augmented/occ_roi/none/jafar/r--jafar--VID_20250909_144606.286.jpg,jafar,rousettus,green,video,False,train,271.9703244575109
data/processed/rousettus/video/not_augmented/occ_roi/none/jafar/r--jafar--VID_20250909_144606.287.jpg,jafar,rousettus,green,video,False,train,200.621532149436
data/processed/rousettus/video/not_augmented/occ_roi/none/jafar/r--jafar--VID_20250909_144606.288.jpg,jafar,rousettus,green,video,False,train,197.9745096109749
data/processed/rousettus/video/not_augmented/occ_roi/none/jafar/r--jafar--VID_20250909_144606.289.jpg,jafar,rousettus,green,video,False,train,167.70802770262705
data/processed/rousettus/video/not_augmented/occ_roi/none/jafar/r--jafar--VID_20250909_144606.290.jpg,jafar,rousettus,green,video,False,train,157.8832110190878
data/processed/rousettus/video/not_augmented/occ_roi/none/jafar/r--jafar--VID_20250909_144606.291.jpg,jafar,rousettus,green,video,False,train,154.2874082079136
data/processed/rousettus/video/not_augmented/occ_roi/none/jafar/r--jafar--VID_20250909_144606.292.jpg,jafar,rousettus,green,video,False,train,146.79029814892138
data/processed/rousettus/video/not_augmented/occ_roi/none/jafar/r--jafar--VID_20250909_144606.293.jpg,jafar,rousettus,green,video,False,train,161.7773437436448
data/processed/rousettus/video/not_augmented/occ_roi/none/jafar/r--jafar--VID_20250909_144606.294.jpg,jafar,rousettus,green,video,False,train,152.43674260861968
data/processed/rousettus/video/not_augmented/occ_roi/none/jafar/r--jafar--VID_20250909_144606.295.jpg,jafar,rousettus,green,video,False,train,121.32437814905563
data/processed/rousettus/video/not_augmented/occ_roi/none/jafar/r--jafar--VID_20250909_144606.296.jpg,jafar,rousettus,green,video,False,train,151.7514349426244
data/processed/rousettus/video/not_augmented/occ_roi/none/jafar/r--jafar--VID_20250909_144606.299.jpg,jafar,rousettus,green,video,False,train,128.71217288200378
data/processed/rousettus/video/not_augmented/occ_roi/none/jafar/r--jafar--VID_20250909_144606.3.jpg,jafar,rousettus,green,video,False,train,64.7485451112435
data/processed/rousettus/video/not_augmented/occ_roi/none/jafar/r--jafar--VID_20250909_144606.300.jpg,jafar,rousettus,green,video,False,train,115.88305164386412
data/processed/rousettus/video/not_augmented/occ_roi/none/jafar/r--jafar--VID_20250909_144606.301.jpg,jafar,rousettus,green,video,False,train,146.63354972917207
data/processed/rousettus/video/not_augmented/occ_roi/none/jafar/r--jafar--VID_20250909_144606.304.jpg,jafar,rousettus,green,video,False,train,113.22355291794756
data/processed/rousettus/video/not_augmented/occ_roi/none/jafar/r--jafar--VID_20250909_144606.4.jpg,jafar,rousettus,green,video,False,train,82.53419938856042
data/processed/rousettus/video/not_augmented/occ_roi/none/jafar/r--jafar--VID_20250909_144606.5.jpg,jafar,rousettus,green,video,False,train,88.34255416946378
data/processed/rousettus/video/not_augmented/occ_roi/none/jafar/r--jafar--VID_20250909_144606.58.jpg,jafar,rousettus,green,video,False,train,117.0088488520408
data/processed/rousettus/video/not_augmented/occ_roi/none/jafar/r--jafar--VID_20250909_144606.59.jpg,jafar,rousettus,green,video,False,train,119.83870773879454
data/processed/rousettus/video/not_augmented/occ_roi/none/jafar/r--jafar--VID_20250909_144606.60.jpg,jafar,rousettus,green,video,False,train,135.95268654177855
data/processed/rousettus/video/not_augmented/occ_roi/none/jafar/r--jafar--VID_20250909_144606.61.jpg,jafar,rousettus,green,video,False,train,135.3216278127013
data/processed/rousettus/video/not_augmented/occ_roi/none/jafar/r--jafar--VID_20250909_144606.62.jpg,jafar,rousettus,green,video,False,train,117.2732380092864
data/processed/rousettus/video/not_augmented/occ_roi/none/jafar/r--jafar--VID_20250909_144606.63.jpg,jafar,rousettus,green,video,False,train,123.06383518495444
data/processed/rousettus/video/not_augmented/occ_roi/none/jafar/r--jafar--VID_20250909_144606.64.jpg,jafar,rousettus,green,video,False,train,149.17079874854545
data/processed/rousettus/video/not_augmented/occ_roi/none/jafar/r--jafar--VID_20250909_144606.68.jpg,jafar,rousettus,green,video,False,train,173.0599689090416
data/processed/rousettus/video/not_augmented/occ_roi/none/jafar/r--jafar--VID_20250909_144606.7.jpg,jafar,rousettus,green,video,False,train,98.63496461206552
data/processed/rousettus/video/not_augmented/occ_roi/none/jafar/r--jafar--VID_20250909_144606.70.jpg,jafar,rousettus,green,video,False,train,203.02232142698264
data/processed/rousettus/video/not_augmented/occ_roi/none/jafar/r--jafar--VID_20250909_144606.71.jpg,jafar,rousettus,green,video,False,train,216.61892138675373
data/processed/rousettus/video/not_augmented/occ_roi/none/jafar/r--jafar--VID_20250909_144606.72.jpg,jafar,rousettus,green,video,False,train,241.8578204147421
data/processed/rousettus/video/not_augmented/occ_roi/none/jafar/r--jafar--VID_20250909_144606.8.jpg,jafar,rousettus,green,video,False,train,84.95756935547016
data/processed/rousettus/video/not_augmented/occ_roi/none/jafar/r--jafar--VID_20250909_144606.9.jpg,jafar,rousettus,green,video,False,train,94.56078590447082
data/processed/rousettus/video/not_augmented/occ_roi/none/larry/r--larry--VID_20250909_144351.165.jpg,larry,rousettus,green,video,False,train,68.99232700853136
data/processed/rousettus/video/not_augmented/occ_roi/none/larry/r--larry--VID_20250909_144351.168.jpg,larry,rousettus,green,video,False,train,84.00771264064713
data/processed/rousettus/video/not_augmented/occ_roi/none/larry/r--larry--VID_20250909_144351.171.jpg,larry,rousettus,green,video,False,train,40.318977180792366
data/processed/rousettus/video/not_augmented/occ_roi/none/larry/r--larry--VID_20250909_144351.172.jpg,larry,rousettus,green,video,False,train,65.51026387077626
data/processed/rousettus/video/not_augmented/occ_roi/none/larry/r--larry--VID_20250909_144351.173.jpg,larry,rousettus,green,video,False,train,62.437619267677775
data/processed/rousettus/video/not_augmented/occ_roi/none/larry/r--larry--VID_20250909_144351.174.jpg,larry,rousettus,green,video,False,train,56.04559948820713
data/processed/rousettus/video/not_augmented/occ_roi/none/larry/r--larry--VID_20250909_144351.175.jpg,larry,rousettus,green,video,False,train,67.12549819811242
data/processed/rousettus/video/not_augmented/occ_roi/none/larry/r--larry--VID_20250909_144351.176.jpg,larry,rousettus,green,video,False,train,55.07665008964364
data/processed/rousettus/video/not_augmented/occ_roi/none/larry/r--larry--VID_20250909_144351.177.jpg,larry,rousettus,green,video,False,train,93.414799814967
data/processed/rousettus/video/not_augmented/occ_roi/none/larry/r--larry--VID_20250909_144351.178.jpg,larry,rousettus,green,video,False,train,103.86106896986318
data/processed/rousettus/video/not_augmented/occ_roi/none/larry/r--larry--VID_20250909_144351.179.jpg,larry,rousettus,green,video,False,train,77.0742186213076
data/processed/rousettus/video/not_augmented/occ_roi/none/larry/r--larry--VID_20250909_144351.180.jpg,larry,rousettus,green,video,False,train,87.14522874658182
data/processed/rousettus/video/not_augmented/occ_roi/none/larry/r--larry--VID_20250909_144351.181.jpg,larry,rousettus,green,video,False,train,101.40864145294024
data/processed/rousettus/video/not_augmented/occ_roi/none/larry/r--larry--VID_20250909_144351.182.jpg,larry,rousettus,green,video,False,train,101.31704390341916
data/processed/rousettus/video/not_augmented/occ_roi/none/larry/r--larry--VID_20250909_144351.183.jpg,larry,rousettus,green,video,False,train,89.12091423798881
data/processed/rousettus/video/not_augmented/occ_roi/none/larry/r--larry--VID_20250909_144351.189.jpg,larry,rousettus,green,video,False,train,106.47584501121108
data/processed/rousettus/video/not_augmented/occ_roi/none/larry/r--larry--VID_20250909_144351.191.jpg,larry,rousettus,green,video,False,train,91.56572863361528
data/processed/rousettus/video/not_augmented/occ_roi/none/larry/r--larry--VID_20250909_144351.247.jpg,larry,rousettus,green,video,False,train,129.78691003681072
data/processed/rousettus/video/not_augmented/occ_roi/none/larry/r--larry--VID_20250909_144351.248.jpg,larry,rousettus,green,video,False,train,126.01879375629356
data/processed/rousettus/video/not_augmented/occ_roi/none/larry/r--larry--VID_20250909_144351.250.jpg,larry,rousettus,green,video,False,train,106.82453692689232
data/processed/rousettus/video/not_augmented/occ_roi/none/larry/r--larry--VID_20250909_144351.251.jpg,larry,rousettus,green,video,False,train,119.4183673405836
data/processed/rousettus/video/not_augmented/occ_roi/none/larry/r--larry--VID_20250909_144351.252.jpg,larry,rousettus,green,video,False,train,111.35640545240894
data/processed/rousettus/video/not_augmented/occ_roi/none/larry/r--larry--VID_20250909_144351.254.jpg,larry,rousettus,green,video,False,train,116.51285475087832
data/processed/rousettus/video/not_augmented/occ_roi/none/larry/r--larry--VID_20250909_144351.255.jpg,larry,rousettus,green,video,False,train,104.49906326502078
data/processed/rousettus/video/not_augmented/occ_roi/none/larry/r--larry--VID_20250909_144351.256.jpg,larry,rousettus,green,video,False,train,104.85068556131397
data/processed/rousettus/video/not_augmented/occ_roi/none/larry/r--larry--VID_20250909_144351.257.jpg,larry,rousettus,green,video,False,train,104.02451368631397
data/processed/rousettus/video/not_augmented/occ_roi/none/larry/r--larry--VID_20250909_144351.258.jpg,larry,rousettus,green,video,False,train,96.26329299779
data/processed/rousettus/video/not_augmented/occ_roi/none/larry/r--larry--VID_20250909_144351.259.jpg,larry,rousettus,green,video,False,train,80.61523437341121
data/processed/rousettus/video/not_augmented/occ_roi/none/larry/r--larry--VID_20250909_144351.260.jpg,larry,rousettus,green,video,False,train,68.57124919287615
data/processed/rousettus/video/not_augmented/occ_roi/none/larry/r--larry--VID_20250909_144351.261.jpg,larry,rousettus,green,video,False,train,72.87918503907063
data/processed/rousettus/video/not_augmented/occ_roi/none/larry/r--larry--VID_20250909_144351.262.jpg,larry,rousettus,green,video,False,train,70.6912268333165
data/processed/rousettus/video/not_augmented/occ_roi/none/larry/r--larry--VID_20250909_144351.263.jpg,larry,rousettus,green,video,False,train,81.66970264628648
data/processed/rousettus/video/not_augmented/occ_roi/none/larry/r--larry--VID_20250909_144351.264.jpg,larry,rousettus,green,video,False,train,77.78657117976292
data/processed/rousettus/video/not_augmented/occ_roi/none/larry/r--larry--VID_20250909_144351.265.jpg,larry,rousettus,green,video,False,train,75.73919771155532
data/processed/rousettus/video/not_augmented/occ_roi/none/larry/r--larry--VID_20250909_144351.266.jpg,larry,rousettus,green,video,False,train,76.77473272993285
data/processed/rousettus/video/not_augmented/occ_roi/none/larry/r--larry--VID_20250909_144351.85.jpg,larry,rousettus,green,video,False,train,127.23545120537956
data/processed/rousettus/video/not_augmented/occ_roi/none/larry/r--larry--VID_20250909_144351.86.jpg,larry,rousettus,green,video,False,train,96.556640625
data/processed/rousettus/video/not_augmented/occ_roi/none/larry/r--larry--VID_20250909_144351.87.jpg,larry,rousettus,green,video,False,train,90.67368861249663
data/processed/rousettus/video/not_augmented/occ_roi/none/larry/r--larry--VID_20250909_144351.88.jpg,larry,rousettus,green,video,False,train,83.99497767221627
data/processed/rousettus/video/not_augmented/occ_roi/none/larry/r--larry--VID_20250909_144351.89.jpg,larry,rousettus,green,video,False,train,124.32800541932956
data/processed/rousettus/video/not_augmented/occ_roi/none/larry/r--larry--VID_20250909_144351.90.jpg,larry,rousettus,green,video,False,train,172.20043446708846
data/processed/rousettus/video/not_augmented/occ_roi/none/newton/r--newton--VID_20250909_143734.10.jpg,newton,rousettus,green,video,False,train,110.7861527169262
data/processed/rousettus/video/not_augmented/occ_roi/none/newton/r--newton--VID_20250909_143734.11.jpg,newton,rousettus,green,video,False,train,110.18333405785044
data/processed/rousettus/video/not_augmented/occ_roi/none/newton/r--newton--VID_20250909_143734.121.jpg,newton,rousettus,green,video,False,train,234.33470184313467
data/processed/rousettus/video/not_augmented/occ_roi/none/newton/r--newton--VID_20250909_143734.122.jpg,newton,rousettus,green,video,False,train,202.2720025494316
data/processed/rousettus/video/not_augmented/occ_roi/none/newton/r--newton--VID_20250909_143734.123.jpg,newton,rousettus,green,video,False,train,147.45818707943954
data/processed/rousettus/video/not_augmented/occ_roi/none/newton/r--newton--VID_20250909_143734.131.jpg,newton,rousettus,green,video,False,train,191.9725764908924
data/processed/rousettus/video/not_augmented/occ_roi/none/newton/r--newton--VID_20250909_143734.132.jpg,newton,rousettus,green,video,False,train,182.61611124854545
data/processed/rousettus/video/not_augmented/occ_roi/none/newton/r--newton--VID_20250909_143734.133.jpg,newton,rousettus,green,video,False,train,194.04860875329493
data/processed/rousettus/video/not_augmented/occ_roi/none/newton/r--newton--VID_20250909_143734.134.jpg,newton,rousettus,green,video,False,train,244.04549963044303
data/processed/rousettus/video/not_augmented/occ_roi/none/newton/r--newton--VID_20250909_143734.137.jpg,newton,rousettus,green,video,False,train,284.8934549985454
data/processed/rousettus/video/not_augmented/occ_roi/none/newton/r--newton--VID_20250909_143734.138.jpg,newton,rousettus,green,video,False,train,188.2566764093548
data/processed/rousettus/video/not_augmented/occ_roi/none/newton/r--newton--VID_20250909_143734.142.jpg,newton,rousettus,green,video,False,train,167.85357520442264
data/processed/rousettus/video/not_augmented/occ_roi/none/newton/r--newton--VID_20250909_143734.143.jpg,newton,rousettus,green,video,False,train,133.1563690055266
data/processed/rousettus/video/not_augmented/occ_roi/none/newton/r--newton--VID_20250909_143734.144.jpg,newton,rousettus,green,video,False,train,168.3595543650477
data/processed/rousettus/video/not_augmented/occ_roi/none/newton/r--newton--VID_20250909_143734.145.jpg,newton,rousettus,green,video,False,train,183.62059550342937
data/processed/rousettus/video/not_augmented/occ_roi/none/newton/r--newton--VID_20250909_143734.146.jpg,newton,rousettus,green,video,False,train,142.6210338170704
data/processed/rousettus/video/not_augmented/occ_roi/none/newton/r--newton--VID_20250909_143734.147.jpg,newton,rousettus,green,video,False,train,125.0092473711286
data/processed/rousettus/video/not_augmented/occ_roi/none/newton/r--newton--VID_20250909_143734.148.jpg,newton,rousettus,green,video,False,train,110.4804885364582
data/processed/rousettus/video/not_augmented/occ_roi/none/newton/r--newton--VID_20250909_143734.149.jpg,newton,rousettus,green,video,False,train,109.2057954707974
data/processed/rousettus/video/not_augmented/occ_roi/none/newton/r--newton--VID_20250909_143734.150.jpg,newton,rousettus,green,video,False,train,121.25237161961262
data/processed/rousettus/video/not_augmented/occ_roi/none/newton/r--newton--VID_20250909_143734.155.jpg,newton,rousettus,green,video,False,train,234.26893299711293
data/processed/rousettus/video/not_augmented/occ_roi/none/newton/r--newton--VID_20250909_143734.156.jpg,newton,rousettus,green,video,False,train,143.18257730834338
data/processed/rousettus/video/not_augmented/occ_roi/none/newton/r--newton--VID_20250909_143734.157.jpg,newton,rousettus,green,video,False,train,144.33850836088538
data/processed/rousettus/video/not_augmented/occ_roi/none/newton/r--newton--VID_20250909_143734.158.jpg,newton,rousettus,green,video,False,train,124.62065513448783
data/processed/rousettus/video/not_augmented/occ_roi/none/newton/r--newton--VID_20250909_143734.159.jpg,newton,rousettus,green,video,False,train,132.9376988393076
data/processed/rousettus/video/not_augmented/occ_roi/none/newton/r--newton--VID_20250909_143734.160.jpg,newton,rousettus,green,video,False,train,174.4985849804701
data/processed/rousettus/video/not_augmented/occ_roi/none/newton/r--newton--VID_20250909_143734.162.jpg,newton,rousettus,green,video,False,train,147.83215082749282
data/processed/rousettus/video/not_augmented/occ_roi/none/newton/r--newton--VID_20250909_143734.163.jpg,newton,rousettus,green,video,False,train,147.38897053314616
data/processed/rousettus/video/not_augmented/occ_roi/none/newton/r--newton--VID_20250909_143734.164.jpg,newton,rousettus,green,video,False,train,138.1652382175806
data/processed/rousettus/video/not_augmented/occ_roi/none/newton/r--newton--VID_20250909_143734.165.jpg,newton,rousettus,green,video,False,train,171.3841875700691
data/processed/rousettus/video/not_augmented/occ_roi/none/newton/r--newton--VID_20250909_143734.166.jpg,newton,rousettus,green,video,False,train,171.54023832879628
data/processed/rousettus/video/not_augmented/occ_roi/none/newton/r--newton--VID_20250909_143734.167.jpg,newton,rousettus,green,video,False,train,146.81102511347558
data/processed/rousettus/video/not_augmented/occ_roi/none/newton/r--newton--VID_20250909_143734.168.jpg,newton,rousettus,green,video,False,train,200.98915813784456
data/processed/rousettus/video/not_augmented/occ_roi/none/newton/r--newton--VID_20250909_143734.169.jpg,newton,rousettus,green,video,False,train,191.0703124936448
data/processed/rousettus/video/not_augmented/occ_roi/none/newton/r--newton--VID_20250909_143734.170.jpg,newton,rousettus,green,video,False,train,209.80183746476115
data/processed/rousettus/video/not_augmented/occ_roi/none/newton/r--newton--VID_20250909_143734.171.jpg,newton,rousettus,green,video,False,train,267.77614788133275
data/processed/rousettus/video/not_augmented/occ_roi/none/newton/r--newton--VID_20250909_143734.172.jpg,newton,rousettus,green,video,False,train,262.767956788517
data/processed/rousettus/video/not_augmented/occ_roi/none/newton/r--newton--VID_20250909_143734.173.jpg,newton,rousettus,green,video,False,train,221.902941639053
data/processed/rousettus/video/not_augmented/occ_roi/none/newton/r--newton--VID_20250909_143734.174.jpg,newton,rousettus,green,video,False,train,175.4996412627551
data/processed/rousettus/video/not_augmented/occ_roi/none/newton/r--newton--VID_20250909_143734.175.jpg,newton,rousettus,green,video,False,train,208.8472177536475
data/processed/rousettus/video/not_augmented/occ_roi/none/newton/r--newton--VID_20250909_143734.176.jpg,newton,rousettus,green,video,False,train,230.6736088867537
data/processed/rousettus/video/not_augmented/occ_roi/none/newton/r--newton--VID_20250909_143734.177.jpg,newton,rousettus,green,video,False,train,227.7822263873353
data/processed/rousettus/video/not_augmented/occ_roi/none/newton/r--newton--VID_20250909_143734.178.jpg,newton,rousettus,green,video,False,train,208.34243450140963
data/processed/rousettus/video/not_augmented/occ_roi/none/newton/r--newton--VID_20250909_143734.179.jpg,newton,rousettus,green,video,False,train,220.6852676648987
data/processed/rousettus/video/not_augmented/occ_roi/none/newton/r--newton--VID_20250909_143734.180.jpg,newton,rousettus,green,video,False,train,214.782565330178
data/processed/rousettus/video/not_augmented/occ_roi/none/newton/r--newton--VID_20250909_143734.181.jpg,newton,rousettus,green,video,False,train,196.4406887739214
data/processed/rousettus/video/not_augmented/occ_roi/none/newton/r--newton--VID_20250909_143734.182.jpg,newton,rousettus,green,video,False,train,200.37270805767207
data/processed/rousettus/video/not_augmented/occ_roi/none/newton/r--newton--VID_20250909_143734.183.jpg,newton,rousettus,green,video,False,train,246.8147719247
data/processed/rousettus/video/not_augmented/occ_roi/none/newton/r--newton--VID_20250909_143734.184.jpg,newton,rousettus,green,video,False,train,188.7154216007708
data/processed/rousettus/video/not_augmented/occ_roi/none/newton/r--newton--VID_20250909_143734.185.jpg,newton,rousettus,green,video,False,train,191.9310824304062
data/processed/rousettus/video/not_augmented/occ_roi/none/newton/r--newton--VID_20250909_143734.186.jpg,newton,rousettus,green,video,False,train,234.0665058956599
data/processed/rousettus/video/not_augmented/occ_roi/none/newton/r--newton--VID_20250909_143734.187.jpg,newton,rousettus,green,video,False,train,217.83711334150664
data/processed/rousettus/video/not_augmented/occ_roi/none/newton/r--newton--VID_20250909_143734.188.jpg,newton,rousettus,green,video,False,train,234.66485965415768
data/processed/rousettus/video/not_augmented/occ_roi/none/newton/r--newton--VID_20250909_143734.189.jpg,newton,rousettus,green,video,False,train,316.61078995200603
data/processed/rousettus/video/not_augmented/occ_roi/none/newton/r--newton--VID_20250909_143734.19.jpg,newton,rousettus,green,video,False,train,135.49115101926677
data/processed/rousettus/video/not_augmented/occ_roi/none/newton/r--newton--VID_20250909_143734.190.jpg,newton,rousettus,green,video,False,train,326.4877232079305
data/processed/rousettus/video/not_augmented/occ_roi/none/newton/r--newton--VID_20250909_143734.191.jpg,newton,rousettus,green,video,False,train,285.42725605708466
data/processed/rousettus/video/not_augmented/occ_roi/none/newton/r--newton--VID_20250909_143734.192.jpg,newton,rousettus,green,video,False,train,255.38685804881035
data/processed/rousettus/video/not_augmented/occ_roi/none/newton/r--newton--VID_20250909_143734.193.jpg,newton,rousettus,green,video,False,train,257.0988519836197
data/processed/rousettus/video/not_augmented/occ_roi/none/newton/r--newton--VID_20250909_143734.194.jpg,newton,rousettus,green,video,False,train,279.631536950076
data/processed/rousettus/video/not_augmented/occ_roi/none/newton/r--newton--VID_20250909_143734.195.jpg,newton,rousettus,green,video,False,train,285.3978196743477
data/processed/rousettus/video/not_augmented/occ_roi/none/newton/r--newton--VID_20250909_143734.196.jpg,newton,rousettus,green,video,False,train,335.08502072068563
data/processed/rousettus/video/not_augmented/occ_roi/none/newton/r--newton--VID_20250909_143734.197.jpg,newton,rousettus,green,video,False,train,328.88235393835583
data/processed/rousettus/video/not_augmented/occ_roi/none/newton/r--newton--VID_20250909_143734.198.jpg,newton,rousettus,green,video,False,train,317.5146882650209
data/processed/rousettus/video/not_augmented/occ_roi/none/newton/r--newton--VID_20250909_143734.199.jpg,newton,rousettus,green,video,False,train,310.5769888235599
data/processed/rousettus/video/not_augmented/occ_roi/none/newton/r--newton--VID_20250909_143734.200.jpg,newton,rousettus,green,video,False,train,338.03758765160654
data/processed/rousettus/video/not_augmented/occ_roi/none/newton/r--newton--VID_20250909_143734.201.jpg,newton,rousettus,green,video,False,train,359.51688046556666
data/processed/rousettus/video/not_augmented/occ_roi/none/newton/r--newton--VID_20250909_143734.202.jpg,newton,rousettus,green,video,False,train,382.4402502934568
data/processed/rousettus/video/not_augmented/occ_roi/none/newton/r--newton--VID_20250909_143734.203.jpg,newton,rousettus,green,video,False,train,402.6771165493476
data/processed/rousettus/video/not_augmented/occ_roi/none/newton/r--newton--VID_20250909_143734.204.jpg,newton,rousettus,green,video,False,train,468.3730866774972
data/processed/rousettus/video/not_augmented/occ_roi/none/newton/r--newton--VID_20250909_143734.205.jpg,newton,rousettus,green,video,False,train,435.91342473854286
data/processed/rousettus/video/not_augmented/occ_roi/none/newton/r--newton--VID_20250909_143734.206.jpg,newton,rousettus,green,video,False,train,320.99270561882383
data/processed/rousettus/video/not_augmented/occ_roi/none/newton/r--newton--VID_20250909_143734.207.jpg,newton,rousettus,green,video,False,train,277.0721261156742
data/processed/rousettus/video/not_augmented/occ_roi/none/newton/r--newton--VID_20250909_143734.208.jpg,newton,rousettus,green,video,False,train,257.92055955225106
data/processed/rousettus/video/not_augmented/occ_roi/none/newton/r--newton--VID_20250909_143734.209.jpg,newton,rousettus,green,video,False,train,302.0717274297629
data/processed/rousettus/video/not_augmented/occ_roi/none/newton/r--newton--VID_20250909_143734.210.jpg,newton,rousettus,green,video,False,train,313.48808193723147
data/processed/rousettus/video/not_augmented/occ_roi/none/newton/r--newton--VID_20250909_143734.211.jpg,newton,rousettus,green,video,False,train,400.9176100127551
data/processed/rousettus/video/not_augmented/occ_roi/none/newton/r--newton--VID_20250909_143734.212.jpg,newton,rousettus,green,video,False,train,181.9480628188776
data/processed/rousettus/video/not_augmented/occ_roi/none/newton/r--newton--VID_20250909_143734.213.jpg,newton,rousettus,green,video,False,train,171.28888312780276
data/processed/rousettus/video/not_augmented/occ_roi/none/newton/r--newton--VID_20250909_143734.214.jpg,newton,rousettus,green,video,False,train,257.69439570162007
data/processed/rousettus/video/not_augmented/occ_roi/none/newton/r--newton--VID_20250909_143734.216.jpg,newton,rousettus,green,video,False,train,105.72024472859046
data/processed/rousettus/video/not_augmented/occ_roi/none/newton/r--newton--VID_20250909_143734.217.jpg,newton,rousettus,green,video,False,train,143.06552931131395
data/processed/rousettus/video/not_augmented/occ_roi/none/newton/r--newton--VID_20250909_143734.218.jpg,newton,rousettus,green,video,False,train,131.69798307406907
data/processed/rousettus/video/not_augmented/occ_roi/none/newton/r--newton--VID_20250909_143734.219.jpg,newton,rousettus,green,video,False,train,85.74077193710218
data/processed/rousettus/video/not_augmented/occ_roi/none/newton/r--newton--VID_20250909_143734.22.jpg,newton,rousettus,green,video,False,train,84.72285554211419
data/processed/rousettus/video/not_augmented/occ_roi/none/newton/r--newton--VID_20250909_143734.220.jpg,newton,rousettus,green,video,False,train,92.42578122457928
data/processed/rousettus/video/not_augmented/occ_roi/none/newton/r--newton--VID_20250909_143734.222.jpg,newton,rousettus,green,video,False,train,72.55982937508948
data/processed/rousettus/video/not_augmented/occ_roi/none/newton/r--newton--VID_20250909_143734.224.jpg,newton,rousettus,green,video,False,train,94.64178082943955
data/processed/rousettus/video/not_augmented/occ_roi/none/newton/r--newton--VID_20250909_143734.228.jpg,newton,rousettus,green,video,False,train,94.24645247294576
data/processed/rousettus/video/not_augmented/occ_roi/none/newton/r--newton--VID_20250909_143734.229.jpg,newton,rousettus,green,video,False,train,75.89764029182328
data/processed/rousettus/video/not_augmented/occ_roi/none/newton/r--newton--VID_20250909_143734.232.jpg,newton,rousettus,green,video,False,train,146.76604349461263
data/processed/rousettus/video/not_augmented/occ_roi/none/newton/r--newton--VID_20250909_143734.233.jpg,newton,rousettus,green,video,False,train,110.31758207879628
data/processed/rousettus/video/not_augmented/occ_roi/none/newton/r--newton--VID_20250909_143734.234.jpg,newton,rousettus,green,video,False,train,99.59052136320716
data/processed/rousettus/video/not_augmented/occ_roi/none/newton/r--newton--VID_20250909_143734.3.jpg,newton,rousettus,green,video,False,train,236.8221458870389
data/processed/rousettus/video/not_augmented/occ_roi/none/newton/r--newton--VID_20250909_143734.4.jpg,newton,rousettus,green,video,False,train,277.48046874364485
data/processed/rousettus/video/not_augmented/occ_roi/none/newton/r--newton--VID_20250909_143734.5.jpg,newton,rousettus,green,video,False,train,239.4464086094085
data/processed/rousettus/video/not_augmented/occ_roi/none/rasmi/r--rasmi--VID_20250909_143832.164.jpg,rasmi,rousettus,green,video,False,train,124.88303172474154
data/processed/rousettus/video/not_augmented/occ_roi/none/rasmi/r--rasmi--VID_20250909_143832.165.jpg,rasmi,rousettus,green,video,False,train,162.8741031088267
data/processed/rousettus/video/not_augmented/occ_roi/none/rasmi/r--rasmi--VID_20250909_143832.167.jpg,rasmi,rousettus,green,video,False,train,108.89044562144758
data/processed/rousettus/video/not_augmented/occ_roi/none/rasmi/r--rasmi--VID_20250909_143832.168.jpg,rasmi,rousettus,green,video,False,train,117.07033242627216
data/processed/rousettus/video/not_augmented/occ_roi/none/rasmi/r--rasmi--VID_20250909_143832.169.jpg,rasmi,rousettus,green,video,False,train,106.33625637596222
data/processed/rousettus/video/not_augmented/occ_roi/none/rasmi/r--rasmi--VID_20250909_143832.170.jpg,rasmi,rousettus,green,video,False,train,106.5814134211701
data/processed/rousettus/video/not_augmented/occ_roi/none/rasmi/r--rasmi--VID_20250909_143832.171.jpg,rasmi,rousettus,green,video,False,train,111.63454636451058
data/processed/rousettus/video/not_augmented/occ_roi/none/rasmi/r--rasmi--VID_20250909_143832.172.jpg,rasmi,rousettus,green,video,False,train,94.57752710300302
data/processed/rousettus/video/not_augmented/occ_roi/none/rasmi/r--rasmi--VID_20250909_143832.173.jpg,rasmi,rousettus,green,video,False,train,69.98999521524794
data/processed/rousettus/video/not_augmented/occ_roi/none/rasmi/r--rasmi--VID_20250909_143832.174.jpg,rasmi,rousettus,green,video,False,train,71.36519447558625
data/processed/rousettus/video/not_augmented/occ_roi/none/rasmi/r--rasmi--VID_20250909_143832.175.jpg,rasmi,rousettus,green,video,False,train,71.00687579679668
data/processed/rousettus/video/not_augmented/occ_roi/none/rasmi/r--rasmi--VID_20250909_143832.176.jpg,rasmi,rousettus,green,video,False,train,72.3025749346357
data/processed/rousettus/video/not_augmented/occ_roi/none/rasmi/r--rasmi--VID_20250909_143832.177.jpg,rasmi,rousettus,green,video,False,train,72.27740352961084
data/processed/rousettus/video/not_augmented/occ_roi/none/rasmi/r--rasmi--VID_20250909_143832.178.jpg,rasmi,rousettus,green,video,False,train,75.9824617283387
data/processed/rousettus/video/not_augmented/occ_roi/none/rasmi/r--rasmi--VID_20250909_143832.179.jpg,rasmi,rousettus,green,video,False,train,85.86369977638853
data/processed/rousettus/video/not_augmented/occ_roi/none/rasmi/r--rasmi--VID_20250909_143832.180.jpg,rasmi,rousettus,green,video,False,train,91.06825971583532
data/processed/rousettus/video/not_augmented/occ_roi/none/rasmi/r--rasmi--VID_20250909_143832.181.jpg,rasmi,rousettus,green,video,False,train,95.32280366374071
data/processed/rousettus/video/not_augmented/occ_roi/none/rasmi/r--rasmi--VID_20250909_143832.182.jpg,rasmi,rousettus,green,video,False,train,88.42602040657447
data/processed/rousettus/video/not_augmented/occ_roi/none/rasmi/r--rasmi--VID_20250909_143832.183.jpg,rasmi,rousettus,green,video,False,train,114.0932318176244
data/processed/rousettus/video/not_augmented/occ_roi/none/rasmi/r--rasmi--VID_20250909_143832.184.jpg,rasmi,rousettus,green,video,False,train,103.01147958548158
data/processed/rousettus/video/not_augmented/occ_roi/none/rasmi/r--rasmi--VID_20250909_143832.185.jpg,rasmi,rousettus,green,video,False,train,81.82605210367416
data/processed/rousettus/video/not_augmented/occ_roi/none/rasmi/r--rasmi--VID_20250909_143832.186.jpg,rasmi,rousettus,green,video,False,train,85.23272081277409
data/processed/rousettus/video/not_augmented/occ_roi/none/rasmi/r--rasmi--VID_20250909_143832.187.jpg,rasmi,rousettus,green,video,False,train,99.0201689479054
data/processed/rousettus/video/not_augmented/occ_roi/none/rasmi/r--rasmi--VID_20250909_143832.188.jpg,rasmi,rousettus,green,video,False,train,94.85363520249284
data/processed/rousettus/video/not_augmented/occ_roi/none/rasmi/r--rasmi--VID_20250909_143832.189.jpg,rasmi,rousettus,green,video,False,train,106.63572220045644
data/processed/rousettus/video/not_augmented/occ_roi/none/rasmi/r--rasmi--VID_20250909_143832.190.jpg,rasmi,rousettus,green,video,False,train,103.50205265944425
data/processed/rousettus/video/not_augmented/occ_roi/none/rasmi/r--rasmi--VID_20250909_143832.191.jpg,rasmi,rousettus,green,video,False,train,100.37567751311305
data/processed/rousettus/video/not_augmented/occ_roi/none/rasmi/r--rasmi--VID_20250909_143832.192.jpg,rasmi,rousettus,green,video,False,train,92.60255899075815
data/processed/rousettus/video/not_augmented/occ_roi/none/rasmi/r--rasmi--VID_20250909_143832.193.jpg,rasmi,rousettus,green,video,False,train,101.34319192456582
data/processed/rousettus/video/not_augmented/occ_roi/none/rasmi/r--rasmi--VID_20250909_143832.194.jpg,rasmi,rousettus,green,video,False,train,86.81584820793056
data/processed/rousettus/video/not_augmented/occ_roi/none/rasmi/r--rasmi--VID_20250909_143832.195.jpg,rasmi,rousettus,green,video,False,train,86.82826441955883
data/processed/rousettus/video/not_augmented/occ_roi/none/rasmi/r--rasmi--VID_20250909_143832.196.jpg,rasmi,rousettus,green,video,False,train,89.86023177330019
data/processed/rousettus/video/not_augmented/occ_roi/none/rasmi/r--rasmi--VID_20250909_143832.197.jpg,rasmi,rousettus,green,video,False,train,93.2664620281507
data/processed/rousettus/video/not_augmented/occ_roi/none/rasmi/r--rasmi--VID_20250909_143832.198.jpg,rasmi,rousettus,green,video,False,train,92.75358734702829
data/processed/rousettus/video/not_augmented/occ_roi/none/rasmi/r--rasmi--VID_20250909_143832.199.jpg,rasmi,rousettus,green,video,False,train,97.96747447549676
data/processed/rousettus/video/not_augmented/occ_roi/none/rasmi/r--rasmi--VID_20250909_143832.200.jpg,rasmi,rousettus,green,video,False,train,95.8787268619148
data/processed/rousettus/video/not_augmented/occ_roi/none/rasmi/r--rasmi--VID_20250909_143832.201.jpg,rasmi,rousettus,green,video,False,train,93.74017429590126
data/processed/rousettus/video/not_augmented/occ_roi/none/rasmi/r--rasmi--VID_20250909_143832.202.jpg,rasmi,rousettus,green,video,False,train,89.22975123579033
data/processed/rousettus/video/not_augmented/occ_roi/none/rasmi/r--rasmi--VID_20250909_143832.203.jpg,rasmi,rousettus,green,video,False,train,83.18130180767207
data/processed/rousettus/video/not_augmented/occ_roi/none/rasmi/r--rasmi--VID_20250909_143832.205.jpg,rasmi,rousettus,green,video,False,train,79.17821267702737
data/processed/rousettus/video/not_augmented/occ_roi/none/rasmi/r--rasmi--VID_20250909_143832.206.jpg,rasmi,rousettus,green,video,False,train,75.85544881022308
data/processed/rousettus/video/not_augmented/occ_roi/none/rasmi/r--rasmi--VID_20250909_143832.207.jpg,rasmi,rousettus,green,video,False,train,69.11848293012106
data/processed/rousettus/video/not_augmented/occ_roi/none/rasmi/r--rasmi--VID_20250909_143832.211.jpg,rasmi,rousettus,green,video,False,train,66.94174505700074
data/processed/rousettus/video/not_augmented/occ_roi/none/rasmi/r--rasmi--VID_20250909_143832.213.jpg,rasmi,rousettus,green,video,False,train,59.07312260484358
data/processed/rousettus/video/not_augmented/occ_roi/none/rasmi/r--rasmi--VID_20250909_143832.216.jpg,rasmi,rousettus,green,video,False,train,57.87930482151806
data/processed/rousettus/video/not_augmented/occ_roi/none/rasmi/r--rasmi--VID_20250909_143832.220.jpg,rasmi,rousettus,green,video,False,train,60.233956406087685
data/processed/rousettus/video/not_augmented/occ_roi/none/rasmi/r--rasmi--VID_20250909_143832.221.jpg,rasmi,rousettus,green,video,False,train,75.92016097596664
data/processed/rousettus/video/not_augmented/occ_roi/none/rasmi/r--rasmi--VID_20250909_143832.222.jpg,rasmi,rousettus,green,video,False,train,69.93718106525235
data/processed/rousettus/video/not_augmented/occ_roi/none/rasmi/r--rasmi--VID_20250909_143832.223.jpg,rasmi,rousettus,green,video,False,train,69.38873161647976
data/processed/rousettus/video/not_augmented/occ_roi/none/rasmi/r--rasmi--VID_20250909_143832.226.jpg,rasmi,rousettus,green,video,False,train,75.84319196428571
data/processed/rousettus/video/not_augmented/occ_roi/none/rasmi/r--rasmi--VID_20250909_143832.228.jpg,rasmi,rousettus,green,video,False,train,79.90288185229255
data/processed/rousettus/video/not_augmented/occ_roi/none/rasmi/r--rasmi--VID_20250909_143832.229.jpg,rasmi,rousettus,green,video,False,train,72.21338886759868
data/processed/rousettus/video/not_augmented/occ_roi/none/rasmi/r--rasmi--VID_20250909_143832.230.jpg,rasmi,rousettus,green,video,False,train,86.5912786592597
data/processed/rousettus/video/not_augmented/occ_roi/none/rasmi/r--rasmi--VID_20250909_143832.231.jpg,rasmi,rousettus,green,video,False,train,80.04298864767384
data/processed/rousettus/video/not_augmented/occ_roi/none/rasmi/r--rasmi--VID_20250909_143832.232.jpg,rasmi,rousettus,green,video,False,train,91.40806354894482
data/processed/rousettus/video/not_augmented/occ_roi/none/rasmi/r--rasmi--VID_20250909_143832.233.jpg,rasmi,rousettus,green,video,False,train,75.24573500639993
data/processed/rousettus/video/not_augmented/occ_roi/none/rasmi/r--rasmi--VID_20250909_143832.234.jpg,rasmi,rousettus,green,video,False,train,84.4526067842597
data/processed/rousettus/video/not_augmented/occ_roi/none/rasmi/r--rasmi--VID_20250909_143832.235.jpg,rasmi,rousettus,green,video,False,train,91.20551656733348
data/processed/rousettus/video/not_augmented/occ_roi/none/rasmi/r--rasmi--VID_20250909_143832.237.jpg,rasmi,rousettus,green,video,False,train,107.62113355249726
data/processed/rousettus/video/not_augmented/occ_roi/none/rasmi/r--rasmi--VID_20250909_143832.238.jpg,rasmi,rousettus,green,video,False,train,98.20356345663264
data/processed/rousettus/video/not_augmented/occ_roi/none/rasmi/r--rasmi--VID_20250909_143832.239.jpg,rasmi,rousettus,green,video,False,train,115.73399630073509
data/processed/rousettus/video/not_augmented/occ_roi/none/rasmi/r--rasmi--VID_20250909_143832.240.jpg,rasmi,rousettus,green,video,False,train,99.22704077660664
data/processed/rousettus/video/not_augmented/occ_roi/none/rasmi/r--rasmi--VID_20250909_143832.45.jpg,rasmi,rousettus,green,video,False,train,187.9462093331823
data/processed/rousettus/video/not_augmented/occ_roi/none/rasmi/r--rasmi--VID_20250909_143832.46.jpg,rasmi,rousettus,green,video,False,train,166.43755975736772
data/processed/rousettus/video/not_augmented/occ_roi/none/rasmi/r--rasmi--VID_20250909_143832.47.jpg,rasmi,rousettus,green,video,False,train,166.06973453086405
data/processed/rousettus/video/not_augmented/occ_roi/none/rasmi/r--rasmi--VID_20250909_143832.48.jpg,rasmi,rousettus,green,video,False,train,139.1777343734112
data/processed/rousettus/video/not_augmented/occ_roi/none/rasmi/r--rasmi--VID_20250909_143832.49.jpg,rasmi,rousettus,green,video,False,train,160.7996452483273
data/processed/rousettus/video/not_augmented/occ_roi/none/rasmi/r--rasmi--VID_20250909_143832.50.jpg,rasmi,rousettus,green,video,False,train,159.65656887119584
data/processed/rousettus/video/not_augmented/occ_roi/none/rasmi/r--rasmi--VID_20250909_143832.53.jpg,rasmi,rousettus,green,video,False,train,160.0780253503681
data/processed/rousettus/video/not_augmented/occ_roi/none/rasmi/r--rasmi--VID_20250909_143832.54.jpg,rasmi,rousettus,green,video,False,train,152.73303966808203
data/processed/rousettus/video/not_augmented/occ_roi/none/rasmi/r--rasmi--VID_20250909_143832.55.jpg,rasmi,rousettus,green,video,False,train,154.1209940971905
data/processed/rousettus/video/not_augmented/occ_roi/none/rasmi/r--rasmi--VID_20250909_143832.56.jpg,rasmi,rousettus,green,video,False,train,192.4028619244316
data/processed/rousettus/video/not_augmented/occ_roi/none/rasmi/r--rasmi--VID_20250909_143832.57.jpg,rasmi,rousettus,green,video,False,train,178.46699616711425
data/processed/rousettus/video/not_augmented/occ_roi/none/rasmi/r--rasmi--VID_20250909_143832.58.jpg,rasmi,rousettus,green,video,False,train,201.0110410954842
data/processed/rousettus/video/not_augmented/occ_roi/none/rasmi/r--rasmi--VID_20250909_143832.60.jpg,rasmi,rousettus,green,video,False,train,211.472855419777
data/processed/rousettus/video/not_augmented/occ_roi/none/rasmi/r--rasmi--VID_20250909_143832.61.jpg,rasmi,rousettus,green,video,False,train,199.4382373944068
data/processed/rousettus/video/not_augmented/occ_roi/none/rosi/r--rosi--VID_20250909_143902.10.jpg,rosi,rousettus,green,video,False,train,139.85662464140256
data/processed/rousettus/video/not_augmented/occ_roi/none/rosi/r--rosi--VID_20250909_143902.11.jpg,rosi,rousettus,green,video,False,train,142.0066962363272
data/processed/rousettus/video/not_augmented/occ_roi/none/rosi/r--rosi--VID_20250909_143902.12.jpg,rosi,rousettus,green,video,False,train,121.87149234534998
data/processed/rousettus/video/not_augmented/occ_roi/none/rosi/r--rosi--VID_20250909_143902.13.jpg,rosi,rousettus,green,video,False,train,109.87336574619586
data/processed/rousettus/video/not_augmented/occ_roi/none/rosi/r--rosi--VID_20250909_143902.14.jpg,rosi,rousettus,green,video,False,train,148.68150109660868
data/processed/rousettus/video/not_augmented/occ_roi/none/rosi/r--rosi--VID_20250909_143902.15.jpg,rosi,rousettus,green,video,False,train,198.14917488487404
data/processed/rousettus/video/not_augmented/occ_roi/none/rosi/r--rosi--VID_20250909_143902.16.jpg,rosi,rousettus,green,video,False,train,140.96478395052924
data/processed/rousettus/video/not_augmented/occ_roi/none/rosi/r--rosi--VID_20250909_143902.17.jpg,rosi,rousettus,green,video,False,train,155.53519610333865
data/processed/rousettus/video/not_augmented/occ_roi/none/rosi/r--rosi--VID_20250909_143902.18.jpg,rosi,rousettus,green,video,False,train,153.4923469133548
data/processed/rousettus/video/not_augmented/occ_roi/none/rosi/r--rosi--VID_20250909_143902.19.jpg,rosi,rousettus,green,video,False,train,311.4582071105721
data/processed/rousettus/video/not_augmented/occ_roi/none/rosi/r--rosi--VID_20250909_143902.20.jpg,rosi,rousettus,green,video,False,train,275.4136240417786
data/processed/rousettus/video/not_augmented/occ_roi/none/rosi/r--rosi--VID_20250909_143902.205.jpg,rosi,rousettus,green,video,False,train,184.1621292853842
data/processed/rousettus/video/not_augmented/occ_roi/none/rosi/r--rosi--VID_20250909_143902.206.jpg,rosi,rousettus,green,video,False,train,194.92131695793051
data/processed/rousettus/video/not_augmented/occ_roi/none/rosi/r--rosi--VID_20250909_143902.207.jpg,rosi,rousettus,green,video,False,train,188.8317920854816
data/processed/rousettus/video/not_augmented/occ_roi/none/rosi/r--rosi--VID_20250909_143902.208.jpg,rosi,rousettus,green,video,False,train,244.32724808037952
data/processed/rousettus/video/not_augmented/occ_roi/none/rosi/r--rosi--VID_20250909_143902.209.jpg,rosi,rousettus,green,video,False,train,204.75577965402343
data/processed/rousettus/video/not_augmented/occ_roi/none/rosi/r--rosi--VID_20250909_143902.21.jpg,rosi,rousettus,green,video,False,train,186.3775709307924
data/processed/rousettus/video/not_augmented/occ_roi/none/rosi/r--rosi--VID_20250909_143902.210.jpg,rosi,rousettus,green,video,False,train,228.22606423436383
data/processed/rousettus/video/not_augmented/occ_roi/none/rosi/r--rosi--VID_20250909_143902.211.jpg,rosi,rousettus,green,video,False,train,267.7022878685776
data/processed/rousettus/video/not_augmented/occ_roi/none/rosi/r--rosi--VID_20250909_143902.212.jpg,rosi,rousettus,green,video,False,train,159.09042171198644
data/processed/rousettus/video/not_augmented/occ_roi/none/rosi/r--rosi--VID_20250909_143902.238.jpg,rosi,rousettus,green,video,False,train,230.33591756975588
data/processed/rousettus/video/not_augmented/occ_roi/none/rosi/r--rosi--VID_20250909_143902.239.jpg,rosi,rousettus,green,video,False,train,218.96209342953367
data/processed/rousettus/video/not_augmented/occ_roi/none/rosi/r--rosi--VID_20250909_143902.240.jpg,rosi,rousettus,green,video,False,train,198.59861288106424
data/processed/rousettus/video/not_augmented/occ_roi/none/rosi/r--rosi--VID_20250909_143902.241.jpg,rosi,rousettus,green,video,False,train,197.92532272013167
data/processed/rousettus/video/not_augmented/occ_roi/none/rosi/r--rosi--VID_20250909_143902.242.jpg,rosi,rousettus,green,video,False,train,188.592075878558
data/processed/rousettus/video/not_augmented/occ_roi/none/rosi/r--rosi--VID_20250909_143902.243.jpg,rosi,rousettus,green,video,False,train,233.56867809367156
data/processed/rousettus/video/not_augmented/occ_roi/none/rosi/r--rosi--VID_20250909_143902.244.jpg,rosi,rousettus,green,video,False,train,270.2054368558897
data/processed/rousettus/video/not_augmented/occ_roi/none/rosi/r--rosi--VID_20250909_143902.245.jpg,rosi,rousettus,green,video,False,train,305.6645009502775
data/processed/rousettus/video/not_augmented/occ_roi/none/rosi/r--rosi--VID_20250909_143902.246.jpg,rosi,rousettus,green,video,False,train,377.6651785650735
data/processed/rousettus/video/not_augmented/occ_roi/none/rosi/r--rosi--VID_20250909_143902.247.jpg,rosi,rousettus,green,video,False,train,395.3832109046945
data/processed/rousettus/video/not_augmented/occ_roi/none/rosi/r--rosi--VID_20250909_143902.248.jpg,rosi,rousettus,green,video,False,train,428.03993939896617
data/processed/rousettus/video/not_augmented/occ_roi/none/rosi/r--rosi--VID_20250909_143902.249.jpg,rosi,rousettus,green,video,False,train,416.9468072381232
data/processed/rousettus/video/not_augmented/occ_roi/none/rosi/r--rosi--VID_20250909_143902.250.jpg,rosi,rousettus,green,video,False,train,344.9806480991598
data/processed/rousettus/video/not_augmented/occ_roi/none/rosi/r--rosi--VID_20250909_143902.251.jpg,rosi,rousettus,green,video,False,train,293.57120931093914
data/processed/rousettus/video/not_augmented/occ_roi/none/rosi/r--rosi--VID_20250909_143902.252.jpg,rosi,rousettus,green,video,False,train,240.99950175025177
data/processed/rousettus/video/not_augmented/occ_roi/none/rosi/r--rosi--VID_20250909_143902.253.jpg,rosi,rousettus,green,video,False,train,249.38632011334133
data/processed/rousettus/video/not_augmented/occ_roi/none/rosi/r--rosi--VID_20250909_143902.254.jpg,rosi,rousettus,green,video,False,train,250.9084421814804
data/processed/rousettus/video/not_augmented/occ_roi/none/rosi/r--rosi--VID_20250909_143902.255.jpg,rosi,rousettus,green,video,False,train,262.3674864473069
data/processed/rousettus/video/not_augmented/occ_roi/none/rosi/r--rosi--VID_20250909_143902.256.jpg,rosi,rousettus,green,video,False,train,224.6256576178224
data/processed/rousettus/video/not_augmented/occ_roi/none/rosi/r--rosi--VID_20250909_143902.257.jpg,rosi,rousettus,green,video,False,train,253.87456154336732
data/processed/rousettus/video/not_augmented/occ_roi/none/rosi/r--rosi--VID_20250909_143902.258.jpg,rosi,rousettus,green,video,False,train,275.8519807372278
data/processed/rousettus/video/not_augmented/occ_roi/none/rosi/r--rosi--VID_20250909_143902.259.jpg,rosi,rousettus,green,video,False,train,298.5998086480486
data/processed/rousettus/video/not_augmented/occ_roi/none/rosi/r--rosi--VID_20250909_143902.260.jpg,rosi,rousettus,green,video,False,train,281.1720542252337
data/processed/rousettus/video/not_augmented/occ_roi/none/rosi/r--rosi--VID_20250909_143902.261.jpg,rosi,rousettus,green,video,False,train,325.27439400396065
data/processed/rousettus/video/not_augmented/occ_roi/none/rosi/r--rosi--VID_20250909_143902.262.jpg,rosi,rousettus,green,video,False,train,379.3410195215996
data/processed/rousettus/video/not_augmented/occ_roi/none/rosi/r--rosi--VID_20250909_143902.263.jpg,rosi,rousettus,green,video,False,train,299.9117506361663
data/processed/rousettus/video/not_augmented/occ_roi/none/rosi/r--rosi--VID_20250909_143902.264.jpg,rosi,rousettus,green,video,False,train,276.76753826371737
data/processed/rousettus/video/not_augmented/occ_roi/none/rosi/r--rosi--VID_20250909_143902.265.jpg,rosi,rousettus,green,video,False,train,231.14811858272915
data/processed/rousettus/video/not_augmented/occ_roi/none/rosi/r--rosi--VID_20250909_143902.266.jpg,rosi,rousettus,green,video,False,train,189.3297790879262
data/processed/rousettus/video/not_augmented/occ_roi/none/rosi/r--rosi--VID_20250909_143902.267.jpg,rosi,rousettus,green,video,False,train,180.1935985188641
data/processed/rousettus/video/not_augmented/occ_roi/none/rosi/r--rosi--VID_20250909_143902.268.jpg,rosi,rousettus,green,video,False,train,194.01143967494625
data/processed/rousettus/video/not_augmented/occ_roi/none/rosi/r--rosi--VID_20250909_143902.269.jpg,rosi,rousettus,green,video,False,train,177.78679047202826
data/processed/rousettus/video/not_augmented/occ_roi/none/rosi/r--rosi--VID_20250909_143902.270.jpg,rosi,rousettus,green,video,False,train,167.8458824900477
data/processed/rousettus/video/not_augmented/occ_roi/none/rosi/r--rosi--VID_20250909_143902.271.jpg,rosi,rousettus,green,video,False,train,162.62203045240892
data/processed/rousettus/video/not_augmented/occ_roi/none/rosi/r--rosi--VID_20250909_143902.272.jpg,rosi,rousettus,green,video,False,train,157.9454719387755
data/processed/rousettus/video/not_augmented/occ_roi/none/rosi/r--rosi--VID_20250909_143902.273.jpg,rosi,rousettus,green,video,False,train,161.04278937144758
data/processed/rousettus/video/not_augmented/occ_roi/none/rosi/r--rosi--VID_20250909_143902.274.jpg,rosi,rousettus,green,video,False,train,158.7813297130326
data/processed/rousettus/video/not_augmented/occ_roi/none/rosi/r--rosi--VID_20250909_143902.275.jpg,rosi,rousettus,green,video,False,train,146.8526784935776
data/processed/rousettus/video/not_augmented/occ_roi/none/rosi/r--rosi--VID_20250909_143902.55.jpg,rosi,rousettus,green,video,False,train,185.75478316167647
data/processed/rousettus/video/not_augmented/occ_roi/none/rosi/r--rosi--VID_20250909_143902.56.jpg,rosi,rousettus,green,video,False,train,147.87099409083532
data/processed/rousettus/video/not_augmented/occ_roi/none/rosi/r--rosi--VID_20250909_143902.58.jpg,rosi,rousettus,green,video,False,train,193.13980786634556
data/processed/rousettus/video/not_augmented/occ_roi/none/rosi/r--rosi--VID_20250909_143902.59.jpg,rosi,rousettus,green,video,False,train,211.2794961591702
data/processed/rousettus/video/not_augmented/occ_roi/none/rosi/r--rosi--VID_20250909_143902.60.jpg,rosi,rousettus,green,video,False,train,194.22313455997136
data/processed/rousettus/video/not_augmented/occ_roi/none/rosi/r--rosi--VID_20250909_143902.61.jpg,rosi,rousettus,green,video,False,train,300.52060723294824
data/processed/rousettus/video/not_augmented/occ_roi/none/rosi/r--rosi--VID_20250909_143902.62.jpg,rosi,rousettus,green,video,False,train,177.1560108354816
data/processed/rousettus/video/not_augmented/occ_roi/none/rosi/r--rosi--VID_20250909_143902.63.jpg,rosi,rousettus,green,video,False,train,179.78691003681075
data/processed/rousettus/video/not_augmented/occ_roi/none/rosi/r--rosi--VID_20250909_143902.64.jpg,rosi,rousettus,green,video,False,train,163.05221617355886
data/processed/rousettus/video/not_augmented/occ_roi/none/rosi/r--rosi--VID_20250909_143902.65.jpg,rosi,rousettus,green,video,False,train,218.5244137729421
data/processed/rousettus/video/not_augmented/occ_roi/none/rosi/r--rosi--VID_20250909_143902.66.jpg,rosi,rousettus,green,video,False,train,227.3835698278285
data/processed/rousettus/video/not_augmented/occ_roi/none/rosi/r--rosi--VID_20250909_143902.67.jpg,rosi,rousettus,green,video,False,train,159.92889030453364
data/processed/rousettus/video/not_augmented/occ_roi/none/rosi/r--rosi--VID_20250909_143902.68.jpg,rosi,rousettus,green,video,False,train,169.9139229716087
data/processed/rousettus/video/not_augmented/occ_roi/none/rosi/r--rosi--VID_20250909_143902.69.jpg,rosi,rousettus,green,video,False,train,203.4878627132843
data/processed/rousettus/video/not_augmented/occ_roi/none/rosi/r--rosi--VID_20250909_143902.70.jpg,rosi,rousettus,green,video,False,train,218.49174903701217
data/processed/rousettus/video/not_augmented/occ_roi/none/rosi/r--rosi--VID_20250909_143902.71.jpg,rosi,rousettus,green,video,False,train,221.53095093750548
data/processed/rousettus/video/not_augmented/occ_roi/none/rosi/r--rosi--VID_20250909_143902.72.jpg,rosi,rousettus,green,video,False,train,209.987902248864
data/processed/rousettus/video/not_augmented/occ_roi/none/rosi/r--rosi--VID_20250909_143902.73.jpg,rosi,rousettus,green,video,False,train,183.5051816823531
data/processed/rousettus/video/not_augmented/occ_roi/none/rosi/r--rosi--VID_20250909_143902.74.jpg,rosi,rousettus,green,video,False,train,169.5528937740556
data/processed/rousettus/video/not_augmented/occ_roi/none/rosi/r--rosi--VID_20250909_143902.75.jpg,rosi,rousettus,green,video,False,train,183.3339442865196
data/processed/rousettus/video/not_augmented/occ_roi/none/rosi/r--rosi--VID_20250909_143902.76.jpg,rosi,rousettus,green,video,False,train,129.48282027969455
data/processed/rousettus/video/not_augmented/occ_roi/none/rosi/r--rosi--VID_20250909_143902.9.jpg,rosi,rousettus,green,video,False,train,147.5514986847699
data/processed/rousettus/video/not_augmented/occ_roi/none/tuluz/r--tuluz--VID_20250909_143942.13.jpg,tuluz,rousettus,green,video,False,test,99.98218244833036
data/processed/rousettus/video/not_augmented/occ_roi/none/tuluz/r--tuluz--VID_20250909_143942.14.jpg,tuluz,rousettus,green,video,False,test,139.98192351403603
data/processed/rousettus/video/not_augmented/occ_roi/none/tuluz/r--tuluz--VID_20250909_143942.148.jpg,tuluz,rousettus,green,video,False,test,132.2001355229592
data/processed/rousettus/video/not_augmented/occ_roi/none/tuluz/r--tuluz--VID_20250909_143942.149.jpg,tuluz,rousettus,green,video,False,test,154.7271005959374
data/processed/rousettus/video/not_augmented/occ_roi/none/tuluz/r--tuluz--VID_20250909_143942.15.jpg,tuluz,rousettus,green,video,False,test,153.53960058640462
data/processed/rousettus/video/not_augmented/occ_roi/none/tuluz/r--tuluz--VID_20250909_143942.150.jpg,tuluz,rousettus,green,video,False,test,143.84624116374073
data/processed/rousettus/video/not_augmented/occ_roi/none/tuluz/r--tuluz--VID_20250909_143942.151.jpg,tuluz,rousettus,green,video,False,test,198.24930240729603
data/processed/rousettus/video/not_augmented/occ_roi/none/tuluz/r--tuluz--VID_20250909_143942.152.jpg,tuluz,rousettus,green,video,False,test,117.7433235008783
data/processed/rousettus/video/not_augmented/occ_roi/none/tuluz/r--tuluz--VID_20250909_143942.153.jpg,tuluz,rousettus,green,video,False,test,153.87193080357142
data/processed/rousettus/video/not_augmented/occ_roi/none/tuluz/r--tuluz--VID_20250909_143942.154.jpg,tuluz,rousettus,green,video,False,test,177.43435108259484
data/processed/rousettus/video/not_augmented/occ_roi/none/tuluz/r--tuluz--VID_20250909_143942.155.jpg,tuluz,rousettus,green,video,False,test,123.42131695793054
data/processed/rousettus/video/not_augmented/occ_roi/none/tuluz/r--tuluz--VID_20250909_143942.156.jpg,tuluz,rousettus,green,video,False,test,131.8430723836153
data/processed/rousettus/video/not_augmented/occ_roi/none/tuluz/r--tuluz--VID_20250909_143942.157.jpg,tuluz,rousettus,green,video,False,test,183.0912386470415
data/processed/rousettus/video/not_augmented/occ_roi/none/tuluz/r--tuluz--VID_20250909_143942.158.jpg,tuluz,rousettus,green,video,False,test,440.8366549172932
data/processed/rousettus/video/not_augmented/occ_roi/none/tuluz/r--tuluz--VID_20250909_143942.159.jpg,tuluz,rousettus,green,video,False,test,226.479930468968
data/processed/rousettus/video/not_augmented/occ_roi/none/tuluz/r--tuluz--VID_20250909_143942.16.jpg,tuluz,rousettus,green,video,False,test,128.58013791414362
data/processed/rousettus/video/not_augmented/occ_roi/none/tuluz/r--tuluz--VID_20250909_143942.160.jpg,tuluz,rousettus,green,video,False,test,184.31465240917024
data/processed/rousettus/video/not_augmented/occ_roi/none/tuluz/r--tuluz--VID_20250909_143942.161.jpg,tuluz,rousettus,green,video,False,test,199.8268893351906
data/processed/rousettus/video/not_augmented/occ_roi/none/tuluz/r--tuluz--VID_20250909_143942.162.jpg,tuluz,rousettus,green,video,False,test,171.22987085300304
data/processed/rousettus/video/not_augmented/occ_roi/none/tuluz/r--tuluz--VID_20250909_143942.163.jpg,tuluz,rousettus,green,video,False,test,286.6913265051915
data/processed/rousettus/video/not_augmented/occ_roi/none/tuluz/r--tuluz--VID_20250909_143942.164.jpg,tuluz,rousettus,green,video,False,test,223.4714205931346
data/processed/rousettus/video/not_augmented/occ_roi/none/tuluz/r--tuluz--VID_20250909_143942.165.jpg,tuluz,rousettus,green,video,False,test,156.61575254466524
data/processed/rousettus/video/not_augmented/occ_roi/none/tuluz/r--tuluz--VID_20250909_143942.166.jpg,tuluz,rousettus,green,video,False,test,186.47945230834335
data/processed/rousettus/video/not_augmented/occ_roi/none/tuluz/r--tuluz--VID_20250909_143942.167.jpg,tuluz,rousettus,green,video,False,test,328.1047113903956
data/processed/rousettus/video/not_augmented/occ_roi/none/tuluz/r--tuluz--VID_20250909_143942.17.jpg,tuluz,rousettus,green,video,False,test,120.97648277425706
data/processed/rousettus/video/not_augmented/occ_roi/none/tuluz/r--tuluz--VID_20250909_143942.179.jpg,tuluz,rousettus,green,video,False,test,183.7978116992313
data/processed/rousettus/video/not_augmented/occ_roi/none/tuluz/r--tuluz--VID_20250909_143942.18.jpg,tuluz,rousettus,green,video,False,test,122.89190050861532
data/processed/rousettus/video/not_augmented/occ_roi/none/tuluz/r--tuluz--VID_20250909_143942.180.jpg,tuluz,rousettus,green,video,False,test,162.30584343112244
data/processed/rousettus/video/not_augmented/occ_roi/none/tuluz/r--tuluz--VID_20250909_143942.181.jpg,tuluz,rousettus,green,video,False,test,190.26809614214088
data/processed/rousettus/video/not_augmented/occ_roi/none/tuluz/r--tuluz--VID_20250909_143942.182.jpg,tuluz,rousettus,green,video,False,test,207.37354511759872
data/processed/rousettus/video/not_augmented/occ_roi/none/tuluz/r--tuluz--VID_20250909_143942.183.jpg,tuluz,rousettus,green,video,False,test,196.60471141422752
data/processed/rousettus/video/not_augmented/occ_roi/none/tuluz/r--tuluz--VID_20250909_143942.184.jpg,tuluz,rousettus,green,video,False,test,188.0460977323946
data/processed/rousettus/video/not_augmented/occ_roi/none/tuluz/r--tuluz--VID_20250909_143942.185.jpg,tuluz,rousettus,green,video,False,test,157.34010272321973
data/processed/rousettus/video/not_augmented/occ_roi/none/tuluz/r--tuluz--VID_20250909_143942.186.jpg,tuluz,rousettus,green,video,False,test,159.8275665051239
data/processed/rousettus/video/not_augmented/occ_roi/none/tuluz/r--tuluz--VID_20250909_143942.187.jpg,tuluz,rousettus,green,video,False,test,189.54932628180373
data/processed/rousettus/video/not_augmented/occ_roi/none/tuluz/r--tuluz--VID_20250909_143942.19.jpg,tuluz,rousettus,green,video,False,test,154.5009167713704
data/processed/rousettus/video/not_augmented/occ_roi/none/tuluz/r--tuluz--VID_20250909_143942.21.jpg,tuluz,rousettus,green,video,False,test,174.7940848071294
data/processed/rousettus/video/not_augmented/occ_roi/none/tuluz/r--tuluz--VID_20250909_143942.295.jpg,tuluz,rousettus,green,video,False,test,235.0085299744898
data/processed/rousettus/video/not_augmented/occ_roi/none/tuluz/r--tuluz--VID_20250909_143942.296.jpg,tuluz,rousettus,green,video,False,test,203.9658402280478
data/processed/rousettus/video/not_augmented/occ_roi/none/tuluz/r--tuluz--VID_20250909_143942.297.jpg,tuluz,rousettus,green,video,False,test,147.13313133783114
data/processed/rousettus/video/not_augmented/occ_roi/none/tuluz/r--tuluz--VID_20250909_143942.304.jpg,tuluz,rousettus,green,video,False,test,137.49489791946377
data/processed/rousettus/video/not_augmented/occ_roi/none/tuluz/r--tuluz--VID_20250909_143942.305.jpg,tuluz,rousettus,green,video,False,test,200.02636715532685
data/processed/rousettus/video/not_augmented/occ_roi/none/tuluz/r--tuluz--VID_20250909_143942.306.jpg,tuluz,rousettus,green,video,False,test,159.8724290493477
data/processed/rousettus/video/not_augmented/occ_roi/none/tuluz/r--tuluz--VID_20250909_143942.307.jpg,tuluz,rousettus,green,video,False,test,138.69367823825186
data/processed/rousettus/video/not_augmented/occ_roi/none/tuluz/r--tuluz--VID_20250909_143942.308.jpg,tuluz,rousettus,green,video,False,test,107.15031080392936
data/processed/rousettus/video/not_augmented/occ_roi/none/tuluz/r--tuluz--VID_20250909_143942.309.jpg,tuluz,rousettus,green,video,False,test,145.09839351094797
data/processed/rousettus/video/not_augmented/occ_roi/none/tuluz/r--tuluz--VID_20250909_143942.310.jpg,tuluz,rousettus,green,video,False,test,126.6654176723952
data/processed/rousettus/video/not_augmented/occ_roi/none/tuluz/r--tuluz--VID_20250909_143942.311.jpg,tuluz,rousettus,green,video,False,test,116.35132298435782
data/processed/rousettus/video/not_augmented/occ_roi/none/tuluz/r--tuluz--VID_20250909_143942.312.jpg,tuluz,rousettus,green,video,False,test,129.73981573342382
data/processed/rousettus/video/not_augmented/occ_roi/none/tuluz/r--tuluz--VID_20250909_143942.313.jpg,tuluz,rousettus,green,video,False,test,115.23417557283824
data/processed/rousettus/video/not_augmented/occ_roi/none/tuluz/r--tuluz--VID_20250909_143942.314.jpg,tuluz,rousettus,green,video,False,test,122.72502789185576
data/processed/rousettus/video/not_augmented/occ_roi/none/tuluz/r--tuluz--VID_20250909_143942.315.jpg,tuluz,rousettus,green,video,False,test,101.69060901640258
data/processed/rousettus/video/not_augmented/occ_roi/none/tuluz/r--tuluz--VID_20250909_143942.316.jpg,tuluz,rousettus,green,video,False,test,116.19140623570082
data/processed/rousettus/video/not_augmented/occ_roi/none/tuluz/r--tuluz--VID_20250909_143942.317.jpg,tuluz,rousettus,green,video,False,test,88.4356862691381
data/processed/rousettus/video/not_augmented/occ_roi/none/tuluz/r--tuluz--VID_20250909_143942.318.jpg,tuluz,rousettus,green,video,False,test,114.00422512119584
data/processed/rousettus/video/not_augmented/occ_roi/none/tuluz/r--tuluz--VID_20250909_143942.319.jpg,tuluz,rousettus,green,video,False,test,102.17542249845596
data/processed/rousettus/video/not_augmented/occ_roi/none/tuluz/r--tuluz--VID_20250909_143942.320.jpg,tuluz,rousettus,green,video,False,test,98.56313771538214
data/processed/rousettus/video/not_augmented/occ_roi/none/tuluz/r--tuluz--VID_20250909_143942.321.jpg,tuluz,rousettus,green,video,False,test,105.11196530654696
data/processed/rousettus/video/not_augmented/occ_roi/none/tuluz/r--tuluz--VID_20250909_143942.322.jpg,tuluz,rousettus,green,video,False,test,95.13552293376294
data/processed/rousettus/video/not_augmented/occ_roi/none/tuluz/r--tuluz--VID_20250909_143942.323.jpg,tuluz,rousettus,green,video,False,test,106.39192042058828
data/processed/rousettus/video/not_augmented/occ_roi/none/tuluz/r--tuluz--VID_20250909_143942.324.jpg,tuluz,rousettus,green,video,False,test,89.76199776626835
data/processed/rousettus/video/not_augmented/occ_roi/none/tuluz/r--tuluz--VID_20250909_143942.325.jpg,tuluz,rousettus,green,video,False,test,83.8660711997849
data/processed/rousettus/video/not_augmented/occ_roi/none/tuluz/r--tuluz--VID_20250909_143942.326.jpg,tuluz,rousettus,green,video,False,test,97.40921948006726
data/processed/rousettus/video/not_augmented/occ_roi/none/tuluz/r--tuluz--VID_20250909_143942.327.jpg,tuluz,rousettus,green,video,False,test,92.79874832776127
data/processed/rousettus/video/not_augmented/occ_roi/none/tuluz/r--tuluz--VID_20250909_143942.328.jpg,tuluz,rousettus,green,video,False,test,93.11764539991108
data/processed/rousettus/video/not_augmented/occ_roi/none/tuluz/r--tuluz--VID_20250909_143942.329.jpg,tuluz,rousettus,green,video,False,test,107.54306837977197
data/processed/rousettus/video/not_augmented/occ_roi/none/tuluz/r--tuluz--VID_20250909_143942.330.jpg,tuluz,rousettus,green,video,False,test,94.43377311822526
data/processed/rousettus/video/not_augmented/occ_roi/none/tuluz/r--tuluz--VID_20250909_143942.331.jpg,tuluz,rousettus,green,video,False,test,81.5719068861663
data/processed/rousettus/video/not_augmented/occ_roi/none/tuluz/r--tuluz--VID_20250909_143942.50.jpg,tuluz,rousettus,green,video,False,test,241.64357461575813
data/processed/rousettus/video/not_augmented/occ_roi/none/tuluz/r--tuluz--VID_20250909_143942.51.jpg,tuluz,rousettus,green,video,False,test,291.83713326539555
data/processed/rousettus/video/not_augmented/occ_roi/none/tuluz/r--tuluz--VID_20250909_143942.52.jpg,tuluz,rousettus,green,video,False,test,221.59783561822525
data/processed/rousettus/video/not_augmented/occ_roi/none/tuluz/r--tuluz--VID_20250909_143942.53.jpg,tuluz,rousettus,green,video,False,test,138.00571986249662
data/processed/rousettus/video/not_augmented/occ_roi/none/tuluz/r--tuluz--VID_20250909_143942.62.jpg,tuluz,rousettus,green,video,False,test,243.84889188621105
data/processed/rousettus/video/not_augmented/occ_roi/none/tuluz/r--tuluz--VID_20250909_143942.63.jpg,tuluz,rousettus,green,video,False,test,503.4159358484156
data/processed/rousettus/video/not_augmented/occ_roi/none/tuluz/r--tuluz--VID_20250909_143942.64.jpg,tuluz,rousettus,green,video,False,test,683.0089086316517
data/processed/rousettus/video/not_augmented/occ_roi/none/vanilaice/r--vanilaice--VID_20250909_144641.100.jpg,vanilaice,rousettus,green,video,False,val,168.0556441262979
data/processed/rousettus/video/not_augmented/occ_roi/none/vanilaice/r--vanilaice--VID_20250909_144641.101.jpg,vanilaice,rousettus,green,video,False,val,134.77455341254904
data/processed/rousettus/video/not_augmented/occ_roi/none/vanilaice/r--vanilaice--VID_20250909_144641.102.jpg,vanilaice,rousettus,green,video,False,val,132.676518564967
data/processed/rousettus/video/not_augmented/occ_roi/none/vanilaice/r--vanilaice--VID_20250909_144641.103.jpg,vanilaice,rousettus,green,video,False,val,156.0277023283654
data/processed/rousettus/video/not_augmented/occ_roi/none/vanilaice/r--vanilaice--VID_20250909_144641.104.jpg,vanilaice,rousettus,green,video,False,val,167.0967393483484
data/processed/rousettus/video/not_augmented/occ_roi/none/vanilaice/r--vanilaice--VID_20250909_144641.105.jpg,vanilaice,rousettus,green,video,False,val,206.14184067260223
data/processed/rousettus/video/not_augmented/occ_roi/none/vanilaice/r--vanilaice--VID_20250909_144641.106.jpg,vanilaice,rousettus,green,video,False,val,188.40850206912933
data/processed/rousettus/video/not_augmented/occ_roi/none/vanilaice/r--vanilaice--VID_20250909_144641.107.jpg,vanilaice,rousettus,green,video,False,val,192.15106823820716
data/processed/rousettus/video/not_augmented/occ_roi/none/vanilaice/r--vanilaice--VID_20250909_144641.197.jpg,vanilaice,rousettus,green,video,False,val,86.55357079305334
data/processed/rousettus/video/not_augmented/occ_roi/none/vanilaice/r--vanilaice--VID_20250909_144641.198.jpg,vanilaice,rousettus,green,video,False,val,70.39259796547721
data/processed/rousettus/video/not_augmented/occ_roi/none/vanilaice/r--vanilaice--VID_20250909_144641.199.jpg,vanilaice,rousettus,green,video,False,val,77.72020485936379
data/processed/rousettus/video/not_augmented/occ_roi/none/vanilaice/r--vanilaice--VID_20250909_144641.200.jpg,vanilaice,rousettus,green,video,False,val,105.00356743902724
data/processed/rousettus/video/not_augmented/occ_roi/none/vanilaice/r--vanilaice--VID_20250909_144641.202.jpg,vanilaice,rousettus,green,video,False,val,107.9223532591299
data/processed/rousettus/video/not_augmented/occ_roi/none/vanilaice/r--vanilaice--VID_20250909_144641.205.jpg,vanilaice,rousettus,green,video,False,val,88.48788257521024
data/processed/rousettus/video/not_augmented/occ_roi/none/vanilaice/r--vanilaice--VID_20250909_144641.206.jpg,vanilaice,rousettus,green,video,False,val,59.016780929533645
data/processed/rousettus/video/not_augmented/occ_roi/none/vanilaice/r--vanilaice--VID_20250909_144641.207.jpg,vanilaice,rousettus,green,video,False,val,106.5080516518081
data/processed/rousettus/video/not_augmented/occ_roi/none/vanilaice/r--vanilaice--VID_20250909_144641.209.jpg,vanilaice,rousettus,green,video,False,val,127.02425450893404
data/processed/rousettus/video/not_augmented/occ_roi/none/vanilaice/r--vanilaice--VID_20250909_144641.210.jpg,vanilaice,rousettus,green,video,False,val,127.1575852961701
data/processed/rousettus/video/not_augmented/occ_roi/none/vanilaice/r--vanilaice--VID_20250909_144641.211.jpg,vanilaice,rousettus,green,video,False,val,126.1016023533387
data/processed/rousettus/video/not_augmented/occ_roi/none/vanilaice/r--vanilaice--VID_20250909_144641.212.jpg,vanilaice,rousettus,green,video,False,val,103.41846697671072
data/processed/rousettus/video/not_augmented/occ_roi/none/vanilaice/r--vanilaice--VID_20250909_144641.213.jpg,vanilaice,rousettus,green,video,False,val,121.33370533172214
data/processed/rousettus/video/not_augmented/occ_roi/none/vanilaice/r--vanilaice--VID_20250909_144641.214.jpg,vanilaice,rousettus,green,video,False,val,149.84606185588973
data/processed/rousettus/video/not_augmented/occ_roi/none/vanilaice/r--vanilaice--VID_20250909_144641.216.jpg,vanilaice,rousettus,green,video,False,val,150.69345901430475
data/processed/rousettus/video/not_augmented/occ_roi/none/vanilaice/r--vanilaice--VID_20250909_144641.217.jpg,vanilaice,rousettus,green,video,False,val,168.24571499353846
data/processed/rousettus/video/not_augmented/occ_roi/none/vanilaice/r--vanilaice--VID_20250909_144641.218.jpg,vanilaice,rousettus,green,video,False,val,169.07916134568563
data/processed/rousettus/video/not_augmented/occ_roi/none/vanilaice/r--vanilaice--VID_20250909_144641.386.jpg,vanilaice,rousettus,green,video,False,val,100.75569977734496
data/processed/rousettus/video/not_augmented/occ_roi/none/vanilaice/r--vanilaice--VID_20250909_144641.387.jpg,vanilaice,rousettus,green,video,False,val,77.73810187144761
data/processed/rousettus/video/not_augmented/occ_roi/none/vanilaice/r--vanilaice--VID_20250909_144641.388.jpg,vanilaice,rousettus,green,video,False,val,71.18773902947086
data/processed/rousettus/video/not_augmented/occ_roi/none/vanilaice/r--vanilaice--VID_20250909_144641.389.jpg,vanilaice,rousettus,green,video,False,val,87.96215288661905
data/processed/rousettus/video/not_augmented/occ_roi/none/vanilaice/r--vanilaice--VID_20250909_144641.395.jpg,vanilaice,rousettus,green,video,False,val,80.80959024234694
data/processed/rousettus/video/not_augmented/occ_roi/none/vanilaice/r--vanilaice--VID_20250909_144641.396.jpg,vanilaice,rousettus,green,video,False,val,77.32850361903078
data/processed/rousettus/video/not_augmented/occ_roi/none/vanilaice/r--vanilaice--VID_20250909_144641.399.jpg,vanilaice,rousettus,green,video,False,val,94.65431626108176
data/processed/rousettus/video/not_augmented/occ_roi/none/vanilaice/r--vanilaice--VID_20250909_144641.52.jpg,vanilaice,rousettus,green,video,False,val,160.72076291096604
data/processed/rousettus/video/not_augmented/occ_roi/none/vanilaice/r--vanilaice--VID_20250909_144641.53.jpg,vanilaice,rousettus,green,video,False,val,155.14205987112862
data/processed/rousettus/video/not_augmented/occ_roi/none/vanilaice/r--vanilaice--VID_20250909_144641.54.jpg,vanilaice,rousettus,green,video,False,val,162.31578839257182
data/processed/rousettus/video/not_augmented/occ_roi/none/vanilaice/r--vanilaice--VID_20250909_144641.55.jpg,vanilaice,rousettus,green,video,False,val,157.73351800665168
data/processed/rousettus/video/not_augmented/occ_roi/none/vanilaice/r--vanilaice--VID_20250909_144641.56.jpg,vanilaice,rousettus,green,video,False,val,154.54436376143474
data/processed/rousettus/video/not_augmented/occ_roi/none/vanilaice/r--vanilaice--VID_20250909_144641.57.jpg,vanilaice,rousettus,green,video,False,val,166.48680643497136
data/processed/rousettus/video/not_augmented/occ_roi/none/vanilaice/r--vanilaice--VID_20250909_144641.58.jpg,vanilaice,rousettus,green,video,False,val,159.05903204775316
data/processed/rousettus/video/not_augmented/occ_roi/none/vanilaice/r--vanilaice--VID_20250909_144641.59.jpg,vanilaice,rousettus,green,video,False,val,155.71438535359044
data/processed/rousettus/video/not_augmented/occ_roi/none/vanilaice/r--vanilaice--VID_20250909_144641.60.jpg,vanilaice,rousettus,green,video,False,val,137.14172109352057
data/processed/rousettus/video/not_augmented/occ_roi/none/vanilaice/r--vanilaice--VID_20250909_144641.61.jpg,vanilaice,rousettus,green,video,False,val,122.2680763612435
data/processed/rousettus/video/not_augmented/occ_roi/none/vanilaice/r--vanilaice--VID_20250909_144641.62.jpg,vanilaice,rousettus,green,video,False,val,116.55592304882732
data/processed/rousettus/video/not_augmented/occ_roi/none/vanilaice/r--vanilaice--VID_20250909_144641.63.jpg,vanilaice,rousettus,green,video,False,val,134.6278499359391
data/processed/rousettus/video/not_augmented/occ_roi/none/vanilaice/r--vanilaice--VID_20250909_144641.64.jpg,vanilaice,rousettus,green,video,False,val,128.34454718752238
data/processed/rousettus/video/not_augmented/occ_roi/none/vanilaice/r--vanilaice--VID_20250909_144641.71.jpg,vanilaice,rousettus,green,video,False,val,129.28051259208846
data/processed/rousettus/video/not_augmented/occ_roi/none/vanilaice/r--vanilaice--VID_20250909_144641.72.jpg,vanilaice,rousettus,green,video,False,val,134.8281249745793
data/processed/rousettus/video/not_augmented/occ_roi/none/vanilaice/r--vanilaice--VID_20250909_144641.73.jpg,vanilaice,rousettus,green,video,False,val,128.4529654325321
data/processed/rousettus/video/not_augmented/occ_roi/none/vanilaice/r--vanilaice--VID_20250909_144641.74.jpg,vanilaice,rousettus,green,video,False,val,160.6709183419262
data/processed/rousettus/video/not_augmented/occ_roi/none/vanilaice/r--vanilaice--VID_20250909_144641.75.jpg,vanilaice,rousettus,green,video,False,val,183.8368343236495
data/processed/rousettus/video/not_augmented/occ_roi/none/vanilaice/r--vanilaice--VID_20250909_144641.76.jpg,vanilaice,rousettus,green,video,False,val,197.37539859535
data/processed/rousettus/video/not_augmented/occ_roi/none/vanilaice/r--vanilaice--VID_20250909_144641.77.jpg,vanilaice,rousettus,green,video,False,val,179.39740109076254
data/processed/rousettus/video/not_augmented/occ_roi/none/vanilaice/r--vanilaice--VID_20250909_144641.78.jpg,vanilaice,rousettus,green,video,False,val,175.70350359996522
data/processed/rousettus/video/not_augmented/occ_roi/none/vanilaice/r--vanilaice--VID_20250909_144641.79.jpg,vanilaice,rousettus,green,video,False,val,171.5175581915783
data/processed/rousettus/video/not_augmented/occ_roi/none/vanilaice/r--vanilaice--VID_20250909_144641.80.jpg,vanilaice,rousettus,green,video,False,val,148.75396592475036
data/processed/rousettus/video/not_augmented/occ_roi/none/vanilaice/r--vanilaice--VID_20250909_144641.81.jpg,vanilaice,rousettus,green,video,False,val,178.11943956277412
data/processed/rousettus/video/not_augmented/occ_roi/none/vanilaice/r--vanilaice--VID_20250909_144641.82.jpg,vanilaice,rousettus,green,video,False,val,149.19355866711422
data/processed/rousettus/video/not_augmented/occ_roi/none/vanilaice/r--vanilaice--VID_20250909_144641.83.jpg,vanilaice,rousettus,green,video,False,val,122.93016580202736
data/processed/rousettus/video/not_augmented/occ_roi/none/vanilaice/r--vanilaice--VID_20250909_144641.84.jpg,vanilaice,rousettus,green,video,False,val,129.65262276785714
data/processed/rousettus/video/not_augmented/occ_roi/none/vanilaice/r--vanilaice--VID_20250909_144641.85.jpg,vanilaice,rousettus,green,video,False,val,149.70980140935475
data/processed/rousettus/video/not_augmented/occ_roi/none/vanilaice/r--vanilaice--VID_20250909_144641.86.jpg,vanilaice,rousettus,green,video,False,val,135.7911351897825
data/processed/rousettus/video/not_augmented/occ_roi/none/vanilaice/r--vanilaice--VID_20250909_144641.88.jpg,vanilaice,rousettus,green,video,False,val,130.03569435229252
data/processed/rousettus/video/not_augmented/occ_roi/none/vanilaice/r--vanilaice--VID_20250909_144641.89.jpg,vanilaice,rousettus,green,video,False,val,133.1517059377013
data/processed/rousettus/video/not_augmented/occ_roi/none/vanilaice/r--vanilaice--VID_20250909_144641.90.jpg,vanilaice,rousettus,green,video,False,val,114.87808912587832
data/processed/rousettus/video/not_augmented/occ_roi/none/vanilaice/r--vanilaice--VID_20250909_144641.91.jpg,vanilaice,rousettus,green,video,False,val,103.04811057265924
data/processed/rousettus/video/not_augmented/occ_roi/none/vanilaice/r--vanilaice--VID_20250909_144641.92.jpg,vanilaice,rousettus,green,video,False,val,136.97150019018514
data/processed/rousettus/video/not_augmented/occ_roi/none/vanilaice/r--vanilaice--VID_20250909_144641.93.jpg,vanilaice,rousettus,green,video,False,val,114.4270367409874
data/processed/rousettus/video/not_augmented/occ_roi/none/vanilaice/r--vanilaice--VID_20250909_144641.94.jpg,vanilaice,rousettus,green,video,False,val,99.19543207908164
data/processed/rousettus/video/not_augmented/occ_roi/none/vanilaice/r--vanilaice--VID_20250909_144641.95.jpg,vanilaice,rousettus,green,video,False,val,144.23937734352057
data/processed/rousettus/video/not_augmented/occ_roi/none/vanilaice/r--vanilaice--VID_20250909_144641.96.jpg,vanilaice,rousettus,green,video,False,val,151.90531327773115
data/processed/rousettus/video/not_augmented/occ_roi/none/vanilaice/r--vanilaice--VID_20250909_144641.97.jpg,vanilaice,rousettus,green,video,False,val,119.29458306402726
data/processed/rousettus/video/not_augmented/occ_roi/none/vanilaice/r--vanilaice--VID_20250909_144641.98.jpg,vanilaice,rousettus,green,video,False,val,130.72482859338632
data/processed/rousettus/video/not_augmented/occ_roi/none/vanilaice/r--vanilaice--VID_20250909_144641.99.jpg,vanilaice,rousettus,green,video,False,val,161.0635960935206
