path,identity,species,background,source,augmented,split,quality
data/processed/rousettus/video/not_augmented/silhouette/arrowhead/r--arrowhead--VID_20250909_144129.1.jpg,arrowhead,rousettus,green,video,False,test,178.529575878558
data/processed/rousettus/video/not_augmented/silhouette/arrowhead/r--arrowhead--VID_20250909_144129.100.jpg,arrowhead,rousettus,green,video,False,test,163.97887434794575
data/processed/rousettus/video/not_augmented/silhouette/arrowhead/r--arrowhead--VID_20250909_144129.104.jpg,arrowhead,rousettus,green,video,False,test,99.75356744220484
data/processed/rousettus/video/not_augmented/silhouette/arrowhead/r--arrowhead--VID_20250909_144129.105.jpg,arrowhead,rousettus,green,video,False,test,100.33233010833436
data/processed/rousettus/video/not_augmented/silhouette/arrowhead/r--arrowhead--VID_20250909_144129.184.jpg,arrowhead,rousettus,green,video,False,test,79.54856902705983
data/processed/rousettus/video/not_augmented/silhouette/arrowhead/r--arrowhead--VID_20250909_144129.188.jpg,arrowhead,rousettus,green,video,False,test,123.43831711379454
data/processed/rousettus/video/not_augmented/silhouette/arrowhead/r--arrowhead--VID_20250909_144129.189.jpg,arrowhead,rousettus,green,video,False,test,134.65595104236596
data/processed/rousettus/video/not_augmented/silhouette/arrowhead/r--arrowhead--VID_20250909_144129.190.jpg,arrowhead,rousettus,green,video,False,test,134.1704400494316
data/processed/rousettus/video/not_augmented/silhouette/arrowhead/r--arrowhead--VID_20250909_144129.191.jpg,arrowhead,rousettus,green,video,False,test,138.23501275510205
data/processed/rousettus/video/not_augmented/silhouette/arrowhead/r--arrowhead--VID_20250909_144129.192.jpg,arrowhead,rousettus,green,video,False,test,171.69064891422752
data/processed/rousettus/video/not_augmented/silhouette/arrowhead/r--arrowhead--VID_20250909_144129.193.jpg,arrowhead,rousettus,green,video,False,test,242.8062021667785
data/processed/rousettus/video/not_augmented/silhouette/arrowhead/r--arrowhead--VID_20250909_144129.194.jpg,arrowhead,rousettus,green,video,False,test,167.93227837851322
data/processed/rousettus/video/not_augmented/silhouette/arrowhead/r--arrowhead--VID_20250909_144129.195.jpg,arrowhead,rousettus,green,video,False,test,157.05998883293054
data/processed/rousettus/video/not_augmented/silhouette/arrowhead/r--arrowhead--VID_20250909_144129.196.jpg,arrowhead,rousettus,green,video,False,test,172.5391820536609
data/processed/rousettus/video/not_augmented/silhouette/arrowhead/r--arrowhead--VID_20250909_144129.197.jpg,arrowhead,rousettus,green,video,False,test,189.62183112216363
data/processed/rousettus/video/not_augmented/silhouette/arrowhead/r--arrowhead--VID_20250909_144129.198.jpg,arrowhead,rousettus,green,video,False,test,225.1405851403061
data/processed/rousettus/video/not_augmented/silhouette/arrowhead/r--arrowhead--VID_20250909_144129.199.jpg,arrowhead,rousettus,green,video,False,test,279.25817123565605
data/processed/rousettus/video/not_augmented/silhouette/arrowhead/r--arrowhead--VID_20250909_144129.2.jpg,arrowhead,rousettus,green,video,False,test,141.91290656728876
data/processed/rousettus/video/not_augmented/silhouette/arrowhead/r--arrowhead--VID_20250909_144129.200.jpg,arrowhead,rousettus,green,video,False,test,337.42873081015034
data/processed/rousettus/video/not_augmented/silhouette/arrowhead/r--arrowhead--VID_20250909_144129.201.jpg,arrowhead,rousettus,green,video,False,test,451.4026426973067
data/processed/rousettus/video/not_augmented/silhouette/arrowhead/r--arrowhead--VID_20250909_144129.202.jpg,arrowhead,rousettus,green,video,False,test,395.69899947362273
data/processed/rousettus/video/not_augmented/silhouette/arrowhead/r--arrowhead--VID_20250909_144129.203.jpg,arrowhead,rousettus,green,video,False,test,341.5189930960717
data/processed/rousettus/video/not_augmented/silhouette/arrowhead/r--arrowhead--VID_20250909_144129.204.jpg,arrowhead,rousettus,green,video,False,test,258.8983774622099
data/processed/rousettus/video/not_augmented/silhouette/arrowhead/r--arrowhead--VID_20250909_144129.205.jpg,arrowhead,rousettus,green,video,False,test,225.9149990880157
data/processed/rousettus/video/not_augmented/silhouette/arrowhead/r--arrowhead--VID_20250909_144129.206.jpg,arrowhead,rousettus,green,video,False,test,207.9960738006903
data/processed/rousettus/video/not_augmented/silhouette/arrowhead/r--arrowhead--VID_20250909_144129.207.jpg,arrowhead,rousettus,green,video,False,test,266.70725045885365
data/processed/rousettus/video/not_augmented/silhouette/arrowhead/r--arrowhead--VID_20250909_144129.208.jpg,arrowhead,rousettus,green,video,False,test,315.8136957908163
data/processed/rousettus/video/not_augmented/silhouette/arrowhead/r--arrowhead--VID_20250909_144129.209.jpg,arrowhead,rousettus,green,video,False,test,342.69907912628094
data/processed/rousettus/video/not_augmented/silhouette/arrowhead/r--arrowhead--VID_20250909_144129.210.jpg,arrowhead,rousettus,green,video,False,test,457.7691724730352
data/processed/rousettus/video/not_augmented/silhouette/arrowhead/r--arrowhead--VID_20250909_144129.211.jpg,arrowhead,rousettus,green,video,False,test,401.09921077170605
data/processed/rousettus/video/not_augmented/silhouette/arrowhead/r--arrowhead--VID_20250909_144129.212.jpg,arrowhead,rousettus,green,video,False,test,379.8252151851503
data/processed/rousettus/video/not_augmented/silhouette/arrowhead/r--arrowhead--VID_20250909_144129.213.jpg,arrowhead,rousettus,green,video,False,test,421.9873045441113
data/processed/rousettus/video/not_augmented/silhouette/arrowhead/r--arrowhead--VID_20250909_144129.214.jpg,arrowhead,rousettus,green,video,False,test,569.6999760698847
data/processed/rousettus/video/not_augmented/silhouette/arrowhead/r--arrowhead--VID_20250909_144129.215.jpg,arrowhead,rousettus,green,video,False,test,619.593391248456
data/processed/rousettus/video/not_augmented/silhouette/arrowhead/r--arrowhead--VID_20250909_144129.216.jpg,arrowhead,rousettus,green,video,False,test,512.3084343112245
data/processed/rousettus/video/not_augmented/silhouette/arrowhead/r--arrowhead--VID_20250909_144129.217.jpg,arrowhead,rousettus,green,video,False,test,579.4728954065745
data/processed/rousettus/video/not_augmented/silhouette/arrowhead/r--arrowhead--VID_20250909_144129.218.jpg,arrowhead,rousettus,green,video,False,test,359.39279728618976
data/processed/rousettus/video/not_augmented/silhouette/arrowhead/r--arrowhead--VID_20250909_144129.219.jpg,arrowhead,rousettus,green,video,False,test,290.00669638885154
data/processed/rousettus/video/not_augmented/silhouette/arrowhead/r--arrowhead--VID_20250909_144129.220.jpg,arrowhead,rousettus,green,video,False,test,220.96488359539472
data/processed/rousettus/video/not_augmented/silhouette/arrowhead/r--arrowhead--VID_20250909_144129.221.jpg,arrowhead,rousettus,green,video,False,test,170.03350204053095
data/processed/rousettus/video/not_augmented/silhouette/arrowhead/r--arrowhead--VID_20250909_144129.222.jpg,arrowhead,rousettus,green,video,False,test,265.1312380099187
data/processed/rousettus/video/not_augmented/silhouette/arrowhead/r--arrowhead--VID_20250909_144129.223.jpg,arrowhead,rousettus,green,video,False,test,477.04266977012287
data/processed/rousettus/video/not_augmented/silhouette/arrowhead/r--arrowhead--VID_20250909_144129.224.jpg,arrowhead,rousettus,green,video,False,test,429.23507254424567
data/processed/rousettus/video/not_augmented/silhouette/arrowhead/r--arrowhead--VID_20250909_144129.225.jpg,arrowhead,rousettus,green,video,False,test,330.13327081935296
data/processed/rousettus/video/not_augmented/silhouette/arrowhead/r--arrowhead--VID_20250909_144129.226.jpg,arrowhead,rousettus,green,video,False,test,349.66087353224555
data/processed/rousettus/video/not_augmented/silhouette/arrowhead/r--arrowhead--VID_20250909_144129.227.jpg,arrowhead,rousettus,green,video,False,test,259.5039660359661
data/processed/rousettus/video/not_augmented/silhouette/arrowhead/r--arrowhead--VID_20250909_144129.228.jpg,arrowhead,rousettus,green,video,False,test,315.06586814055777
data/processed/rousettus/video/not_augmented/silhouette/arrowhead/r--arrowhead--VID_20250909_144129.229.jpg,arrowhead,rousettus,green,video,False,test,375.46645806402734
data/processed/rousettus/video/not_augmented/silhouette/arrowhead/r--arrowhead--VID_20250909_144129.230.jpg,arrowhead,rousettus,green,video,False,test,514.6332708860823
data/processed/rousettus/video/not_augmented/silhouette/arrowhead/r--arrowhead--VID_20250909_144129.231.jpg,arrowhead,rousettus,green,video,False,test,420.53109055486925
data/processed/rousettus/video/not_augmented/silhouette/arrowhead/r--arrowhead--VID_20250909_144129.232.jpg,arrowhead,rousettus,green,video,False,test,492.6470422184701
data/processed/rousettus/video/not_augmented/silhouette/arrowhead/r--arrowhead--VID_20250909_144129.233.jpg,arrowhead,rousettus,green,video,False,test,471.05480707749285
data/processed/rousettus/video/not_augmented/silhouette/arrowhead/r--arrowhead--VID_20250909_144129.234.jpg,arrowhead,rousettus,green,video,False,test,453.30504607836536
data/processed/rousettus/video/not_augmented/silhouette/arrowhead/r--arrowhead--VID_20250909_144129.235.jpg,arrowhead,rousettus,green,video,False,test,524.3967433958835
data/processed/rousettus/video/not_augmented/silhouette/arrowhead/r--arrowhead--VID_20250909_144129.236.jpg,arrowhead,rousettus,green,video,False,test,459.4040376721993
data/processed/rousettus/video/not_augmented/silhouette/arrowhead/r--arrowhead--VID_20250909_144129.237.jpg,arrowhead,rousettus,green,video,False,test,399.1974249859246
data/processed/rousettus/video/not_augmented/silhouette/arrowhead/r--arrowhead--VID_20250909_144129.238.jpg,arrowhead,rousettus,green,video,False,test,369.6304806884455
data/processed/rousettus/video/not_augmented/silhouette/arrowhead/r--arrowhead--VID_20250909_144129.239.jpg,arrowhead,rousettus,green,video,False,test,293.41444115716183
data/processed/rousettus/video/not_augmented/silhouette/arrowhead/r--arrowhead--VID_20250909_144129.240.jpg,arrowhead,rousettus,green,video,False,test,233.5273437484112
data/processed/rousettus/video/not_augmented/silhouette/arrowhead/r--arrowhead--VID_20250909_144129.241.jpg,arrowhead,rousettus,green,video,False,test,192.1492743946919
data/processed/rousettus/video/not_augmented/silhouette/arrowhead/r--arrowhead--VID_20250909_144129.242.jpg,arrowhead,rousettus,green,video,False,test,458.8812379527222
data/processed/rousettus/video/not_augmented/silhouette/arrowhead/r--arrowhead--VID_20250909_144129.243.jpg,arrowhead,rousettus,green,video,False,test,384.3870575379352
data/processed/rousettus/video/not_augmented/silhouette/arrowhead/r--arrowhead--VID_20250909_144129.244.jpg,arrowhead,rousettus,green,video,False,test,531.4026227424364
data/processed/rousettus/video/not_augmented/silhouette/arrowhead/r--arrowhead--VID_20250909_144129.245.jpg,arrowhead,rousettus,green,video,False,test,328.5623604017017
data/processed/rousettus/video/not_augmented/silhouette/arrowhead/r--arrowhead--VID_20250909_144129.246.jpg,arrowhead,rousettus,green,video,False,test,274.6064054492313
data/processed/rousettus/video/not_augmented/silhouette/arrowhead/r--arrowhead--VID_20250909_144129.247.jpg,arrowhead,rousettus,green,video,False,test,262.0100047768081
data/processed/rousettus/video/not_augmented/silhouette/arrowhead/r--arrowhead--VID_20250909_144129.248.jpg,arrowhead,rousettus,green,video,False,test,263.5892457767409
data/processed/rousettus/video/not_augmented/silhouette/arrowhead/r--arrowhead--VID_20250909_144129.249.jpg,arrowhead,rousettus,green,video,False,test,446.416015523317
data/processed/rousettus/video/not_augmented/silhouette/arrowhead/r--arrowhead--VID_20250909_144129.250.jpg,arrowhead,rousettus,green,video,False,test,234.40650908443544
data/processed/rousettus/video/not_augmented/silhouette/arrowhead/r--arrowhead--VID_20250909_144129.251.jpg,arrowhead,rousettus,green,video,False,test,211.50663663863332
data/processed/rousettus/video/not_augmented/silhouette/arrowhead/r--arrowhead--VID_20250909_144129.252.jpg,arrowhead,rousettus,green,video,False,test,281.0606265880326
data/processed/rousettus/video/not_augmented/silhouette/arrowhead/r--arrowhead--VID_20250909_144129.253.jpg,arrowhead,rousettus,green,video,False,test,479.5798190334151
data/processed/rousettus/video/not_augmented/silhouette/arrowhead/r--arrowhead--VID_20250909_144129.254.jpg,arrowhead,rousettus,green,video,False,test,433.6972058159964
data/processed/rousettus/video/not_augmented/silhouette/arrowhead/r--arrowhead--VID_20250909_144129.255.jpg,arrowhead,rousettus,green,video,False,test,281.0147480724356
data/processed/rousettus/video/not_augmented/silhouette/arrowhead/r--arrowhead--VID_20250909_144129.256.jpg,arrowhead,rousettus,green,video,False,test,768.9241669288232
data/processed/rousettus/video/not_augmented/silhouette/arrowhead/r--arrowhead--VID_20250909_144129.257.jpg,arrowhead,rousettus,green,video,False,test,667.9247448963704
data/processed/rousettus/video/not_augmented/silhouette/arrowhead/r--arrowhead--VID_20250909_144129.258.jpg,arrowhead,rousettus,green,video,False,test,491.9112921619058
data/processed/rousettus/video/not_augmented/silhouette/arrowhead/r--arrowhead--VID_20250909_144129.259.jpg,arrowhead,rousettus,green,video,False,test,281.9408681342026
data/processed/rousettus/video/not_augmented/silhouette/arrowhead/r--arrowhead--VID_20250909_144129.3.jpg,arrowhead,rousettus,green,video,False,test,208.6359016068128
data/processed/rousettus/video/not_augmented/silhouette/arrowhead/r--arrowhead--VID_20250909_144129.325.jpg,arrowhead,rousettus,green,video,False,test,780.5205875219579
data/processed/rousettus/video/not_augmented/silhouette/arrowhead/r--arrowhead--VID_20250909_144129.326.jpg,arrowhead,rousettus,green,video,False,test,725.3454240928437
data/processed/rousettus/video/not_augmented/silhouette/arrowhead/r--arrowhead--VID_20250909_144129.327.jpg,arrowhead,rousettus,green,video,False,test,903.3973413103572
data/processed/rousettus/video/not_augmented/silhouette/arrowhead/r--arrowhead--VID_20250909_144129.328.jpg,arrowhead,rousettus,green,video,False,test,400.2565369754969
data/processed/rousettus/video/not_augmented/silhouette/arrowhead/r--arrowhead--VID_20250909_144129.329.jpg,arrowhead,rousettus,green,video,False,test,566.3958864223952
data/processed/rousettus/video/not_augmented/silhouette/arrowhead/r--arrowhead--VID_20250909_144129.330.jpg,arrowhead,rousettus,green,video,False,test,756.1539778385694
data/processed/rousettus/video/not_augmented/silhouette/arrowhead/r--arrowhead--VID_20250909_144129.331.jpg,arrowhead,rousettus,green,video,False,test,947.9022640306124
data/processed/rousettus/video/not_augmented/silhouette/arrowhead/r--arrowhead--VID_20250909_144129.332.jpg,arrowhead,rousettus,green,video,False,test,672.606405420633
data/processed/rousettus/video/not_augmented/silhouette/arrowhead/r--arrowhead--VID_20250909_144129.333.jpg,arrowhead,rousettus,green,video,False,test,461.5925542028286
data/processed/rousettus/video/not_augmented/silhouette/arrowhead/r--arrowhead--VID_20250909_144129.363.jpg,arrowhead,rousettus,green,video,False,test,376.5740991709184
data/processed/rousettus/video/not_augmented/silhouette/arrowhead/r--arrowhead--VID_20250909_144129.367.jpg,arrowhead,rousettus,green,video,False,test,457.03989953927226
data/processed/rousettus/video/not_augmented/silhouette/arrowhead/r--arrowhead--VID_20250909_144129.368.jpg,arrowhead,rousettus,green,video,False,test,467.1374561507619
data/processed/rousettus/video/not_augmented/silhouette/arrowhead/r--arrowhead--VID_20250909_144129.369.jpg,arrowhead,rousettus,green,video,False,test,468.6252391009666
data/processed/rousettus/video/not_augmented/silhouette/arrowhead/r--arrowhead--VID_20250909_144129.371.jpg,arrowhead,rousettus,green,video,False,test,180.1422988386365
data/processed/rousettus/video/not_augmented/silhouette/arrowhead/r--arrowhead--VID_20250909_144129.377.jpg,arrowhead,rousettus,green,video,False,test,487.9677933419262
data/processed/rousettus/video/not_augmented/silhouette/arrowhead/r--arrowhead--VID_20250909_144129.378.jpg,arrowhead,rousettus,green,video,False,test,535.7185106130502
data/processed/rousettus/video/not_augmented/silhouette/arrowhead/r--arrowhead--VID_20250909_144129.379.jpg,arrowhead,rousettus,green,video,False,test,290.8384088010204
data/processed/rousettus/video/not_augmented/silhouette/arrowhead/r--arrowhead--VID_20250909_144129.382.jpg,arrowhead,rousettus,green,video,False,test,286.7878667091837
data/processed/rousettus/video/not_augmented/silhouette/arrowhead/r--arrowhead--VID_20250909_144129.387.jpg,arrowhead,rousettus,green,video,False,test,167.26704000920267
data/processed/rousettus/video/not_augmented/silhouette/arrowhead/r--arrowhead--VID_20250909_144129.389.jpg,arrowhead,rousettus,green,video,False,test,311.8353794245658
data/processed/rousettus/video/not_augmented/silhouette/arrowhead/r--arrowhead--VID_20250909_144129.390.jpg,arrowhead,rousettus,green,video,False,test,468.0165019069102
data/processed/rousettus/video/not_augmented/silhouette/arrowhead/r--arrowhead--VID_20250909_144129.391.jpg,arrowhead,rousettus,green,video,False,test,730.338488328164
data/processed/rousettus/video/not_augmented/silhouette/arrowhead/r--arrowhead--VID_20250909_144129.392.jpg,arrowhead,rousettus,green,video,False,test,603.7943239652926
data/processed/rousettus/video/not_augmented/silhouette/arrowhead/r--arrowhead--VID_20250909_144129.393.jpg,arrowhead,rousettus,green,video,False,test,568.0364914349545
data/processed/rousettus/video/not_augmented/silhouette/arrowhead/r--arrowhead--VID_20250909_144129.394.jpg,arrowhead,rousettus,green,video,False,test,633.010821817518
data/processed/rousettus/video/not_augmented/silhouette/arrowhead/r--arrowhead--VID_20250909_144129.395.jpg,arrowhead,rousettus,green,video,False,test,644.2069913505863
data/processed/rousettus/video/not_augmented/silhouette/arrowhead/r--arrowhead--VID_20250909_144129.396.jpg,arrowhead,rousettus,green,video,False,test,590.6905890114851
data/processed/rousettus/video/not_augmented/silhouette/arrowhead/r--arrowhead--VID_20250909_144129.397.jpg,arrowhead,rousettus,green,video,False,test,570.5878307206688
data/processed/rousettus/video/not_augmented/silhouette/arrowhead/r--arrowhead--VID_20250909_144129.398.jpg,arrowhead,rousettus,green,video,False,test,529.00482300866
data/processed/rousettus/video/not_augmented/silhouette/arrowhead/r--arrowhead--VID_20250909_144129.399.jpg,arrowhead,rousettus,green,video,False,test,565.0433673453499
data/processed/rousettus/video/not_augmented/silhouette/arrowhead/r--arrowhead--VID_20250909_144129.400.jpg,arrowhead,rousettus,green,video,False,test,723.3975007078242
data/processed/rousettus/video/not_augmented/silhouette/arrowhead/r--arrowhead--VID_20250909_144129.401.jpg,arrowhead,rousettus,green,video,False,test,672.2604630802732
data/processed/rousettus/video/not_augmented/silhouette/arrowhead/r--arrowhead--VID_20250909_144129.402.jpg,arrowhead,rousettus,green,video,False,test,530.0295758356606
data/processed/rousettus/video/not_augmented/silhouette/arrowhead/r--arrowhead--VID_20250909_144129.403.jpg,arrowhead,rousettus,green,video,False,test,931.996671381517
data/processed/rousettus/video/not_augmented/silhouette/arrowhead/r--arrowhead--VID_20250909_144129.404.jpg,arrowhead,rousettus,green,video,False,test,766.0787228382115
data/processed/rousettus/video/not_augmented/silhouette/arrowhead/r--arrowhead--VID_20250909_144129.405.jpg,arrowhead,rousettus,green,video,False,test,889.4415656109245
data/processed/rousettus/video/not_augmented/silhouette/arrowhead/r--arrowhead--VID_20250909_144129.406.jpg,arrowhead,rousettus,green,video,False,test,912.0813934885426
data/processed/rousettus/video/not_augmented/silhouette/arrowhead/r--arrowhead--VID_20250909_144129.407.jpg,arrowhead,rousettus,green,video,False,test,806.4543606489215
data/processed/rousettus/video/not_augmented/silhouette/arrowhead/r--arrowhead--VID_20250909_144129.408.jpg,arrowhead,rousettus,green,video,False,test,585.0054607383414
data/processed/rousettus/video/not_augmented/silhouette/arrowhead/r--arrowhead--VID_20250909_144129.409.jpg,arrowhead,rousettus,green,video,False,test,377.9867267219388
data/processed/rousettus/video/not_augmented/silhouette/arrowhead/r--arrowhead--VID_20250909_144129.410.jpg,arrowhead,rousettus,green,video,False,test,380.6931002834151
data/processed/rousettus/video/not_augmented/silhouette/arrowhead/r--arrowhead--VID_20250909_144129.411.jpg,arrowhead,rousettus,green,video,False,test,316.49888388885154
data/processed/rousettus/video/not_augmented/silhouette/arrowhead/r--arrowhead--VID_20250909_144129.412.jpg,arrowhead,rousettus,green,video,False,test,349.4081831280265
data/processed/rousettus/video/not_augmented/silhouette/arrowhead/r--arrowhead--VID_20250909_144129.413.jpg,arrowhead,rousettus,green,video,False,test,305.76201758291364
data/processed/rousettus/video/not_augmented/silhouette/arrowhead/r--arrowhead--VID_20250909_144129.414.jpg,arrowhead,rousettus,green,video,False,test,443.9893175766201
data/processed/rousettus/video/not_augmented/silhouette/arrowhead/r--arrowhead--VID_20250909_144129.415.jpg,arrowhead,rousettus,green,video,False,test,560.8951690035133
data/processed/rousettus/video/not_augmented/silhouette/arrowhead/r--arrowhead--VID_20250909_144129.416.jpg,arrowhead,rousettus,green,video,False,test,608.5933114861707
data/processed/rousettus/video/not_augmented/silhouette/arrowhead/r--arrowhead--VID_20250909_144129.417.jpg,arrowhead,rousettus,green,video,False,test,721.297632276987
data/processed/rousettus/video/not_augmented/silhouette/arrowhead/r--arrowhead--VID_20250909_144129.418.jpg,arrowhead,rousettus,green,video,False,test,634.2685347512979
data/processed/rousettus/video/not_augmented/silhouette/arrowhead/r--arrowhead--VID_20250909_144129.419.jpg,arrowhead,rousettus,green,video,False,test,736.2447584466802
data/processed/rousettus/video/not_augmented/silhouette/arrowhead/r--arrowhead--VID_20250909_144129.420.jpg,arrowhead,rousettus,green,video,False,test,619.4724768714477
data/processed/rousettus/video/not_augmented/silhouette/arrowhead/r--arrowhead--VID_20250909_144129.421.jpg,arrowhead,rousettus,green,video,False,test,486.1608338647959
data/processed/rousettus/video/not_augmented/silhouette/arrowhead/r--arrowhead--VID_20250909_144129.422.jpg,arrowhead,rousettus,green,video,False,test,398.8176618299599
data/processed/rousettus/video/not_augmented/silhouette/arrowhead/r--arrowhead--VID_20250909_144129.423.jpg,arrowhead,rousettus,green,video,False,test,290.6757014908923
data/processed/rousettus/video/not_augmented/silhouette/arrowhead/r--arrowhead--VID_20250909_144129.425.jpg,arrowhead,rousettus,green,video,False,test,310.9133848454842
data/processed/rousettus/video/not_augmented/silhouette/arrowhead/r--arrowhead--VID_20250909_144129.426.jpg,arrowhead,rousettus,green,video,False,test,358.8933155257619
data/processed/rousettus/video/not_augmented/silhouette/arrowhead/r--arrowhead--VID_20250909_144129.427.jpg,arrowhead,rousettus,green,video,False,test,354.6087173146538
data/processed/rousettus/video/not_augmented/silhouette/arrowhead/r--arrowhead--VID_20250909_144129.428.jpg,arrowhead,rousettus,green,video,False,test,270.70212849335394
data/processed/rousettus/video/not_augmented/silhouette/arrowhead/r--arrowhead--VID_20250909_144129.429.jpg,arrowhead,rousettus,green,video,False,test,327.522839603003
data/processed/rousettus/video/not_augmented/silhouette/arrowhead/r--arrowhead--VID_20250909_144129.430.jpg,arrowhead,rousettus,green,video,False,test,355.7676777420616
data/processed/rousettus/video/not_augmented/silhouette/arrowhead/r--arrowhead--VID_20250909_144129.431.jpg,arrowhead,rousettus,green,video,False,test,462.2905771429466
data/processed/rousettus/video/not_augmented/silhouette/arrowhead/r--arrowhead--VID_20250909_144129.432.jpg,arrowhead,rousettus,green,video,False,test,658.064592544559
data/processed/rousettus/video/not_augmented/silhouette/arrowhead/r--arrowhead--VID_20250909_144129.433.jpg,arrowhead,rousettus,green,video,False,test,768.7198461411845
data/processed/rousettus/video/not_augmented/silhouette/arrowhead/r--arrowhead--VID_20250909_144129.434.jpg,arrowhead,rousettus,green,video,False,test,676.8852439397377
data/processed/rousettus/video/not_augmented/silhouette/arrowhead/r--arrowhead--VID_20250909_144129.435.jpg,arrowhead,rousettus,green,video,False,test,510.1144968812935
data/processed/rousettus/video/not_augmented/silhouette/arrowhead/r--arrowhead--VID_20250909_144129.436.jpg,arrowhead,rousettus,green,video,False,test,393.615652812416
data/processed/rousettus/video/not_augmented/silhouette/arrowhead/r--arrowhead--VID_20250909_144129.437.jpg,arrowhead,rousettus,green,video,False,test,398.9253029082528
data/processed/rousettus/video/not_augmented/silhouette/arrowhead/r--arrowhead--VID_20250909_144129.438.jpg,arrowhead,rousettus,green,video,False,test,379.39345490957294
data/processed/rousettus/video/not_augmented/silhouette/arrowhead/r--arrowhead--VID_20250909_144129.439.jpg,arrowhead,rousettus,green,video,False,test,200.29378585426176
data/processed/rousettus/video/not_augmented/silhouette/arrowhead/r--arrowhead--VID_20250909_144129.440.jpg,arrowhead,rousettus,green,video,False,test,172.66539778028215
data/processed/rousettus/video/not_augmented/silhouette/arrowhead/r--arrowhead--VID_20250909_144129.441.jpg,arrowhead,rousettus,green,video,False,test,232.69421632624525
data/processed/rousettus/video/not_augmented/silhouette/arrowhead/r--arrowhead--VID_20250909_144129.442.jpg,arrowhead,rousettus,green,video,False,test,271.5487085204976
data/processed/rousettus/video/not_augmented/silhouette/arrowhead/r--arrowhead--VID_20250909_144129.443.jpg,arrowhead,rousettus,green,video,False,test,287.1370575538232
data/processed/rousettus/video/not_augmented/silhouette/arrowhead/r--arrowhead--VID_20250909_144129.444.jpg,arrowhead,rousettus,green,video,False,test,248.97532684790104
data/processed/rousettus/video/not_augmented/silhouette/arrowhead/r--arrowhead--VID_20250909_144129.445.jpg,arrowhead,rousettus,green,video,False,test,202.4959343048693
data/processed/rousettus/video/not_augmented/silhouette/arrowhead/r--arrowhead--VID_20250909_144129.446.jpg,arrowhead,rousettus,green,video,False,test,209.619559062416
data/processed/rousettus/video/not_augmented/silhouette/arrowhead/r--arrowhead--VID_20250909_144129.447.jpg,arrowhead,rousettus,green,video,False,test,185.59416841199524
data/processed/rousettus/video/not_augmented/silhouette/arrowhead/r--arrowhead--VID_20250909_144129.448.jpg,arrowhead,rousettus,green,video,False,test,169.61063053229606
data/processed/rousettus/video/not_augmented/silhouette/arrowhead/r--arrowhead--VID_20250909_144129.449.jpg,arrowhead,rousettus,green,video,False,test,172.21767347686145
data/processed/rousettus/video/not_augmented/silhouette/arrowhead/r--arrowhead--VID_20250909_144129.450.jpg,arrowhead,rousettus,green,video,False,test,157.98887913905295
data/processed/rousettus/video/not_augmented/silhouette/arrowhead/r--arrowhead--VID_20250909_144129.451.jpg,arrowhead,rousettus,green,video,False,test,159.6412028221725
data/processed/rousettus/video/not_augmented/silhouette/arrowhead/r--arrowhead--VID_20250909_144129.452.jpg,arrowhead,rousettus,green,video,False,test,137.99242663274254
data/processed/rousettus/video/not_augmented/silhouette/arrowhead/r--arrowhead--VID_20250909_144129.453.jpg,arrowhead,rousettus,green,video,False,test,129.808872761502
data/processed/rousettus/video/not_augmented/silhouette/arrowhead/r--arrowhead--VID_20250909_144129.454.jpg,arrowhead,rousettus,green,video,False,test,131.9837571711701
data/processed/rousettus/video/not_augmented/silhouette/arrowhead/r--arrowhead--VID_20250909_144129.455.jpg,arrowhead,rousettus,green,video,False,test,121.80436839366246
data/processed/rousettus/video/not_augmented/silhouette/arrowhead/r--arrowhead--VID_20250909_144129.456.jpg,arrowhead,rousettus,green,video,False,test,138.03001419061027
data/processed/rousettus/video/not_augmented/silhouette/arrowhead/r--arrowhead--VID_20250909_144129.457.jpg,arrowhead,rousettus,green,video,False,test,121.0102437490823
data/processed/rousettus/video/not_augmented/silhouette/arrowhead/r--arrowhead--VID_20250909_144129.458.jpg,arrowhead,rousettus,green,video,False,test,121.51004460313726
data/processed/rousettus/video/not_augmented/silhouette/arrowhead/r--arrowhead--VID_20250909_144129.459.jpg,arrowhead,rousettus,green,video,False,test,109.26273488263595
data/processed/rousettus/video/not_augmented/silhouette/arrowhead/r--arrowhead--VID_20250909_144129.460.jpg,arrowhead,rousettus,green,video,False,test,144.57688899201088
data/processed/rousettus/video/not_augmented/silhouette/arrowhead/r--arrowhead--VID_20250909_144129.461.jpg,arrowhead,rousettus,green,video,False,test,166.8638193459374
data/processed/rousettus/video/not_augmented/silhouette/arrowhead/r--arrowhead--VID_20250909_144129.462.jpg,arrowhead,rousettus,green,video,False,test,142.4271962210716
data/processed/rousettus/video/not_augmented/silhouette/arrowhead/r--arrowhead--VID_20250909_144129.463.jpg,arrowhead,rousettus,green,video,False,test,134.47700091691274
data/processed/rousettus/video/not_augmented/silhouette/arrowhead/r--arrowhead--VID_20250909_144129.464.jpg,arrowhead,rousettus,green,video,False,test,133.3810586480487
data/processed/rousettus/video/not_augmented/silhouette/arrowhead/r--arrowhead--VID_20250909_144129.465.jpg,arrowhead,rousettus,green,video,False,test,167.53822508894967
data/processed/rousettus/video/not_augmented/silhouette/arrowhead/r--arrowhead--VID_20250909_144129.466.jpg,arrowhead,rousettus,green,video,False,test,162.78240590570172
data/processed/rousettus/video/not_augmented/silhouette/arrowhead/r--arrowhead--VID_20250909_144129.467.jpg,arrowhead,rousettus,green,video,False,test,121.76484748772012
data/processed/rousettus/video/not_augmented/silhouette/arrowhead/r--arrowhead--VID_20250909_144129.468.jpg,arrowhead,rousettus,green,video,False,test,132.66139186079033
data/processed/rousettus/video/not_augmented/silhouette/arrowhead/r--arrowhead--VID_20250909_144129.469.jpg,arrowhead,rousettus,green,video,False,test,114.54591826566406
data/processed/rousettus/video/not_augmented/silhouette/arrowhead/r--arrowhead--VID_20250909_144129.470.jpg,arrowhead,rousettus,green,video,False,test,122.95475905520476
data/processed/rousettus/video/not_augmented/silhouette/arrowhead/r--arrowhead--VID_20250909_144129.471.jpg,arrowhead,rousettus,green,video,False,test,137.88632012764052
data/processed/rousettus/video/not_augmented/silhouette/arrowhead/r--arrowhead--VID_20250909_144129.472.jpg,arrowhead,rousettus,green,video,False,test,164.88590160681278
data/processed/rousettus/video/not_augmented/silhouette/arrowhead/r--arrowhead--VID_20250909_144129.473.jpg,arrowhead,rousettus,green,video,False,test,151.36120854432954
data/processed/rousettus/video/not_augmented/silhouette/arrowhead/r--arrowhead--VID_20250909_144129.474.jpg,arrowhead,rousettus,green,video,False,test,139.7006137105933
data/processed/rousettus/video/not_augmented/silhouette/arrowhead/r--arrowhead--VID_20250909_144129.475.jpg,arrowhead,rousettus,green,video,False,test,122.5472935263885
data/processed/rousettus/video/not_augmented/silhouette/arrowhead/r--arrowhead--VID_20250909_144129.476.jpg,arrowhead,rousettus,green,video,False,test,107.86597082566242
data/processed/rousettus/video/not_augmented/silhouette/arrowhead/r--arrowhead--VID_20250909_144129.477.jpg,arrowhead,rousettus,green,video,False,test,176.03641181089444
data/processed/rousettus/video/not_augmented/silhouette/arrowhead/r--arrowhead--VID_20250909_144129.478.jpg,arrowhead,rousettus,green,video,False,test,164.477160381109
data/processed/rousettus/video/not_augmented/silhouette/arrowhead/r--arrowhead--VID_20250909_144129.479.jpg,arrowhead,rousettus,green,video,False,test,116.35353554491697
data/processed/rousettus/video/not_augmented/silhouette/arrowhead/r--arrowhead--VID_20250909_144129.480.jpg,arrowhead,rousettus,green,video,False,test,163.2918722267103
data/processed/rousettus/video/not_augmented/silhouette/arrowhead/r--arrowhead--VID_20250909_144129.481.jpg,arrowhead,rousettus,green,video,False,test,140.9407286352041
data/processed/rousettus/video/not_augmented/silhouette/arrowhead/r--arrowhead--VID_20250909_144129.482.jpg,arrowhead,rousettus,green,video,False,test,146.8336652289426
data/processed/rousettus/video/not_augmented/silhouette/arrowhead/r--arrowhead--VID_20250909_144129.483.jpg,arrowhead,rousettus,green,video,False,test,146.50334817456582
data/processed/rousettus/video/not_augmented/silhouette/arrowhead/r--arrowhead--VID_20250909_144129.484.jpg,arrowhead,rousettus,green,video,False,test,185.53099082262003
data/processed/rousettus/video/not_augmented/silhouette/arrowhead/r--arrowhead--VID_20250909_144129.485.jpg,arrowhead,rousettus,green,video,False,test,213.9618342950512
data/processed/rousettus/video/not_augmented/silhouette/arrowhead/r--arrowhead--VID_20250909_144129.486.jpg,arrowhead,rousettus,green,video,False,test,203.15017139310888
data/processed/rousettus/video/not_augmented/silhouette/arrowhead/r--arrowhead--VID_20250909_144129.571.jpg,arrowhead,rousettus,green,video,False,test,283.9356064162916
data/processed/rousettus/video/not_augmented/silhouette/arrowhead/r--arrowhead--VID_20250909_144129.572.jpg,arrowhead,rousettus,green,video,False,test,487.2999640369058
data/processed/rousettus/video/not_augmented/silhouette/arrowhead/r--arrowhead--VID_20250909_144129.573.jpg,arrowhead,rousettus,green,video,False,test,375.8835497609479
data/processed/rousettus/video/not_augmented/silhouette/arrowhead/r--arrowhead--VID_20250909_144129.574.jpg,arrowhead,rousettus,green,video,False,test,413.4022241645633
data/processed/rousettus/video/not_augmented/silhouette/arrowhead/r--arrowhead--VID_20250909_144129.575.jpg,arrowhead,rousettus,green,video,False,test,247.7027463229782
data/processed/rousettus/video/not_augmented/silhouette/arrowhead/r--arrowhead--VID_20250909_144129.90.jpg,arrowhead,rousettus,green,video,False,test,206.5625597700781
data/processed/rousettus/video/not_augmented/silhouette/arrowhead/r--arrowhead--VID_20250909_144129.94.jpg,arrowhead,rousettus,green,video,False,test,111.93074378149056
data/processed/rousettus/video/not_augmented/silhouette/arrowhead/r--arrowhead--VID_20250909_144129.95.jpg,arrowhead,rousettus,green,video,False,test,185.40214444994177
data/processed/rousettus/video/not_augmented/silhouette/arrowhead/r--arrowhead--VID_20250909_144129.96.jpg,arrowhead,rousettus,green,video,False,test,198.53842468770128
data/processed/rousettus/video/not_augmented/silhouette/arrowhead/r--arrowhead--VID_20250909_144129.97.jpg,arrowhead,rousettus,green,video,False,test,138.0115990930674
data/processed/rousettus/video/not_augmented/silhouette/arrowhead/r--arrowhead--VID_20250909_144129.98.jpg,arrowhead,rousettus,green,video,False,test,180.28467792731828
data/processed/rousettus/video/not_augmented/silhouette/arrowhead/r--arrowhead--VID_20250909_144129.99.jpg,arrowhead,rousettus,green,video,False,test,195.6422193813999
data/processed/rousettus/video/not_augmented/silhouette/charlie/r--charlie--VID_20250909_144224.207.jpg,charlie,rousettus,green,video,False,test,212.20800780257
data/processed/rousettus/video/not_augmented/silhouette/charlie/r--charlie--VID_20250909_144224.208.jpg,charlie,rousettus,green,video,False,test,238.44154572675544
data/processed/rousettus/video/not_augmented/silhouette/charlie/r--charlie--VID_20250909_144224.209.jpg,charlie,rousettus,green,video,False,test,222.49589442611
data/processed/rousettus/video/not_augmented/silhouette/charlie/r--charlie--VID_20250909_144224.344.jpg,charlie,rousettus,green,video,False,test,405.8901265786619
data/processed/rousettus/video/not_augmented/silhouette/charlie/r--charlie--VID_20250909_144224.345.jpg,charlie,rousettus,green,video,False,test,458.2273596875224
data/processed/rousettus/video/not_augmented/silhouette/charlie/r--charlie--VID_20250909_144224.346.jpg,charlie,rousettus,green,video,False,test,452.3280851339509
data/processed/rousettus/video/not_augmented/silhouette/charlie/r--charlie--VID_20250909_144224.347.jpg,charlie,rousettus,green,video,False,test,351.047971074455
data/processed/rousettus/video/not_augmented/silhouette/charlie/r--charlie--VID_20250909_144224.348.jpg,charlie,rousettus,green,video,False,test,315.3189572449874
data/processed/rousettus/video/not_augmented/silhouette/charlie/r--charlie--VID_20250909_144224.351.jpg,charlie,rousettus,green,video,False,test,270.0766501134756
data/processed/rousettus/video/not_augmented/silhouette/charlie/r--charlie--VID_20250909_144224.352.jpg,charlie,rousettus,green,video,False,test,286.68253746771506
data/processed/rousettus/video/not_augmented/silhouette/charlie/r--charlie--VID_20250909_144224.353.jpg,charlie,rousettus,green,video,False,test,321.03993941167647
data/processed/rousettus/video/not_augmented/silhouette/charlie/r--charlie--VID_20250909_144224.354.jpg,charlie,rousettus,green,video,False,test,367.9949178791008
data/processed/rousettus/video/not_augmented/silhouette/charlie/r--charlie--VID_20250909_144224.355.jpg,charlie,rousettus,green,video,False,test,360.566286542226
data/processed/rousettus/video/not_augmented/silhouette/charlie/r--charlie--VID_20250909_144224.356.jpg,charlie,rousettus,green,video,False,test,319.2062141258783
data/processed/rousettus/video/not_augmented/silhouette/charlie/r--charlie--VID_20250909_144224.357.jpg,charlie,rousettus,green,video,False,test,299.361926006109
data/processed/rousettus/video/not_augmented/silhouette/charlie/r--charlie--VID_20250909_144224.358.jpg,charlie,rousettus,green,video,False,test,289.18833703927226
data/processed/rousettus/video/not_augmented/silhouette/charlie/r--charlie--VID_20250909_144224.359.jpg,charlie,rousettus,green,video,False,test,363.8794044767107
data/processed/rousettus/video/not_augmented/silhouette/charlie/r--charlie--VID_20250909_144224.360.jpg,charlie,rousettus,green,video,False,test,394.12195068535726
data/processed/rousettus/video/not_augmented/silhouette/charlie/r--charlie--VID_20250909_144224.361.jpg,charlie,rousettus,green,video,False,test,352.20003582566346
data/processed/rousettus/video/not_augmented/silhouette/charlie/r--charlie--VID_20250909_144224.362.jpg,charlie,rousettus,green,video,False,test,342.9916693176244
data/processed/rousettus/video/not_augmented/silhouette/charlie/r--charlie--VID_20250909_144224.363.jpg,charlie,rousettus,green,video,False,test,327.4861686846357
data/processed/rousettus/video/not_augmented/silhouette/charlie/r--charlie--VID_20250909_144224.364.jpg,charlie,rousettus,green,video,False,test,301.0738998660938
data/processed/rousettus/video/not_augmented/silhouette/charlie/r--charlie--VID_20250909_144224.365.jpg,charlie,rousettus,green,video,False,test,274.9490593112245
data/processed/rousettus/video/not_augmented/silhouette/charlie/r--charlie--VID_20250909_144224.366.jpg,charlie,rousettus,green,video,False,test,310.4024433988375
data/processed/rousettus/video/not_augmented/silhouette/charlie/r--charlie--VID_20250909_144224.367.jpg,charlie,rousettus,green,video,False,test,260.60859771650667
data/processed/rousettus/video/not_augmented/silhouette/charlie/r--charlie--VID_20250909_144224.368.jpg,charlie,rousettus,green,video,False,test,232.31975440708908
data/processed/rousettus/video/not_augmented/silhouette/charlie/r--charlie--VID_20250909_144224.369.jpg,charlie,rousettus,green,video,False,test,245.80604272800304
data/processed/rousettus/video/not_augmented/silhouette/charlie/r--charlie--VID_20250909_144224.370.jpg,charlie,rousettus,green,video,False,test,211.31337691167647
data/processed/rousettus/video/not_augmented/silhouette/charlie/r--charlie--VID_20250909_144224.371.jpg,charlie,rousettus,green,video,False,test,240.38801417058824
data/processed/rousettus/video/not_augmented/silhouette/charlie/r--charlie--VID_20250909_144224.372.jpg,charlie,rousettus,green,video,False,test,189.0150469196484
data/processed/rousettus/video/not_augmented/silhouette/charlie/r--charlie--VID_20250909_144224.374.jpg,charlie,rousettus,green,video,False,test,278.4665178428437
data/processed/rousettus/video/not_augmented/silhouette/charlie/r--charlie--VID_20250909_144224.375.jpg,charlie,rousettus,green,video,False,test,310.0852000634901
data/processed/rousettus/video/not_augmented/silhouette/charlie/r--charlie--VID_20250909_144224.376.jpg,charlie,rousettus,green,video,False,test,211.2543644930908
data/processed/rousettus/video/not_augmented/silhouette/charlie/r--charlie--VID_20250909_144224.377.jpg,charlie,rousettus,green,video,False,test,189.55034276794663
data/processed/rousettus/video/not_augmented/silhouette/charlie/r--charlie--VID_20250909_144224.378.jpg,charlie,rousettus,green,video,False,test,183.19409677576195
data/processed/rousettus/video/not_augmented/silhouette/charlie/r--charlie--VID_20250909_144224.379.jpg,charlie,rousettus,green,video,False,test,236.55102036844332
data/processed/rousettus/video/not_augmented/silhouette/charlie/r--charlie--VID_20250909_144224.380.jpg,charlie,rousettus,green,video,False,test,179.570073316416
data/processed/rousettus/video/not_augmented/silhouette/charlie/r--charlie--VID_20250909_144224.381.jpg,charlie,rousettus,green,video,False,test,193.0370694581095
data/processed/rousettus/video/not_augmented/silhouette/charlie/r--charlie--VID_20250909_144224.382.jpg,charlie,rousettus,green,video,False,test,203.2358099473908
data/processed/rousettus/video/not_augmented/silhouette/charlie/r--charlie--VID_20250909_144224.383.jpg,charlie,rousettus,green,video,False,test,204.22827644141603
data/processed/rousettus/video/not_augmented/silhouette/charlie/r--charlie--VID_20250909_144224.384.jpg,charlie,rousettus,green,video,False,test,267.41013598610886
data/processed/rousettus/video/not_augmented/silhouette/charlie/r--charlie--VID_20250909_144224.385.jpg,charlie,rousettus,green,video,False,test,530.8829120344442
data/processed/rousettus/video/not_augmented/silhouette/charlie/r--charlie--VID_20250909_144224.386.jpg,charlie,rousettus,green,video,False,test,478.0532724614046
data/processed/rousettus/video/not_augmented/silhouette/charlie/r--charlie--VID_20250909_144224.387.jpg,charlie,rousettus,green,video,False,test,175.46727517702735
data/processed/rousettus/video/not_augmented/silhouette/charlie/r--charlie--VID_20250909_144224.388.jpg,charlie,rousettus,green,video,False,test,222.4233697190577
data/processed/rousettus/video/not_augmented/silhouette/charlie/r--charlie--VID_20250909_144224.389.jpg,charlie,rousettus,green,video,False,test,236.0367704528116
data/processed/rousettus/video/not_augmented/silhouette/charlie/r--charlie--VID_20250909_144224.50.jpg,charlie,rousettus,green,video,False,test,443.3353794499865
data/processed/rousettus/video/not_augmented/silhouette/charlie/r--charlie--VID_20250909_144224.51.jpg,charlie,rousettus,green,video,False,test,444.5845025494317
data/processed/rousettus/video/not_augmented/silhouette/charlie/r--charlie--VID_20250909_144224.52.jpg,charlie,rousettus,green,video,False,test,390.4053332206856
data/processed/rousettus/video/not_augmented/silhouette/charlie/r--charlie--VID_20250909_144224.54.jpg,charlie,rousettus,green,video,False,test,524.2702485322457
data/processed/rousettus/video/not_augmented/silhouette/charlie/r--charlie--VID_20250909_144224.55.jpg,charlie,rousettus,green,video,False,test,390.2737364441294
data/processed/rousettus/video/not_augmented/silhouette/charlie/r--charlie--VID_20250909_144224.59.jpg,charlie,rousettus,green,video,False,test,407.4192839610184
data/processed/rousettus/video/not_augmented/silhouette/charlie/r--charlie--VID_20250909_144224.60.jpg,charlie,rousettus,green,video,False,test,355.2960777282715
data/processed/rousettus/video/not_augmented/silhouette/charlie/r--charlie--VID_20250909_144224.61.jpg,charlie,rousettus,green,video,False,test,438.7533081623476
data/processed/rousettus/video/not_augmented/silhouette/charlie/r--charlie--VID_20250909_144224.62.jpg,charlie,rousettus,green,video,False,test,500.8890505416947
data/processed/rousettus/video/not_augmented/silhouette/charlie/r--charlie--VID_20250909_144224.63.jpg,charlie,rousettus,green,video,False,test,554.4813058019826
data/processed/rousettus/video/not_augmented/silhouette/charlie/r--charlie--VID_20250909_144224.64.jpg,charlie,rousettus,green,video,False,test,553.5607656167479
data/processed/rousettus/video/not_augmented/silhouette/charlie/r--charlie--VID_20250909_144224.65.jpg,charlie,rousettus,green,video,False,test,546.8332866551924
data/processed/rousettus/video/not_augmented/silhouette/charlie/r--charlie--VID_20250909_144224.66.jpg,charlie,rousettus,green,video,False,test,527.346280756517
data/processed/rousettus/video/not_augmented/silhouette/charlie/r--charlie--VID_20250909_144224.67.jpg,charlie,rousettus,green,video,False,test,534.3506855851458
data/processed/rousettus/video/not_augmented/silhouette/charlie/r--charlie--VID_20250909_144224.68.jpg,charlie,rousettus,green,video,False,test,520.7572344196484
data/processed/rousettus/video/not_augmented/silhouette/charlie/r--charlie--VID_20250909_144224.69.jpg,charlie,rousettus,green,video,False,test,349.8795838584408
data/processed/rousettus/video/not_augmented/silhouette/charlie/r--charlie--VID_20250909_144224.70.jpg,charlie,rousettus,green,video,False,test,309.2297510070038
data/processed/rousettus/video/not_augmented/silhouette/charlie/r--charlie--VID_20250909_144224.71.jpg,charlie,rousettus,green,video,False,test,443.8127586014418
data/processed/rousettus/video/not_augmented/silhouette/charlie/r--charlie--VID_20250909_144224.72.jpg,charlie,rousettus,green,video,False,test,372.2179527282714
data/processed/rousettus/video/not_augmented/silhouette/charlie/r--charlie--VID_20250909_144224.73.jpg,charlie,rousettus,green,video,False,test,288.5294163523988
data/processed/rousettus/video/not_augmented/silhouette/charlie/r--charlie--VID_20250909_144224.74.jpg,charlie,rousettus,green,video,False,test,301.8025948656743
data/processed/rousettus/video/not_augmented/silhouette/charlie/r--charlie--VID_20250909_144224.75.jpg,charlie,rousettus,green,video,False,test,219.3664301515172
data/processed/rousettus/video/not_augmented/silhouette/charlie/r--charlie--VID_20250909_144224.76.jpg,charlie,rousettus,green,video,False,test,279.02676576497606
data/processed/rousettus/video/not_augmented/silhouette/charlie/r--charlie--VID_20250909_144224.77.jpg,charlie,rousettus,green,video,False,test,222.9277742092732
data/processed/rousettus/video/not_augmented/silhouette/charlie/r--charlie--VID_20250909_144224.78.jpg,charlie,rousettus,green,video,False,test,399.9903339571081
data/processed/rousettus/video/not_augmented/silhouette/charlie/r--charlie--VID_20250909_144224.79.jpg,charlie,rousettus,green,video,False,test,242.6510483063742
data/processed/rousettus/video/not_augmented/silhouette/gini/r--gini--VID_20250909_144437.198.jpg,gini,rousettus,green,video,False,train,379.4457908020274
data/processed/rousettus/video/not_augmented/silhouette/gini/r--gini--VID_20250909_144437.199.jpg,gini,rousettus,green,video,False,train,360.3089325538232
data/processed/rousettus/video/not_augmented/silhouette/gini/r--gini--VID_20250909_144437.200.jpg,gini,rousettus,green,video,False,train,425.9502750314905
data/processed/rousettus/video/not_augmented/silhouette/gini/r--gini--VID_20250909_144437.201.jpg,gini,rousettus,green,video,False,train,392.9875438262005
data/processed/rousettus/video/not_augmented/silhouette/gini/r--gini--VID_20250909_144437.202.jpg,gini,rousettus,green,video,False,train,365.37836812467
data/processed/rousettus/video/not_augmented/silhouette/gini/r--gini--VID_20250909_144437.203.jpg,gini,rousettus,green,video,False,train,331.755261478003
data/processed/rousettus/video/not_augmented/silhouette/gini/r--gini--VID_20250909_144437.204.jpg,gini,rousettus,green,video,False,train,338.8875755900296
data/processed/rousettus/video/not_augmented/silhouette/gini/r--gini--VID_20250909_144437.205.jpg,gini,rousettus,green,video,False,train,433.8448060717696
data/processed/rousettus/video/not_augmented/silhouette/gini/r--gini--VID_20250909_144437.206.jpg,gini,rousettus,green,video,False,train,435.0564811846357
data/processed/rousettus/video/not_augmented/silhouette/gini/r--gini--VID_20250909_144437.207.jpg,gini,rousettus,green,video,False,train,394.87386395066346
data/processed/rousettus/video/not_augmented/silhouette/gini/r--gini--VID_20250909_144437.208.jpg,gini,rousettus,green,video,False,train,325.11543363374943
data/processed/rousettus/video/not_augmented/silhouette/gini/r--gini--VID_20250909_144437.209.jpg,gini,rousettus,green,video,False,train,284.97026466201214
data/processed/rousettus/video/not_augmented/silhouette/gini/r--gini--VID_20250909_144437.210.jpg,gini,rousettus,green,video,False,train,283.771823172468
data/processed/rousettus/video/not_augmented/silhouette/gini/r--gini--VID_20250909_144437.211.jpg,gini,rousettus,green,video,False,train,278.95282603283323
data/processed/rousettus/video/not_augmented/silhouette/gini/r--gini--VID_20250909_144437.212.jpg,gini,rousettus,green,video,False,train,251.18016580202732
data/processed/rousettus/video/not_augmented/silhouette/gini/r--gini--VID_20250909_144437.213.jpg,gini,rousettus,green,video,False,train,238.9876634052822
data/processed/rousettus/video/not_augmented/silhouette/gini/r--gini--VID_20250909_144437.214.jpg,gini,rousettus,green,video,False,train,190.2752909753681
data/processed/rousettus/video/not_augmented/silhouette/gini/r--gini--VID_20250909_144437.215.jpg,gini,rousettus,green,video,False,train,193.9433991060015
data/processed/rousettus/video/not_augmented/silhouette/gini/r--gini--VID_20250909_144437.216.jpg,gini,rousettus,green,video,False,train,215.55514577168915
data/processed/rousettus/video/not_augmented/silhouette/gini/r--gini--VID_20250909_144437.217.jpg,gini,rousettus,green,video,False,train,227.2568556751027
data/processed/rousettus/video/not_augmented/silhouette/gini/r--gini--VID_20250909_144437.218.jpg,gini,rousettus,green,video,False,train,288.77036829721624
data/processed/rousettus/video/not_augmented/silhouette/gini/r--gini--VID_20250909_144437.219.jpg,gini,rousettus,green,video,False,train,311.8761559057017
data/processed/rousettus/video/not_augmented/silhouette/gini/r--gini--VID_20250909_144437.220.jpg,gini,rousettus,green,video,False,train,329.01556512108954
data/processed/rousettus/video/not_augmented/silhouette/gini/r--gini--VID_20250909_144437.221.jpg,gini,rousettus,green,video,False,train,313.68991149201685
data/processed/rousettus/video/not_augmented/silhouette/gini/r--gini--VID_20250909_144437.222.jpg,gini,rousettus,green,video,False,train,323.9473851977265
data/processed/rousettus/video/not_augmented/silhouette/gini/r--gini--VID_20250909_144437.223.jpg,gini,rousettus,green,video,False,train,318.8009406109245
data/processed/rousettus/video/not_augmented/silhouette/gini/r--gini--VID_20250909_144437.224.jpg,gini,rousettus,green,video,False,train,331.96358815971286
data/processed/rousettus/video/not_augmented/silhouette/gini/r--gini--VID_20250909_144437.225.jpg,gini,rousettus,green,video,False,train,316.45657279639386
data/processed/rousettus/video/not_augmented/silhouette/gini/r--gini--VID_20250909_144437.226.jpg,gini,rousettus,green,video,False,train,301.65395795281154
data/processed/rousettus/video/not_augmented/silhouette/gini/r--gini--VID_20250909_144437.227.jpg,gini,rousettus,green,video,False,train,277.0971976883557
data/processed/rousettus/video/not_augmented/silhouette/gini/r--gini--VID_20250909_144437.228.jpg,gini,rousettus,green,video,False,train,241.390923899643
data/processed/rousettus/video/not_augmented/silhouette/gini/r--gini--VID_20250909_144437.229.jpg,gini,rousettus,green,video,False,train,249.75410541977692
data/processed/rousettus/video/not_augmented/silhouette/gini/r--gini--VID_20250909_144437.230.jpg,gini,rousettus,green,video,False,train,250.87992262413283
data/processed/rousettus/video/not_augmented/silhouette/gini/r--gini--VID_20250909_144437.231.jpg,gini,rousettus,green,video,False,train,279.3713527899492
data/processed/rousettus/video/not_augmented/silhouette/gini/r--gini--VID_20250909_144437.232.jpg,gini,rousettus,green,video,False,train,311.2996052742401
data/processed/rousettus/video/not_augmented/silhouette/gini/r--gini--VID_20250909_144437.233.jpg,gini,rousettus,green,video,False,train,354.6963488266202
data/processed/rousettus/video/not_augmented/silhouette/gini/r--gini--VID_20250909_144437.234.jpg,gini,rousettus,green,video,False,train,391.1050701514725
data/processed/rousettus/video/not_augmented/silhouette/gini/r--gini--VID_20250909_144437.235.jpg,gini,rousettus,green,video,False,train,401.557975914815
data/processed/rousettus/video/not_augmented/silhouette/gini/r--gini--VID_20250909_144437.236.jpg,gini,rousettus,green,video,False,train,445.2288942599187
data/processed/rousettus/video/not_augmented/silhouette/gini/r--gini--VID_20250909_144437.237.jpg,gini,rousettus,green,video,False,train,315.27082668647625
data/processed/rousettus/video/not_augmented/silhouette/gini/r--gini--VID_20250909_144437.238.jpg,gini,rousettus,green,video,False,train,260.6180644069101
data/processed/rousettus/video/not_augmented/silhouette/gini/r--gini--VID_20250909_144437.239.jpg,gini,rousettus,green,video,False,train,208.1507294288232
data/processed/rousettus/video/not_augmented/silhouette/gini/r--gini--VID_20250909_144437.240.jpg,gini,rousettus,green,video,False,train,228.18749992214904
data/processed/rousettus/video/not_augmented/silhouette/gini/r--gini--VID_20250909_144437.241.jpg,gini,rousettus,green,video,False,train,334.2869498965046
data/processed/rousettus/video/not_augmented/silhouette/gini/r--gini--VID_20250909_144437.242.jpg,gini,rousettus,green,video,False,train,412.8723493108944
data/processed/rousettus/video/not_augmented/silhouette/gini/r--gini--VID_20250909_144437.243.jpg,gini,rousettus,green,video,False,train,409.913783404292
data/processed/rousettus/video/not_augmented/silhouette/gini/r--gini--VID_20250909_144437.244.jpg,gini,rousettus,green,video,False,train,261.60941485969386
data/processed/rousettus/video/not_augmented/silhouette/gini/r--gini--VID_20250909_144437.245.jpg,gini,rousettus,green,video,False,train,176.30695948825186
data/processed/rousettus/video/not_augmented/silhouette/gini/r--gini--VID_20250909_144437.246.jpg,gini,rousettus,green,video,False,train,139.80305323825186
data/processed/rousettus/video/not_augmented/silhouette/gini/r--gini--VID_20250909_144437.247.jpg,gini,rousettus,green,video,False,train,208.9603794642857
data/processed/rousettus/video/not_augmented/silhouette/gini/r--gini--VID_20250909_144437.248.jpg,gini,rousettus,green,video,False,train,198.51602359535
data/processed/rousettus/video/not_augmented/silhouette/gini/r--gini--VID_20250909_144437.249.jpg,gini,rousettus,green,video,False,train,208.81885757311244
data/processed/rousettus/video/not_augmented/silhouette/gini/r--gini--VID_20250909_144437.250.jpg,gini,rousettus,green,video,False,train,145.96388711734693
data/processed/rousettus/video/not_augmented/silhouette/gini/r--gini--VID_20250909_144437.42.jpg,gini,rousettus,green,video,False,train,152.82188693844543
data/processed/rousettus/video/not_augmented/silhouette/gini/r--gini--VID_20250909_144437.44.jpg,gini,rousettus,green,video,False,train,161.19856104558832
data/processed/rousettus/video/not_augmented/silhouette/gini/r--gini--VID_20250909_144437.45.jpg,gini,rousettus,green,video,False,train,258.3214883605722
data/processed/rousettus/video/not_augmented/silhouette/gini/r--gini--VID_20250909_144437.46.jpg,gini,rousettus,green,video,False,train,292.6593590307017
data/processed/rousettus/video/not_augmented/silhouette/gini/r--gini--VID_20250909_144437.47.jpg,gini,rousettus,green,video,False,train,291.18329475423485
data/processed/rousettus/video/not_augmented/silhouette/gini/r--gini--VID_20250909_144437.48.jpg,gini,rousettus,green,video,False,train,291.5371093352801
data/processed/rousettus/video/not_augmented/silhouette/gini/r--gini--VID_20250909_144437.76.jpg,gini,rousettus,green,video,False,train,256.3839683532714
data/processed/rousettus/video/not_augmented/silhouette/gini/r--gini--VID_20250909_144437.77.jpg,gini,rousettus,green,video,False,train,218.0507214568844
data/processed/rousettus/video/not_augmented/silhouette/gini/r--gini--VID_20250909_144437.78.jpg,gini,rousettus,green,video,False,train,226.885204024436
data/processed/rousettus/video/not_augmented/silhouette/gini/r--gini--VID_20250909_144437.79.jpg,gini,rousettus,green,video,False,train,187.5788024559164
data/processed/rousettus/video/not_augmented/silhouette/gini/r--gini--VID_20250909_144437.80.jpg,gini,rousettus,green,video,False,train,194.6030572190577
data/processed/rousettus/video/not_augmented/silhouette/gini/r--gini--VID_20250909_144437.81.jpg,gini,rousettus,green,video,False,train,171.70011550374255
data/processed/rousettus/video/not_augmented/silhouette/gini/r--gini--VID_20250909_144437.82.jpg,gini,rousettus,green,video,False,train,186.5854790463938
data/processed/rousettus/video/not_augmented/silhouette/gini/r--gini--VID_20250909_144437.83.jpg,gini,rousettus,green,video,False,train,136.81393494739078
data/processed/rousettus/video/not_augmented/silhouette/gini/r--gini--VID_20250909_144437.84.jpg,gini,rousettus,green,video,False,train,119.7400748345416
data/processed/rousettus/video/not_augmented/silhouette/gini/r--gini--VID_20250909_144437.85.jpg,gini,rousettus,green,video,False,train,176.81638627209202
data/processed/rousettus/video/not_augmented/silhouette/gini/r--gini--VID_20250909_144437.86.jpg,gini,rousettus,green,video,False,train,134.7269010591487
data/processed/rousettus/video/not_augmented/silhouette/gini/r--gini--VID_20250909_144437.87.jpg,gini,rousettus,green,video,False,train,102.1209741566192
data/processed/rousettus/video/not_augmented/silhouette/gini/r--gini--VID_20250909_144437.88.jpg,gini,rousettus,green,video,False,train,101.75850983452467
data/processed/rousettus/video/not_augmented/silhouette/gini/r--gini--VID_20250909_144437.89.jpg,gini,rousettus,green,video,False,train,141.14590637726565
data/processed/rousettus/video/not_augmented/silhouette/gini/r--gini--VID_20250909_144437.90.jpg,gini,rousettus,green,video,False,train,112.82816485810508
data/processed/rousettus/video/not_augmented/silhouette/gini/r--gini--VID_20250909_144437.91.jpg,gini,rousettus,green,video,False,train,91.67657813247372
data/processed/rousettus/video/not_augmented/silhouette/gini/r--gini--VID_20250909_144437.92.jpg,gini,rousettus,green,video,False,train,117.99766820751096
data/processed/rousettus/video/not_augmented/silhouette/het/r--het--VID_20250909_144055.13.jpg,het,rousettus,green,video,False,val,199.54103552267384
data/processed/rousettus/video/not_augmented/silhouette/het/r--het--VID_20250909_144055.14.jpg,het,rousettus,green,video,False,val,205.4918685652524
data/processed/rousettus/video/not_augmented/silhouette/het/r--het--VID_20250909_144055.15.jpg,het,rousettus,green,video,False,val,113.46169473250082
data/processed/rousettus/video/not_augmented/silhouette/het/r--het--VID_20250909_144055.16.jpg,het,rousettus,green,video,False,val,114.56544960304775
data/processed/rousettus/video/not_augmented/silhouette/het/r--het--VID_20250909_144055.17.jpg,het,rousettus,green,video,False,val,124.88797431089444
data/processed/rousettus/video/not_augmented/silhouette/het/r--het--VID_20250909_144055.18.jpg,het,rousettus,green,video,False,val,192.9595423964151
data/processed/rousettus/video/not_augmented/silhouette/het/r--het--VID_20250909_144055.19.jpg,het,rousettus,green,video,False,val,128.89413264670603
data/processed/rousettus/video/not_augmented/silhouette/het/r--het--VID_20250909_144055.20.jpg,het,rousettus,green,video,False,val,167.30014346947723
data/processed/rousettus/video/not_augmented/silhouette/het/r--het--VID_20250909_144055.21.jpg,het,rousettus,green,video,False,val,249.2873485188641
data/processed/rousettus/video/not_augmented/silhouette/het/r--het--VID_20250909_144055.22.jpg,het,rousettus,green,video,False,val,240.3416772561985
data/processed/rousettus/video/not_augmented/silhouette/het/r--het--VID_20250909_144055.23.jpg,het,rousettus,green,video,False,val,162.72873485291913
data/processed/rousettus/video/not_augmented/silhouette/het/r--het--VID_20250909_144055.24.jpg,het,rousettus,green,video,False,val,203.44148586770484
data/processed/rousettus/video/not_augmented/silhouette/het/r--het--VID_20250909_144055.25.jpg,het,rousettus,green,video,False,val,241.14829798749668
data/processed/rousettus/video/not_augmented/silhouette/het/r--het--VID_20250909_144055.26.jpg,het,rousettus,green,video,False,val,210.5030293351459
data/processed/rousettus/video/not_augmented/silhouette/het/r--het--VID_20250909_144055.27.jpg,het,rousettus,green,video,False,val,181.4347696073946
data/processed/rousettus/video/not_augmented/silhouette/het/r--het--VID_20250909_144055.28.jpg,het,rousettus,green,video,False,val,141.6731106250895
data/processed/rousettus/video/not_augmented/silhouette/het/r--het--VID_20250909_144055.30.jpg,het,rousettus,green,video,False,val,168.61156701465688
data/processed/rousettus/video/not_augmented/silhouette/het/r--het--VID_20250909_144055.31.jpg,het,rousettus,green,video,False,val,232.93353391239813
data/processed/rousettus/video/not_augmented/silhouette/het/r--het--VID_20250909_144055.32.jpg,het,rousettus,green,video,False,val,273.43229830001894
data/processed/rousettus/video/not_augmented/silhouette/het/r--het--VID_20250909_144055.33.jpg,het,rousettus,green,video,False,val,310.4968311062757
data/processed/rousettus/video/not_augmented/silhouette/het/r--het--VID_20250909_144055.333.jpg,het,rousettus,green,video,False,val,88.11471617355888
data/processed/rousettus/video/not_augmented/silhouette/het/r--het--VID_20250909_144055.334.jpg,het,rousettus,green,video,False,val,119.54235083537516
data/processed/rousettus/video/not_augmented/silhouette/het/r--het--VID_20250909_144055.335.jpg,het,rousettus,green,video,False,val,113.39799903701216
data/processed/rousettus/video/not_augmented/silhouette/het/r--het--VID_20250909_144055.336.jpg,het,rousettus,green,video,False,val,107.81610729236594
data/processed/rousettus/video/not_augmented/silhouette/het/r--het--VID_20250909_144055.337.jpg,het,rousettus,green,video,False,val,87.42291132662011
data/processed/rousettus/video/not_augmented/silhouette/het/r--het--VID_20250909_144055.338.jpg,het,rousettus,green,video,False,val,89.27367655648037
data/processed/rousettus/video/not_augmented/silhouette/het/r--het--VID_20250909_144055.339.jpg,het,rousettus,green,video,False,val,87.64046553580378
data/processed/rousettus/video/not_augmented/silhouette/het/r--het--VID_20250909_144055.34.jpg,het,rousettus,green,video,False,val,334.4333145033563
data/processed/rousettus/video/not_augmented/silhouette/het/r--het--VID_20250909_144055.340.jpg,het,rousettus,green,video,False,val,85.50408557056137
data/processed/rousettus/video/not_augmented/silhouette/het/r--het--VID_20250909_144055.341.jpg,het,rousettus,green,video,False,val,97.25990512399858
data/processed/rousettus/video/not_augmented/silhouette/het/r--het--VID_20250909_144055.342.jpg,het,rousettus,green,video,False,val,123.04041768987194
data/processed/rousettus/video/not_augmented/silhouette/het/r--het--VID_20250909_144055.343.jpg,het,rousettus,green,video,False,val,122.43351399089237
data/processed/rousettus/video/not_augmented/silhouette/het/r--het--VID_20250909_144055.344.jpg,het,rousettus,green,video,False,val,110.11822383774168
data/processed/rousettus/video/not_augmented/silhouette/het/r--het--VID_20250909_144055.345.jpg,het,rousettus,green,video,False,val,106.04482222219052
data/processed/rousettus/video/not_augmented/silhouette/het/r--het--VID_20250909_144055.346.jpg,het,rousettus,green,video,False,val,112.7702485656103
data/processed/rousettus/video/not_augmented/silhouette/het/r--het--VID_20250909_144055.347.jpg,het,rousettus,green,video,False,val,110.04205189918986
data/processed/rousettus/video/not_augmented/silhouette/het/r--het--VID_20250909_144055.348.jpg,het,rousettus,green,video,False,val,108.07669003672125
data/processed/rousettus/video/not_augmented/silhouette/het/r--het--VID_20250909_144055.349.jpg,het,rousettus,green,video,False,val,109.14504941172125
data/processed/rousettus/video/not_augmented/silhouette/het/r--het--VID_20250909_144055.35.jpg,het,rousettus,green,video,False,val,329.34012276626834
data/processed/rousettus/video/not_augmented/silhouette/het/r--het--VID_20250909_144055.350.jpg,het,rousettus,green,video,False,val,111.02429446395564
data/processed/rousettus/video/not_augmented/silhouette/het/r--het--VID_20250909_144055.351.jpg,het,rousettus,green,video,False,val,140.28621253149055
data/processed/rousettus/video/not_augmented/silhouette/het/r--het--VID_20250909_144055.352.jpg,het,rousettus,green,video,False,val,117.2456950958646
data/processed/rousettus/video/not_augmented/silhouette/het/r--het--VID_20250909_144055.353.jpg,het,rousettus,green,video,False,val,140.6843710136334
data/processed/rousettus/video/not_augmented/silhouette/het/r--het--VID_20250909_144055.354.jpg,het,rousettus,green,video,False,val,144.43263710304777
data/processed/rousettus/video/not_augmented/silhouette/het/r--het--VID_20250909_144055.355.jpg,het,rousettus,green,video,False,val,136.66189009862262
data/processed/rousettus/video/not_augmented/silhouette/het/r--het--VID_20250909_144055.356.jpg,het,rousettus,green,video,False,val,156.0326849092597
data/processed/rousettus/video/not_augmented/silhouette/het/r--het--VID_20250909_144055.357.jpg,het,rousettus,green,video,False,val,106.52451368631398
data/processed/rousettus/video/not_augmented/silhouette/het/r--het--VID_20250909_144055.358.jpg,het,rousettus,green,video,False,val,103.16958305767209
data/processed/rousettus/video/not_augmented/silhouette/het/r--het--VID_20250909_144055.359.jpg,het,rousettus,green,video,False,val,88.08043685588972
data/processed/rousettus/video/not_augmented/silhouette/het/r--het--VID_20250909_144055.36.jpg,het,rousettus,green,video,False,val,298.6115473338536
data/processed/rousettus/video/not_augmented/silhouette/het/r--het--VID_20250909_144055.360.jpg,het,rousettus,green,video,False,val,92.62378406921856
data/processed/rousettus/video/not_augmented/silhouette/het/r--het--VID_20250909_144055.363.jpg,het,rousettus,green,video,False,val,90.6524832489986
data/processed/rousettus/video/not_augmented/silhouette/het/r--het--VID_20250909_144055.364.jpg,het,rousettus,green,video,False,val,117.607461694974
data/processed/rousettus/video/not_augmented/silhouette/het/r--het--VID_20250909_144055.37.jpg,het,rousettus,green,video,False,val,302.63598105610527
data/processed/rousettus/video/not_augmented/silhouette/het/r--het--VID_20250909_144055.38.jpg,het,rousettus,green,video,False,val,264.93411161461654
data/processed/rousettus/video/not_augmented/silhouette/het/r--het--VID_20250909_144055.39.jpg,het,rousettus,green,video,False,val,194.17524314373549
data/processed/rousettus/video/not_augmented/silhouette/het/r--het--VID_20250909_144055.40.jpg,het,rousettus,green,video,False,val,234.18191960313723
data/processed/rousettus/video/not_augmented/silhouette/het/r--het--VID_20250909_144055.42.jpg,het,rousettus,green,video,False,val,178.23754384526606
data/processed/rousettus/video/not_augmented/silhouette/het/r--het--VID_20250909_144055.43.jpg,het,rousettus,green,video,False,val,119.96490339615204
data/processed/rousettus/video/not_augmented/silhouette/het/r--het--VID_20250909_144055.45.jpg,het,rousettus,green,video,False,val,96.08595742627216
data/processed/rousettus/video/not_augmented/silhouette/het/r--het--VID_20250909_144055.47.jpg,het,rousettus,green,video,False,val,92.22157990957292
data/processed/rousettus/video/not_augmented/silhouette/het/r--het--VID_20250909_144055.51.jpg,het,rousettus,green,video,False,val,68.33380497420444
data/processed/rousettus/video/not_augmented/silhouette/itamar/r--itamar--VID_20250909_144529.14.jpg,itamar,rousettus,green,video,False,val,170.3200534020598
data/processed/rousettus/video/not_augmented/silhouette/itamar/r--itamar--VID_20250909_144529.147.jpg,itamar,rousettus,green,video,False,val,86.31315763688794
data/processed/rousettus/video/not_augmented/silhouette/itamar/r--itamar--VID_20250909_144529.148.jpg,itamar,rousettus,green,video,False,val,85.42550210345046
data/processed/rousettus/video/not_augmented/silhouette/itamar/r--itamar--VID_20250909_144529.15.jpg,itamar,rousettus,green,video,False,val,186.3437296376036
data/processed/rousettus/video/not_augmented/silhouette/itamar/r--itamar--VID_20250909_144529.150.jpg,itamar,rousettus,green,video,False,val,83.14682311527136
data/processed/rousettus/video/not_augmented/silhouette/itamar/r--itamar--VID_20250909_144529.151.jpg,itamar,rousettus,green,video,False,val,83.16982162162593
data/processed/rousettus/video/not_augmented/silhouette/itamar/r--itamar--VID_20250909_144529.152.jpg,itamar,rousettus,green,video,False,val,87.60911479625837
data/processed/rousettus/video/not_augmented/silhouette/itamar/r--itamar--VID_20250909_144529.153.jpg,itamar,rousettus,green,video,False,val,83.82345968561836
data/processed/rousettus/video/not_augmented/silhouette/itamar/r--itamar--VID_20250909_144529.16.jpg,itamar,rousettus,green,video,False,val,211.32334183037955
data/processed/rousettus/video/not_augmented/silhouette/itamar/r--itamar--VID_20250909_144529.160.jpg,itamar,rousettus,green,video,False,val,114.76409039185576
data/processed/rousettus/video/not_augmented/silhouette/itamar/r--itamar--VID_20250909_144529.161.jpg,itamar,rousettus,green,video,False,val,107.71454419815656
data/processed/rousettus/video/not_augmented/silhouette/itamar/r--itamar--VID_20250909_144529.162.jpg,itamar,rousettus,green,video,False,val,115.22731977698704
data/processed/rousettus/video/not_augmented/silhouette/itamar/r--itamar--VID_20250909_144529.163.jpg,itamar,rousettus,green,video,False,val,124.2659438521303
data/processed/rousettus/video/not_augmented/silhouette/itamar/r--itamar--VID_20250909_144529.164.jpg,itamar,rousettus,green,video,False,val,99.5516581632653
data/processed/rousettus/video/not_augmented/silhouette/itamar/r--itamar--VID_20250909_144529.165.jpg,itamar,rousettus,green,video,False,val,159.2597656234112
data/processed/rousettus/video/not_augmented/silhouette/itamar/r--itamar--VID_20250909_144529.166.jpg,itamar,rousettus,green,video,False,val,114.62207031210284
data/processed/rousettus/video/not_augmented/silhouette/itamar/r--itamar--VID_20250909_144529.17.jpg,itamar,rousettus,green,video,False,val,467.9118701771169
data/processed/rousettus/video/not_augmented/silhouette/itamar/r--itamar--VID_20250909_144529.18.jpg,itamar,rousettus,green,video,False,val,537.775809084659
data/processed/rousettus/video/not_augmented/silhouette/itamar/r--itamar--VID_20250909_144529.19.jpg,itamar,rousettus,green,video,False,val,468.2216397384365
data/processed/rousettus/video/not_augmented/silhouette/itamar/r--itamar--VID_20250909_144529.20.jpg,itamar,rousettus,green,video,False,val,377.5810945467967
data/processed/rousettus/video/not_augmented/silhouette/itamar/r--itamar--VID_20250909_144529.21.jpg,itamar,rousettus,green,video,False,val,345.5173787868107
data/processed/rousettus/video/not_augmented/silhouette/itamar/r--itamar--VID_20250909_144529.22.jpg,itamar,rousettus,green,video,False,val,374.6075015689671
data/processed/rousettus/video/not_augmented/silhouette/itamar/r--itamar--VID_20250909_144529.23.jpg,itamar,rousettus,green,video,False,val,414.3430921716623
data/processed/rousettus/video/not_augmented/silhouette/itamar/r--itamar--VID_20250909_144529.24.jpg,itamar,rousettus,green,video,False,val,437.3360566723501
data/processed/rousettus/video/not_augmented/silhouette/itamar/r--itamar--VID_20250909_144529.25.jpg,itamar,rousettus,green,video,False,val,439.4304846875223
data/processed/rousettus/video/not_augmented/silhouette/itamar/r--itamar--VID_20250909_144529.26.jpg,itamar,rousettus,green,video,False,val,431.8407602544527
data/processed/rousettus/video/not_augmented/silhouette/itamar/r--itamar--VID_20250909_144529.27.jpg,itamar,rousettus,green,video,False,val,330.9438974772926
data/processed/rousettus/video/not_augmented/silhouette/itamar/r--itamar--VID_20250909_144529.28.jpg,itamar,rousettus,green,video,False,val,278.39744073914665
data/processed/rousettus/video/not_augmented/silhouette/itamar/r--itamar--VID_20250909_144529.29.jpg,itamar,rousettus,green,video,False,val,249.9751274493375
data/processed/rousettus/video/not_augmented/silhouette/itamar/r--itamar--VID_20250909_144529.291.jpg,itamar,rousettus,green,video,False,val,131.82338163923194
data/processed/rousettus/video/not_augmented/silhouette/itamar/r--itamar--VID_20250909_144529.30.jpg,itamar,rousettus,green,video,False,val,227.27100605867344
data/processed/rousettus/video/not_augmented/silhouette/itamar/r--itamar--VID_20250909_144529.302.jpg,itamar,rousettus,green,video,False,val,173.91563686853846
data/processed/rousettus/video/not_augmented/silhouette/itamar/r--itamar--VID_20250909_144529.303.jpg,itamar,rousettus,green,video,False,val,156.13066005110988
data/processed/rousettus/video/not_augmented/silhouette/itamar/r--itamar--VID_20250909_144529.304.jpg,itamar,rousettus,green,video,False,val,153.65589125639994
data/processed/rousettus/video/not_augmented/silhouette/itamar/r--itamar--VID_20250909_144529.305.jpg,itamar,rousettus,green,video,False,val,166.55677984437065
data/processed/rousettus/video/not_augmented/silhouette/itamar/r--itamar--VID_20250909_144529.306.jpg,itamar,rousettus,green,video,False,val,161.45721058644932
data/processed/rousettus/video/not_augmented/silhouette/itamar/r--itamar--VID_20250909_144529.307.jpg,itamar,rousettus,green,video,False,val,172.6678490930674
data/processed/rousettus/video/not_augmented/silhouette/itamar/r--itamar--VID_20250909_144529.308.jpg,itamar,rousettus,green,video,False,val,189.0465959567221
data/processed/rousettus/video/not_augmented/silhouette/itamar/r--itamar--VID_20250909_144529.309.jpg,itamar,rousettus,green,video,False,val,184.2270806617213
data/processed/rousettus/video/not_augmented/silhouette/itamar/r--itamar--VID_20250909_144529.31.jpg,itamar,rousettus,green,video,False,val,231.16246810588976
data/processed/rousettus/video/not_augmented/silhouette/itamar/r--itamar--VID_20250909_144529.310.jpg,itamar,rousettus,green,video,False,val,171.87559788905295
data/processed/rousettus/video/not_augmented/silhouette/itamar/r--itamar--VID_20250909_144529.311.jpg,itamar,rousettus,green,video,False,val,176.5538503177361
data/processed/rousettus/video/not_augmented/silhouette/itamar/r--itamar--VID_20250909_144529.312.jpg,itamar,rousettus,green,video,False,val,189.97937246502963
data/processed/rousettus/video/not_augmented/silhouette/itamar/r--itamar--VID_20250909_144529.313.jpg,itamar,rousettus,green,video,False,val,178.87310666414356
data/processed/rousettus/video/not_augmented/silhouette/itamar/r--itamar--VID_20250909_144529.314.jpg,itamar,rousettus,green,video,False,val,178.42257254106806
data/processed/rousettus/video/not_augmented/silhouette/itamar/r--itamar--VID_20250909_144529.315.jpg,itamar,rousettus,green,video,False,val,179.1538583929466
data/processed/rousettus/video/not_augmented/silhouette/itamar/r--itamar--VID_20250909_144529.316.jpg,itamar,rousettus,green,video,False,val,170.84646043376293
data/processed/rousettus/video/not_augmented/silhouette/itamar/r--itamar--VID_20250909_144529.317.jpg,itamar,rousettus,green,video,False,val,159.90766499966995
data/processed/rousettus/video/not_augmented/silhouette/itamar/r--itamar--VID_20250909_144529.318.jpg,itamar,rousettus,green,video,False,val,154.06746232176957
data/processed/rousettus/video/not_augmented/silhouette/itamar/r--itamar--VID_20250909_144529.319.jpg,itamar,rousettus,green,video,False,val,145.22975119765923
data/processed/rousettus/video/not_augmented/silhouette/itamar/r--itamar--VID_20250909_144529.32.jpg,itamar,rousettus,green,video,False,val,270.6514070467967
data/processed/rousettus/video/not_augmented/silhouette/itamar/r--itamar--VID_20250909_144529.320.jpg,itamar,rousettus,green,video,False,val,136.40228396006196
data/processed/rousettus/video/not_augmented/silhouette/itamar/r--itamar--VID_20250909_144529.321.jpg,itamar,rousettus,green,video,False,val,134.50135482286026
data/processed/rousettus/video/not_augmented/silhouette/itamar/r--itamar--VID_20250909_144529.322.jpg,itamar,rousettus,green,video,False,val,131.8963448338983
data/processed/rousettus/video/not_augmented/silhouette/itamar/r--itamar--VID_20250909_144529.323.jpg,itamar,rousettus,green,video,False,val,132.67468489830023
data/processed/rousettus/video/not_augmented/silhouette/itamar/r--itamar--VID_20250909_144529.324.jpg,itamar,rousettus,green,video,False,val,144.63901067882318
data/processed/rousettus/video/not_augmented/silhouette/itamar/r--itamar--VID_20250909_144529.325.jpg,itamar,rousettus,green,video,False,val,154.98062814905563
data/processed/rousettus/video/not_augmented/silhouette/itamar/r--itamar--VID_20250909_144529.326.jpg,itamar,rousettus,green,video,False,val,148.1102120281507
data/processed/rousettus/video/not_augmented/silhouette/itamar/r--itamar--VID_20250909_144529.327.jpg,itamar,rousettus,green,video,False,val,158.3971021331285
data/processed/rousettus/video/not_augmented/silhouette/itamar/r--itamar--VID_20250909_144529.328.jpg,itamar,rousettus,green,video,False,val,165.2441007081095
data/processed/rousettus/video/not_augmented/silhouette/itamar/r--itamar--VID_20250909_144529.329.jpg,itamar,rousettus,green,video,False,val,160.26365194475585
data/processed/rousettus/video/not_augmented/silhouette/itamar/r--itamar--VID_20250909_144529.33.jpg,itamar,rousettus,green,video,False,val,272.2111168586925
data/processed/rousettus/video/not_augmented/silhouette/itamar/r--itamar--VID_20250909_144529.330.jpg,itamar,rousettus,green,video,False,val,163.34733727076608
data/processed/rousettus/video/not_augmented/silhouette/itamar/r--itamar--VID_20250909_144529.331.jpg,itamar,rousettus,green,video,False,val,157.25322860978338
data/processed/rousettus/video/not_augmented/silhouette/itamar/r--itamar--VID_20250909_144529.332.jpg,itamar,rousettus,green,video,False,val,162.24754851403603
data/processed/rousettus/video/not_augmented/silhouette/itamar/r--itamar--VID_20250909_144529.333.jpg,itamar,rousettus,green,video,False,val,150.8332469384901
data/processed/rousettus/video/not_augmented/silhouette/itamar/r--itamar--VID_20250909_144529.334.jpg,itamar,rousettus,green,video,False,val,138.88351002518016
data/processed/rousettus/video/not_augmented/silhouette/itamar/r--itamar--VID_20250909_144529.335.jpg,itamar,rousettus,green,video,False,val,144.07403936191483
data/processed/rousettus/video/not_augmented/silhouette/itamar/r--itamar--VID_20250909_144529.336.jpg,itamar,rousettus,green,video,False,val,170.12422270379625
data/processed/rousettus/video/not_augmented/silhouette/itamar/r--itamar--VID_20250909_144529.337.jpg,itamar,rousettus,green,video,False,val,160.22708061882378
data/processed/rousettus/video/not_augmented/silhouette/itamar/r--itamar--VID_20250909_144529.338.jpg,itamar,rousettus,green,video,False,val,137.45545674403078
data/processed/rousettus/video/not_augmented/silhouette/itamar/r--itamar--VID_20250909_144529.339.jpg,itamar,rousettus,green,video,False,val,145.12631536989795
data/processed/rousettus/video/not_augmented/silhouette/itamar/r--itamar--VID_20250909_144529.34.jpg,itamar,rousettus,green,video,False,val,195.6521643809804
data/processed/rousettus/video/not_augmented/silhouette/itamar/r--itamar--VID_20250909_144529.340.jpg,itamar,rousettus,green,video,False,val,147.2499796376036
data/processed/rousettus/video/not_augmented/silhouette/itamar/r--itamar--VID_20250909_144529.341.jpg,itamar,rousettus,green,video,False,val,151.092454550019
data/processed/rousettus/video/not_augmented/silhouette/itamar/r--itamar--VID_20250909_144529.342.jpg,itamar,rousettus,green,video,False,val,117.5081107800129
data/processed/rousettus/video/not_augmented/silhouette/itamar/r--itamar--VID_20250909_144529.343.jpg,itamar,rousettus,green,video,False,val,134.76554527902346
data/processed/rousettus/video/not_augmented/silhouette/itamar/r--itamar--VID_20250909_144529.344.jpg,itamar,rousettus,green,video,False,val,130.05223612525177
data/processed/rousettus/video/not_augmented/silhouette/itamar/r--itamar--VID_20250909_144529.345.jpg,itamar,rousettus,green,video,False,val,134.5691167075949
data/processed/rousettus/video/not_augmented/silhouette/itamar/r--itamar--VID_20250909_144529.346.jpg,itamar,rousettus,green,video,False,val,136.75944643604512
data/processed/rousettus/video/not_augmented/silhouette/itamar/r--itamar--VID_20250909_144529.347.jpg,itamar,rousettus,green,video,False,val,143.80365114637038
data/processed/rousettus/video/not_augmented/silhouette/itamar/r--itamar--VID_20250909_144529.348.jpg,itamar,rousettus,green,video,False,val,139.05379058976115
data/processed/rousettus/video/not_augmented/silhouette/itamar/r--itamar--VID_20250909_144529.349.jpg,itamar,rousettus,green,video,False,val,147.26185822675546
data/processed/rousettus/video/not_augmented/silhouette/itamar/r--itamar--VID_20250909_144529.35.jpg,itamar,rousettus,green,video,False,val,237.1271125240556
data/processed/rousettus/video/not_augmented/silhouette/itamar/r--itamar--VID_20250909_144529.350.jpg,itamar,rousettus,green,video,False,val,141.42029993795245
data/processed/rousettus/video/not_augmented/silhouette/itamar/r--itamar--VID_20250909_144529.351.jpg,itamar,rousettus,green,video,False,val,147.66766979236596
data/processed/rousettus/video/not_augmented/silhouette/itamar/r--itamar--VID_20250909_144529.352.jpg,itamar,rousettus,green,video,False,val,149.6153937883548
data/processed/rousettus/video/not_augmented/silhouette/itamar/r--itamar--VID_20250909_144529.353.jpg,itamar,rousettus,green,video,False,val,149.36985799780692
data/processed/rousettus/video/not_augmented/silhouette/itamar/r--itamar--VID_20250909_144529.354.jpg,itamar,rousettus,green,video,False,val,182.7696297835033
data/processed/rousettus/video/not_augmented/silhouette/itamar/r--itamar--VID_20250909_144529.355.jpg,itamar,rousettus,green,video,False,val,189.5323261720148
data/processed/rousettus/video/not_augmented/silhouette/itamar/r--itamar--VID_20250909_144529.356.jpg,itamar,rousettus,green,video,False,val,153.75281001904864
data/processed/rousettus/video/not_augmented/silhouette/itamar/r--itamar--VID_20250909_144529.357.jpg,itamar,rousettus,green,video,False,val,163.04884693911552
data/processed/rousettus/video/not_augmented/silhouette/itamar/r--itamar--VID_20250909_144529.358.jpg,itamar,rousettus,green,video,False,val,171.93785865939392
data/processed/rousettus/video/not_augmented/silhouette/itamar/r--itamar--VID_20250909_144529.359.jpg,itamar,rousettus,green,video,False,val,194.4683113511231
data/processed/rousettus/video/not_augmented/silhouette/itamar/r--itamar--VID_20250909_144529.36.jpg,itamar,rousettus,green,video,False,val,179.44941797061847
data/processed/rousettus/video/not_augmented/silhouette/itamar/r--itamar--VID_20250909_144529.360.jpg,itamar,rousettus,green,video,False,val,190.75143489178296
data/processed/rousettus/video/not_augmented/silhouette/itamar/r--itamar--VID_20250909_144529.361.jpg,itamar,rousettus,green,video,False,val,197.7234932638516
data/processed/rousettus/video/not_augmented/silhouette/itamar/r--itamar--VID_20250909_144529.37.jpg,itamar,rousettus,green,video,False,val,174.6424585061985
data/processed/rousettus/video/not_augmented/silhouette/itamar/r--itamar--VID_20250909_144529.38.jpg,itamar,rousettus,green,video,False,val,195.10359524270487
data/processed/rousettus/video/not_augmented/silhouette/itamar/r--itamar--VID_20250909_144529.39.jpg,itamar,rousettus,green,video,False,val,413.6254583384185
data/processed/rousettus/video/not_augmented/silhouette/itamar/r--itamar--VID_20250909_144529.40.jpg,itamar,rousettus,green,video,False,val,215.09187655466783
data/processed/rousettus/video/not_augmented/silhouette/itamar/r--itamar--VID_20250909_144529.41.jpg,itamar,rousettus,green,video,False,val,210.0244937719578
data/processed/rousettus/video/not_augmented/silhouette/itamar/r--itamar--VID_20250909_144529.42.jpg,itamar,rousettus,green,video,False,val,222.09909119739075
data/processed/rousettus/video/not_augmented/silhouette/jafar/r--jafar--VID_20250909_144606.1.jpg,jafar,rousettus,green,video,False,train,74.78011399832728
data/processed/rousettus/video/not_augmented/silhouette/jafar/r--jafar--VID_20250909_144606.10.jpg,jafar,rousettus,green,video,False,train,84.26171874364483
data/processed/rousettus/video/not_augmented/silhouette/jafar/r--jafar--VID_20250909_144606.11.jpg,jafar,rousettus,green,video,False,train,80.84217553851705
data/processed/rousettus/video/not_augmented/silhouette/jafar/r--jafar--VID_20250909_144606.116.jpg,jafar,rousettus,green,video,False,train,216.11676897281703
data/processed/rousettus/video/not_augmented/silhouette/jafar/r--jafar--VID_20250909_144606.117.jpg,jafar,rousettus,green,video,False,train,195.47335377518007
data/processed/rousettus/video/not_augmented/silhouette/jafar/r--jafar--VID_20250909_144606.12.jpg,jafar,rousettus,green,video,False,train,74.93439086602659
data/processed/rousettus/video/not_augmented/silhouette/jafar/r--jafar--VID_20250909_144606.13.jpg,jafar,rousettus,green,video,False,train,79.74332338648506
data/processed/rousettus/video/not_augmented/silhouette/jafar/r--jafar--VID_20250909_144606.14.jpg,jafar,rousettus,green,video,False,train,82.92448580001901
data/processed/rousettus/video/not_augmented/silhouette/jafar/r--jafar--VID_20250909_144606.143.jpg,jafar,rousettus,green,video,False,train,186.34769600801096
data/processed/rousettus/video/not_augmented/silhouette/jafar/r--jafar--VID_20250909_144606.144.jpg,jafar,rousettus,green,video,False,train,174.90995693723147
data/processed/rousettus/video/not_augmented/silhouette/jafar/r--jafar--VID_20250909_144606.145.jpg,jafar,rousettus,green,video,False,train,192.30456786372173
data/processed/rousettus/video/not_augmented/silhouette/jafar/r--jafar--VID_20250909_144606.146.jpg,jafar,rousettus,green,video,False,train,204.7050781186448
data/processed/rousettus/video/not_augmented/silhouette/jafar/r--jafar--VID_20250909_144606.147.jpg,jafar,rousettus,green,video,False,train,250.2760083831285
data/processed/rousettus/video/not_augmented/silhouette/jafar/r--jafar--VID_20250909_144606.148.jpg,jafar,rousettus,green,video,False,train,227.8698780194068
data/processed/rousettus/video/not_augmented/silhouette/jafar/r--jafar--VID_20250909_144606.149.jpg,jafar,rousettus,green,video,False,train,221.0772677683324
data/processed/rousettus/video/not_augmented/silhouette/jafar/r--jafar--VID_20250909_144606.15.jpg,jafar,rousettus,green,video,False,train,76.78212691167653
data/processed/rousettus/video/not_augmented/silhouette/jafar/r--jafar--VID_20250909_144606.150.jpg,jafar,rousettus,green,video,False,train,232.3610690270598
data/processed/rousettus/video/not_augmented/silhouette/jafar/r--jafar--VID_20250909_144606.151.jpg,jafar,rousettus,green,video,False,train,207.4513509953732
data/processed/rousettus/video/not_augmented/silhouette/jafar/r--jafar--VID_20250909_144606.152.jpg,jafar,rousettus,green,video,False,train,168.2946827104815
data/processed/rousettus/video/not_augmented/silhouette/jafar/r--jafar--VID_20250909_144606.153.jpg,jafar,rousettus,green,video,False,train,166.69162547791913
data/processed/rousettus/video/not_augmented/silhouette/jafar/r--jafar--VID_20250909_144606.154.jpg,jafar,rousettus,green,video,False,train,213.0729432143752
data/processed/rousettus/video/not_augmented/silhouette/jafar/r--jafar--VID_20250909_144606.156.jpg,jafar,rousettus,green,video,False,train,190.87216993631395
data/processed/rousettus/video/not_augmented/silhouette/jafar/r--jafar--VID_20250909_144606.157.jpg,jafar,rousettus,green,video,False,train,208.30163816629172
data/processed/rousettus/video/not_augmented/silhouette/jafar/r--jafar--VID_20250909_144606.158.jpg,jafar,rousettus,green,video,False,train,182.64024630073504
data/processed/rousettus/video/not_augmented/silhouette/jafar/r--jafar--VID_20250909_144606.159.jpg,jafar,rousettus,green,video,False,train,189.24876419061027
data/processed/rousettus/video/not_augmented/silhouette/jafar/r--jafar--VID_20250909_144606.16.jpg,jafar,rousettus,green,video,False,train,78.2757493606561
data/processed/rousettus/video/not_augmented/silhouette/jafar/r--jafar--VID_20250909_144606.160.jpg,jafar,rousettus,green,video,False,train,210.3911031240823
data/processed/rousettus/video/not_augmented/silhouette/jafar/r--jafar--VID_20250909_144606.161.jpg,jafar,rousettus,green,video,False,train,203.10226001246977
data/processed/rousettus/video/not_augmented/silhouette/jafar/r--jafar--VID_20250909_144606.162.jpg,jafar,rousettus,green,video,False,train,155.79832983076548
data/processed/rousettus/video/not_augmented/silhouette/jafar/r--jafar--VID_20250909_144606.163.jpg,jafar,rousettus,green,video,False,train,164.4968710136334
data/processed/rousettus/video/not_augmented/silhouette/jafar/r--jafar--VID_20250909_144606.164.jpg,jafar,rousettus,green,video,False,train,190.4575095520273
data/processed/rousettus/video/not_augmented/silhouette/jafar/r--jafar--VID_20250909_144606.165.jpg,jafar,rousettus,green,video,False,train,171.68309550342937
data/processed/rousettus/video/not_augmented/silhouette/jafar/r--jafar--VID_20250909_144606.166.jpg,jafar,rousettus,green,video,False,train,195.8142139525376
data/processed/rousettus/video/not_augmented/silhouette/jafar/r--jafar--VID_20250909_144606.167.jpg,jafar,rousettus,green,video,False,train,237.54201211575813
data/processed/rousettus/video/not_augmented/silhouette/jafar/r--jafar--VID_20250909_144606.168.jpg,jafar,rousettus,green,video,False,train,217.39901539843464
data/processed/rousettus/video/not_augmented/silhouette/jafar/r--jafar--VID_20250909_144606.169.jpg,jafar,rousettus,green,video,False,train,180.4678730803795
data/processed/rousettus/video/not_augmented/silhouette/jafar/r--jafar--VID_20250909_144606.17.jpg,jafar,rousettus,green,video,False,train,82.41509885045201
data/processed/rousettus/video/not_augmented/silhouette/jafar/r--jafar--VID_20250909_144606.170.jpg,jafar,rousettus,green,video,False,train,226.4267179524089
data/processed/rousettus/video/not_augmented/silhouette/jafar/r--jafar--VID_20250909_144606.171.jpg,jafar,rousettus,green,video,False,train,220.78983976363344
data/processed/rousettus/video/not_augmented/silhouette/jafar/r--jafar--VID_20250909_144606.172.jpg,jafar,rousettus,green,video,False,train,231.09799505382315
data/processed/rousettus/video/not_augmented/silhouette/jafar/r--jafar--VID_20250909_144606.173.jpg,jafar,rousettus,green,video,False,train,242.17765463019148
data/processed/rousettus/video/not_augmented/silhouette/jafar/r--jafar--VID_20250909_144606.174.jpg,jafar,rousettus,green,video,False,train,251.66509882662007
data/processed/rousettus/video/not_augmented/silhouette/jafar/r--jafar--VID_20250909_144606.175.jpg,jafar,rousettus,green,video,False,train,251.8921795264725
data/processed/rousettus/video/not_augmented/silhouette/jafar/r--jafar--VID_20250909_144606.176.jpg,jafar,rousettus,green,video,False,train,188.7292330994898
data/processed/rousettus/video/not_augmented/silhouette/jafar/r--jafar--VID_20250909_144606.177.jpg,jafar,rousettus,green,video,False,train,184.8150310869865
data/processed/rousettus/video/not_augmented/silhouette/jafar/r--jafar--VID_20250909_144606.178.jpg,jafar,rousettus,green,video,False,train,196.367625931212
data/processed/rousettus/video/not_augmented/silhouette/jafar/r--jafar--VID_20250909_144606.179.jpg,jafar,rousettus,green,video,False,train,214.19401705001903
data/processed/rousettus/video/not_augmented/silhouette/jafar/r--jafar--VID_20250909_144606.18.jpg,jafar,rousettus,green,video,False,train,76.59149792372114
data/processed/rousettus/video/not_augmented/silhouette/jafar/r--jafar--VID_20250909_144606.180.jpg,jafar,rousettus,green,video,False,train,240.97102200096225
data/processed/rousettus/video/not_augmented/silhouette/jafar/r--jafar--VID_20250909_144606.183.jpg,jafar,rousettus,green,video,False,train,172.78280448834136
data/processed/rousettus/video/not_augmented/silhouette/jafar/r--jafar--VID_20250909_144606.184.jpg,jafar,rousettus,green,video,False,train,174.42629942443165
data/processed/rousettus/video/not_augmented/silhouette/jafar/r--jafar--VID_20250909_144606.185.jpg,jafar,rousettus,green,video,False,train,146.61706789549763
data/processed/rousettus/video/not_augmented/silhouette/jafar/r--jafar--VID_20250909_144606.187.jpg,jafar,rousettus,green,video,False,train,151.00438456473776
data/processed/rousettus/video/not_augmented/silhouette/jafar/r--jafar--VID_20250909_144606.188.jpg,jafar,rousettus,green,video,False,train,167.19046954361912
data/processed/rousettus/video/not_augmented/silhouette/jafar/r--jafar--VID_20250909_144606.2.jpg,jafar,rousettus,green,video,False,train,63.22720024874686
data/processed/rousettus/video/not_augmented/silhouette/jafar/r--jafar--VID_20250909_144606.257.jpg,jafar,rousettus,green,video,False,train,201.6085977323946
data/processed/rousettus/video/not_augmented/silhouette/jafar/r--jafar--VID_20250909_144606.258.jpg,jafar,rousettus,green,video,False,train,184.21522203538385
data/processed/rousettus/video/not_augmented/silhouette/jafar/r--jafar--VID_20250909_144606.259.jpg,jafar,rousettus,green,video,False,train,172.23875954090582
data/processed/rousettus/video/not_augmented/silhouette/jafar/r--jafar--VID_20250909_144606.260.jpg,jafar,rousettus,green,video,False,train,189.3136559247673
data/processed/rousettus/video/not_augmented/silhouette/jafar/r--jafar--VID_20250909_144606.261.jpg,jafar,rousettus,green,video,False,train,201.36491547202831
data/processed/rousettus/video/not_augmented/silhouette/jafar/r--jafar--VID_20250909_144606.263.jpg,jafar,rousettus,green,video,False,train,170.6871412627551
data/processed/rousettus/video/not_augmented/silhouette/jafar/r--jafar--VID_20250909_144606.264.jpg,jafar,rousettus,green,video,False,train,176.36824378149055
data/processed/rousettus/video/not_augmented/silhouette/jafar/r--jafar--VID_20250909_144606.265.jpg,jafar,rousettus,green,video,False,train,172.18060423323934
data/processed/rousettus/video/not_augmented/silhouette/jafar/r--jafar--VID_20250909_144606.266.jpg,jafar,rousettus,green,video,False,train,181.0199896329048
data/processed/rousettus/video/not_augmented/silhouette/jafar/r--jafar--VID_20250909_144606.267.jpg,jafar,rousettus,green,video,False,train,198.66157122107165
data/processed/rousettus/video/not_augmented/silhouette/jafar/r--jafar--VID_20250909_144606.268.jpg,jafar,rousettus,green,video,False,train,197.6350246649492
data/processed/rousettus/video/not_augmented/silhouette/jafar/r--jafar--VID_20250909_144606.269.jpg,jafar,rousettus,green,video,False,train,199.2597257081095
data/processed/rousettus/video/not_augmented/silhouette/jafar/r--jafar--VID_20250909_144606.270.jpg,jafar,rousettus,green,video,False,train,212.7163384849456
data/processed/rousettus/video/not_augmented/silhouette/jafar/r--jafar--VID_20250909_144606.271.jpg,jafar,rousettus,green,video,False,train,259.19939811822525
data/processed/rousettus/video/not_augmented/silhouette/jafar/r--jafar--VID_20250909_144606.272.jpg,jafar,rousettus,green,video,False,train,296.3437898533387
data/processed/rousettus/video/not_augmented/silhouette/jafar/r--jafar--VID_20250909_144606.273.jpg,jafar,rousettus,green,video,False,train,251.72680152947083
data/processed/rousettus/video/not_augmented/silhouette/jafar/r--jafar--VID_20250909_144606.274.jpg,jafar,rousettus,green,video,False,train,244.9681321552822
data/processed/rousettus/video/not_augmented/silhouette/jafar/r--jafar--VID_20250909_144606.275.jpg,jafar,rousettus,green,video,False,train,252.81088567246803
data/processed/rousettus/video/not_augmented/silhouette/jafar/r--jafar--VID_20250909_144606.276.jpg,jafar,rousettus,green,video,False,train,223.8468590497673
data/processed/rousettus/video/not_augmented/silhouette/jafar/r--jafar--VID_20250909_144606.277.jpg,jafar,rousettus,green,video,False,train,214.76149947362265
data/processed/rousettus/video/not_augmented/silhouette/jafar/r--jafar--VID_20250909_144606.278.jpg,jafar,rousettus,green,video,False,train,222.86196582290532
data/processed/rousettus/video/not_augmented/silhouette/jafar/r--jafar--VID_20250909_144606.279.jpg,jafar,rousettus,green,video,False,train,227.7688336954272
data/processed/rousettus/video/not_augmented/silhouette/jafar/r--jafar--VID_20250909_144606.280.jpg,jafar,rousettus,green,video,False,train,209.0058195153061
data/processed/rousettus/video/not_augmented/silhouette/jafar/r--jafar--VID_20250909_144606.281.jpg,jafar,rousettus,green,video,False,train,214.88103856845777
data/processed/rousettus/video/not_augmented/silhouette/jafar/r--jafar--VID_20250909_144606.282.jpg,jafar,rousettus,green,video,False,train,256.0389229588983
data/processed/rousettus/video/not_augmented/silhouette/jafar/r--jafar--VID_20250909_144606.283.jpg,jafar,rousettus,green,video,False,train,256.6454081616765
data/processed/rousettus/video/not_augmented/silhouette/jafar/r--jafar--VID_20250909_144606.284.jpg,jafar,rousettus,green,video,False,train,244.25388625302648
data/processed/rousettus/video/not_augmented/silhouette/jafar/r--jafar--VID_20250909_144606.285.jpg,jafar,rousettus,green,video,False,train,284.0720463486227
data/processed/rousettus/video/not_augmented/silhouette/jafar/r--jafar--VID_20250909_144606.286.jpg,jafar,rousettus,green,video,False,train,274.18247767857144
data/processed/rousettus/video/not_augmented/silhouette/jafar/r--jafar--VID_20250909_144606.287.jpg,jafar,rousettus,green,video,False,train,202.9540417713704
data/processed/rousettus/video/not_augmented/silhouette/jafar/r--jafar--VID_20250909_144606.288.jpg,jafar,rousettus,green,video,False,train,199.84026227321087
data/processed/rousettus/video/not_augmented/silhouette/jafar/r--jafar--VID_20250909_144606.289.jpg,jafar,rousettus,green,video,False,train,168.82585298314984
data/processed/rousettus/video/not_augmented/silhouette/jafar/r--jafar--VID_20250909_144606.290.jpg,jafar,rousettus,green,video,False,train,158.74958132982547
data/processed/rousettus/video/not_augmented/silhouette/jafar/r--jafar--VID_20250909_144606.291.jpg,jafar,rousettus,green,video,False,train,155.04541991105526
data/processed/rousettus/video/not_augmented/silhouette/jafar/r--jafar--VID_20250909_144606.292.jpg,jafar,rousettus,green,video,False,train,147.0016940270598
data/processed/rousettus/video/not_augmented/silhouette/jafar/r--jafar--VID_20250909_144606.293.jpg,jafar,rousettus,green,video,False,train,161.9678730851459
data/processed/rousettus/video/not_augmented/silhouette/jafar/r--jafar--VID_20250909_144606.294.jpg,jafar,rousettus,green,video,False,train,152.380600283415
data/processed/rousettus/video/not_augmented/silhouette/jafar/r--jafar--VID_20250909_144606.295.jpg,jafar,rousettus,green,video,False,train,121.4031408660266
data/processed/rousettus/video/not_augmented/silhouette/jafar/r--jafar--VID_20250909_144606.296.jpg,jafar,rousettus,green,video,False,train,151.82499592466087
data/processed/rousettus/video/not_augmented/silhouette/jafar/r--jafar--VID_20250909_144606.299.jpg,jafar,rousettus,green,video,False,train,128.76963072407003
data/processed/rousettus/video/not_augmented/silhouette/jafar/r--jafar--VID_20250909_144606.3.jpg,jafar,rousettus,green,video,False,train,64.77628742005119
data/processed/rousettus/video/not_augmented/silhouette/jafar/r--jafar--VID_20250909_144606.300.jpg,jafar,rousettus,green,video,False,train,115.842374840164
data/processed/rousettus/video/not_augmented/silhouette/jafar/r--jafar--VID_20250909_144606.301.jpg,jafar,rousettus,green,video,False,train,146.66629461743642
data/processed/rousettus/video/not_augmented/silhouette/jafar/r--jafar--VID_20250909_144606.304.jpg,jafar,rousettus,green,video,False,train,113.09518472019305
data/processed/rousettus/video/not_augmented/silhouette/jafar/r--jafar--VID_20250909_144606.4.jpg,jafar,rousettus,green,video,False,train,82.51261538299407
data/processed/rousettus/video/not_augmented/silhouette/jafar/r--jafar--VID_20250909_144606.5.jpg,jafar,rousettus,green,video,False,train,88.35997289381937
data/processed/rousettus/video/not_augmented/silhouette/jafar/r--jafar--VID_20250909_144606.58.jpg,jafar,rousettus,green,video,False,train,117.11983816924568
data/processed/rousettus/video/not_augmented/silhouette/jafar/r--jafar--VID_20250909_144606.59.jpg,jafar,rousettus,green,video,False,train,119.81044721583535
data/processed/rousettus/video/not_augmented/silhouette/jafar/r--jafar--VID_20250909_144606.60.jpg,jafar,rousettus,green,video,False,train,135.9474449900477
data/processed/rousettus/video/not_augmented/silhouette/jafar/r--jafar--VID_20250909_144606.61.jpg,jafar,rousettus,green,video,False,train,135.4225924681346
data/processed/rousettus/video/not_augmented/silhouette/jafar/r--jafar--VID_20250909_144606.62.jpg,jafar,rousettus,green,video,False,train,117.23748378761606
data/processed/rousettus/video/not_augmented/silhouette/jafar/r--jafar--VID_20250909_144606.63.jpg,jafar,rousettus,green,video,False,train,123.20161013938846
data/processed/rousettus/video/not_augmented/silhouette/jafar/r--jafar--VID_20250909_144606.64.jpg,jafar,rousettus,green,video,False,train,149.21645805767207
data/processed/rousettus/video/not_augmented/silhouette/jafar/r--jafar--VID_20250909_144606.68.jpg,jafar,rousettus,green,video,False,train,174.42839197057924
data/processed/rousettus/video/not_augmented/silhouette/jafar/r--jafar--VID_20250909_144606.7.jpg,jafar,rousettus,green,video,False,train,98.51566463090737
data/processed/rousettus/video/not_augmented/silhouette/jafar/r--jafar--VID_20250909_144606.70.jpg,jafar,rousettus,green,video,False,train,204.36256369765923
data/processed/rousettus/video/not_augmented/silhouette/jafar/r--jafar--VID_20250909_144606.71.jpg,jafar,rousettus,green,video,False,train,218.1690250283129
data/processed/rousettus/video/not_augmented/silhouette/jafar/r--jafar--VID_20250909_144606.72.jpg,jafar,rousettus,green,video,False,train,243.2989875240557
data/processed/rousettus/video/not_augmented/silhouette/jafar/r--jafar--VID_20250909_144606.8.jpg,jafar,rousettus,green,video,False,train,84.99575493267207
data/processed/rousettus/video/not_augmented/silhouette/jafar/r--jafar--VID_20250909_144606.9.jpg,jafar,rousettus,green,video,False,train,94.58581781923549
data/processed/rousettus/video/not_augmented/silhouette/larry/r--larry--VID_20250909_144351.165.jpg,larry,rousettus,green,video,False,train,69.04438375920267
data/processed/rousettus/video/not_augmented/silhouette/larry/r--larry--VID_20250909_144351.168.jpg,larry,rousettus,green,video,False,train,84.02592829831785
data/processed/rousettus/video/not_augmented/silhouette/larry/r--larry--VID_20250909_144351.171.jpg,larry,rousettus,green,video,False,train,40.38066007017544
data/processed/rousettus/video/not_augmented/silhouette/larry/r--larry--VID_20250909_144351.172.jpg,larry,rousettus,green,video,False,train,65.47544641427227
data/processed/rousettus/video/not_augmented/silhouette/larry/r--larry--VID_20250909_144351.173.jpg,larry,rousettus,green,video,False,train,62.43130172823231
data/processed/rousettus/video/not_augmented/silhouette/larry/r--larry--VID_20250909_144351.174.jpg,larry,rousettus,green,video,False,train,56.11262353287791
data/processed/rousettus/video/not_augmented/silhouette/larry/r--larry--VID_20250909_144351.175.jpg,larry,rousettus,green,video,False,train,67.06311773588536
data/processed/rousettus/video/not_augmented/silhouette/larry/r--larry--VID_20250909_144351.176.jpg,larry,rousettus,green,video,False,train,55.06437327691983
data/processed/rousettus/video/not_augmented/silhouette/larry/r--larry--VID_20250909_144351.177.jpg,larry,rousettus,green,video,False,train,93.46340874382378
data/processed/rousettus/video/not_augmented/silhouette/larry/r--larry--VID_20250909_144351.178.jpg,larry,rousettus,green,video,False,train,103.92926885842384
data/processed/rousettus/video/not_augmented/silhouette/larry/r--larry--VID_20250909_144351.179.jpg,larry,rousettus,green,video,False,train,77.05024293401449
data/processed/rousettus/video/not_augmented/silhouette/larry/r--larry--VID_20250909_144351.180.jpg,larry,rousettus,green,video,False,train,87.16204955328608
data/processed/rousettus/video/not_augmented/silhouette/larry/r--larry--VID_20250909_144351.181.jpg,larry,rousettus,green,video,False,train,101.4072663900208
data/processed/rousettus/video/not_augmented/silhouette/larry/r--larry--VID_20250909_144351.182.jpg,larry,rousettus,green,video,False,train,101.299286444353
data/processed/rousettus/video/not_augmented/silhouette/larry/r--larry--VID_20250909_144351.183.jpg,larry,rousettus,green,video,False,train,89.33428330324134
data/processed/rousettus/video/not_augmented/silhouette/larry/r--larry--VID_20250909_144351.189.jpg,larry,rousettus,green,video,False,train,106.61860249966992
data/processed/rousettus/video/not_augmented/silhouette/larry/r--larry--VID_20250909_144351.191.jpg,larry,rousettus,green,video,False,train,92.16986205328608
data/processed/rousettus/video/not_augmented/silhouette/larry/r--larry--VID_20250909_144351.235.jpg,larry,rousettus,green,video,False,train,143.61892139628645
data/processed/rousettus/video/not_augmented/silhouette/larry/r--larry--VID_20250909_144351.236.jpg,larry,rousettus,green,video,False,train,97.00841039381936
data/processed/rousettus/video/not_augmented/silhouette/larry/r--larry--VID_20250909_144351.237.jpg,larry,rousettus,green,video,False,train,103.59468667063302
data/processed/rousettus/video/not_augmented/silhouette/larry/r--larry--VID_20250909_144351.239.jpg,larry,rousettus,green,video,False,train,117.53782680976994
data/processed/rousettus/video/not_augmented/silhouette/larry/r--larry--VID_20250909_144351.240.jpg,larry,rousettus,green,video,False,train,103.80002389039558
data/processed/rousettus/video/not_augmented/silhouette/larry/r--larry--VID_20250909_144351.241.jpg,larry,rousettus,green,video,False,train,123.31521030030416
data/processed/rousettus/video/not_augmented/silhouette/larry/r--larry--VID_20250909_144351.242.jpg,larry,rousettus,green,video,False,train,117.9955356999866
data/processed/rousettus/video/not_augmented/silhouette/larry/r--larry--VID_20250909_144351.245.jpg,larry,rousettus,green,video,False,train,114.15435666096606
data/processed/rousettus/video/not_augmented/silhouette/larry/r--larry--VID_20250909_144351.246.jpg,larry,rousettus,green,video,False,train,140.9057713722696
data/processed/rousettus/video/not_augmented/silhouette/larry/r--larry--VID_20250909_144351.247.jpg,larry,rousettus,green,video,False,train,130.14178092953367
data/processed/rousettus/video/not_augmented/silhouette/larry/r--larry--VID_20250909_144351.248.jpg,larry,rousettus,green,video,False,train,126.40268255700074
data/processed/rousettus/video/not_augmented/silhouette/larry/r--larry--VID_20250909_144351.249.jpg,larry,rousettus,green,video,False,train,107.99882396386596
data/processed/rousettus/video/not_augmented/silhouette/larry/r--larry--VID_20250909_144351.250.jpg,larry,rousettus,green,video,False,train,106.85050548369163
data/processed/rousettus/video/not_augmented/silhouette/larry/r--larry--VID_20250909_144351.251.jpg,larry,rousettus,green,video,False,train,119.45346377522486
data/processed/rousettus/video/not_augmented/silhouette/larry/r--larry--VID_20250909_144351.252.jpg,larry,rousettus,green,video,False,train,111.38165644018513
data/processed/rousettus/video/not_augmented/silhouette/larry/r--larry--VID_20250909_144351.253.jpg,larry,rousettus,green,video,False,train,104.75468351045582
data/processed/rousettus/video/not_augmented/silhouette/larry/r--larry--VID_20250909_144351.254.jpg,larry,rousettus,green,video,False,train,116.6157126659058
data/processed/rousettus/video/not_augmented/silhouette/larry/r--larry--VID_20250909_144351.255.jpg,larry,rousettus,green,video,False,train,104.40298146538215
data/processed/rousettus/video/not_augmented/silhouette/larry/r--larry--VID_20250909_144351.256.jpg,larry,rousettus,green,video,False,train,104.99904331015033
data/processed/rousettus/video/not_augmented/silhouette/larry/r--larry--VID_20250909_144351.257.jpg,larry,rousettus,green,video,False,train,104.0017736670078
data/processed/rousettus/video/not_augmented/silhouette/larry/r--larry--VID_20250909_144351.258.jpg,larry,rousettus,green,video,False,train,96.31616678043284
data/processed/rousettus/video/not_augmented/silhouette/larry/r--larry--VID_20250909_144351.259.jpg,larry,rousettus,green,video,False,train,80.7484454322189
data/processed/rousettus/video/not_augmented/silhouette/larry/r--larry--VID_20250909_144351.260.jpg,larry,rousettus,green,video,False,train,68.58492107423133
data/processed/rousettus/video/not_augmented/silhouette/larry/r--larry--VID_20250909_144351.261.jpg,larry,rousettus,green,video,False,train,73.05626174779
data/processed/rousettus/video/not_augmented/silhouette/larry/r--larry--VID_20250909_144351.262.jpg,larry,rousettus,green,video,False,train,70.75217235291912
data/processed/rousettus/video/not_augmented/silhouette/larry/r--larry--VID_20250909_144351.263.jpg,larry,rousettus,green,video,False,train,81.7250279013885
data/processed/rousettus/video/not_augmented/silhouette/larry/r--larry--VID_20250909_144351.264.jpg,larry,rousettus,green,video,False,train,77.84608172496525
data/processed/rousettus/video/not_augmented/silhouette/larry/r--larry--VID_20250909_144351.265.jpg,larry,rousettus,green,video,False,train,75.77371635897762
data/processed/rousettus/video/not_augmented/silhouette/larry/r--larry--VID_20250909_144351.266.jpg,larry,rousettus,green,video,False,train,76.9627110462594
data/processed/rousettus/video/not_augmented/silhouette/larry/r--larry--VID_20250909_144351.85.jpg,larry,rousettus,green,video,False,train,127.01183832749282
data/processed/rousettus/video/not_augmented/silhouette/larry/r--larry--VID_20250909_144351.86.jpg,larry,rousettus,green,video,False,train,96.59131855708466
data/processed/rousettus/video/not_augmented/silhouette/larry/r--larry--VID_20250909_144351.87.jpg,larry,rousettus,green,video,False,train,90.85612641548624
data/processed/rousettus/video/not_augmented/silhouette/larry/r--larry--VID_20250909_144351.88.jpg,larry,rousettus,green,video,False,train,84.3079161209049
data/processed/rousettus/video/not_augmented/silhouette/larry/r--larry--VID_20250909_144351.89.jpg,larry,rousettus,green,video,False,train,124.58667490393952
data/processed/rousettus/video/not_augmented/silhouette/larry/r--larry--VID_20250909_144351.90.jpg,larry,rousettus,green,video,False,train,172.52991468079236
data/processed/rousettus/video/not_augmented/silhouette/larry/r--larry--VID_20250909_144351.91.jpg,larry,rousettus,green,video,False,train,100.3029136955614
data/processed/rousettus/video/not_augmented/silhouette/newton/r--newton--VID_20250909_143734.10.jpg,newton,rousettus,green,video,False,train,111.20015545240892
data/processed/rousettus/video/not_augmented/silhouette/newton/r--newton--VID_20250909_143734.11.jpg,newton,rousettus,green,video,False,train,110.76562448523036
data/processed/rousettus/video/not_augmented/silhouette/newton/r--newton--VID_20250909_143734.121.jpg,newton,rousettus,green,video,False,train,234.5541692667829
data/processed/rousettus/video/not_augmented/silhouette/newton/r--newton--VID_20250909_143734.122.jpg,newton,rousettus,green,video,False,train,202.3128587229457
data/processed/rousettus/video/not_augmented/silhouette/newton/r--newton--VID_20250909_143734.123.jpg,newton,rousettus,green,video,False,train,147.4540417332393
data/processed/rousettus/video/not_augmented/silhouette/newton/r--newton--VID_20250909_143734.131.jpg,newton,rousettus,green,video,False,train,192.0926936033218
data/processed/rousettus/video/not_augmented/silhouette/newton/r--newton--VID_20250909_143734.132.jpg,newton,rousettus,green,video,False,train,182.92129689105
data/processed/rousettus/video/not_augmented/silhouette/newton/r--newton--VID_20250909_143734.133.jpg,newton,rousettus,green,video,False,train,194.51436920952472
data/processed/rousettus/video/not_augmented/silhouette/newton/r--newton--VID_20250909_143734.134.jpg,newton,rousettus,green,video,False,train,244.35935468844505
data/processed/rousettus/video/not_augmented/silhouette/newton/r--newton--VID_20250909_143734.137.jpg,newton,rousettus,green,video,False,train,285.6652383510394
data/processed/rousettus/video/not_augmented/silhouette/newton/r--newton--VID_20250909_143734.138.jpg,newton,rousettus,green,video,False,train,188.39967288200384
data/processed/rousettus/video/not_augmented/silhouette/newton/r--newton--VID_20250909_143734.142.jpg,newton,rousettus,green,video,False,train,168.1889149043422
data/processed/rousettus/video/not_augmented/silhouette/newton/r--newton--VID_20250909_143734.143.jpg,newton,rousettus,green,video,False,train,133.16804801022596
data/processed/rousettus/video/not_augmented/silhouette/newton/r--newton--VID_20250909_143734.144.jpg,newton,rousettus,green,video,False,train,168.5823899300483
data/processed/rousettus/video/not_augmented/silhouette/newton/r--newton--VID_20250909_143734.145.jpg,newton,rousettus,green,video,False,train,183.89287705324136
data/processed/rousettus/video/not_augmented/silhouette/newton/r--newton--VID_20250909_143734.146.jpg,newton,rousettus,green,video,False,train,143.0687179533654
data/processed/rousettus/video/not_augmented/silhouette/newton/r--newton--VID_20250909_143734.147.jpg,newton,rousettus,green,video,False,train,125.15900024102656
data/processed/rousettus/video/not_augmented/silhouette/newton/r--newton--VID_20250909_143734.148.jpg,newton,rousettus,green,video,False,train,110.59169697751604
data/processed/rousettus/video/not_augmented/silhouette/newton/r--newton--VID_20250909_143734.149.jpg,newton,rousettus,green,video,False,train,109.32551410068127
data/processed/rousettus/video/not_augmented/silhouette/newton/r--newton--VID_20250909_143734.150.jpg,newton,rousettus,green,video,False,train,121.62874679692533
data/processed/rousettus/video/not_augmented/silhouette/newton/r--newton--VID_20250909_143734.155.jpg,newton,rousettus,green,video,False,train,235.1756616566192
data/processed/rousettus/video/not_augmented/silhouette/newton/r--newton--VID_20250909_143734.156.jpg,newton,rousettus,green,video,False,train,143.5389229017017
data/processed/rousettus/video/not_augmented/silhouette/newton/r--newton--VID_20250909_143734.157.jpg,newton,rousettus,green,video,False,train,144.86720709580274
data/processed/rousettus/video/not_augmented/silhouette/newton/r--newton--VID_20250909_143734.158.jpg,newton,rousettus,green,video,False,train,125.36433738849895
data/processed/rousettus/video/not_augmented/silhouette/newton/r--newton--VID_20250909_143734.159.jpg,newton,rousettus,green,video,False,train,134.7076687763155
data/processed/rousettus/video/not_augmented/silhouette/newton/r--newton--VID_20250909_143734.160.jpg,newton,rousettus,green,video,False,train,175.36848282526057
data/processed/rousettus/video/not_augmented/silhouette/newton/r--newton--VID_20250909_143734.162.jpg,newton,rousettus,green,video,False,train,149.73126594228876
data/processed/rousettus/video/not_augmented/silhouette/newton/r--newton--VID_20250909_143734.163.jpg,newton,rousettus,green,video,False,train,149.98668663345836
data/processed/rousettus/video/not_augmented/silhouette/newton/r--newton--VID_20250909_143734.164.jpg,newton,rousettus,green,video,False,train,140.02144438661372
data/processed/rousettus/video/not_augmented/silhouette/newton/r--newton--VID_20250909_143734.165.jpg,newton,rousettus,green,video,False,train,173.73036908130257
data/processed/rousettus/video/not_augmented/silhouette/newton/r--newton--VID_20250909_143734.166.jpg,newton,rousettus,green,video,False,train,173.85397400154963
data/processed/rousettus/video/not_augmented/silhouette/newton/r--newton--VID_20250909_143734.167.jpg,newton,rousettus,green,video,False,train,148.96500311092456
data/processed/rousettus/video/not_augmented/silhouette/newton/r--newton--VID_20250909_143734.168.jpg,newton,rousettus,green,video,False,train,202.58522001915503
data/processed/rousettus/video/not_augmented/silhouette/newton/r--newton--VID_20250909_143734.169.jpg,newton,rousettus,green,video,False,train,193.33388471583527
data/processed/rousettus/video/not_augmented/silhouette/newton/r--newton--VID_20250909_143734.170.jpg,newton,rousettus,green,video,False,train,212.62282764628645
data/processed/rousettus/video/not_augmented/silhouette/newton/r--newton--VID_20250909_143734.171.jpg,newton,rousettus,green,video,False,train,271.2627151851503
data/processed/rousettus/video/not_augmented/silhouette/newton/r--newton--VID_20250909_143734.172.jpg,newton,rousettus,green,video,False,train,266.6222098198398
data/processed/rousettus/video/not_augmented/silhouette/newton/r--newton--VID_20250909_143734.173.jpg,newton,rousettus,green,video,False,train,225.22915335468133
data/processed/rousettus/video/not_augmented/silhouette/newton/r--newton--VID_20250909_143734.174.jpg,newton,rousettus,green,video,False,train,178.03443876121105
data/processed/rousettus/video/not_augmented/silhouette/newton/r--newton--VID_20250909_143734.175.jpg,newton,rousettus,green,video,False,train,211.2717235188641
data/processed/rousettus/video/not_augmented/silhouette/newton/r--newton--VID_20250909_143734.176.jpg,newton,rousettus,green,video,False,train,232.9047951112435
data/processed/rousettus/video/not_augmented/silhouette/newton/r--newton--VID_20250909_143734.177.jpg,newton,rousettus,green,video,False,train,231.09040155692784
data/processed/rousettus/video/not_augmented/silhouette/newton/r--newton--VID_20250909_143734.178.jpg,newton,rousettus,green,video,False,train,211.84331144168448
data/processed/rousettus/video/not_augmented/silhouette/newton/r--newton--VID_20250909_143734.179.jpg,newton,rousettus,green,video,False,train,222.9086216037247
data/processed/rousettus/video/not_augmented/silhouette/newton/r--newton--VID_20250909_143734.180.jpg,newton,rousettus,green,video,False,train,217.2912946412683
data/processed/rousettus/video/not_augmented/silhouette/newton/r--newton--VID_20250909_143734.181.jpg,newton,rousettus,green,video,False,train,198.40176575226565
data/processed/rousettus/video/not_augmented/silhouette/newton/r--newton--VID_20250909_143734.182.jpg,newton,rousettus,green,video,False,train,204.16073416750012
data/processed/rousettus/video/not_augmented/silhouette/newton/r--newton--VID_20250909_143734.183.jpg,newton,rousettus,green,video,False,train,249.47540646719463
data/processed/rousettus/video/not_augmented/silhouette/newton/r--newton--VID_20250909_143734.184.jpg,newton,rousettus,green,video,False,train,190.78864385842385
data/processed/rousettus/video/not_augmented/silhouette/newton/r--newton--VID_20250909_143734.185.jpg,newton,rousettus,green,video,False,train,194.0084501979054
data/processed/rousettus/video/not_augmented/silhouette/newton/r--newton--VID_20250909_143734.186.jpg,newton,rousettus,green,video,False,train,236.2276387053796
data/processed/rousettus/video/not_augmented/silhouette/newton/r--newton--VID_20250909_143734.187.jpg,newton,rousettus,green,video,False,train,220.2895408163265
data/processed/rousettus/video/not_augmented/silhouette/newton/r--newton--VID_20250909_143734.188.jpg,newton,rousettus,green,video,False,train,236.7456749336564
data/processed/rousettus/video/not_augmented/silhouette/newton/r--newton--VID_20250909_143734.189.jpg,newton,rousettus,green,video,False,train,318.2452367661844
data/processed/rousettus/video/not_augmented/silhouette/newton/r--newton--VID_20250909_143734.19.jpg,newton,rousettus,green,video,False,train,135.71396660794818
data/processed/rousettus/video/not_augmented/silhouette/newton/r--newton--VID_20250909_143734.190.jpg,newton,rousettus,green,video,False,train,328.0480109341489
data/processed/rousettus/video/not_augmented/silhouette/newton/r--newton--VID_20250909_143734.191.jpg,newton,rousettus,green,video,False,train,286.8576410933864
data/processed/rousettus/video/not_augmented/silhouette/newton/r--newton--VID_20250909_143734.192.jpg,newton,rousettus,green,video,False,train,257.0096259059532
data/processed/rousettus/video/not_augmented/silhouette/newton/r--newton--VID_20250909_143734.193.jpg,newton,rousettus,green,video,False,train,258.60941485333865
data/processed/rousettus/video/not_augmented/silhouette/newton/r--newton--VID_20250909_143734.194.jpg,newton,rousettus,green,video,False,train,281.5865553216803
data/processed/rousettus/video/not_augmented/silhouette/newton/r--newton--VID_20250909_143734.195.jpg,newton,rousettus,green,video,False,train,287.0388033448632
data/processed/rousettus/video/not_augmented/silhouette/newton/r--newton--VID_20250909_143734.196.jpg,newton,rousettus,green,video,False,train,336.8120615433673
data/processed/rousettus/video/not_augmented/silhouette/newton/r--newton--VID_20250909_143734.197.jpg,newton,rousettus,green,video,False,train,330.7774633036609
data/processed/rousettus/video/not_augmented/silhouette/newton/r--newton--VID_20250909_143734.198.jpg,newton,rousettus,green,video,False,train,318.3419562883548
data/processed/rousettus/video/not_augmented/silhouette/newton/r--newton--VID_20250909_143734.199.jpg,newton,rousettus,green,video,False,train,311.4639069578241
data/processed/rousettus/video/not_augmented/silhouette/newton/r--newton--VID_20250909_143734.200.jpg,newton,rousettus,green,video,False,train,338.9974888249865
data/processed/rousettus/video/not_augmented/silhouette/newton/r--newton--VID_20250909_143734.201.jpg,newton,rousettus,green,video,False,train,360.7811701519199
data/processed/rousettus/video/not_augmented/silhouette/newton/r--newton--VID_20250909_143734.202.jpg,newton,rousettus,green,video,False,train,383.590401779359
data/processed/rousettus/video/not_augmented/silhouette/newton/r--newton--VID_20250909_143734.203.jpg,newton,rousettus,green,video,False,train,403.69662786354286
data/processed/rousettus/video/not_augmented/silhouette/newton/r--newton--VID_20250909_143734.204.jpg,newton,rousettus,green,video,False,train,469.44666771529273
data/processed/rousettus/video/not_augmented/silhouette/newton/r--newton--VID_20250909_143734.205.jpg,newton,rousettus,green,video,False,train,436.7348732425986
data/processed/rousettus/video/not_augmented/silhouette/newton/r--newton--VID_20250909_143734.206.jpg,newton,rousettus,green,video,False,train,321.9558752934568
data/processed/rousettus/video/not_augmented/silhouette/newton/r--newton--VID_20250909_143734.207.jpg,newton,rousettus,green,video,False,train,277.56443310578334
data/processed/rousettus/video/not_augmented/silhouette/newton/r--newton--VID_20250909_143734.208.jpg,newton,rousettus,green,video,False,train,258.33400430127216
data/processed/rousettus/video/not_augmented/silhouette/newton/r--newton--VID_20250909_143734.209.jpg,newton,rousettus,green,video,False,train,302.313735644155
data/processed/rousettus/video/not_augmented/silhouette/newton/r--newton--VID_20250909_143734.210.jpg,newton,rousettus,green,video,False,train,313.82541453922755
data/processed/rousettus/video/not_augmented/silhouette/newton/r--newton--VID_20250909_143734.211.jpg,newton,rousettus,green,video,False,train,401.5004384550438
data/processed/rousettus/video/not_augmented/silhouette/newton/r--newton--VID_20250909_143734.212.jpg,newton,rousettus,green,video,False,train,182.4218151782861
data/processed/rousettus/video/not_augmented/silhouette/newton/r--newton--VID_20250909_143734.213.jpg,newton,rousettus,green,video,False,train,171.74519690649055
data/processed/rousettus/video/not_augmented/silhouette/newton/r--newton--VID_20250909_143734.214.jpg,newton,rousettus,green,video,False,train,258.3644371239258
data/processed/rousettus/video/not_augmented/silhouette/newton/r--newton--VID_20250909_143734.216.jpg,newton,rousettus,green,video,False,train,106.14803886334134
data/processed/rousettus/video/not_augmented/silhouette/newton/r--newton--VID_20250909_143734.217.jpg,newton,rousettus,green,video,False,train,143.87840800025174
data/processed/rousettus/video/not_augmented/silhouette/newton/r--newton--VID_20250909_143734.218.jpg,newton,rousettus,green,video,False,train,132.25498236005183
data/processed/rousettus/video/not_augmented/silhouette/newton/r--newton--VID_20250909_143734.219.jpg,newton,rousettus,green,video,False,train,86.18072321652275
data/processed/rousettus/video/not_augmented/silhouette/newton/r--newton--VID_20250909_143734.22.jpg,newton,rousettus,green,video,False,train,84.83364555767209
data/processed/rousettus/video/not_augmented/silhouette/newton/r--newton--VID_20250909_143734.220.jpg,newton,rousettus,green,video,False,train,93.12553810229257
data/processed/rousettus/video/not_augmented/silhouette/newton/r--newton--VID_20250909_143734.222.jpg,newton,rousettus,green,video,False,train,73.34695869542716
data/processed/rousettus/video/not_augmented/silhouette/newton/r--newton--VID_20250909_143734.224.jpg,newton,rousettus,green,video,False,train,95.88295196086752
data/processed/rousettus/video/not_augmented/silhouette/newton/r--newton--VID_20250909_143734.228.jpg,newton,rousettus,green,video,False,train,95.17327008769692
data/processed/rousettus/video/not_augmented/silhouette/newton/r--newton--VID_20250909_143734.229.jpg,newton,rousettus,green,video,False,train,77.85901624845594
data/processed/rousettus/video/not_augmented/silhouette/newton/r--newton--VID_20250909_143734.232.jpg,newton,rousettus,green,video,False,train,148.7925700958646
data/processed/rousettus/video/not_augmented/silhouette/newton/r--newton--VID_20250909_143734.233.jpg,newton,rousettus,green,video,False,train,112.06477197713028
data/processed/rousettus/video/not_augmented/silhouette/newton/r--newton--VID_20250909_143734.234.jpg,newton,rousettus,green,video,False,train,100.85429288545582
data/processed/rousettus/video/not_augmented/silhouette/newton/r--newton--VID_20250909_143734.3.jpg,newton,rousettus,green,video,False,train,237.2177933530478
data/processed/rousettus/video/not_augmented/silhouette/newton/r--newton--VID_20250909_143734.4.jpg,newton,rousettus,green,video,False,train,278.0257094882519
data/processed/rousettus/video/not_augmented/silhouette/newton/r--newton--VID_20250909_143734.5.jpg,newton,rousettus,green,video,False,train,240.1692243204272
data/processed/rousettus/video/not_augmented/silhouette/rasmi/r--rasmi--VID_20250909_143832.164.jpg,rasmi,rousettus,green,video,False,train,124.92384804491697
data/processed/rousettus/video/not_augmented/silhouette/rasmi/r--rasmi--VID_20250909_143832.165.jpg,rasmi,rousettus,green,video,False,train,162.92655849456787
data/processed/rousettus/video/not_augmented/silhouette/rasmi/r--rasmi--VID_20250909_143832.166.jpg,rasmi,rousettus,green,video,False,train,158.14221938139997
data/processed/rousettus/video/not_augmented/silhouette/rasmi/r--rasmi--VID_20250909_143832.167.jpg,rasmi,rousettus,green,video,False,train,108.86491547202824
data/processed/rousettus/video/not_augmented/silhouette/rasmi/r--rasmi--VID_20250909_143832.168.jpg,rasmi,rousettus,green,video,False,train,117.02977518497136
data/processed/rousettus/video/not_augmented/silhouette/rasmi/r--rasmi--VID_20250909_143832.169.jpg,rasmi,rousettus,green,video,False,train,106.3520407909058
data/processed/rousettus/video/not_augmented/silhouette/rasmi/r--rasmi--VID_20250909_143832.170.jpg,rasmi,rousettus,green,video,False,train,106.66234853157444
data/processed/rousettus/video/not_augmented/silhouette/rasmi/r--rasmi--VID_20250909_143832.171.jpg,rasmi,rousettus,green,video,False,train,111.73024943231393
data/processed/rousettus/video/not_augmented/silhouette/rasmi/r--rasmi--VID_20250909_143832.172.jpg,rasmi,rousettus,green,video,False,train,94.72652263871734
data/processed/rousettus/video/not_augmented/silhouette/rasmi/r--rasmi--VID_20250909_143832.173.jpg,rasmi,rousettus,green,video,False,train,69.93997129466523
data/processed/rousettus/video/not_augmented/silhouette/rasmi/r--rasmi--VID_20250909_143832.174.jpg,rasmi,rousettus,green,video,False,train,71.44726561070084
data/processed/rousettus/video/not_augmented/silhouette/rasmi/r--rasmi--VID_20250909_143832.175.jpg,rasmi,rousettus,green,video,False,train,70.95717073946584
data/processed/rousettus/video/not_augmented/silhouette/rasmi/r--rasmi--VID_20250909_143832.176.jpg,rasmi,rousettus,green,video,False,train,72.33446267702736
data/processed/rousettus/video/not_augmented/silhouette/rasmi/r--rasmi--VID_20250909_143832.177.jpg,rasmi,rousettus,green,video,False,train,72.23965638997603
data/processed/rousettus/video/not_augmented/silhouette/rasmi/r--rasmi--VID_20250909_143832.178.jpg,rasmi,rousettus,green,video,False,train,76.07122927137038
data/processed/rousettus/video/not_augmented/silhouette/rasmi/r--rasmi--VID_20250909_143832.179.jpg,rasmi,rousettus,green,video,False,train,85.80745774514973
data/processed/rousettus/video/not_augmented/silhouette/rasmi/r--rasmi--VID_20250909_143832.180.jpg,rasmi,rousettus,green,video,False,train,90.84679925665168
data/processed/rousettus/video/not_augmented/silhouette/rasmi/r--rasmi--VID_20250909_143832.181.jpg,rasmi,rousettus,green,video,False,train,95.21554120527313
data/processed/rousettus/video/not_augmented/silhouette/rasmi/r--rasmi--VID_20250909_143832.182.jpg,rasmi,rousettus,green,video,False,train,88.44319991080378
data/processed/rousettus/video/not_augmented/silhouette/rasmi/r--rasmi--VID_20250909_143832.183.jpg,rasmi,rousettus,green,video,False,train,114.1355428886334
data/processed/rousettus/video/not_augmented/silhouette/rasmi/r--rasmi--VID_20250909_143832.184.jpg,rasmi,rousettus,green,video,False,train,102.9494778058371
data/processed/rousettus/video/not_augmented/silhouette/rasmi/r--rasmi--VID_20250909_143832.185.jpg,rasmi,rousettus,green,video,False,train,81.84464666794757
data/processed/rousettus/video/not_augmented/silhouette/rasmi/r--rasmi--VID_20250909_143832.186.jpg,rasmi,rousettus,green,video,False,train,85.26444911956787
data/processed/rousettus/video/not_augmented/silhouette/rasmi/r--rasmi--VID_20250909_143832.187.jpg,rasmi,rousettus,green,video,False,train,99.0110211572961
data/processed/rousettus/video/not_augmented/silhouette/rasmi/r--rasmi--VID_20250909_143832.188.jpg,rasmi,rousettus,green,video,False,train,94.78888313098034
data/processed/rousettus/video/not_augmented/silhouette/rasmi/r--rasmi--VID_20250909_143832.189.jpg,rasmi,rousettus,green,video,False,train,106.61720736272032
data/processed/rousettus/video/not_augmented/silhouette/rasmi/r--rasmi--VID_20250909_143832.190.jpg,rasmi,rousettus,green,video,False,train,103.39793911043776
data/processed/rousettus/video/not_augmented/silhouette/rasmi/r--rasmi--VID_20250909_143832.191.jpg,rasmi,rousettus,green,video,False,train,100.31220090890712
data/processed/rousettus/video/not_augmented/silhouette/rasmi/r--rasmi--VID_20250909_143832.192.jpg,rasmi,rousettus,green,video,False,train,92.67576131022308
data/processed/rousettus/video/not_augmented/silhouette/rasmi/r--rasmi--VID_20250909_143832.193.jpg,rasmi,rousettus,green,video,False,train,101.36740668025529
data/processed/rousettus/video/not_augmented/silhouette/rasmi/r--rasmi--VID_20250909_143832.194.jpg,rasmi,rousettus,green,video,False,train,86.7991868622449
data/processed/rousettus/video/not_augmented/silhouette/rasmi/r--rasmi--VID_20250909_143832.195.jpg,rasmi,rousettus,green,video,False,train,86.82101002518013
data/processed/rousettus/video/not_augmented/silhouette/rasmi/r--rasmi--VID_20250909_143832.196.jpg,rasmi,rousettus,green,video,False,train,89.77682554855886
data/processed/rousettus/video/not_augmented/silhouette/rasmi/r--rasmi--VID_20250909_143832.197.jpg,rasmi,rousettus,green,video,False,train,93.379962512425
data/processed/rousettus/video/not_augmented/silhouette/rasmi/r--rasmi--VID_20250909_143832.198.jpg,rasmi,rousettus,green,video,False,train,92.66768971784369
data/processed/rousettus/video/not_augmented/silhouette/rasmi/r--rasmi--VID_20250909_143832.199.jpg,rasmi,rousettus,green,video,False,train,97.88347013688792
data/processed/rousettus/video/not_augmented/silhouette/rasmi/r--rasmi--VID_20250909_143832.200.jpg,rasmi,rousettus,green,video,False,train,96.0202885444638
data/processed/rousettus/video/not_augmented/silhouette/rasmi/r--rasmi--VID_20250909_143832.201.jpg,rasmi,rousettus,green,video,False,train,93.83539918401448
data/processed/rousettus/video/not_augmented/silhouette/rasmi/r--rasmi--VID_20250909_143832.202.jpg,rasmi,rousettus,green,video,False,train,89.34923064078156
data/processed/rousettus/video/not_augmented/silhouette/rasmi/r--rasmi--VID_20250909_143832.203.jpg,rasmi,rousettus,green,video,False,train,83.18720100423486
data/processed/rousettus/video/not_augmented/silhouette/rasmi/r--rasmi--VID_20250909_143832.205.jpg,rasmi,rousettus,green,video,False,train,79.23084732772209
data/processed/rousettus/video/not_augmented/silhouette/rasmi/r--rasmi--VID_20250909_143832.206.jpg,rasmi,rousettus,green,video,False,train,75.85600685229255
data/processed/rousettus/video/not_augmented/silhouette/rasmi/r--rasmi--VID_20250909_143832.207.jpg,rasmi,rousettus,green,video,False,train,69.17287146692622
data/processed/rousettus/video/not_augmented/silhouette/rasmi/r--rasmi--VID_20250909_143832.211.jpg,rasmi,rousettus,green,video,False,train,66.95645328404157
data/processed/rousettus/video/not_augmented/silhouette/rasmi/r--rasmi--VID_20250909_143832.213.jpg,rasmi,rousettus,green,video,False,train,59.073082738794525
data/processed/rousettus/video/not_augmented/silhouette/rasmi/r--rasmi--VID_20250909_143832.216.jpg,rasmi,rousettus,green,video,False,train,57.932896173184034
data/processed/rousettus/video/not_augmented/silhouette/rasmi/r--rasmi--VID_20250909_143832.220.jpg,rasmi,rousettus,green,video,False,train,60.34488599134554
data/processed/rousettus/video/not_augmented/silhouette/rasmi/r--rasmi--VID_20250909_143832.221.jpg,rasmi,rousettus,green,video,False,train,75.98706549716364
data/processed/rousettus/video/not_augmented/silhouette/rasmi/r--rasmi--VID_20250909_143832.222.jpg,rasmi,rousettus,green,video,False,train,69.92723606169993
data/processed/rousettus/video/not_augmented/silhouette/rasmi/r--rasmi--VID_20250909_143832.223.jpg,rasmi,rousettus,green,video,False,train,69.30231580015324
data/processed/rousettus/video/not_augmented/silhouette/rasmi/r--rasmi--VID_20250909_143832.226.jpg,rasmi,rousettus,green,video,False,train,75.92026068200074
data/processed/rousettus/video/not_augmented/silhouette/rasmi/r--rasmi--VID_20250909_143832.228.jpg,rasmi,rousettus,green,video,False,train,79.82950015904157
data/processed/rousettus/video/not_augmented/silhouette/rasmi/r--rasmi--VID_20250909_143832.229.jpg,rasmi,rousettus,green,video,False,train,72.29807078446113
data/processed/rousettus/video/not_augmented/silhouette/rasmi/r--rasmi--VID_20250909_143832.230.jpg,rasmi,rousettus,green,video,False,train,86.64184068849016
data/processed/rousettus/video/not_augmented/silhouette/rasmi/r--rasmi--VID_20250909_143832.231.jpg,rasmi,rousettus,green,video,False,train,80.05785633573329
data/processed/rousettus/video/not_augmented/silhouette/rasmi/r--rasmi--VID_20250909_143832.232.jpg,rasmi,rousettus,green,video,False,train,91.39082427304866
data/processed/rousettus/video/not_augmented/silhouette/rasmi/r--rasmi--VID_20250909_143832.233.jpg,rasmi,rousettus,green,video,False,train,75.28314333506198
data/processed/rousettus/video/not_augmented/silhouette/rasmi/r--rasmi--VID_20250909_143832.234.jpg,rasmi,rousettus,green,video,False,train,84.48070786844336
data/processed/rousettus/video/not_augmented/silhouette/rasmi/r--rasmi--VID_20250909_143832.235.jpg,rasmi,rousettus,green,video,False,train,91.24964124845596
data/processed/rousettus/video/not_augmented/silhouette/rasmi/r--rasmi--VID_20250909_143832.237.jpg,rasmi,rousettus,green,video,False,train,107.588408672328
data/processed/rousettus/video/not_augmented/silhouette/rasmi/r--rasmi--VID_20250909_143832.238.jpg,rasmi,rousettus,green,video,False,train,98.36611127396615
data/processed/rousettus/video/not_augmented/silhouette/rasmi/r--rasmi--VID_20250909_143832.239.jpg,rasmi,rousettus,green,video,False,train,115.76199775355796
data/processed/rousettus/video/not_augmented/silhouette/rasmi/r--rasmi--VID_20250909_143832.240.jpg,rasmi,rousettus,green,video,False,train,99.30785625629352
data/processed/rousettus/video/not_augmented/silhouette/rasmi/r--rasmi--VID_20250909_143832.45.jpg,rasmi,rousettus,green,video,False,train,187.9266382234884
data/processed/rousettus/video/not_augmented/silhouette/rasmi/r--rasmi--VID_20250909_143832.46.jpg,rasmi,rousettus,green,video,False,train,166.65212448951056
data/processed/rousettus/video/not_augmented/silhouette/rasmi/r--rasmi--VID_20250909_143832.47.jpg,rasmi,rousettus,green,video,False,train,166.2631736284293
data/processed/rousettus/video/not_augmented/silhouette/rasmi/r--rasmi--VID_20250909_143832.48.jpg,rasmi,rousettus,green,video,False,train,139.2212611543591
data/processed/rousettus/video/not_augmented/silhouette/rasmi/r--rasmi--VID_20250909_143832.49.jpg,rasmi,rousettus,green,video,False,train,160.98596938139994
data/processed/rousettus/video/not_augmented/silhouette/rasmi/r--rasmi--VID_20250909_143832.50.jpg,rasmi,rousettus,green,video,False,train,159.94969706632654
data/processed/rousettus/video/not_augmented/silhouette/rasmi/r--rasmi--VID_20250909_143832.53.jpg,rasmi,rousettus,green,video,False,train,160.28441882620052
data/processed/rousettus/video/not_augmented/silhouette/rasmi/r--rasmi--VID_20250909_143832.54.jpg,rasmi,rousettus,green,video,False,train,152.7220383576183
data/processed/rousettus/video/not_augmented/silhouette/rasmi/r--rasmi--VID_20250909_143832.55.jpg,rasmi,rousettus,green,video,False,train,154.0905612181346
data/processed/rousettus/video/not_augmented/silhouette/rasmi/r--rasmi--VID_20250909_143832.56.jpg,rasmi,rousettus,green,video,False,train,192.59909119739075
data/processed/rousettus/video/not_augmented/silhouette/rasmi/r--rasmi--VID_20250909_143832.57.jpg,rasmi,rousettus,green,video,False,train,178.72582507620055
data/processed/rousettus/video/not_augmented/silhouette/rasmi/r--rasmi--VID_20250909_143832.58.jpg,rasmi,rousettus,green,video,False,train,201.5738599730352
data/processed/rousettus/video/not_augmented/silhouette/rasmi/r--rasmi--VID_20250909_143832.60.jpg,rasmi,rousettus,green,video,False,train,211.62099406859213
data/processed/rousettus/video/not_augmented/silhouette/rasmi/r--rasmi--VID_20250909_143832.61.jpg,rasmi,rousettus,green,video,False,train,199.716816794917
data/processed/rousettus/video/not_augmented/silhouette/rosi/r--rosi--VID_20250909_143902.10.jpg,rosi,rousettus,green,video,False,train,139.97678172791913
data/processed/rousettus/video/not_augmented/silhouette/rosi/r--rosi--VID_20250909_143902.11.jpg,rosi,rousettus,green,video,False,train,142.07368057700603
data/processed/rousettus/video/not_augmented/silhouette/rosi/r--rosi--VID_20250909_143902.12.jpg,rosi,rousettus,green,video,False,train,121.8495495183326
data/processed/rousettus/video/not_augmented/silhouette/rosi/r--rosi--VID_20250909_143902.13.jpg,rosi,rousettus,green,video,False,train,109.9973692586153
data/processed/rousettus/video/not_augmented/silhouette/rosi/r--rosi--VID_20250909_143902.14.jpg,rosi,rousettus,green,video,False,train,148.81943542785518
data/processed/rousettus/video/not_augmented/silhouette/rosi/r--rosi--VID_20250909_143902.15.jpg,rosi,rousettus,green,video,False,train,198.37228946296537
data/processed/rousettus/video/not_augmented/silhouette/rosi/r--rosi--VID_20250909_143902.16.jpg,rosi,rousettus,green,video,False,train,141.1028180322961
data/processed/rousettus/video/not_augmented/silhouette/rosi/r--rosi--VID_20250909_143902.17.jpg,rosi,rousettus,green,video,False,train,155.58900669483975
data/processed/rousettus/video/not_augmented/silhouette/rosi/r--rosi--VID_20250909_143902.18.jpg,rosi,rousettus,green,video,False,train,153.44730547833868
data/processed/rousettus/video/not_augmented/silhouette/rosi/r--rosi--VID_20250909_143902.19.jpg,rosi,rousettus,green,video,False,train,311.4793127616809
data/processed/rousettus/video/not_augmented/silhouette/rosi/r--rosi--VID_20250909_143902.20.jpg,rosi,rousettus,green,video,False,train,275.88339044609853
data/processed/rousettus/video/not_augmented/silhouette/rosi/r--rosi--VID_20250909_143902.205.jpg,rosi,rousettus,green,video,False,train,184.37115332942267
data/processed/rousettus/video/not_augmented/silhouette/rosi/r--rosi--VID_20250909_143902.206.jpg,rosi,rousettus,green,video,False,train,194.91954320751097
data/processed/rousettus/video/not_augmented/silhouette/rosi/r--rosi--VID_20250909_143902.207.jpg,rosi,rousettus,green,video,False,train,188.9390345501532
data/processed/rousettus/video/not_augmented/silhouette/rosi/r--rosi--VID_20250909_143902.208.jpg,rosi,rousettus,green,video,False,train,244.83017777066
data/processed/rousettus/video/not_augmented/silhouette/rosi/r--rosi--VID_20250909_143902.209.jpg,rosi,rousettus,green,video,False,train,204.9896763392857
data/processed/rousettus/video/not_augmented/silhouette/rosi/r--rosi--VID_20250909_143902.21.jpg,rosi,rousettus,green,video,False,train,186.9806680087495
data/processed/rousettus/video/not_augmented/silhouette/rosi/r--rosi--VID_20250909_143902.210.jpg,rosi,rousettus,green,video,False,train,228.4598413389556
data/processed/rousettus/video/not_augmented/silhouette/rosi/r--rosi--VID_20250909_143902.211.jpg,rosi,rousettus,green,video,False,train,267.90648902947083
data/processed/rousettus/video/not_augmented/silhouette/rosi/r--rosi--VID_20250909_143902.212.jpg,rosi,rousettus,green,video,False,train,159.51245615393952
data/processed/rousettus/video/not_augmented/silhouette/rosi/r--rosi--VID_20250909_143902.238.jpg,rosi,rousettus,green,video,False,train,230.5906010698845
data/processed/rousettus/video/not_augmented/silhouette/rosi/r--rosi--VID_20250909_143902.239.jpg,rosi,rousettus,green,video,False,train,219.3570431979782
data/processed/rousettus/video/not_augmented/silhouette/rosi/r--rosi--VID_20250909_143902.240.jpg,rosi,rousettus,green,video,False,train,198.7660435263885
data/processed/rousettus/video/not_augmented/silhouette/rosi/r--rosi--VID_20250909_143902.241.jpg,rosi,rousettus,green,video,False,train,198.36924018486496
data/processed/rousettus/video/not_augmented/silhouette/rosi/r--rosi--VID_20250909_143902.242.jpg,rosi,rousettus,green,video,False,train,188.8831114377741
data/processed/rousettus/video/not_augmented/silhouette/rosi/r--rosi--VID_20250909_143902.243.jpg,rosi,rousettus,green,video,False,train,234.11019203435475
data/processed/rousettus/video/not_augmented/silhouette/rosi/r--rosi--VID_20250909_143902.244.jpg,rosi,rousettus,green,video,False,train,270.4465879847833
data/processed/rousettus/video/not_augmented/silhouette/rosi/r--rosi--VID_20250909_143902.245.jpg,rosi,rousettus,green,video,False,train,306.1315170118879
data/processed/rousettus/video/not_augmented/silhouette/rosi/r--rosi--VID_20250909_143902.246.jpg,rosi,rousettus,green,video,False,train,378.3688017981394
data/processed/rousettus/video/not_augmented/silhouette/rosi/r--rosi--VID_20250909_143902.247.jpg,rosi,rousettus,green,video,False,train,396.0841236738104
data/processed/rousettus/video/not_augmented/silhouette/rosi/r--rosi--VID_20250909_143902.248.jpg,rosi,rousettus,green,video,False,train,428.1225884563473
data/processed/rousettus/video/not_augmented/silhouette/rosi/r--rosi--VID_20250909_143902.249.jpg,rosi,rousettus,green,video,False,train,417.314054513762
data/processed/rousettus/video/not_augmented/silhouette/rosi/r--rosi--VID_20250909_143902.250.jpg,rosi,rousettus,green,video,False,train,345.2462930468806
data/processed/rousettus/video/not_augmented/silhouette/rosi/r--rosi--VID_20250909_143902.251.jpg,rosi,rousettus,green,video,False,train,293.47706071400034
data/processed/rousettus/video/not_augmented/silhouette/rosi/r--rosi--VID_20250909_143902.252.jpg,rosi,rousettus,green,video,False,train,241.3027941641436
data/processed/rousettus/video/not_augmented/silhouette/rosi/r--rosi--VID_20250909_143902.253.jpg,rosi,rousettus,green,video,False,train,249.4890186444067
data/processed/rousettus/video/not_augmented/silhouette/rosi/r--rosi--VID_20250909_143902.254.jpg,rosi,rousettus,green,video,False,train,251.15852196283112
data/processed/rousettus/video/not_augmented/silhouette/rosi/r--rosi--VID_20250909_143902.255.jpg,rosi,rousettus,green,video,False,train,262.464285688865
data/processed/rousettus/video/not_augmented/silhouette/rosi/r--rosi--VID_20250909_143902.256.jpg,rosi,rousettus,green,video,False,train,224.78134947407003
data/processed/rousettus/video/not_augmented/silhouette/rosi/r--rosi--VID_20250909_143902.257.jpg,rosi,rousettus,green,video,False,train,254.1467434594354
data/processed/rousettus/video/not_augmented/silhouette/rosi/r--rosi--VID_20250909_143902.258.jpg,rosi,rousettus,green,video,False,train,276.07525490979657
data/processed/rousettus/video/not_augmented/silhouette/rosi/r--rosi--VID_20250909_143902.259.jpg,rosi,rousettus,green,video,False,train,298.97510761759867
data/processed/rousettus/video/not_augmented/silhouette/rosi/r--rosi--VID_20250909_143902.260.jpg,rosi,rousettus,green,video,False,train,281.76614316172123
data/processed/rousettus/video/not_augmented/silhouette/rosi/r--rosi--VID_20250909_143902.261.jpg,rosi,rousettus,green,video,False,train,325.76375151653684
data/processed/rousettus/video/not_augmented/silhouette/rosi/r--rosi--VID_20250909_143902.262.jpg,rosi,rousettus,green,video,False,train,379.6335100251802
data/processed/rousettus/video/not_augmented/silhouette/rosi/r--rosi--VID_20250909_143902.263.jpg,rosi,rousettus,green,video,False,train,300.14209980231834
data/processed/rousettus/video/not_augmented/silhouette/rosi/r--rosi--VID_20250909_143902.264.jpg,rosi,rousettus,green,video,False,train,277.01132014670605
data/processed/rousettus/video/not_augmented/silhouette/rosi/r--rosi--VID_20250909_143902.265.jpg,rosi,rousettus,green,video,False,train,231.51933194994183
data/processed/rousettus/video/not_augmented/silhouette/rosi/r--rosi--VID_20250909_143902.266.jpg,rosi,rousettus,green,video,False,train,189.71948737216363
data/processed/rousettus/video/not_augmented/silhouette/rosi/r--rosi--VID_20250909_143902.267.jpg,rosi,rousettus,green,video,False,train,180.46988600087823
data/processed/rousettus/video/not_augmented/silhouette/rosi/r--rosi--VID_20250909_143902.268.jpg,rosi,rousettus,green,video,False,train,194.2100007777311
data/processed/rousettus/video/not_augmented/silhouette/rosi/r--rosi--VID_20250909_143902.269.jpg,rosi,rousettus,green,video,False,train,178.24631293025527
data/processed/rousettus/video/not_augmented/silhouette/rosi/r--rosi--VID_20250909_143902.270.jpg,rosi,rousettus,green,video,False,train,168.23345822545207
data/processed/rousettus/video/not_augmented/silhouette/rosi/r--rosi--VID_20250909_143902.271.jpg,rosi,rousettus,green,video,False,train,163.28936144730687
data/processed/rousettus/video/not_augmented/silhouette/rosi/r--rosi--VID_20250909_143902.272.jpg,rosi,rousettus,green,video,False,train,157.90294164540816
data/processed/rousettus/video/not_augmented/silhouette/rosi/r--rosi--VID_20250909_143902.273.jpg,rosi,rousettus,green,video,False,train,161.0815330034293
data/processed/rousettus/video/not_augmented/silhouette/rosi/r--rosi--VID_20250909_143902.274.jpg,rosi,rousettus,green,video,False,train,159.13388869743557
data/processed/rousettus/video/not_augmented/silhouette/rosi/r--rosi--VID_20250909_143902.275.jpg,rosi,rousettus,green,video,False,train,146.8937937976022
data/processed/rousettus/video/not_augmented/silhouette/rosi/r--rosi--VID_20250909_143902.55.jpg,rosi,rousettus,green,video,False,train,186.12352517702732
data/processed/rousettus/video/not_augmented/silhouette/rosi/r--rosi--VID_20250909_143902.56.jpg,rosi,rousettus,green,video,False,train,148.18757971303256
data/processed/rousettus/video/not_augmented/silhouette/rosi/r--rosi--VID_20250909_143902.58.jpg,rosi,rousettus,green,video,False,train,193.30941085426176
data/processed/rousettus/video/not_augmented/silhouette/rosi/r--rosi--VID_20250909_143902.59.jpg,rosi,rousettus,green,video,False,train,211.5631974012541
data/processed/rousettus/video/not_augmented/silhouette/rosi/r--rosi--VID_20250909_143902.60.jpg,rosi,rousettus,green,video,False,train,194.56672512119587
data/processed/rousettus/video/not_augmented/silhouette/rosi/r--rosi--VID_20250909_143902.61.jpg,rosi,rousettus,green,video,False,train,300.3515822864582
data/processed/rousettus/video/not_augmented/silhouette/rosi/r--rosi--VID_20250909_143902.62.jpg,rosi,rousettus,green,video,False,train,177.40332030257002
data/processed/rousettus/video/not_augmented/silhouette/rosi/r--rosi--VID_20250909_143902.63.jpg,rosi,rousettus,green,video,False,train,179.9982460956184
data/processed/rousettus/video/not_augmented/silhouette/rosi/r--rosi--VID_20250909_143902.64.jpg,rosi,rousettus,green,video,False,train,163.2418885328332
data/processed/rousettus/video/not_augmented/silhouette/rosi/r--rosi--VID_20250909_143902.65.jpg,rosi,rousettus,green,video,False,train,218.74730935587283
data/processed/rousettus/video/not_augmented/silhouette/rosi/r--rosi--VID_20250909_143902.66.jpg,rosi,rousettus,green,video,False,train,227.61997767857144
data/processed/rousettus/video/not_augmented/silhouette/rosi/r--rosi--VID_20250909_143902.67.jpg,rosi,rousettus,green,video,False,train,160.32053172474153
data/processed/rousettus/video/not_augmented/silhouette/rosi/r--rosi--VID_20250909_143902.68.jpg,rosi,rousettus,green,video,False,train,170.16240832230687
data/processed/rousettus/video/not_augmented/silhouette/rosi/r--rosi--VID_20250909_143902.69.jpg,rosi,rousettus,green,video,False,train,203.3419563137755
data/processed/rousettus/video/not_augmented/silhouette/rosi/r--rosi--VID_20250909_143902.70.jpg,rosi,rousettus,green,video,False,train,218.60636559271504
data/processed/rousettus/video/not_augmented/silhouette/rosi/r--rosi--VID_20250909_143902.71.jpg,rosi,rousettus,green,video,False,train,221.51187813157884
data/processed/rousettus/video/not_augmented/silhouette/rosi/r--rosi--VID_20250909_143902.72.jpg,rosi,rousettus,green,video,False,train,210.0905808647788
data/processed/rousettus/video/not_augmented/silhouette/rosi/r--rosi--VID_20250909_143902.73.jpg,rosi,rousettus,green,video,False,train,183.62541847872464
data/processed/rousettus/video/not_augmented/silhouette/rosi/r--rosi--VID_20250909_143902.74.jpg,rosi,rousettus,green,video,False,train,169.55949058318228
data/processed/rousettus/video/not_augmented/silhouette/rosi/r--rosi--VID_20250909_143902.75.jpg,rosi,rousettus,green,video,False,train,183.4886793321691
data/processed/rousettus/video/not_augmented/silhouette/rosi/r--rosi--VID_20250909_143902.76.jpg,rosi,rousettus,green,video,False,train,129.9496970409058
data/processed/rousettus/video/not_augmented/silhouette/rosi/r--rosi--VID_20250909_143902.9.jpg,rosi,rousettus,green,video,False,train,147.59191641436175
data/processed/rousettus/video/not_augmented/silhouette/tuluz/r--tuluz--VID_20250909_143942.13.jpg,tuluz,rousettus,green,video,False,test,100.22831596905168
data/processed/rousettus/video/not_augmented/silhouette/tuluz/r--tuluz--VID_20250909_143942.14.jpg,tuluz,rousettus,green,video,False,test,140.23293992232803
data/processed/rousettus/video/not_augmented/silhouette/tuluz/r--tuluz--VID_20250909_143942.148.jpg,tuluz,rousettus,green,video,False,test,133.74683115076195
data/processed/rousettus/video/not_augmented/silhouette/tuluz/r--tuluz--VID_20250909_143942.149.jpg,tuluz,rousettus,green,video,False,test,155.37278778341505
data/processed/rousettus/video/not_augmented/silhouette/tuluz/r--tuluz--VID_20250909_143942.15.jpg,tuluz,rousettus,green,video,False,test,154.10722256223147
data/processed/rousettus/video/not_augmented/silhouette/tuluz/r--tuluz--VID_20250909_143942.150.jpg,tuluz,rousettus,green,video,False,test,144.79055709513167
data/processed/rousettus/video/not_augmented/silhouette/tuluz/r--tuluz--VID_20250909_143942.151.jpg,tuluz,rousettus,green,video,False,test,199.5342792970148
data/processed/rousettus/video/not_augmented/silhouette/tuluz/r--tuluz--VID_20250909_143942.152.jpg,tuluz,rousettus,green,video,False,test,118.00587923772036
data/processed/rousettus/video/not_augmented/silhouette/tuluz/r--tuluz--VID_20250909_143942.153.jpg,tuluz,rousettus,green,video,False,test,154.55379065649058
data/processed/rousettus/video/not_augmented/silhouette/tuluz/r--tuluz--VID_20250909_143942.154.jpg,tuluz,rousettus,green,video,False,test,178.12830835300304
data/processed/rousettus/video/not_augmented/silhouette/tuluz/r--tuluz--VID_20250909_143942.155.jpg,tuluz,rousettus,green,video,False,test,124.38681839565992
data/processed/rousettus/video/not_augmented/silhouette/tuluz/r--tuluz--VID_20250909_143942.156.jpg,tuluz,rousettus,green,video,False,test,132.65991709183675
data/processed/rousettus/video/not_augmented/silhouette/tuluz/r--tuluz--VID_20250909_143942.157.jpg,tuluz,rousettus,green,video,False,test,184.09845321509107
data/processed/rousettus/video/not_augmented/silhouette/tuluz/r--tuluz--VID_20250909_143942.158.jpg,tuluz,rousettus,green,video,False,test,442.1379743267824
data/processed/rousettus/video/not_augmented/silhouette/tuluz/r--tuluz--VID_20250909_143942.159.jpg,tuluz,rousettus,green,video,False,test,227.61645002853663
data/processed/rousettus/video/not_augmented/silhouette/tuluz/r--tuluz--VID_20250909_143942.16.jpg,tuluz,rousettus,green,video,False,test,129.03027343392523
data/processed/rousettus/video/not_augmented/silhouette/tuluz/r--tuluz--VID_20250909_143942.160.jpg,tuluz,rousettus,green,video,False,test,185.2310267285177
data/processed/rousettus/video/not_augmented/silhouette/tuluz/r--tuluz--VID_20250909_143942.161.jpg,tuluz,rousettus,green,video,False,test,200.6204957973952
data/processed/rousettus/video/not_augmented/silhouette/tuluz/r--tuluz--VID_20250909_143942.162.jpg,tuluz,rousettus,green,video,False,test,171.9107939908029
data/processed/rousettus/video/not_augmented/silhouette/tuluz/r--tuluz--VID_20250909_143942.163.jpg,tuluz,rousettus,green,video,False,test,287.6257971541577
data/processed/rousettus/video/not_augmented/silhouette/tuluz/r--tuluz--VID_20250909_143942.164.jpg,tuluz,rousettus,green,video,False,test,224.18977198825183
data/processed/rousettus/video/not_augmented/silhouette/tuluz/r--tuluz--VID_20250909_143942.165.jpg,tuluz,rousettus,green,video,False,test,157.4525270791711
data/processed/rousettus/video/not_augmented/silhouette/tuluz/r--tuluz--VID_20250909_143942.166.jpg,tuluz,rousettus,green,video,False,test,187.9635283546813
data/processed/rousettus/video/not_augmented/silhouette/tuluz/r--tuluz--VID_20250909_143942.167.jpg,tuluz,rousettus,green,video,False,test,329.8523397445679
data/processed/rousettus/video/not_augmented/silhouette/tuluz/r--tuluz--VID_20250909_143942.17.jpg,tuluz,rousettus,green,video,False,test,121.69503347578768
data/processed/rousettus/video/not_augmented/silhouette/tuluz/r--tuluz--VID_20250909_143942.179.jpg,tuluz,rousettus,green,video,False,test,184.74752864178296
data/processed/rousettus/video/not_augmented/silhouette/tuluz/r--tuluz--VID_20250909_143942.18.jpg,tuluz,rousettus,green,video,False,test,123.4971500219578
data/processed/rousettus/video/not_augmented/silhouette/tuluz/r--tuluz--VID_20250909_143942.180.jpg,tuluz,rousettus,green,video,False,test,162.57589285555406
data/processed/rousettus/video/not_augmented/silhouette/tuluz/r--tuluz--VID_20250909_143942.181.jpg,tuluz,rousettus,green,video,False,test,190.49892373106863
data/processed/rousettus/video/not_augmented/silhouette/tuluz/r--tuluz--VID_20250909_143942.182.jpg,tuluz,rousettus,green,video,False,test,207.73094706473773
data/processed/rousettus/video/not_augmented/silhouette/tuluz/r--tuluz--VID_20250909_143942.183.jpg,tuluz,rousettus,green,video,False,test,196.9835777664026
data/processed/rousettus/video/not_augmented/silhouette/tuluz/r--tuluz--VID_20250909_143942.184.jpg,tuluz,rousettus,green,video,False,test,188.41019600801096
data/processed/rousettus/video/not_augmented/silhouette/tuluz/r--tuluz--VID_20250909_143942.185.jpg,tuluz,rousettus,green,video,False,test,157.70958221321152
data/processed/rousettus/video/not_augmented/silhouette/tuluz/r--tuluz--VID_20250909_143942.186.jpg,tuluz,rousettus,green,video,False,test,159.92412678314616
data/processed/rousettus/video/not_augmented/silhouette/tuluz/r--tuluz--VID_20250909_143942.187.jpg,tuluz,rousettus,green,video,False,test,190.0249919263784
data/processed/rousettus/video/not_augmented/silhouette/tuluz/r--tuluz--VID_20250909_143942.188.jpg,tuluz,rousettus,green,video,False,test,137.93991149201688
data/processed/rousettus/video/not_augmented/silhouette/tuluz/r--tuluz--VID_20250909_143942.19.jpg,tuluz,rousettus,green,video,False,test,154.74635281854748
data/processed/rousettus/video/not_augmented/silhouette/tuluz/r--tuluz--VID_20250909_143942.21.jpg,tuluz,rousettus,green,video,False,test,175.32543445120052
data/processed/rousettus/video/not_augmented/silhouette/tuluz/r--tuluz--VID_20250909_143942.295.jpg,tuluz,rousettus,green,video,False,test,235.08553889670608
data/processed/rousettus/video/not_augmented/silhouette/tuluz/r--tuluz--VID_20250909_143942.296.jpg,tuluz,rousettus,green,video,False,test,203.99457907527747
data/processed/rousettus/video/not_augmented/silhouette/tuluz/r--tuluz--VID_20250909_143942.297.jpg,tuluz,rousettus,green,video,False,test,147.65190526794663
data/processed/rousettus/video/not_augmented/silhouette/tuluz/r--tuluz--VID_20250909_143942.301.jpg,tuluz,rousettus,green,video,False,test,135.33256934593737
data/processed/rousettus/video/not_augmented/silhouette/tuluz/r--tuluz--VID_20250909_143942.304.jpg,tuluz,rousettus,green,video,False,test,137.62394370818228
data/processed/rousettus/video/not_augmented/silhouette/tuluz/r--tuluz--VID_20250909_143942.305.jpg,tuluz,rousettus,green,video,False,test,200.14138230876296
data/processed/rousettus/video/not_augmented/silhouette/tuluz/r--tuluz--VID_20250909_143942.306.jpg,tuluz,rousettus,green,video,False,test,159.97813689078157
data/processed/rousettus/video/not_augmented/silhouette/tuluz/r--tuluz--VID_20250909_143942.307.jpg,tuluz,rousettus,green,video,False,test,138.6905492185206
data/processed/rousettus/video/not_augmented/silhouette/tuluz/r--tuluz--VID_20250909_143942.308.jpg,tuluz,rousettus,green,video,False,test,107.27457345321444
data/processed/rousettus/video/not_augmented/silhouette/tuluz/r--tuluz--VID_20250909_143942.309.jpg,tuluz,rousettus,green,video,False,test,145.22251672160868
data/processed/rousettus/video/not_augmented/silhouette/tuluz/r--tuluz--VID_20250909_143942.310.jpg,tuluz,rousettus,green,video,False,test,126.72570548440854
data/processed/rousettus/video/not_augmented/silhouette/tuluz/r--tuluz--VID_20250909_143942.311.jpg,tuluz,rousettus,green,video,False,test,116.38412767765377
data/processed/rousettus/video/not_augmented/silhouette/tuluz/r--tuluz--VID_20250909_143942.312.jpg,tuluz,rousettus,green,video,False,test,129.76371169497398
data/processed/rousettus/video/not_augmented/silhouette/tuluz/r--tuluz--VID_20250909_143942.313.jpg,tuluz,rousettus,green,video,False,test,115.46101711770488
data/processed/rousettus/video/not_augmented/silhouette/tuluz/r--tuluz--VID_20250909_143942.314.jpg,tuluz,rousettus,green,video,False,test,122.78280452647245
data/processed/rousettus/video/not_augmented/silhouette/tuluz/r--tuluz--VID_20250909_143942.315.jpg,tuluz,rousettus,green,video,False,test,101.73040891239816
data/processed/rousettus/video/not_augmented/silhouette/tuluz/r--tuluz--VID_20250909_143942.316.jpg,tuluz,rousettus,green,video,False,test,116.1374362244898
data/processed/rousettus/video/not_augmented/silhouette/tuluz/r--tuluz--VID_20250909_143942.317.jpg,tuluz,rousettus,green,video,False,test,88.38103853350427
data/processed/rousettus/video/not_augmented/silhouette/tuluz/r--tuluz--VID_20250909_143942.318.jpg,tuluz,rousettus,green,video,False,test,113.95151067882318
data/processed/rousettus/video/not_augmented/silhouette/tuluz/r--tuluz--VID_20250909_143942.319.jpg,tuluz,rousettus,green,video,False,test,102.09893176020408
data/processed/rousettus/video/not_augmented/silhouette/tuluz/r--tuluz--VID_20250909_143942.320.jpg,tuluz,rousettus,green,video,False,test,98.55026304855885
data/processed/rousettus/video/not_augmented/silhouette/tuluz/r--tuluz--VID_20250909_143942.321.jpg,tuluz,rousettus,green,video,False,test,105.0708700765525
data/processed/rousettus/video/not_augmented/silhouette/tuluz/r--tuluz--VID_20250909_143942.322.jpg,tuluz,rousettus,green,video,False,test,95.30972966190578
data/processed/rousettus/video/not_augmented/silhouette/tuluz/r--tuluz--VID_20250909_143942.323.jpg,tuluz,rousettus,green,video,False,test,106.31184230512106
data/processed/rousettus/video/not_augmented/silhouette/tuluz/r--tuluz--VID_20250909_143942.324.jpg,tuluz,rousettus,green,video,False,test,89.89795918208468
data/processed/rousettus/video/not_augmented/silhouette/tuluz/r--tuluz--VID_20250909_143942.325.jpg,tuluz,rousettus,green,video,False,test,83.92095795853444
data/processed/rousettus/video/not_augmented/silhouette/tuluz/r--tuluz--VID_20250909_143942.326.jpg,tuluz,rousettus,green,video,False,test,97.56008834513165
data/processed/rousettus/video/not_augmented/silhouette/tuluz/r--tuluz--VID_20250909_143942.327.jpg,tuluz,rousettus,green,video,False,test,92.887017665531
data/processed/rousettus/video/not_augmented/silhouette/tuluz/r--tuluz--VID_20250909_143942.328.jpg,tuluz,rousettus,green,video,False,test,93.10642511414667
data/processed/rousettus/video/not_augmented/silhouette/tuluz/r--tuluz--VID_20250909_143942.329.jpg,tuluz,rousettus,green,video,False,test,107.72000557678234
data/processed/rousettus/video/not_augmented/silhouette/tuluz/r--tuluz--VID_20250909_143942.330.jpg,tuluz,rousettus,green,video,False,test,94.5010562719578
data/processed/rousettus/video/not_augmented/silhouette/tuluz/r--tuluz--VID_20250909_143942.331.jpg,tuluz,rousettus,green,video,False,test,81.63189572545201
data/processed/rousettus/video/not_augmented/silhouette/tuluz/r--tuluz--VID_20250909_143942.50.jpg,tuluz,rousettus,green,video,False,test,241.68931361567425
data/processed/rousettus/video/not_augmented/silhouette/tuluz/r--tuluz--VID_20250909_143942.51.jpg,tuluz,rousettus,green,video,False,test,292.4070471922887
data/processed/rousettus/video/not_augmented/silhouette/tuluz/r--tuluz--VID_20250909_143942.52.jpg,tuluz,rousettus,green,video,False,test,222.77323819994183
data/processed/rousettus/video/not_augmented/silhouette/tuluz/r--tuluz--VID_20250909_143942.53.jpg,tuluz,rousettus,green,video,False,test,138.4981863835314
data/processed/rousettus/video/not_augmented/silhouette/tuluz/r--tuluz--VID_20250909_143942.62.jpg,tuluz,rousettus,green,video,False,test,244.41404253797992
data/processed/rousettus/video/not_augmented/silhouette/tuluz/r--tuluz--VID_20250909_143942.63.jpg,tuluz,rousettus,green,video,False,test,504.9351084167785
data/processed/rousettus/video/not_augmented/silhouette/tuluz/r--tuluz--VID_20250909_143942.64.jpg,tuluz,rousettus,green,video,False,test,684.4280731343368
data/processed/rousettus/video/not_augmented/silhouette/vanilaice/r--vanilaice--VID_20250909_144641.100.jpg,vanilaice,rousettus,green,video,False,val,168.10560825853136
data/processed/rousettus/video/not_augmented/silhouette/vanilaice/r--vanilaice--VID_20250909_144641.101.jpg,vanilaice,rousettus,green,video,False,val,134.75492262413283
data/processed/rousettus/video/not_augmented/silhouette/vanilaice/r--vanilaice--VID_20250909_144641.102.jpg,vanilaice,rousettus,green,video,False,val,132.82684947549677
data/processed/rousettus/video/not_augmented/silhouette/vanilaice/r--vanilaice--VID_20250909_144641.103.jpg,vanilaice,rousettus,green,video,False,val,155.9222136640092
data/processed/rousettus/video/not_augmented/silhouette/vanilaice/r--vanilaice--VID_20250909_144641.104.jpg,vanilaice,rousettus,green,video,False,val,166.97917327777586
data/processed/rousettus/video/not_augmented/silhouette/vanilaice/r--vanilaice--VID_20250909_144641.105.jpg,vanilaice,rousettus,green,video,False,val,206.0697142471129
data/processed/rousettus/video/not_augmented/silhouette/vanilaice/r--vanilaice--VID_20250909_144641.106.jpg,vanilaice,rousettus,green,video,False,val,188.5854990417785
data/processed/rousettus/video/not_augmented/silhouette/vanilaice/r--vanilaice--VID_20250909_144641.107.jpg,vanilaice,rousettus,green,video,False,val,192.2760682397959
data/processed/rousettus/video/not_augmented/silhouette/vanilaice/r--vanilaice--VID_20250909_144641.197.jpg,vanilaice,rousettus,green,video,False,val,86.55642051927154
data/processed/rousettus/video/not_augmented/silhouette/vanilaice/r--vanilaice--VID_20250909_144641.198.jpg,vanilaice,rousettus,green,video,False,val,70.3889109553123
data/processed/rousettus/video/not_augmented/silhouette/vanilaice/r--vanilaice--VID_20250909_144641.199.jpg,vanilaice,rousettus,green,video,False,val,77.74025423772035
data/processed/rousettus/video/not_augmented/silhouette/vanilaice/r--vanilaice--VID_20250909_144641.200.jpg,vanilaice,rousettus,green,video,False,val,104.88863200895092
data/processed/rousettus/video/not_augmented/silhouette/vanilaice/r--vanilaice--VID_20250909_144641.202.jpg,vanilaice,rousettus,green,video,False,val,108.1496332336197
data/processed/rousettus/video/not_augmented/silhouette/vanilaice/r--vanilaice--VID_20250909_144641.205.jpg,vanilaice,rousettus,green,video,False,val,88.50548069797821
data/processed/rousettus/video/not_augmented/silhouette/vanilaice/r--vanilaice--VID_20250909_144641.206.jpg,vanilaice,rousettus,green,video,False,val,59.01795678216188
data/processed/rousettus/video/not_augmented/silhouette/vanilaice/r--vanilaice--VID_20250909_144641.207.jpg,vanilaice,rousettus,green,video,False,val,106.4899354237211
data/processed/rousettus/video/not_augmented/silhouette/vanilaice/r--vanilaice--VID_20250909_144641.209.jpg,vanilaice,rousettus,green,video,False,val,127.15130732010822
data/processed/rousettus/video/not_augmented/silhouette/vanilaice/r--vanilaice--VID_20250909_144641.210.jpg,vanilaice,rousettus,green,video,False,val,127.18765942447637
data/processed/rousettus/video/not_augmented/silhouette/vanilaice/r--vanilaice--VID_20250909_144641.211.jpg,vanilaice,rousettus,green,video,False,val,126.27648676618446
data/processed/rousettus/video/not_augmented/silhouette/vanilaice/r--vanilaice--VID_20250909_144641.212.jpg,vanilaice,rousettus,green,video,False,val,103.4116111093638
data/processed/rousettus/video/not_augmented/silhouette/vanilaice/r--vanilaice--VID_20250909_144641.213.jpg,vanilaice,rousettus,green,video,False,val,121.38915008964364
data/processed/rousettus/video/not_augmented/silhouette/vanilaice/r--vanilaice--VID_20250909_144641.214.jpg,vanilaice,rousettus,green,video,False,val,149.93465001242504
data/processed/rousettus/video/not_augmented/silhouette/vanilaice/r--vanilaice--VID_20250909_144641.215.jpg,vanilaice,rousettus,green,video,False,val,176.92205425383202
data/processed/rousettus/video/not_augmented/silhouette/vanilaice/r--vanilaice--VID_20250909_144641.216.jpg,vanilaice,rousettus,green,video,False,val,150.68540735614147
data/processed/rousettus/video/not_augmented/silhouette/vanilaice/r--vanilaice--VID_20250909_144641.217.jpg,vanilaice,rousettus,green,video,False,val,168.7242505360722
data/processed/rousettus/video/not_augmented/silhouette/vanilaice/r--vanilaice--VID_20250909_144641.218.jpg,vanilaice,rousettus,green,video,False,val,169.11850285559882
data/processed/rousettus/video/not_augmented/silhouette/vanilaice/r--vanilaice--VID_20250909_144641.386.jpg,vanilaice,rousettus,green,video,False,val,100.79745285077075
data/processed/rousettus/video/not_augmented/silhouette/vanilaice/r--vanilaice--VID_20250909_144641.387.jpg,vanilaice,rousettus,green,video,False,val,77.82792569994182
data/processed/rousettus/video/not_augmented/silhouette/vanilaice/r--vanilaice--VID_20250909_144641.388.jpg,vanilaice,rousettus,green,video,False,val,71.2078483065979
data/processed/rousettus/video/not_augmented/silhouette/vanilaice/r--vanilaice--VID_20250909_144641.389.jpg,vanilaice,rousettus,green,video,False,val,87.92203403204392
data/processed/rousettus/video/not_augmented/silhouette/vanilaice/r--vanilaice--VID_20250909_144641.395.jpg,vanilaice,rousettus,green,video,False,val,80.79245057239079
data/processed/rousettus/video/not_augmented/silhouette/vanilaice/r--vanilaice--VID_20250909_144641.396.jpg,vanilaice,rousettus,green,video,False,val,77.36858248760282
data/processed/rousettus/video/not_augmented/silhouette/vanilaice/r--vanilaice--VID_20250909_144641.399.jpg,vanilaice,rousettus,green,video,False,val,94.7298699394458
data/processed/rousettus/video/not_augmented/silhouette/vanilaice/r--vanilaice--VID_20250909_144641.52.jpg,vanilaice,rousettus,green,video,False,val,160.94933832749282
data/processed/rousettus/video/not_augmented/silhouette/vanilaice/r--vanilaice--VID_20250909_144641.53.jpg,vanilaice,rousettus,green,video,False,val,155.31190209823666
data/processed/rousettus/video/not_augmented/silhouette/vanilaice/r--vanilaice--VID_20250909_144641.54.jpg,vanilaice,rousettus,green,video,False,val,162.5270248152524
data/processed/rousettus/video/not_augmented/silhouette/vanilaice/r--vanilaice--VID_20250909_144641.55.jpg,vanilaice,rousettus,green,video,False,val,157.83386479591837
data/processed/rousettus/video/not_augmented/silhouette/vanilaice/r--vanilaice--VID_20250909_144641.56.jpg,vanilaice,rousettus,green,video,False,val,154.59815442904687
data/processed/rousettus/video/not_augmented/silhouette/vanilaice/r--vanilaice--VID_20250909_144641.57.jpg,vanilaice,rousettus,green,video,False,val,166.55773673440854
data/processed/rousettus/video/not_augmented/silhouette/vanilaice/r--vanilaice--VID_20250909_144641.58.jpg,vanilaice,rousettus,green,video,False,val,159.29350652182313
data/processed/rousettus/video/not_augmented/silhouette/vanilaice/r--vanilaice--VID_20250909_144641.59.jpg,vanilaice,rousettus,green,video,False,val,155.6356225984884
data/processed/rousettus/video/not_augmented/silhouette/vanilaice/r--vanilaice--VID_20250909_144641.60.jpg,vanilaice,rousettus,green,video,False,val,137.24703038567958
data/processed/rousettus/video/not_augmented/silhouette/vanilaice/r--vanilaice--VID_20250909_144641.61.jpg,vanilaice,rousettus,green,video,False,val,122.41605545927315
data/processed/rousettus/video/not_augmented/silhouette/vanilaice/r--vanilaice--VID_20250909_144641.62.jpg,vanilaice,rousettus,green,video,False,val,116.65178555540622
data/processed/rousettus/video/not_augmented/silhouette/vanilaice/r--vanilaice--VID_20250909_144641.63.jpg,vanilaice,rousettus,green,video,False,val,134.7514747943743
data/processed/rousettus/video/not_augmented/silhouette/vanilaice/r--vanilaice--VID_20250909_144641.64.jpg,vanilaice,rousettus,green,video,False,val,128.45196896719463
data/processed/rousettus/video/not_augmented/silhouette/vanilaice/r--vanilaice--VID_20250909_144641.71.jpg,vanilaice,rousettus,green,video,False,val,129.34632094985787
data/processed/rousettus/video/not_augmented/silhouette/vanilaice/r--vanilaice--VID_20250909_144641.72.jpg,vanilaice,rousettus,green,video,False,val,134.94874027479395
data/processed/rousettus/video/not_augmented/silhouette/vanilaice/r--vanilaice--VID_20250909_144641.73.jpg,vanilaice,rousettus,green,video,False,val,128.49683115076195
data/processed/rousettus/video/not_augmented/silhouette/vanilaice/r--vanilaice--VID_20250909_144641.74.jpg,vanilaice,rousettus,green,video,False,val,160.8528180608944
data/processed/rousettus/video/not_augmented/silhouette/vanilaice/r--vanilaice--VID_20250909_144641.75.jpg,vanilaice,rousettus,green,video,False,val,183.94351875657887
data/processed/rousettus/video/not_augmented/silhouette/vanilaice/r--vanilaice--VID_20250909_144641.76.jpg,vanilaice,rousettus,green,video,False,val,197.3757772318575
data/processed/rousettus/video/not_augmented/silhouette/vanilaice/r--vanilaice--VID_20250909_144641.77.jpg,vanilaice,rousettus,green,video,False,val,179.26267535723235
data/processed/rousettus/video/not_augmented/silhouette/vanilaice/r--vanilaice--VID_20250909_144641.78.jpg,vanilaice,rousettus,green,video,False,val,175.77881855867346
data/processed/rousettus/video/not_augmented/silhouette/vanilaice/r--vanilaice--VID_20250909_144641.79.jpg,vanilaice,rousettus,green,video,False,val,171.47185903070175
data/processed/rousettus/video/not_augmented/silhouette/vanilaice/r--vanilaice--VID_20250909_144641.80.jpg,vanilaice,rousettus,green,video,False,val,148.9472855353842
data/processed/rousettus/video/not_augmented/silhouette/vanilaice/r--vanilaice--VID_20250909_144641.81.jpg,vanilaice,rousettus,green,video,False,val,178.10367505742033
data/processed/rousettus/video/not_augmented/silhouette/vanilaice/r--vanilaice--VID_20250909_144641.82.jpg,vanilaice,rousettus,green,video,False,val,149.18953284438774
data/processed/rousettus/video/not_augmented/silhouette/vanilaice/r--vanilaice--VID_20250909_144641.83.jpg,vanilaice,rousettus,green,video,False,val,122.91314572068562
data/processed/rousettus/video/not_augmented/silhouette/vanilaice/r--vanilaice--VID_20250909_144641.84.jpg,vanilaice,rousettus,green,video,False,val,129.60329638675373
data/processed/rousettus/video/not_augmented/silhouette/vanilaice/r--vanilaice--VID_20250909_144641.85.jpg,vanilaice,rousettus,green,video,False,val,149.80687968148035
data/processed/rousettus/video/not_augmented/silhouette/vanilaice/r--vanilaice--VID_20250909_144641.86.jpg,vanilaice,rousettus,green,video,False,val,135.88378905257002
data/processed/rousettus/video/not_augmented/silhouette/vanilaice/r--vanilaice--VID_20250909_144641.87.jpg,vanilaice,rousettus,green,video,False,val,123.0673628429332
data/processed/rousettus/video/not_augmented/silhouette/vanilaice/r--vanilaice--VID_20250909_144641.88.jpg,vanilaice,rousettus,green,video,False,val,130.12932477638853
data/processed/rousettus/video/not_augmented/silhouette/vanilaice/r--vanilaice--VID_20250909_144641.89.jpg,vanilaice,rousettus,green,video,False,val,133.19415651168094
data/processed/rousettus/video/not_augmented/silhouette/vanilaice/r--vanilaice--VID_20250909_144641.90.jpg,vanilaice,rousettus,green,video,False,val,114.79880819157827
data/processed/rousettus/video/not_augmented/silhouette/vanilaice/r--vanilaice--VID_20250909_144641.91.jpg,vanilaice,rousettus,green,video,False,val,103.11417797832178
data/processed/rousettus/video/not_augmented/silhouette/vanilaice/r--vanilaice--VID_20250909_144641.92.jpg,vanilaice,rousettus,green,video,False,val,137.10847808976115
data/processed/rousettus/video/not_augmented/silhouette/vanilaice/r--vanilaice--VID_20250909_144641.93.jpg,vanilaice,rousettus,green,video,False,val,114.49999994280336
data/processed/rousettus/video/not_augmented/silhouette/vanilaice/r--vanilaice--VID_20250909_144641.94.jpg,vanilaice,rousettus,green,video,False,val,99.2371850984884
data/processed/rousettus/video/not_augmented/silhouette/vanilaice/r--vanilaice--VID_20250909_144641.95.jpg,vanilaice,rousettus,green,video,False,val,144.373106660966
data/processed/rousettus/video/not_augmented/silhouette/vanilaice/r--vanilaice--VID_20250909_144641.96.jpg,vanilaice,rousettus,green,video,False,val,152.15529336099175
data/processed/rousettus/video/not_augmented/silhouette/vanilaice/r--vanilaice--VID_20250909_144641.97.jpg,vanilaice,rousettus,green,video,False,val,119.41220901430472
data/processed/rousettus/video/not_augmented/silhouette/vanilaice/r--vanilaice--VID_20250909_144641.98.jpg,vanilaice,rousettus,green,video,False,val,130.84492586057218
data/processed/rousettus/video/not_augmented/silhouette/vanilaice/r--vanilaice--VID_20250909_144641.99.jpg,vanilaice,rousettus,green,video,False,val,161.1014030040279
