path,identity,species,background,source,augmented,split,quality
data/processed/rousettus/video/not_augmented/base/original_bg/arrowhead/r--arrowhead--VID_20250909_144129.1.jpg,arrowhead,rousettus,original,video,False,val,323.5392032736096
data/processed/rousettus/video/not_augmented/base/original_bg/arrowhead/r--arrowhead--VID_20250909_144129.100.jpg,arrowhead,rousettus,original,video,False,val,195.2953004876756
data/processed/rousettus/video/not_augmented/base/original_bg/arrowhead/r--arrowhead--VID_20250909_144129.105.jpg,arrowhead,rousettus,original,video,False,val,135.34380778726165
data/processed/rousettus/video/not_augmented/base/original_bg/arrowhead/r--arrowhead--VID_20250909_144129.184.jpg,arrowhead,rousettus,original,video,False,val,100.87588851425066
data/processed/rousettus/video/not_augmented/base/original_bg/arrowhead/r--arrowhead--VID_20250909_144129.188.jpg,arrowhead,rousettus,original,video,False,val,154.5266820132261
data/processed/rousettus/video/not_augmented/base/original_bg/arrowhead/r--arrowhead--VID_20250909_144129.189.jpg,arrowhead,rousettus,original,video,False,val,178.53707998864408
data/processed/rousettus/video/not_augmented/base/original_bg/arrowhead/r--arrowhead--VID_20250909_144129.190.jpg,arrowhead,rousettus,original,video,False,val,170.78323428445137
data/processed/rousettus/video/not_augmented/base/original_bg/arrowhead/r--arrowhead--VID_20250909_144129.191.jpg,arrowhead,rousettus,original,video,False,val,164.69220343752238
data/processed/rousettus/video/not_augmented/base/original_bg/arrowhead/r--arrowhead--VID_20250909_144129.192.jpg,arrowhead,rousettus,original,video,False,val,228.69475554426924
data/processed/rousettus/video/not_augmented/base/original_bg/arrowhead/r--arrowhead--VID_20250909_144129.193.jpg,arrowhead,rousettus,original,video,False,val,319.487506704398
data/processed/rousettus/video/not_augmented/base/original_bg/arrowhead/r--arrowhead--VID_20250909_144129.194.jpg,arrowhead,rousettus,original,video,False,val,204.5458853803839
data/processed/rousettus/video/not_augmented/base/original_bg/arrowhead/r--arrowhead--VID_20250909_144129.195.jpg,arrowhead,rousettus,original,video,False,val,202.0092449513935
data/processed/rousettus/video/not_augmented/base/original_bg/arrowhead/r--arrowhead--VID_20250909_144129.196.jpg,arrowhead,rousettus,original,video,False,val,231.0230021538312
data/processed/rousettus/video/not_augmented/base/original_bg/arrowhead/r--arrowhead--VID_20250909_144129.197.jpg,arrowhead,rousettus,original,video,False,val,258.01686338601826
data/processed/rousettus/video/not_augmented/base/original_bg/arrowhead/r--arrowhead--VID_20250909_144129.198.jpg,arrowhead,rousettus,original,video,False,val,380.05121418676094
data/processed/rousettus/video/not_augmented/base/original_bg/arrowhead/r--arrowhead--VID_20250909_144129.199.jpg,arrowhead,rousettus,original,video,False,val,464.97926624652393
data/processed/rousettus/video/not_augmented/base/original_bg/arrowhead/r--arrowhead--VID_20250909_144129.2.jpg,arrowhead,rousettus,original,video,False,val,210.5785205905411
data/processed/rousettus/video/not_augmented/base/original_bg/arrowhead/r--arrowhead--VID_20250909_144129.200.jpg,arrowhead,rousettus,original,video,False,val,555.1333802746316
data/processed/rousettus/video/not_augmented/base/original_bg/arrowhead/r--arrowhead--VID_20250909_144129.201.jpg,arrowhead,rousettus,original,video,False,val,674.2003127498857
data/processed/rousettus/video/not_augmented/base/original_bg/arrowhead/r--arrowhead--VID_20250909_144129.202.jpg,arrowhead,rousettus,original,video,False,val,598.919495451505
data/processed/rousettus/video/not_augmented/base/original_bg/arrowhead/r--arrowhead--VID_20250909_144129.203.jpg,arrowhead,rousettus,original,video,False,val,470.8757237657216
data/processed/rousettus/video/not_augmented/base/original_bg/arrowhead/r--arrowhead--VID_20250909_144129.204.jpg,arrowhead,rousettus,original,video,False,val,363.25113568987166
data/processed/rousettus/video/not_augmented/base/original_bg/arrowhead/r--arrowhead--VID_20250909_144129.205.jpg,arrowhead,rousettus,original,video,False,val,295.87371578955344
data/processed/rousettus/video/not_augmented/base/original_bg/arrowhead/r--arrowhead--VID_20250909_144129.206.jpg,arrowhead,rousettus,original,video,False,val,287.40766406545833
data/processed/rousettus/video/not_augmented/base/original_bg/arrowhead/r--arrowhead--VID_20250909_144129.207.jpg,arrowhead,rousettus,original,video,False,val,381.0324225292658
data/processed/rousettus/video/not_augmented/base/original_bg/arrowhead/r--arrowhead--VID_20250909_144129.208.jpg,arrowhead,rousettus,original,video,False,val,482.9374069537981
data/processed/rousettus/video/not_augmented/base/original_bg/arrowhead/r--arrowhead--VID_20250909_144129.209.jpg,arrowhead,rousettus,original,video,False,val,487.9355744310639
data/processed/rousettus/video/not_augmented/base/original_bg/arrowhead/r--arrowhead--VID_20250909_144129.210.jpg,arrowhead,rousettus,original,video,False,val,612.3651470913583
data/processed/rousettus/video/not_augmented/base/original_bg/arrowhead/r--arrowhead--VID_20250909_144129.211.jpg,arrowhead,rousettus,original,video,False,val,576.817344692537
data/processed/rousettus/video/not_augmented/base/original_bg/arrowhead/r--arrowhead--VID_20250909_144129.212.jpg,arrowhead,rousettus,original,video,False,val,486.2978417719469
data/processed/rousettus/video/not_augmented/base/original_bg/arrowhead/r--arrowhead--VID_20250909_144129.213.jpg,arrowhead,rousettus,original,video,False,val,600.5445885441791
data/processed/rousettus/video/not_augmented/base/original_bg/arrowhead/r--arrowhead--VID_20250909_144129.214.jpg,arrowhead,rousettus,original,video,False,val,679.0916847819243
data/processed/rousettus/video/not_augmented/base/original_bg/arrowhead/r--arrowhead--VID_20250909_144129.215.jpg,arrowhead,rousettus,original,video,False,val,734.9051573601231
data/processed/rousettus/video/not_augmented/base/original_bg/arrowhead/r--arrowhead--VID_20250909_144129.216.jpg,arrowhead,rousettus,original,video,False,val,665.6213639706981
data/processed/rousettus/video/not_augmented/base/original_bg/arrowhead/r--arrowhead--VID_20250909_144129.217.jpg,arrowhead,rousettus,original,video,False,val,793.7355730369756
data/processed/rousettus/video/not_augmented/base/original_bg/arrowhead/r--arrowhead--VID_20250909_144129.218.jpg,arrowhead,rousettus,original,video,False,val,397.5256110735111
data/processed/rousettus/video/not_augmented/base/original_bg/arrowhead/r--arrowhead--VID_20250909_144129.219.jpg,arrowhead,rousettus,original,video,False,val,388.4443485461786
data/processed/rousettus/video/not_augmented/base/original_bg/arrowhead/r--arrowhead--VID_20250909_144129.220.jpg,arrowhead,rousettus,original,video,False,val,259.0040728510643
data/processed/rousettus/video/not_augmented/base/original_bg/arrowhead/r--arrowhead--VID_20250909_144129.221.jpg,arrowhead,rousettus,original,video,False,val,210.24780139819825
data/processed/rousettus/video/not_augmented/base/original_bg/arrowhead/r--arrowhead--VID_20250909_144129.222.jpg,arrowhead,rousettus,original,video,False,val,353.3954002049902
data/processed/rousettus/video/not_augmented/base/original_bg/arrowhead/r--arrowhead--VID_20250909_144129.223.jpg,arrowhead,rousettus,original,video,False,val,723.1411347899622
data/processed/rousettus/video/not_augmented/base/original_bg/arrowhead/r--arrowhead--VID_20250909_144129.224.jpg,arrowhead,rousettus,original,video,False,val,597.588055599138
data/processed/rousettus/video/not_augmented/base/original_bg/arrowhead/r--arrowhead--VID_20250909_144129.225.jpg,arrowhead,rousettus,original,video,False,val,445.8596080571896
data/processed/rousettus/video/not_augmented/base/original_bg/arrowhead/r--arrowhead--VID_20250909_144129.226.jpg,arrowhead,rousettus,original,video,False,val,493.128173726442
data/processed/rousettus/video/not_augmented/base/original_bg/arrowhead/r--arrowhead--VID_20250909_144129.227.jpg,arrowhead,rousettus,original,video,False,val,339.34497904112214
data/processed/rousettus/video/not_augmented/base/original_bg/arrowhead/r--arrowhead--VID_20250909_144129.228.jpg,arrowhead,rousettus,original,video,False,val,403.4684323426436
data/processed/rousettus/video/not_augmented/base/original_bg/arrowhead/r--arrowhead--VID_20250909_144129.229.jpg,arrowhead,rousettus,original,video,False,val,612.0094319970743
data/processed/rousettus/video/not_augmented/base/original_bg/arrowhead/r--arrowhead--VID_20250909_144129.230.jpg,arrowhead,rousettus,original,video,False,val,704.0323219883198
data/processed/rousettus/video/not_augmented/base/original_bg/arrowhead/r--arrowhead--VID_20250909_144129.231.jpg,arrowhead,rousettus,original,video,False,val,556.0374404290774
data/processed/rousettus/video/not_augmented/base/original_bg/arrowhead/r--arrowhead--VID_20250909_144129.232.jpg,arrowhead,rousettus,original,video,False,val,651.0898058667673
data/processed/rousettus/video/not_augmented/base/original_bg/arrowhead/r--arrowhead--VID_20250909_144129.233.jpg,arrowhead,rousettus,original,video,False,val,605.7557810728176
data/processed/rousettus/video/not_augmented/base/original_bg/arrowhead/r--arrowhead--VID_20250909_144129.234.jpg,arrowhead,rousettus,original,video,False,val,564.7348161031683
data/processed/rousettus/video/not_augmented/base/original_bg/arrowhead/r--arrowhead--VID_20250909_144129.235.jpg,arrowhead,rousettus,original,video,False,val,668.0482127651578
data/processed/rousettus/video/not_augmented/base/original_bg/arrowhead/r--arrowhead--VID_20250909_144129.236.jpg,arrowhead,rousettus,original,video,False,val,597.6118423095697
data/processed/rousettus/video/not_augmented/base/original_bg/arrowhead/r--arrowhead--VID_20250909_144129.237.jpg,arrowhead,rousettus,original,video,False,val,501.9595314222095
data/processed/rousettus/video/not_augmented/base/original_bg/arrowhead/r--arrowhead--VID_20250909_144129.238.jpg,arrowhead,rousettus,original,video,False,val,482.5697548420217
data/processed/rousettus/video/not_augmented/base/original_bg/arrowhead/r--arrowhead--VID_20250909_144129.239.jpg,arrowhead,rousettus,original,video,False,val,362.9684260827906
data/processed/rousettus/video/not_augmented/base/original_bg/arrowhead/r--arrowhead--VID_20250909_144129.240.jpg,arrowhead,rousettus,original,video,False,val,287.1159772559138
data/processed/rousettus/video/not_augmented/base/original_bg/arrowhead/r--arrowhead--VID_20250909_144129.241.jpg,arrowhead,rousettus,original,video,False,val,235.87992238263595
data/processed/rousettus/video/not_augmented/base/original_bg/arrowhead/r--arrowhead--VID_20250909_144129.242.jpg,arrowhead,rousettus,original,video,False,val,702.6357587348019
data/processed/rousettus/video/not_augmented/base/original_bg/arrowhead/r--arrowhead--VID_20250909_144129.243.jpg,arrowhead,rousettus,original,video,False,val,565.3999418916428
data/processed/rousettus/video/not_augmented/base/original_bg/arrowhead/r--arrowhead--VID_20250909_144129.244.jpg,arrowhead,rousettus,original,video,False,val,789.1919385500125
data/processed/rousettus/video/not_augmented/base/original_bg/arrowhead/r--arrowhead--VID_20250909_144129.245.jpg,arrowhead,rousettus,original,video,False,val,418.3829439024983
data/processed/rousettus/video/not_augmented/base/original_bg/arrowhead/r--arrowhead--VID_20250909_144129.246.jpg,arrowhead,rousettus,original,video,False,val,322.49968040908
data/processed/rousettus/video/not_augmented/base/original_bg/arrowhead/r--arrowhead--VID_20250909_144129.247.jpg,arrowhead,rousettus,original,video,False,val,338.40432210347893
data/processed/rousettus/video/not_augmented/base/original_bg/arrowhead/r--arrowhead--VID_20250909_144129.248.jpg,arrowhead,rousettus,original,video,False,val,329.5984786548797
data/processed/rousettus/video/not_augmented/base/original_bg/arrowhead/r--arrowhead--VID_20250909_144129.249.jpg,arrowhead,rousettus,original,video,False,val,693.0045338368127
data/processed/rousettus/video/not_augmented/base/original_bg/arrowhead/r--arrowhead--VID_20250909_144129.250.jpg,arrowhead,rousettus,original,video,False,val,361.8030063858732
data/processed/rousettus/video/not_augmented/base/original_bg/arrowhead/r--arrowhead--VID_20250909_144129.251.jpg,arrowhead,rousettus,original,video,False,val,289.9551265701459
data/processed/rousettus/video/not_augmented/base/original_bg/arrowhead/r--arrowhead--VID_20250909_144129.252.jpg,arrowhead,rousettus,original,video,False,val,384.74550672830617
data/processed/rousettus/video/not_augmented/base/original_bg/arrowhead/r--arrowhead--VID_20250909_144129.253.jpg,arrowhead,rousettus,original,video,False,val,707.9903917892534
data/processed/rousettus/video/not_augmented/base/original_bg/arrowhead/r--arrowhead--VID_20250909_144129.254.jpg,arrowhead,rousettus,original,video,False,val,542.971684986132
data/processed/rousettus/video/not_augmented/base/original_bg/arrowhead/r--arrowhead--VID_20250909_144129.255.jpg,arrowhead,rousettus,original,video,False,val,434.0660908916303
data/processed/rousettus/video/not_augmented/base/original_bg/arrowhead/r--arrowhead--VID_20250909_144129.256.jpg,arrowhead,rousettus,original,video,False,val,1095.2073193839667
data/processed/rousettus/video/not_augmented/base/original_bg/arrowhead/r--arrowhead--VID_20250909_144129.257.jpg,arrowhead,rousettus,original,video,False,val,1181.4187418001486
data/processed/rousettus/video/not_augmented/base/original_bg/arrowhead/r--arrowhead--VID_20250909_144129.258.jpg,arrowhead,rousettus,original,video,False,val,771.1942757904804
data/processed/rousettus/video/not_augmented/base/original_bg/arrowhead/r--arrowhead--VID_20250909_144129.259.jpg,arrowhead,rousettus,original,video,False,val,513.9355597787974
data/processed/rousettus/video/not_augmented/base/original_bg/arrowhead/r--arrowhead--VID_20250909_144129.3.jpg,arrowhead,rousettus,original,video,False,val,409.4423054254636
data/processed/rousettus/video/not_augmented/base/original_bg/arrowhead/r--arrowhead--VID_20250909_144129.325.jpg,arrowhead,rousettus,original,video,False,val,711.926277303636
data/processed/rousettus/video/not_augmented/base/original_bg/arrowhead/r--arrowhead--VID_20250909_144129.326.jpg,arrowhead,rousettus,original,video,False,val,756.740168960727
data/processed/rousettus/video/not_augmented/base/original_bg/arrowhead/r--arrowhead--VID_20250909_144129.327.jpg,arrowhead,rousettus,original,video,False,val,1028.9393361733885
data/processed/rousettus/video/not_augmented/base/original_bg/arrowhead/r--arrowhead--VID_20250909_144129.328.jpg,arrowhead,rousettus,original,video,False,val,668.0316154085959
data/processed/rousettus/video/not_augmented/base/original_bg/arrowhead/r--arrowhead--VID_20250909_144129.329.jpg,arrowhead,rousettus,original,video,False,val,685.5086552601267
data/processed/rousettus/video/not_augmented/base/original_bg/arrowhead/r--arrowhead--VID_20250909_144129.330.jpg,arrowhead,rousettus,original,video,False,val,889.5665601943246
data/processed/rousettus/video/not_augmented/base/original_bg/arrowhead/r--arrowhead--VID_20250909_144129.331.jpg,arrowhead,rousettus,original,video,False,val,1245.631041945045
data/processed/rousettus/video/not_augmented/base/original_bg/arrowhead/r--arrowhead--VID_20250909_144129.363.jpg,arrowhead,rousettus,original,video,False,val,681.886423354842
data/processed/rousettus/video/not_augmented/base/original_bg/arrowhead/r--arrowhead--VID_20250909_144129.367.jpg,arrowhead,rousettus,original,video,False,val,616.8585866584922
data/processed/rousettus/video/not_augmented/base/original_bg/arrowhead/r--arrowhead--VID_20250909_144129.368.jpg,arrowhead,rousettus,original,video,False,val,878.5437584638298
data/processed/rousettus/video/not_augmented/base/original_bg/arrowhead/r--arrowhead--VID_20250909_144129.369.jpg,arrowhead,rousettus,original,video,False,val,812.5877463334008
data/processed/rousettus/video/not_augmented/base/original_bg/arrowhead/r--arrowhead--VID_20250909_144129.371.jpg,arrowhead,rousettus,original,video,False,val,338.31684104604847
data/processed/rousettus/video/not_augmented/base/original_bg/arrowhead/r--arrowhead--VID_20250909_144129.377.jpg,arrowhead,rousettus,original,video,False,val,680.4076555626239
data/processed/rousettus/video/not_augmented/base/original_bg/arrowhead/r--arrowhead--VID_20250909_144129.378.jpg,arrowhead,rousettus,original,video,False,val,712.4607613022157
data/processed/rousettus/video/not_augmented/base/original_bg/arrowhead/r--arrowhead--VID_20250909_144129.379.jpg,arrowhead,rousettus,original,video,False,val,468.1210586694021
data/processed/rousettus/video/not_augmented/base/original_bg/arrowhead/r--arrowhead--VID_20250909_144129.382.jpg,arrowhead,rousettus,original,video,False,val,421.7856771615285
data/processed/rousettus/video/not_augmented/base/original_bg/arrowhead/r--arrowhead--VID_20250909_144129.387.jpg,arrowhead,rousettus,original,video,False,val,230.0356909204949
data/processed/rousettus/video/not_augmented/base/original_bg/arrowhead/r--arrowhead--VID_20250909_144129.389.jpg,arrowhead,rousettus,original,video,False,val,546.893090244533
data/processed/rousettus/video/not_augmented/base/original_bg/arrowhead/r--arrowhead--VID_20250909_144129.390.jpg,arrowhead,rousettus,original,video,False,val,764.3832873714211
data/processed/rousettus/video/not_augmented/base/original_bg/arrowhead/r--arrowhead--VID_20250909_144129.391.jpg,arrowhead,rousettus,original,video,False,val,1143.7143754331537
data/processed/rousettus/video/not_augmented/base/original_bg/arrowhead/r--arrowhead--VID_20250909_144129.392.jpg,arrowhead,rousettus,original,video,False,val,946.8246148048664
data/processed/rousettus/video/not_augmented/base/original_bg/arrowhead/r--arrowhead--VID_20250909_144129.393.jpg,arrowhead,rousettus,original,video,False,val,785.0174306276091
data/processed/rousettus/video/not_augmented/base/original_bg/arrowhead/r--arrowhead--VID_20250909_144129.394.jpg,arrowhead,rousettus,original,video,False,val,805.6632866146465
data/processed/rousettus/video/not_augmented/base/original_bg/arrowhead/r--arrowhead--VID_20250909_144129.395.jpg,arrowhead,rousettus,original,video,False,val,796.721886148258
data/processed/rousettus/video/not_augmented/base/original_bg/arrowhead/r--arrowhead--VID_20250909_144129.396.jpg,arrowhead,rousettus,original,video,False,val,823.0116760876715
data/processed/rousettus/video/not_augmented/base/original_bg/arrowhead/r--arrowhead--VID_20250909_144129.397.jpg,arrowhead,rousettus,original,video,False,val,773.1536850963021
data/processed/rousettus/video/not_augmented/base/original_bg/arrowhead/r--arrowhead--VID_20250909_144129.398.jpg,arrowhead,rousettus,original,video,False,val,635.8004068647112
data/processed/rousettus/video/not_augmented/base/original_bg/arrowhead/r--arrowhead--VID_20250909_144129.399.jpg,arrowhead,rousettus,original,video,False,val,678.5592204327884
data/processed/rousettus/video/not_augmented/base/original_bg/arrowhead/r--arrowhead--VID_20250909_144129.400.jpg,arrowhead,rousettus,original,video,False,val,833.4572240308343
data/processed/rousettus/video/not_augmented/base/original_bg/arrowhead/r--arrowhead--VID_20250909_144129.401.jpg,arrowhead,rousettus,original,video,False,val,831.2489038484885
data/processed/rousettus/video/not_augmented/base/original_bg/arrowhead/r--arrowhead--VID_20250909_144129.402.jpg,arrowhead,rousettus,original,video,False,val,715.0818489325736
data/processed/rousettus/video/not_augmented/base/original_bg/arrowhead/r--arrowhead--VID_20250909_144129.403.jpg,arrowhead,rousettus,original,video,False,val,1169.8719665923747
data/processed/rousettus/video/not_augmented/base/original_bg/arrowhead/r--arrowhead--VID_20250909_144129.404.jpg,arrowhead,rousettus,original,video,False,val,1043.0760234179768
data/processed/rousettus/video/not_augmented/base/original_bg/arrowhead/r--arrowhead--VID_20250909_144129.405.jpg,arrowhead,rousettus,original,video,False,val,1116.0375472974004
data/processed/rousettus/video/not_augmented/base/original_bg/arrowhead/r--arrowhead--VID_20250909_144129.406.jpg,arrowhead,rousettus,original,video,False,val,1210.5637269502677
data/processed/rousettus/video/not_augmented/base/original_bg/arrowhead/r--arrowhead--VID_20250909_144129.407.jpg,arrowhead,rousettus,original,video,False,val,1130.9960285327377
data/processed/rousettus/video/not_augmented/base/original_bg/arrowhead/r--arrowhead--VID_20250909_144129.408.jpg,arrowhead,rousettus,original,video,False,val,705.4466564741695
data/processed/rousettus/video/not_augmented/base/original_bg/arrowhead/r--arrowhead--VID_20250909_144129.410.jpg,arrowhead,rousettus,original,video,False,val,436.0890363878332
data/processed/rousettus/video/not_augmented/base/original_bg/arrowhead/r--arrowhead--VID_20250909_144129.411.jpg,arrowhead,rousettus,original,video,False,val,372.40049451949545
data/processed/rousettus/video/not_augmented/base/original_bg/arrowhead/r--arrowhead--VID_20250909_144129.412.jpg,arrowhead,rousettus,original,video,False,val,421.2249029335108
data/processed/rousettus/video/not_augmented/base/original_bg/arrowhead/r--arrowhead--VID_20250909_144129.413.jpg,arrowhead,rousettus,original,video,False,val,389.3315410522658
data/processed/rousettus/video/not_augmented/base/original_bg/arrowhead/r--arrowhead--VID_20250909_144129.414.jpg,arrowhead,rousettus,original,video,False,val,571.6920850849906
data/processed/rousettus/video/not_augmented/base/original_bg/arrowhead/r--arrowhead--VID_20250909_144129.415.jpg,arrowhead,rousettus,original,video,False,val,668.8843576732352
data/processed/rousettus/video/not_augmented/base/original_bg/arrowhead/r--arrowhead--VID_20250909_144129.416.jpg,arrowhead,rousettus,original,video,False,val,690.449538160989
data/processed/rousettus/video/not_augmented/base/original_bg/arrowhead/r--arrowhead--VID_20250909_144129.417.jpg,arrowhead,rousettus,original,video,False,val,1072.251880598088
data/processed/rousettus/video/not_augmented/base/original_bg/arrowhead/r--arrowhead--VID_20250909_144129.418.jpg,arrowhead,rousettus,original,video,False,val,961.2455403853436
data/processed/rousettus/video/not_augmented/base/original_bg/arrowhead/r--arrowhead--VID_20250909_144129.419.jpg,arrowhead,rousettus,original,video,False,val,987.0262844621116
data/processed/rousettus/video/not_augmented/base/original_bg/arrowhead/r--arrowhead--VID_20250909_144129.420.jpg,arrowhead,rousettus,original,video,False,val,1202.5305255185262
data/processed/rousettus/video/not_augmented/base/original_bg/arrowhead/r--arrowhead--VID_20250909_144129.421.jpg,arrowhead,rousettus,original,video,False,val,935.1984840911012
data/processed/rousettus/video/not_augmented/base/original_bg/arrowhead/r--arrowhead--VID_20250909_144129.422.jpg,arrowhead,rousettus,original,video,False,val,771.3896394894052
data/processed/rousettus/video/not_augmented/base/original_bg/arrowhead/r--arrowhead--VID_20250909_144129.423.jpg,arrowhead,rousettus,original,video,False,val,454.9664570789741
data/processed/rousettus/video/not_augmented/base/original_bg/arrowhead/r--arrowhead--VID_20250909_144129.425.jpg,arrowhead,rousettus,original,video,False,val,495.4809862253618
data/processed/rousettus/video/not_augmented/base/original_bg/arrowhead/r--arrowhead--VID_20250909_144129.426.jpg,arrowhead,rousettus,original,video,False,val,437.0412555580981
data/processed/rousettus/video/not_augmented/base/original_bg/arrowhead/r--arrowhead--VID_20250909_144129.427.jpg,arrowhead,rousettus,original,video,False,val,506.1111396108752
data/processed/rousettus/video/not_augmented/base/original_bg/arrowhead/r--arrowhead--VID_20250909_144129.428.jpg,arrowhead,rousettus,original,video,False,val,579.5419012575733
data/processed/rousettus/video/not_augmented/base/original_bg/arrowhead/r--arrowhead--VID_20250909_144129.429.jpg,arrowhead,rousettus,original,video,False,val,619.382883264938
data/processed/rousettus/video/not_augmented/base/original_bg/arrowhead/r--arrowhead--VID_20250909_144129.430.jpg,arrowhead,rousettus,original,video,False,val,717.0429312159054
data/processed/rousettus/video/not_augmented/base/original_bg/arrowhead/r--arrowhead--VID_20250909_144129.431.jpg,arrowhead,rousettus,original,video,False,val,835.8709047401709
data/processed/rousettus/video/not_augmented/base/original_bg/arrowhead/r--arrowhead--VID_20250909_144129.432.jpg,arrowhead,rousettus,original,video,False,val,1268.077123766291
data/processed/rousettus/video/not_augmented/base/original_bg/arrowhead/r--arrowhead--VID_20250909_144129.433.jpg,arrowhead,rousettus,original,video,False,val,1216.7030116295327
data/processed/rousettus/video/not_augmented/base/original_bg/arrowhead/r--arrowhead--VID_20250909_144129.435.jpg,arrowhead,rousettus,original,video,False,val,605.9135626014795
data/processed/rousettus/video/not_augmented/base/original_bg/arrowhead/r--arrowhead--VID_20250909_144129.436.jpg,arrowhead,rousettus,original,video,False,val,615.9630370721972
data/processed/rousettus/video/not_augmented/base/original_bg/arrowhead/r--arrowhead--VID_20250909_144129.437.jpg,arrowhead,rousettus,original,video,False,val,555.4497234784579
data/processed/rousettus/video/not_augmented/base/original_bg/arrowhead/r--arrowhead--VID_20250909_144129.438.jpg,arrowhead,rousettus,original,video,False,val,525.2792781002072
data/processed/rousettus/video/not_augmented/base/original_bg/arrowhead/r--arrowhead--VID_20250909_144129.439.jpg,arrowhead,rousettus,original,video,False,val,329.19758231914926
data/processed/rousettus/video/not_augmented/base/original_bg/arrowhead/r--arrowhead--VID_20250909_144129.440.jpg,arrowhead,rousettus,original,video,False,val,270.05809679353104
data/processed/rousettus/video/not_augmented/base/original_bg/arrowhead/r--arrowhead--VID_20250909_144129.441.jpg,arrowhead,rousettus,original,video,False,val,411.8907687907316
data/processed/rousettus/video/not_augmented/base/original_bg/arrowhead/r--arrowhead--VID_20250909_144129.442.jpg,arrowhead,rousettus,original,video,False,val,497.0890661284904
data/processed/rousettus/video/not_augmented/base/original_bg/arrowhead/r--arrowhead--VID_20250909_144129.443.jpg,arrowhead,rousettus,original,video,False,val,462.1401430230893
data/processed/rousettus/video/not_augmented/base/original_bg/arrowhead/r--arrowhead--VID_20250909_144129.444.jpg,arrowhead,rousettus,original,video,False,val,342.3062005124455
data/processed/rousettus/video/not_augmented/base/original_bg/arrowhead/r--arrowhead--VID_20250909_144129.445.jpg,arrowhead,rousettus,original,video,False,val,290.6306627897956
data/processed/rousettus/video/not_augmented/base/original_bg/arrowhead/r--arrowhead--VID_20250909_144129.446.jpg,arrowhead,rousettus,original,video,False,val,360.539740013113
data/processed/rousettus/video/not_augmented/base/original_bg/arrowhead/r--arrowhead--VID_20250909_144129.447.jpg,arrowhead,rousettus,original,video,False,val,315.6617458074205
data/processed/rousettus/video/not_augmented/base/original_bg/arrowhead/r--arrowhead--VID_20250909_144129.448.jpg,arrowhead,rousettus,original,video,False,val,236.8482567240228
data/processed/rousettus/video/not_augmented/base/original_bg/arrowhead/r--arrowhead--VID_20250909_144129.449.jpg,arrowhead,rousettus,original,video,False,val,288.016389537384
data/processed/rousettus/video/not_augmented/base/original_bg/arrowhead/r--arrowhead--VID_20250909_144129.450.jpg,arrowhead,rousettus,original,video,False,val,258.33244381522894
data/processed/rousettus/video/not_augmented/base/original_bg/arrowhead/r--arrowhead--VID_20250909_144129.451.jpg,arrowhead,rousettus,original,video,False,val,276.0300432639736
data/processed/rousettus/video/not_augmented/base/original_bg/arrowhead/r--arrowhead--VID_20250909_144129.452.jpg,arrowhead,rousettus,original,video,False,val,222.4752710633157
data/processed/rousettus/video/not_augmented/base/original_bg/arrowhead/r--arrowhead--VID_20250909_144129.453.jpg,arrowhead,rousettus,original,video,False,val,212.861409369234
data/processed/rousettus/video/not_augmented/base/original_bg/arrowhead/r--arrowhead--VID_20250909_144129.454.jpg,arrowhead,rousettus,original,video,False,val,216.3632809350213
data/processed/rousettus/video/not_augmented/base/original_bg/arrowhead/r--arrowhead--VID_20250909_144129.455.jpg,arrowhead,rousettus,original,video,False,val,230.9078002001831
data/processed/rousettus/video/not_augmented/base/original_bg/arrowhead/r--arrowhead--VID_20250909_144129.456.jpg,arrowhead,rousettus,original,video,False,val,213.8542654791359
data/processed/rousettus/video/not_augmented/base/original_bg/arrowhead/r--arrowhead--VID_20250909_144129.457.jpg,arrowhead,rousettus,original,video,False,val,172.87035853025665
data/processed/rousettus/video/not_augmented/base/original_bg/arrowhead/r--arrowhead--VID_20250909_144129.458.jpg,arrowhead,rousettus,original,video,False,val,165.16231739277742
data/processed/rousettus/video/not_augmented/base/original_bg/arrowhead/r--arrowhead--VID_20250909_144129.459.jpg,arrowhead,rousettus,original,video,False,val,172.8662147406785
data/processed/rousettus/video/not_augmented/base/original_bg/arrowhead/r--arrowhead--VID_20250909_144129.460.jpg,arrowhead,rousettus,original,video,False,val,242.64068429979463
data/processed/rousettus/video/not_augmented/base/original_bg/arrowhead/r--arrowhead--VID_20250909_144129.461.jpg,arrowhead,rousettus,original,video,False,val,290.644322955375
data/processed/rousettus/video/not_augmented/base/original_bg/arrowhead/r--arrowhead--VID_20250909_144129.462.jpg,arrowhead,rousettus,original,video,False,val,214.0237262949056
data/processed/rousettus/video/not_augmented/base/original_bg/arrowhead/r--arrowhead--VID_20250909_144129.463.jpg,arrowhead,rousettus,original,video,False,val,232.37781559889737
data/processed/rousettus/video/not_augmented/base/original_bg/arrowhead/r--arrowhead--VID_20250909_144129.464.jpg,arrowhead,rousettus,original,video,False,val,199.3790739850668
data/processed/rousettus/video/not_augmented/base/original_bg/arrowhead/r--arrowhead--VID_20250909_144129.465.jpg,arrowhead,rousettus,original,video,False,val,278.73849920052777
data/processed/rousettus/video/not_augmented/base/original_bg/arrowhead/r--arrowhead--VID_20250909_144129.466.jpg,arrowhead,rousettus,original,video,False,val,258.95917493469864
data/processed/rousettus/video/not_augmented/base/original_bg/arrowhead/r--arrowhead--VID_20250909_144129.467.jpg,arrowhead,rousettus,original,video,False,val,176.73407280122376
data/processed/rousettus/video/not_augmented/base/original_bg/arrowhead/r--arrowhead--VID_20250909_144129.468.jpg,arrowhead,rousettus,original,video,False,val,219.36768647979963
data/processed/rousettus/video/not_augmented/base/original_bg/arrowhead/r--arrowhead--VID_20250909_144129.469.jpg,arrowhead,rousettus,original,video,False,val,174.44957817638485
data/processed/rousettus/video/not_augmented/base/original_bg/arrowhead/r--arrowhead--VID_20250909_144129.470.jpg,arrowhead,rousettus,original,video,False,val,199.3516208687607
data/processed/rousettus/video/not_augmented/base/original_bg/arrowhead/r--arrowhead--VID_20250909_144129.471.jpg,arrowhead,rousettus,original,video,False,val,195.34069355166687
data/processed/rousettus/video/not_augmented/base/original_bg/arrowhead/r--arrowhead--VID_20250909_144129.472.jpg,arrowhead,rousettus,original,video,False,val,234.85695858232089
data/processed/rousettus/video/not_augmented/base/original_bg/arrowhead/r--arrowhead--VID_20250909_144129.473.jpg,arrowhead,rousettus,original,video,False,val,210.3606313683995
data/processed/rousettus/video/not_augmented/base/original_bg/arrowhead/r--arrowhead--VID_20250909_144129.474.jpg,arrowhead,rousettus,original,video,False,val,192.77444310845647
data/processed/rousettus/video/not_augmented/base/original_bg/arrowhead/r--arrowhead--VID_20250909_144129.475.jpg,arrowhead,rousettus,original,video,False,val,175.56116997465796
data/processed/rousettus/video/not_augmented/base/original_bg/arrowhead/r--arrowhead--VID_20250909_144129.476.jpg,arrowhead,rousettus,original,video,False,val,159.01358600220846
data/processed/rousettus/video/not_augmented/base/original_bg/arrowhead/r--arrowhead--VID_20250909_144129.477.jpg,arrowhead,rousettus,original,video,False,val,239.775153443298
data/processed/rousettus/video/not_augmented/base/original_bg/arrowhead/r--arrowhead--VID_20250909_144129.478.jpg,arrowhead,rousettus,original,video,False,val,236.61286494593875
data/processed/rousettus/video/not_augmented/base/original_bg/arrowhead/r--arrowhead--VID_20250909_144129.479.jpg,arrowhead,rousettus,original,video,False,val,175.0992004981591
data/processed/rousettus/video/not_augmented/base/original_bg/arrowhead/r--arrowhead--VID_20250909_144129.480.jpg,arrowhead,rousettus,original,video,False,val,272.0389510615077
data/processed/rousettus/video/not_augmented/base/original_bg/arrowhead/r--arrowhead--VID_20250909_144129.481.jpg,arrowhead,rousettus,original,video,False,val,185.748010497548
data/processed/rousettus/video/not_augmented/base/original_bg/arrowhead/r--arrowhead--VID_20250909_144129.482.jpg,arrowhead,rousettus,original,video,False,val,214.7322521090557
data/processed/rousettus/video/not_augmented/base/original_bg/arrowhead/r--arrowhead--VID_20250909_144129.483.jpg,arrowhead,rousettus,original,video,False,val,249.0251843977948
data/processed/rousettus/video/not_augmented/base/original_bg/arrowhead/r--arrowhead--VID_20250909_144129.484.jpg,arrowhead,rousettus,original,video,False,val,267.2169550681601
data/processed/rousettus/video/not_augmented/base/original_bg/arrowhead/r--arrowhead--VID_20250909_144129.485.jpg,arrowhead,rousettus,original,video,False,val,294.71796468872174
data/processed/rousettus/video/not_augmented/base/original_bg/arrowhead/r--arrowhead--VID_20250909_144129.486.jpg,arrowhead,rousettus,original,video,False,val,316.16500489069296
data/processed/rousettus/video/not_augmented/base/original_bg/arrowhead/r--arrowhead--VID_20250909_144129.571.jpg,arrowhead,rousettus,original,video,False,val,641.1127209450889
data/processed/rousettus/video/not_augmented/base/original_bg/arrowhead/r--arrowhead--VID_20250909_144129.572.jpg,arrowhead,rousettus,original,video,False,val,745.3652479842224
data/processed/rousettus/video/not_augmented/base/original_bg/arrowhead/r--arrowhead--VID_20250909_144129.573.jpg,arrowhead,rousettus,original,video,False,val,518.327762702265
data/processed/rousettus/video/not_augmented/base/original_bg/arrowhead/r--arrowhead--VID_20250909_144129.574.jpg,arrowhead,rousettus,original,video,False,val,557.1117684687242
data/processed/rousettus/video/not_augmented/base/original_bg/arrowhead/r--arrowhead--VID_20250909_144129.575.jpg,arrowhead,rousettus,original,video,False,val,321.13579359098253
data/processed/rousettus/video/not_augmented/base/original_bg/arrowhead/r--arrowhead--VID_20250909_144129.90.jpg,arrowhead,rousettus,original,video,False,val,377.2191882338042
data/processed/rousettus/video/not_augmented/base/original_bg/arrowhead/r--arrowhead--VID_20250909_144129.94.jpg,arrowhead,rousettus,original,video,False,val,188.6321523361333
data/processed/rousettus/video/not_augmented/base/original_bg/arrowhead/r--arrowhead--VID_20250909_144129.95.jpg,arrowhead,rousettus,original,video,False,val,231.23602059422703
data/processed/rousettus/video/not_augmented/base/original_bg/arrowhead/r--arrowhead--VID_20250909_144129.96.jpg,arrowhead,rousettus,original,video,False,val,263.4398036259306
data/processed/rousettus/video/not_augmented/base/original_bg/arrowhead/r--arrowhead--VID_20250909_144129.97.jpg,arrowhead,rousettus,original,video,False,val,258.81910937173024
data/processed/rousettus/video/not_augmented/base/original_bg/arrowhead/r--arrowhead--VID_20250909_144129.98.jpg,arrowhead,rousettus,original,video,False,val,214.55805188464603
data/processed/rousettus/video/not_augmented/base/original_bg/arrowhead/r--arrowhead--VID_20250909_144129.99.jpg,arrowhead,rousettus,original,video,False,val,270.9209366190289
data/processed/rousettus/video/not_augmented/occl/B/charlie/r--charlie--VID_20250909_144224.207.jpg,charlie,rousettus,original,video,False,test,274.85068992692595
data/processed/rousettus/video/not_augmented/occl/B/charlie/r--charlie--VID_20250909_144224.208.jpg,charlie,rousettus,original,video,False,test,254.83167241107213
data/processed/rousettus/video/not_augmented/occl/B/charlie/r--charlie--VID_20250909_144224.209.jpg,charlie,rousettus,original,video,False,test,287.1927968652385
data/processed/rousettus/video/not_augmented/occl/B/charlie/r--charlie--VID_20250909_144224.344.jpg,charlie,rousettus,original,video,False,test,711.0101236997173
data/processed/rousettus/video/not_augmented/occl/B/charlie/r--charlie--VID_20250909_144224.345.jpg,charlie,rousettus,original,video,False,test,847.8273496484816
data/processed/rousettus/video/not_augmented/occl/B/charlie/r--charlie--VID_20250909_144224.346.jpg,charlie,rousettus,original,video,False,test,749.4132603232636
data/processed/rousettus/video/not_augmented/occl/B/charlie/r--charlie--VID_20250909_144224.347.jpg,charlie,rousettus,original,video,False,test,525.6604216737283
data/processed/rousettus/video/not_augmented/occl/B/charlie/r--charlie--VID_20250909_144224.348.jpg,charlie,rousettus,original,video,False,test,433.31187322665033
data/processed/rousettus/video/not_augmented/occl/B/charlie/r--charlie--VID_20250909_144224.351.jpg,charlie,rousettus,original,video,False,test,398.5954167665119
data/processed/rousettus/video/not_augmented/occl/B/charlie/r--charlie--VID_20250909_144224.352.jpg,charlie,rousettus,original,video,False,test,437.27452728481205
data/processed/rousettus/video/not_augmented/occl/B/charlie/r--charlie--VID_20250909_144224.353.jpg,charlie,rousettus,original,video,False,test,479.24993358677193
data/processed/rousettus/video/not_augmented/occl/B/charlie/r--charlie--VID_20250909_144224.354.jpg,charlie,rousettus,original,video,False,test,591.467151932198
data/processed/rousettus/video/not_augmented/occl/B/charlie/r--charlie--VID_20250909_144224.355.jpg,charlie,rousettus,original,video,False,test,557.3825285660133
data/processed/rousettus/video/not_augmented/occl/B/charlie/r--charlie--VID_20250909_144224.356.jpg,charlie,rousettus,original,video,False,test,433.5153325345804
data/processed/rousettus/video/not_augmented/occl/B/charlie/r--charlie--VID_20250909_144224.357.jpg,charlie,rousettus,original,video,False,test,435.6092825130541
data/processed/rousettus/video/not_augmented/occl/B/charlie/r--charlie--VID_20250909_144224.358.jpg,charlie,rousettus,original,video,False,test,486.2643369049491
data/processed/rousettus/video/not_augmented/occl/B/charlie/r--charlie--VID_20250909_144224.359.jpg,charlie,rousettus,original,video,False,test,531.281346503023
data/processed/rousettus/video/not_augmented/occl/B/charlie/r--charlie--VID_20250909_144224.360.jpg,charlie,rousettus,original,video,False,test,516.4685804529123
data/processed/rousettus/video/not_augmented/occl/B/charlie/r--charlie--VID_20250909_144224.361.jpg,charlie,rousettus,original,video,False,test,476.8843139777924
data/processed/rousettus/video/not_augmented/occl/B/charlie/r--charlie--VID_20250909_144224.362.jpg,charlie,rousettus,original,video,False,test,527.7112354368331
data/processed/rousettus/video/not_augmented/occl/B/charlie/r--charlie--VID_20250909_144224.363.jpg,charlie,rousettus,original,video,False,test,434.6302016328544
data/processed/rousettus/video/not_augmented/occl/B/charlie/r--charlie--VID_20250909_144224.365.jpg,charlie,rousettus,original,video,False,test,438.0972048526305
data/processed/rousettus/video/not_augmented/occl/B/charlie/r--charlie--VID_20250909_144224.366.jpg,charlie,rousettus,original,video,False,test,414.3861893185572
data/processed/rousettus/video/not_augmented/occl/B/charlie/r--charlie--VID_20250909_144224.367.jpg,charlie,rousettus,original,video,False,test,405.8842268514415
data/processed/rousettus/video/not_augmented/occl/B/charlie/r--charlie--VID_20250909_144224.369.jpg,charlie,rousettus,original,video,False,test,301.5150940993189
data/processed/rousettus/video/not_augmented/occl/B/charlie/r--charlie--VID_20250909_144224.370.jpg,charlie,rousettus,original,video,False,test,255.25259959941008
data/processed/rousettus/video/not_augmented/occl/B/charlie/r--charlie--VID_20250909_144224.376.jpg,charlie,rousettus,original,video,False,test,289.4352191494485
data/processed/rousettus/video/not_augmented/occl/B/charlie/r--charlie--VID_20250909_144224.378.jpg,charlie,rousettus,original,video,False,test,295.59823216760424
data/processed/rousettus/video/not_augmented/occl/B/charlie/r--charlie--VID_20250909_144224.381.jpg,charlie,rousettus,original,video,False,test,202.38891191295863
data/processed/rousettus/video/not_augmented/occl/B/charlie/r--charlie--VID_20250909_144224.384.jpg,charlie,rousettus,original,video,False,test,482.1126807044815
data/processed/rousettus/video/not_augmented/occl/B/charlie/r--charlie--VID_20250909_144224.385.jpg,charlie,rousettus,original,video,False,test,1010.022717087828
data/processed/rousettus/video/not_augmented/occl/B/charlie/r--charlie--VID_20250909_144224.386.jpg,charlie,rousettus,original,video,False,test,837.9073833761887
data/processed/rousettus/video/not_augmented/occl/B/charlie/r--charlie--VID_20250909_144224.387.jpg,charlie,rousettus,original,video,False,test,257.3112932258426
data/processed/rousettus/video/not_augmented/occl/B/charlie/r--charlie--VID_20250909_144224.388.jpg,charlie,rousettus,original,video,False,test,257.72505204511754
data/processed/rousettus/video/not_augmented/occl/B/charlie/r--charlie--VID_20250909_144224.389.jpg,charlie,rousettus,original,video,False,test,371.3853395387362
data/processed/rousettus/video/not_augmented/occl/B/charlie/r--charlie--VID_20250909_144224.50.jpg,charlie,rousettus,original,video,False,test,726.9400816011411
data/processed/rousettus/video/not_augmented/occl/B/charlie/r--charlie--VID_20250909_144224.51.jpg,charlie,rousettus,original,video,False,test,701.6347499769561
data/processed/rousettus/video/not_augmented/occl/B/charlie/r--charlie--VID_20250909_144224.52.jpg,charlie,rousettus,original,video,False,test,639.6846154597043
data/processed/rousettus/video/not_augmented/occl/B/charlie/r--charlie--VID_20250909_144224.54.jpg,charlie,rousettus,original,video,False,test,765.1865640085769
data/processed/rousettus/video/not_augmented/occl/B/charlie/r--charlie--VID_20250909_144224.55.jpg,charlie,rousettus,original,video,False,test,664.3781489015172
data/processed/rousettus/video/not_augmented/occl/B/charlie/r--charlie--VID_20250909_144224.59.jpg,charlie,rousettus,original,video,False,test,611.4460973251071
data/processed/rousettus/video/not_augmented/occl/B/charlie/r--charlie--VID_20250909_144224.60.jpg,charlie,rousettus,original,video,False,test,495.3081597987933
data/processed/rousettus/video/not_augmented/occl/B/charlie/r--charlie--VID_20250909_144224.61.jpg,charlie,rousettus,original,video,False,test,604.287951099232
data/processed/rousettus/video/not_augmented/occl/B/charlie/r--charlie--VID_20250909_144224.62.jpg,charlie,rousettus,original,video,False,test,737.4637022514929
data/processed/rousettus/video/not_augmented/occl/B/charlie/r--charlie--VID_20250909_144224.63.jpg,charlie,rousettus,original,video,False,test,883.5279661346999
data/processed/rousettus/video/not_augmented/occl/B/charlie/r--charlie--VID_20250909_144224.64.jpg,charlie,rousettus,original,video,False,test,902.9507572149446
data/processed/rousettus/video/not_augmented/occl/B/charlie/r--charlie--VID_20250909_144224.65.jpg,charlie,rousettus,original,video,False,test,931.0118549272252
data/processed/rousettus/video/not_augmented/occl/B/charlie/r--charlie--VID_20250909_144224.66.jpg,charlie,rousettus,original,video,False,test,838.998854357518
data/processed/rousettus/video/not_augmented/occl/B/charlie/r--charlie--VID_20250909_144224.67.jpg,charlie,rousettus,original,video,False,test,818.3296270835207
data/processed/rousettus/video/not_augmented/occl/B/charlie/r--charlie--VID_20250909_144224.68.jpg,charlie,rousettus,original,video,False,test,804.9985216816777
data/processed/rousettus/video/not_augmented/occl/B/charlie/r--charlie--VID_20250909_144224.69.jpg,charlie,rousettus,original,video,False,test,537.1353602665556
data/processed/rousettus/video/not_augmented/occl/B/charlie/r--charlie--VID_20250909_144224.70.jpg,charlie,rousettus,original,video,False,test,493.0314679827009
data/processed/rousettus/video/not_augmented/occl/B/charlie/r--charlie--VID_20250909_144224.71.jpg,charlie,rousettus,original,video,False,test,636.4636365258164
data/processed/rousettus/video/not_augmented/occl/B/charlie/r--charlie--VID_20250909_144224.72.jpg,charlie,rousettus,original,video,False,test,523.6570627446076
data/processed/rousettus/video/not_augmented/occl/B/charlie/r--charlie--VID_20250909_144224.73.jpg,charlie,rousettus,original,video,False,test,402.8612809596286
data/processed/rousettus/video/not_augmented/occl/B/charlie/r--charlie--VID_20250909_144224.74.jpg,charlie,rousettus,original,video,False,test,399.6107006871368
data/processed/rousettus/video/not_augmented/occl/B/charlie/r--charlie--VID_20250909_144224.75.jpg,charlie,rousettus,original,video,False,test,321.1474203596707
data/processed/rousettus/video/not_augmented/occl/B/charlie/r--charlie--VID_20250909_144224.76.jpg,charlie,rousettus,original,video,False,test,361.0767883767887
data/processed/rousettus/video/not_augmented/occl/B/charlie/r--charlie--VID_20250909_144224.77.jpg,charlie,rousettus,original,video,False,test,365.41130825997584
data/processed/rousettus/video/not_augmented/occl/B/charlie/r--charlie--VID_20250909_144224.78.jpg,charlie,rousettus,original,video,False,test,572.6741113563419
data/processed/rousettus/video/not_augmented/occl/B/charlie/r--charlie--VID_20250909_144224.79.jpg,charlie,rousettus,original,video,False,test,334.4734872975283
data/processed/rousettus/video/not_augmented/base/original_bg/gini/r--gini--VID_20250909_144437.198.jpg,gini,rousettus,original,video,False,train,811.9603338849292
data/processed/rousettus/video/not_augmented/base/original_bg/gini/r--gini--VID_20250909_144437.199.jpg,gini,rousettus,original,video,False,train,713.8958696621946
data/processed/rousettus/video/not_augmented/base/original_bg/gini/r--gini--VID_20250909_144437.200.jpg,gini,rousettus,original,video,False,train,814.247249210442
data/processed/rousettus/video/not_augmented/base/original_bg/gini/r--gini--VID_20250909_144437.201.jpg,gini,rousettus,original,video,False,train,751.1712483565344
data/processed/rousettus/video/not_augmented/base/original_bg/gini/r--gini--VID_20250909_144437.202.jpg,gini,rousettus,original,video,False,train,741.6428398313446
data/processed/rousettus/video/not_augmented/base/original_bg/gini/r--gini--VID_20250909_144437.203.jpg,gini,rousettus,original,video,False,train,708.1632165094557
data/processed/rousettus/video/not_augmented/base/original_bg/gini/r--gini--VID_20250909_144437.204.jpg,gini,rousettus,original,video,False,train,776.7090441641436
data/processed/rousettus/video/not_augmented/base/original_bg/gini/r--gini--VID_20250909_144437.205.jpg,gini,rousettus,original,video,False,train,897.7382957906539
data/processed/rousettus/video/not_augmented/base/original_bg/gini/r--gini--VID_20250909_144437.206.jpg,gini,rousettus,original,video,False,train,858.9420589330246
data/processed/rousettus/video/not_augmented/base/original_bg/gini/r--gini--VID_20250909_144437.207.jpg,gini,rousettus,original,video,False,train,742.1010014376309
data/processed/rousettus/video/not_augmented/base/original_bg/gini/r--gini--VID_20250909_144437.208.jpg,gini,rousettus,original,video,False,train,666.8152088322572
data/processed/rousettus/video/not_augmented/base/original_bg/gini/r--gini--VID_20250909_144437.209.jpg,gini,rousettus,original,video,False,train,573.9210314287935
data/processed/rousettus/video/not_augmented/base/original_bg/gini/r--gini--VID_20250909_144437.210.jpg,gini,rousettus,original,video,False,train,511.4602413340341
data/processed/rousettus/video/not_augmented/base/original_bg/gini/r--gini--VID_20250909_144437.211.jpg,gini,rousettus,original,video,False,train,467.8434683113781
data/processed/rousettus/video/not_augmented/base/original_bg/gini/r--gini--VID_20250909_144437.212.jpg,gini,rousettus,original,video,False,train,481.9214067149291
data/processed/rousettus/video/not_augmented/base/original_bg/gini/r--gini--VID_20250909_144437.213.jpg,gini,rousettus,original,video,False,train,456.33086650702217
data/processed/rousettus/video/not_augmented/base/original_bg/gini/r--gini--VID_20250909_144437.214.jpg,gini,rousettus,original,video,False,train,370.4725465579909
data/processed/rousettus/video/not_augmented/base/original_bg/gini/r--gini--VID_20250909_144437.215.jpg,gini,rousettus,original,video,False,train,331.65996573717086
data/processed/rousettus/video/not_augmented/base/original_bg/gini/r--gini--VID_20250909_144437.216.jpg,gini,rousettus,original,video,False,train,363.9660336650545
data/processed/rousettus/video/not_augmented/base/original_bg/gini/r--gini--VID_20250909_144437.217.jpg,gini,rousettus,original,video,False,train,340.00482390275454
data/processed/rousettus/video/not_augmented/base/original_bg/gini/r--gini--VID_20250909_144437.218.jpg,gini,rousettus,original,video,False,train,436.0399100713956
data/processed/rousettus/video/not_augmented/base/original_bg/gini/r--gini--VID_20250909_144437.219.jpg,gini,rousettus,original,video,False,train,474.94836704773695
data/processed/rousettus/video/not_augmented/base/original_bg/gini/r--gini--VID_20250909_144437.220.jpg,gini,rousettus,original,video,False,train,573.8199689627587
data/processed/rousettus/video/not_augmented/base/original_bg/gini/r--gini--VID_20250909_144437.221.jpg,gini,rousettus,original,video,False,train,519.6597946259143
data/processed/rousettus/video/not_augmented/base/original_bg/gini/r--gini--VID_20250909_144437.222.jpg,gini,rousettus,original,video,False,train,530.4277165928069
data/processed/rousettus/video/not_augmented/base/original_bg/gini/r--gini--VID_20250909_144437.223.jpg,gini,rousettus,original,video,False,train,574.7975323735451
data/processed/rousettus/video/not_augmented/base/original_bg/gini/r--gini--VID_20250909_144437.224.jpg,gini,rousettus,original,video,False,train,641.6890584106795
data/processed/rousettus/video/not_augmented/base/original_bg/gini/r--gini--VID_20250909_144437.225.jpg,gini,rousettus,original,video,False,train,649.6898161071084
data/processed/rousettus/video/not_augmented/base/original_bg/gini/r--gini--VID_20250909_144437.226.jpg,gini,rousettus,original,video,False,train,559.8281498928459
data/processed/rousettus/video/not_augmented/base/original_bg/gini/r--gini--VID_20250909_144437.227.jpg,gini,rousettus,original,video,False,train,473.4761783956538
data/processed/rousettus/video/not_augmented/base/original_bg/gini/r--gini--VID_20250909_144437.228.jpg,gini,rousettus,original,video,False,train,416.529227542758
data/processed/rousettus/video/not_augmented/base/original_bg/gini/r--gini--VID_20250909_144437.229.jpg,gini,rousettus,original,video,False,train,480.2725999872668
data/processed/rousettus/video/not_augmented/base/original_bg/gini/r--gini--VID_20250909_144437.230.jpg,gini,rousettus,original,video,False,train,463.28511539730914
data/processed/rousettus/video/not_augmented/base/original_bg/gini/r--gini--VID_20250909_144437.231.jpg,gini,rousettus,original,video,False,train,526.985748681462
data/processed/rousettus/video/not_augmented/base/original_bg/gini/r--gini--VID_20250909_144437.232.jpg,gini,rousettus,original,video,False,train,552.9171374093389
data/processed/rousettus/video/not_augmented/base/original_bg/gini/r--gini--VID_20250909_144437.233.jpg,gini,rousettus,original,video,False,train,645.5490002165433
data/processed/rousettus/video/not_augmented/base/original_bg/gini/r--gini--VID_20250909_144437.234.jpg,gini,rousettus,original,video,False,train,673.0607171870927
data/processed/rousettus/video/not_augmented/base/original_bg/gini/r--gini--VID_20250909_144437.235.jpg,gini,rousettus,original,video,False,train,676.9380130819458
data/processed/rousettus/video/not_augmented/base/original_bg/gini/r--gini--VID_20250909_144437.236.jpg,gini,rousettus,original,video,False,train,742.3092477835005
data/processed/rousettus/video/not_augmented/base/original_bg/gini/r--gini--VID_20250909_144437.237.jpg,gini,rousettus,original,video,False,train,556.8968698151257
data/processed/rousettus/video/not_augmented/base/original_bg/gini/r--gini--VID_20250909_144437.238.jpg,gini,rousettus,original,video,False,train,394.7907145606235
data/processed/rousettus/video/not_augmented/base/original_bg/gini/r--gini--VID_20250909_144437.239.jpg,gini,rousettus,original,video,False,train,301.8169138792007
data/processed/rousettus/video/not_augmented/base/original_bg/gini/r--gini--VID_20250909_144437.240.jpg,gini,rousettus,original,video,False,train,334.4090214927511
data/processed/rousettus/video/not_augmented/base/original_bg/gini/r--gini--VID_20250909_144437.241.jpg,gini,rousettus,original,video,False,train,590.0648305464764
data/processed/rousettus/video/not_augmented/base/original_bg/gini/r--gini--VID_20250909_144437.242.jpg,gini,rousettus,original,video,False,train,642.5013198657911
data/processed/rousettus/video/not_augmented/base/original_bg/gini/r--gini--VID_20250909_144437.243.jpg,gini,rousettus,original,video,False,train,673.299764268153
data/processed/rousettus/video/not_augmented/base/original_bg/gini/r--gini--VID_20250909_144437.244.jpg,gini,rousettus,original,video,False,train,431.5391732672263
data/processed/rousettus/video/not_augmented/base/original_bg/gini/r--gini--VID_20250909_144437.245.jpg,gini,rousettus,original,video,False,train,252.3393770124157
data/processed/rousettus/video/not_augmented/base/original_bg/gini/r--gini--VID_20250909_144437.246.jpg,gini,rousettus,original,video,False,train,143.90657820020405
data/processed/rousettus/video/not_augmented/base/original_bg/gini/r--gini--VID_20250909_144437.247.jpg,gini,rousettus,original,video,False,train,245.6115842642064
data/processed/rousettus/video/not_augmented/base/original_bg/gini/r--gini--VID_20250909_144437.248.jpg,gini,rousettus,original,video,False,train,271.6856472356177
data/processed/rousettus/video/not_augmented/base/original_bg/gini/r--gini--VID_20250909_144437.249.jpg,gini,rousettus,original,video,False,train,222.09514308382896
data/processed/rousettus/video/not_augmented/base/original_bg/gini/r--gini--VID_20250909_144437.42.jpg,gini,rousettus,original,video,False,train,305.11760538967883
data/processed/rousettus/video/not_augmented/base/original_bg/gini/r--gini--VID_20250909_144437.44.jpg,gini,rousettus,original,video,False,train,332.97848247002185
data/processed/rousettus/video/not_augmented/base/original_bg/gini/r--gini--VID_20250909_144437.45.jpg,gini,rousettus,original,video,False,train,566.9124769586566
data/processed/rousettus/video/not_augmented/base/original_bg/gini/r--gini--VID_20250909_144437.46.jpg,gini,rousettus,original,video,False,train,557.1019486086115
data/processed/rousettus/video/not_augmented/base/original_bg/gini/r--gini--VID_20250909_144437.47.jpg,gini,rousettus,original,video,False,train,568.4075884121947
data/processed/rousettus/video/not_augmented/base/original_bg/gini/r--gini--VID_20250909_144437.48.jpg,gini,rousettus,original,video,False,train,584.431548703665
data/processed/rousettus/video/not_augmented/base/original_bg/gini/r--gini--VID_20250909_144437.76.jpg,gini,rousettus,original,video,False,train,429.4760457411849
data/processed/rousettus/video/not_augmented/base/original_bg/gini/r--gini--VID_20250909_144437.77.jpg,gini,rousettus,original,video,False,train,358.8328135727545
data/processed/rousettus/video/not_augmented/base/original_bg/gini/r--gini--VID_20250909_144437.78.jpg,gini,rousettus,original,video,False,train,411.5735926360003
data/processed/rousettus/video/not_augmented/base/original_bg/gini/r--gini--VID_20250909_144437.79.jpg,gini,rousettus,original,video,False,train,307.1857886796989
data/processed/rousettus/video/not_augmented/base/original_bg/gini/r--gini--VID_20250909_144437.80.jpg,gini,rousettus,original,video,False,train,286.8405584659441
data/processed/rousettus/video/not_augmented/base/original_bg/gini/r--gini--VID_20250909_144437.81.jpg,gini,rousettus,original,video,False,train,242.38135574282032
data/processed/rousettus/video/not_augmented/base/original_bg/gini/r--gini--VID_20250909_144437.82.jpg,gini,rousettus,original,video,False,train,299.6545510679322
data/processed/rousettus/video/not_augmented/base/original_bg/gini/r--gini--VID_20250909_144437.83.jpg,gini,rousettus,original,video,False,train,210.0801615617713
data/processed/rousettus/video/not_augmented/base/original_bg/gini/r--gini--VID_20250909_144437.84.jpg,gini,rousettus,original,video,False,train,172.1724851509771
data/processed/rousettus/video/not_augmented/base/original_bg/gini/r--gini--VID_20250909_144437.85.jpg,gini,rousettus,original,video,False,train,356.5394183647031
data/processed/rousettus/video/not_augmented/base/original_bg/gini/r--gini--VID_20250909_144437.86.jpg,gini,rousettus,original,video,False,train,245.79530978887988
data/processed/rousettus/video/not_augmented/base/original_bg/gini/r--gini--VID_20250909_144437.87.jpg,gini,rousettus,original,video,False,train,144.04664366506427
data/processed/rousettus/video/not_augmented/base/original_bg/gini/r--gini--VID_20250909_144437.88.jpg,gini,rousettus,original,video,False,train,163.50987392323853
data/processed/rousettus/video/not_augmented/base/original_bg/gini/r--gini--VID_20250909_144437.89.jpg,gini,rousettus,original,video,False,train,242.2772192547889
data/processed/rousettus/video/not_augmented/base/original_bg/gini/r--gini--VID_20250909_144437.90.jpg,gini,rousettus,original,video,False,train,168.0749898733372
data/processed/rousettus/video/not_augmented/base/original_bg/gini/r--gini--VID_20250909_144437.91.jpg,gini,rousettus,original,video,False,train,130.85316520033157
data/processed/rousettus/video/not_augmented/base/original_bg/gini/r--gini--VID_20250909_144437.92.jpg,gini,rousettus,original,video,False,train,215.92968535036007
data/processed/rousettus/video/not_augmented/base/original_bg/het/r--het--VID_20250909_144055.13.jpg,het,rousettus,original,video,False,train,270.81995335244875
data/processed/rousettus/video/not_augmented/base/original_bg/het/r--het--VID_20250909_144055.14.jpg,het,rousettus,original,video,False,train,299.70372319688204
data/processed/rousettus/video/not_augmented/base/original_bg/het/r--het--VID_20250909_144055.15.jpg,het,rousettus,original,video,False,train,133.13263974990113
data/processed/rousettus/video/not_augmented/base/original_bg/het/r--het--VID_20250909_144055.16.jpg,het,rousettus,original,video,False,train,76.41053174863701
data/processed/rousettus/video/not_augmented/base/original_bg/het/r--het--VID_20250909_144055.17.jpg,het,rousettus,original,video,False,train,78.07278054359305
data/processed/rousettus/video/not_augmented/base/original_bg/het/r--het--VID_20250909_144055.18.jpg,het,rousettus,original,video,False,train,181.8671693988563
data/processed/rousettus/video/not_augmented/base/original_bg/het/r--het--VID_20250909_144055.19.jpg,het,rousettus,original,video,False,train,133.49494152990596
data/processed/rousettus/video/not_augmented/base/original_bg/het/r--het--VID_20250909_144055.20.jpg,het,rousettus,original,video,False,train,129.4583007037168
data/processed/rousettus/video/not_augmented/base/original_bg/het/r--het--VID_20250909_144055.21.jpg,het,rousettus,original,video,False,train,277.3844338782079
data/processed/rousettus/video/not_augmented/base/original_bg/het/r--het--VID_20250909_144055.22.jpg,het,rousettus,original,video,False,train,272.2721532160717
data/processed/rousettus/video/not_augmented/base/original_bg/het/r--het--VID_20250909_144055.23.jpg,het,rousettus,original,video,False,train,194.60894580763213
data/processed/rousettus/video/not_augmented/base/original_bg/het/r--het--VID_20250909_144055.24.jpg,het,rousettus,original,video,False,train,201.0220320327041
data/processed/rousettus/video/not_augmented/base/original_bg/het/r--het--VID_20250909_144055.25.jpg,het,rousettus,original,video,False,train,230.023402311364
data/processed/rousettus/video/not_augmented/base/original_bg/het/r--het--VID_20250909_144055.26.jpg,het,rousettus,original,video,False,train,185.1014153584993
data/processed/rousettus/video/not_augmented/base/original_bg/het/r--het--VID_20250909_144055.27.jpg,het,rousettus,original,video,False,train,172.73346313165163
data/processed/rousettus/video/not_augmented/base/original_bg/het/r--het--VID_20250909_144055.28.jpg,het,rousettus,original,video,False,train,152.25574390772033
data/processed/rousettus/video/not_augmented/base/original_bg/het/r--het--VID_20250909_144055.30.jpg,het,rousettus,original,video,False,train,161.0766544048114
data/processed/rousettus/video/not_augmented/base/original_bg/het/r--het--VID_20250909_144055.31.jpg,het,rousettus,original,video,False,train,286.9035644515362
data/processed/rousettus/video/not_augmented/base/original_bg/het/r--het--VID_20250909_144055.32.jpg,het,rousettus,original,video,False,train,333.2591068243196
data/processed/rousettus/video/not_augmented/base/original_bg/het/r--het--VID_20250909_144055.33.jpg,het,rousettus,original,video,False,train,332.5413221572151
data/processed/rousettus/video/not_augmented/base/original_bg/het/r--het--VID_20250909_144055.333.jpg,het,rousettus,original,video,False,train,214.5424251469013
data/processed/rousettus/video/not_augmented/base/original_bg/het/r--het--VID_20250909_144055.334.jpg,het,rousettus,original,video,False,train,254.15726630740343
data/processed/rousettus/video/not_augmented/base/original_bg/het/r--het--VID_20250909_144055.335.jpg,het,rousettus,original,video,False,train,258.0125984849656
data/processed/rousettus/video/not_augmented/base/original_bg/het/r--het--VID_20250909_144055.336.jpg,het,rousettus,original,video,False,train,341.21738846448005
data/processed/rousettus/video/not_augmented/base/original_bg/het/r--het--VID_20250909_144055.337.jpg,het,rousettus,original,video,False,train,234.48134052192404
data/processed/rousettus/video/not_augmented/base/original_bg/het/r--het--VID_20250909_144055.338.jpg,het,rousettus,original,video,False,train,182.9550173023452
data/processed/rousettus/video/not_augmented/base/original_bg/het/r--het--VID_20250909_144055.339.jpg,het,rousettus,original,video,False,train,196.05024850433043
data/processed/rousettus/video/not_augmented/base/original_bg/het/r--het--VID_20250909_144055.34.jpg,het,rousettus,original,video,False,train,436.7532073227081
data/processed/rousettus/video/not_augmented/base/original_bg/het/r--het--VID_20250909_144055.340.jpg,het,rousettus,original,video,False,train,190.20129011790488
data/processed/rousettus/video/not_augmented/base/original_bg/het/r--het--VID_20250909_144055.341.jpg,het,rousettus,original,video,False,train,208.56960970240308
data/processed/rousettus/video/not_augmented/base/original_bg/het/r--het--VID_20250909_144055.342.jpg,het,rousettus,original,video,False,train,256.1754146259758
data/processed/rousettus/video/not_augmented/base/original_bg/het/r--het--VID_20250909_144055.343.jpg,het,rousettus,original,video,False,train,179.68266012151255
data/processed/rousettus/video/not_augmented/base/original_bg/het/r--het--VID_20250909_144055.344.jpg,het,rousettus,original,video,False,train,145.23326609086018
data/processed/rousettus/video/not_augmented/base/original_bg/het/r--het--VID_20250909_144055.345.jpg,het,rousettus,original,video,False,train,196.55794350657047
data/processed/rousettus/video/not_augmented/base/original_bg/het/r--het--VID_20250909_144055.346.jpg,het,rousettus,original,video,False,train,191.23569714293188
data/processed/rousettus/video/not_augmented/base/original_bg/het/r--het--VID_20250909_144055.347.jpg,het,rousettus,original,video,False,train,173.82812290874836
data/processed/rousettus/video/not_augmented/base/original_bg/het/r--het--VID_20250909_144055.348.jpg,het,rousettus,original,video,False,train,185.71817542770808
data/processed/rousettus/video/not_augmented/base/original_bg/het/r--het--VID_20250909_144055.349.jpg,het,rousettus,original,video,False,train,202.3848158909052
data/processed/rousettus/video/not_augmented/base/original_bg/het/r--het--VID_20250909_144055.35.jpg,het,rousettus,original,video,False,train,334.6084810532614
data/processed/rousettus/video/not_augmented/base/original_bg/het/r--het--VID_20250909_144055.350.jpg,het,rousettus,original,video,False,train,186.68599272747431
data/processed/rousettus/video/not_augmented/base/original_bg/het/r--het--VID_20250909_144055.351.jpg,het,rousettus,original,video,False,train,265.61804736509566
data/processed/rousettus/video/not_augmented/base/original_bg/het/r--het--VID_20250909_144055.352.jpg,het,rousettus,original,video,False,train,246.16560202347932
data/processed/rousettus/video/not_augmented/base/original_bg/het/r--het--VID_20250909_144055.353.jpg,het,rousettus,original,video,False,train,284.3587758780419
data/processed/rousettus/video/not_augmented/base/original_bg/het/r--het--VID_20250909_144055.354.jpg,het,rousettus,original,video,False,train,296.92086675692383
data/processed/rousettus/video/not_augmented/base/original_bg/het/r--het--VID_20250909_144055.355.jpg,het,rousettus,original,video,False,train,273.83520068629787
data/processed/rousettus/video/not_augmented/base/original_bg/het/r--het--VID_20250909_144055.356.jpg,het,rousettus,original,video,False,train,259.999421397332
data/processed/rousettus/video/not_augmented/base/original_bg/het/r--het--VID_20250909_144055.357.jpg,het,rousettus,original,video,False,train,156.57788726380844
data/processed/rousettus/video/not_augmented/base/original_bg/het/r--het--VID_20250909_144055.358.jpg,het,rousettus,original,video,False,train,179.10619596062676
data/processed/rousettus/video/not_augmented/base/original_bg/het/r--het--VID_20250909_144055.359.jpg,het,rousettus,original,video,False,train,127.42017418679868
data/processed/rousettus/video/not_augmented/base/original_bg/het/r--het--VID_20250909_144055.36.jpg,het,rousettus,original,video,False,train,319.2230626125725
data/processed/rousettus/video/not_augmented/base/original_bg/het/r--het--VID_20250909_144055.360.jpg,het,rousettus,original,video,False,train,132.96458151577812
data/processed/rousettus/video/not_augmented/base/original_bg/het/r--het--VID_20250909_144055.363.jpg,het,rousettus,original,video,False,train,135.64708226881936
data/processed/rousettus/video/not_augmented/base/original_bg/het/r--het--VID_20250909_144055.364.jpg,het,rousettus,original,video,False,train,142.7939716976218
data/processed/rousettus/video/not_augmented/base/original_bg/het/r--het--VID_20250909_144055.37.jpg,het,rousettus,original,video,False,train,344.1818765658529
data/processed/rousettus/video/not_augmented/base/original_bg/het/r--het--VID_20250909_144055.38.jpg,het,rousettus,original,video,False,train,255.00740874106563
data/processed/rousettus/video/not_augmented/base/original_bg/het/r--het--VID_20250909_144055.39.jpg,het,rousettus,original,video,False,train,182.09669247412373
data/processed/rousettus/video/not_augmented/base/original_bg/het/r--het--VID_20250909_144055.40.jpg,het,rousettus,original,video,False,train,201.1480435153337
data/processed/rousettus/video/not_augmented/base/original_bg/het/r--het--VID_20250909_144055.42.jpg,het,rousettus,original,video,False,train,128.67588954069177
data/processed/rousettus/video/not_augmented/base/original_bg/het/r--het--VID_20250909_144055.43.jpg,het,rousettus,original,video,False,train,72.28361555081216
data/processed/rousettus/video/not_augmented/base/original_bg/het/r--het--VID_20250909_144055.45.jpg,het,rousettus,original,video,False,train,66.92643728260198
data/processed/rousettus/video/not_augmented/base/original_bg/het/r--het--VID_20250909_144055.47.jpg,het,rousettus,original,video,False,train,75.23844844169885
data/processed/rousettus/video/not_augmented/base/original_bg/het/r--het--VID_20250909_144055.51.jpg,het,rousettus,original,video,False,train,74.5913582007024
data/processed/rousettus/video/not_augmented/base/original_bg/itamar/r--itamar--VID_20250909_144529.14.jpg,itamar,rousettus,original,video,False,val,261.0412286883938
data/processed/rousettus/video/not_augmented/base/original_bg/itamar/r--itamar--VID_20250909_144529.148.jpg,itamar,rousettus,original,video,False,val,106.41339489103903
data/processed/rousettus/video/not_augmented/base/original_bg/itamar/r--itamar--VID_20250909_144529.15.jpg,itamar,rousettus,original,video,False,val,277.6858022035236
data/processed/rousettus/video/not_augmented/base/original_bg/itamar/r--itamar--VID_20250909_144529.151.jpg,itamar,rousettus,original,video,False,val,123.57400742593975
data/processed/rousettus/video/not_augmented/base/original_bg/itamar/r--itamar--VID_20250909_144529.152.jpg,itamar,rousettus,original,video,False,val,114.91145883287705
data/processed/rousettus/video/not_augmented/base/original_bg/itamar/r--itamar--VID_20250909_144529.153.jpg,itamar,rousettus,original,video,False,val,103.15473751145969
data/processed/rousettus/video/not_augmented/base/original_bg/itamar/r--itamar--VID_20250909_144529.16.jpg,itamar,rousettus,original,video,False,val,360.5547860811672
data/processed/rousettus/video/not_augmented/base/original_bg/itamar/r--itamar--VID_20250909_144529.160.jpg,itamar,rousettus,original,video,False,val,130.27300956119154
data/processed/rousettus/video/not_augmented/base/original_bg/itamar/r--itamar--VID_20250909_144529.161.jpg,itamar,rousettus,original,video,False,val,105.11849626050994
data/processed/rousettus/video/not_augmented/base/original_bg/itamar/r--itamar--VID_20250909_144529.162.jpg,itamar,rousettus,original,video,False,val,132.03158691951208
data/processed/rousettus/video/not_augmented/base/original_bg/itamar/r--itamar--VID_20250909_144529.163.jpg,itamar,rousettus,original,video,False,val,134.24248034037532
data/processed/rousettus/video/not_augmented/base/original_bg/itamar/r--itamar--VID_20250909_144529.164.jpg,itamar,rousettus,original,video,False,val,145.5459515123951
data/processed/rousettus/video/not_augmented/base/original_bg/itamar/r--itamar--VID_20250909_144529.165.jpg,itamar,rousettus,original,video,False,val,231.8378674059498
data/processed/rousettus/video/not_augmented/base/original_bg/itamar/r--itamar--VID_20250909_144529.166.jpg,itamar,rousettus,original,video,False,val,139.526546511239
data/processed/rousettus/video/not_augmented/base/original_bg/itamar/r--itamar--VID_20250909_144529.17.jpg,itamar,rousettus,original,video,False,val,799.331968243149
data/processed/rousettus/video/not_augmented/base/original_bg/itamar/r--itamar--VID_20250909_144529.18.jpg,itamar,rousettus,original,video,False,val,886.8261916296823
data/processed/rousettus/video/not_augmented/base/original_bg/itamar/r--itamar--VID_20250909_144529.19.jpg,itamar,rousettus,original,video,False,val,761.0388757959101
data/processed/rousettus/video/not_augmented/base/original_bg/itamar/r--itamar--VID_20250909_144529.20.jpg,itamar,rousettus,original,video,False,val,598.5130362409395
data/processed/rousettus/video/not_augmented/base/original_bg/itamar/r--itamar--VID_20250909_144529.21.jpg,itamar,rousettus,original,video,False,val,534.6356145750726
data/processed/rousettus/video/not_augmented/base/original_bg/itamar/r--itamar--VID_20250909_144529.22.jpg,itamar,rousettus,original,video,False,val,552.2287741533571
data/processed/rousettus/video/not_augmented/base/original_bg/itamar/r--itamar--VID_20250909_144529.23.jpg,itamar,rousettus,original,video,False,val,656.0409648963581
data/processed/rousettus/video/not_augmented/base/original_bg/itamar/r--itamar--VID_20250909_144529.24.jpg,itamar,rousettus,original,video,False,val,743.6571963749942
data/processed/rousettus/video/not_augmented/base/original_bg/itamar/r--itamar--VID_20250909_144529.25.jpg,itamar,rousettus,original,video,False,val,757.8901568229672
data/processed/rousettus/video/not_augmented/base/original_bg/itamar/r--itamar--VID_20250909_144529.26.jpg,itamar,rousettus,original,video,False,val,731.1740497873508
data/processed/rousettus/video/not_augmented/base/original_bg/itamar/r--itamar--VID_20250909_144529.27.jpg,itamar,rousettus,original,video,False,val,638.8010298134336
data/processed/rousettus/video/not_augmented/base/original_bg/itamar/r--itamar--VID_20250909_144529.28.jpg,itamar,rousettus,original,video,False,val,513.2598816034745
data/processed/rousettus/video/not_augmented/base/original_bg/itamar/r--itamar--VID_20250909_144529.29.jpg,itamar,rousettus,original,video,False,val,482.3153909828602
data/processed/rousettus/video/not_augmented/base/original_bg/itamar/r--itamar--VID_20250909_144529.291.jpg,itamar,rousettus,original,video,False,val,224.77002587014564
data/processed/rousettus/video/not_augmented/base/original_bg/itamar/r--itamar--VID_20250909_144529.30.jpg,itamar,rousettus,original,video,False,val,420.7223074010192
data/processed/rousettus/video/not_augmented/base/original_bg/itamar/r--itamar--VID_20250909_144529.302.jpg,itamar,rousettus,original,video,False,val,218.92296654956627
data/processed/rousettus/video/not_augmented/base/original_bg/itamar/r--itamar--VID_20250909_144529.303.jpg,itamar,rousettus,original,video,False,val,185.55352102205785
data/processed/rousettus/video/not_augmented/base/original_bg/itamar/r--itamar--VID_20250909_144529.304.jpg,itamar,rousettus,original,video,False,val,218.63301024105297
data/processed/rousettus/video/not_augmented/base/original_bg/itamar/r--itamar--VID_20250909_144529.305.jpg,itamar,rousettus,original,video,False,val,238.3070072931133
data/processed/rousettus/video/not_augmented/base/original_bg/itamar/r--itamar--VID_20250909_144529.306.jpg,itamar,rousettus,original,video,False,val,225.86066472316872
data/processed/rousettus/video/not_augmented/base/original_bg/itamar/r--itamar--VID_20250909_144529.307.jpg,itamar,rousettus,original,video,False,val,235.22361892285528
data/processed/rousettus/video/not_augmented/base/original_bg/itamar/r--itamar--VID_20250909_144529.308.jpg,itamar,rousettus,original,video,False,val,284.7464463799161
data/processed/rousettus/video/not_augmented/base/original_bg/itamar/r--itamar--VID_20250909_144529.309.jpg,itamar,rousettus,original,video,False,val,287.1735294823446
data/processed/rousettus/video/not_augmented/base/original_bg/itamar/r--itamar--VID_20250909_144529.31.jpg,itamar,rousettus,original,video,False,val,346.4829797768582
data/processed/rousettus/video/not_augmented/base/original_bg/itamar/r--itamar--VID_20250909_144529.310.jpg,itamar,rousettus,original,video,False,val,338.0927045246999
data/processed/rousettus/video/not_augmented/base/original_bg/itamar/r--itamar--VID_20250909_144529.311.jpg,itamar,rousettus,original,video,False,val,228.8175985927336
data/processed/rousettus/video/not_augmented/base/original_bg/itamar/r--itamar--VID_20250909_144529.312.jpg,itamar,rousettus,original,video,False,val,267.49498831555525
data/processed/rousettus/video/not_augmented/base/original_bg/itamar/r--itamar--VID_20250909_144529.313.jpg,itamar,rousettus,original,video,False,val,282.34885177231
data/processed/rousettus/video/not_augmented/base/original_bg/itamar/r--itamar--VID_20250909_144529.314.jpg,itamar,rousettus,original,video,False,val,244.0537265712448
data/processed/rousettus/video/not_augmented/base/original_bg/itamar/r--itamar--VID_20250909_144529.315.jpg,itamar,rousettus,original,video,False,val,330.9549673315586
data/processed/rousettus/video/not_augmented/base/original_bg/itamar/r--itamar--VID_20250909_144529.316.jpg,itamar,rousettus,original,video,False,val,262.9710608692479
data/processed/rousettus/video/not_augmented/base/original_bg/itamar/r--itamar--VID_20250909_144529.317.jpg,itamar,rousettus,original,video,False,val,300.94850667701667
data/processed/rousettus/video/not_augmented/base/original_bg/itamar/r--itamar--VID_20250909_144529.318.jpg,itamar,rousettus,original,video,False,val,228.0492265658397
data/processed/rousettus/video/not_augmented/base/original_bg/itamar/r--itamar--VID_20250909_144529.319.jpg,itamar,rousettus,original,video,False,val,226.453748805083
data/processed/rousettus/video/not_augmented/base/original_bg/itamar/r--itamar--VID_20250909_144529.32.jpg,itamar,rousettus,original,video,False,val,438.2656878332753
data/processed/rousettus/video/not_augmented/base/original_bg/itamar/r--itamar--VID_20250909_144529.320.jpg,itamar,rousettus,original,video,False,val,164.7745655600799
data/processed/rousettus/video/not_augmented/base/original_bg/itamar/r--itamar--VID_20250909_144529.321.jpg,itamar,rousettus,original,video,False,val,264.4242412625924
data/processed/rousettus/video/not_augmented/base/original_bg/itamar/r--itamar--VID_20250909_144529.322.jpg,itamar,rousettus,original,video,False,val,232.46717516038373
data/processed/rousettus/video/not_augmented/base/original_bg/itamar/r--itamar--VID_20250909_144529.323.jpg,itamar,rousettus,original,video,False,val,254.0965423901744
data/processed/rousettus/video/not_augmented/base/original_bg/itamar/r--itamar--VID_20250909_144529.324.jpg,itamar,rousettus,original,video,False,val,226.2041961176601
data/processed/rousettus/video/not_augmented/base/original_bg/itamar/r--itamar--VID_20250909_144529.325.jpg,itamar,rousettus,original,video,False,val,236.252392461428
data/processed/rousettus/video/not_augmented/base/original_bg/itamar/r--itamar--VID_20250909_144529.326.jpg,itamar,rousettus,original,video,False,val,217.45863339067847
data/processed/rousettus/video/not_augmented/base/original_bg/itamar/r--itamar--VID_20250909_144529.327.jpg,itamar,rousettus,original,video,False,val,221.6849243199016
data/processed/rousettus/video/not_augmented/base/original_bg/itamar/r--itamar--VID_20250909_144529.328.jpg,itamar,rousettus,original,video,False,val,388.86937497705776
data/processed/rousettus/video/not_augmented/base/original_bg/itamar/r--itamar--VID_20250909_144529.329.jpg,itamar,rousettus,original,video,False,val,243.63109237975945
data/processed/rousettus/video/not_augmented/base/original_bg/itamar/r--itamar--VID_20250909_144529.33.jpg,itamar,rousettus,original,video,False,val,405.4123970005524
data/processed/rousettus/video/not_augmented/base/original_bg/itamar/r--itamar--VID_20250909_144529.330.jpg,itamar,rousettus,original,video,False,val,323.66739419041846
data/processed/rousettus/video/not_augmented/base/original_bg/itamar/r--itamar--VID_20250909_144529.331.jpg,itamar,rousettus,original,video,False,val,255.63581128698343
data/processed/rousettus/video/not_augmented/base/original_bg/itamar/r--itamar--VID_20250909_144529.332.jpg,itamar,rousettus,original,video,False,val,265.8802014612645
data/processed/rousettus/video/not_augmented/base/original_bg/itamar/r--itamar--VID_20250909_144529.333.jpg,itamar,rousettus,original,video,False,val,201.5603677919635
data/processed/rousettus/video/not_augmented/base/original_bg/itamar/r--itamar--VID_20250909_144529.334.jpg,itamar,rousettus,original,video,False,val,207.84271360823928
data/processed/rousettus/video/not_augmented/base/original_bg/itamar/r--itamar--VID_20250909_144529.335.jpg,itamar,rousettus,original,video,False,val,220.3589330190224
data/processed/rousettus/video/not_augmented/base/original_bg/itamar/r--itamar--VID_20250909_144529.336.jpg,itamar,rousettus,original,video,False,val,270.8035307709052
data/processed/rousettus/video/not_augmented/base/original_bg/itamar/r--itamar--VID_20250909_144529.337.jpg,itamar,rousettus,original,video,False,val,224.94056421396684
data/processed/rousettus/video/not_augmented/base/original_bg/itamar/r--itamar--VID_20250909_144529.338.jpg,itamar,rousettus,original,video,False,val,235.40679281982267
data/processed/rousettus/video/not_augmented/base/original_bg/itamar/r--itamar--VID_20250909_144529.339.jpg,itamar,rousettus,original,video,False,val,220.62874058155856
data/processed/rousettus/video/not_augmented/base/original_bg/itamar/r--itamar--VID_20250909_144529.34.jpg,itamar,rousettus,original,video,False,val,238.62604013813976
data/processed/rousettus/video/not_augmented/base/original_bg/itamar/r--itamar--VID_20250909_144529.340.jpg,itamar,rousettus,original,video,False,val,230.12312262239976
data/processed/rousettus/video/not_augmented/base/original_bg/itamar/r--itamar--VID_20250909_144529.341.jpg,itamar,rousettus,original,video,False,val,248.87295891294275
data/processed/rousettus/video/not_augmented/base/original_bg/itamar/r--itamar--VID_20250909_144529.342.jpg,itamar,rousettus,original,video,False,val,253.85406813011812
data/processed/rousettus/video/not_augmented/base/original_bg/itamar/r--itamar--VID_20250909_144529.343.jpg,itamar,rousettus,original,video,False,val,258.4666114971569
data/processed/rousettus/video/not_augmented/base/original_bg/itamar/r--itamar--VID_20250909_144529.344.jpg,itamar,rousettus,original,video,False,val,186.259786260272
data/processed/rousettus/video/not_augmented/base/original_bg/itamar/r--itamar--VID_20250909_144529.345.jpg,itamar,rousettus,original,video,False,val,182.5459693386772
data/processed/rousettus/video/not_augmented/base/original_bg/itamar/r--itamar--VID_20250909_144529.346.jpg,itamar,rousettus,original,video,False,val,276.01130489427226
data/processed/rousettus/video/not_augmented/base/original_bg/itamar/r--itamar--VID_20250909_144529.347.jpg,itamar,rousettus,original,video,False,val,165.43863940129722
data/processed/rousettus/video/not_augmented/base/original_bg/itamar/r--itamar--VID_20250909_144529.348.jpg,itamar,rousettus,original,video,False,val,189.50354667228248
data/processed/rousettus/video/not_augmented/base/original_bg/itamar/r--itamar--VID_20250909_144529.349.jpg,itamar,rousettus,original,video,False,val,228.5725588895837
data/processed/rousettus/video/not_augmented/base/original_bg/itamar/r--itamar--VID_20250909_144529.35.jpg,itamar,rousettus,original,video,False,val,242.8465790452684
data/processed/rousettus/video/not_augmented/base/original_bg/itamar/r--itamar--VID_20250909_144529.350.jpg,itamar,rousettus,original,video,False,val,172.58315260893897
data/processed/rousettus/video/not_augmented/base/original_bg/itamar/r--itamar--VID_20250909_144529.351.jpg,itamar,rousettus,original,video,False,val,176.21423586424766
data/processed/rousettus/video/not_augmented/base/original_bg/itamar/r--itamar--VID_20250909_144529.352.jpg,itamar,rousettus,original,video,False,val,234.4222117483194
data/processed/rousettus/video/not_augmented/base/original_bg/itamar/r--itamar--VID_20250909_144529.353.jpg,itamar,rousettus,original,video,False,val,218.3204300736249
data/processed/rousettus/video/not_augmented/base/original_bg/itamar/r--itamar--VID_20250909_144529.354.jpg,itamar,rousettus,original,video,False,val,234.16633097820608
data/processed/rousettus/video/not_augmented/base/original_bg/itamar/r--itamar--VID_20250909_144529.355.jpg,itamar,rousettus,original,video,False,val,246.6732465111678
data/processed/rousettus/video/not_augmented/base/original_bg/itamar/r--itamar--VID_20250909_144529.356.jpg,itamar,rousettus,original,video,False,val,222.2267282161053
data/processed/rousettus/video/not_augmented/base/original_bg/itamar/r--itamar--VID_20250909_144529.357.jpg,itamar,rousettus,original,video,False,val,264.6139042797509
data/processed/rousettus/video/not_augmented/base/original_bg/itamar/r--itamar--VID_20250909_144529.358.jpg,itamar,rousettus,original,video,False,val,213.67660128400007
data/processed/rousettus/video/not_augmented/base/original_bg/itamar/r--itamar--VID_20250909_144529.359.jpg,itamar,rousettus,original,video,False,val,241.051359215164
data/processed/rousettus/video/not_augmented/base/original_bg/itamar/r--itamar--VID_20250909_144529.36.jpg,itamar,rousettus,original,video,False,val,199.6513858574324
data/processed/rousettus/video/not_augmented/base/original_bg/itamar/r--itamar--VID_20250909_144529.360.jpg,itamar,rousettus,original,video,False,val,251.0904586264512
data/processed/rousettus/video/not_augmented/base/original_bg/itamar/r--itamar--VID_20250909_144529.361.jpg,itamar,rousettus,original,video,False,val,320.39302962087487
data/processed/rousettus/video/not_augmented/base/original_bg/itamar/r--itamar--VID_20250909_144529.37.jpg,itamar,rousettus,original,video,False,val,191.37805581082907
data/processed/rousettus/video/not_augmented/base/original_bg/itamar/r--itamar--VID_20250909_144529.38.jpg,itamar,rousettus,original,video,False,val,243.39549086799923
data/processed/rousettus/video/not_augmented/base/original_bg/itamar/r--itamar--VID_20250909_144529.39.jpg,itamar,rousettus,original,video,False,val,736.327557544319
data/processed/rousettus/video/not_augmented/base/original_bg/itamar/r--itamar--VID_20250909_144529.40.jpg,itamar,rousettus,original,video,False,val,358.10311196774853
data/processed/rousettus/video/not_augmented/base/original_bg/itamar/r--itamar--VID_20250909_144529.41.jpg,itamar,rousettus,original,video,False,val,354.37112649030263
data/processed/rousettus/video/not_augmented/base/original_bg/itamar/r--itamar--VID_20250909_144529.42.jpg,itamar,rousettus,original,video,False,val,284.8225569238468
data/processed/rousettus/video/not_augmented/base/original_bg/jafar/r--jafar--VID_20250909_144606.1.jpg,jafar,rousettus,original,video,False,train,200.5729782183137
data/processed/rousettus/video/not_augmented/base/original_bg/jafar/r--jafar--VID_20250909_144606.10.jpg,jafar,rousettus,original,video,False,train,113.06553965595953
data/processed/rousettus/video/not_augmented/base/original_bg/jafar/r--jafar--VID_20250909_144606.11.jpg,jafar,rousettus,original,video,False,train,91.24155519089068
data/processed/rousettus/video/not_augmented/base/original_bg/jafar/r--jafar--VID_20250909_144606.116.jpg,jafar,rousettus,original,video,False,train,260.3940030836354
data/processed/rousettus/video/not_augmented/base/original_bg/jafar/r--jafar--VID_20250909_144606.117.jpg,jafar,rousettus,original,video,False,train,230.3438778118212
data/processed/rousettus/video/not_augmented/base/original_bg/jafar/r--jafar--VID_20250909_144606.12.jpg,jafar,rousettus,original,video,False,train,109.33804661887032
data/processed/rousettus/video/not_augmented/base/original_bg/jafar/r--jafar--VID_20250909_144606.13.jpg,jafar,rousettus,original,video,False,train,96.25904813621108
data/processed/rousettus/video/not_augmented/base/original_bg/jafar/r--jafar--VID_20250909_144606.14.jpg,jafar,rousettus,original,video,False,train,96.91169328224852
data/processed/rousettus/video/not_augmented/base/original_bg/jafar/r--jafar--VID_20250909_144606.143.jpg,jafar,rousettus,original,video,False,train,233.8582003830572
data/processed/rousettus/video/not_augmented/base/original_bg/jafar/r--jafar--VID_20250909_144606.144.jpg,jafar,rousettus,original,video,False,train,231.06983700537373
data/processed/rousettus/video/not_augmented/base/original_bg/jafar/r--jafar--VID_20250909_144606.145.jpg,jafar,rousettus,original,video,False,train,330.2372641060959
data/processed/rousettus/video/not_augmented/base/original_bg/jafar/r--jafar--VID_20250909_144606.146.jpg,jafar,rousettus,original,video,False,train,320.9905658469305
data/processed/rousettus/video/not_augmented/base/original_bg/jafar/r--jafar--VID_20250909_144606.147.jpg,jafar,rousettus,original,video,False,train,465.0104382573341
data/processed/rousettus/video/not_augmented/base/original_bg/jafar/r--jafar--VID_20250909_144606.148.jpg,jafar,rousettus,original,video,False,train,584.2168470233343
data/processed/rousettus/video/not_augmented/base/original_bg/jafar/r--jafar--VID_20250909_144606.149.jpg,jafar,rousettus,original,video,False,train,526.6611517600744
data/processed/rousettus/video/not_augmented/base/original_bg/jafar/r--jafar--VID_20250909_144606.15.jpg,jafar,rousettus,original,video,False,train,113.07988335419972
data/processed/rousettus/video/not_augmented/base/original_bg/jafar/r--jafar--VID_20250909_144606.150.jpg,jafar,rousettus,original,video,False,train,384.4058127635621
data/processed/rousettus/video/not_augmented/base/original_bg/jafar/r--jafar--VID_20250909_144606.151.jpg,jafar,rousettus,original,video,False,train,245.7437843217893
data/processed/rousettus/video/not_augmented/base/original_bg/jafar/r--jafar--VID_20250909_144606.152.jpg,jafar,rousettus,original,video,False,train,267.6953304275678
data/processed/rousettus/video/not_augmented/base/original_bg/jafar/r--jafar--VID_20250909_144606.153.jpg,jafar,rousettus,original,video,False,train,250.05819634783523
data/processed/rousettus/video/not_augmented/base/original_bg/jafar/r--jafar--VID_20250909_144606.154.jpg,jafar,rousettus,original,video,False,train,227.42329474699
data/processed/rousettus/video/not_augmented/base/original_bg/jafar/r--jafar--VID_20250909_144606.156.jpg,jafar,rousettus,original,video,False,train,261.3541168691913
data/processed/rousettus/video/not_augmented/base/original_bg/jafar/r--jafar--VID_20250909_144606.157.jpg,jafar,rousettus,original,video,False,train,299.5703826290227
data/processed/rousettus/video/not_augmented/base/original_bg/jafar/r--jafar--VID_20250909_144606.158.jpg,jafar,rousettus,original,video,False,train,242.86628865460864
data/processed/rousettus/video/not_augmented/base/original_bg/jafar/r--jafar--VID_20250909_144606.159.jpg,jafar,rousettus,original,video,False,train,253.8952825463648
data/processed/rousettus/video/not_augmented/base/original_bg/jafar/r--jafar--VID_20250909_144606.16.jpg,jafar,rousettus,original,video,False,train,107.51633280150746
data/processed/rousettus/video/not_augmented/base/original_bg/jafar/r--jafar--VID_20250909_144606.160.jpg,jafar,rousettus,original,video,False,train,270.7368461353885
data/processed/rousettus/video/not_augmented/base/original_bg/jafar/r--jafar--VID_20250909_144606.161.jpg,jafar,rousettus,original,video,False,train,274.2590336336885
data/processed/rousettus/video/not_augmented/base/original_bg/jafar/r--jafar--VID_20250909_144606.162.jpg,jafar,rousettus,original,video,False,train,200.3245810489265
data/processed/rousettus/video/not_augmented/base/original_bg/jafar/r--jafar--VID_20250909_144606.163.jpg,jafar,rousettus,original,video,False,train,247.56797138763835
data/processed/rousettus/video/not_augmented/base/original_bg/jafar/r--jafar--VID_20250909_144606.164.jpg,jafar,rousettus,original,video,False,train,226.50048376231925
data/processed/rousettus/video/not_augmented/base/original_bg/jafar/r--jafar--VID_20250909_144606.165.jpg,jafar,rousettus,original,video,False,train,362.57584233186674
data/processed/rousettus/video/not_augmented/base/original_bg/jafar/r--jafar--VID_20250909_144606.166.jpg,jafar,rousettus,original,video,False,train,366.2782635591468
data/processed/rousettus/video/not_augmented/base/original_bg/jafar/r--jafar--VID_20250909_144606.167.jpg,jafar,rousettus,original,video,False,train,305.587187791258
data/processed/rousettus/video/not_augmented/base/original_bg/jafar/r--jafar--VID_20250909_144606.168.jpg,jafar,rousettus,original,video,False,train,291.57359716208066
data/processed/rousettus/video/not_augmented/base/original_bg/jafar/r--jafar--VID_20250909_144606.169.jpg,jafar,rousettus,original,video,False,train,263.7808106723104
data/processed/rousettus/video/not_augmented/base/original_bg/jafar/r--jafar--VID_20250909_144606.17.jpg,jafar,rousettus,original,video,False,train,119.65268913977646
data/processed/rousettus/video/not_augmented/base/original_bg/jafar/r--jafar--VID_20250909_144606.170.jpg,jafar,rousettus,original,video,False,train,263.6739283191914
data/processed/rousettus/video/not_augmented/base/original_bg/jafar/r--jafar--VID_20250909_144606.171.jpg,jafar,rousettus,original,video,False,train,353.9918058265105
data/processed/rousettus/video/not_augmented/base/original_bg/jafar/r--jafar--VID_20250909_144606.172.jpg,jafar,rousettus,original,video,False,train,421.8771509983201
data/processed/rousettus/video/not_augmented/base/original_bg/jafar/r--jafar--VID_20250909_144606.173.jpg,jafar,rousettus,original,video,False,train,479.0812905918106
data/processed/rousettus/video/not_augmented/base/original_bg/jafar/r--jafar--VID_20250909_144606.174.jpg,jafar,rousettus,original,video,False,train,504.50467103523584
data/processed/rousettus/video/not_augmented/base/original_bg/jafar/r--jafar--VID_20250909_144606.175.jpg,jafar,rousettus,original,video,False,train,477.2573992607248
data/processed/rousettus/video/not_augmented/base/original_bg/jafar/r--jafar--VID_20250909_144606.176.jpg,jafar,rousettus,original,video,False,train,380.2884178161621
data/processed/rousettus/video/not_augmented/base/original_bg/jafar/r--jafar--VID_20250909_144606.177.jpg,jafar,rousettus,original,video,False,train,448.9126089998504
data/processed/rousettus/video/not_augmented/base/original_bg/jafar/r--jafar--VID_20250909_144606.178.jpg,jafar,rousettus,original,video,False,train,425.3137552907991
data/processed/rousettus/video/not_augmented/base/original_bg/jafar/r--jafar--VID_20250909_144606.179.jpg,jafar,rousettus,original,video,False,train,468.5248138144929
data/processed/rousettus/video/not_augmented/base/original_bg/jafar/r--jafar--VID_20250909_144606.18.jpg,jafar,rousettus,original,video,False,train,119.9344888100868
data/processed/rousettus/video/not_augmented/base/original_bg/jafar/r--jafar--VID_20250909_144606.180.jpg,jafar,rousettus,original,video,False,train,523.8803413959901
data/processed/rousettus/video/not_augmented/base/original_bg/jafar/r--jafar--VID_20250909_144606.183.jpg,jafar,rousettus,original,video,False,train,296.8953195069046
data/processed/rousettus/video/not_augmented/base/original_bg/jafar/r--jafar--VID_20250909_144606.184.jpg,jafar,rousettus,original,video,False,train,352.9338494026378
data/processed/rousettus/video/not_augmented/base/original_bg/jafar/r--jafar--VID_20250909_144606.185.jpg,jafar,rousettus,original,video,False,train,225.74878418996693
data/processed/rousettus/video/not_augmented/base/original_bg/jafar/r--jafar--VID_20250909_144606.187.jpg,jafar,rousettus,original,video,False,train,240.8905719497312
data/processed/rousettus/video/not_augmented/base/original_bg/jafar/r--jafar--VID_20250909_144606.188.jpg,jafar,rousettus,original,video,False,train,312.72850313667254
data/processed/rousettus/video/not_augmented/base/original_bg/jafar/r--jafar--VID_20250909_144606.2.jpg,jafar,rousettus,original,video,False,train,94.60840272049464
data/processed/rousettus/video/not_augmented/base/original_bg/jafar/r--jafar--VID_20250909_144606.257.jpg,jafar,rousettus,original,video,False,train,293.8016603430923
data/processed/rousettus/video/not_augmented/base/original_bg/jafar/r--jafar--VID_20250909_144606.259.jpg,jafar,rousettus,original,video,False,train,275.4348211578407
data/processed/rousettus/video/not_augmented/base/original_bg/jafar/r--jafar--VID_20250909_144606.260.jpg,jafar,rousettus,original,video,False,train,287.38445478953304
data/processed/rousettus/video/not_augmented/base/original_bg/jafar/r--jafar--VID_20250909_144606.261.jpg,jafar,rousettus,original,video,False,train,297.29430404338973
data/processed/rousettus/video/not_augmented/base/original_bg/jafar/r--jafar--VID_20250909_144606.263.jpg,jafar,rousettus,original,video,False,train,289.5671671414961
data/processed/rousettus/video/not_augmented/base/original_bg/jafar/r--jafar--VID_20250909_144606.265.jpg,jafar,rousettus,original,video,False,train,239.7897913848197
data/processed/rousettus/video/not_augmented/base/original_bg/jafar/r--jafar--VID_20250909_144606.266.jpg,jafar,rousettus,original,video,False,train,237.09789593842365
data/processed/rousettus/video/not_augmented/base/original_bg/jafar/r--jafar--VID_20250909_144606.267.jpg,jafar,rousettus,original,video,False,train,346.67365644892664
data/processed/rousettus/video/not_augmented/base/original_bg/jafar/r--jafar--VID_20250909_144606.268.jpg,jafar,rousettus,original,video,False,train,300.2484434156406
data/processed/rousettus/video/not_augmented/base/original_bg/jafar/r--jafar--VID_20250909_144606.269.jpg,jafar,rousettus,original,video,False,train,251.43822197991577
data/processed/rousettus/video/not_augmented/base/original_bg/jafar/r--jafar--VID_20250909_144606.270.jpg,jafar,rousettus,original,video,False,train,308.62692129150224
data/processed/rousettus/video/not_augmented/base/original_bg/jafar/r--jafar--VID_20250909_144606.271.jpg,jafar,rousettus,original,video,False,train,396.5667493276823
data/processed/rousettus/video/not_augmented/base/original_bg/jafar/r--jafar--VID_20250909_144606.272.jpg,jafar,rousettus,original,video,False,train,443.5260791512441
data/processed/rousettus/video/not_augmented/base/original_bg/jafar/r--jafar--VID_20250909_144606.273.jpg,jafar,rousettus,original,video,False,train,359.6318767437186
data/processed/rousettus/video/not_augmented/base/original_bg/jafar/r--jafar--VID_20250909_144606.274.jpg,jafar,rousettus,original,video,False,train,334.4323474350992
data/processed/rousettus/video/not_augmented/base/original_bg/jafar/r--jafar--VID_20250909_144606.275.jpg,jafar,rousettus,original,video,False,train,329.49269906663244
data/processed/rousettus/video/not_augmented/base/original_bg/jafar/r--jafar--VID_20250909_144606.276.jpg,jafar,rousettus,original,video,False,train,243.20388932130777
data/processed/rousettus/video/not_augmented/base/original_bg/jafar/r--jafar--VID_20250909_144606.277.jpg,jafar,rousettus,original,video,False,train,250.58597856558944
data/processed/rousettus/video/not_augmented/base/original_bg/jafar/r--jafar--VID_20250909_144606.278.jpg,jafar,rousettus,original,video,False,train,281.3508314444889
data/processed/rousettus/video/not_augmented/base/original_bg/jafar/r--jafar--VID_20250909_144606.279.jpg,jafar,rousettus,original,video,False,train,269.7707111782851
data/processed/rousettus/video/not_augmented/base/original_bg/jafar/r--jafar--VID_20250909_144606.280.jpg,jafar,rousettus,original,video,False,train,307.37258648624123
data/processed/rousettus/video/not_augmented/base/original_bg/jafar/r--jafar--VID_20250909_144606.281.jpg,jafar,rousettus,original,video,False,train,317.4689654910729
data/processed/rousettus/video/not_augmented/base/original_bg/jafar/r--jafar--VID_20250909_144606.282.jpg,jafar,rousettus,original,video,False,train,284.1746035190186
data/processed/rousettus/video/not_augmented/base/original_bg/jafar/r--jafar--VID_20250909_144606.283.jpg,jafar,rousettus,original,video,False,train,305.22014508293057
data/processed/rousettus/video/not_augmented/base/original_bg/jafar/r--jafar--VID_20250909_144606.284.jpg,jafar,rousettus,original,video,False,train,320.1744357168252
data/processed/rousettus/video/not_augmented/base/original_bg/jafar/r--jafar--VID_20250909_144606.285.jpg,jafar,rousettus,original,video,False,train,444.1472316008714
data/processed/rousettus/video/not_augmented/base/original_bg/jafar/r--jafar--VID_20250909_144606.286.jpg,jafar,rousettus,original,video,False,train,439.4017324070293
data/processed/rousettus/video/not_augmented/base/original_bg/jafar/r--jafar--VID_20250909_144606.287.jpg,jafar,rousettus,original,video,False,train,259.9355061696699
data/processed/rousettus/video/not_augmented/base/original_bg/jafar/r--jafar--VID_20250909_144606.288.jpg,jafar,rousettus,original,video,False,train,234.7847608052309
data/processed/rousettus/video/not_augmented/base/original_bg/jafar/r--jafar--VID_20250909_144606.289.jpg,jafar,rousettus,original,video,False,train,229.58123013497595
data/processed/rousettus/video/not_augmented/base/original_bg/jafar/r--jafar--VID_20250909_144606.290.jpg,jafar,rousettus,original,video,False,train,202.48436066112336
data/processed/rousettus/video/not_augmented/base/original_bg/jafar/r--jafar--VID_20250909_144606.291.jpg,jafar,rousettus,original,video,False,train,195.70013709229167
data/processed/rousettus/video/not_augmented/base/original_bg/jafar/r--jafar--VID_20250909_144606.292.jpg,jafar,rousettus,original,video,False,train,196.09846373887325
data/processed/rousettus/video/not_augmented/base/original_bg/jafar/r--jafar--VID_20250909_144606.293.jpg,jafar,rousettus,original,video,False,train,233.97707723111515
data/processed/rousettus/video/not_augmented/base/original_bg/jafar/r--jafar--VID_20250909_144606.294.jpg,jafar,rousettus,original,video,False,train,206.9966544322499
data/processed/rousettus/video/not_augmented/base/original_bg/jafar/r--jafar--VID_20250909_144606.295.jpg,jafar,rousettus,original,video,False,train,182.7160136879409
data/processed/rousettus/video/not_augmented/base/original_bg/jafar/r--jafar--VID_20250909_144606.296.jpg,jafar,rousettus,original,video,False,train,262.0087351352162
data/processed/rousettus/video/not_augmented/base/original_bg/jafar/r--jafar--VID_20250909_144606.299.jpg,jafar,rousettus,original,video,False,train,264.52732310797563
data/processed/rousettus/video/not_augmented/base/original_bg/jafar/r--jafar--VID_20250909_144606.3.jpg,jafar,rousettus,original,video,False,train,108.56041872913468
data/processed/rousettus/video/not_augmented/base/original_bg/jafar/r--jafar--VID_20250909_144606.300.jpg,jafar,rousettus,original,video,False,train,222.36435854171827
data/processed/rousettus/video/not_augmented/base/original_bg/jafar/r--jafar--VID_20250909_144606.301.jpg,jafar,rousettus,original,video,False,train,320.2978899080721
data/processed/rousettus/video/not_augmented/base/original_bg/jafar/r--jafar--VID_20250909_144606.304.jpg,jafar,rousettus,original,video,False,train,191.1190646917112
data/processed/rousettus/video/not_augmented/base/original_bg/jafar/r--jafar--VID_20250909_144606.4.jpg,jafar,rousettus,original,video,False,train,156.71713380404483
data/processed/rousettus/video/not_augmented/base/original_bg/jafar/r--jafar--VID_20250909_144606.5.jpg,jafar,rousettus,original,video,False,train,139.40913944609807
data/processed/rousettus/video/not_augmented/base/original_bg/jafar/r--jafar--VID_20250909_144606.58.jpg,jafar,rousettus,original,video,False,train,172.7594666768987
data/processed/rousettus/video/not_augmented/base/original_bg/jafar/r--jafar--VID_20250909_144606.59.jpg,jafar,rousettus,original,video,False,train,168.1586159686653
data/processed/rousettus/video/not_augmented/base/original_bg/jafar/r--jafar--VID_20250909_144606.60.jpg,jafar,rousettus,original,video,False,train,250.74542126979296
data/processed/rousettus/video/not_augmented/base/original_bg/jafar/r--jafar--VID_20250909_144606.61.jpg,jafar,rousettus,original,video,False,train,305.87973860669564
data/processed/rousettus/video/not_augmented/base/original_bg/jafar/r--jafar--VID_20250909_144606.62.jpg,jafar,rousettus,original,video,False,train,196.8552159246232
data/processed/rousettus/video/not_augmented/base/original_bg/jafar/r--jafar--VID_20250909_144606.63.jpg,jafar,rousettus,original,video,False,train,218.2454697157333
data/processed/rousettus/video/not_augmented/base/original_bg/jafar/r--jafar--VID_20250909_144606.64.jpg,jafar,rousettus,original,video,False,train,172.91290026294942
data/processed/rousettus/video/not_augmented/base/original_bg/jafar/r--jafar--VID_20250909_144606.68.jpg,jafar,rousettus,original,video,False,train,197.59244874456132
data/processed/rousettus/video/not_augmented/base/original_bg/jafar/r--jafar--VID_20250909_144606.7.jpg,jafar,rousettus,original,video,False,train,163.4119538188428
data/processed/rousettus/video/not_augmented/base/original_bg/jafar/r--jafar--VID_20250909_144606.70.jpg,jafar,rousettus,original,video,False,train,282.8994542272426
data/processed/rousettus/video/not_augmented/base/original_bg/jafar/r--jafar--VID_20250909_144606.71.jpg,jafar,rousettus,original,video,False,train,269.9906679949429
data/processed/rousettus/video/not_augmented/base/original_bg/jafar/r--jafar--VID_20250909_144606.72.jpg,jafar,rousettus,original,video,False,train,202.5535711135928
data/processed/rousettus/video/not_augmented/base/original_bg/jafar/r--jafar--VID_20250909_144606.8.jpg,jafar,rousettus,original,video,False,train,131.28479839255044
data/processed/rousettus/video/not_augmented/base/original_bg/jafar/r--jafar--VID_20250909_144606.9.jpg,jafar,rousettus,original,video,False,train,131.5443826871631
data/processed/rousettus/video/not_augmented/base/original_bg/larry/r--larry--VID_20250909_144351.165.jpg,larry,rousettus,original,video,False,train,89.78057113958867
data/processed/rousettus/video/not_augmented/base/original_bg/larry/r--larry--VID_20250909_144351.168.jpg,larry,rousettus,original,video,False,train,164.6857707743742
data/processed/rousettus/video/not_augmented/base/original_bg/larry/r--larry--VID_20250909_144351.171.jpg,larry,rousettus,original,video,False,train,78.07651310650222
data/processed/rousettus/video/not_augmented/base/original_bg/larry/r--larry--VID_20250909_144351.172.jpg,larry,rousettus,original,video,False,train,137.25706770736838
data/processed/rousettus/video/not_augmented/base/original_bg/larry/r--larry--VID_20250909_144351.173.jpg,larry,rousettus,original,video,False,train,135.0905640712136
data/processed/rousettus/video/not_augmented/base/original_bg/larry/r--larry--VID_20250909_144351.174.jpg,larry,rousettus,original,video,False,train,136.14228814922237
data/processed/rousettus/video/not_augmented/base/original_bg/larry/r--larry--VID_20250909_144351.175.jpg,larry,rousettus,original,video,False,train,155.3877687021277
data/processed/rousettus/video/not_augmented/base/original_bg/larry/r--larry--VID_20250909_144351.176.jpg,larry,rousettus,original,video,False,train,150.47631510552245
data/processed/rousettus/video/not_augmented/base/original_bg/larry/r--larry--VID_20250909_144351.177.jpg,larry,rousettus,original,video,False,train,209.23304333382973
data/processed/rousettus/video/not_augmented/base/original_bg/larry/r--larry--VID_20250909_144351.178.jpg,larry,rousettus,original,video,False,train,220.2871764122273
data/processed/rousettus/video/not_augmented/base/original_bg/larry/r--larry--VID_20250909_144351.179.jpg,larry,rousettus,original,video,False,train,187.99311973988043
data/processed/rousettus/video/not_augmented/base/original_bg/larry/r--larry--VID_20250909_144351.180.jpg,larry,rousettus,original,video,False,train,215.42912167918928
data/processed/rousettus/video/not_augmented/base/original_bg/larry/r--larry--VID_20250909_144351.181.jpg,larry,rousettus,original,video,False,train,251.20830308015724
data/processed/rousettus/video/not_augmented/base/original_bg/larry/r--larry--VID_20250909_144351.182.jpg,larry,rousettus,original,video,False,train,190.3986616964789
data/processed/rousettus/video/not_augmented/base/original_bg/larry/r--larry--VID_20250909_144351.183.jpg,larry,rousettus,original,video,False,train,126.63009626038222
data/processed/rousettus/video/not_augmented/base/original_bg/larry/r--larry--VID_20250909_144351.189.jpg,larry,rousettus,original,video,False,train,136.35369559696744
data/processed/rousettus/video/not_augmented/base/original_bg/larry/r--larry--VID_20250909_144351.191.jpg,larry,rousettus,original,video,False,train,136.3808902977209
data/processed/rousettus/video/not_augmented/base/original_bg/larry/r--larry--VID_20250909_144351.247.jpg,larry,rousettus,original,video,False,train,152.32461129323187
data/processed/rousettus/video/not_augmented/base/original_bg/larry/r--larry--VID_20250909_144351.248.jpg,larry,rousettus,original,video,False,train,161.60566800874952
data/processed/rousettus/video/not_augmented/base/original_bg/larry/r--larry--VID_20250909_144351.250.jpg,larry,rousettus,original,video,False,train,119.06162285794817
data/processed/rousettus/video/not_augmented/base/original_bg/larry/r--larry--VID_20250909_144351.251.jpg,larry,rousettus,original,video,False,train,113.83989578622024
data/processed/rousettus/video/not_augmented/base/original_bg/larry/r--larry--VID_20250909_144351.252.jpg,larry,rousettus,original,video,False,train,111.17839413809313
data/processed/rousettus/video/not_augmented/base/original_bg/larry/r--larry--VID_20250909_144351.254.jpg,larry,rousettus,original,video,False,train,165.11551196294147
data/processed/rousettus/video/not_augmented/base/original_bg/larry/r--larry--VID_20250909_144351.255.jpg,larry,rousettus,original,video,False,train,139.94447762625558
data/processed/rousettus/video/not_augmented/base/original_bg/larry/r--larry--VID_20250909_144351.256.jpg,larry,rousettus,original,video,False,train,186.6304186797549
data/processed/rousettus/video/not_augmented/base/original_bg/larry/r--larry--VID_20250909_144351.257.jpg,larry,rousettus,original,video,False,train,171.38565139063493
data/processed/rousettus/video/not_augmented/base/original_bg/larry/r--larry--VID_20250909_144351.258.jpg,larry,rousettus,original,video,False,train,81.05509061189753
data/processed/rousettus/video/not_augmented/base/original_bg/larry/r--larry--VID_20250909_144351.259.jpg,larry,rousettus,original,video,False,train,100.14923161797005
data/processed/rousettus/video/not_augmented/base/original_bg/larry/r--larry--VID_20250909_144351.260.jpg,larry,rousettus,original,video,False,train,105.87405253429802
data/processed/rousettus/video/not_augmented/base/original_bg/larry/r--larry--VID_20250909_144351.261.jpg,larry,rousettus,original,video,False,train,103.54696774393358
data/processed/rousettus/video/not_augmented/base/original_bg/larry/r--larry--VID_20250909_144351.262.jpg,larry,rousettus,original,video,False,train,114.05097137158836
data/processed/rousettus/video/not_augmented/base/original_bg/larry/r--larry--VID_20250909_144351.263.jpg,larry,rousettus,original,video,False,train,124.520346554554
data/processed/rousettus/video/not_augmented/base/original_bg/larry/r--larry--VID_20250909_144351.264.jpg,larry,rousettus,original,video,False,train,130.26363183696387
data/processed/rousettus/video/not_augmented/base/original_bg/larry/r--larry--VID_20250909_144351.265.jpg,larry,rousettus,original,video,False,train,100.85899032368752
data/processed/rousettus/video/not_augmented/base/original_bg/larry/r--larry--VID_20250909_144351.266.jpg,larry,rousettus,original,video,False,train,127.02864874188774
data/processed/rousettus/video/not_augmented/base/original_bg/larry/r--larry--VID_20250909_144351.85.jpg,larry,rousettus,original,video,False,train,343.38225719979386
data/processed/rousettus/video/not_augmented/base/original_bg/larry/r--larry--VID_20250909_144351.86.jpg,larry,rousettus,original,video,False,train,255.3381570834311
data/processed/rousettus/video/not_augmented/base/original_bg/larry/r--larry--VID_20250909_144351.87.jpg,larry,rousettus,original,video,False,train,181.40003161924872
data/processed/rousettus/video/not_augmented/base/original_bg/larry/r--larry--VID_20250909_144351.88.jpg,larry,rousettus,original,video,False,train,126.0094426149927
data/processed/rousettus/video/not_augmented/base/original_bg/larry/r--larry--VID_20250909_144351.89.jpg,larry,rousettus,original,video,False,train,261.0545865602664
data/processed/rousettus/video/not_augmented/base/original_bg/larry/r--larry--VID_20250909_144351.90.jpg,larry,rousettus,original,video,False,train,486.7911096495025
data/processed/rousettus/video/not_augmented/base/original_bg/larry/r--larry--VID_20250909_144351.91.jpg,larry,rousettus,original,video,False,train,214.73014984702823
data/processed/rousettus/video/not_augmented/base/original_bg/newton/r--newton--VID_20250909_143734.10.jpg,newton,rousettus,original,video,False,train,109.51303285998335
data/processed/rousettus/video/not_augmented/base/original_bg/newton/r--newton--VID_20250909_143734.11.jpg,newton,rousettus,original,video,False,train,146.39745211928943
data/processed/rousettus/video/not_augmented/base/original_bg/newton/r--newton--VID_20250909_143734.121.jpg,newton,rousettus,original,video,False,train,388.12593634532726
data/processed/rousettus/video/not_augmented/base/original_bg/newton/r--newton--VID_20250909_143734.122.jpg,newton,rousettus,original,video,False,train,276.4883575213049
data/processed/rousettus/video/not_augmented/base/original_bg/newton/r--newton--VID_20250909_143734.123.jpg,newton,rousettus,original,video,False,train,175.51385028994812
data/processed/rousettus/video/not_augmented/base/original_bg/newton/r--newton--VID_20250909_143734.131.jpg,newton,rousettus,original,video,False,train,239.2311968948384
data/processed/rousettus/video/not_augmented/base/original_bg/newton/r--newton--VID_20250909_143734.132.jpg,newton,rousettus,original,video,False,train,227.0358807052587
data/processed/rousettus/video/not_augmented/base/original_bg/newton/r--newton--VID_20250909_143734.133.jpg,newton,rousettus,original,video,False,train,254.7769403163715
data/processed/rousettus/video/not_augmented/base/original_bg/newton/r--newton--VID_20250909_143734.134.jpg,newton,rousettus,original,video,False,train,307.41535692918006
data/processed/rousettus/video/not_augmented/base/original_bg/newton/r--newton--VID_20250909_143734.137.jpg,newton,rousettus,original,video,False,train,412.3120403679049
data/processed/rousettus/video/not_augmented/base/original_bg/newton/r--newton--VID_20250909_143734.138.jpg,newton,rousettus,original,video,False,train,239.6134686384634
data/processed/rousettus/video/not_augmented/base/original_bg/newton/r--newton--VID_20250909_143734.142.jpg,newton,rousettus,original,video,False,train,313.59885198361974
data/processed/rousettus/video/not_augmented/base/original_bg/newton/r--newton--VID_20250909_143734.143.jpg,newton,rousettus,original,video,False,train,164.55467061706509
data/processed/rousettus/video/not_augmented/base/original_bg/newton/r--newton--VID_20250909_143734.144.jpg,newton,rousettus,original,video,False,train,187.0453596182636
data/processed/rousettus/video/not_augmented/base/original_bg/newton/r--newton--VID_20250909_143734.145.jpg,newton,rousettus,original,video,False,train,194.653090203717
data/processed/rousettus/video/not_augmented/base/original_bg/newton/r--newton--VID_20250909_143734.146.jpg,newton,rousettus,original,video,False,train,140.46797791544174
data/processed/rousettus/video/not_augmented/base/original_bg/newton/r--newton--VID_20250909_143734.147.jpg,newton,rousettus,original,video,False,train,126.2570917108862
data/processed/rousettus/video/not_augmented/base/original_bg/newton/r--newton--VID_20250909_143734.148.jpg,newton,rousettus,original,video,False,train,128.12713778113286
data/processed/rousettus/video/not_augmented/base/original_bg/newton/r--newton--VID_20250909_143734.149.jpg,newton,rousettus,original,video,False,train,101.07481463995144
data/processed/rousettus/video/not_augmented/base/original_bg/newton/r--newton--VID_20250909_143734.150.jpg,newton,rousettus,original,video,False,train,152.59541306024985
data/processed/rousettus/video/not_augmented/base/original_bg/newton/r--newton--VID_20250909_143734.155.jpg,newton,rousettus,original,video,False,train,262.6795643965734
data/processed/rousettus/video/not_augmented/base/original_bg/newton/r--newton--VID_20250909_143734.156.jpg,newton,rousettus,original,video,False,train,142.1039666760122
data/processed/rousettus/video/not_augmented/base/original_bg/newton/r--newton--VID_20250909_143734.157.jpg,newton,rousettus,original,video,False,train,135.34200764099592
data/processed/rousettus/video/not_augmented/base/original_bg/newton/r--newton--VID_20250909_143734.158.jpg,newton,rousettus,original,video,False,train,122.26754984404832
data/processed/rousettus/video/not_augmented/base/original_bg/newton/r--newton--VID_20250909_143734.159.jpg,newton,rousettus,original,video,False,train,138.52310920248226
data/processed/rousettus/video/not_augmented/base/original_bg/newton/r--newton--VID_20250909_143734.160.jpg,newton,rousettus,original,video,False,train,207.0403038193315
data/processed/rousettus/video/not_augmented/base/original_bg/newton/r--newton--VID_20250909_143734.162.jpg,newton,rousettus,original,video,False,train,197.1705360380822
data/processed/rousettus/video/not_augmented/base/original_bg/newton/r--newton--VID_20250909_143734.163.jpg,newton,rousettus,original,video,False,train,152.05398208605453
data/processed/rousettus/video/not_augmented/base/original_bg/newton/r--newton--VID_20250909_143734.164.jpg,newton,rousettus,original,video,False,train,147.12258877410636
data/processed/rousettus/video/not_augmented/base/original_bg/newton/r--newton--VID_20250909_143734.165.jpg,newton,rousettus,original,video,False,train,205.2390276262632
data/processed/rousettus/video/not_augmented/base/original_bg/newton/r--newton--VID_20250909_143734.166.jpg,newton,rousettus,original,video,False,train,187.07280871174035
data/processed/rousettus/video/not_augmented/base/original_bg/newton/r--newton--VID_20250909_143734.167.jpg,newton,rousettus,original,video,False,train,181.79772924711588
data/processed/rousettus/video/not_augmented/base/original_bg/newton/r--newton--VID_20250909_143734.168.jpg,newton,rousettus,original,video,False,train,275.20713394614666
data/processed/rousettus/video/not_augmented/base/original_bg/newton/r--newton--VID_20250909_143734.169.jpg,newton,rousettus,original,video,False,train,249.3456184231505
data/processed/rousettus/video/not_augmented/base/original_bg/newton/r--newton--VID_20250909_143734.170.jpg,newton,rousettus,original,video,False,train,280.1171301508486
data/processed/rousettus/video/not_augmented/base/original_bg/newton/r--newton--VID_20250909_143734.171.jpg,newton,rousettus,original,video,False,train,349.90483124362385
data/processed/rousettus/video/not_augmented/base/original_bg/newton/r--newton--VID_20250909_143734.172.jpg,newton,rousettus,original,video,False,train,342.1748522862153
data/processed/rousettus/video/not_augmented/base/original_bg/newton/r--newton--VID_20250909_143734.173.jpg,newton,rousettus,original,video,False,train,329.98640053871026
data/processed/rousettus/video/not_augmented/base/original_bg/newton/r--newton--VID_20250909_143734.174.jpg,newton,rousettus,original,video,False,train,238.7737610482117
data/processed/rousettus/video/not_augmented/base/original_bg/newton/r--newton--VID_20250909_143734.175.jpg,newton,rousettus,original,video,False,train,284.68591324958345
data/processed/rousettus/video/not_augmented/base/original_bg/newton/r--newton--VID_20250909_143734.176.jpg,newton,rousettus,original,video,False,train,335.5363387962224
data/processed/rousettus/video/not_augmented/base/original_bg/newton/r--newton--VID_20250909_143734.177.jpg,newton,rousettus,original,video,False,train,359.24668340273865
data/processed/rousettus/video/not_augmented/base/original_bg/newton/r--newton--VID_20250909_143734.178.jpg,newton,rousettus,original,video,False,train,285.53871799677125
data/processed/rousettus/video/not_augmented/base/original_bg/newton/r--newton--VID_20250909_143734.179.jpg,newton,rousettus,original,video,False,train,289.0671119737606
data/processed/rousettus/video/not_augmented/base/original_bg/newton/r--newton--VID_20250909_143734.180.jpg,newton,rousettus,original,video,False,train,247.62344856333704
data/processed/rousettus/video/not_augmented/base/original_bg/newton/r--newton--VID_20250909_143734.181.jpg,newton,rousettus,original,video,False,train,216.38071733512064
data/processed/rousettus/video/not_augmented/base/original_bg/newton/r--newton--VID_20250909_143734.182.jpg,newton,rousettus,original,video,False,train,238.7422011092224
data/processed/rousettus/video/not_augmented/base/original_bg/newton/r--newton--VID_20250909_143734.183.jpg,newton,rousettus,original,video,False,train,341.33844545134804
data/processed/rousettus/video/not_augmented/base/original_bg/newton/r--newton--VID_20250909_143734.184.jpg,newton,rousettus,original,video,False,train,252.4460692860493
data/processed/rousettus/video/not_augmented/base/original_bg/newton/r--newton--VID_20250909_143734.185.jpg,newton,rousettus,original,video,False,train,209.0860777699615
data/processed/rousettus/video/not_augmented/base/original_bg/newton/r--newton--VID_20250909_143734.186.jpg,newton,rousettus,original,video,False,train,342.01287992057183
data/processed/rousettus/video/not_augmented/base/original_bg/newton/r--newton--VID_20250909_143734.187.jpg,newton,rousettus,original,video,False,train,267.16276634181355
data/processed/rousettus/video/not_augmented/base/original_bg/newton/r--newton--VID_20250909_143734.188.jpg,newton,rousettus,original,video,False,train,363.8094276879441
data/processed/rousettus/video/not_augmented/base/original_bg/newton/r--newton--VID_20250909_143734.189.jpg,newton,rousettus,original,video,False,train,487.70201196475904
data/processed/rousettus/video/not_augmented/base/original_bg/newton/r--newton--VID_20250909_143734.19.jpg,newton,rousettus,original,video,False,train,169.82974605687403
data/processed/rousettus/video/not_augmented/base/original_bg/newton/r--newton--VID_20250909_143734.190.jpg,newton,rousettus,original,video,False,train,539.1999640585929
data/processed/rousettus/video/not_augmented/base/original_bg/newton/r--newton--VID_20250909_143734.191.jpg,newton,rousettus,original,video,False,train,377.9480542008552
data/processed/rousettus/video/not_augmented/base/original_bg/newton/r--newton--VID_20250909_143734.192.jpg,newton,rousettus,original,video,False,train,359.20288962793575
data/processed/rousettus/video/not_augmented/base/original_bg/newton/r--newton--VID_20250909_143734.193.jpg,newton,rousettus,original,video,False,train,260.929214571278
data/processed/rousettus/video/not_augmented/base/original_bg/newton/r--newton--VID_20250909_143734.194.jpg,newton,rousettus,original,video,False,train,338.7255020221041
data/processed/rousettus/video/not_augmented/base/original_bg/newton/r--newton--VID_20250909_143734.195.jpg,newton,rousettus,original,video,False,train,442.9140813617794
data/processed/rousettus/video/not_augmented/base/original_bg/newton/r--newton--VID_20250909_143734.196.jpg,newton,rousettus,original,video,False,train,498.7742386273373
data/processed/rousettus/video/not_augmented/base/original_bg/newton/r--newton--VID_20250909_143734.197.jpg,newton,rousettus,original,video,False,train,374.94096762773546
data/processed/rousettus/video/not_augmented/base/original_bg/newton/r--newton--VID_20250909_143734.198.jpg,newton,rousettus,original,video,False,train,291.99404463476066
data/processed/rousettus/video/not_augmented/base/original_bg/newton/r--newton--VID_20250909_143734.199.jpg,newton,rousettus,original,video,False,train,360.4459129752144
data/processed/rousettus/video/not_augmented/base/original_bg/newton/r--newton--VID_20250909_143734.200.jpg,newton,rousettus,original,video,False,train,439.74064126823015
data/processed/rousettus/video/not_augmented/base/original_bg/newton/r--newton--VID_20250909_143734.201.jpg,newton,rousettus,original,video,False,train,447.52804533296296
data/processed/rousettus/video/not_augmented/base/original_bg/newton/r--newton--VID_20250909_143734.202.jpg,newton,rousettus,original,video,False,train,469.6615325402637
data/processed/rousettus/video/not_augmented/base/original_bg/newton/r--newton--VID_20250909_143734.203.jpg,newton,rousettus,original,video,False,train,566.9671262624313
data/processed/rousettus/video/not_augmented/base/original_bg/newton/r--newton--VID_20250909_143734.204.jpg,newton,rousettus,original,video,False,train,483.7474875936703
data/processed/rousettus/video/not_augmented/base/original_bg/newton/r--newton--VID_20250909_143734.205.jpg,newton,rousettus,original,video,False,train,647.2604862353743
data/processed/rousettus/video/not_augmented/base/original_bg/newton/r--newton--VID_20250909_143734.206.jpg,newton,rousettus,original,video,False,train,352.2639505778786
data/processed/rousettus/video/not_augmented/base/original_bg/newton/r--newton--VID_20250909_143734.207.jpg,newton,rousettus,original,video,False,train,270.1218529712752
data/processed/rousettus/video/not_augmented/base/original_bg/newton/r--newton--VID_20250909_143734.208.jpg,newton,rousettus,original,video,False,train,320.5362491869817
data/processed/rousettus/video/not_augmented/base/original_bg/newton/r--newton--VID_20250909_143734.209.jpg,newton,rousettus,original,video,False,train,448.3448136523087
data/processed/rousettus/video/not_augmented/base/original_bg/newton/r--newton--VID_20250909_143734.210.jpg,newton,rousettus,original,video,False,train,454.77632625656094
data/processed/rousettus/video/not_augmented/base/original_bg/newton/r--newton--VID_20250909_143734.211.jpg,newton,rousettus,original,video,False,train,568.3978503603381
data/processed/rousettus/video/not_augmented/base/original_bg/newton/r--newton--VID_20250909_143734.212.jpg,newton,rousettus,original,video,False,train,215.10876046315377
data/processed/rousettus/video/not_augmented/base/original_bg/newton/r--newton--VID_20250909_143734.213.jpg,newton,rousettus,original,video,False,train,257.89371192698576
data/processed/rousettus/video/not_augmented/base/original_bg/newton/r--newton--VID_20250909_143734.214.jpg,newton,rousettus,original,video,False,train,389.894513451919
data/processed/rousettus/video/not_augmented/base/original_bg/newton/r--newton--VID_20250909_143734.216.jpg,newton,rousettus,original,video,False,train,149.74534029843457
data/processed/rousettus/video/not_augmented/base/original_bg/newton/r--newton--VID_20250909_143734.217.jpg,newton,rousettus,original,video,False,train,209.26016077703355
data/processed/rousettus/video/not_augmented/base/original_bg/newton/r--newton--VID_20250909_143734.218.jpg,newton,rousettus,original,video,False,train,221.9010580715067
data/processed/rousettus/video/not_augmented/base/original_bg/newton/r--newton--VID_20250909_143734.219.jpg,newton,rousettus,original,video,False,train,114.39331756299458
data/processed/rousettus/video/not_augmented/base/original_bg/newton/r--newton--VID_20250909_143734.22.jpg,newton,rousettus,original,video,False,train,109.56749819557352
data/processed/rousettus/video/not_augmented/base/original_bg/newton/r--newton--VID_20250909_143734.220.jpg,newton,rousettus,original,video,False,train,149.0654239869028
data/processed/rousettus/video/not_augmented/base/original_bg/newton/r--newton--VID_20250909_143734.222.jpg,newton,rousettus,original,video,False,train,106.86634695068194
data/processed/rousettus/video/not_augmented/base/original_bg/newton/r--newton--VID_20250909_143734.224.jpg,newton,rousettus,original,video,False,train,124.56442700163218
data/processed/rousettus/video/not_augmented/base/original_bg/newton/r--newton--VID_20250909_143734.228.jpg,newton,rousettus,original,video,False,train,101.43647725082648
data/processed/rousettus/video/not_augmented/base/original_bg/newton/r--newton--VID_20250909_143734.229.jpg,newton,rousettus,original,video,False,train,127.55346288486405
data/processed/rousettus/video/not_augmented/base/original_bg/newton/r--newton--VID_20250909_143734.232.jpg,newton,rousettus,original,video,False,train,220.1154624608496
data/processed/rousettus/video/not_augmented/base/original_bg/newton/r--newton--VID_20250909_143734.233.jpg,newton,rousettus,original,video,False,train,144.19075397807626
data/processed/rousettus/video/not_augmented/base/original_bg/newton/r--newton--VID_20250909_143734.234.jpg,newton,rousettus,original,video,False,train,122.88284056447834
data/processed/rousettus/video/not_augmented/base/original_bg/newton/r--newton--VID_20250909_143734.3.jpg,newton,rousettus,original,video,False,train,366.9925581198442
data/processed/rousettus/video/not_augmented/base/original_bg/newton/r--newton--VID_20250909_143734.4.jpg,newton,rousettus,original,video,False,train,350.22780560156247
data/processed/rousettus/video/not_augmented/base/original_bg/newton/r--newton--VID_20250909_143734.5.jpg,newton,rousettus,original,video,False,train,264.456651511663
data/processed/rousettus/video/not_augmented/base/original_bg/rasmi/r--rasmi--VID_20250909_143832.164.jpg,rasmi,rousettus,original,video,False,train,221.36374853214392
data/processed/rousettus/video/not_augmented/base/original_bg/rasmi/r--rasmi--VID_20250909_143832.165.jpg,rasmi,rousettus,original,video,False,train,169.83789031836255
data/processed/rousettus/video/not_augmented/base/original_bg/rasmi/r--rasmi--VID_20250909_143832.166.jpg,rasmi,rousettus,original,video,False,train,189.16471860250897
data/processed/rousettus/video/not_augmented/base/original_bg/rasmi/r--rasmi--VID_20250909_143832.167.jpg,rasmi,rousettus,original,video,False,train,396.7964837178744
data/processed/rousettus/video/not_augmented/base/original_bg/rasmi/r--rasmi--VID_20250909_143832.168.jpg,rasmi,rousettus,original,video,False,train,246.026898873046
data/processed/rousettus/video/not_augmented/base/original_bg/rasmi/r--rasmi--VID_20250909_143832.169.jpg,rasmi,rousettus,original,video,False,train,236.3175623586703
data/processed/rousettus/video/not_augmented/base/original_bg/rasmi/r--rasmi--VID_20250909_143832.170.jpg,rasmi,rousettus,original,video,False,train,237.5529528816061
data/processed/rousettus/video/not_augmented/base/original_bg/rasmi/r--rasmi--VID_20250909_143832.171.jpg,rasmi,rousettus,original,video,False,train,233.60543467193187
data/processed/rousettus/video/not_augmented/base/original_bg/rasmi/r--rasmi--VID_20250909_143832.172.jpg,rasmi,rousettus,original,video,False,train,194.7079828223404
data/processed/rousettus/video/not_augmented/base/original_bg/rasmi/r--rasmi--VID_20250909_143832.173.jpg,rasmi,rousettus,original,video,False,train,150.57912951854306
data/processed/rousettus/video/not_augmented/base/original_bg/rasmi/r--rasmi--VID_20250909_143832.174.jpg,rasmi,rousettus,original,video,False,train,129.01070261339206
data/processed/rousettus/video/not_augmented/base/original_bg/rasmi/r--rasmi--VID_20250909_143832.175.jpg,rasmi,rousettus,original,video,False,train,269.16965771515834
data/processed/rousettus/video/not_augmented/base/original_bg/rasmi/r--rasmi--VID_20250909_143832.176.jpg,rasmi,rousettus,original,video,False,train,286.763069346665
data/processed/rousettus/video/not_augmented/base/original_bg/rasmi/r--rasmi--VID_20250909_143832.177.jpg,rasmi,rousettus,original,video,False,train,366.9349951305175
data/processed/rousettus/video/not_augmented/base/original_bg/rasmi/r--rasmi--VID_20250909_143832.178.jpg,rasmi,rousettus,original,video,False,train,358.0883685838476
data/processed/rousettus/video/not_augmented/base/original_bg/rasmi/r--rasmi--VID_20250909_143832.179.jpg,rasmi,rousettus,original,video,False,train,249.61599158049123
data/processed/rousettus/video/not_augmented/base/original_bg/rasmi/r--rasmi--VID_20250909_143832.180.jpg,rasmi,rousettus,original,video,False,train,248.33304601984685
data/processed/rousettus/video/not_augmented/base/original_bg/rasmi/r--rasmi--VID_20250909_143832.181.jpg,rasmi,rousettus,original,video,False,train,259.789619636059
data/processed/rousettus/video/not_augmented/base/original_bg/rasmi/r--rasmi--VID_20250909_143832.182.jpg,rasmi,rousettus,original,video,False,train,234.7137276305104
data/processed/rousettus/video/not_augmented/base/original_bg/rasmi/r--rasmi--VID_20250909_143832.183.jpg,rasmi,rousettus,original,video,False,train,247.27894319647905
data/processed/rousettus/video/not_augmented/base/original_bg/rasmi/r--rasmi--VID_20250909_143832.184.jpg,rasmi,rousettus,original,video,False,train,203.90966405038384
data/processed/rousettus/video/not_augmented/base/original_bg/rasmi/r--rasmi--VID_20250909_143832.185.jpg,rasmi,rousettus,original,video,False,train,237.4880906708386
data/processed/rousettus/video/not_augmented/base/original_bg/rasmi/r--rasmi--VID_20250909_143832.186.jpg,rasmi,rousettus,original,video,False,train,230.47535355237065
data/processed/rousettus/video/not_augmented/base/original_bg/rasmi/r--rasmi--VID_20250909_143832.187.jpg,rasmi,rousettus,original,video,False,train,206.8536444790708
data/processed/rousettus/video/not_augmented/base/original_bg/rasmi/r--rasmi--VID_20250909_143832.188.jpg,rasmi,rousettus,original,video,False,train,303.4633941201556
data/processed/rousettus/video/not_augmented/base/original_bg/rasmi/r--rasmi--VID_20250909_143832.189.jpg,rasmi,rousettus,original,video,False,train,224.24334820346604
data/processed/rousettus/video/not_augmented/base/original_bg/rasmi/r--rasmi--VID_20250909_143832.190.jpg,rasmi,rousettus,original,video,False,train,129.78895295217404
data/processed/rousettus/video/not_augmented/base/original_bg/rasmi/r--rasmi--VID_20250909_143832.191.jpg,rasmi,rousettus,original,video,False,train,151.18285105179763
data/processed/rousettus/video/not_augmented/base/original_bg/rasmi/r--rasmi--VID_20250909_143832.192.jpg,rasmi,rousettus,original,video,False,train,208.44424404118868
data/processed/rousettus/video/not_augmented/base/original_bg/rasmi/r--rasmi--VID_20250909_143832.193.jpg,rasmi,rousettus,original,video,False,train,137.44314806801933
data/processed/rousettus/video/not_augmented/base/original_bg/rasmi/r--rasmi--VID_20250909_143832.194.jpg,rasmi,rousettus,original,video,False,train,127.55966714917
data/processed/rousettus/video/not_augmented/base/original_bg/rasmi/r--rasmi--VID_20250909_143832.195.jpg,rasmi,rousettus,original,video,False,train,130.0787627296813
data/processed/rousettus/video/not_augmented/base/original_bg/rasmi/r--rasmi--VID_20250909_143832.196.jpg,rasmi,rousettus,original,video,False,train,143.16465695050297
data/processed/rousettus/video/not_augmented/base/original_bg/rasmi/r--rasmi--VID_20250909_143832.197.jpg,rasmi,rousettus,original,video,False,train,165.25738208545144
data/processed/rousettus/video/not_augmented/base/original_bg/rasmi/r--rasmi--VID_20250909_143832.198.jpg,rasmi,rousettus,original,video,False,train,325.5509606182252
data/processed/rousettus/video/not_augmented/base/original_bg/rasmi/r--rasmi--VID_20250909_143832.199.jpg,rasmi,rousettus,original,video,False,train,188.90805662179773
data/processed/rousettus/video/not_augmented/base/original_bg/rasmi/r--rasmi--VID_20250909_143832.200.jpg,rasmi,rousettus,original,video,False,train,149.9765093289828
data/processed/rousettus/video/not_augmented/base/original_bg/rasmi/r--rasmi--VID_20250909_143832.201.jpg,rasmi,rousettus,original,video,False,train,119.57307311387322
data/processed/rousettus/video/not_augmented/base/original_bg/rasmi/r--rasmi--VID_20250909_143832.202.jpg,rasmi,rousettus,original,video,False,train,96.02423263479898
data/processed/rousettus/video/not_augmented/base/original_bg/rasmi/r--rasmi--VID_20250909_143832.203.jpg,rasmi,rousettus,original,video,False,train,111.0688199413066
data/processed/rousettus/video/not_augmented/base/original_bg/rasmi/r--rasmi--VID_20250909_143832.205.jpg,rasmi,rousettus,original,video,False,train,192.5494146061063
data/processed/rousettus/video/not_augmented/base/original_bg/rasmi/r--rasmi--VID_20250909_143832.206.jpg,rasmi,rousettus,original,video,False,train,96.64727603828148
data/processed/rousettus/video/not_augmented/base/original_bg/rasmi/r--rasmi--VID_20250909_143832.207.jpg,rasmi,rousettus,original,video,False,train,104.2991323661725
data/processed/rousettus/video/not_augmented/base/original_bg/rasmi/r--rasmi--VID_20250909_143832.211.jpg,rasmi,rousettus,original,video,False,train,128.69538344566348
data/processed/rousettus/video/not_augmented/base/original_bg/rasmi/r--rasmi--VID_20250909_143832.213.jpg,rasmi,rousettus,original,video,False,train,157.08290088658327
data/processed/rousettus/video/not_augmented/base/original_bg/rasmi/r--rasmi--VID_20250909_143832.216.jpg,rasmi,rousettus,original,video,False,train,107.96246672014256
data/processed/rousettus/video/not_augmented/base/original_bg/rasmi/r--rasmi--VID_20250909_143832.220.jpg,rasmi,rousettus,original,video,False,train,80.84305150168282
data/processed/rousettus/video/not_augmented/base/original_bg/rasmi/r--rasmi--VID_20250909_143832.221.jpg,rasmi,rousettus,original,video,False,train,132.47644091546164
data/processed/rousettus/video/not_augmented/base/original_bg/rasmi/r--rasmi--VID_20250909_143832.222.jpg,rasmi,rousettus,original,video,False,train,109.53302267440804
data/processed/rousettus/video/not_augmented/base/original_bg/rasmi/r--rasmi--VID_20250909_143832.223.jpg,rasmi,rousettus,original,video,False,train,86.77174539498515
data/processed/rousettus/video/not_augmented/base/original_bg/rasmi/r--rasmi--VID_20250909_143832.226.jpg,rasmi,rousettus,original,video,False,train,121.77304436851672
data/processed/rousettus/video/not_augmented/base/original_bg/rasmi/r--rasmi--VID_20250909_143832.228.jpg,rasmi,rousettus,original,video,False,train,163.96142638459497
data/processed/rousettus/video/not_augmented/base/original_bg/rasmi/r--rasmi--VID_20250909_143832.229.jpg,rasmi,rousettus,original,video,False,train,144.93497413617774
data/processed/rousettus/video/not_augmented/base/original_bg/rasmi/r--rasmi--VID_20250909_143832.230.jpg,rasmi,rousettus,original,video,False,train,142.51883370495997
data/processed/rousettus/video/not_augmented/base/original_bg/rasmi/r--rasmi--VID_20250909_143832.231.jpg,rasmi,rousettus,original,video,False,train,163.61046703454605
data/processed/rousettus/video/not_augmented/base/original_bg/rasmi/r--rasmi--VID_20250909_143832.232.jpg,rasmi,rousettus,original,video,False,train,222.4926130873916
data/processed/rousettus/video/not_augmented/base/original_bg/rasmi/r--rasmi--VID_20250909_143832.233.jpg,rasmi,rousettus,original,video,False,train,186.95046904125795
data/processed/rousettus/video/not_augmented/base/original_bg/rasmi/r--rasmi--VID_20250909_143832.234.jpg,rasmi,rousettus,original,video,False,train,146.40839080619892
data/processed/rousettus/video/not_augmented/base/original_bg/rasmi/r--rasmi--VID_20250909_143832.235.jpg,rasmi,rousettus,original,video,False,train,165.06177723164464
data/processed/rousettus/video/not_augmented/base/original_bg/rasmi/r--rasmi--VID_20250909_143832.237.jpg,rasmi,rousettus,original,video,False,train,214.9772553255239
data/processed/rousettus/video/not_augmented/base/original_bg/rasmi/r--rasmi--VID_20250909_143832.238.jpg,rasmi,rousettus,original,video,False,train,199.2169234412057
data/processed/rousettus/video/not_augmented/base/original_bg/rasmi/r--rasmi--VID_20250909_143832.239.jpg,rasmi,rousettus,original,video,False,train,309.33958308550774
data/processed/rousettus/video/not_augmented/base/original_bg/rasmi/r--rasmi--VID_20250909_143832.240.jpg,rasmi,rousettus,original,video,False,train,200.012905637208
data/processed/rousettus/video/not_augmented/base/original_bg/rasmi/r--rasmi--VID_20250909_143832.45.jpg,rasmi,rousettus,original,video,False,train,471.7318312050352
data/processed/rousettus/video/not_augmented/base/original_bg/rasmi/r--rasmi--VID_20250909_143832.46.jpg,rasmi,rousettus,original,video,False,train,309.4088693064285
data/processed/rousettus/video/not_augmented/base/original_bg/rasmi/r--rasmi--VID_20250909_143832.47.jpg,rasmi,rousettus,original,video,False,train,363.76591199321183
data/processed/rousettus/video/not_augmented/base/original_bg/rasmi/r--rasmi--VID_20250909_143832.48.jpg,rasmi,rousettus,original,video,False,train,433.4987436153153
data/processed/rousettus/video/not_augmented/base/original_bg/rasmi/r--rasmi--VID_20250909_143832.49.jpg,rasmi,rousettus,original,video,False,train,395.6814882643071
data/processed/rousettus/video/not_augmented/base/original_bg/rasmi/r--rasmi--VID_20250909_143832.50.jpg,rasmi,rousettus,original,video,False,train,394.48472182723896
data/processed/rousettus/video/not_augmented/base/original_bg/rasmi/r--rasmi--VID_20250909_143832.53.jpg,rasmi,rousettus,original,video,False,train,218.03242204627213
data/processed/rousettus/video/not_augmented/base/original_bg/rasmi/r--rasmi--VID_20250909_143832.54.jpg,rasmi,rousettus,original,video,False,train,282.2624086457856
data/processed/rousettus/video/not_augmented/base/original_bg/rasmi/r--rasmi--VID_20250909_143832.55.jpg,rasmi,rousettus,original,video,False,train,256.9949609453804
data/processed/rousettus/video/not_augmented/base/original_bg/rasmi/r--rasmi--VID_20250909_143832.56.jpg,rasmi,rousettus,original,video,False,train,271.25169611513394
data/processed/rousettus/video/not_augmented/base/original_bg/rasmi/r--rasmi--VID_20250909_143832.57.jpg,rasmi,rousettus,original,video,False,train,332.59064149677823
data/processed/rousettus/video/not_augmented/base/original_bg/rasmi/r--rasmi--VID_20250909_143832.58.jpg,rasmi,rousettus,original,video,False,train,567.5113891508618
data/processed/rousettus/video/not_augmented/base/original_bg/rasmi/r--rasmi--VID_20250909_143832.60.jpg,rasmi,rousettus,original,video,False,train,620.0279863314647
data/processed/rousettus/video/not_augmented/base/original_bg/rasmi/r--rasmi--VID_20250909_143832.61.jpg,rasmi,rousettus,original,video,False,train,503.8239776975957
data/processed/rousettus/video/not_augmented/base/original_bg/rosi/r--rosi--VID_20250909_143902.10.jpg,rosi,rousettus,original,video,False,train,177.67445995985398
data/processed/rousettus/video/not_augmented/base/original_bg/rosi/r--rosi--VID_20250909_143902.11.jpg,rosi,rousettus,original,video,False,train,192.2758097424204
data/processed/rousettus/video/not_augmented/base/original_bg/rosi/r--rosi--VID_20250909_143902.12.jpg,rosi,rousettus,original,video,False,train,185.9896851856973
data/processed/rousettus/video/not_augmented/base/original_bg/rosi/r--rosi--VID_20250909_143902.13.jpg,rosi,rousettus,original,video,False,train,148.08379812967476
data/processed/rousettus/video/not_augmented/base/original_bg/rosi/r--rosi--VID_20250909_143902.14.jpg,rosi,rousettus,original,video,False,train,239.9849003383092
data/processed/rousettus/video/not_augmented/base/original_bg/rosi/r--rosi--VID_20250909_143902.15.jpg,rosi,rousettus,original,video,False,train,309.2351868707704
data/processed/rousettus/video/not_augmented/base/original_bg/rosi/r--rosi--VID_20250909_143902.16.jpg,rosi,rousettus,original,video,False,train,189.3410114886512
data/processed/rousettus/video/not_augmented/base/original_bg/rosi/r--rosi--VID_20250909_143902.17.jpg,rosi,rousettus,original,video,False,train,202.57012731599
data/processed/rousettus/video/not_augmented/base/original_bg/rosi/r--rosi--VID_20250909_143902.18.jpg,rosi,rousettus,original,video,False,train,274.043252648636
data/processed/rousettus/video/not_augmented/base/original_bg/rosi/r--rosi--VID_20250909_143902.19.jpg,rosi,rousettus,original,video,False,train,680.9318416357934
data/processed/rousettus/video/not_augmented/base/original_bg/rosi/r--rosi--VID_20250909_143902.20.jpg,rosi,rousettus,original,video,False,train,613.8820900430485
data/processed/rousettus/video/not_augmented/base/original_bg/rosi/r--rosi--VID_20250909_143902.205.jpg,rosi,rousettus,original,video,False,train,313.1460243361734
data/processed/rousettus/video/not_augmented/base/original_bg/rosi/r--rosi--VID_20250909_143902.206.jpg,rosi,rousettus,original,video,False,train,326.37505949998285
data/processed/rousettus/video/not_augmented/base/original_bg/rosi/r--rosi--VID_20250909_143902.207.jpg,rosi,rousettus,original,video,False,train,294.10377959220017
data/processed/rousettus/video/not_augmented/base/original_bg/rosi/r--rosi--VID_20250909_143902.208.jpg,rosi,rousettus,original,video,False,train,405.5173440124531
data/processed/rousettus/video/not_augmented/base/original_bg/rosi/r--rosi--VID_20250909_143902.209.jpg,rosi,rousettus,original,video,False,train,444.929413133738
data/processed/rousettus/video/not_augmented/base/original_bg/rosi/r--rosi--VID_20250909_143902.21.jpg,rosi,rousettus,original,video,False,train,297.43036564505627
data/processed/rousettus/video/not_augmented/base/original_bg/rosi/r--rosi--VID_20250909_143902.210.jpg,rosi,rousettus,original,video,False,train,447.0791188215822
data/processed/rousettus/video/not_augmented/base/original_bg/rosi/r--rosi--VID_20250909_143902.211.jpg,rosi,rousettus,original,video,False,train,483.11888366875576
data/processed/rousettus/video/not_augmented/base/original_bg/rosi/r--rosi--VID_20250909_143902.212.jpg,rosi,rousettus,original,video,False,train,284.1882220613415
data/processed/rousettus/video/not_augmented/base/original_bg/rosi/r--rosi--VID_20250909_143902.238.jpg,rosi,rousettus,original,video,False,train,269.9170770192335
data/processed/rousettus/video/not_augmented/base/original_bg/rosi/r--rosi--VID_20250909_143902.239.jpg,rosi,rousettus,original,video,False,train,231.0042390481773
data/processed/rousettus/video/not_augmented/base/original_bg/rosi/r--rosi--VID_20250909_143902.240.jpg,rosi,rousettus,original,video,False,train,286.70464983030143
data/processed/rousettus/video/not_augmented/base/original_bg/rosi/r--rosi--VID_20250909_143902.241.jpg,rosi,rousettus,original,video,False,train,269.3340727020829
data/processed/rousettus/video/not_augmented/base/original_bg/rosi/r--rosi--VID_20250909_143902.242.jpg,rosi,rousettus,original,video,False,train,280.1636026927403
data/processed/rousettus/video/not_augmented/base/original_bg/rosi/r--rosi--VID_20250909_143902.243.jpg,rosi,rousettus,original,video,False,train,397.4312706772162
data/processed/rousettus/video/not_augmented/base/original_bg/rosi/r--rosi--VID_20250909_143902.244.jpg,rosi,rousettus,original,video,False,train,447.6970764658244
data/processed/rousettus/video/not_augmented/base/original_bg/rosi/r--rosi--VID_20250909_143902.245.jpg,rosi,rousettus,original,video,False,train,616.6985862760532
data/processed/rousettus/video/not_augmented/base/original_bg/rosi/r--rosi--VID_20250909_143902.246.jpg,rosi,rousettus,original,video,False,train,755.040949629228
data/processed/rousettus/video/not_augmented/base/original_bg/rosi/r--rosi--VID_20250909_143902.247.jpg,rosi,rousettus,original,video,False,train,650.3698103653297
data/processed/rousettus/video/not_augmented/base/original_bg/rosi/r--rosi--VID_20250909_143902.248.jpg,rosi,rousettus,original,video,False,train,660.5710720457865
data/processed/rousettus/video/not_augmented/base/original_bg/rosi/r--rosi--VID_20250909_143902.249.jpg,rosi,rousettus,original,video,False,train,621.5350178834152
data/processed/rousettus/video/not_augmented/base/original_bg/rosi/r--rosi--VID_20250909_143902.250.jpg,rosi,rousettus,original,video,False,train,512.4743199791326
data/processed/rousettus/video/not_augmented/base/original_bg/rosi/r--rosi--VID_20250909_143902.251.jpg,rosi,rousettus,original,video,False,train,454.7799998147942
data/processed/rousettus/video/not_augmented/base/original_bg/rosi/r--rosi--VID_20250909_143902.252.jpg,rosi,rousettus,original,video,False,train,367.4583683192655
data/processed/rousettus/video/not_augmented/base/original_bg/rosi/r--rosi--VID_20250909_143902.253.jpg,rosi,rousettus,original,video,False,train,401.4254758958765
data/processed/rousettus/video/not_augmented/base/original_bg/rosi/r--rosi--VID_20250909_143902.254.jpg,rosi,rousettus,original,video,False,train,385.7282587168168
data/processed/rousettus/video/not_augmented/base/original_bg/rosi/r--rosi--VID_20250909_143902.255.jpg,rosi,rousettus,original,video,False,train,408.2181176750028
data/processed/rousettus/video/not_augmented/base/original_bg/rosi/r--rosi--VID_20250909_143902.256.jpg,rosi,rousettus,original,video,False,train,399.3165747830392
data/processed/rousettus/video/not_augmented/base/original_bg/rosi/r--rosi--VID_20250909_143902.257.jpg,rosi,rousettus,original,video,False,train,383.1348373841266
data/processed/rousettus/video/not_augmented/base/original_bg/rosi/r--rosi--VID_20250909_143902.258.jpg,rosi,rousettus,original,video,False,train,443.4698256969651
data/processed/rousettus/video/not_augmented/base/original_bg/rosi/r--rosi--VID_20250909_143902.259.jpg,rosi,rousettus,original,video,False,train,417.3382696475848
data/processed/rousettus/video/not_augmented/base/original_bg/rosi/r--rosi--VID_20250909_143902.260.jpg,rosi,rousettus,original,video,False,train,431.28063150705367
data/processed/rousettus/video/not_augmented/base/original_bg/rosi/r--rosi--VID_20250909_143902.261.jpg,rosi,rousettus,original,video,False,train,521.6804184979173
data/processed/rousettus/video/not_augmented/base/original_bg/rosi/r--rosi--VID_20250909_143902.262.jpg,rosi,rousettus,original,video,False,train,593.819813171857
data/processed/rousettus/video/not_augmented/base/original_bg/rosi/r--rosi--VID_20250909_143902.263.jpg,rosi,rousettus,original,video,False,train,407.3110456661302
data/processed/rousettus/video/not_augmented/base/original_bg/rosi/r--rosi--VID_20250909_143902.264.jpg,rosi,rousettus,original,video,False,train,358.39477277070176
data/processed/rousettus/video/not_augmented/base/original_bg/rosi/r--rosi--VID_20250909_143902.265.jpg,rosi,rousettus,original,video,False,train,273.05697842152694
data/processed/rousettus/video/not_augmented/base/original_bg/rosi/r--rosi--VID_20250909_143902.266.jpg,rosi,rousettus,original,video,False,train,212.54911764002705
data/processed/rousettus/video/not_augmented/base/original_bg/rosi/r--rosi--VID_20250909_143902.267.jpg,rosi,rousettus,original,video,False,train,189.4100879981388
data/processed/rousettus/video/not_augmented/base/original_bg/rosi/r--rosi--VID_20250909_143902.268.jpg,rosi,rousettus,original,video,False,train,269.1321319614238
data/processed/rousettus/video/not_augmented/base/original_bg/rosi/r--rosi--VID_20250909_143902.269.jpg,rosi,rousettus,original,video,False,train,245.04400329677227
data/processed/rousettus/video/not_augmented/base/original_bg/rosi/r--rosi--VID_20250909_143902.270.jpg,rosi,rousettus,original,video,False,train,207.3626789691199
data/processed/rousettus/video/not_augmented/base/original_bg/rosi/r--rosi--VID_20250909_143902.271.jpg,rosi,rousettus,original,video,False,train,206.9041319056284
data/processed/rousettus/video/not_augmented/base/original_bg/rosi/r--rosi--VID_20250909_143902.272.jpg,rosi,rousettus,original,video,False,train,236.6956843507633
data/processed/rousettus/video/not_augmented/base/original_bg/rosi/r--rosi--VID_20250909_143902.273.jpg,rosi,rousettus,original,video,False,train,242.8362753187701
data/processed/rousettus/video/not_augmented/base/original_bg/rosi/r--rosi--VID_20250909_143902.274.jpg,rosi,rousettus,original,video,False,train,185.13540102193272
data/processed/rousettus/video/not_augmented/base/original_bg/rosi/r--rosi--VID_20250909_143902.275.jpg,rosi,rousettus,original,video,False,train,202.3148495722989
data/processed/rousettus/video/not_augmented/base/original_bg/rosi/r--rosi--VID_20250909_143902.55.jpg,rosi,rousettus,original,video,False,train,334.3906677004597
data/processed/rousettus/video/not_augmented/base/original_bg/rosi/r--rosi--VID_20250909_143902.56.jpg,rosi,rousettus,original,video,False,train,252.8932500201332
data/processed/rousettus/video/not_augmented/base/original_bg/rosi/r--rosi--VID_20250909_143902.58.jpg,rosi,rousettus,original,video,False,train,411.48737606253536
data/processed/rousettus/video/not_augmented/base/original_bg/rosi/r--rosi--VID_20250909_143902.59.jpg,rosi,rousettus,original,video,False,train,403.1927196736239
data/processed/rousettus/video/not_augmented/base/original_bg/rosi/r--rosi--VID_20250909_143902.60.jpg,rosi,rousettus,original,video,False,train,220.9732837188448
data/processed/rousettus/video/not_augmented/base/original_bg/rosi/r--rosi--VID_20250909_143902.61.jpg,rosi,rousettus,original,video,False,train,803.2725506436573
data/processed/rousettus/video/not_augmented/base/original_bg/rosi/r--rosi--VID_20250909_143902.62.jpg,rosi,rousettus,original,video,False,train,435.7930482008814
data/processed/rousettus/video/not_augmented/base/original_bg/rosi/r--rosi--VID_20250909_143902.63.jpg,rosi,rousettus,original,video,False,train,315.16536922963246
data/processed/rousettus/video/not_augmented/base/original_bg/rosi/r--rosi--VID_20250909_143902.64.jpg,rosi,rousettus,original,video,False,train,284.42915825166585
data/processed/rousettus/video/not_augmented/base/original_bg/rosi/r--rosi--VID_20250909_143902.65.jpg,rosi,rousettus,original,video,False,train,413.09928185718354
data/processed/rousettus/video/not_augmented/base/original_bg/rosi/r--rosi--VID_20250909_143902.66.jpg,rosi,rousettus,original,video,False,train,382.63238582229775
data/processed/rousettus/video/not_augmented/base/original_bg/rosi/r--rosi--VID_20250909_143902.67.jpg,rosi,rousettus,original,video,False,train,221.8277662146941
data/processed/rousettus/video/not_augmented/base/original_bg/rosi/r--rosi--VID_20250909_143902.68.jpg,rosi,rousettus,original,video,False,train,326.74444150467906
data/processed/rousettus/video/not_augmented/base/original_bg/rosi/r--rosi--VID_20250909_143902.69.jpg,rosi,rousettus,original,video,False,train,234.15241917328552
data/processed/rousettus/video/not_augmented/base/original_bg/rosi/r--rosi--VID_20250909_143902.70.jpg,rosi,rousettus,original,video,False,train,229.209776275012
data/processed/rousettus/video/not_augmented/base/original_bg/rosi/r--rosi--VID_20250909_143902.71.jpg,rosi,rousettus,original,video,False,train,301.302468883748
data/processed/rousettus/video/not_augmented/base/original_bg/rosi/r--rosi--VID_20250909_143902.72.jpg,rosi,rousettus,original,video,False,train,291.3467521298085
data/processed/rousettus/video/not_augmented/base/original_bg/rosi/r--rosi--VID_20250909_143902.73.jpg,rosi,rousettus,original,video,False,train,243.6332635653113
data/processed/rousettus/video/not_augmented/base/original_bg/rosi/r--rosi--VID_20250909_143902.74.jpg,rosi,rousettus,original,video,False,train,219.39763026334805
data/processed/rousettus/video/not_augmented/base/original_bg/rosi/r--rosi--VID_20250909_143902.75.jpg,rosi,rousettus,original,video,False,train,291.05746537494144
data/processed/rousettus/video/not_augmented/base/original_bg/rosi/r--rosi--VID_20250909_143902.76.jpg,rosi,rousettus,original,video,False,train,216.1749726894844
data/processed/rousettus/video/not_augmented/base/original_bg/rosi/r--rosi--VID_20250909_143902.9.jpg,rosi,rousettus,original,video,False,train,263.60247840229937
data/processed/rousettus/video/not_augmented/occl/B/tuluz/r--tuluz--VID_20250909_143942.13.jpg,tuluz,rousettus,original,video,False,test,124.88048144153434
data/processed/rousettus/video/not_augmented/occl/B/tuluz/r--tuluz--VID_20250909_143942.14.jpg,tuluz,rousettus,original,video,False,test,187.78196574429185
data/processed/rousettus/video/not_augmented/occl/B/tuluz/r--tuluz--VID_20250909_143942.148.jpg,tuluz,rousettus,original,video,False,test,125.29601656760045
data/processed/rousettus/video/not_augmented/occl/B/tuluz/r--tuluz--VID_20250909_143942.149.jpg,tuluz,rousettus,original,video,False,test,177.15980035947894
data/processed/rousettus/video/not_augmented/occl/B/tuluz/r--tuluz--VID_20250909_143942.15.jpg,tuluz,rousettus,original,video,False,test,213.0699075971331
data/processed/rousettus/video/not_augmented/occl/B/tuluz/r--tuluz--VID_20250909_143942.150.jpg,tuluz,rousettus,original,video,False,test,149.79324288668107
data/processed/rousettus/video/not_augmented/occl/B/tuluz/r--tuluz--VID_20250909_143942.151.jpg,tuluz,rousettus,original,video,False,test,175.145121185147
data/processed/rousettus/video/not_augmented/occl/B/tuluz/r--tuluz--VID_20250909_143942.152.jpg,tuluz,rousettus,original,video,False,test,113.36177623515226
data/processed/rousettus/video/not_augmented/occl/B/tuluz/r--tuluz--VID_20250909_143942.153.jpg,tuluz,rousettus,original,video,False,test,193.2248167155535
data/processed/rousettus/video/not_augmented/occl/B/tuluz/r--tuluz--VID_20250909_143942.154.jpg,tuluz,rousettus,original,video,False,test,164.389087599151
data/processed/rousettus/video/not_augmented/occl/B/tuluz/r--tuluz--VID_20250909_143942.155.jpg,tuluz,rousettus,original,video,False,test,106.06806914660396
data/processed/rousettus/video/not_augmented/occl/B/tuluz/r--tuluz--VID_20250909_143942.156.jpg,tuluz,rousettus,original,video,False,test,118.5961357857078
data/processed/rousettus/video/not_augmented/occl/B/tuluz/r--tuluz--VID_20250909_143942.157.jpg,tuluz,rousettus,original,video,False,test,282.96099763907574
data/processed/rousettus/video/not_augmented/occl/B/tuluz/r--tuluz--VID_20250909_143942.158.jpg,tuluz,rousettus,original,video,False,test,634.4299268357111
data/processed/rousettus/video/not_augmented/occl/B/tuluz/r--tuluz--VID_20250909_143942.159.jpg,tuluz,rousettus,original,video,False,test,274.53872338119817
data/processed/rousettus/video/not_augmented/occl/B/tuluz/r--tuluz--VID_20250909_143942.16.jpg,tuluz,rousettus,original,video,False,test,141.7033050800055
data/processed/rousettus/video/not_augmented/occl/B/tuluz/r--tuluz--VID_20250909_143942.160.jpg,tuluz,rousettus,original,video,False,test,231.5654292549505
data/processed/rousettus/video/not_augmented/occl/B/tuluz/r--tuluz--VID_20250909_143942.161.jpg,tuluz,rousettus,original,video,False,test,267.63338917506235
data/processed/rousettus/video/not_augmented/occl/B/tuluz/r--tuluz--VID_20250909_143942.162.jpg,tuluz,rousettus,original,video,False,test,233.1408775787163
data/processed/rousettus/video/not_augmented/occl/B/tuluz/r--tuluz--VID_20250909_143942.163.jpg,tuluz,rousettus,original,video,False,test,462.21232789241
data/processed/rousettus/video/not_augmented/occl/B/tuluz/r--tuluz--VID_20250909_143942.164.jpg,tuluz,rousettus,original,video,False,test,329.17031753425647
data/processed/rousettus/video/not_augmented/occl/B/tuluz/r--tuluz--VID_20250909_143942.165.jpg,tuluz,rousettus,original,video,False,test,182.8874544761718
data/processed/rousettus/video/not_augmented/occl/B/tuluz/r--tuluz--VID_20250909_143942.166.jpg,tuluz,rousettus,original,video,False,test,223.96152682862447
data/processed/rousettus/video/not_augmented/occl/B/tuluz/r--tuluz--VID_20250909_143942.167.jpg,tuluz,rousettus,original,video,False,test,464.6469127233204
data/processed/rousettus/video/not_augmented/occl/B/tuluz/r--tuluz--VID_20250909_143942.17.jpg,tuluz,rousettus,original,video,False,test,125.33367538571306
data/processed/rousettus/video/not_augmented/occl/B/tuluz/r--tuluz--VID_20250909_143942.179.jpg,tuluz,rousettus,original,video,False,test,185.9488104800789
data/processed/rousettus/video/not_augmented/occl/B/tuluz/r--tuluz--VID_20250909_143942.18.jpg,tuluz,rousettus,original,video,False,test,129.72362160196113
data/processed/rousettus/video/not_augmented/occl/B/tuluz/r--tuluz--VID_20250909_143942.180.jpg,tuluz,rousettus,original,video,False,test,150.00598722693826
data/processed/rousettus/video/not_augmented/occl/B/tuluz/r--tuluz--VID_20250909_143942.181.jpg,tuluz,rousettus,original,video,False,test,185.95305639224864
data/processed/rousettus/video/not_augmented/occl/B/tuluz/r--tuluz--VID_20250909_143942.182.jpg,tuluz,rousettus,original,video,False,test,269.89553089451664
data/processed/rousettus/video/not_augmented/occl/B/tuluz/r--tuluz--VID_20250909_143942.183.jpg,tuluz,rousettus,original,video,False,test,239.8366041695858
data/processed/rousettus/video/not_augmented/occl/B/tuluz/r--tuluz--VID_20250909_143942.184.jpg,tuluz,rousettus,original,video,False,test,232.80052128457768
data/processed/rousettus/video/not_augmented/occl/B/tuluz/r--tuluz--VID_20250909_143942.185.jpg,tuluz,rousettus,original,video,False,test,161.62571439858232
data/processed/rousettus/video/not_augmented/occl/B/tuluz/r--tuluz--VID_20250909_143942.186.jpg,tuluz,rousettus,original,video,False,test,172.54344964613273
data/processed/rousettus/video/not_augmented/occl/B/tuluz/r--tuluz--VID_20250909_143942.187.jpg,tuluz,rousettus,original,video,False,test,160.8543525196919
data/processed/rousettus/video/not_augmented/occl/B/tuluz/r--tuluz--VID_20250909_143942.19.jpg,tuluz,rousettus,original,video,False,test,203.9737956512972
data/processed/rousettus/video/not_augmented/occl/B/tuluz/r--tuluz--VID_20250909_143942.21.jpg,tuluz,rousettus,original,video,False,test,185.55163814404864
data/processed/rousettus/video/not_augmented/occl/B/tuluz/r--tuluz--VID_20250909_143942.295.jpg,tuluz,rousettus,original,video,False,test,334.8159205870845
data/processed/rousettus/video/not_augmented/occl/B/tuluz/r--tuluz--VID_20250909_143942.296.jpg,tuluz,rousettus,original,video,False,test,233.8699931343711
data/processed/rousettus/video/not_augmented/occl/B/tuluz/r--tuluz--VID_20250909_143942.297.jpg,tuluz,rousettus,original,video,False,test,141.06449994361682
data/processed/rousettus/video/not_augmented/occl/B/tuluz/r--tuluz--VID_20250909_143942.301.jpg,tuluz,rousettus,original,video,False,test,153.10130216637435
data/processed/rousettus/video/not_augmented/occl/B/tuluz/r--tuluz--VID_20250909_143942.304.jpg,tuluz,rousettus,original,video,False,test,140.14103276388985
data/processed/rousettus/video/not_augmented/occl/B/tuluz/r--tuluz--VID_20250909_143942.305.jpg,tuluz,rousettus,original,video,False,test,235.21144200880696
data/processed/rousettus/video/not_augmented/occl/B/tuluz/r--tuluz--VID_20250909_143942.306.jpg,tuluz,rousettus,original,video,False,test,207.45497471310108
data/processed/rousettus/video/not_augmented/occl/B/tuluz/r--tuluz--VID_20250909_143942.307.jpg,tuluz,rousettus,original,video,False,test,175.20949667525855
data/processed/rousettus/video/not_augmented/occl/B/tuluz/r--tuluz--VID_20250909_143942.308.jpg,tuluz,rousettus,original,video,False,test,100.47827778712556
data/processed/rousettus/video/not_augmented/occl/B/tuluz/r--tuluz--VID_20250909_143942.309.jpg,tuluz,rousettus,original,video,False,test,169.9814646068289
data/processed/rousettus/video/not_augmented/occl/B/tuluz/r--tuluz--VID_20250909_143942.310.jpg,tuluz,rousettus,original,video,False,test,136.47182386708928
data/processed/rousettus/video/not_augmented/occl/B/tuluz/r--tuluz--VID_20250909_143942.311.jpg,tuluz,rousettus,original,video,False,test,118.40474405094066
data/processed/rousettus/video/not_augmented/occl/B/tuluz/r--tuluz--VID_20250909_143942.312.jpg,tuluz,rousettus,original,video,False,test,112.1651009730824
data/processed/rousettus/video/not_augmented/occl/B/tuluz/r--tuluz--VID_20250909_143942.313.jpg,tuluz,rousettus,original,video,False,test,108.6833659406008
data/processed/rousettus/video/not_augmented/occl/B/tuluz/r--tuluz--VID_20250909_143942.314.jpg,tuluz,rousettus,original,video,False,test,111.42719197303045
data/processed/rousettus/video/not_augmented/occl/B/tuluz/r--tuluz--VID_20250909_143942.315.jpg,tuluz,rousettus,original,video,False,test,98.18172487205686
data/processed/rousettus/video/not_augmented/occl/B/tuluz/r--tuluz--VID_20250909_143942.316.jpg,tuluz,rousettus,original,video,False,test,100.0880591608196
data/processed/rousettus/video/not_augmented/occl/B/tuluz/r--tuluz--VID_20250909_143942.317.jpg,tuluz,rousettus,original,video,False,test,92.12596561728988
data/processed/rousettus/video/not_augmented/occl/B/tuluz/r--tuluz--VID_20250909_143942.318.jpg,tuluz,rousettus,original,video,False,test,117.94629028269472
data/processed/rousettus/video/not_augmented/occl/B/tuluz/r--tuluz--VID_20250909_143942.319.jpg,tuluz,rousettus,original,video,False,test,89.85221549125076
data/processed/rousettus/video/not_augmented/occl/B/tuluz/r--tuluz--VID_20250909_143942.320.jpg,tuluz,rousettus,original,video,False,test,90.6490029061352
data/processed/rousettus/video/not_augmented/occl/B/tuluz/r--tuluz--VID_20250909_143942.321.jpg,tuluz,rousettus,original,video,False,test,101.57878930347258
data/processed/rousettus/video/not_augmented/occl/B/tuluz/r--tuluz--VID_20250909_143942.322.jpg,tuluz,rousettus,original,video,False,test,103.22191679770629
data/processed/rousettus/video/not_augmented/occl/B/tuluz/r--tuluz--VID_20250909_143942.323.jpg,tuluz,rousettus,original,video,False,test,128.65853560541828
data/processed/rousettus/video/not_augmented/occl/B/tuluz/r--tuluz--VID_20250909_143942.324.jpg,tuluz,rousettus,original,video,False,test,147.79826206745878
data/processed/rousettus/video/not_augmented/occl/B/tuluz/r--tuluz--VID_20250909_143942.325.jpg,tuluz,rousettus,original,video,False,test,112.5347128109056
data/processed/rousettus/video/not_augmented/occl/B/tuluz/r--tuluz--VID_20250909_143942.326.jpg,tuluz,rousettus,original,video,False,test,160.73280613306213
data/processed/rousettus/video/not_augmented/occl/B/tuluz/r--tuluz--VID_20250909_143942.327.jpg,tuluz,rousettus,original,video,False,test,142.5279099263037
data/processed/rousettus/video/not_augmented/occl/B/tuluz/r--tuluz--VID_20250909_143942.328.jpg,tuluz,rousettus,original,video,False,test,135.74565119904213
data/processed/rousettus/video/not_augmented/occl/B/tuluz/r--tuluz--VID_20250909_143942.329.jpg,tuluz,rousettus,original,video,False,test,176.16628505249213
data/processed/rousettus/video/not_augmented/occl/B/tuluz/r--tuluz--VID_20250909_143942.330.jpg,tuluz,rousettus,original,video,False,test,120.53725738040812
data/processed/rousettus/video/not_augmented/occl/B/tuluz/r--tuluz--VID_20250909_143942.331.jpg,tuluz,rousettus,original,video,False,test,88.67121517335508
data/processed/rousettus/video/not_augmented/occl/B/tuluz/r--tuluz--VID_20250909_143942.50.jpg,tuluz,rousettus,original,video,False,test,454.8350569261505
data/processed/rousettus/video/not_augmented/occl/B/tuluz/r--tuluz--VID_20250909_143942.51.jpg,tuluz,rousettus,original,video,False,test,616.0697146030031
data/processed/rousettus/video/not_augmented/occl/B/tuluz/r--tuluz--VID_20250909_143942.52.jpg,tuluz,rousettus,original,video,False,test,430.4906978007408
data/processed/rousettus/video/not_augmented/occl/B/tuluz/r--tuluz--VID_20250909_143942.53.jpg,tuluz,rousettus,original,video,False,test,229.74147779114392
data/processed/rousettus/video/not_augmented/occl/B/tuluz/r--tuluz--VID_20250909_143942.62.jpg,tuluz,rousettus,original,video,False,test,318.8371318418351
data/processed/rousettus/video/not_augmented/occl/B/tuluz/r--tuluz--VID_20250909_143942.63.jpg,tuluz,rousettus,original,video,False,test,763.8203898918027
data/processed/rousettus/video/not_augmented/occl/B/tuluz/r--tuluz--VID_20250909_143942.64.jpg,tuluz,rousettus,original,video,False,test,1097.0594696702683
data/processed/rousettus/video/not_augmented/base/original_bg/vanilaice/r--vanilaice--VID_20250909_144641.100.jpg,vanilaice,rousettus,original,video,False,train,215.58952495983272
data/processed/rousettus/video/not_augmented/base/original_bg/vanilaice/r--vanilaice--VID_20250909_144641.101.jpg,vanilaice,rousettus,original,video,False,train,190.8876018814125
data/processed/rousettus/video/not_augmented/base/original_bg/vanilaice/r--vanilaice--VID_20250909_144641.102.jpg,vanilaice,rousettus,original,video,False,train,198.18984506766728
data/processed/rousettus/video/not_augmented/base/original_bg/vanilaice/r--vanilaice--VID_20250909_144641.103.jpg,vanilaice,rousettus,original,video,False,train,272.87043532109766
data/processed/rousettus/video/not_augmented/base/original_bg/vanilaice/r--vanilaice--VID_20250909_144641.104.jpg,vanilaice,rousettus,original,video,False,train,279.4127146408291
data/processed/rousettus/video/not_augmented/base/original_bg/vanilaice/r--vanilaice--VID_20250909_144641.105.jpg,vanilaice,rousettus,original,video,False,train,335.84433717382103
data/processed/rousettus/video/not_augmented/base/original_bg/vanilaice/r--vanilaice--VID_20250909_144641.106.jpg,vanilaice,rousettus,original,video,False,train,354.4633254830115
data/processed/rousettus/video/not_augmented/base/original_bg/vanilaice/r--vanilaice--VID_20250909_144641.107.jpg,vanilaice,rousettus,original,video,False,train,301.329086303711
data/processed/rousettus/video/not_augmented/base/original_bg/vanilaice/r--vanilaice--VID_20250909_144641.197.jpg,vanilaice,rousettus,original,video,False,train,98.1619838979134
data/processed/rousettus/video/not_augmented/base/original_bg/vanilaice/r--vanilaice--VID_20250909_144641.198.jpg,vanilaice,rousettus,original,video,False,train,87.15801421367642
data/processed/rousettus/video/not_augmented/base/original_bg/vanilaice/r--vanilaice--VID_20250909_144641.199.jpg,vanilaice,rousettus,original,video,False,train,85.28912757705123
data/processed/rousettus/video/not_augmented/base/original_bg/vanilaice/r--vanilaice--VID_20250909_144641.200.jpg,vanilaice,rousettus,original,video,False,train,106.4800569962482
data/processed/rousettus/video/not_augmented/base/original_bg/vanilaice/r--vanilaice--VID_20250909_144641.202.jpg,vanilaice,rousettus,original,video,False,train,109.54963735201515
data/processed/rousettus/video/not_augmented/base/original_bg/vanilaice/r--vanilaice--VID_20250909_144641.205.jpg,vanilaice,rousettus,original,video,False,train,95.74718426684944
data/processed/rousettus/video/not_augmented/base/original_bg/vanilaice/r--vanilaice--VID_20250909_144641.206.jpg,vanilaice,rousettus,original,video,False,train,75.44853233804507
data/processed/rousettus/video/not_augmented/base/original_bg/vanilaice/r--vanilaice--VID_20250909_144641.207.jpg,vanilaice,rousettus,original,video,False,train,106.46277849697064
data/processed/rousettus/video/not_augmented/base/original_bg/vanilaice/r--vanilaice--VID_20250909_144641.209.jpg,vanilaice,rousettus,original,video,False,train,151.89460035901627
data/processed/rousettus/video/not_augmented/base/original_bg/vanilaice/r--vanilaice--VID_20250909_144641.210.jpg,vanilaice,rousettus,original,video,False,train,137.2484532375725
data/processed/rousettus/video/not_augmented/base/original_bg/vanilaice/r--vanilaice--VID_20250909_144641.211.jpg,vanilaice,rousettus,original,video,False,train,161.91792960049756
data/processed/rousettus/video/not_augmented/base/original_bg/vanilaice/r--vanilaice--VID_20250909_144641.212.jpg,vanilaice,rousettus,original,video,False,train,141.9014908084766
data/processed/rousettus/video/not_augmented/base/original_bg/vanilaice/r--vanilaice--VID_20250909_144641.213.jpg,vanilaice,rousettus,original,video,False,train,179.0408154268753
data/processed/rousettus/video/not_augmented/base/original_bg/vanilaice/r--vanilaice--VID_20250909_144641.214.jpg,vanilaice,rousettus,original,video,False,train,203.66332509566325
data/processed/rousettus/video/not_augmented/base/original_bg/vanilaice/r--vanilaice--VID_20250909_144641.216.jpg,vanilaice,rousettus,original,video,False,train,210.29976642891444
data/processed/rousettus/video/not_augmented/base/original_bg/vanilaice/r--vanilaice--VID_20250909_144641.217.jpg,vanilaice,rousettus,original,video,False,train,206.7519600394368
data/processed/rousettus/video/not_augmented/base/original_bg/vanilaice/r--vanilaice--VID_20250909_144641.218.jpg,vanilaice,rousettus,original,video,False,train,235.4296317523541
data/processed/rousettus/video/not_augmented/base/original_bg/vanilaice/r--vanilaice--VID_20250909_144641.386.jpg,vanilaice,rousettus,original,video,False,train,91.39070835296236
data/processed/rousettus/video/not_augmented/base/original_bg/vanilaice/r--vanilaice--VID_20250909_144641.387.jpg,vanilaice,rousettus,original,video,False,train,82.04125710876222
data/processed/rousettus/video/not_augmented/base/original_bg/vanilaice/r--vanilaice--VID_20250909_144641.388.jpg,vanilaice,rousettus,original,video,False,train,76.15392207463847
data/processed/rousettus/video/not_augmented/base/original_bg/vanilaice/r--vanilaice--VID_20250909_144641.389.jpg,vanilaice,rousettus,original,video,False,train,90.8546243498396
data/processed/rousettus/video/not_augmented/base/original_bg/vanilaice/r--vanilaice--VID_20250909_144641.395.jpg,vanilaice,rousettus,original,video,False,train,88.72496529968019
data/processed/rousettus/video/not_augmented/base/original_bg/vanilaice/r--vanilaice--VID_20250909_144641.396.jpg,vanilaice,rousettus,original,video,False,train,70.91858292380655
data/processed/rousettus/video/not_augmented/base/original_bg/vanilaice/r--vanilaice--VID_20250909_144641.399.jpg,vanilaice,rousettus,original,video,False,train,90.91015696019149
data/processed/rousettus/video/not_augmented/base/original_bg/vanilaice/r--vanilaice--VID_20250909_144641.52.jpg,vanilaice,rousettus,original,video,False,train,248.52971210940487
data/processed/rousettus/video/not_augmented/base/original_bg/vanilaice/r--vanilaice--VID_20250909_144641.53.jpg,vanilaice,rousettus,original,video,False,train,220.7590993923328
data/processed/rousettus/video/not_augmented/base/original_bg/vanilaice/r--vanilaice--VID_20250909_144641.54.jpg,vanilaice,rousettus,original,video,False,train,226.111960349506
data/processed/rousettus/video/not_augmented/base/original_bg/vanilaice/r--vanilaice--VID_20250909_144641.55.jpg,vanilaice,rousettus,original,video,False,train,260.0029704810082
data/processed/rousettus/video/not_augmented/base/original_bg/vanilaice/r--vanilaice--VID_20250909_144641.56.jpg,vanilaice,rousettus,original,video,False,train,244.10305915103268
data/processed/rousettus/video/not_augmented/base/original_bg/vanilaice/r--vanilaice--VID_20250909_144641.57.jpg,vanilaice,rousettus,original,video,False,train,235.68207107251604
data/processed/rousettus/video/not_augmented/base/original_bg/vanilaice/r--vanilaice--VID_20250909_144641.58.jpg,vanilaice,rousettus,original,video,False,train,216.27175190269023
data/processed/rousettus/video/not_augmented/base/original_bg/vanilaice/r--vanilaice--VID_20250909_144641.59.jpg,vanilaice,rousettus,original,video,False,train,161.96492270041088
data/processed/rousettus/video/not_augmented/base/original_bg/vanilaice/r--vanilaice--VID_20250909_144641.60.jpg,vanilaice,rousettus,original,video,False,train,161.80715966492775
data/processed/rousettus/video/not_augmented/base/original_bg/vanilaice/r--vanilaice--VID_20250909_144641.61.jpg,vanilaice,rousettus,original,video,False,train,162.1535134174485
data/processed/rousettus/video/not_augmented/base/original_bg/vanilaice/r--vanilaice--VID_20250909_144641.62.jpg,vanilaice,rousettus,original,video,False,train,141.7821692133486
data/processed/rousettus/video/not_augmented/base/original_bg/vanilaice/r--vanilaice--VID_20250909_144641.63.jpg,vanilaice,rousettus,original,video,False,train,151.39031913150404
data/processed/rousettus/video/not_augmented/base/original_bg/vanilaice/r--vanilaice--VID_20250909_144641.64.jpg,vanilaice,rousettus,original,video,False,train,168.69691240246323
data/processed/rousettus/video/not_augmented/base/original_bg/vanilaice/r--vanilaice--VID_20250909_144641.71.jpg,vanilaice,rousettus,original,video,False,train,185.634011442986
data/processed/rousettus/video/not_augmented/base/original_bg/vanilaice/r--vanilaice--VID_20250909_144641.72.jpg,vanilaice,rousettus,original,video,False,train,203.54521974073447
data/processed/rousettus/video/not_augmented/base/original_bg/vanilaice/r--vanilaice--VID_20250909_144641.73.jpg,vanilaice,rousettus,original,video,False,train,188.8857375954847
data/processed/rousettus/video/not_augmented/base/original_bg/vanilaice/r--vanilaice--VID_20250909_144641.74.jpg,vanilaice,rousettus,original,video,False,train,214.9523666644781
data/processed/rousettus/video/not_augmented/base/original_bg/vanilaice/r--vanilaice--VID_20250909_144641.75.jpg,vanilaice,rousettus,original,video,False,train,254.4200458705351
data/processed/rousettus/video/not_augmented/base/original_bg/vanilaice/r--vanilaice--VID_20250909_144641.76.jpg,vanilaice,rousettus,original,video,False,train,331.133701168761
data/processed/rousettus/video/not_augmented/base/original_bg/vanilaice/r--vanilaice--VID_20250909_144641.77.jpg,vanilaice,rousettus,original,video,False,train,274.341001802164
data/processed/rousettus/video/not_augmented/base/original_bg/vanilaice/r--vanilaice--VID_20250909_144641.78.jpg,vanilaice,rousettus,original,video,False,train,284.3359887700238
data/processed/rousettus/video/not_augmented/base/original_bg/vanilaice/r--vanilaice--VID_20250909_144641.79.jpg,vanilaice,rousettus,original,video,False,train,284.1987644781028
data/processed/rousettus/video/not_augmented/base/original_bg/vanilaice/r--vanilaice--VID_20250909_144641.80.jpg,vanilaice,rousettus,original,video,False,train,254.1462100278036
data/processed/rousettus/video/not_augmented/base/original_bg/vanilaice/r--vanilaice--VID_20250909_144641.81.jpg,vanilaice,rousettus,original,video,False,train,275.4589625572672
data/processed/rousettus/video/not_augmented/base/original_bg/vanilaice/r--vanilaice--VID_20250909_144641.82.jpg,vanilaice,rousettus,original,video,False,train,232.1881635758044
data/processed/rousettus/video/not_augmented/base/original_bg/vanilaice/r--vanilaice--VID_20250909_144641.83.jpg,vanilaice,rousettus,original,video,False,train,145.10976984062972
data/processed/rousettus/video/not_augmented/base/original_bg/vanilaice/r--vanilaice--VID_20250909_144641.84.jpg,vanilaice,rousettus,original,video,False,train,167.3841841767997
data/processed/rousettus/video/not_augmented/base/original_bg/vanilaice/r--vanilaice--VID_20250909_144641.85.jpg,vanilaice,rousettus,original,video,False,train,178.30046859059618
data/processed/rousettus/video/not_augmented/base/original_bg/vanilaice/r--vanilaice--VID_20250909_144641.86.jpg,vanilaice,rousettus,original,video,False,train,150.13541534333268
data/processed/rousettus/video/not_augmented/base/original_bg/vanilaice/r--vanilaice--VID_20250909_144641.87.jpg,vanilaice,rousettus,original,video,False,train,162.70948553144908
data/processed/rousettus/video/not_augmented/base/original_bg/vanilaice/r--vanilaice--VID_20250909_144641.88.jpg,vanilaice,rousettus,original,video,False,train,161.56764615689255
data/processed/rousettus/video/not_augmented/base/original_bg/vanilaice/r--vanilaice--VID_20250909_144641.89.jpg,vanilaice,rousettus,original,video,False,train,167.98480277357376
data/processed/rousettus/video/not_augmented/base/original_bg/vanilaice/r--vanilaice--VID_20250909_144641.90.jpg,vanilaice,rousettus,original,video,False,train,158.97016488209906
data/processed/rousettus/video/not_augmented/base/original_bg/vanilaice/r--vanilaice--VID_20250909_144641.91.jpg,vanilaice,rousettus,original,video,False,train,132.53731373219327
data/processed/rousettus/video/not_augmented/base/original_bg/vanilaice/r--vanilaice--VID_20250909_144641.92.jpg,vanilaice,rousettus,original,video,False,train,157.22373243631398
data/processed/rousettus/video/not_augmented/base/original_bg/vanilaice/r--vanilaice--VID_20250909_144641.93.jpg,vanilaice,rousettus,original,video,False,train,174.77953460324755
data/processed/rousettus/video/not_augmented/base/original_bg/vanilaice/r--vanilaice--VID_20250909_144641.94.jpg,vanilaice,rousettus,original,video,False,train,147.46800618924385
data/processed/rousettus/video/not_augmented/base/original_bg/vanilaice/r--vanilaice--VID_20250909_144641.95.jpg,vanilaice,rousettus,original,video,False,train,195.78327064244064
data/processed/rousettus/video/not_augmented/base/original_bg/vanilaice/r--vanilaice--VID_20250909_144641.96.jpg,vanilaice,rousettus,original,video,False,train,218.5071538613767
data/processed/rousettus/video/not_augmented/base/original_bg/vanilaice/r--vanilaice--VID_20250909_144641.97.jpg,vanilaice,rousettus,original,video,False,train,152.02846867379822
data/processed/rousettus/video/not_augmented/base/original_bg/vanilaice/r--vanilaice--VID_20250909_144641.98.jpg,vanilaice,rousettus,original,video,False,train,172.26472794676954
data/processed/rousettus/video/not_augmented/base/original_bg/vanilaice/r--vanilaice--VID_20250909_144641.99.jpg,vanilaice,rousettus,original,video,False,train,260.695848824828
