path,identity,species,background,source,augmented,split,quality
data/processed/rousettus/video/not_augmented/bgonly/random/arrowhead/r--arrowhead--VID_20250909_144129.1.jpg,arrowhead,rousettus,random,video,False,val,183.5528509480812
data/processed/rousettus/video/not_augmented/bgonly/random/arrowhead/r--arrowhead--VID_20250909_144129.100.jpg,arrowhead,rousettus,random,video,False,val,140.1205653163206
data/processed/rousettus/video/not_augmented/bgonly/random/arrowhead/r--arrowhead--VID_20250909_144129.105.jpg,arrowhead,rousettus,random,video,False,val,139.86225789907027
data/processed/rousettus/video/not_augmented/bgonly/random/arrowhead/r--arrowhead--VID_20250909_144129.184.jpg,arrowhead,rousettus,random,video,False,val,235.7361936477858
data/processed/rousettus/video/not_augmented/bgonly/random/arrowhead/r--arrowhead--VID_20250909_144129.188.jpg,arrowhead,rousettus,random,video,False,val,278.4016081437822
data/processed/rousettus/video/not_augmented/bgonly/random/arrowhead/r--arrowhead--VID_20250909_144129.189.jpg,arrowhead,rousettus,random,video,False,val,29.278118919601347
data/processed/rousettus/video/not_augmented/bgonly/random/arrowhead/r--arrowhead--VID_20250909_144129.190.jpg,arrowhead,rousettus,random,video,False,val,483.9848470783194
data/processed/rousettus/video/not_augmented/bgonly/random/arrowhead/r--arrowhead--VID_20250909_144129.191.jpg,arrowhead,rousettus,random,video,False,val,363.4096009581351
data/processed/rousettus/video/not_augmented/bgonly/random/arrowhead/r--arrowhead--VID_20250909_144129.192.jpg,arrowhead,rousettus,random,video,False,val,284.53811275636286
data/processed/rousettus/video/not_augmented/bgonly/random/arrowhead/r--arrowhead--VID_20250909_144129.193.jpg,arrowhead,rousettus,random,video,False,val,277.1801904581428
data/processed/rousettus/video/not_augmented/bgonly/random/arrowhead/r--arrowhead--VID_20250909_144129.194.jpg,arrowhead,rousettus,random,video,False,val,386.3629492029256
data/processed/rousettus/video/not_augmented/bgonly/random/arrowhead/r--arrowhead--VID_20250909_144129.195.jpg,arrowhead,rousettus,random,video,False,val,60.85334985646443
data/processed/rousettus/video/not_augmented/bgonly/random/arrowhead/r--arrowhead--VID_20250909_144129.196.jpg,arrowhead,rousettus,random,video,False,val,647.6801532930456
data/processed/rousettus/video/not_augmented/bgonly/random/arrowhead/r--arrowhead--VID_20250909_144129.197.jpg,arrowhead,rousettus,random,video,False,val,68.2281822830575
data/processed/rousettus/video/not_augmented/bgonly/random/arrowhead/r--arrowhead--VID_20250909_144129.198.jpg,arrowhead,rousettus,random,video,False,val,76.19098511083777
data/processed/rousettus/video/not_augmented/bgonly/random/arrowhead/r--arrowhead--VID_20250909_144129.199.jpg,arrowhead,rousettus,random,video,False,val,108.62126846623292
data/processed/rousettus/video/not_augmented/bgonly/random/arrowhead/r--arrowhead--VID_20250909_144129.2.jpg,arrowhead,rousettus,random,video,False,val,386.29703177238
data/processed/rousettus/video/not_augmented/bgonly/random/arrowhead/r--arrowhead--VID_20250909_144129.200.jpg,arrowhead,rousettus,random,video,False,val,280.6596986162121
data/processed/rousettus/video/not_augmented/bgonly/random/arrowhead/r--arrowhead--VID_20250909_144129.201.jpg,arrowhead,rousettus,random,video,False,val,177.51332022338443
data/processed/rousettus/video/not_augmented/bgonly/random/arrowhead/r--arrowhead--VID_20250909_144129.202.jpg,arrowhead,rousettus,random,video,False,val,96.99946177298702
data/processed/rousettus/video/not_augmented/bgonly/random/arrowhead/r--arrowhead--VID_20250909_144129.203.jpg,arrowhead,rousettus,random,video,False,val,478.4043601837222
data/processed/rousettus/video/not_augmented/bgonly/random/arrowhead/r--arrowhead--VID_20250909_144129.204.jpg,arrowhead,rousettus,random,video,False,val,30.995794592177752
data/processed/rousettus/video/not_augmented/bgonly/random/arrowhead/r--arrowhead--VID_20250909_144129.205.jpg,arrowhead,rousettus,random,video,False,val,209.2862427503752
data/processed/rousettus/video/not_augmented/bgonly/random/arrowhead/r--arrowhead--VID_20250909_144129.206.jpg,arrowhead,rousettus,random,video,False,val,1263.908388486558
data/processed/rousettus/video/not_augmented/bgonly/random/arrowhead/r--arrowhead--VID_20250909_144129.207.jpg,arrowhead,rousettus,random,video,False,val,362.1225478153633
data/processed/rousettus/video/not_augmented/bgonly/random/arrowhead/r--arrowhead--VID_20250909_144129.208.jpg,arrowhead,rousettus,random,video,False,val,112.713785040036
data/processed/rousettus/video/not_augmented/bgonly/random/arrowhead/r--arrowhead--VID_20250909_144129.209.jpg,arrowhead,rousettus,random,video,False,val,186.53084997791197
data/processed/rousettus/video/not_augmented/bgonly/random/arrowhead/r--arrowhead--VID_20250909_144129.210.jpg,arrowhead,rousettus,random,video,False,val,161.83752690529337
data/processed/rousettus/video/not_augmented/bgonly/random/arrowhead/r--arrowhead--VID_20250909_144129.211.jpg,arrowhead,rousettus,random,video,False,val,44.90039293471101
data/processed/rousettus/video/not_augmented/bgonly/random/arrowhead/r--arrowhead--VID_20250909_144129.212.jpg,arrowhead,rousettus,random,video,False,val,27.57029861671038
data/processed/rousettus/video/not_augmented/bgonly/random/arrowhead/r--arrowhead--VID_20250909_144129.213.jpg,arrowhead,rousettus,random,video,False,val,331.0092797444196
data/processed/rousettus/video/not_augmented/bgonly/random/arrowhead/r--arrowhead--VID_20250909_144129.214.jpg,arrowhead,rousettus,random,video,False,val,623.9782521578732
data/processed/rousettus/video/not_augmented/bgonly/random/arrowhead/r--arrowhead--VID_20250909_144129.215.jpg,arrowhead,rousettus,random,video,False,val,242.7510753406777
data/processed/rousettus/video/not_augmented/bgonly/random/arrowhead/r--arrowhead--VID_20250909_144129.216.jpg,arrowhead,rousettus,random,video,False,val,51.15732425275022
data/processed/rousettus/video/not_augmented/bgonly/random/arrowhead/r--arrowhead--VID_20250909_144129.217.jpg,arrowhead,rousettus,random,video,False,val,81.80468639062377
data/processed/rousettus/video/not_augmented/bgonly/random/arrowhead/r--arrowhead--VID_20250909_144129.218.jpg,arrowhead,rousettus,random,video,False,val,180.7080582472147
data/processed/rousettus/video/not_augmented/bgonly/random/arrowhead/r--arrowhead--VID_20250909_144129.219.jpg,arrowhead,rousettus,random,video,False,val,725.4131312654297
data/processed/rousettus/video/not_augmented/bgonly/random/arrowhead/r--arrowhead--VID_20250909_144129.220.jpg,arrowhead,rousettus,random,video,False,val,166.7593184295966
data/processed/rousettus/video/not_augmented/bgonly/random/arrowhead/r--arrowhead--VID_20250909_144129.221.jpg,arrowhead,rousettus,random,video,False,val,32.24990035076531
data/processed/rousettus/video/not_augmented/bgonly/random/arrowhead/r--arrowhead--VID_20250909_144129.222.jpg,arrowhead,rousettus,random,video,False,val,180.7249345024741
data/processed/rousettus/video/not_augmented/bgonly/random/arrowhead/r--arrowhead--VID_20250909_144129.223.jpg,arrowhead,rousettus,random,video,False,val,419.47175873919656
data/processed/rousettus/video/not_augmented/bgonly/random/arrowhead/r--arrowhead--VID_20250909_144129.224.jpg,arrowhead,rousettus,random,video,False,val,491.2795894385277
data/processed/rousettus/video/not_augmented/bgonly/random/arrowhead/r--arrowhead--VID_20250909_144129.225.jpg,arrowhead,rousettus,random,video,False,val,468.6274380999672
data/processed/rousettus/video/not_augmented/bgonly/random/arrowhead/r--arrowhead--VID_20250909_144129.226.jpg,arrowhead,rousettus,random,video,False,val,109.15880070542951
data/processed/rousettus/video/not_augmented/bgonly/random/arrowhead/r--arrowhead--VID_20250909_144129.227.jpg,arrowhead,rousettus,random,video,False,val,66.70590374202641
data/processed/rousettus/video/not_augmented/bgonly/random/arrowhead/r--arrowhead--VID_20250909_144129.228.jpg,arrowhead,rousettus,random,video,False,val,141.83882372918495
data/processed/rousettus/video/not_augmented/bgonly/random/arrowhead/r--arrowhead--VID_20250909_144129.229.jpg,arrowhead,rousettus,random,video,False,val,218.9206903164509
data/processed/rousettus/video/not_augmented/bgonly/random/arrowhead/r--arrowhead--VID_20250909_144129.230.jpg,arrowhead,rousettus,random,video,False,val,110.56403450884456
data/processed/rousettus/video/not_augmented/bgonly/random/arrowhead/r--arrowhead--VID_20250909_144129.231.jpg,arrowhead,rousettus,random,video,False,val,141.91563835604794
data/processed/rousettus/video/not_augmented/bgonly/random/arrowhead/r--arrowhead--VID_20250909_144129.232.jpg,arrowhead,rousettus,random,video,False,val,786.7822479905808
data/processed/rousettus/video/not_augmented/bgonly/random/arrowhead/r--arrowhead--VID_20250909_144129.233.jpg,arrowhead,rousettus,random,video,False,val,122.3224613101519
data/processed/rousettus/video/not_augmented/bgonly/random/arrowhead/r--arrowhead--VID_20250909_144129.234.jpg,arrowhead,rousettus,random,video,False,val,23.8223652706599
data/processed/rousettus/video/not_augmented/bgonly/random/arrowhead/r--arrowhead--VID_20250909_144129.235.jpg,arrowhead,rousettus,random,video,False,val,70.28334068765444
data/processed/rousettus/video/not_augmented/bgonly/random/arrowhead/r--arrowhead--VID_20250909_144129.236.jpg,arrowhead,rousettus,random,video,False,val,74.11671134086015
data/processed/rousettus/video/not_augmented/bgonly/random/arrowhead/r--arrowhead--VID_20250909_144129.237.jpg,arrowhead,rousettus,random,video,False,val,89.49770637553515
data/processed/rousettus/video/not_augmented/bgonly/random/arrowhead/r--arrowhead--VID_20250909_144129.238.jpg,arrowhead,rousettus,random,video,False,val,200.1859675863791
data/processed/rousettus/video/not_augmented/bgonly/random/arrowhead/r--arrowhead--VID_20250909_144129.239.jpg,arrowhead,rousettus,random,video,False,val,296.86783324833067
data/processed/rousettus/video/not_augmented/bgonly/random/arrowhead/r--arrowhead--VID_20250909_144129.240.jpg,arrowhead,rousettus,random,video,False,val,378.5621377161671
data/processed/rousettus/video/not_augmented/bgonly/random/arrowhead/r--arrowhead--VID_20250909_144129.241.jpg,arrowhead,rousettus,random,video,False,val,34.384915542125896
data/processed/rousettus/video/not_augmented/bgonly/random/arrowhead/r--arrowhead--VID_20250909_144129.242.jpg,arrowhead,rousettus,random,video,False,val,92.2213486330254
data/processed/rousettus/video/not_augmented/bgonly/random/arrowhead/r--arrowhead--VID_20250909_144129.243.jpg,arrowhead,rousettus,random,video,False,val,226.5247987825043
data/processed/rousettus/video/not_augmented/bgonly/random/arrowhead/r--arrowhead--VID_20250909_144129.244.jpg,arrowhead,rousettus,random,video,False,val,341.0839206226068
data/processed/rousettus/video/not_augmented/bgonly/random/arrowhead/r--arrowhead--VID_20250909_144129.245.jpg,arrowhead,rousettus,random,video,False,val,135.23437902878743
data/processed/rousettus/video/not_augmented/bgonly/random/arrowhead/r--arrowhead--VID_20250909_144129.246.jpg,arrowhead,rousettus,random,video,False,val,79.74371834706882
data/processed/rousettus/video/not_augmented/bgonly/random/arrowhead/r--arrowhead--VID_20250909_144129.247.jpg,arrowhead,rousettus,random,video,False,val,67.59887168110534
data/processed/rousettus/video/not_augmented/bgonly/random/arrowhead/r--arrowhead--VID_20250909_144129.248.jpg,arrowhead,rousettus,random,video,False,val,458.28457764892073
data/processed/rousettus/video/not_augmented/bgonly/random/arrowhead/r--arrowhead--VID_20250909_144129.249.jpg,arrowhead,rousettus,random,video,False,val,486.8432985279573
data/processed/rousettus/video/not_augmented/bgonly/random/arrowhead/r--arrowhead--VID_20250909_144129.250.jpg,arrowhead,rousettus,random,video,False,val,607.8180553300436
data/processed/rousettus/video/not_augmented/bgonly/random/arrowhead/r--arrowhead--VID_20250909_144129.251.jpg,arrowhead,rousettus,random,video,False,val,55.797932438133465
data/processed/rousettus/video/not_augmented/bgonly/random/arrowhead/r--arrowhead--VID_20250909_144129.252.jpg,arrowhead,rousettus,random,video,False,val,221.95289516448975
data/processed/rousettus/video/not_augmented/bgonly/random/arrowhead/r--arrowhead--VID_20250909_144129.253.jpg,arrowhead,rousettus,random,video,False,val,147.9989608353945
data/processed/rousettus/video/not_augmented/bgonly/random/arrowhead/r--arrowhead--VID_20250909_144129.254.jpg,arrowhead,rousettus,random,video,False,val,86.63855136130958
data/processed/rousettus/video/not_augmented/bgonly/random/arrowhead/r--arrowhead--VID_20250909_144129.255.jpg,arrowhead,rousettus,random,video,False,val,91.9966979811262
data/processed/rousettus/video/not_augmented/bgonly/random/arrowhead/r--arrowhead--VID_20250909_144129.256.jpg,arrowhead,rousettus,random,video,False,val,76.54124357262437
data/processed/rousettus/video/not_augmented/bgonly/random/arrowhead/r--arrowhead--VID_20250909_144129.257.jpg,arrowhead,rousettus,random,video,False,val,327.6393186147389
data/processed/rousettus/video/not_augmented/bgonly/random/arrowhead/r--arrowhead--VID_20250909_144129.258.jpg,arrowhead,rousettus,random,video,False,val,224.5943934616572
data/processed/rousettus/video/not_augmented/bgonly/random/arrowhead/r--arrowhead--VID_20250909_144129.259.jpg,arrowhead,rousettus,random,video,False,val,555.1304570980144
data/processed/rousettus/video/not_augmented/bgonly/random/arrowhead/r--arrowhead--VID_20250909_144129.3.jpg,arrowhead,rousettus,random,video,False,val,78.65435103980862
data/processed/rousettus/video/not_augmented/bgonly/random/arrowhead/r--arrowhead--VID_20250909_144129.325.jpg,arrowhead,rousettus,random,video,False,val,759.3073342405522
data/processed/rousettus/video/not_augmented/bgonly/random/arrowhead/r--arrowhead--VID_20250909_144129.326.jpg,arrowhead,rousettus,random,video,False,val,71.55033025936204
data/processed/rousettus/video/not_augmented/bgonly/random/arrowhead/r--arrowhead--VID_20250909_144129.327.jpg,arrowhead,rousettus,random,video,False,val,360.9335900115649
data/processed/rousettus/video/not_augmented/bgonly/random/arrowhead/r--arrowhead--VID_20250909_144129.328.jpg,arrowhead,rousettus,random,video,False,val,240.87984574273048
data/processed/rousettus/video/not_augmented/bgonly/random/arrowhead/r--arrowhead--VID_20250909_144129.329.jpg,arrowhead,rousettus,random,video,False,val,150.8035619069218
data/processed/rousettus/video/not_augmented/bgonly/random/arrowhead/r--arrowhead--VID_20250909_144129.330.jpg,arrowhead,rousettus,random,video,False,val,287.4864142488212
data/processed/rousettus/video/not_augmented/bgonly/random/arrowhead/r--arrowhead--VID_20250909_144129.331.jpg,arrowhead,rousettus,random,video,False,val,356.9370184262461
data/processed/rousettus/video/not_augmented/bgonly/random/arrowhead/r--arrowhead--VID_20250909_144129.363.jpg,arrowhead,rousettus,random,video,False,val,554.4304725455522
data/processed/rousettus/video/not_augmented/bgonly/random/arrowhead/r--arrowhead--VID_20250909_144129.367.jpg,arrowhead,rousettus,random,video,False,val,177.15091711637726
data/processed/rousettus/video/not_augmented/bgonly/random/arrowhead/r--arrowhead--VID_20250909_144129.368.jpg,arrowhead,rousettus,random,video,False,val,1282.73467423329
data/processed/rousettus/video/not_augmented/bgonly/random/arrowhead/r--arrowhead--VID_20250909_144129.369.jpg,arrowhead,rousettus,random,video,False,val,168.91785369858746
data/processed/rousettus/video/not_augmented/bgonly/random/arrowhead/r--arrowhead--VID_20250909_144129.371.jpg,arrowhead,rousettus,random,video,False,val,58.395999951344734
data/processed/rousettus/video/not_augmented/bgonly/random/arrowhead/r--arrowhead--VID_20250909_144129.377.jpg,arrowhead,rousettus,random,video,False,val,404.9513162647074
data/processed/rousettus/video/not_augmented/bgonly/random/arrowhead/r--arrowhead--VID_20250909_144129.378.jpg,arrowhead,rousettus,random,video,False,val,396.3310967075581
data/processed/rousettus/video/not_augmented/bgonly/random/arrowhead/r--arrowhead--VID_20250909_144129.379.jpg,arrowhead,rousettus,random,video,False,val,404.7770228133704
data/processed/rousettus/video/not_augmented/bgonly/random/arrowhead/r--arrowhead--VID_20250909_144129.382.jpg,arrowhead,rousettus,random,video,False,val,277.30751401392035
data/processed/rousettus/video/not_augmented/bgonly/random/arrowhead/r--arrowhead--VID_20250909_144129.387.jpg,arrowhead,rousettus,random,video,False,val,171.12922176566036
data/processed/rousettus/video/not_augmented/bgonly/random/arrowhead/r--arrowhead--VID_20250909_144129.389.jpg,arrowhead,rousettus,random,video,False,val,140.6260957090321
data/processed/rousettus/video/not_augmented/bgonly/random/arrowhead/r--arrowhead--VID_20250909_144129.390.jpg,arrowhead,rousettus,random,video,False,val,69.60809719557565
data/processed/rousettus/video/not_augmented/bgonly/random/arrowhead/r--arrowhead--VID_20250909_144129.391.jpg,arrowhead,rousettus,random,video,False,val,263.4443227123688
data/processed/rousettus/video/not_augmented/bgonly/random/arrowhead/r--arrowhead--VID_20250909_144129.392.jpg,arrowhead,rousettus,random,video,False,val,196.96219178985825
data/processed/rousettus/video/not_augmented/bgonly/random/arrowhead/r--arrowhead--VID_20250909_144129.393.jpg,arrowhead,rousettus,random,video,False,val,380.01482800313306
data/processed/rousettus/video/not_augmented/bgonly/random/arrowhead/r--arrowhead--VID_20250909_144129.394.jpg,arrowhead,rousettus,random,video,False,val,228.1641774461548
data/processed/rousettus/video/not_augmented/bgonly/random/arrowhead/r--arrowhead--VID_20250909_144129.395.jpg,arrowhead,rousettus,random,video,False,val,143.38123839639317
data/processed/rousettus/video/not_augmented/bgonly/random/arrowhead/r--arrowhead--VID_20250909_144129.396.jpg,arrowhead,rousettus,random,video,False,val,353.4687642467265
data/processed/rousettus/video/not_augmented/bgonly/random/arrowhead/r--arrowhead--VID_20250909_144129.397.jpg,arrowhead,rousettus,random,video,False,val,23.75912840015836
data/processed/rousettus/video/not_augmented/bgonly/random/arrowhead/r--arrowhead--VID_20250909_144129.398.jpg,arrowhead,rousettus,random,video,False,val,85.6613302917989
data/processed/rousettus/video/not_augmented/bgonly/random/arrowhead/r--arrowhead--VID_20250909_144129.399.jpg,arrowhead,rousettus,random,video,False,val,236.37679388323508
data/processed/rousettus/video/not_augmented/bgonly/random/arrowhead/r--arrowhead--VID_20250909_144129.400.jpg,arrowhead,rousettus,random,video,False,val,141.3830001811989
data/processed/rousettus/video/not_augmented/bgonly/random/arrowhead/r--arrowhead--VID_20250909_144129.401.jpg,arrowhead,rousettus,random,video,False,val,170.05228081170546
data/processed/rousettus/video/not_augmented/bgonly/random/arrowhead/r--arrowhead--VID_20250909_144129.402.jpg,arrowhead,rousettus,random,video,False,val,243.12554655666895
data/processed/rousettus/video/not_augmented/bgonly/random/arrowhead/r--arrowhead--VID_20250909_144129.403.jpg,arrowhead,rousettus,random,video,False,val,166.2615704228609
data/processed/rousettus/video/not_augmented/bgonly/random/arrowhead/r--arrowhead--VID_20250909_144129.404.jpg,arrowhead,rousettus,random,video,False,val,307.42745392722713
data/processed/rousettus/video/not_augmented/bgonly/random/arrowhead/r--arrowhead--VID_20250909_144129.405.jpg,arrowhead,rousettus,random,video,False,val,144.78576228599758
data/processed/rousettus/video/not_augmented/bgonly/random/arrowhead/r--arrowhead--VID_20250909_144129.406.jpg,arrowhead,rousettus,random,video,False,val,449.020744364642
data/processed/rousettus/video/not_augmented/bgonly/random/arrowhead/r--arrowhead--VID_20250909_144129.407.jpg,arrowhead,rousettus,random,video,False,val,474.83367579244464
data/processed/rousettus/video/not_augmented/bgonly/random/arrowhead/r--arrowhead--VID_20250909_144129.408.jpg,arrowhead,rousettus,random,video,False,val,46.07023267892936
data/processed/rousettus/video/not_augmented/bgonly/random/arrowhead/r--arrowhead--VID_20250909_144129.410.jpg,arrowhead,rousettus,random,video,False,val,57.005657723524926
data/processed/rousettus/video/not_augmented/bgonly/random/arrowhead/r--arrowhead--VID_20250909_144129.411.jpg,arrowhead,rousettus,random,video,False,val,513.3544565122954
data/processed/rousettus/video/not_augmented/bgonly/random/arrowhead/r--arrowhead--VID_20250909_144129.412.jpg,arrowhead,rousettus,random,video,False,val,28.312677251950053
data/processed/rousettus/video/not_augmented/bgonly/random/arrowhead/r--arrowhead--VID_20250909_144129.413.jpg,arrowhead,rousettus,random,video,False,val,199.7162178413712
data/processed/rousettus/video/not_augmented/bgonly/random/arrowhead/r--arrowhead--VID_20250909_144129.414.jpg,arrowhead,rousettus,random,video,False,val,325.15899253378103
data/processed/rousettus/video/not_augmented/bgonly/random/arrowhead/r--arrowhead--VID_20250909_144129.415.jpg,arrowhead,rousettus,random,video,False,val,13.000238979821004
data/processed/rousettus/video/not_augmented/bgonly/random/arrowhead/r--arrowhead--VID_20250909_144129.416.jpg,arrowhead,rousettus,random,video,False,val,141.45281414109834
data/processed/rousettus/video/not_augmented/bgonly/random/arrowhead/r--arrowhead--VID_20250909_144129.417.jpg,arrowhead,rousettus,random,video,False,val,134.18951188142674
data/processed/rousettus/video/not_augmented/bgonly/random/arrowhead/r--arrowhead--VID_20250909_144129.418.jpg,arrowhead,rousettus,random,video,False,val,548.2837963012892
data/processed/rousettus/video/not_augmented/bgonly/random/arrowhead/r--arrowhead--VID_20250909_144129.419.jpg,arrowhead,rousettus,random,video,False,val,465.4650653106677
data/processed/rousettus/video/not_augmented/bgonly/random/arrowhead/r--arrowhead--VID_20250909_144129.420.jpg,arrowhead,rousettus,random,video,False,val,179.70361991446993
data/processed/rousettus/video/not_augmented/bgonly/random/arrowhead/r--arrowhead--VID_20250909_144129.421.jpg,arrowhead,rousettus,random,video,False,val,372.42642122782655
data/processed/rousettus/video/not_augmented/bgonly/random/arrowhead/r--arrowhead--VID_20250909_144129.422.jpg,arrowhead,rousettus,random,video,False,val,469.6327795575232
data/processed/rousettus/video/not_augmented/bgonly/random/arrowhead/r--arrowhead--VID_20250909_144129.423.jpg,arrowhead,rousettus,random,video,False,val,158.42922803155088
data/processed/rousettus/video/not_augmented/bgonly/random/arrowhead/r--arrowhead--VID_20250909_144129.425.jpg,arrowhead,rousettus,random,video,False,val,53.05741745648111
data/processed/rousettus/video/not_augmented/bgonly/random/arrowhead/r--arrowhead--VID_20250909_144129.426.jpg,arrowhead,rousettus,random,video,False,val,296.9427730650864
data/processed/rousettus/video/not_augmented/bgonly/random/arrowhead/r--arrowhead--VID_20250909_144129.427.jpg,arrowhead,rousettus,random,video,False,val,283.0020029241967
data/processed/rousettus/video/not_augmented/bgonly/random/arrowhead/r--arrowhead--VID_20250909_144129.428.jpg,arrowhead,rousettus,random,video,False,val,72.29811082805807
data/processed/rousettus/video/not_augmented/bgonly/random/arrowhead/r--arrowhead--VID_20250909_144129.429.jpg,arrowhead,rousettus,random,video,False,val,209.45665681386976
data/processed/rousettus/video/not_augmented/bgonly/random/arrowhead/r--arrowhead--VID_20250909_144129.430.jpg,arrowhead,rousettus,random,video,False,val,101.73105764925256
data/processed/rousettus/video/not_augmented/bgonly/random/arrowhead/r--arrowhead--VID_20250909_144129.431.jpg,arrowhead,rousettus,random,video,False,val,35.24987443394087
data/processed/rousettus/video/not_augmented/bgonly/random/arrowhead/r--arrowhead--VID_20250909_144129.432.jpg,arrowhead,rousettus,random,video,False,val,2435.157722137909
data/processed/rousettus/video/not_augmented/bgonly/random/arrowhead/r--arrowhead--VID_20250909_144129.433.jpg,arrowhead,rousettus,random,video,False,val,74.75266715140701
data/processed/rousettus/video/not_augmented/bgonly/random/arrowhead/r--arrowhead--VID_20250909_144129.435.jpg,arrowhead,rousettus,random,video,False,val,202.38473565357023
data/processed/rousettus/video/not_augmented/bgonly/random/arrowhead/r--arrowhead--VID_20250909_144129.436.jpg,arrowhead,rousettus,random,video,False,val,780.3366036357505
data/processed/rousettus/video/not_augmented/bgonly/random/arrowhead/r--arrowhead--VID_20250909_144129.437.jpg,arrowhead,rousettus,random,video,False,val,152.6266245236252
data/processed/rousettus/video/not_augmented/bgonly/random/arrowhead/r--arrowhead--VID_20250909_144129.438.jpg,arrowhead,rousettus,random,video,False,val,66.27001957216149
data/processed/rousettus/video/not_augmented/bgonly/random/arrowhead/r--arrowhead--VID_20250909_144129.439.jpg,arrowhead,rousettus,random,video,False,val,32.37517880896934
data/processed/rousettus/video/not_augmented/bgonly/random/arrowhead/r--arrowhead--VID_20250909_144129.440.jpg,arrowhead,rousettus,random,video,False,val,19.16029818303284
data/processed/rousettus/video/not_augmented/bgonly/random/arrowhead/r--arrowhead--VID_20250909_144129.441.jpg,arrowhead,rousettus,random,video,False,val,570.3924231694074
data/processed/rousettus/video/not_augmented/bgonly/random/arrowhead/r--arrowhead--VID_20250909_144129.442.jpg,arrowhead,rousettus,random,video,False,val,73.7807709146966
data/processed/rousettus/video/not_augmented/bgonly/random/arrowhead/r--arrowhead--VID_20250909_144129.443.jpg,arrowhead,rousettus,random,video,False,val,11.883886875087448
data/processed/rousettus/video/not_augmented/bgonly/random/arrowhead/r--arrowhead--VID_20250909_144129.444.jpg,arrowhead,rousettus,random,video,False,val,31.83971704318592
data/processed/rousettus/video/not_augmented/bgonly/random/arrowhead/r--arrowhead--VID_20250909_144129.445.jpg,arrowhead,rousettus,random,video,False,val,301.8390399844683
data/processed/rousettus/video/not_augmented/bgonly/random/arrowhead/r--arrowhead--VID_20250909_144129.446.jpg,arrowhead,rousettus,random,video,False,val,215.15725909427323
data/processed/rousettus/video/not_augmented/bgonly/random/arrowhead/r--arrowhead--VID_20250909_144129.447.jpg,arrowhead,rousettus,random,video,False,val,232.8287897455548
data/processed/rousettus/video/not_augmented/bgonly/random/arrowhead/r--arrowhead--VID_20250909_144129.448.jpg,arrowhead,rousettus,random,video,False,val,45.94631157215314
data/processed/rousettus/video/not_augmented/bgonly/random/arrowhead/r--arrowhead--VID_20250909_144129.449.jpg,arrowhead,rousettus,random,video,False,val,375.6743510801163
data/processed/rousettus/video/not_augmented/bgonly/random/arrowhead/r--arrowhead--VID_20250909_144129.450.jpg,arrowhead,rousettus,random,video,False,val,497.7426642338864
data/processed/rousettus/video/not_augmented/bgonly/random/arrowhead/r--arrowhead--VID_20250909_144129.451.jpg,arrowhead,rousettus,random,video,False,val,178.6710114576379
data/processed/rousettus/video/not_augmented/bgonly/random/arrowhead/r--arrowhead--VID_20250909_144129.452.jpg,arrowhead,rousettus,random,video,False,val,143.78561590116055
data/processed/rousettus/video/not_augmented/bgonly/random/arrowhead/r--arrowhead--VID_20250909_144129.453.jpg,arrowhead,rousettus,random,video,False,val,107.1062577012081
data/processed/rousettus/video/not_augmented/bgonly/random/arrowhead/r--arrowhead--VID_20250909_144129.454.jpg,arrowhead,rousettus,random,video,False,val,145.0185841814968
data/processed/rousettus/video/not_augmented/bgonly/random/arrowhead/r--arrowhead--VID_20250909_144129.455.jpg,arrowhead,rousettus,random,video,False,val,52.1512627460618
data/processed/rousettus/video/not_augmented/bgonly/random/arrowhead/r--arrowhead--VID_20250909_144129.456.jpg,arrowhead,rousettus,random,video,False,val,266.960279815051
data/processed/rousettus/video/not_augmented/bgonly/random/arrowhead/r--arrowhead--VID_20250909_144129.457.jpg,arrowhead,rousettus,random,video,False,val,2.7886038652711584
data/processed/rousettus/video/not_augmented/bgonly/random/arrowhead/r--arrowhead--VID_20250909_144129.458.jpg,arrowhead,rousettus,random,video,False,val,151.02820742502655
data/processed/rousettus/video/not_augmented/bgonly/random/arrowhead/r--arrowhead--VID_20250909_144129.459.jpg,arrowhead,rousettus,random,video,False,val,161.63015415607913
data/processed/rousettus/video/not_augmented/bgonly/random/arrowhead/r--arrowhead--VID_20250909_144129.460.jpg,arrowhead,rousettus,random,video,False,val,246.769314811608
data/processed/rousettus/video/not_augmented/bgonly/random/arrowhead/r--arrowhead--VID_20250909_144129.461.jpg,arrowhead,rousettus,random,video,False,val,119.06708010848688
data/processed/rousettus/video/not_augmented/bgonly/random/arrowhead/r--arrowhead--VID_20250909_144129.462.jpg,arrowhead,rousettus,random,video,False,val,525.6203423543357
data/processed/rousettus/video/not_augmented/bgonly/random/arrowhead/r--arrowhead--VID_20250909_144129.463.jpg,arrowhead,rousettus,random,video,False,val,65.35373224729501
data/processed/rousettus/video/not_augmented/bgonly/random/arrowhead/r--arrowhead--VID_20250909_144129.464.jpg,arrowhead,rousettus,random,video,False,val,18.558912570354394
data/processed/rousettus/video/not_augmented/bgonly/random/arrowhead/r--arrowhead--VID_20250909_144129.465.jpg,arrowhead,rousettus,random,video,False,val,129.78016462250582
data/processed/rousettus/video/not_augmented/bgonly/random/arrowhead/r--arrowhead--VID_20250909_144129.466.jpg,arrowhead,rousettus,random,video,False,val,63.89449990624837
data/processed/rousettus/video/not_augmented/bgonly/random/arrowhead/r--arrowhead--VID_20250909_144129.467.jpg,arrowhead,rousettus,random,video,False,val,255.4671504959272
data/processed/rousettus/video/not_augmented/bgonly/random/arrowhead/r--arrowhead--VID_20250909_144129.468.jpg,arrowhead,rousettus,random,video,False,val,360.3448404882511
data/processed/rousettus/video/not_augmented/bgonly/random/arrowhead/r--arrowhead--VID_20250909_144129.469.jpg,arrowhead,rousettus,random,video,False,val,229.7328284778778
data/processed/rousettus/video/not_augmented/bgonly/random/arrowhead/r--arrowhead--VID_20250909_144129.470.jpg,arrowhead,rousettus,random,video,False,val,141.1824601621044
data/processed/rousettus/video/not_augmented/bgonly/random/arrowhead/r--arrowhead--VID_20250909_144129.471.jpg,arrowhead,rousettus,random,video,False,val,134.20457097799866
data/processed/rousettus/video/not_augmented/bgonly/random/arrowhead/r--arrowhead--VID_20250909_144129.472.jpg,arrowhead,rousettus,random,video,False,val,583.4035742428839
data/processed/rousettus/video/not_augmented/bgonly/random/arrowhead/r--arrowhead--VID_20250909_144129.473.jpg,arrowhead,rousettus,random,video,False,val,215.5264112507488
data/processed/rousettus/video/not_augmented/bgonly/random/arrowhead/r--arrowhead--VID_20250909_144129.474.jpg,arrowhead,rousettus,random,video,False,val,53.77727488486384
data/processed/rousettus/video/not_augmented/bgonly/random/arrowhead/r--arrowhead--VID_20250909_144129.475.jpg,arrowhead,rousettus,random,video,False,val,177.6814830065866
data/processed/rousettus/video/not_augmented/bgonly/random/arrowhead/r--arrowhead--VID_20250909_144129.476.jpg,arrowhead,rousettus,random,video,False,val,199.47947676307908
data/processed/rousettus/video/not_augmented/bgonly/random/arrowhead/r--arrowhead--VID_20250909_144129.477.jpg,arrowhead,rousettus,random,video,False,val,205.78950213194392
data/processed/rousettus/video/not_augmented/bgonly/random/arrowhead/r--arrowhead--VID_20250909_144129.478.jpg,arrowhead,rousettus,random,video,False,val,50.44887780090612
data/processed/rousettus/video/not_augmented/bgonly/random/arrowhead/r--arrowhead--VID_20250909_144129.479.jpg,arrowhead,rousettus,random,video,False,val,189.71622545368623
data/processed/rousettus/video/not_augmented/bgonly/random/arrowhead/r--arrowhead--VID_20250909_144129.480.jpg,arrowhead,rousettus,random,video,False,val,179.4206957703876
data/processed/rousettus/video/not_augmented/bgonly/random/arrowhead/r--arrowhead--VID_20250909_144129.481.jpg,arrowhead,rousettus,random,video,False,val,83.01139556204761
data/processed/rousettus/video/not_augmented/bgonly/random/arrowhead/r--arrowhead--VID_20250909_144129.482.jpg,arrowhead,rousettus,random,video,False,val,63.75622127553613
data/processed/rousettus/video/not_augmented/bgonly/random/arrowhead/r--arrowhead--VID_20250909_144129.483.jpg,arrowhead,rousettus,random,video,False,val,174.77469912413412
data/processed/rousettus/video/not_augmented/bgonly/random/arrowhead/r--arrowhead--VID_20250909_144129.484.jpg,arrowhead,rousettus,random,video,False,val,168.6783832417384
data/processed/rousettus/video/not_augmented/bgonly/random/arrowhead/r--arrowhead--VID_20250909_144129.485.jpg,arrowhead,rousettus,random,video,False,val,65.56054809479751
data/processed/rousettus/video/not_augmented/bgonly/random/arrowhead/r--arrowhead--VID_20250909_144129.486.jpg,arrowhead,rousettus,random,video,False,val,175.87809277256048
data/processed/rousettus/video/not_augmented/bgonly/random/arrowhead/r--arrowhead--VID_20250909_144129.571.jpg,arrowhead,rousettus,random,video,False,val,16.435296237791444
data/processed/rousettus/video/not_augmented/bgonly/random/arrowhead/r--arrowhead--VID_20250909_144129.572.jpg,arrowhead,rousettus,random,video,False,val,204.0494743956471
data/processed/rousettus/video/not_augmented/bgonly/random/arrowhead/r--arrowhead--VID_20250909_144129.573.jpg,arrowhead,rousettus,random,video,False,val,551.3735620605107
data/processed/rousettus/video/not_augmented/bgonly/random/arrowhead/r--arrowhead--VID_20250909_144129.574.jpg,arrowhead,rousettus,random,video,False,val,31.974531446184432
data/processed/rousettus/video/not_augmented/bgonly/random/arrowhead/r--arrowhead--VID_20250909_144129.575.jpg,arrowhead,rousettus,random,video,False,val,253.6874944821143
data/processed/rousettus/video/not_augmented/bgonly/random/arrowhead/r--arrowhead--VID_20250909_144129.90.jpg,arrowhead,rousettus,random,video,False,val,56.631366300761634
data/processed/rousettus/video/not_augmented/bgonly/random/arrowhead/r--arrowhead--VID_20250909_144129.94.jpg,arrowhead,rousettus,random,video,False,val,390.5947410507234
data/processed/rousettus/video/not_augmented/bgonly/random/arrowhead/r--arrowhead--VID_20250909_144129.95.jpg,arrowhead,rousettus,random,video,False,val,306.3610943175018
data/processed/rousettus/video/not_augmented/bgonly/random/arrowhead/r--arrowhead--VID_20250909_144129.96.jpg,arrowhead,rousettus,random,video,False,val,69.37876859519542
data/processed/rousettus/video/not_augmented/bgonly/random/arrowhead/r--arrowhead--VID_20250909_144129.97.jpg,arrowhead,rousettus,random,video,False,val,190.4216701836449
data/processed/rousettus/video/not_augmented/bgonly/random/arrowhead/r--arrowhead--VID_20250909_144129.98.jpg,arrowhead,rousettus,random,video,False,val,437.8194249795408
data/processed/rousettus/video/not_augmented/bgonly/random/arrowhead/r--arrowhead--VID_20250909_144129.99.jpg,arrowhead,rousettus,random,video,False,val,230.1596581400657
data/processed/rousettus/video/not_augmented/bgonly/random/charlie/r--charlie--VID_20250909_144224.207.jpg,charlie,rousettus,random,video,False,test,162.0598582716993
data/processed/rousettus/video/not_augmented/bgonly/random/charlie/r--charlie--VID_20250909_144224.208.jpg,charlie,rousettus,random,video,False,test,120.90025599685028
data/processed/rousettus/video/not_augmented/bgonly/random/charlie/r--charlie--VID_20250909_144224.209.jpg,charlie,rousettus,random,video,False,test,389.7418400586917
data/processed/rousettus/video/not_augmented/bgonly/random/charlie/r--charlie--VID_20250909_144224.344.jpg,charlie,rousettus,random,video,False,test,258.3094375206003
data/processed/rousettus/video/not_augmented/bgonly/random/charlie/r--charlie--VID_20250909_144224.345.jpg,charlie,rousettus,random,video,False,test,890.2047908227676
data/processed/rousettus/video/not_augmented/bgonly/random/charlie/r--charlie--VID_20250909_144224.346.jpg,charlie,rousettus,random,video,False,test,479.8287741018801
data/processed/rousettus/video/not_augmented/bgonly/random/charlie/r--charlie--VID_20250909_144224.347.jpg,charlie,rousettus,random,video,False,test,41.23117277692726
data/processed/rousettus/video/not_augmented/bgonly/random/charlie/r--charlie--VID_20250909_144224.348.jpg,charlie,rousettus,random,video,False,test,13.871129949109749
data/processed/rousettus/video/not_augmented/bgonly/random/charlie/r--charlie--VID_20250909_144224.351.jpg,charlie,rousettus,random,video,False,test,150.82487254200356
data/processed/rousettus/video/not_augmented/bgonly/random/charlie/r--charlie--VID_20250909_144224.352.jpg,charlie,rousettus,random,video,False,test,827.4935135017182
data/processed/rousettus/video/not_augmented/bgonly/random/charlie/r--charlie--VID_20250909_144224.353.jpg,charlie,rousettus,random,video,False,test,53.65346070122391
data/processed/rousettus/video/not_augmented/bgonly/random/charlie/r--charlie--VID_20250909_144224.354.jpg,charlie,rousettus,random,video,False,test,282.0114987872631
data/processed/rousettus/video/not_augmented/bgonly/random/charlie/r--charlie--VID_20250909_144224.355.jpg,charlie,rousettus,random,video,False,test,77.70260184151786
data/processed/rousettus/video/not_augmented/bgonly/random/charlie/r--charlie--VID_20250909_144224.356.jpg,charlie,rousettus,random,video,False,test,198.94901608964005
data/processed/rousettus/video/not_augmented/bgonly/random/charlie/r--charlie--VID_20250909_144224.357.jpg,charlie,rousettus,random,video,False,test,27.831195416623288
data/processed/rousettus/video/not_augmented/bgonly/random/charlie/r--charlie--VID_20250909_144224.358.jpg,charlie,rousettus,random,video,False,test,124.1334984301528
data/processed/rousettus/video/not_augmented/bgonly/random/charlie/r--charlie--VID_20250909_144224.359.jpg,charlie,rousettus,random,video,False,test,198.2069010704768
data/processed/rousettus/video/not_augmented/bgonly/random/charlie/r--charlie--VID_20250909_144224.360.jpg,charlie,rousettus,random,video,False,test,238.8813744751129
data/processed/rousettus/video/not_augmented/bgonly/random/charlie/r--charlie--VID_20250909_144224.361.jpg,charlie,rousettus,random,video,False,test,962.7103514280084
data/processed/rousettus/video/not_augmented/bgonly/random/charlie/r--charlie--VID_20250909_144224.362.jpg,charlie,rousettus,random,video,False,test,350.7260604943399
data/processed/rousettus/video/not_augmented/bgonly/random/charlie/r--charlie--VID_20250909_144224.363.jpg,charlie,rousettus,random,video,False,test,157.2444366239002
data/processed/rousettus/video/not_augmented/bgonly/random/charlie/r--charlie--VID_20250909_144224.365.jpg,charlie,rousettus,random,video,False,test,936.923554775964
data/processed/rousettus/video/not_augmented/bgonly/random/charlie/r--charlie--VID_20250909_144224.366.jpg,charlie,rousettus,random,video,False,test,403.6690146661907
data/processed/rousettus/video/not_augmented/bgonly/random/charlie/r--charlie--VID_20250909_144224.367.jpg,charlie,rousettus,random,video,False,test,42.94102709633963
data/processed/rousettus/video/not_augmented/bgonly/random/charlie/r--charlie--VID_20250909_144224.369.jpg,charlie,rousettus,random,video,False,test,44.81826460654416
data/processed/rousettus/video/not_augmented/bgonly/random/charlie/r--charlie--VID_20250909_144224.370.jpg,charlie,rousettus,random,video,False,test,1004.5540554137192
data/processed/rousettus/video/not_augmented/bgonly/random/charlie/r--charlie--VID_20250909_144224.376.jpg,charlie,rousettus,random,video,False,test,28.74932085837189
data/processed/rousettus/video/not_augmented/bgonly/random/charlie/r--charlie--VID_20250909_144224.378.jpg,charlie,rousettus,random,video,False,test,313.8760943299579
data/processed/rousettus/video/not_augmented/bgonly/random/charlie/r--charlie--VID_20250909_144224.381.jpg,charlie,rousettus,random,video,False,test,122.28860751354216
data/processed/rousettus/video/not_augmented/bgonly/random/charlie/r--charlie--VID_20250909_144224.384.jpg,charlie,rousettus,random,video,False,test,182.76608138420048
data/processed/rousettus/video/not_augmented/bgonly/random/charlie/r--charlie--VID_20250909_144224.385.jpg,charlie,rousettus,random,video,False,test,144.53854396650067
data/processed/rousettus/video/not_augmented/bgonly/random/charlie/r--charlie--VID_20250909_144224.386.jpg,charlie,rousettus,random,video,False,test,194.28741566770427
data/processed/rousettus/video/not_augmented/bgonly/random/charlie/r--charlie--VID_20250909_144224.387.jpg,charlie,rousettus,random,video,False,test,36.24895967597119
data/processed/rousettus/video/not_augmented/bgonly/random/charlie/r--charlie--VID_20250909_144224.388.jpg,charlie,rousettus,random,video,False,test,146.37854741107222
data/processed/rousettus/video/not_augmented/bgonly/random/charlie/r--charlie--VID_20250909_144224.389.jpg,charlie,rousettus,random,video,False,test,14.65767725762205
data/processed/rousettus/video/not_augmented/bgonly/random/charlie/r--charlie--VID_20250909_144224.50.jpg,charlie,rousettus,random,video,False,test,418.5922521152679
data/processed/rousettus/video/not_augmented/bgonly/random/charlie/r--charlie--VID_20250909_144224.51.jpg,charlie,rousettus,random,video,False,test,546.0951847833478
data/processed/rousettus/video/not_augmented/bgonly/random/charlie/r--charlie--VID_20250909_144224.52.jpg,charlie,rousettus,random,video,False,test,58.745850295734535
data/processed/rousettus/video/not_augmented/bgonly/random/charlie/r--charlie--VID_20250909_144224.54.jpg,charlie,rousettus,random,video,False,test,273.2144162048156
data/processed/rousettus/video/not_augmented/bgonly/random/charlie/r--charlie--VID_20250909_144224.55.jpg,charlie,rousettus,random,video,False,test,574.3623282763422
data/processed/rousettus/video/not_augmented/bgonly/random/charlie/r--charlie--VID_20250909_144224.59.jpg,charlie,rousettus,random,video,False,test,146.55173440001397
data/processed/rousettus/video/not_augmented/bgonly/random/charlie/r--charlie--VID_20250909_144224.60.jpg,charlie,rousettus,random,video,False,test,122.0681545820796
data/processed/rousettus/video/not_augmented/bgonly/random/charlie/r--charlie--VID_20250909_144224.61.jpg,charlie,rousettus,random,video,False,test,183.68183321835645
data/processed/rousettus/video/not_augmented/bgonly/random/charlie/r--charlie--VID_20250909_144224.62.jpg,charlie,rousettus,random,video,False,test,2266.068690075968
data/processed/rousettus/video/not_augmented/bgonly/random/charlie/r--charlie--VID_20250909_144224.63.jpg,charlie,rousettus,random,video,False,test,43.24470511598917
data/processed/rousettus/video/not_augmented/bgonly/random/charlie/r--charlie--VID_20250909_144224.64.jpg,charlie,rousettus,random,video,False,test,94.57840592719178
data/processed/rousettus/video/not_augmented/bgonly/random/charlie/r--charlie--VID_20250909_144224.65.jpg,charlie,rousettus,random,video,False,test,51.13489190879736
data/processed/rousettus/video/not_augmented/bgonly/random/charlie/r--charlie--VID_20250909_144224.66.jpg,charlie,rousettus,random,video,False,test,76.09462673492305
data/processed/rousettus/video/not_augmented/bgonly/random/charlie/r--charlie--VID_20250909_144224.67.jpg,charlie,rousettus,random,video,False,test,73.10829612186978
data/processed/rousettus/video/not_augmented/bgonly/random/charlie/r--charlie--VID_20250909_144224.68.jpg,charlie,rousettus,random,video,False,test,196.1653903892069
data/processed/rousettus/video/not_augmented/bgonly/random/charlie/r--charlie--VID_20250909_144224.69.jpg,charlie,rousettus,random,video,False,test,838.7936488496716
data/processed/rousettus/video/not_augmented/bgonly/random/charlie/r--charlie--VID_20250909_144224.70.jpg,charlie,rousettus,random,video,False,test,297.3532569421326
data/processed/rousettus/video/not_augmented/bgonly/random/charlie/r--charlie--VID_20250909_144224.71.jpg,charlie,rousettus,random,video,False,test,740.1989396924231
data/processed/rousettus/video/not_augmented/bgonly/random/charlie/r--charlie--VID_20250909_144224.72.jpg,charlie,rousettus,random,video,False,test,950.6418291399352
data/processed/rousettus/video/not_augmented/bgonly/random/charlie/r--charlie--VID_20250909_144224.73.jpg,charlie,rousettus,random,video,False,test,56.59753666456319
data/processed/rousettus/video/not_augmented/bgonly/random/charlie/r--charlie--VID_20250909_144224.74.jpg,charlie,rousettus,random,video,False,test,56.41134774471411
data/processed/rousettus/video/not_augmented/bgonly/random/charlie/r--charlie--VID_20250909_144224.75.jpg,charlie,rousettus,random,video,False,test,365.359134411921
data/processed/rousettus/video/not_augmented/bgonly/random/charlie/r--charlie--VID_20250909_144224.76.jpg,charlie,rousettus,random,video,False,test,484.9442638915959
data/processed/rousettus/video/not_augmented/bgonly/random/charlie/r--charlie--VID_20250909_144224.77.jpg,charlie,rousettus,random,video,False,test,62.878518785749165
data/processed/rousettus/video/not_augmented/bgonly/random/charlie/r--charlie--VID_20250909_144224.78.jpg,charlie,rousettus,random,video,False,test,133.24594279539085
data/processed/rousettus/video/not_augmented/bgonly/random/charlie/r--charlie--VID_20250909_144224.79.jpg,charlie,rousettus,random,video,False,test,528.4173068690429
data/processed/rousettus/video/not_augmented/bgonly/random/gini/r--gini--VID_20250909_144437.198.jpg,gini,rousettus,random,video,False,train,113.0972569396922
data/processed/rousettus/video/not_augmented/bgonly/random/gini/r--gini--VID_20250909_144437.199.jpg,gini,rousettus,random,video,False,train,77.23325221591172
data/processed/rousettus/video/not_augmented/bgonly/random/gini/r--gini--VID_20250909_144437.200.jpg,gini,rousettus,random,video,False,train,489.8270804144253
data/processed/rousettus/video/not_augmented/bgonly/random/gini/r--gini--VID_20250909_144437.201.jpg,gini,rousettus,random,video,False,train,68.20061307030885
data/processed/rousettus/video/not_augmented/bgonly/random/gini/r--gini--VID_20250909_144437.202.jpg,gini,rousettus,random,video,False,train,248.1104407876494
data/processed/rousettus/video/not_augmented/bgonly/random/gini/r--gini--VID_20250909_144437.203.jpg,gini,rousettus,random,video,False,train,1951.7668305269533
data/processed/rousettus/video/not_augmented/bgonly/random/gini/r--gini--VID_20250909_144437.204.jpg,gini,rousettus,random,video,False,train,251.3443177682764
data/processed/rousettus/video/not_augmented/bgonly/random/gini/r--gini--VID_20250909_144437.205.jpg,gini,rousettus,random,video,False,train,136.8518297508427
data/processed/rousettus/video/not_augmented/bgonly/random/gini/r--gini--VID_20250909_144437.206.jpg,gini,rousettus,random,video,False,train,246.3694137067211
data/processed/rousettus/video/not_augmented/bgonly/random/gini/r--gini--VID_20250909_144437.207.jpg,gini,rousettus,random,video,False,train,308.04855711308187
data/processed/rousettus/video/not_augmented/bgonly/random/gini/r--gini--VID_20250909_144437.208.jpg,gini,rousettus,random,video,False,train,1149.2364259042226
data/processed/rousettus/video/not_augmented/bgonly/random/gini/r--gini--VID_20250909_144437.209.jpg,gini,rousettus,random,video,False,train,494.0244599687513
data/processed/rousettus/video/not_augmented/bgonly/random/gini/r--gini--VID_20250909_144437.210.jpg,gini,rousettus,random,video,False,train,824.1782962710894
data/processed/rousettus/video/not_augmented/bgonly/random/gini/r--gini--VID_20250909_144437.211.jpg,gini,rousettus,random,video,False,train,119.8852419358698
data/processed/rousettus/video/not_augmented/bgonly/random/gini/r--gini--VID_20250909_144437.212.jpg,gini,rousettus,random,video,False,train,392.35449212037344
data/processed/rousettus/video/not_augmented/bgonly/random/gini/r--gini--VID_20250909_144437.213.jpg,gini,rousettus,random,video,False,train,65.64622433331547
data/processed/rousettus/video/not_augmented/bgonly/random/gini/r--gini--VID_20250909_144437.214.jpg,gini,rousettus,random,video,False,train,94.46757810307464
data/processed/rousettus/video/not_augmented/bgonly/random/gini/r--gini--VID_20250909_144437.215.jpg,gini,rousettus,random,video,False,train,150.7250124328785
data/processed/rousettus/video/not_augmented/bgonly/random/gini/r--gini--VID_20250909_144437.216.jpg,gini,rousettus,random,video,False,train,501.8083750412198
data/processed/rousettus/video/not_augmented/bgonly/random/gini/r--gini--VID_20250909_144437.217.jpg,gini,rousettus,random,video,False,train,92.47653820891026
data/processed/rousettus/video/not_augmented/bgonly/random/gini/r--gini--VID_20250909_144437.218.jpg,gini,rousettus,random,video,False,train,414.7607215951255
data/processed/rousettus/video/not_augmented/bgonly/random/gini/r--gini--VID_20250909_144437.219.jpg,gini,rousettus,random,video,False,train,305.061085285916
data/processed/rousettus/video/not_augmented/bgonly/random/gini/r--gini--VID_20250909_144437.220.jpg,gini,rousettus,random,video,False,train,540.2702480619622
data/processed/rousettus/video/not_augmented/bgonly/random/gini/r--gini--VID_20250909_144437.221.jpg,gini,rousettus,random,video,False,train,1588.57684311833
data/processed/rousettus/video/not_augmented/bgonly/random/gini/r--gini--VID_20250909_144437.222.jpg,gini,rousettus,random,video,False,train,1127.644332826957
data/processed/rousettus/video/not_augmented/bgonly/random/gini/r--gini--VID_20250909_144437.223.jpg,gini,rousettus,random,video,False,train,574.6089294239761
data/processed/rousettus/video/not_augmented/bgonly/random/gini/r--gini--VID_20250909_144437.224.jpg,gini,rousettus,random,video,False,train,453.4875265750624
data/processed/rousettus/video/not_augmented/bgonly/random/gini/r--gini--VID_20250909_144437.225.jpg,gini,rousettus,random,video,False,train,289.3672640795312
data/processed/rousettus/video/not_augmented/bgonly/random/gini/r--gini--VID_20250909_144437.226.jpg,gini,rousettus,random,video,False,train,210.08469746401784
data/processed/rousettus/video/not_augmented/bgonly/random/gini/r--gini--VID_20250909_144437.227.jpg,gini,rousettus,random,video,False,train,339.0112895322113
data/processed/rousettus/video/not_augmented/bgonly/random/gini/r--gini--VID_20250909_144437.228.jpg,gini,rousettus,random,video,False,train,1658.4545961286265
data/processed/rousettus/video/not_augmented/bgonly/random/gini/r--gini--VID_20250909_144437.229.jpg,gini,rousettus,random,video,False,train,357.6577804911787
data/processed/rousettus/video/not_augmented/bgonly/random/gini/r--gini--VID_20250909_144437.230.jpg,gini,rousettus,random,video,False,train,223.64159701497096
data/processed/rousettus/video/not_augmented/bgonly/random/gini/r--gini--VID_20250909_144437.231.jpg,gini,rousettus,random,video,False,train,356.2727073941911
data/processed/rousettus/video/not_augmented/bgonly/random/gini/r--gini--VID_20250909_144437.232.jpg,gini,rousettus,random,video,False,train,92.52324302789322
data/processed/rousettus/video/not_augmented/bgonly/random/gini/r--gini--VID_20250909_144437.233.jpg,gini,rousettus,random,video,False,train,123.3075944991074
data/processed/rousettus/video/not_augmented/bgonly/random/gini/r--gini--VID_20250909_144437.234.jpg,gini,rousettus,random,video,False,train,1284.30627392948
data/processed/rousettus/video/not_augmented/bgonly/random/gini/r--gini--VID_20250909_144437.235.jpg,gini,rousettus,random,video,False,train,125.68226716956312
data/processed/rousettus/video/not_augmented/bgonly/random/gini/r--gini--VID_20250909_144437.236.jpg,gini,rousettus,random,video,False,train,271.2175487147327
data/processed/rousettus/video/not_augmented/bgonly/random/gini/r--gini--VID_20250909_144437.237.jpg,gini,rousettus,random,video,False,train,190.6740862593359
data/processed/rousettus/video/not_augmented/bgonly/random/gini/r--gini--VID_20250909_144437.238.jpg,gini,rousettus,random,video,False,train,988.121341754575
data/processed/rousettus/video/not_augmented/bgonly/random/gini/r--gini--VID_20250909_144437.239.jpg,gini,rousettus,random,video,False,train,206.2632496109708
data/processed/rousettus/video/not_augmented/bgonly/random/gini/r--gini--VID_20250909_144437.240.jpg,gini,rousettus,random,video,False,train,52.06747125119577
data/processed/rousettus/video/not_augmented/bgonly/random/gini/r--gini--VID_20250909_144437.241.jpg,gini,rousettus,random,video,False,train,2567.8697716118345
data/processed/rousettus/video/not_augmented/bgonly/random/gini/r--gini--VID_20250909_144437.242.jpg,gini,rousettus,random,video,False,train,763.2808283397129
data/processed/rousettus/video/not_augmented/bgonly/random/gini/r--gini--VID_20250909_144437.243.jpg,gini,rousettus,random,video,False,train,148.94034416225742
data/processed/rousettus/video/not_augmented/bgonly/random/gini/r--gini--VID_20250909_144437.244.jpg,gini,rousettus,random,video,False,train,736.1399548362564
data/processed/rousettus/video/not_augmented/bgonly/random/gini/r--gini--VID_20250909_144437.245.jpg,gini,rousettus,random,video,False,train,148.38116204525124
data/processed/rousettus/video/not_augmented/bgonly/random/gini/r--gini--VID_20250909_144437.246.jpg,gini,rousettus,random,video,False,train,186.63736851281897
data/processed/rousettus/video/not_augmented/bgonly/random/gini/r--gini--VID_20250909_144437.247.jpg,gini,rousettus,random,video,False,train,92.96469888842044
data/processed/rousettus/video/not_augmented/bgonly/random/gini/r--gini--VID_20250909_144437.248.jpg,gini,rousettus,random,video,False,train,106.33437890422589
data/processed/rousettus/video/not_augmented/bgonly/random/gini/r--gini--VID_20250909_144437.249.jpg,gini,rousettus,random,video,False,train,365.4178256249736
data/processed/rousettus/video/not_augmented/bgonly/random/gini/r--gini--VID_20250909_144437.42.jpg,gini,rousettus,random,video,False,train,52.453642101994845
data/processed/rousettus/video/not_augmented/bgonly/random/gini/r--gini--VID_20250909_144437.44.jpg,gini,rousettus,random,video,False,train,95.67643722183055
data/processed/rousettus/video/not_augmented/bgonly/random/gini/r--gini--VID_20250909_144437.45.jpg,gini,rousettus,random,video,False,train,22.142808727501137
data/processed/rousettus/video/not_augmented/bgonly/random/gini/r--gini--VID_20250909_144437.46.jpg,gini,rousettus,random,video,False,train,53.08999530199615
data/processed/rousettus/video/not_augmented/bgonly/random/gini/r--gini--VID_20250909_144437.47.jpg,gini,rousettus,random,video,False,train,97.7503155156604
data/processed/rousettus/video/not_augmented/bgonly/random/gini/r--gini--VID_20250909_144437.48.jpg,gini,rousettus,random,video,False,train,31.52424892789371
data/processed/rousettus/video/not_augmented/bgonly/random/gini/r--gini--VID_20250909_144437.76.jpg,gini,rousettus,random,video,False,train,91.77277087807803
data/processed/rousettus/video/not_augmented/bgonly/random/gini/r--gini--VID_20250909_144437.77.jpg,gini,rousettus,random,video,False,train,88.97628993741775
data/processed/rousettus/video/not_augmented/bgonly/random/gini/r--gini--VID_20250909_144437.78.jpg,gini,rousettus,random,video,False,train,250.4172136619756
data/processed/rousettus/video/not_augmented/bgonly/random/gini/r--gini--VID_20250909_144437.79.jpg,gini,rousettus,random,video,False,train,563.6086973836153
data/processed/rousettus/video/not_augmented/bgonly/random/gini/r--gini--VID_20250909_144437.80.jpg,gini,rousettus,random,video,False,train,55.43839370961092
data/processed/rousettus/video/not_augmented/bgonly/random/gini/r--gini--VID_20250909_144437.81.jpg,gini,rousettus,random,video,False,train,144.5121566330776
data/processed/rousettus/video/not_augmented/bgonly/random/gini/r--gini--VID_20250909_144437.82.jpg,gini,rousettus,random,video,False,train,127.07668166496217
data/processed/rousettus/video/not_augmented/bgonly/random/gini/r--gini--VID_20250909_144437.83.jpg,gini,rousettus,random,video,False,train,373.6542895538317
data/processed/rousettus/video/not_augmented/bgonly/random/gini/r--gini--VID_20250909_144437.84.jpg,gini,rousettus,random,video,False,train,158.05502448822747
data/processed/rousettus/video/not_augmented/bgonly/random/gini/r--gini--VID_20250909_144437.85.jpg,gini,rousettus,random,video,False,train,29.886419627131247
data/processed/rousettus/video/not_augmented/bgonly/random/gini/r--gini--VID_20250909_144437.86.jpg,gini,rousettus,random,video,False,train,58.79249596109196
data/processed/rousettus/video/not_augmented/bgonly/random/gini/r--gini--VID_20250909_144437.87.jpg,gini,rousettus,random,video,False,train,129.12627417402732
data/processed/rousettus/video/not_augmented/bgonly/random/gini/r--gini--VID_20250909_144437.88.jpg,gini,rousettus,random,video,False,train,347.40369163300284
data/processed/rousettus/video/not_augmented/bgonly/random/gini/r--gini--VID_20250909_144437.89.jpg,gini,rousettus,random,video,False,train,389.65293307862447
data/processed/rousettus/video/not_augmented/bgonly/random/gini/r--gini--VID_20250909_144437.90.jpg,gini,rousettus,random,video,False,train,195.74878534343236
data/processed/rousettus/video/not_augmented/bgonly/random/gini/r--gini--VID_20250909_144437.91.jpg,gini,rousettus,random,video,False,train,88.5852387097417
data/processed/rousettus/video/not_augmented/bgonly/random/gini/r--gini--VID_20250909_144437.92.jpg,gini,rousettus,random,video,False,train,94.66375652624636
data/processed/rousettus/video/not_augmented/bgonly/random/het/r--het--VID_20250909_144055.13.jpg,het,rousettus,random,video,False,train,130.37501964028905
data/processed/rousettus/video/not_augmented/bgonly/random/het/r--het--VID_20250909_144055.14.jpg,het,rousettus,random,video,False,train,318.7157268814125
data/processed/rousettus/video/not_augmented/bgonly/random/het/r--het--VID_20250909_144055.15.jpg,het,rousettus,random,video,False,train,247.95427558641552
data/processed/rousettus/video/not_augmented/bgonly/random/het/r--het--VID_20250909_144055.16.jpg,het,rousettus,random,video,False,train,106.87903396371306
data/processed/rousettus/video/not_augmented/bgonly/random/het/r--het--VID_20250909_144055.17.jpg,het,rousettus,random,video,False,train,119.11794289585352
data/processed/rousettus/video/not_augmented/bgonly/random/het/r--het--VID_20250909_144055.18.jpg,het,rousettus,random,video,False,train,164.8294220602249
data/processed/rousettus/video/not_augmented/bgonly/random/het/r--het--VID_20250909_144055.19.jpg,het,rousettus,random,video,False,train,125.75172009164224
data/processed/rousettus/video/not_augmented/bgonly/random/het/r--het--VID_20250909_144055.20.jpg,het,rousettus,random,video,False,train,323.581770647868
data/processed/rousettus/video/not_augmented/bgonly/random/het/r--het--VID_20250909_144055.21.jpg,het,rousettus,random,video,False,train,278.98320101976697
data/processed/rousettus/video/not_augmented/bgonly/random/het/r--het--VID_20250909_144055.22.jpg,het,rousettus,random,video,False,train,226.36644600133803
data/processed/rousettus/video/not_augmented/bgonly/random/het/r--het--VID_20250909_144055.23.jpg,het,rousettus,random,video,False,train,136.02913822426692
data/processed/rousettus/video/not_augmented/bgonly/random/het/r--het--VID_20250909_144055.24.jpg,het,rousettus,random,video,False,train,136.2491427683324
data/processed/rousettus/video/not_augmented/bgonly/random/het/r--het--VID_20250909_144055.25.jpg,het,rousettus,random,video,False,train,155.36970417661402
data/processed/rousettus/video/not_augmented/bgonly/random/het/r--het--VID_20250909_144055.26.jpg,het,rousettus,random,video,False,train,210.22379160582747
data/processed/rousettus/video/not_augmented/bgonly/random/het/r--het--VID_20250909_144055.27.jpg,het,rousettus,random,video,False,train,586.2070374002262
data/processed/rousettus/video/not_augmented/bgonly/random/het/r--het--VID_20250909_144055.28.jpg,het,rousettus,random,video,False,train,151.36869961993983
data/processed/rousettus/video/not_augmented/bgonly/random/het/r--het--VID_20250909_144055.30.jpg,het,rousettus,random,video,False,train,164.1703681040187
data/processed/rousettus/video/not_augmented/bgonly/random/het/r--het--VID_20250909_144055.31.jpg,het,rousettus,random,video,False,train,215.5458261854497
data/processed/rousettus/video/not_augmented/bgonly/random/het/r--het--VID_20250909_144055.32.jpg,het,rousettus,random,video,False,train,346.67448046166714
data/processed/rousettus/video/not_augmented/bgonly/random/het/r--het--VID_20250909_144055.33.jpg,het,rousettus,random,video,False,train,415.7182559339467
data/processed/rousettus/video/not_augmented/bgonly/random/het/r--het--VID_20250909_144055.333.jpg,het,rousettus,random,video,False,train,860.3505714472903
data/processed/rousettus/video/not_augmented/bgonly/random/het/r--het--VID_20250909_144055.334.jpg,het,rousettus,random,video,False,train,362.9855925747872
data/processed/rousettus/video/not_augmented/bgonly/random/het/r--het--VID_20250909_144055.335.jpg,het,rousettus,random,video,False,train,402.07838094179846
data/processed/rousettus/video/not_augmented/bgonly/random/het/r--het--VID_20250909_144055.336.jpg,het,rousettus,random,video,False,train,768.4621336403515
data/processed/rousettus/video/not_augmented/bgonly/random/het/r--het--VID_20250909_144055.337.jpg,het,rousettus,random,video,False,train,110.73841408559154
data/processed/rousettus/video/not_augmented/bgonly/random/het/r--het--VID_20250909_144055.338.jpg,het,rousettus,random,video,False,train,356.36247625156324
data/processed/rousettus/video/not_augmented/bgonly/random/het/r--het--VID_20250909_144055.339.jpg,het,rousettus,random,video,False,train,131.66358418367346
data/processed/rousettus/video/not_augmented/bgonly/random/het/r--het--VID_20250909_144055.34.jpg,het,rousettus,random,video,False,train,134.48078547791113
data/processed/rousettus/video/not_augmented/bgonly/random/het/r--het--VID_20250909_144055.340.jpg,het,rousettus,random,video,False,train,246.91627843555736
data/processed/rousettus/video/not_augmented/bgonly/random/het/r--het--VID_20250909_144055.341.jpg,het,rousettus,random,video,False,train,55.52931608671151
data/processed/rousettus/video/not_augmented/bgonly/random/het/r--het--VID_20250909_144055.342.jpg,het,rousettus,random,video,False,train,710.3161900654181
data/processed/rousettus/video/not_augmented/bgonly/random/het/r--het--VID_20250909_144055.343.jpg,het,rousettus,random,video,False,train,240.3083456437422
data/processed/rousettus/video/not_augmented/bgonly/random/het/r--het--VID_20250909_144055.344.jpg,het,rousettus,random,video,False,train,52.06065678109928
data/processed/rousettus/video/not_augmented/bgonly/random/het/r--het--VID_20250909_144055.345.jpg,het,rousettus,random,video,False,train,296.87663890857687
data/processed/rousettus/video/not_augmented/bgonly/random/het/r--het--VID_20250909_144055.346.jpg,het,rousettus,random,video,False,train,207.50905506772736
data/processed/rousettus/video/not_augmented/bgonly/random/het/r--het--VID_20250909_144055.347.jpg,het,rousettus,random,video,False,train,268.5205432898996
data/processed/rousettus/video/not_augmented/bgonly/random/het/r--het--VID_20250909_144055.348.jpg,het,rousettus,random,video,False,train,32.75052276287214
data/processed/rousettus/video/not_augmented/bgonly/random/het/r--het--VID_20250909_144055.349.jpg,het,rousettus,random,video,False,train,125.53407786320469
data/processed/rousettus/video/not_augmented/bgonly/random/het/r--het--VID_20250909_144055.35.jpg,het,rousettus,random,video,False,train,202.90442416251872
data/processed/rousettus/video/not_augmented/bgonly/random/het/r--het--VID_20250909_144055.350.jpg,het,rousettus,random,video,False,train,274.3868956258028
data/processed/rousettus/video/not_augmented/bgonly/random/het/r--het--VID_20250909_144055.351.jpg,het,rousettus,random,video,False,train,374.0410163351914
data/processed/rousettus/video/not_augmented/bgonly/random/het/r--het--VID_20250909_144055.352.jpg,het,rousettus,random,video,False,train,665.2894752113981
data/processed/rousettus/video/not_augmented/bgonly/random/het/r--het--VID_20250909_144055.353.jpg,het,rousettus,random,video,False,train,400.9172121716856
data/processed/rousettus/video/not_augmented/bgonly/random/het/r--het--VID_20250909_144055.354.jpg,het,rousettus,random,video,False,train,4.653556035290853
data/processed/rousettus/video/not_augmented/bgonly/random/het/r--het--VID_20250909_144055.355.jpg,het,rousettus,random,video,False,train,1781.9849974260092
data/processed/rousettus/video/not_augmented/bgonly/random/het/r--het--VID_20250909_144055.356.jpg,het,rousettus,random,video,False,train,331.1985916318818
data/processed/rousettus/video/not_augmented/bgonly/random/het/r--het--VID_20250909_144055.357.jpg,het,rousettus,random,video,False,train,156.34846736450385
data/processed/rousettus/video/not_augmented/bgonly/random/het/r--het--VID_20250909_144055.358.jpg,het,rousettus,random,video,False,train,131.8114809940279
data/processed/rousettus/video/not_augmented/bgonly/random/het/r--het--VID_20250909_144055.359.jpg,het,rousettus,random,video,False,train,410.0087147561375
data/processed/rousettus/video/not_augmented/bgonly/random/het/r--het--VID_20250909_144055.36.jpg,het,rousettus,random,video,False,train,155.62940395240835
data/processed/rousettus/video/not_augmented/bgonly/random/het/r--het--VID_20250909_144055.360.jpg,het,rousettus,random,video,False,train,732.7674543225036
data/processed/rousettus/video/not_augmented/bgonly/random/het/r--het--VID_20250909_144055.363.jpg,het,rousettus,random,video,False,train,107.46168489110612
data/processed/rousettus/video/not_augmented/bgonly/random/het/r--het--VID_20250909_144055.364.jpg,het,rousettus,random,video,False,train,244.3225883776225
data/processed/rousettus/video/not_augmented/bgonly/random/het/r--het--VID_20250909_144055.37.jpg,het,rousettus,random,video,False,train,147.22053225285703
data/processed/rousettus/video/not_augmented/bgonly/random/het/r--het--VID_20250909_144055.38.jpg,het,rousettus,random,video,False,train,497.6106078157023
data/processed/rousettus/video/not_augmented/bgonly/random/het/r--het--VID_20250909_144055.39.jpg,het,rousettus,random,video,False,train,638.5139975363093
data/processed/rousettus/video/not_augmented/bgonly/random/het/r--het--VID_20250909_144055.40.jpg,het,rousettus,random,video,False,train,597.1498511829558
data/processed/rousettus/video/not_augmented/bgonly/random/het/r--het--VID_20250909_144055.42.jpg,het,rousettus,random,video,False,train,68.36690755269767
data/processed/rousettus/video/not_augmented/bgonly/random/het/r--het--VID_20250909_144055.43.jpg,het,rousettus,random,video,False,train,403.9797610481895
data/processed/rousettus/video/not_augmented/bgonly/random/het/r--het--VID_20250909_144055.45.jpg,het,rousettus,random,video,False,train,213.59536273794245
data/processed/rousettus/video/not_augmented/bgonly/random/het/r--het--VID_20250909_144055.47.jpg,het,rousettus,random,video,False,train,323.68035541639284
data/processed/rousettus/video/not_augmented/bgonly/random/het/r--het--VID_20250909_144055.51.jpg,het,rousettus,random,video,False,train,58.09014214956974
data/processed/rousettus/video/not_augmented/bgonly/random/itamar/r--itamar--VID_20250909_144529.14.jpg,itamar,rousettus,random,video,False,val,254.74403862077364
data/processed/rousettus/video/not_augmented/bgonly/random/itamar/r--itamar--VID_20250909_144529.148.jpg,itamar,rousettus,random,video,False,val,17.03770509534754
data/processed/rousettus/video/not_augmented/bgonly/random/itamar/r--itamar--VID_20250909_144529.15.jpg,itamar,rousettus,random,video,False,val,76.56828710666451
data/processed/rousettus/video/not_augmented/bgonly/random/itamar/r--itamar--VID_20250909_144529.151.jpg,itamar,rousettus,random,video,False,val,426.6884808077608
data/processed/rousettus/video/not_augmented/bgonly/random/itamar/r--itamar--VID_20250909_144529.152.jpg,itamar,rousettus,random,video,False,val,136.9511025256785
data/processed/rousettus/video/not_augmented/bgonly/random/itamar/r--itamar--VID_20250909_144529.153.jpg,itamar,rousettus,random,video,False,val,32.30442451904437
data/processed/rousettus/video/not_augmented/bgonly/random/itamar/r--itamar--VID_20250909_144529.16.jpg,itamar,rousettus,random,video,False,val,210.7157847346092
data/processed/rousettus/video/not_augmented/bgonly/random/itamar/r--itamar--VID_20250909_144529.160.jpg,itamar,rousettus,random,video,False,val,123.86114224708363
data/processed/rousettus/video/not_augmented/bgonly/random/itamar/r--itamar--VID_20250909_144529.161.jpg,itamar,rousettus,random,video,False,val,31.936796048937705
data/processed/rousettus/video/not_augmented/bgonly/random/itamar/r--itamar--VID_20250909_144529.162.jpg,itamar,rousettus,random,video,False,val,89.98634776528901
data/processed/rousettus/video/not_augmented/bgonly/random/itamar/r--itamar--VID_20250909_144529.163.jpg,itamar,rousettus,random,video,False,val,40.46491508332952
data/processed/rousettus/video/not_augmented/bgonly/random/itamar/r--itamar--VID_20250909_144529.164.jpg,itamar,rousettus,random,video,False,val,89.26442414887097
data/processed/rousettus/video/not_augmented/bgonly/random/itamar/r--itamar--VID_20250909_144529.165.jpg,itamar,rousettus,random,video,False,val,299.98177369581265
data/processed/rousettus/video/not_augmented/bgonly/random/itamar/r--itamar--VID_20250909_144529.166.jpg,itamar,rousettus,random,video,False,val,73.69516601149415
data/processed/rousettus/video/not_augmented/bgonly/random/itamar/r--itamar--VID_20250909_144529.17.jpg,itamar,rousettus,random,video,False,val,100.40154103823672
data/processed/rousettus/video/not_augmented/bgonly/random/itamar/r--itamar--VID_20250909_144529.18.jpg,itamar,rousettus,random,video,False,val,209.4810631210632
data/processed/rousettus/video/not_augmented/bgonly/random/itamar/r--itamar--VID_20250909_144529.19.jpg,itamar,rousettus,random,video,False,val,22.519476753927577
data/processed/rousettus/video/not_augmented/bgonly/random/itamar/r--itamar--VID_20250909_144529.20.jpg,itamar,rousettus,random,video,False,val,266.0844794928357
data/processed/rousettus/video/not_augmented/bgonly/random/itamar/r--itamar--VID_20250909_144529.21.jpg,itamar,rousettus,random,video,False,val,94.8791758558344
data/processed/rousettus/video/not_augmented/bgonly/random/itamar/r--itamar--VID_20250909_144529.22.jpg,itamar,rousettus,random,video,False,val,77.66710998355622
data/processed/rousettus/video/not_augmented/bgonly/random/itamar/r--itamar--VID_20250909_144529.23.jpg,itamar,rousettus,random,video,False,val,118.15728204918622
data/processed/rousettus/video/not_augmented/bgonly/random/itamar/r--itamar--VID_20250909_144529.24.jpg,itamar,rousettus,random,video,False,val,73.8910036126756
data/processed/rousettus/video/not_augmented/bgonly/random/itamar/r--itamar--VID_20250909_144529.25.jpg,itamar,rousettus,random,video,False,val,27.32626684046645
data/processed/rousettus/video/not_augmented/bgonly/random/itamar/r--itamar--VID_20250909_144529.26.jpg,itamar,rousettus,random,video,False,val,354.6533936195104
data/processed/rousettus/video/not_augmented/bgonly/random/itamar/r--itamar--VID_20250909_144529.27.jpg,itamar,rousettus,random,video,False,val,179.10971877556054
data/processed/rousettus/video/not_augmented/bgonly/random/itamar/r--itamar--VID_20250909_144529.28.jpg,itamar,rousettus,random,video,False,val,235.92722163861717
data/processed/rousettus/video/not_augmented/bgonly/random/itamar/r--itamar--VID_20250909_144529.29.jpg,itamar,rousettus,random,video,False,val,2.221837835776612
data/processed/rousettus/video/not_augmented/bgonly/random/itamar/r--itamar--VID_20250909_144529.291.jpg,itamar,rousettus,random,video,False,val,21.96681385604305
data/processed/rousettus/video/not_augmented/bgonly/random/itamar/r--itamar--VID_20250909_144529.30.jpg,itamar,rousettus,random,video,False,val,79.55736388111553
data/processed/rousettus/video/not_augmented/bgonly/random/itamar/r--itamar--VID_20250909_144529.302.jpg,itamar,rousettus,random,video,False,val,124.32957242380228
data/processed/rousettus/video/not_augmented/bgonly/random/itamar/r--itamar--VID_20250909_144529.303.jpg,itamar,rousettus,random,video,False,val,111.97969950581032
data/processed/rousettus/video/not_augmented/bgonly/random/itamar/r--itamar--VID_20250909_144529.304.jpg,itamar,rousettus,random,video,False,val,71.94891579813482
data/processed/rousettus/video/not_augmented/bgonly/random/itamar/r--itamar--VID_20250909_144529.305.jpg,itamar,rousettus,random,video,False,val,26.729567721604013
data/processed/rousettus/video/not_augmented/bgonly/random/itamar/r--itamar--VID_20250909_144529.306.jpg,itamar,rousettus,random,video,False,val,797.4866151360857
data/processed/rousettus/video/not_augmented/bgonly/random/itamar/r--itamar--VID_20250909_144529.307.jpg,itamar,rousettus,random,video,False,val,73.86415602156937
data/processed/rousettus/video/not_augmented/bgonly/random/itamar/r--itamar--VID_20250909_144529.308.jpg,itamar,rousettus,random,video,False,val,34.711854114079664
data/processed/rousettus/video/not_augmented/bgonly/random/itamar/r--itamar--VID_20250909_144529.309.jpg,itamar,rousettus,random,video,False,val,23.27889336193169
data/processed/rousettus/video/not_augmented/bgonly/random/itamar/r--itamar--VID_20250909_144529.31.jpg,itamar,rousettus,random,video,False,val,251.3655345428988
data/processed/rousettus/video/not_augmented/bgonly/random/itamar/r--itamar--VID_20250909_144529.310.jpg,itamar,rousettus,random,video,False,val,79.63531079147319
data/processed/rousettus/video/not_augmented/bgonly/random/itamar/r--itamar--VID_20250909_144529.311.jpg,itamar,rousettus,random,video,False,val,227.4579452203245
data/processed/rousettus/video/not_augmented/bgonly/random/itamar/r--itamar--VID_20250909_144529.312.jpg,itamar,rousettus,random,video,False,val,58.16135422064333
data/processed/rousettus/video/not_augmented/bgonly/random/itamar/r--itamar--VID_20250909_144529.313.jpg,itamar,rousettus,random,video,False,val,117.67748263198996
data/processed/rousettus/video/not_augmented/bgonly/random/itamar/r--itamar--VID_20250909_144529.314.jpg,itamar,rousettus,random,video,False,val,24.60452871549035
data/processed/rousettus/video/not_augmented/bgonly/random/itamar/r--itamar--VID_20250909_144529.315.jpg,itamar,rousettus,random,video,False,val,23.91448808739156
data/processed/rousettus/video/not_augmented/bgonly/random/itamar/r--itamar--VID_20250909_144529.316.jpg,itamar,rousettus,random,video,False,val,21.78891082685821
data/processed/rousettus/video/not_augmented/bgonly/random/itamar/r--itamar--VID_20250909_144529.317.jpg,itamar,rousettus,random,video,False,val,229.51353380830025
data/processed/rousettus/video/not_augmented/bgonly/random/itamar/r--itamar--VID_20250909_144529.318.jpg,itamar,rousettus,random,video,False,val,32.029201384833925
data/processed/rousettus/video/not_augmented/bgonly/random/itamar/r--itamar--VID_20250909_144529.319.jpg,itamar,rousettus,random,video,False,val,387.7527008437952
data/processed/rousettus/video/not_augmented/bgonly/random/itamar/r--itamar--VID_20250909_144529.32.jpg,itamar,rousettus,random,video,False,val,191.6015716161096
data/processed/rousettus/video/not_augmented/bgonly/random/itamar/r--itamar--VID_20250909_144529.320.jpg,itamar,rousettus,random,video,False,val,58.90851874869846
data/processed/rousettus/video/not_augmented/bgonly/random/itamar/r--itamar--VID_20250909_144529.321.jpg,itamar,rousettus,random,video,False,val,53.91963280165807
data/processed/rousettus/video/not_augmented/bgonly/random/itamar/r--itamar--VID_20250909_144529.322.jpg,itamar,rousettus,random,video,False,val,61.64954685876888
data/processed/rousettus/video/not_augmented/bgonly/random/itamar/r--itamar--VID_20250909_144529.323.jpg,itamar,rousettus,random,video,False,val,49.683466824329386
data/processed/rousettus/video/not_augmented/bgonly/random/itamar/r--itamar--VID_20250909_144529.324.jpg,itamar,rousettus,random,video,False,val,72.14888932753583
data/processed/rousettus/video/not_augmented/bgonly/random/itamar/r--itamar--VID_20250909_144529.325.jpg,itamar,rousettus,random,video,False,val,45.44972357855197
data/processed/rousettus/video/not_augmented/bgonly/random/itamar/r--itamar--VID_20250909_144529.326.jpg,itamar,rousettus,random,video,False,val,26.13458617852659
data/processed/rousettus/video/not_augmented/bgonly/random/itamar/r--itamar--VID_20250909_144529.327.jpg,itamar,rousettus,random,video,False,val,29.45800674443243
data/processed/rousettus/video/not_augmented/bgonly/random/itamar/r--itamar--VID_20250909_144529.328.jpg,itamar,rousettus,random,video,False,val,208.17597177831996
data/processed/rousettus/video/not_augmented/bgonly/random/itamar/r--itamar--VID_20250909_144529.329.jpg,itamar,rousettus,random,video,False,val,133.31683052028035
data/processed/rousettus/video/not_augmented/bgonly/random/itamar/r--itamar--VID_20250909_144529.33.jpg,itamar,rousettus,random,video,False,val,141.42496837153627
data/processed/rousettus/video/not_augmented/bgonly/random/itamar/r--itamar--VID_20250909_144529.330.jpg,itamar,rousettus,random,video,False,val,119.56510133079962
data/processed/rousettus/video/not_augmented/bgonly/random/itamar/r--itamar--VID_20250909_144529.331.jpg,itamar,rousettus,random,video,False,val,124.16676493735672
data/processed/rousettus/video/not_augmented/bgonly/random/itamar/r--itamar--VID_20250909_144529.332.jpg,itamar,rousettus,random,video,False,val,171.0965130097764
data/processed/rousettus/video/not_augmented/bgonly/random/itamar/r--itamar--VID_20250909_144529.333.jpg,itamar,rousettus,random,video,False,val,13.24247792818704
data/processed/rousettus/video/not_augmented/bgonly/random/itamar/r--itamar--VID_20250909_144529.334.jpg,itamar,rousettus,random,video,False,val,306.29989178803305
data/processed/rousettus/video/not_augmented/bgonly/random/itamar/r--itamar--VID_20250909_144529.335.jpg,itamar,rousettus,random,video,False,val,20.183608963905595
data/processed/rousettus/video/not_augmented/bgonly/random/itamar/r--itamar--VID_20250909_144529.336.jpg,itamar,rousettus,random,video,False,val,191.1948034877531
data/processed/rousettus/video/not_augmented/bgonly/random/itamar/r--itamar--VID_20250909_144529.337.jpg,itamar,rousettus,random,video,False,val,62.46410737361375
data/processed/rousettus/video/not_augmented/bgonly/random/itamar/r--itamar--VID_20250909_144529.338.jpg,itamar,rousettus,random,video,False,val,45.946490795003626
data/processed/rousettus/video/not_augmented/bgonly/random/itamar/r--itamar--VID_20250909_144529.339.jpg,itamar,rousettus,random,video,False,val,208.91074981753007
data/processed/rousettus/video/not_augmented/bgonly/random/itamar/r--itamar--VID_20250909_144529.34.jpg,itamar,rousettus,random,video,False,val,20.05861329813889
data/processed/rousettus/video/not_augmented/bgonly/random/itamar/r--itamar--VID_20250909_144529.340.jpg,itamar,rousettus,random,video,False,val,195.5183212982521
data/processed/rousettus/video/not_augmented/bgonly/random/itamar/r--itamar--VID_20250909_144529.341.jpg,itamar,rousettus,random,video,False,val,251.10225353693767
data/processed/rousettus/video/not_augmented/bgonly/random/itamar/r--itamar--VID_20250909_144529.342.jpg,itamar,rousettus,random,video,False,val,15.26832092448802
data/processed/rousettus/video/not_augmented/bgonly/random/itamar/r--itamar--VID_20250909_144529.343.jpg,itamar,rousettus,random,video,False,val,88.10360933809864
data/processed/rousettus/video/not_augmented/bgonly/random/itamar/r--itamar--VID_20250909_144529.344.jpg,itamar,rousettus,random,video,False,val,73.16028258106402
data/processed/rousettus/video/not_augmented/bgonly/random/itamar/r--itamar--VID_20250909_144529.345.jpg,itamar,rousettus,random,video,False,val,15.343509111638769
data/processed/rousettus/video/not_augmented/bgonly/random/itamar/r--itamar--VID_20250909_144529.346.jpg,itamar,rousettus,random,video,False,val,205.3929517329707
data/processed/rousettus/video/not_augmented/bgonly/random/itamar/r--itamar--VID_20250909_144529.347.jpg,itamar,rousettus,random,video,False,val,370.9878627089151
data/processed/rousettus/video/not_augmented/bgonly/random/itamar/r--itamar--VID_20250909_144529.348.jpg,itamar,rousettus,random,video,False,val,126.30997480029414
data/processed/rousettus/video/not_augmented/bgonly/random/itamar/r--itamar--VID_20250909_144529.349.jpg,itamar,rousettus,random,video,False,val,139.78593287176017
data/processed/rousettus/video/not_augmented/bgonly/random/itamar/r--itamar--VID_20250909_144529.35.jpg,itamar,rousettus,random,video,False,val,173.15514007879764
data/processed/rousettus/video/not_augmented/bgonly/random/itamar/r--itamar--VID_20250909_144529.350.jpg,itamar,rousettus,random,video,False,val,175.78544863876036
data/processed/rousettus/video/not_augmented/bgonly/random/itamar/r--itamar--VID_20250909_144529.351.jpg,itamar,rousettus,random,video,False,val,162.5339844309256
data/processed/rousettus/video/not_augmented/bgonly/random/itamar/r--itamar--VID_20250909_144529.352.jpg,itamar,rousettus,random,video,False,val,125.9782864980924
data/processed/rousettus/video/not_augmented/bgonly/random/itamar/r--itamar--VID_20250909_144529.353.jpg,itamar,rousettus,random,video,False,val,117.0439285090048
data/processed/rousettus/video/not_augmented/bgonly/random/itamar/r--itamar--VID_20250909_144529.354.jpg,itamar,rousettus,random,video,False,val,24.85308276092644
data/processed/rousettus/video/not_augmented/bgonly/random/itamar/r--itamar--VID_20250909_144529.355.jpg,itamar,rousettus,random,video,False,val,144.09241664335164
data/processed/rousettus/video/not_augmented/bgonly/random/itamar/r--itamar--VID_20250909_144529.356.jpg,itamar,rousettus,random,video,False,val,90.58174475209508
data/processed/rousettus/video/not_augmented/bgonly/random/itamar/r--itamar--VID_20250909_144529.357.jpg,itamar,rousettus,random,video,False,val,125.36152537988156
data/processed/rousettus/video/not_augmented/bgonly/random/itamar/r--itamar--VID_20250909_144529.358.jpg,itamar,rousettus,random,video,False,val,186.7123601163541
data/processed/rousettus/video/not_augmented/bgonly/random/itamar/r--itamar--VID_20250909_144529.359.jpg,itamar,rousettus,random,video,False,val,142.6762202007479
data/processed/rousettus/video/not_augmented/bgonly/random/itamar/r--itamar--VID_20250909_144529.36.jpg,itamar,rousettus,random,video,False,val,42.0746452521404
data/processed/rousettus/video/not_augmented/bgonly/random/itamar/r--itamar--VID_20250909_144529.360.jpg,itamar,rousettus,random,video,False,val,77.42220693705033
data/processed/rousettus/video/not_augmented/bgonly/random/itamar/r--itamar--VID_20250909_144529.361.jpg,itamar,rousettus,random,video,False,val,167.5610621784787
data/processed/rousettus/video/not_augmented/bgonly/random/itamar/r--itamar--VID_20250909_144529.37.jpg,itamar,rousettus,random,video,False,val,46.20802681290175
data/processed/rousettus/video/not_augmented/bgonly/random/itamar/r--itamar--VID_20250909_144529.38.jpg,itamar,rousettus,random,video,False,val,579.3064953646328
data/processed/rousettus/video/not_augmented/bgonly/random/itamar/r--itamar--VID_20250909_144529.39.jpg,itamar,rousettus,random,video,False,val,411.8181118391197
data/processed/rousettus/video/not_augmented/bgonly/random/itamar/r--itamar--VID_20250909_144529.40.jpg,itamar,rousettus,random,video,False,val,533.0243377097693
data/processed/rousettus/video/not_augmented/bgonly/random/itamar/r--itamar--VID_20250909_144529.41.jpg,itamar,rousettus,random,video,False,val,14.821585207569354
data/processed/rousettus/video/not_augmented/bgonly/random/itamar/r--itamar--VID_20250909_144529.42.jpg,itamar,rousettus,random,video,False,val,356.54554676086093
data/processed/rousettus/video/not_augmented/bgonly/random/jafar/r--jafar--VID_20250909_144606.1.jpg,jafar,rousettus,random,video,False,train,36.1599687971904
data/processed/rousettus/video/not_augmented/bgonly/random/jafar/r--jafar--VID_20250909_144606.10.jpg,jafar,rousettus,random,video,False,train,108.14976031141742
data/processed/rousettus/video/not_augmented/bgonly/random/jafar/r--jafar--VID_20250909_144606.11.jpg,jafar,rousettus,random,video,False,train,104.73710521386596
data/processed/rousettus/video/not_augmented/bgonly/random/jafar/r--jafar--VID_20250909_144606.116.jpg,jafar,rousettus,random,video,False,train,75.59203643830602
data/processed/rousettus/video/not_augmented/bgonly/random/jafar/r--jafar--VID_20250909_144606.117.jpg,jafar,rousettus,random,video,False,train,749.9204635298386
data/processed/rousettus/video/not_augmented/bgonly/random/jafar/r--jafar--VID_20250909_144606.12.jpg,jafar,rousettus,random,video,False,train,144.2909995193831
data/processed/rousettus/video/not_augmented/bgonly/random/jafar/r--jafar--VID_20250909_144606.13.jpg,jafar,rousettus,random,video,False,train,207.0338850736321
data/processed/rousettus/video/not_augmented/bgonly/random/jafar/r--jafar--VID_20250909_144606.14.jpg,jafar,rousettus,random,video,False,train,243.84066442269577
data/processed/rousettus/video/not_augmented/bgonly/random/jafar/r--jafar--VID_20250909_144606.143.jpg,jafar,rousettus,random,video,False,train,66.41739049488083
data/processed/rousettus/video/not_augmented/bgonly/random/jafar/r--jafar--VID_20250909_144606.144.jpg,jafar,rousettus,random,video,False,train,77.90187671054456
data/processed/rousettus/video/not_augmented/bgonly/random/jafar/r--jafar--VID_20250909_144606.145.jpg,jafar,rousettus,random,video,False,train,170.46005059639052
data/processed/rousettus/video/not_augmented/bgonly/random/jafar/r--jafar--VID_20250909_144606.146.jpg,jafar,rousettus,random,video,False,train,427.7213123072093
data/processed/rousettus/video/not_augmented/bgonly/random/jafar/r--jafar--VID_20250909_144606.147.jpg,jafar,rousettus,random,video,False,train,1163.1530002083991
data/processed/rousettus/video/not_augmented/bgonly/random/jafar/r--jafar--VID_20250909_144606.148.jpg,jafar,rousettus,random,video,False,train,220.2426839631481
data/processed/rousettus/video/not_augmented/bgonly/random/jafar/r--jafar--VID_20250909_144606.149.jpg,jafar,rousettus,random,video,False,train,1231.8981545101549
data/processed/rousettus/video/not_augmented/bgonly/random/jafar/r--jafar--VID_20250909_144606.15.jpg,jafar,rousettus,random,video,False,train,204.92422417986648
data/processed/rousettus/video/not_augmented/bgonly/random/jafar/r--jafar--VID_20250909_144606.150.jpg,jafar,rousettus,random,video,False,train,207.3721660497237
data/processed/rousettus/video/not_augmented/bgonly/random/jafar/r--jafar--VID_20250909_144606.151.jpg,jafar,rousettus,random,video,False,train,512.6311062479556
data/processed/rousettus/video/not_augmented/bgonly/random/jafar/r--jafar--VID_20250909_144606.152.jpg,jafar,rousettus,random,video,False,train,295.5588176493742
data/processed/rousettus/video/not_augmented/bgonly/random/jafar/r--jafar--VID_20250909_144606.153.jpg,jafar,rousettus,random,video,False,train,129.5710639361787
data/processed/rousettus/video/not_augmented/bgonly/random/jafar/r--jafar--VID_20250909_144606.154.jpg,jafar,rousettus,random,video,False,train,303.90108710038373
data/processed/rousettus/video/not_augmented/bgonly/random/jafar/r--jafar--VID_20250909_144606.156.jpg,jafar,rousettus,random,video,False,train,173.58303564819184
data/processed/rousettus/video/not_augmented/bgonly/random/jafar/r--jafar--VID_20250909_144606.157.jpg,jafar,rousettus,random,video,False,train,500.9411376022091
data/processed/rousettus/video/not_augmented/bgonly/random/jafar/r--jafar--VID_20250909_144606.158.jpg,jafar,rousettus,random,video,False,train,437.95728484077887
data/processed/rousettus/video/not_augmented/bgonly/random/jafar/r--jafar--VID_20250909_144606.159.jpg,jafar,rousettus,random,video,False,train,523.3368226174066
data/processed/rousettus/video/not_augmented/bgonly/random/jafar/r--jafar--VID_20250909_144606.16.jpg,jafar,rousettus,random,video,False,train,59.22623498218351
data/processed/rousettus/video/not_augmented/bgonly/random/jafar/r--jafar--VID_20250909_144606.160.jpg,jafar,rousettus,random,video,False,train,3029.963318728646
data/processed/rousettus/video/not_augmented/bgonly/random/jafar/r--jafar--VID_20250909_144606.161.jpg,jafar,rousettus,random,video,False,train,155.55224031331588
data/processed/rousettus/video/not_augmented/bgonly/random/jafar/r--jafar--VID_20250909_144606.162.jpg,jafar,rousettus,random,video,False,train,309.69277500301934
data/processed/rousettus/video/not_augmented/bgonly/random/jafar/r--jafar--VID_20250909_144606.163.jpg,jafar,rousettus,random,video,False,train,160.0639029951306
data/processed/rousettus/video/not_augmented/bgonly/random/jafar/r--jafar--VID_20250909_144606.164.jpg,jafar,rousettus,random,video,False,train,304.1456252526661
data/processed/rousettus/video/not_augmented/bgonly/random/jafar/r--jafar--VID_20250909_144606.165.jpg,jafar,rousettus,random,video,False,train,36.074856503513246
data/processed/rousettus/video/not_augmented/bgonly/random/jafar/r--jafar--VID_20250909_144606.166.jpg,jafar,rousettus,random,video,False,train,99.70907448153356
data/processed/rousettus/video/not_augmented/bgonly/random/jafar/r--jafar--VID_20250909_144606.167.jpg,jafar,rousettus,random,video,False,train,246.6061029044949
data/processed/rousettus/video/not_augmented/bgonly/random/jafar/r--jafar--VID_20250909_144606.168.jpg,jafar,rousettus,random,video,False,train,155.41635976439463
data/processed/rousettus/video/not_augmented/bgonly/random/jafar/r--jafar--VID_20250909_144606.169.jpg,jafar,rousettus,random,video,False,train,103.68050670186862
data/processed/rousettus/video/not_augmented/bgonly/random/jafar/r--jafar--VID_20250909_144606.17.jpg,jafar,rousettus,random,video,False,train,97.3687524871
data/processed/rousettus/video/not_augmented/bgonly/random/jafar/r--jafar--VID_20250909_144606.170.jpg,jafar,rousettus,random,video,False,train,76.84346446450778
data/processed/rousettus/video/not_augmented/bgonly/random/jafar/r--jafar--VID_20250909_144606.171.jpg,jafar,rousettus,random,video,False,train,419.86048678644784
data/processed/rousettus/video/not_augmented/bgonly/random/jafar/r--jafar--VID_20250909_144606.172.jpg,jafar,rousettus,random,video,False,train,192.5524263711633
data/processed/rousettus/video/not_augmented/bgonly/random/jafar/r--jafar--VID_20250909_144606.173.jpg,jafar,rousettus,random,video,False,train,115.71879855953917
data/processed/rousettus/video/not_augmented/bgonly/random/jafar/r--jafar--VID_20250909_144606.174.jpg,jafar,rousettus,random,video,False,train,113.84038016380048
data/processed/rousettus/video/not_augmented/bgonly/random/jafar/r--jafar--VID_20250909_144606.175.jpg,jafar,rousettus,random,video,False,train,62.76835681219391
data/processed/rousettus/video/not_augmented/bgonly/random/jafar/r--jafar--VID_20250909_144606.176.jpg,jafar,rousettus,random,video,False,train,941.369677483663
data/processed/rousettus/video/not_augmented/bgonly/random/jafar/r--jafar--VID_20250909_144606.177.jpg,jafar,rousettus,random,video,False,train,36.5336602209807
data/processed/rousettus/video/not_augmented/bgonly/random/jafar/r--jafar--VID_20250909_144606.178.jpg,jafar,rousettus,random,video,False,train,580.3899535874633
data/processed/rousettus/video/not_augmented/bgonly/random/jafar/r--jafar--VID_20250909_144606.179.jpg,jafar,rousettus,random,video,False,train,31.66325650896345
data/processed/rousettus/video/not_augmented/bgonly/random/jafar/r--jafar--VID_20250909_144606.18.jpg,jafar,rousettus,random,video,False,train,147.81267112595296
data/processed/rousettus/video/not_augmented/bgonly/random/jafar/r--jafar--VID_20250909_144606.180.jpg,jafar,rousettus,random,video,False,train,363.365327029961
data/processed/rousettus/video/not_augmented/bgonly/random/jafar/r--jafar--VID_20250909_144606.183.jpg,jafar,rousettus,random,video,False,train,171.28890889369166
data/processed/rousettus/video/not_augmented/bgonly/random/jafar/r--jafar--VID_20250909_144606.184.jpg,jafar,rousettus,random,video,False,train,202.89167559876736
data/processed/rousettus/video/not_augmented/bgonly/random/jafar/r--jafar--VID_20250909_144606.185.jpg,jafar,rousettus,random,video,False,train,17.658641959368712
data/processed/rousettus/video/not_augmented/bgonly/random/jafar/r--jafar--VID_20250909_144606.187.jpg,jafar,rousettus,random,video,False,train,978.0811187822784
data/processed/rousettus/video/not_augmented/bgonly/random/jafar/r--jafar--VID_20250909_144606.188.jpg,jafar,rousettus,random,video,False,train,218.69969950671597
data/processed/rousettus/video/not_augmented/bgonly/random/jafar/r--jafar--VID_20250909_144606.2.jpg,jafar,rousettus,random,video,False,train,58.8549856923114
data/processed/rousettus/video/not_augmented/bgonly/random/jafar/r--jafar--VID_20250909_144606.257.jpg,jafar,rousettus,random,video,False,train,82.48378462753709
data/processed/rousettus/video/not_augmented/bgonly/random/jafar/r--jafar--VID_20250909_144606.259.jpg,jafar,rousettus,random,video,False,train,94.7011042745448
data/processed/rousettus/video/not_augmented/bgonly/random/jafar/r--jafar--VID_20250909_144606.260.jpg,jafar,rousettus,random,video,False,train,317.34340427181013
data/processed/rousettus/video/not_augmented/bgonly/random/jafar/r--jafar--VID_20250909_144606.261.jpg,jafar,rousettus,random,video,False,train,56.33465766191782
data/processed/rousettus/video/not_augmented/bgonly/random/jafar/r--jafar--VID_20250909_144606.263.jpg,jafar,rousettus,random,video,False,train,319.4174632871216
data/processed/rousettus/video/not_augmented/bgonly/random/jafar/r--jafar--VID_20250909_144606.265.jpg,jafar,rousettus,random,video,False,train,113.52115726113468
data/processed/rousettus/video/not_augmented/bgonly/random/jafar/r--jafar--VID_20250909_144606.266.jpg,jafar,rousettus,random,video,False,train,194.09343000989517
data/processed/rousettus/video/not_augmented/bgonly/random/jafar/r--jafar--VID_20250909_144606.267.jpg,jafar,rousettus,random,video,False,train,166.52937072061192
data/processed/rousettus/video/not_augmented/bgonly/random/jafar/r--jafar--VID_20250909_144606.268.jpg,jafar,rousettus,random,video,False,train,271.645858713807
data/processed/rousettus/video/not_augmented/bgonly/random/jafar/r--jafar--VID_20250909_144606.269.jpg,jafar,rousettus,random,video,False,train,41.5560950311409
data/processed/rousettus/video/not_augmented/bgonly/random/jafar/r--jafar--VID_20250909_144606.270.jpg,jafar,rousettus,random,video,False,train,192.4776826832305
data/processed/rousettus/video/not_augmented/bgonly/random/jafar/r--jafar--VID_20250909_144606.271.jpg,jafar,rousettus,random,video,False,train,228.9317529428904
data/processed/rousettus/video/not_augmented/bgonly/random/jafar/r--jafar--VID_20250909_144606.272.jpg,jafar,rousettus,random,video,False,train,262.04550618938686
data/processed/rousettus/video/not_augmented/bgonly/random/jafar/r--jafar--VID_20250909_144606.273.jpg,jafar,rousettus,random,video,False,train,176.1826298116694
data/processed/rousettus/video/not_augmented/bgonly/random/jafar/r--jafar--VID_20250909_144606.274.jpg,jafar,rousettus,random,video,False,train,685.955404063157
data/processed/rousettus/video/not_augmented/bgonly/random/jafar/r--jafar--VID_20250909_144606.275.jpg,jafar,rousettus,random,video,False,train,377.2039569277209
data/processed/rousettus/video/not_augmented/bgonly/random/jafar/r--jafar--VID_20250909_144606.276.jpg,jafar,rousettus,random,video,False,train,326.9568189361204
data/processed/rousettus/video/not_augmented/bgonly/random/jafar/r--jafar--VID_20250909_144606.277.jpg,jafar,rousettus,random,video,False,train,225.27654502929025
data/processed/rousettus/video/not_augmented/bgonly/random/jafar/r--jafar--VID_20250909_144606.278.jpg,jafar,rousettus,random,video,False,train,460.6018392792447
data/processed/rousettus/video/not_augmented/bgonly/random/jafar/r--jafar--VID_20250909_144606.279.jpg,jafar,rousettus,random,video,False,train,415.52683840469246
data/processed/rousettus/video/not_augmented/bgonly/random/jafar/r--jafar--VID_20250909_144606.280.jpg,jafar,rousettus,random,video,False,train,88.19283832643788
data/processed/rousettus/video/not_augmented/bgonly/random/jafar/r--jafar--VID_20250909_144606.281.jpg,jafar,rousettus,random,video,False,train,640.6951615771667
data/processed/rousettus/video/not_augmented/bgonly/random/jafar/r--jafar--VID_20250909_144606.282.jpg,jafar,rousettus,random,video,False,train,148.80128327393126
data/processed/rousettus/video/not_augmented/bgonly/random/jafar/r--jafar--VID_20250909_144606.283.jpg,jafar,rousettus,random,video,False,train,447.8274061237956
data/processed/rousettus/video/not_augmented/bgonly/random/jafar/r--jafar--VID_20250909_144606.284.jpg,jafar,rousettus,random,video,False,train,487.9137285157871
data/processed/rousettus/video/not_augmented/bgonly/random/jafar/r--jafar--VID_20250909_144606.285.jpg,jafar,rousettus,random,video,False,train,83.37500393345971
data/processed/rousettus/video/not_augmented/bgonly/random/jafar/r--jafar--VID_20250909_144606.286.jpg,jafar,rousettus,random,video,False,train,467.42689017820544
data/processed/rousettus/video/not_augmented/bgonly/random/jafar/r--jafar--VID_20250909_144606.287.jpg,jafar,rousettus,random,video,False,train,21.702165950789443
data/processed/rousettus/video/not_augmented/bgonly/random/jafar/r--jafar--VID_20250909_144606.288.jpg,jafar,rousettus,random,video,False,train,385.5993000921832
data/processed/rousettus/video/not_augmented/bgonly/random/jafar/r--jafar--VID_20250909_144606.289.jpg,jafar,rousettus,random,video,False,train,239.01870638407647
data/processed/rousettus/video/not_augmented/bgonly/random/jafar/r--jafar--VID_20250909_144606.290.jpg,jafar,rousettus,random,video,False,train,185.85432084547085
data/processed/rousettus/video/not_augmented/bgonly/random/jafar/r--jafar--VID_20250909_144606.291.jpg,jafar,rousettus,random,video,False,train,490.8109087644145
data/processed/rousettus/video/not_augmented/bgonly/random/jafar/r--jafar--VID_20250909_144606.292.jpg,jafar,rousettus,random,video,False,train,131.200187965911
data/processed/rousettus/video/not_augmented/bgonly/random/jafar/r--jafar--VID_20250909_144606.293.jpg,jafar,rousettus,random,video,False,train,194.9625791432906
data/processed/rousettus/video/not_augmented/bgonly/random/jafar/r--jafar--VID_20250909_144606.294.jpg,jafar,rousettus,random,video,False,train,419.704240181306
data/processed/rousettus/video/not_augmented/bgonly/random/jafar/r--jafar--VID_20250909_144606.295.jpg,jafar,rousettus,random,video,False,train,306.6695513028197
data/processed/rousettus/video/not_augmented/bgonly/random/jafar/r--jafar--VID_20250909_144606.296.jpg,jafar,rousettus,random,video,False,train,140.20616494631182
data/processed/rousettus/video/not_augmented/bgonly/random/jafar/r--jafar--VID_20250909_144606.299.jpg,jafar,rousettus,random,video,False,train,197.79971125204327
data/processed/rousettus/video/not_augmented/bgonly/random/jafar/r--jafar--VID_20250909_144606.3.jpg,jafar,rousettus,random,video,False,train,42.598516115095656
data/processed/rousettus/video/not_augmented/bgonly/random/jafar/r--jafar--VID_20250909_144606.300.jpg,jafar,rousettus,random,video,False,train,33.26305204746575
data/processed/rousettus/video/not_augmented/bgonly/random/jafar/r--jafar--VID_20250909_144606.301.jpg,jafar,rousettus,random,video,False,train,132.43391350734635
data/processed/rousettus/video/not_augmented/bgonly/random/jafar/r--jafar--VID_20250909_144606.304.jpg,jafar,rousettus,random,video,False,train,315.1514949707228
data/processed/rousettus/video/not_augmented/bgonly/random/jafar/r--jafar--VID_20250909_144606.4.jpg,jafar,rousettus,random,video,False,train,33.46381515088253
data/processed/rousettus/video/not_augmented/bgonly/random/jafar/r--jafar--VID_20250909_144606.5.jpg,jafar,rousettus,random,video,False,train,112.78875621484248
data/processed/rousettus/video/not_augmented/bgonly/random/jafar/r--jafar--VID_20250909_144606.58.jpg,jafar,rousettus,random,video,False,train,185.10055174662745
data/processed/rousettus/video/not_augmented/bgonly/random/jafar/r--jafar--VID_20250909_144606.59.jpg,jafar,rousettus,random,video,False,train,495.0102602896319
data/processed/rousettus/video/not_augmented/bgonly/random/jafar/r--jafar--VID_20250909_144606.60.jpg,jafar,rousettus,random,video,False,train,78.4483083687639
data/processed/rousettus/video/not_augmented/bgonly/random/jafar/r--jafar--VID_20250909_144606.61.jpg,jafar,rousettus,random,video,False,train,1058.3000412205763
data/processed/rousettus/video/not_augmented/bgonly/random/jafar/r--jafar--VID_20250909_144606.62.jpg,jafar,rousettus,random,video,False,train,388.8964429328661
data/processed/rousettus/video/not_augmented/bgonly/random/jafar/r--jafar--VID_20250909_144606.63.jpg,jafar,rousettus,random,video,False,train,149.2560562569119
data/processed/rousettus/video/not_augmented/bgonly/random/jafar/r--jafar--VID_20250909_144606.64.jpg,jafar,rousettus,random,video,False,train,367.32003050632943
data/processed/rousettus/video/not_augmented/bgonly/random/jafar/r--jafar--VID_20250909_144606.68.jpg,jafar,rousettus,random,video,False,train,171.04735051369175
data/processed/rousettus/video/not_augmented/bgonly/random/jafar/r--jafar--VID_20250909_144606.7.jpg,jafar,rousettus,random,video,False,train,125.49635705149504
data/processed/rousettus/video/not_augmented/bgonly/random/jafar/r--jafar--VID_20250909_144606.70.jpg,jafar,rousettus,random,video,False,train,179.42789472852434
data/processed/rousettus/video/not_augmented/bgonly/random/jafar/r--jafar--VID_20250909_144606.71.jpg,jafar,rousettus,random,video,False,train,112.02734822047248
data/processed/rousettus/video/not_augmented/bgonly/random/jafar/r--jafar--VID_20250909_144606.72.jpg,jafar,rousettus,random,video,False,train,983.0500985188862
data/processed/rousettus/video/not_augmented/bgonly/random/jafar/r--jafar--VID_20250909_144606.8.jpg,jafar,rousettus,random,video,False,train,136.8494288970013
data/processed/rousettus/video/not_augmented/bgonly/random/jafar/r--jafar--VID_20250909_144606.9.jpg,jafar,rousettus,random,video,False,train,107.4778397499348
data/processed/rousettus/video/not_augmented/bgonly/random/larry/r--larry--VID_20250909_144351.165.jpg,larry,rousettus,random,video,False,train,67.93392541377757
data/processed/rousettus/video/not_augmented/bgonly/random/larry/r--larry--VID_20250909_144351.168.jpg,larry,rousettus,random,video,False,train,406.9014219945791
data/processed/rousettus/video/not_augmented/bgonly/random/larry/r--larry--VID_20250909_144351.171.jpg,larry,rousettus,random,video,False,train,11.650185795934537
data/processed/rousettus/video/not_augmented/bgonly/random/larry/r--larry--VID_20250909_144351.172.jpg,larry,rousettus,random,video,False,train,405.6775860562021
data/processed/rousettus/video/not_augmented/bgonly/random/larry/r--larry--VID_20250909_144351.173.jpg,larry,rousettus,random,video,False,train,792.4738793962949
data/processed/rousettus/video/not_augmented/bgonly/random/larry/r--larry--VID_20250909_144351.174.jpg,larry,rousettus,random,video,False,train,319.0741049950444
data/processed/rousettus/video/not_augmented/bgonly/random/larry/r--larry--VID_20250909_144351.175.jpg,larry,rousettus,random,video,False,train,447.8833888890792
data/processed/rousettus/video/not_augmented/bgonly/random/larry/r--larry--VID_20250909_144351.176.jpg,larry,rousettus,random,video,False,train,241.17627597818367
data/processed/rousettus/video/not_augmented/bgonly/random/larry/r--larry--VID_20250909_144351.177.jpg,larry,rousettus,random,video,False,train,66.41482427288027
data/processed/rousettus/video/not_augmented/bgonly/random/larry/r--larry--VID_20250909_144351.178.jpg,larry,rousettus,random,video,False,train,108.4637635662773
data/processed/rousettus/video/not_augmented/bgonly/random/larry/r--larry--VID_20250909_144351.179.jpg,larry,rousettus,random,video,False,train,140.28497413554226
data/processed/rousettus/video/not_augmented/bgonly/random/larry/r--larry--VID_20250909_144351.180.jpg,larry,rousettus,random,video,False,train,140.78128414003118
data/processed/rousettus/video/not_augmented/bgonly/random/larry/r--larry--VID_20250909_144351.181.jpg,larry,rousettus,random,video,False,train,380.8354990433674
data/processed/rousettus/video/not_augmented/bgonly/random/larry/r--larry--VID_20250909_144351.182.jpg,larry,rousettus,random,video,False,train,298.5231374830367
data/processed/rousettus/video/not_augmented/bgonly/random/larry/r--larry--VID_20250909_144351.183.jpg,larry,rousettus,random,video,False,train,224.6342488054135
data/processed/rousettus/video/not_augmented/bgonly/random/larry/r--larry--VID_20250909_144351.189.jpg,larry,rousettus,random,video,False,train,805.5297799986238
data/processed/rousettus/video/not_augmented/bgonly/random/larry/r--larry--VID_20250909_144351.191.jpg,larry,rousettus,random,video,False,train,405.3370476734236
data/processed/rousettus/video/not_augmented/bgonly/random/larry/r--larry--VID_20250909_144351.247.jpg,larry,rousettus,random,video,False,train,112.07724795804228
data/processed/rousettus/video/not_augmented/bgonly/random/larry/r--larry--VID_20250909_144351.248.jpg,larry,rousettus,random,video,False,train,54.24823681864327
data/processed/rousettus/video/not_augmented/bgonly/random/larry/r--larry--VID_20250909_144351.250.jpg,larry,rousettus,random,video,False,train,39.953303386349816
data/processed/rousettus/video/not_augmented/bgonly/random/larry/r--larry--VID_20250909_144351.251.jpg,larry,rousettus,random,video,False,train,228.33202263197768
data/processed/rousettus/video/not_augmented/bgonly/random/larry/r--larry--VID_20250909_144351.252.jpg,larry,rousettus,random,video,False,train,99.2611174287522
data/processed/rousettus/video/not_augmented/bgonly/random/larry/r--larry--VID_20250909_144351.254.jpg,larry,rousettus,random,video,False,train,33.82530525673037
data/processed/rousettus/video/not_augmented/bgonly/random/larry/r--larry--VID_20250909_144351.255.jpg,larry,rousettus,random,video,False,train,299.72243132585294
data/processed/rousettus/video/not_augmented/bgonly/random/larry/r--larry--VID_20250909_144351.256.jpg,larry,rousettus,random,video,False,train,18.485637878885075
data/processed/rousettus/video/not_augmented/bgonly/random/larry/r--larry--VID_20250909_144351.257.jpg,larry,rousettus,random,video,False,train,305.482063301401
data/processed/rousettus/video/not_augmented/bgonly/random/larry/r--larry--VID_20250909_144351.258.jpg,larry,rousettus,random,video,False,train,108.30132402692524
data/processed/rousettus/video/not_augmented/bgonly/random/larry/r--larry--VID_20250909_144351.259.jpg,larry,rousettus,random,video,False,train,379.1444682066066
data/processed/rousettus/video/not_augmented/bgonly/random/larry/r--larry--VID_20250909_144351.260.jpg,larry,rousettus,random,video,False,train,146.42528037873967
data/processed/rousettus/video/not_augmented/bgonly/random/larry/r--larry--VID_20250909_144351.261.jpg,larry,rousettus,random,video,False,train,137.6114621966742
data/processed/rousettus/video/not_augmented/bgonly/random/larry/r--larry--VID_20250909_144351.262.jpg,larry,rousettus,random,video,False,train,663.7568355716799
data/processed/rousettus/video/not_augmented/bgonly/random/larry/r--larry--VID_20250909_144351.263.jpg,larry,rousettus,random,video,False,train,16.93747171904831
data/processed/rousettus/video/not_augmented/bgonly/random/larry/r--larry--VID_20250909_144351.264.jpg,larry,rousettus,random,video,False,train,116.22884366950213
data/processed/rousettus/video/not_augmented/bgonly/random/larry/r--larry--VID_20250909_144351.265.jpg,larry,rousettus,random,video,False,train,286.4502084740794
data/processed/rousettus/video/not_augmented/bgonly/random/larry/r--larry--VID_20250909_144351.266.jpg,larry,rousettus,random,video,False,train,9.754976931138616
data/processed/rousettus/video/not_augmented/bgonly/random/larry/r--larry--VID_20250909_144351.85.jpg,larry,rousettus,random,video,False,train,1451.6534042628498
data/processed/rousettus/video/not_augmented/bgonly/random/larry/r--larry--VID_20250909_144351.86.jpg,larry,rousettus,random,video,False,train,112.81050353107828
data/processed/rousettus/video/not_augmented/bgonly/random/larry/r--larry--VID_20250909_144351.87.jpg,larry,rousettus,random,video,False,train,1437.8140679946894
data/processed/rousettus/video/not_augmented/bgonly/random/larry/r--larry--VID_20250909_144351.88.jpg,larry,rousettus,random,video,False,train,999.4664917182844
data/processed/rousettus/video/not_augmented/bgonly/random/larry/r--larry--VID_20250909_144351.89.jpg,larry,rousettus,random,video,False,train,363.1182846949529
data/processed/rousettus/video/not_augmented/bgonly/random/larry/r--larry--VID_20250909_144351.90.jpg,larry,rousettus,random,video,False,train,151.38394649899635
data/processed/rousettus/video/not_augmented/bgonly/random/larry/r--larry--VID_20250909_144351.91.jpg,larry,rousettus,random,video,False,train,275.56885312170544
data/processed/rousettus/video/not_augmented/bgonly/random/newton/r--newton--VID_20250909_143734.10.jpg,newton,rousettus,random,video,False,train,171.58547552880125
data/processed/rousettus/video/not_augmented/bgonly/random/newton/r--newton--VID_20250909_143734.11.jpg,newton,rousettus,random,video,False,train,28.269722984215463
data/processed/rousettus/video/not_augmented/bgonly/random/newton/r--newton--VID_20250909_143734.121.jpg,newton,rousettus,random,video,False,train,272.6406299046108
data/processed/rousettus/video/not_augmented/bgonly/random/newton/r--newton--VID_20250909_143734.122.jpg,newton,rousettus,random,video,False,train,56.1748445408387
data/processed/rousettus/video/not_augmented/bgonly/random/newton/r--newton--VID_20250909_143734.123.jpg,newton,rousettus,random,video,False,train,194.4626941732544
data/processed/rousettus/video/not_augmented/bgonly/random/newton/r--newton--VID_20250909_143734.131.jpg,newton,rousettus,random,video,False,train,454.8263696732495
data/processed/rousettus/video/not_augmented/bgonly/random/newton/r--newton--VID_20250909_143734.132.jpg,newton,rousettus,random,video,False,train,59.93657542248162
data/processed/rousettus/video/not_augmented/bgonly/random/newton/r--newton--VID_20250909_143734.133.jpg,newton,rousettus,random,video,False,train,180.7409587222206
data/processed/rousettus/video/not_augmented/bgonly/random/newton/r--newton--VID_20250909_143734.134.jpg,newton,rousettus,random,video,False,train,224.09861365758792
data/processed/rousettus/video/not_augmented/bgonly/random/newton/r--newton--VID_20250909_143734.137.jpg,newton,rousettus,random,video,False,train,259.0178495988603
data/processed/rousettus/video/not_augmented/bgonly/random/newton/r--newton--VID_20250909_143734.138.jpg,newton,rousettus,random,video,False,train,38.66782518924648
data/processed/rousettus/video/not_augmented/bgonly/random/newton/r--newton--VID_20250909_143734.142.jpg,newton,rousettus,random,video,False,train,153.39530699990877
data/processed/rousettus/video/not_augmented/bgonly/random/newton/r--newton--VID_20250909_143734.143.jpg,newton,rousettus,random,video,False,train,43.03862677887548
data/processed/rousettus/video/not_augmented/bgonly/random/newton/r--newton--VID_20250909_143734.144.jpg,newton,rousettus,random,video,False,train,249.6074446456128
data/processed/rousettus/video/not_augmented/bgonly/random/newton/r--newton--VID_20250909_143734.145.jpg,newton,rousettus,random,video,False,train,129.81412113631382
data/processed/rousettus/video/not_augmented/bgonly/random/newton/r--newton--VID_20250909_143734.146.jpg,newton,rousettus,random,video,False,train,130.44439773170316
data/processed/rousettus/video/not_augmented/bgonly/random/newton/r--newton--VID_20250909_143734.147.jpg,newton,rousettus,random,video,False,train,213.1465977160745
data/processed/rousettus/video/not_augmented/bgonly/random/newton/r--newton--VID_20250909_143734.148.jpg,newton,rousettus,random,video,False,train,44.06270187827559
data/processed/rousettus/video/not_augmented/bgonly/random/newton/r--newton--VID_20250909_143734.149.jpg,newton,rousettus,random,video,False,train,102.9273336030006
data/processed/rousettus/video/not_augmented/bgonly/random/newton/r--newton--VID_20250909_143734.150.jpg,newton,rousettus,random,video,False,train,436.5193556591354
data/processed/rousettus/video/not_augmented/bgonly/random/newton/r--newton--VID_20250909_143734.155.jpg,newton,rousettus,random,video,False,train,169.70498559197898
data/processed/rousettus/video/not_augmented/bgonly/random/newton/r--newton--VID_20250909_143734.156.jpg,newton,rousettus,random,video,False,train,105.5010064981819
data/processed/rousettus/video/not_augmented/bgonly/random/newton/r--newton--VID_20250909_143734.157.jpg,newton,rousettus,random,video,False,train,170.77158089073336
data/processed/rousettus/video/not_augmented/bgonly/random/newton/r--newton--VID_20250909_143734.158.jpg,newton,rousettus,random,video,False,train,60.95943947227634
data/processed/rousettus/video/not_augmented/bgonly/random/newton/r--newton--VID_20250909_143734.159.jpg,newton,rousettus,random,video,False,train,90.78433236277438
data/processed/rousettus/video/not_augmented/bgonly/random/newton/r--newton--VID_20250909_143734.160.jpg,newton,rousettus,random,video,False,train,523.4134195840938
data/processed/rousettus/video/not_augmented/bgonly/random/newton/r--newton--VID_20250909_143734.162.jpg,newton,rousettus,random,video,False,train,119.56488361819392
data/processed/rousettus/video/not_augmented/bgonly/random/newton/r--newton--VID_20250909_143734.163.jpg,newton,rousettus,random,video,False,train,134.89559315900314
data/processed/rousettus/video/not_augmented/bgonly/random/newton/r--newton--VID_20250909_143734.164.jpg,newton,rousettus,random,video,False,train,155.39854603218862
data/processed/rousettus/video/not_augmented/bgonly/random/newton/r--newton--VID_20250909_143734.165.jpg,newton,rousettus,random,video,False,train,164.74649549910842
data/processed/rousettus/video/not_augmented/bgonly/random/newton/r--newton--VID_20250909_143734.166.jpg,newton,rousettus,random,video,False,train,94.1947815564214
data/processed/rousettus/video/not_augmented/bgonly/random/newton/r--newton--VID_20250909_143734.167.jpg,newton,rousettus,random,video,False,train,143.41813475844364
data/processed/rousettus/video/not_augmented/bgonly/random/newton/r--newton--VID_20250909_143734.168.jpg,newton,rousettus,random,video,False,train,65.31754295670058
data/processed/rousettus/video/not_augmented/bgonly/random/newton/r--newton--VID_20250909_143734.169.jpg,newton,rousettus,random,video,False,train,135.06543658763752
data/processed/rousettus/video/not_augmented/bgonly/random/newton/r--newton--VID_20250909_143734.170.jpg,newton,rousettus,random,video,False,train,326.1793239260653
data/processed/rousettus/video/not_augmented/bgonly/random/newton/r--newton--VID_20250909_143734.171.jpg,newton,rousettus,random,video,False,train,70.73192215084981
data/processed/rousettus/video/not_augmented/bgonly/random/newton/r--newton--VID_20250909_143734.172.jpg,newton,rousettus,random,video,False,train,204.01317319627705
data/processed/rousettus/video/not_augmented/bgonly/random/newton/r--newton--VID_20250909_143734.173.jpg,newton,rousettus,random,video,False,train,94.97570185440873
data/processed/rousettus/video/not_augmented/bgonly/random/newton/r--newton--VID_20250909_143734.174.jpg,newton,rousettus,random,video,False,train,70.78700279702944
data/processed/rousettus/video/not_augmented/bgonly/random/newton/r--newton--VID_20250909_143734.175.jpg,newton,rousettus,random,video,False,train,18.266442571367534
data/processed/rousettus/video/not_augmented/bgonly/random/newton/r--newton--VID_20250909_143734.176.jpg,newton,rousettus,random,video,False,train,106.1400339936078
data/processed/rousettus/video/not_augmented/bgonly/random/newton/r--newton--VID_20250909_143734.177.jpg,newton,rousettus,random,video,False,train,426.49591331331
data/processed/rousettus/video/not_augmented/bgonly/random/newton/r--newton--VID_20250909_143734.178.jpg,newton,rousettus,random,video,False,train,118.09734016237336
data/processed/rousettus/video/not_augmented/bgonly/random/newton/r--newton--VID_20250909_143734.179.jpg,newton,rousettus,random,video,False,train,635.1281025384874
data/processed/rousettus/video/not_augmented/bgonly/random/newton/r--newton--VID_20250909_143734.180.jpg,newton,rousettus,random,video,False,train,517.0748146991341
data/processed/rousettus/video/not_augmented/bgonly/random/newton/r--newton--VID_20250909_143734.181.jpg,newton,rousettus,random,video,False,train,173.42810804016736
data/processed/rousettus/video/not_augmented/bgonly/random/newton/r--newton--VID_20250909_143734.182.jpg,newton,rousettus,random,video,False,train,84.94565022542842
data/processed/rousettus/video/not_augmented/bgonly/random/newton/r--newton--VID_20250909_143734.183.jpg,newton,rousettus,random,video,False,train,44.04362073435181
data/processed/rousettus/video/not_augmented/bgonly/random/newton/r--newton--VID_20250909_143734.184.jpg,newton,rousettus,random,video,False,train,45.75233098776426
data/processed/rousettus/video/not_augmented/bgonly/random/newton/r--newton--VID_20250909_143734.185.jpg,newton,rousettus,random,video,False,train,336.9555079731431
data/processed/rousettus/video/not_augmented/bgonly/random/newton/r--newton--VID_20250909_143734.186.jpg,newton,rousettus,random,video,False,train,127.69497182259008
data/processed/rousettus/video/not_augmented/bgonly/random/newton/r--newton--VID_20250909_143734.187.jpg,newton,rousettus,random,video,False,train,711.7571025560023
data/processed/rousettus/video/not_augmented/bgonly/random/newton/r--newton--VID_20250909_143734.188.jpg,newton,rousettus,random,video,False,train,64.97159371739474
data/processed/rousettus/video/not_augmented/bgonly/random/newton/r--newton--VID_20250909_143734.189.jpg,newton,rousettus,random,video,False,train,454.4068333785864
data/processed/rousettus/video/not_augmented/bgonly/random/newton/r--newton--VID_20250909_143734.19.jpg,newton,rousettus,random,video,False,train,188.0235181281786
data/processed/rousettus/video/not_augmented/bgonly/random/newton/r--newton--VID_20250909_143734.190.jpg,newton,rousettus,random,video,False,train,1068.044951310609
data/processed/rousettus/video/not_augmented/bgonly/random/newton/r--newton--VID_20250909_143734.191.jpg,newton,rousettus,random,video,False,train,189.94536785203584
data/processed/rousettus/video/not_augmented/bgonly/random/newton/r--newton--VID_20250909_143734.192.jpg,newton,rousettus,random,video,False,train,91.65884973247168
data/processed/rousettus/video/not_augmented/bgonly/random/newton/r--newton--VID_20250909_143734.193.jpg,newton,rousettus,random,video,False,train,191.3488507046396
data/processed/rousettus/video/not_augmented/bgonly/random/newton/r--newton--VID_20250909_143734.194.jpg,newton,rousettus,random,video,False,train,568.5486470782125
data/processed/rousettus/video/not_augmented/bgonly/random/newton/r--newton--VID_20250909_143734.195.jpg,newton,rousettus,random,video,False,train,24.79669248516586
data/processed/rousettus/video/not_augmented/bgonly/random/newton/r--newton--VID_20250909_143734.196.jpg,newton,rousettus,random,video,False,train,353.99760810696347
data/processed/rousettus/video/not_augmented/bgonly/random/newton/r--newton--VID_20250909_143734.197.jpg,newton,rousettus,random,video,False,train,228.71018726931968
data/processed/rousettus/video/not_augmented/bgonly/random/newton/r--newton--VID_20250909_143734.198.jpg,newton,rousettus,random,video,False,train,98.22002972368894
data/processed/rousettus/video/not_augmented/bgonly/random/newton/r--newton--VID_20250909_143734.199.jpg,newton,rousettus,random,video,False,train,674.4590666348712
data/processed/rousettus/video/not_augmented/bgonly/random/newton/r--newton--VID_20250909_143734.200.jpg,newton,rousettus,random,video,False,train,654.6506168785716
data/processed/rousettus/video/not_augmented/bgonly/random/newton/r--newton--VID_20250909_143734.201.jpg,newton,rousettus,random,video,False,train,111.97120572089752
data/processed/rousettus/video/not_augmented/bgonly/random/newton/r--newton--VID_20250909_143734.202.jpg,newton,rousettus,random,video,False,train,242.13486274328392
data/processed/rousettus/video/not_augmented/bgonly/random/newton/r--newton--VID_20250909_143734.203.jpg,newton,rousettus,random,video,False,train,66.97296119699475
data/processed/rousettus/video/not_augmented/bgonly/random/newton/r--newton--VID_20250909_143734.204.jpg,newton,rousettus,random,video,False,train,289.5443668099355
data/processed/rousettus/video/not_augmented/bgonly/random/newton/r--newton--VID_20250909_143734.205.jpg,newton,rousettus,random,video,False,train,126.71784695065654
data/processed/rousettus/video/not_augmented/bgonly/random/newton/r--newton--VID_20250909_143734.206.jpg,newton,rousettus,random,video,False,train,489.7799137199685
data/processed/rousettus/video/not_augmented/bgonly/random/newton/r--newton--VID_20250909_143734.207.jpg,newton,rousettus,random,video,False,train,76.30128575880694
data/processed/rousettus/video/not_augmented/bgonly/random/newton/r--newton--VID_20250909_143734.208.jpg,newton,rousettus,random,video,False,train,181.534358827336
data/processed/rousettus/video/not_augmented/bgonly/random/newton/r--newton--VID_20250909_143734.209.jpg,newton,rousettus,random,video,False,train,301.29329103035315
data/processed/rousettus/video/not_augmented/bgonly/random/newton/r--newton--VID_20250909_143734.210.jpg,newton,rousettus,random,video,False,train,159.60374823375227
data/processed/rousettus/video/not_augmented/bgonly/random/newton/r--newton--VID_20250909_143734.211.jpg,newton,rousettus,random,video,False,train,383.1487223419832
data/processed/rousettus/video/not_augmented/bgonly/random/newton/r--newton--VID_20250909_143734.212.jpg,newton,rousettus,random,video,False,train,223.40636982018123
data/processed/rousettus/video/not_augmented/bgonly/random/newton/r--newton--VID_20250909_143734.213.jpg,newton,rousettus,random,video,False,train,216.83835844217063
data/processed/rousettus/video/not_augmented/bgonly/random/newton/r--newton--VID_20250909_143734.214.jpg,newton,rousettus,random,video,False,train,237.24854062170547
data/processed/rousettus/video/not_augmented/bgonly/random/newton/r--newton--VID_20250909_143734.216.jpg,newton,rousettus,random,video,False,train,863.3045102651295
data/processed/rousettus/video/not_augmented/bgonly/random/newton/r--newton--VID_20250909_143734.217.jpg,newton,rousettus,random,video,False,train,86.08443065486018
data/processed/rousettus/video/not_augmented/bgonly/random/newton/r--newton--VID_20250909_143734.218.jpg,newton,rousettus,random,video,False,train,202.6233198363698
data/processed/rousettus/video/not_augmented/bgonly/random/newton/r--newton--VID_20250909_143734.219.jpg,newton,rousettus,random,video,False,train,136.5882102774859
data/processed/rousettus/video/not_augmented/bgonly/random/newton/r--newton--VID_20250909_143734.22.jpg,newton,rousettus,random,video,False,train,28.43668087399636
data/processed/rousettus/video/not_augmented/bgonly/random/newton/r--newton--VID_20250909_143734.220.jpg,newton,rousettus,random,video,False,train,125.66673637717427
data/processed/rousettus/video/not_augmented/bgonly/random/newton/r--newton--VID_20250909_143734.222.jpg,newton,rousettus,random,video,False,train,223.70458170752983
data/processed/rousettus/video/not_augmented/bgonly/random/newton/r--newton--VID_20250909_143734.224.jpg,newton,rousettus,random,video,False,train,55.57883657648483
data/processed/rousettus/video/not_augmented/bgonly/random/newton/r--newton--VID_20250909_143734.228.jpg,newton,rousettus,random,video,False,train,312.1851633616856
data/processed/rousettus/video/not_augmented/bgonly/random/newton/r--newton--VID_20250909_143734.229.jpg,newton,rousettus,random,video,False,train,280.46892710458934
data/processed/rousettus/video/not_augmented/bgonly/random/newton/r--newton--VID_20250909_143734.232.jpg,newton,rousettus,random,video,False,train,61.13334221027634
data/processed/rousettus/video/not_augmented/bgonly/random/newton/r--newton--VID_20250909_143734.233.jpg,newton,rousettus,random,video,False,train,218.48265423153103
data/processed/rousettus/video/not_augmented/bgonly/random/newton/r--newton--VID_20250909_143734.234.jpg,newton,rousettus,random,video,False,train,123.11657578167645
data/processed/rousettus/video/not_augmented/bgonly/random/newton/r--newton--VID_20250909_143734.3.jpg,newton,rousettus,random,video,False,train,52.320817328551975
data/processed/rousettus/video/not_augmented/bgonly/random/newton/r--newton--VID_20250909_143734.4.jpg,newton,rousettus,random,video,False,train,180.83569239299032
data/processed/rousettus/video/not_augmented/bgonly/random/newton/r--newton--VID_20250909_143734.5.jpg,newton,rousettus,random,video,False,train,148.90144837453727
data/processed/rousettus/video/not_augmented/bgonly/random/rasmi/r--rasmi--VID_20250909_143832.164.jpg,rasmi,rousettus,random,video,False,train,295.845818890576
data/processed/rousettus/video/not_augmented/bgonly/random/rasmi/r--rasmi--VID_20250909_143832.165.jpg,rasmi,rousettus,random,video,False,train,57.84219353360862
data/processed/rousettus/video/not_augmented/bgonly/random/rasmi/r--rasmi--VID_20250909_143832.166.jpg,rasmi,rousettus,random,video,False,train,159.20496240629348
data/processed/rousettus/video/not_augmented/bgonly/random/rasmi/r--rasmi--VID_20250909_143832.167.jpg,rasmi,rousettus,random,video,False,train,604.9216838361621
data/processed/rousettus/video/not_augmented/bgonly/random/rasmi/r--rasmi--VID_20250909_143832.168.jpg,rasmi,rousettus,random,video,False,train,61.76783649487479
data/processed/rousettus/video/not_augmented/bgonly/random/rasmi/r--rasmi--VID_20250909_143832.169.jpg,rasmi,rousettus,random,video,False,train,1016.7811235473932
data/processed/rousettus/video/not_augmented/bgonly/random/rasmi/r--rasmi--VID_20250909_143832.170.jpg,rasmi,rousettus,random,video,False,train,338.60665877944774
data/processed/rousettus/video/not_augmented/bgonly/random/rasmi/r--rasmi--VID_20250909_143832.171.jpg,rasmi,rousettus,random,video,False,train,2610.8932430659765
data/processed/rousettus/video/not_augmented/bgonly/random/rasmi/r--rasmi--VID_20250909_143832.172.jpg,rasmi,rousettus,random,video,False,train,240.5876969314029
data/processed/rousettus/video/not_augmented/bgonly/random/rasmi/r--rasmi--VID_20250909_143832.173.jpg,rasmi,rousettus,random,video,False,train,140.34093439395306
data/processed/rousettus/video/not_augmented/bgonly/random/rasmi/r--rasmi--VID_20250909_143832.174.jpg,rasmi,rousettus,random,video,False,train,630.8392711001503
data/processed/rousettus/video/not_augmented/bgonly/random/rasmi/r--rasmi--VID_20250909_143832.175.jpg,rasmi,rousettus,random,video,False,train,441.2669992820266
data/processed/rousettus/video/not_augmented/bgonly/random/rasmi/r--rasmi--VID_20250909_143832.176.jpg,rasmi,rousettus,random,video,False,train,81.27145337085335
data/processed/rousettus/video/not_augmented/bgonly/random/rasmi/r--rasmi--VID_20250909_143832.177.jpg,rasmi,rousettus,random,video,False,train,91.53065169786028
data/processed/rousettus/video/not_augmented/bgonly/random/rasmi/r--rasmi--VID_20250909_143832.178.jpg,rasmi,rousettus,random,video,False,train,535.3050856902073
data/processed/rousettus/video/not_augmented/bgonly/random/rasmi/r--rasmi--VID_20250909_143832.179.jpg,rasmi,rousettus,random,video,False,train,266.3220991792405
data/processed/rousettus/video/not_augmented/bgonly/random/rasmi/r--rasmi--VID_20250909_143832.180.jpg,rasmi,rousettus,random,video,False,train,225.90182587545348
data/processed/rousettus/video/not_augmented/bgonly/random/rasmi/r--rasmi--VID_20250909_143832.181.jpg,rasmi,rousettus,random,video,False,train,327.92552536142614
data/processed/rousettus/video/not_augmented/bgonly/random/rasmi/r--rasmi--VID_20250909_143832.182.jpg,rasmi,rousettus,random,video,False,train,4404.343363781365
data/processed/rousettus/video/not_augmented/bgonly/random/rasmi/r--rasmi--VID_20250909_143832.183.jpg,rasmi,rousettus,random,video,False,train,202.5676459424052
data/processed/rousettus/video/not_augmented/bgonly/random/rasmi/r--rasmi--VID_20250909_143832.184.jpg,rasmi,rousettus,random,video,False,train,278.4944732261667
data/processed/rousettus/video/not_augmented/bgonly/random/rasmi/r--rasmi--VID_20250909_143832.185.jpg,rasmi,rousettus,random,video,False,train,658.4389819709621
data/processed/rousettus/video/not_augmented/bgonly/random/rasmi/r--rasmi--VID_20250909_143832.186.jpg,rasmi,rousettus,random,video,False,train,242.82478904128325
data/processed/rousettus/video/not_augmented/bgonly/random/rasmi/r--rasmi--VID_20250909_143832.187.jpg,rasmi,rousettus,random,video,False,train,224.52717503544093
data/processed/rousettus/video/not_augmented/bgonly/random/rasmi/r--rasmi--VID_20250909_143832.188.jpg,rasmi,rousettus,random,video,False,train,523.5104226422578
data/processed/rousettus/video/not_augmented/bgonly/random/rasmi/r--rasmi--VID_20250909_143832.189.jpg,rasmi,rousettus,random,video,False,train,628.3571286878702
data/processed/rousettus/video/not_augmented/bgonly/random/rasmi/r--rasmi--VID_20250909_143832.190.jpg,rasmi,rousettus,random,video,False,train,222.783189174981
data/processed/rousettus/video/not_augmented/bgonly/random/rasmi/r--rasmi--VID_20250909_143832.191.jpg,rasmi,rousettus,random,video,False,train,315.7296314704225
data/processed/rousettus/video/not_augmented/bgonly/random/rasmi/r--rasmi--VID_20250909_143832.192.jpg,rasmi,rousettus,random,video,False,train,869.5922563148507
data/processed/rousettus/video/not_augmented/bgonly/random/rasmi/r--rasmi--VID_20250909_143832.193.jpg,rasmi,rousettus,random,video,False,train,231.7392346907635
data/processed/rousettus/video/not_augmented/bgonly/random/rasmi/r--rasmi--VID_20250909_143832.194.jpg,rasmi,rousettus,random,video,False,train,712.9379376586603
data/processed/rousettus/video/not_augmented/bgonly/random/rasmi/r--rasmi--VID_20250909_143832.195.jpg,rasmi,rousettus,random,video,False,train,324.0244957138627
data/processed/rousettus/video/not_augmented/bgonly/random/rasmi/r--rasmi--VID_20250909_143832.196.jpg,rasmi,rousettus,random,video,False,train,89.25975128612336
data/processed/rousettus/video/not_augmented/bgonly/random/rasmi/r--rasmi--VID_20250909_143832.197.jpg,rasmi,rousettus,random,video,False,train,352.8281192151967
data/processed/rousettus/video/not_augmented/bgonly/random/rasmi/r--rasmi--VID_20250909_143832.198.jpg,rasmi,rousettus,random,video,False,train,2698.3958059912275
data/processed/rousettus/video/not_augmented/bgonly/random/rasmi/r--rasmi--VID_20250909_143832.199.jpg,rasmi,rousettus,random,video,False,train,235.02465921995392
data/processed/rousettus/video/not_augmented/bgonly/random/rasmi/r--rasmi--VID_20250909_143832.200.jpg,rasmi,rousettus,random,video,False,train,74.95244240274235
data/processed/rousettus/video/not_augmented/bgonly/random/rasmi/r--rasmi--VID_20250909_143832.201.jpg,rasmi,rousettus,random,video,False,train,165.38467779481277
data/processed/rousettus/video/not_augmented/bgonly/random/rasmi/r--rasmi--VID_20250909_143832.202.jpg,rasmi,rousettus,random,video,False,train,148.7755300560776
data/processed/rousettus/video/not_augmented/bgonly/random/rasmi/r--rasmi--VID_20250909_143832.203.jpg,rasmi,rousettus,random,video,False,train,434.8903446586765
data/processed/rousettus/video/not_augmented/bgonly/random/rasmi/r--rasmi--VID_20250909_143832.205.jpg,rasmi,rousettus,random,video,False,train,63.6608579791322
data/processed/rousettus/video/not_augmented/bgonly/random/rasmi/r--rasmi--VID_20250909_143832.206.jpg,rasmi,rousettus,random,video,False,train,217.4545559769916
data/processed/rousettus/video/not_augmented/bgonly/random/rasmi/r--rasmi--VID_20250909_143832.207.jpg,rasmi,rousettus,random,video,False,train,461.7065279669485
data/processed/rousettus/video/not_augmented/bgonly/random/rasmi/r--rasmi--VID_20250909_143832.211.jpg,rasmi,rousettus,random,video,False,train,38.98972891212154
data/processed/rousettus/video/not_augmented/bgonly/random/rasmi/r--rasmi--VID_20250909_143832.213.jpg,rasmi,rousettus,random,video,False,train,320.9247597559747
data/processed/rousettus/video/not_augmented/bgonly/random/rasmi/r--rasmi--VID_20250909_143832.216.jpg,rasmi,rousettus,random,video,False,train,401.38677086526286
data/processed/rousettus/video/not_augmented/bgonly/random/rasmi/r--rasmi--VID_20250909_143832.220.jpg,rasmi,rousettus,random,video,False,train,154.1321558811326
data/processed/rousettus/video/not_augmented/bgonly/random/rasmi/r--rasmi--VID_20250909_143832.221.jpg,rasmi,rousettus,random,video,False,train,28.1151497744362
data/processed/rousettus/video/not_augmented/bgonly/random/rasmi/r--rasmi--VID_20250909_143832.222.jpg,rasmi,rousettus,random,video,False,train,270.0628883106815
data/processed/rousettus/video/not_augmented/bgonly/random/rasmi/r--rasmi--VID_20250909_143832.223.jpg,rasmi,rousettus,random,video,False,train,308.6939952803472
data/processed/rousettus/video/not_augmented/bgonly/random/rasmi/r--rasmi--VID_20250909_143832.226.jpg,rasmi,rousettus,random,video,False,train,341.73990016835575
data/processed/rousettus/video/not_augmented/bgonly/random/rasmi/r--rasmi--VID_20250909_143832.228.jpg,rasmi,rousettus,random,video,False,train,443.54822989872514
data/processed/rousettus/video/not_augmented/bgonly/random/rasmi/r--rasmi--VID_20250909_143832.229.jpg,rasmi,rousettus,random,video,False,train,385.63430498838926
data/processed/rousettus/video/not_augmented/bgonly/random/rasmi/r--rasmi--VID_20250909_143832.230.jpg,rasmi,rousettus,random,video,False,train,125.5095042805034
data/processed/rousettus/video/not_augmented/bgonly/random/rasmi/r--rasmi--VID_20250909_143832.231.jpg,rasmi,rousettus,random,video,False,train,177.52664166736088
data/processed/rousettus/video/not_augmented/bgonly/random/rasmi/r--rasmi--VID_20250909_143832.232.jpg,rasmi,rousettus,random,video,False,train,500.3081928254762
data/processed/rousettus/video/not_augmented/bgonly/random/rasmi/r--rasmi--VID_20250909_143832.233.jpg,rasmi,rousettus,random,video,False,train,617.117869642465
data/processed/rousettus/video/not_augmented/bgonly/random/rasmi/r--rasmi--VID_20250909_143832.234.jpg,rasmi,rousettus,random,video,False,train,467.9262941369212
data/processed/rousettus/video/not_augmented/bgonly/random/rasmi/r--rasmi--VID_20250909_143832.235.jpg,rasmi,rousettus,random,video,False,train,152.06201064949087
data/processed/rousettus/video/not_augmented/bgonly/random/rasmi/r--rasmi--VID_20250909_143832.237.jpg,rasmi,rousettus,random,video,False,train,77.00623300243346
data/processed/rousettus/video/not_augmented/bgonly/random/rasmi/r--rasmi--VID_20250909_143832.238.jpg,rasmi,rousettus,random,video,False,train,319.1126520771724
data/processed/rousettus/video/not_augmented/bgonly/random/rasmi/r--rasmi--VID_20250909_143832.239.jpg,rasmi,rousettus,random,video,False,train,663.1271516000763
data/processed/rousettus/video/not_augmented/bgonly/random/rasmi/r--rasmi--VID_20250909_143832.240.jpg,rasmi,rousettus,random,video,False,train,555.2796499291245
data/processed/rousettus/video/not_augmented/bgonly/random/rasmi/r--rasmi--VID_20250909_143832.45.jpg,rasmi,rousettus,random,video,False,train,160.56414122821786
data/processed/rousettus/video/not_augmented/bgonly/random/rasmi/r--rasmi--VID_20250909_143832.46.jpg,rasmi,rousettus,random,video,False,train,221.55091243006697
data/processed/rousettus/video/not_augmented/bgonly/random/rasmi/r--rasmi--VID_20250909_143832.47.jpg,rasmi,rousettus,random,video,False,train,2242.251509587003
data/processed/rousettus/video/not_augmented/bgonly/random/rasmi/r--rasmi--VID_20250909_143832.48.jpg,rasmi,rousettus,random,video,False,train,120.32113722094591
data/processed/rousettus/video/not_augmented/bgonly/random/rasmi/r--rasmi--VID_20250909_143832.49.jpg,rasmi,rousettus,random,video,False,train,3108.192222925287
data/processed/rousettus/video/not_augmented/bgonly/random/rasmi/r--rasmi--VID_20250909_143832.50.jpg,rasmi,rousettus,random,video,False,train,211.9422792421188
data/processed/rousettus/video/not_augmented/bgonly/random/rasmi/r--rasmi--VID_20250909_143832.53.jpg,rasmi,rousettus,random,video,False,train,474.8361000969032
data/processed/rousettus/video/not_augmented/bgonly/random/rasmi/r--rasmi--VID_20250909_143832.54.jpg,rasmi,rousettus,random,video,False,train,294.4297827891835
data/processed/rousettus/video/not_augmented/bgonly/random/rasmi/r--rasmi--VID_20250909_143832.55.jpg,rasmi,rousettus,random,video,False,train,626.2166555802655
data/processed/rousettus/video/not_augmented/bgonly/random/rasmi/r--rasmi--VID_20250909_143832.56.jpg,rasmi,rousettus,random,video,False,train,88.16120553761411
data/processed/rousettus/video/not_augmented/bgonly/random/rasmi/r--rasmi--VID_20250909_143832.57.jpg,rasmi,rousettus,random,video,False,train,1129.4769746235438
data/processed/rousettus/video/not_augmented/bgonly/random/rasmi/r--rasmi--VID_20250909_143832.58.jpg,rasmi,rousettus,random,video,False,train,1465.2135018658903
data/processed/rousettus/video/not_augmented/bgonly/random/rasmi/r--rasmi--VID_20250909_143832.60.jpg,rasmi,rousettus,random,video,False,train,456.8218978316225
data/processed/rousettus/video/not_augmented/bgonly/random/rasmi/r--rasmi--VID_20250909_143832.61.jpg,rasmi,rousettus,random,video,False,train,811.2258945192609
data/processed/rousettus/video/not_augmented/bgonly/random/rosi/r--rosi--VID_20250909_143902.10.jpg,rosi,rousettus,random,video,False,train,189.06760172941247
data/processed/rousettus/video/not_augmented/bgonly/random/rosi/r--rosi--VID_20250909_143902.11.jpg,rosi,rousettus,random,video,False,train,297.7108708559995
data/processed/rousettus/video/not_augmented/bgonly/random/rosi/r--rosi--VID_20250909_143902.12.jpg,rosi,rousettus,random,video,False,train,77.54182550977637
data/processed/rousettus/video/not_augmented/bgonly/random/rosi/r--rosi--VID_20250909_143902.13.jpg,rosi,rousettus,random,video,False,train,378.797083392336
data/processed/rousettus/video/not_augmented/bgonly/random/rosi/r--rosi--VID_20250909_143902.14.jpg,rosi,rousettus,random,video,False,train,294.9143616749018
data/processed/rousettus/video/not_augmented/bgonly/random/rosi/r--rosi--VID_20250909_143902.15.jpg,rosi,rousettus,random,video,False,train,81.69038404101683
data/processed/rousettus/video/not_augmented/bgonly/random/rosi/r--rosi--VID_20250909_143902.16.jpg,rosi,rousettus,random,video,False,train,254.50177563711384
data/processed/rousettus/video/not_augmented/bgonly/random/rosi/r--rosi--VID_20250909_143902.17.jpg,rosi,rousettus,random,video,False,train,114.95132578317944
data/processed/rousettus/video/not_augmented/bgonly/random/rosi/r--rosi--VID_20250909_143902.18.jpg,rosi,rousettus,random,video,False,train,295.82564881780354
data/processed/rousettus/video/not_augmented/bgonly/random/rosi/r--rosi--VID_20250909_143902.19.jpg,rosi,rousettus,random,video,False,train,323.1244010305663
data/processed/rousettus/video/not_augmented/bgonly/random/rosi/r--rosi--VID_20250909_143902.20.jpg,rosi,rousettus,random,video,False,train,24.67300023401047
data/processed/rousettus/video/not_augmented/bgonly/random/rosi/r--rosi--VID_20250909_143902.205.jpg,rosi,rousettus,random,video,False,train,329.0812574777441
data/processed/rousettus/video/not_augmented/bgonly/random/rosi/r--rosi--VID_20250909_143902.206.jpg,rosi,rousettus,random,video,False,train,722.4343893101989
data/processed/rousettus/video/not_augmented/bgonly/random/rosi/r--rosi--VID_20250909_143902.207.jpg,rosi,rousettus,random,video,False,train,86.58298716928402
data/processed/rousettus/video/not_augmented/bgonly/random/rosi/r--rosi--VID_20250909_143902.208.jpg,rosi,rousettus,random,video,False,train,135.66027029014438
data/processed/rousettus/video/not_augmented/bgonly/random/rosi/r--rosi--VID_20250909_143902.209.jpg,rosi,rousettus,random,video,False,train,446.2777817359521
data/processed/rousettus/video/not_augmented/bgonly/random/rosi/r--rosi--VID_20250909_143902.21.jpg,rosi,rousettus,random,video,False,train,121.09800564473196
data/processed/rousettus/video/not_augmented/bgonly/random/rosi/r--rosi--VID_20250909_143902.210.jpg,rosi,rousettus,random,video,False,train,138.8832608309948
data/processed/rousettus/video/not_augmented/bgonly/random/rosi/r--rosi--VID_20250909_143902.211.jpg,rosi,rousettus,random,video,False,train,635.1161340080365
data/processed/rousettus/video/not_augmented/bgonly/random/rosi/r--rosi--VID_20250909_143902.212.jpg,rosi,rousettus,random,video,False,train,71.41061671462371
data/processed/rousettus/video/not_augmented/bgonly/random/rosi/r--rosi--VID_20250909_143902.238.jpg,rosi,rousettus,random,video,False,train,416.657560932393
data/processed/rousettus/video/not_augmented/bgonly/random/rosi/r--rosi--VID_20250909_143902.239.jpg,rosi,rousettus,random,video,False,train,145.14097839253787
data/processed/rousettus/video/not_augmented/bgonly/random/rosi/r--rosi--VID_20250909_143902.240.jpg,rosi,rousettus,random,video,False,train,1121.6378322793564
data/processed/rousettus/video/not_augmented/bgonly/random/rosi/r--rosi--VID_20250909_143902.241.jpg,rosi,rousettus,random,video,False,train,87.22248005221556
data/processed/rousettus/video/not_augmented/bgonly/random/rosi/r--rosi--VID_20250909_143902.242.jpg,rosi,rousettus,random,video,False,train,140.40488676129158
data/processed/rousettus/video/not_augmented/bgonly/random/rosi/r--rosi--VID_20250909_143902.243.jpg,rosi,rousettus,random,video,False,train,55.01827399147793
data/processed/rousettus/video/not_augmented/bgonly/random/rosi/r--rosi--VID_20250909_143902.244.jpg,rosi,rousettus,random,video,False,train,193.1477371872787
data/processed/rousettus/video/not_augmented/bgonly/random/rosi/r--rosi--VID_20250909_143902.245.jpg,rosi,rousettus,random,video,False,train,995.8186482811212
data/processed/rousettus/video/not_augmented/bgonly/random/rosi/r--rosi--VID_20250909_143902.246.jpg,rosi,rousettus,random,video,False,train,77.73996896001013
data/processed/rousettus/video/not_augmented/bgonly/random/rosi/r--rosi--VID_20250909_143902.247.jpg,rosi,rousettus,random,video,False,train,122.79959098660215
data/processed/rousettus/video/not_augmented/bgonly/random/rosi/r--rosi--VID_20250909_143902.248.jpg,rosi,rousettus,random,video,False,train,334.149182689036
data/processed/rousettus/video/not_augmented/bgonly/random/rosi/r--rosi--VID_20250909_143902.249.jpg,rosi,rousettus,random,video,False,train,270.3367101815481
data/processed/rousettus/video/not_augmented/bgonly/random/rosi/r--rosi--VID_20250909_143902.250.jpg,rosi,rousettus,random,video,False,train,1400.1699579783844
data/processed/rousettus/video/not_augmented/bgonly/random/rosi/r--rosi--VID_20250909_143902.251.jpg,rosi,rousettus,random,video,False,train,7.935405363792282
data/processed/rousettus/video/not_augmented/bgonly/random/rosi/r--rosi--VID_20250909_143902.252.jpg,rosi,rousettus,random,video,False,train,175.3662864430057
data/processed/rousettus/video/not_augmented/bgonly/random/rosi/r--rosi--VID_20250909_143902.253.jpg,rosi,rousettus,random,video,False,train,38.887191705334345
data/processed/rousettus/video/not_augmented/bgonly/random/rosi/r--rosi--VID_20250909_143902.254.jpg,rosi,rousettus,random,video,False,train,1187.1175065157763
data/processed/rousettus/video/not_augmented/bgonly/random/rosi/r--rosi--VID_20250909_143902.255.jpg,rosi,rousettus,random,video,False,train,852.3713132575471
data/processed/rousettus/video/not_augmented/bgonly/random/rosi/r--rosi--VID_20250909_143902.256.jpg,rosi,rousettus,random,video,False,train,28.835093731782877
data/processed/rousettus/video/not_augmented/bgonly/random/rosi/r--rosi--VID_20250909_143902.257.jpg,rosi,rousettus,random,video,False,train,464.379010083724
data/processed/rousettus/video/not_augmented/bgonly/random/rosi/r--rosi--VID_20250909_143902.258.jpg,rosi,rousettus,random,video,False,train,223.29521332954877
data/processed/rousettus/video/not_augmented/bgonly/random/rosi/r--rosi--VID_20250909_143902.259.jpg,rosi,rousettus,random,video,False,train,407.1303151423412
data/processed/rousettus/video/not_augmented/bgonly/random/rosi/r--rosi--VID_20250909_143902.260.jpg,rosi,rousettus,random,video,False,train,110.04244940303757
data/processed/rousettus/video/not_augmented/bgonly/random/rosi/r--rosi--VID_20250909_143902.261.jpg,rosi,rousettus,random,video,False,train,903.7579214146912
data/processed/rousettus/video/not_augmented/bgonly/random/rosi/r--rosi--VID_20250909_143902.262.jpg,rosi,rousettus,random,video,False,train,170.3549155378679
data/processed/rousettus/video/not_augmented/bgonly/random/rosi/r--rosi--VID_20250909_143902.263.jpg,rosi,rousettus,random,video,False,train,506.2139781235358
data/processed/rousettus/video/not_augmented/bgonly/random/rosi/r--rosi--VID_20250909_143902.264.jpg,rosi,rousettus,random,video,False,train,58.53966022977627
data/processed/rousettus/video/not_augmented/bgonly/random/rosi/r--rosi--VID_20250909_143902.265.jpg,rosi,rousettus,random,video,False,train,558.3545454693357
data/processed/rousettus/video/not_augmented/bgonly/random/rosi/r--rosi--VID_20250909_143902.266.jpg,rosi,rousettus,random,video,False,train,207.0921835353205
data/processed/rousettus/video/not_augmented/bgonly/random/rosi/r--rosi--VID_20250909_143902.267.jpg,rosi,rousettus,random,video,False,train,495.4176242594816
data/processed/rousettus/video/not_augmented/bgonly/random/rosi/r--rosi--VID_20250909_143902.268.jpg,rosi,rousettus,random,video,False,train,73.21428494530883
data/processed/rousettus/video/not_augmented/bgonly/random/rosi/r--rosi--VID_20250909_143902.269.jpg,rosi,rousettus,random,video,False,train,164.0048169664719
data/processed/rousettus/video/not_augmented/bgonly/random/rosi/r--rosi--VID_20250909_143902.270.jpg,rosi,rousettus,random,video,False,train,559.6798522374075
data/processed/rousettus/video/not_augmented/bgonly/random/rosi/r--rosi--VID_20250909_143902.271.jpg,rosi,rousettus,random,video,False,train,54.55108010833436
data/processed/rousettus/video/not_augmented/bgonly/random/rosi/r--rosi--VID_20250909_143902.272.jpg,rosi,rousettus,random,video,False,train,19.18430186966368
data/processed/rousettus/video/not_augmented/bgonly/random/rosi/r--rosi--VID_20250909_143902.273.jpg,rosi,rousettus,random,video,False,train,870.4416690553937
data/processed/rousettus/video/not_augmented/bgonly/random/rosi/r--rosi--VID_20250909_143902.274.jpg,rosi,rousettus,random,video,False,train,1090.5913241444805
data/processed/rousettus/video/not_augmented/bgonly/random/rosi/r--rosi--VID_20250909_143902.275.jpg,rosi,rousettus,random,video,False,train,88.56581897409892
data/processed/rousettus/video/not_augmented/bgonly/random/rosi/r--rosi--VID_20250909_143902.55.jpg,rosi,rousettus,random,video,False,train,44.98309694772361
data/processed/rousettus/video/not_augmented/bgonly/random/rosi/r--rosi--VID_20250909_143902.56.jpg,rosi,rousettus,random,video,False,train,174.15523270039398
data/processed/rousettus/video/not_augmented/bgonly/random/rosi/r--rosi--VID_20250909_143902.58.jpg,rosi,rousettus,random,video,False,train,165.3173616370376
data/processed/rousettus/video/not_augmented/bgonly/random/rosi/r--rosi--VID_20250909_143902.59.jpg,rosi,rousettus,random,video,False,train,40.24647875280988
data/processed/rousettus/video/not_augmented/bgonly/random/rosi/r--rosi--VID_20250909_143902.60.jpg,rosi,rousettus,random,video,False,train,392.8307410589311
data/processed/rousettus/video/not_augmented/bgonly/random/rosi/r--rosi--VID_20250909_143902.61.jpg,rosi,rousettus,random,video,False,train,142.41241359710693
data/processed/rousettus/video/not_augmented/bgonly/random/rosi/r--rosi--VID_20250909_143902.62.jpg,rosi,rousettus,random,video,False,train,909.5525684185892
data/processed/rousettus/video/not_augmented/bgonly/random/rosi/r--rosi--VID_20250909_143902.63.jpg,rosi,rousettus,random,video,False,train,96.00738102413624
data/processed/rousettus/video/not_augmented/bgonly/random/rosi/r--rosi--VID_20250909_143902.64.jpg,rosi,rousettus,random,video,False,train,186.5616397102988
data/processed/rousettus/video/not_augmented/bgonly/random/rosi/r--rosi--VID_20250909_143902.65.jpg,rosi,rousettus,random,video,False,train,452.188507101924
data/processed/rousettus/video/not_augmented/bgonly/random/rosi/r--rosi--VID_20250909_143902.66.jpg,rosi,rousettus,random,video,False,train,39.95408567454804
data/processed/rousettus/video/not_augmented/bgonly/random/rosi/r--rosi--VID_20250909_143902.67.jpg,rosi,rousettus,random,video,False,train,592.7159014137425
data/processed/rousettus/video/not_augmented/bgonly/random/rosi/r--rosi--VID_20250909_143902.68.jpg,rosi,rousettus,random,video,False,train,340.16491978846705
data/processed/rousettus/video/not_augmented/bgonly/random/rosi/r--rosi--VID_20250909_143902.69.jpg,rosi,rousettus,random,video,False,train,134.02435078873134
data/processed/rousettus/video/not_augmented/bgonly/random/rosi/r--rosi--VID_20250909_143902.70.jpg,rosi,rousettus,random,video,False,train,276.3538574685856
data/processed/rousettus/video/not_augmented/bgonly/random/rosi/r--rosi--VID_20250909_143902.71.jpg,rosi,rousettus,random,video,False,train,68.95050677315785
data/processed/rousettus/video/not_augmented/bgonly/random/rosi/r--rosi--VID_20250909_143902.72.jpg,rosi,rousettus,random,video,False,train,305.1295440924858
data/processed/rousettus/video/not_augmented/bgonly/random/rosi/r--rosi--VID_20250909_143902.73.jpg,rosi,rousettus,random,video,False,train,59.49959041137885
data/processed/rousettus/video/not_augmented/bgonly/random/rosi/r--rosi--VID_20250909_143902.74.jpg,rosi,rousettus,random,video,False,train,125.58316968530976
data/processed/rousettus/video/not_augmented/bgonly/random/rosi/r--rosi--VID_20250909_143902.75.jpg,rosi,rousettus,random,video,False,train,202.97662227007808
data/processed/rousettus/video/not_augmented/bgonly/random/rosi/r--rosi--VID_20250909_143902.76.jpg,rosi,rousettus,random,video,False,train,200.02824363049143
data/processed/rousettus/video/not_augmented/bgonly/random/rosi/r--rosi--VID_20250909_143902.9.jpg,rosi,rousettus,random,video,False,train,84.7239462083104
data/processed/rousettus/video/not_augmented/bgonly/random/tuluz/r--tuluz--VID_20250909_143942.13.jpg,tuluz,rousettus,random,video,False,test,131.78800334557056
data/processed/rousettus/video/not_augmented/bgonly/random/tuluz/r--tuluz--VID_20250909_143942.14.jpg,tuluz,rousettus,random,video,False,test,272.55301943941447
data/processed/rousettus/video/not_augmented/bgonly/random/tuluz/r--tuluz--VID_20250909_143942.148.jpg,tuluz,rousettus,random,video,False,test,581.6254370267169
data/processed/rousettus/video/not_augmented/bgonly/random/tuluz/r--tuluz--VID_20250909_143942.149.jpg,tuluz,rousettus,random,video,False,test,270.49267321216814
data/processed/rousettus/video/not_augmented/bgonly/random/tuluz/r--tuluz--VID_20250909_143942.15.jpg,tuluz,rousettus,random,video,False,test,88.15718007911896
data/processed/rousettus/video/not_augmented/bgonly/random/tuluz/r--tuluz--VID_20250909_143942.150.jpg,tuluz,rousettus,random,video,False,test,235.20157772280288
data/processed/rousettus/video/not_augmented/bgonly/random/tuluz/r--tuluz--VID_20250909_143942.151.jpg,tuluz,rousettus,random,video,False,test,630.4864115554162
data/processed/rousettus/video/not_augmented/bgonly/random/tuluz/r--tuluz--VID_20250909_143942.152.jpg,tuluz,rousettus,random,video,False,test,578.4737721557967
data/processed/rousettus/video/not_augmented/bgonly/random/tuluz/r--tuluz--VID_20250909_143942.153.jpg,tuluz,rousettus,random,video,False,test,132.0406232462084
data/processed/rousettus/video/not_augmented/bgonly/random/tuluz/r--tuluz--VID_20250909_143942.154.jpg,tuluz,rousettus,random,video,False,test,364.4964411480136
data/processed/rousettus/video/not_augmented/bgonly/random/tuluz/r--tuluz--VID_20250909_143942.155.jpg,tuluz,rousettus,random,video,False,test,309.3461773926792
data/processed/rousettus/video/not_augmented/bgonly/random/tuluz/r--tuluz--VID_20250909_143942.156.jpg,tuluz,rousettus,random,video,False,test,662.584620399904
data/processed/rousettus/video/not_augmented/bgonly/random/tuluz/r--tuluz--VID_20250909_143942.157.jpg,tuluz,rousettus,random,video,False,test,161.3739070292564
data/processed/rousettus/video/not_augmented/bgonly/random/tuluz/r--tuluz--VID_20250909_143942.158.jpg,tuluz,rousettus,random,video,False,test,241.14336410833863
data/processed/rousettus/video/not_augmented/bgonly/random/tuluz/r--tuluz--VID_20250909_143942.159.jpg,tuluz,rousettus,random,video,False,test,327.29870230791124
data/processed/rousettus/video/not_augmented/bgonly/random/tuluz/r--tuluz--VID_20250909_143942.16.jpg,tuluz,rousettus,random,video,False,test,125.54675661569236
data/processed/rousettus/video/not_augmented/bgonly/random/tuluz/r--tuluz--VID_20250909_143942.160.jpg,tuluz,rousettus,random,video,False,test,425.84041182968025
data/processed/rousettus/video/not_augmented/bgonly/random/tuluz/r--tuluz--VID_20250909_143942.161.jpg,tuluz,rousettus,random,video,False,test,231.37818906745133
data/processed/rousettus/video/not_augmented/bgonly/random/tuluz/r--tuluz--VID_20250909_143942.162.jpg,tuluz,rousettus,random,video,False,test,89.36519005238043
data/processed/rousettus/video/not_augmented/bgonly/random/tuluz/r--tuluz--VID_20250909_143942.163.jpg,tuluz,rousettus,random,video,False,test,26.684166996442297
data/processed/rousettus/video/not_augmented/bgonly/random/tuluz/r--tuluz--VID_20250909_143942.164.jpg,tuluz,rousettus,random,video,False,test,4.021004900441772
data/processed/rousettus/video/not_augmented/bgonly/random/tuluz/r--tuluz--VID_20250909_143942.165.jpg,tuluz,rousettus,random,video,False,test,1025.1737433973324
data/processed/rousettus/video/not_augmented/bgonly/random/tuluz/r--tuluz--VID_20250909_143942.166.jpg,tuluz,rousettus,random,video,False,test,25.388891408365
data/processed/rousettus/video/not_augmented/bgonly/random/tuluz/r--tuluz--VID_20250909_143942.167.jpg,tuluz,rousettus,random,video,False,test,302.12954399080286
data/processed/rousettus/video/not_augmented/bgonly/random/tuluz/r--tuluz--VID_20250909_143942.17.jpg,tuluz,rousettus,random,video,False,test,126.62101021591498
data/processed/rousettus/video/not_augmented/bgonly/random/tuluz/r--tuluz--VID_20250909_143942.179.jpg,tuluz,rousettus,random,video,False,test,890.9235309678679
data/processed/rousettus/video/not_augmented/bgonly/random/tuluz/r--tuluz--VID_20250909_143942.18.jpg,tuluz,rousettus,random,video,False,test,462.11834327224295
data/processed/rousettus/video/not_augmented/bgonly/random/tuluz/r--tuluz--VID_20250909_143942.180.jpg,tuluz,rousettus,random,video,False,test,214.78190190451485
data/processed/rousettus/video/not_augmented/bgonly/random/tuluz/r--tuluz--VID_20250909_143942.181.jpg,tuluz,rousettus,random,video,False,test,1418.3940085999325
data/processed/rousettus/video/not_augmented/bgonly/random/tuluz/r--tuluz--VID_20250909_143942.182.jpg,tuluz,rousettus,random,video,False,test,130.510766187443
data/processed/rousettus/video/not_augmented/bgonly/random/tuluz/r--tuluz--VID_20250909_143942.183.jpg,tuluz,rousettus,random,video,False,test,535.8895089031508
data/processed/rousettus/video/not_augmented/bgonly/random/tuluz/r--tuluz--VID_20250909_143942.184.jpg,tuluz,rousettus,random,video,False,test,167.47251633433984
data/processed/rousettus/video/not_augmented/bgonly/random/tuluz/r--tuluz--VID_20250909_143942.185.jpg,tuluz,rousettus,random,video,False,test,130.0559377356501
data/processed/rousettus/video/not_augmented/bgonly/random/tuluz/r--tuluz--VID_20250909_143942.186.jpg,tuluz,rousettus,random,video,False,test,335.9051420632028
data/processed/rousettus/video/not_augmented/bgonly/random/tuluz/r--tuluz--VID_20250909_143942.187.jpg,tuluz,rousettus,random,video,False,test,491.06002378285
data/processed/rousettus/video/not_augmented/bgonly/random/tuluz/r--tuluz--VID_20250909_143942.19.jpg,tuluz,rousettus,random,video,False,test,316.23832624428275
data/processed/rousettus/video/not_augmented/bgonly/random/tuluz/r--tuluz--VID_20250909_143942.21.jpg,tuluz,rousettus,random,video,False,test,21.337829881784867
data/processed/rousettus/video/not_augmented/bgonly/random/tuluz/r--tuluz--VID_20250909_143942.295.jpg,tuluz,rousettus,random,video,False,test,226.37170839091235
data/processed/rousettus/video/not_augmented/bgonly/random/tuluz/r--tuluz--VID_20250909_143942.296.jpg,tuluz,rousettus,random,video,False,test,86.38577687248794
data/processed/rousettus/video/not_augmented/bgonly/random/tuluz/r--tuluz--VID_20250909_143942.297.jpg,tuluz,rousettus,random,video,False,test,620.768830679894
data/processed/rousettus/video/not_augmented/bgonly/random/tuluz/r--tuluz--VID_20250909_143942.301.jpg,tuluz,rousettus,random,video,False,test,362.8266023872594
data/processed/rousettus/video/not_augmented/bgonly/random/tuluz/r--tuluz--VID_20250909_143942.304.jpg,tuluz,rousettus,random,video,False,test,78.75568423733917
data/processed/rousettus/video/not_augmented/bgonly/random/tuluz/r--tuluz--VID_20250909_143942.305.jpg,tuluz,rousettus,random,video,False,test,343.9185350982908
data/processed/rousettus/video/not_augmented/bgonly/random/tuluz/r--tuluz--VID_20250909_143942.306.jpg,tuluz,rousettus,random,video,False,test,242.28667905577908
data/processed/rousettus/video/not_augmented/bgonly/random/tuluz/r--tuluz--VID_20250909_143942.307.jpg,tuluz,rousettus,random,video,False,test,168.72407931757192
data/processed/rousettus/video/not_augmented/bgonly/random/tuluz/r--tuluz--VID_20250909_143942.308.jpg,tuluz,rousettus,random,video,False,test,27.989362580435618
data/processed/rousettus/video/not_augmented/bgonly/random/tuluz/r--tuluz--VID_20250909_143942.309.jpg,tuluz,rousettus,random,video,False,test,101.27938450023264
data/processed/rousettus/video/not_augmented/bgonly/random/tuluz/r--tuluz--VID_20250909_143942.310.jpg,tuluz,rousettus,random,video,False,test,74.76061485350903
data/processed/rousettus/video/not_augmented/bgonly/random/tuluz/r--tuluz--VID_20250909_143942.311.jpg,tuluz,rousettus,random,video,False,test,102.69731635801098
data/processed/rousettus/video/not_augmented/bgonly/random/tuluz/r--tuluz--VID_20250909_143942.312.jpg,tuluz,rousettus,random,video,False,test,118.30475749874154
data/processed/rousettus/video/not_augmented/bgonly/random/tuluz/r--tuluz--VID_20250909_143942.313.jpg,tuluz,rousettus,random,video,False,test,159.9644219721421
data/processed/rousettus/video/not_augmented/bgonly/random/tuluz/r--tuluz--VID_20250909_143942.314.jpg,tuluz,rousettus,random,video,False,test,165.53123262771612
data/processed/rousettus/video/not_augmented/bgonly/random/tuluz/r--tuluz--VID_20250909_143942.315.jpg,tuluz,rousettus,random,video,False,test,112.10150608784056
data/processed/rousettus/video/not_augmented/bgonly/random/tuluz/r--tuluz--VID_20250909_143942.316.jpg,tuluz,rousettus,random,video,False,test,126.10329616789716
data/processed/rousettus/video/not_augmented/bgonly/random/tuluz/r--tuluz--VID_20250909_143942.317.jpg,tuluz,rousettus,random,video,False,test,151.84873535294474
data/processed/rousettus/video/not_augmented/bgonly/random/tuluz/r--tuluz--VID_20250909_143942.318.jpg,tuluz,rousettus,random,video,False,test,158.78367250435355
data/processed/rousettus/video/not_augmented/bgonly/random/tuluz/r--tuluz--VID_20250909_143942.319.jpg,tuluz,rousettus,random,video,False,test,317.9779484882697
data/processed/rousettus/video/not_augmented/bgonly/random/tuluz/r--tuluz--VID_20250909_143942.320.jpg,tuluz,rousettus,random,video,False,test,275.40067342895605
data/processed/rousettus/video/not_augmented/bgonly/random/tuluz/r--tuluz--VID_20250909_143942.321.jpg,tuluz,rousettus,random,video,False,test,682.003333463514
data/processed/rousettus/video/not_augmented/bgonly/random/tuluz/r--tuluz--VID_20250909_143942.322.jpg,tuluz,rousettus,random,video,False,test,428.8240068666839
data/processed/rousettus/video/not_augmented/bgonly/random/tuluz/r--tuluz--VID_20250909_143942.323.jpg,tuluz,rousettus,random,video,False,test,270.9580043298609
data/processed/rousettus/video/not_augmented/bgonly/random/tuluz/r--tuluz--VID_20250909_143942.324.jpg,tuluz,rousettus,random,video,False,test,136.27144775287357
data/processed/rousettus/video/not_augmented/bgonly/random/tuluz/r--tuluz--VID_20250909_143942.325.jpg,tuluz,rousettus,random,video,False,test,229.10827140339413
data/processed/rousettus/video/not_augmented/bgonly/random/tuluz/r--tuluz--VID_20250909_143942.326.jpg,tuluz,rousettus,random,video,False,test,49.335396524371326
data/processed/rousettus/video/not_augmented/bgonly/random/tuluz/r--tuluz--VID_20250909_143942.327.jpg,tuluz,rousettus,random,video,False,test,348.76061679303075
data/processed/rousettus/video/not_augmented/bgonly/random/tuluz/r--tuluz--VID_20250909_143942.328.jpg,tuluz,rousettus,random,video,False,test,332.31366625034724
data/processed/rousettus/video/not_augmented/bgonly/random/tuluz/r--tuluz--VID_20250909_143942.329.jpg,tuluz,rousettus,random,video,False,test,137.7329879166533
data/processed/rousettus/video/not_augmented/bgonly/random/tuluz/r--tuluz--VID_20250909_143942.330.jpg,tuluz,rousettus,random,video,False,test,192.25222395579547
data/processed/rousettus/video/not_augmented/bgonly/random/tuluz/r--tuluz--VID_20250909_143942.331.jpg,tuluz,rousettus,random,video,False,test,218.04438101058696
data/processed/rousettus/video/not_augmented/bgonly/random/tuluz/r--tuluz--VID_20250909_143942.50.jpg,tuluz,rousettus,random,video,False,test,215.9803459790288
data/processed/rousettus/video/not_augmented/bgonly/random/tuluz/r--tuluz--VID_20250909_143942.51.jpg,tuluz,rousettus,random,video,False,test,1072.9209195934995
data/processed/rousettus/video/not_augmented/bgonly/random/tuluz/r--tuluz--VID_20250909_143942.52.jpg,tuluz,rousettus,random,video,False,test,129.65846774162029
data/processed/rousettus/video/not_augmented/bgonly/random/tuluz/r--tuluz--VID_20250909_143942.53.jpg,tuluz,rousettus,random,video,False,test,188.08719501511248
data/processed/rousettus/video/not_augmented/bgonly/random/tuluz/r--tuluz--VID_20250909_143942.62.jpg,tuluz,rousettus,random,video,False,test,558.829996700835
data/processed/rousettus/video/not_augmented/bgonly/random/tuluz/r--tuluz--VID_20250909_143942.63.jpg,tuluz,rousettus,random,video,False,test,127.6499386187247
data/processed/rousettus/video/not_augmented/bgonly/random/tuluz/r--tuluz--VID_20250909_143942.64.jpg,tuluz,rousettus,random,video,False,test,264.90649393725914
data/processed/rousettus/video/not_augmented/bgonly/random/vanilaice/r--vanilaice--VID_20250909_144641.100.jpg,vanilaice,rousettus,random,video,False,train,39.61905884931407
data/processed/rousettus/video/not_augmented/bgonly/random/vanilaice/r--vanilaice--VID_20250909_144641.101.jpg,vanilaice,rousettus,random,video,False,train,299.53673197536955
data/processed/rousettus/video/not_augmented/bgonly/random/vanilaice/r--vanilaice--VID_20250909_144641.102.jpg,vanilaice,rousettus,random,video,False,train,50.96676025287354
data/processed/rousettus/video/not_augmented/bgonly/random/vanilaice/r--vanilaice--VID_20250909_144641.103.jpg,vanilaice,rousettus,random,video,False,train,39.15532194619773
data/processed/rousettus/video/not_augmented/bgonly/random/vanilaice/r--vanilaice--VID_20250909_144641.104.jpg,vanilaice,rousettus,random,video,False,train,43.70820090473815
data/processed/rousettus/video/not_augmented/bgonly/random/vanilaice/r--vanilaice--VID_20250909_144641.105.jpg,vanilaice,rousettus,random,video,False,train,47.18190740555934
data/processed/rousettus/video/not_augmented/bgonly/random/vanilaice/r--vanilaice--VID_20250909_144641.106.jpg,vanilaice,rousettus,random,video,False,train,147.31657574108272
data/processed/rousettus/video/not_augmented/bgonly/random/vanilaice/r--vanilaice--VID_20250909_144641.107.jpg,vanilaice,rousettus,random,video,False,train,26.608445642194063
data/processed/rousettus/video/not_augmented/bgonly/random/vanilaice/r--vanilaice--VID_20250909_144641.197.jpg,vanilaice,rousettus,random,video,False,train,45.495939134806704
data/processed/rousettus/video/not_augmented/bgonly/random/vanilaice/r--vanilaice--VID_20250909_144641.198.jpg,vanilaice,rousettus,random,video,False,train,201.61411360669564
data/processed/rousettus/video/not_augmented/bgonly/random/vanilaice/r--vanilaice--VID_20250909_144641.199.jpg,vanilaice,rousettus,random,video,False,train,47.996560271110994
data/processed/rousettus/video/not_augmented/bgonly/random/vanilaice/r--vanilaice--VID_20250909_144641.200.jpg,vanilaice,rousettus,random,video,False,train,177.60736537386805
data/processed/rousettus/video/not_augmented/bgonly/random/vanilaice/r--vanilaice--VID_20250909_144641.202.jpg,vanilaice,rousettus,random,video,False,train,200.2077537701061
data/processed/rousettus/video/not_augmented/bgonly/random/vanilaice/r--vanilaice--VID_20250909_144641.205.jpg,vanilaice,rousettus,random,video,False,train,393.5766825709727
data/processed/rousettus/video/not_augmented/bgonly/random/vanilaice/r--vanilaice--VID_20250909_144641.206.jpg,vanilaice,rousettus,random,video,False,train,189.01304951492625
data/processed/rousettus/video/not_augmented/bgonly/random/vanilaice/r--vanilaice--VID_20250909_144641.207.jpg,vanilaice,rousettus,random,video,False,train,101.1602128043566
data/processed/rousettus/video/not_augmented/bgonly/random/vanilaice/r--vanilaice--VID_20250909_144641.209.jpg,vanilaice,rousettus,random,video,False,train,201.7002129481267
data/processed/rousettus/video/not_augmented/bgonly/random/vanilaice/r--vanilaice--VID_20250909_144641.210.jpg,vanilaice,rousettus,random,video,False,train,154.4774889264788
data/processed/rousettus/video/not_augmented/bgonly/random/vanilaice/r--vanilaice--VID_20250909_144641.211.jpg,vanilaice,rousettus,random,video,False,train,363.81791100269646
data/processed/rousettus/video/not_augmented/bgonly/random/vanilaice/r--vanilaice--VID_20250909_144641.212.jpg,vanilaice,rousettus,random,video,False,train,239.0497359609862
data/processed/rousettus/video/not_augmented/bgonly/random/vanilaice/r--vanilaice--VID_20250909_144641.213.jpg,vanilaice,rousettus,random,video,False,train,148.32060183708197
data/processed/rousettus/video/not_augmented/bgonly/random/vanilaice/r--vanilaice--VID_20250909_144641.214.jpg,vanilaice,rousettus,random,video,False,train,129.5003669163626
data/processed/rousettus/video/not_augmented/bgonly/random/vanilaice/r--vanilaice--VID_20250909_144641.216.jpg,vanilaice,rousettus,random,video,False,train,236.3868953727872
data/processed/rousettus/video/not_augmented/bgonly/random/vanilaice/r--vanilaice--VID_20250909_144641.217.jpg,vanilaice,rousettus,random,video,False,train,245.42622719263844
data/processed/rousettus/video/not_augmented/bgonly/random/vanilaice/r--vanilaice--VID_20250909_144641.218.jpg,vanilaice,rousettus,random,video,False,train,235.3932218631075
data/processed/rousettus/video/not_augmented/bgonly/random/vanilaice/r--vanilaice--VID_20250909_144641.386.jpg,vanilaice,rousettus,random,video,False,train,196.85504931918985
data/processed/rousettus/video/not_augmented/bgonly/random/vanilaice/r--vanilaice--VID_20250909_144641.387.jpg,vanilaice,rousettus,random,video,False,train,423.6232634972949
data/processed/rousettus/video/not_augmented/bgonly/random/vanilaice/r--vanilaice--VID_20250909_144641.388.jpg,vanilaice,rousettus,random,video,False,train,122.29562578078162
data/processed/rousettus/video/not_augmented/bgonly/random/vanilaice/r--vanilaice--VID_20250909_144641.389.jpg,vanilaice,rousettus,random,video,False,train,142.61264082850244
data/processed/rousettus/video/not_augmented/bgonly/random/vanilaice/r--vanilaice--VID_20250909_144641.395.jpg,vanilaice,rousettus,random,video,False,train,389.0297424240144
data/processed/rousettus/video/not_augmented/bgonly/random/vanilaice/r--vanilaice--VID_20250909_144641.396.jpg,vanilaice,rousettus,random,video,False,train,32.96468359785544
data/processed/rousettus/video/not_augmented/bgonly/random/vanilaice/r--vanilaice--VID_20250909_144641.399.jpg,vanilaice,rousettus,random,video,False,train,15.003133344034609
data/processed/rousettus/video/not_augmented/bgonly/random/vanilaice/r--vanilaice--VID_20250909_144641.52.jpg,vanilaice,rousettus,random,video,False,train,106.11705432678949
data/processed/rousettus/video/not_augmented/bgonly/random/vanilaice/r--vanilaice--VID_20250909_144641.53.jpg,vanilaice,rousettus,random,video,False,train,527.851255868485
data/processed/rousettus/video/not_augmented/bgonly/random/vanilaice/r--vanilaice--VID_20250909_144641.54.jpg,vanilaice,rousettus,random,video,False,train,50.59119797825367
data/processed/rousettus/video/not_augmented/bgonly/random/vanilaice/r--vanilaice--VID_20250909_144641.55.jpg,vanilaice,rousettus,random,video,False,train,148.04128454924123
data/processed/rousettus/video/not_augmented/bgonly/random/vanilaice/r--vanilaice--VID_20250909_144641.56.jpg,vanilaice,rousettus,random,video,False,train,54.085757819973686
data/processed/rousettus/video/not_augmented/bgonly/random/vanilaice/r--vanilaice--VID_20250909_144641.57.jpg,vanilaice,rousettus,random,video,False,train,33.48007682560385
data/processed/rousettus/video/not_augmented/bgonly/random/vanilaice/r--vanilaice--VID_20250909_144641.58.jpg,vanilaice,rousettus,random,video,False,train,35.8118649104991
data/processed/rousettus/video/not_augmented/bgonly/random/vanilaice/r--vanilaice--VID_20250909_144641.59.jpg,vanilaice,rousettus,random,video,False,train,64.5824178340583
data/processed/rousettus/video/not_augmented/bgonly/random/vanilaice/r--vanilaice--VID_20250909_144641.60.jpg,vanilaice,rousettus,random,video,False,train,341.5502849358015
data/processed/rousettus/video/not_augmented/bgonly/random/vanilaice/r--vanilaice--VID_20250909_144641.61.jpg,vanilaice,rousettus,random,video,False,train,131.4006817681449
data/processed/rousettus/video/not_augmented/bgonly/random/vanilaice/r--vanilaice--VID_20250909_144641.62.jpg,vanilaice,rousettus,random,video,False,train,101.4199404221979
data/processed/rousettus/video/not_augmented/bgonly/random/vanilaice/r--vanilaice--VID_20250909_144641.63.jpg,vanilaice,rousettus,random,video,False,train,12.919932169995672
data/processed/rousettus/video/not_augmented/bgonly/random/vanilaice/r--vanilaice--VID_20250909_144641.64.jpg,vanilaice,rousettus,random,video,False,train,207.63305192150605
data/processed/rousettus/video/not_augmented/bgonly/random/vanilaice/r--vanilaice--VID_20250909_144641.71.jpg,vanilaice,rousettus,random,video,False,train,146.9708093927583
data/processed/rousettus/video/not_augmented/bgonly/random/vanilaice/r--vanilaice--VID_20250909_144641.72.jpg,vanilaice,rousettus,random,video,False,train,26.270911232623792
data/processed/rousettus/video/not_augmented/bgonly/random/vanilaice/r--vanilaice--VID_20250909_144641.73.jpg,vanilaice,rousettus,random,video,False,train,21.11601503905233
data/processed/rousettus/video/not_augmented/bgonly/random/vanilaice/r--vanilaice--VID_20250909_144641.74.jpg,vanilaice,rousettus,random,video,False,train,127.09831732821831
data/processed/rousettus/video/not_augmented/bgonly/random/vanilaice/r--vanilaice--VID_20250909_144641.75.jpg,vanilaice,rousettus,random,video,False,train,183.1795856260549
data/processed/rousettus/video/not_augmented/bgonly/random/vanilaice/r--vanilaice--VID_20250909_144641.76.jpg,vanilaice,rousettus,random,video,False,train,301.4280288486568
data/processed/rousettus/video/not_augmented/bgonly/random/vanilaice/r--vanilaice--VID_20250909_144641.77.jpg,vanilaice,rousettus,random,video,False,train,338.4926314185133
data/processed/rousettus/video/not_augmented/bgonly/random/vanilaice/r--vanilaice--VID_20250909_144641.78.jpg,vanilaice,rousettus,random,video,False,train,185.3391122810049
data/processed/rousettus/video/not_augmented/bgonly/random/vanilaice/r--vanilaice--VID_20250909_144641.79.jpg,vanilaice,rousettus,random,video,False,train,89.18586565086812
data/processed/rousettus/video/not_augmented/bgonly/random/vanilaice/r--vanilaice--VID_20250909_144641.80.jpg,vanilaice,rousettus,random,video,False,train,526.5694344773584
data/processed/rousettus/video/not_augmented/bgonly/random/vanilaice/r--vanilaice--VID_20250909_144641.81.jpg,vanilaice,rousettus,random,video,False,train,270.01943425564207
data/processed/rousettus/video/not_augmented/bgonly/random/vanilaice/r--vanilaice--VID_20250909_144641.82.jpg,vanilaice,rousettus,random,video,False,train,109.9261318204404
data/processed/rousettus/video/not_augmented/bgonly/random/vanilaice/r--vanilaice--VID_20250909_144641.83.jpg,vanilaice,rousettus,random,video,False,train,138.56870092783606
data/processed/rousettus/video/not_augmented/bgonly/random/vanilaice/r--vanilaice--VID_20250909_144641.84.jpg,vanilaice,rousettus,random,video,False,train,181.95953960807955
data/processed/rousettus/video/not_augmented/bgonly/random/vanilaice/r--vanilaice--VID_20250909_144641.85.jpg,vanilaice,rousettus,random,video,False,train,391.1584605860839
data/processed/rousettus/video/not_augmented/bgonly/random/vanilaice/r--vanilaice--VID_20250909_144641.86.jpg,vanilaice,rousettus,random,video,False,train,61.33235744236411
data/processed/rousettus/video/not_augmented/bgonly/random/vanilaice/r--vanilaice--VID_20250909_144641.87.jpg,vanilaice,rousettus,random,video,False,train,187.76466478580537
data/processed/rousettus/video/not_augmented/bgonly/random/vanilaice/r--vanilaice--VID_20250909_144641.88.jpg,vanilaice,rousettus,random,video,False,train,160.27709817151538
data/processed/rousettus/video/not_augmented/bgonly/random/vanilaice/r--vanilaice--VID_20250909_144641.89.jpg,vanilaice,rousettus,random,video,False,train,157.3634940659389
data/processed/rousettus/video/not_augmented/bgonly/random/vanilaice/r--vanilaice--VID_20250909_144641.90.jpg,vanilaice,rousettus,random,video,False,train,216.8437944799103
data/processed/rousettus/video/not_augmented/bgonly/random/vanilaice/r--vanilaice--VID_20250909_144641.91.jpg,vanilaice,rousettus,random,video,False,train,231.29195715138837
data/processed/rousettus/video/not_augmented/bgonly/random/vanilaice/r--vanilaice--VID_20250909_144641.92.jpg,vanilaice,rousettus,random,video,False,train,160.75355662886471
data/processed/rousettus/video/not_augmented/bgonly/random/vanilaice/r--vanilaice--VID_20250909_144641.93.jpg,vanilaice,rousettus,random,video,False,train,237.0855581906377
data/processed/rousettus/video/not_augmented/bgonly/random/vanilaice/r--vanilaice--VID_20250909_144641.94.jpg,vanilaice,rousettus,random,video,False,train,173.8151427475128
data/processed/rousettus/video/not_augmented/bgonly/random/vanilaice/r--vanilaice--VID_20250909_144641.95.jpg,vanilaice,rousettus,random,video,False,train,286.6731206901071
data/processed/rousettus/video/not_augmented/bgonly/random/vanilaice/r--vanilaice--VID_20250909_144641.96.jpg,vanilaice,rousettus,random,video,False,train,245.43740928892987
data/processed/rousettus/video/not_augmented/bgonly/random/vanilaice/r--vanilaice--VID_20250909_144641.97.jpg,vanilaice,rousettus,random,video,False,train,51.16080114792804
data/processed/rousettus/video/not_augmented/bgonly/random/vanilaice/r--vanilaice--VID_20250909_144641.98.jpg,vanilaice,rousettus,random,video,False,train,119.448534805444
data/processed/rousettus/video/not_augmented/bgonly/random/vanilaice/r--vanilaice--VID_20250909_144641.99.jpg,vanilaice,rousettus,random,video,False,train,266.68778425730653
