path,identity,species,background,source,augmented,split,quality
data/processed/rousettus/video/not_augmented/base_320/random_bg/arrowhead/r--arrowhead--VID_20250909_144129.1.jpg,arrowhead,rousettus,random,video,False,val,1506.597445029354
data/processed/rousettus/video/not_augmented/base_320/random_bg/arrowhead/r--arrowhead--VID_20250909_144129.100.jpg,arrowhead,rousettus,random,video,False,val,77.02547846517564
data/processed/rousettus/video/not_augmented/base_320/random_bg/arrowhead/r--arrowhead--VID_20250909_144129.105.jpg,arrowhead,rousettus,random,video,False,val,1035.3697005301476
data/processed/rousettus/video/not_augmented/base_320/random_bg/arrowhead/r--arrowhead--VID_20250909_144129.184.jpg,arrowhead,rousettus,random,video,False,val,142.43636663045882
data/processed/rousettus/video/not_augmented/base_320/random_bg/arrowhead/r--arrowhead--VID_20250909_144129.188.jpg,arrowhead,rousettus,random,video,False,val,251.3026099227905
data/processed/rousettus/video/not_augmented/base_320/random_bg/arrowhead/r--arrowhead--VID_20250909_144129.189.jpg,arrowhead,rousettus,random,video,False,val,344.8621804915429
data/processed/rousettus/video/not_augmented/base_320/random_bg/arrowhead/r--arrowhead--VID_20250909_144129.190.jpg,arrowhead,rousettus,random,video,False,val,1506.739537261867
data/processed/rousettus/video/not_augmented/base_320/random_bg/arrowhead/r--arrowhead--VID_20250909_144129.191.jpg,arrowhead,rousettus,random,video,False,val,263.9687040828705
data/processed/rousettus/video/not_augmented/base_320/random_bg/arrowhead/r--arrowhead--VID_20250909_144129.192.jpg,arrowhead,rousettus,random,video,False,val,436.8706835292816
data/processed/rousettus/video/not_augmented/base_320/random_bg/arrowhead/r--arrowhead--VID_20250909_144129.193.jpg,arrowhead,rousettus,random,video,False,val,5501.479991218472
data/processed/rousettus/video/not_augmented/base_320/random_bg/arrowhead/r--arrowhead--VID_20250909_144129.194.jpg,arrowhead,rousettus,random,video,False,val,5121.093975085354
data/processed/rousettus/video/not_augmented/base_320/random_bg/arrowhead/r--arrowhead--VID_20250909_144129.195.jpg,arrowhead,rousettus,random,video,False,val,807.775864463711
data/processed/rousettus/video/not_augmented/base_320/random_bg/arrowhead/r--arrowhead--VID_20250909_144129.196.jpg,arrowhead,rousettus,random,video,False,val,1524.1174742904664
data/processed/rousettus/video/not_augmented/base_320/random_bg/arrowhead/r--arrowhead--VID_20250909_144129.197.jpg,arrowhead,rousettus,random,video,False,val,201.0002798377037
data/processed/rousettus/video/not_augmented/base_320/random_bg/arrowhead/r--arrowhead--VID_20250909_144129.198.jpg,arrowhead,rousettus,random,video,False,val,940.5467137145996
data/processed/rousettus/video/not_augmented/base_320/random_bg/arrowhead/r--arrowhead--VID_20250909_144129.199.jpg,arrowhead,rousettus,random,video,False,val,126.22884576072693
data/processed/rousettus/video/not_augmented/base_320/random_bg/arrowhead/r--arrowhead--VID_20250909_144129.2.jpg,arrowhead,rousettus,random,video,False,val,237.01782223119736
data/processed/rousettus/video/not_augmented/base_320/random_bg/arrowhead/r--arrowhead--VID_20250909_144129.200.jpg,arrowhead,rousettus,random,video,False,val,255.47310482749936
data/processed/rousettus/video/not_augmented/base_320/random_bg/arrowhead/r--arrowhead--VID_20250909_144129.201.jpg,arrowhead,rousettus,random,video,False,val,928.410571494961
data/processed/rousettus/video/not_augmented/base_320/random_bg/arrowhead/r--arrowhead--VID_20250909_144129.202.jpg,arrowhead,rousettus,random,video,False,val,338.56414716186526
data/processed/rousettus/video/not_augmented/base_320/random_bg/arrowhead/r--arrowhead--VID_20250909_144129.203.jpg,arrowhead,rousettus,random,video,False,val,297.2322777694702
data/processed/rousettus/video/not_augmented/base_320/random_bg/arrowhead/r--arrowhead--VID_20250909_144129.204.jpg,arrowhead,rousettus,random,video,False,val,523.6810712753295
data/processed/rousettus/video/not_augmented/base_320/random_bg/arrowhead/r--arrowhead--VID_20250909_144129.205.jpg,arrowhead,rousettus,random,video,False,val,228.3479681697845
data/processed/rousettus/video/not_augmented/base_320/random_bg/arrowhead/r--arrowhead--VID_20250909_144129.206.jpg,arrowhead,rousettus,random,video,False,val,326.6474461364746
data/processed/rousettus/video/not_augmented/base_320/random_bg/arrowhead/r--arrowhead--VID_20250909_144129.207.jpg,arrowhead,rousettus,random,video,False,val,1012.9412062362672
data/processed/rousettus/video/not_augmented/base_320/random_bg/arrowhead/r--arrowhead--VID_20250909_144129.208.jpg,arrowhead,rousettus,random,video,False,val,281.3773638228416
data/processed/rousettus/video/not_augmented/base_320/random_bg/arrowhead/r--arrowhead--VID_20250909_144129.209.jpg,arrowhead,rousettus,random,video,False,val,246.148056598568
data/processed/rousettus/video/not_augmented/base_320/random_bg/arrowhead/r--arrowhead--VID_20250909_144129.210.jpg,arrowhead,rousettus,random,video,False,val,319.3874541286468
data/processed/rousettus/video/not_augmented/base_320/random_bg/arrowhead/r--arrowhead--VID_20250909_144129.211.jpg,arrowhead,rousettus,random,video,False,val,513.6731486507416
data/processed/rousettus/video/not_augmented/base_320/random_bg/arrowhead/r--arrowhead--VID_20250909_144129.212.jpg,arrowhead,rousettus,random,video,False,val,863.7865926265716
data/processed/rousettus/video/not_augmented/base_320/random_bg/arrowhead/r--arrowhead--VID_20250909_144129.213.jpg,arrowhead,rousettus,random,video,False,val,857.2215196895601
data/processed/rousettus/video/not_augmented/base_320/random_bg/arrowhead/r--arrowhead--VID_20250909_144129.214.jpg,arrowhead,rousettus,random,video,False,val,1032.260067259884
data/processed/rousettus/video/not_augmented/base_320/random_bg/arrowhead/r--arrowhead--VID_20250909_144129.215.jpg,arrowhead,rousettus,random,video,False,val,2237.065768157577
data/processed/rousettus/video/not_augmented/base_320/random_bg/arrowhead/r--arrowhead--VID_20250909_144129.216.jpg,arrowhead,rousettus,random,video,False,val,1142.836808125973
data/processed/rousettus/video/not_augmented/base_320/random_bg/arrowhead/r--arrowhead--VID_20250909_144129.217.jpg,arrowhead,rousettus,random,video,False,val,833.5049472418784
data/processed/rousettus/video/not_augmented/base_320/random_bg/arrowhead/r--arrowhead--VID_20250909_144129.218.jpg,arrowhead,rousettus,random,video,False,val,291.61506053152084
data/processed/rousettus/video/not_augmented/base_320/random_bg/arrowhead/r--arrowhead--VID_20250909_144129.219.jpg,arrowhead,rousettus,random,video,False,val,115.17144194602966
data/processed/rousettus/video/not_augmented/base_320/random_bg/arrowhead/r--arrowhead--VID_20250909_144129.220.jpg,arrowhead,rousettus,random,video,False,val,1791.55473911047
data/processed/rousettus/video/not_augmented/base_320/random_bg/arrowhead/r--arrowhead--VID_20250909_144129.221.jpg,arrowhead,rousettus,random,video,False,val,137.25333579673767
data/processed/rousettus/video/not_augmented/base_320/random_bg/arrowhead/r--arrowhead--VID_20250909_144129.222.jpg,arrowhead,rousettus,random,video,False,val,320.3594870375634
data/processed/rousettus/video/not_augmented/base_320/random_bg/arrowhead/r--arrowhead--VID_20250909_144129.223.jpg,arrowhead,rousettus,random,video,False,val,298.5829726314545
data/processed/rousettus/video/not_augmented/base_320/random_bg/arrowhead/r--arrowhead--VID_20250909_144129.224.jpg,arrowhead,rousettus,random,video,False,val,1289.4543156622883
data/processed/rousettus/video/not_augmented/base_320/random_bg/arrowhead/r--arrowhead--VID_20250909_144129.225.jpg,arrowhead,rousettus,random,video,False,val,534.9270790663719
data/processed/rousettus/video/not_augmented/base_320/random_bg/arrowhead/r--arrowhead--VID_20250909_144129.226.jpg,arrowhead,rousettus,random,video,False,val,547.8659841612816
data/processed/rousettus/video/not_augmented/base_320/random_bg/arrowhead/r--arrowhead--VID_20250909_144129.227.jpg,arrowhead,rousettus,random,video,False,val,476.55283473968507
data/processed/rousettus/video/not_augmented/base_320/random_bg/arrowhead/r--arrowhead--VID_20250909_144129.228.jpg,arrowhead,rousettus,random,video,False,val,902.5754934020996
data/processed/rousettus/video/not_augmented/base_320/random_bg/arrowhead/r--arrowhead--VID_20250909_144129.229.jpg,arrowhead,rousettus,random,video,False,val,300.75490952720645
data/processed/rousettus/video/not_augmented/base_320/random_bg/arrowhead/r--arrowhead--VID_20250909_144129.230.jpg,arrowhead,rousettus,random,video,False,val,161.50640583457945
data/processed/rousettus/video/not_augmented/base_320/random_bg/arrowhead/r--arrowhead--VID_20250909_144129.231.jpg,arrowhead,rousettus,random,video,False,val,240.5007121687889
data/processed/rousettus/video/not_augmented/base_320/random_bg/arrowhead/r--arrowhead--VID_20250909_144129.232.jpg,arrowhead,rousettus,random,video,False,val,3413.0164679823874
data/processed/rousettus/video/not_augmented/base_320/random_bg/arrowhead/r--arrowhead--VID_20250909_144129.233.jpg,arrowhead,rousettus,random,video,False,val,834.0768792510031
data/processed/rousettus/video/not_augmented/base_320/random_bg/arrowhead/r--arrowhead--VID_20250909_144129.234.jpg,arrowhead,rousettus,random,video,False,val,745.7188338042258
data/processed/rousettus/video/not_augmented/base_320/random_bg/arrowhead/r--arrowhead--VID_20250909_144129.235.jpg,arrowhead,rousettus,random,video,False,val,201.23424434576037
data/processed/rousettus/video/not_augmented/base_320/random_bg/arrowhead/r--arrowhead--VID_20250909_144129.236.jpg,arrowhead,rousettus,random,video,False,val,327.63833705663683
data/processed/rousettus/video/not_augmented/base_320/random_bg/arrowhead/r--arrowhead--VID_20250909_144129.237.jpg,arrowhead,rousettus,random,video,False,val,225.92476838674543
data/processed/rousettus/video/not_augmented/base_320/random_bg/arrowhead/r--arrowhead--VID_20250909_144129.238.jpg,arrowhead,rousettus,random,video,False,val,702.9267138790132
data/processed/rousettus/video/not_augmented/base_320/random_bg/arrowhead/r--arrowhead--VID_20250909_144129.239.jpg,arrowhead,rousettus,random,video,False,val,442.9302466078759
data/processed/rousettus/video/not_augmented/base_320/random_bg/arrowhead/r--arrowhead--VID_20250909_144129.240.jpg,arrowhead,rousettus,random,video,False,val,841.0486278957367
data/processed/rousettus/video/not_augmented/base_320/random_bg/arrowhead/r--arrowhead--VID_20250909_144129.241.jpg,arrowhead,rousettus,random,video,False,val,423.6685936855316
data/processed/rousettus/video/not_augmented/base_320/random_bg/arrowhead/r--arrowhead--VID_20250909_144129.242.jpg,arrowhead,rousettus,random,video,False,val,1616.47087159338
data/processed/rousettus/video/not_augmented/base_320/random_bg/arrowhead/r--arrowhead--VID_20250909_144129.243.jpg,arrowhead,rousettus,random,video,False,val,254.40104027471543
data/processed/rousettus/video/not_augmented/base_320/random_bg/arrowhead/r--arrowhead--VID_20250909_144129.244.jpg,arrowhead,rousettus,random,video,False,val,624.6989947089196
data/processed/rousettus/video/not_augmented/base_320/random_bg/arrowhead/r--arrowhead--VID_20250909_144129.245.jpg,arrowhead,rousettus,random,video,False,val,233.61622962608337
data/processed/rousettus/video/not_augmented/base_320/random_bg/arrowhead/r--arrowhead--VID_20250909_144129.246.jpg,arrowhead,rousettus,random,video,False,val,700.575408782959
data/processed/rousettus/video/not_augmented/base_320/random_bg/arrowhead/r--arrowhead--VID_20250909_144129.247.jpg,arrowhead,rousettus,random,video,False,val,758.5865863715172
data/processed/rousettus/video/not_augmented/base_320/random_bg/arrowhead/r--arrowhead--VID_20250909_144129.248.jpg,arrowhead,rousettus,random,video,False,val,595.5762798651696
data/processed/rousettus/video/not_augmented/base_320/random_bg/arrowhead/r--arrowhead--VID_20250909_144129.249.jpg,arrowhead,rousettus,random,video,False,val,159.8774999355316
data/processed/rousettus/video/not_augmented/base_320/random_bg/arrowhead/r--arrowhead--VID_20250909_144129.250.jpg,arrowhead,rousettus,random,video,False,val,558.3877824812889
data/processed/rousettus/video/not_augmented/base_320/random_bg/arrowhead/r--arrowhead--VID_20250909_144129.251.jpg,arrowhead,rousettus,random,video,False,val,77.63356416463851
data/processed/rousettus/video/not_augmented/base_320/random_bg/arrowhead/r--arrowhead--VID_20250909_144129.252.jpg,arrowhead,rousettus,random,video,False,val,268.73947786626815
data/processed/rousettus/video/not_augmented/base_320/random_bg/arrowhead/r--arrowhead--VID_20250909_144129.253.jpg,arrowhead,rousettus,random,video,False,val,1241.563600828552
data/processed/rousettus/video/not_augmented/base_320/random_bg/arrowhead/r--arrowhead--VID_20250909_144129.254.jpg,arrowhead,rousettus,random,video,False,val,1632.385140521908
data/processed/rousettus/video/not_augmented/base_320/random_bg/arrowhead/r--arrowhead--VID_20250909_144129.255.jpg,arrowhead,rousettus,random,video,False,val,1313.6114118862151
data/processed/rousettus/video/not_augmented/base_320/random_bg/arrowhead/r--arrowhead--VID_20250909_144129.256.jpg,arrowhead,rousettus,random,video,False,val,1096.536842940426
data/processed/rousettus/video/not_augmented/base_320/random_bg/arrowhead/r--arrowhead--VID_20250909_144129.257.jpg,arrowhead,rousettus,random,video,False,val,246.3675957607269
data/processed/rousettus/video/not_augmented/base_320/random_bg/arrowhead/r--arrowhead--VID_20250909_144129.258.jpg,arrowhead,rousettus,random,video,False,val,928.7567016768454
data/processed/rousettus/video/not_augmented/base_320/random_bg/arrowhead/r--arrowhead--VID_20250909_144129.259.jpg,arrowhead,rousettus,random,video,False,val,968.1369378662108
data/processed/rousettus/video/not_augmented/base_320/random_bg/arrowhead/r--arrowhead--VID_20250909_144129.3.jpg,arrowhead,rousettus,random,video,False,val,157.72393825683594
data/processed/rousettus/video/not_augmented/base_320/random_bg/arrowhead/r--arrowhead--VID_20250909_144129.325.jpg,arrowhead,rousettus,random,video,False,val,1170.385469110012
data/processed/rousettus/video/not_augmented/base_320/random_bg/arrowhead/r--arrowhead--VID_20250909_144129.326.jpg,arrowhead,rousettus,random,video,False,val,643.2209764648438
data/processed/rousettus/video/not_augmented/base_320/random_bg/arrowhead/r--arrowhead--VID_20250909_144129.327.jpg,arrowhead,rousettus,random,video,False,val,478.43279074058535
data/processed/rousettus/video/not_augmented/base_320/random_bg/arrowhead/r--arrowhead--VID_20250909_144129.328.jpg,arrowhead,rousettus,random,video,False,val,470.05320739593503
data/processed/rousettus/video/not_augmented/base_320/random_bg/arrowhead/r--arrowhead--VID_20250909_144129.329.jpg,arrowhead,rousettus,random,video,False,val,2651.507605950928
data/processed/rousettus/video/not_augmented/base_320/random_bg/arrowhead/r--arrowhead--VID_20250909_144129.330.jpg,arrowhead,rousettus,random,video,False,val,606.0475447821618
data/processed/rousettus/video/not_augmented/base_320/random_bg/arrowhead/r--arrowhead--VID_20250909_144129.331.jpg,arrowhead,rousettus,random,video,False,val,871.7091105383873
data/processed/rousettus/video/not_augmented/base_320/random_bg/arrowhead/r--arrowhead--VID_20250909_144129.332.jpg,arrowhead,rousettus,random,video,False,val,919.1912255111696
data/processed/rousettus/video/not_augmented/base_320/random_bg/arrowhead/r--arrowhead--VID_20250909_144129.333.jpg,arrowhead,rousettus,random,video,False,val,944.5817911220552
data/processed/rousettus/video/not_augmented/base_320/random_bg/arrowhead/r--arrowhead--VID_20250909_144129.363.jpg,arrowhead,rousettus,random,video,False,val,165.24001923217776
data/processed/rousettus/video/not_augmented/base_320/random_bg/arrowhead/r--arrowhead--VID_20250909_144129.367.jpg,arrowhead,rousettus,random,video,False,val,728.8201013122558
data/processed/rousettus/video/not_augmented/base_320/random_bg/arrowhead/r--arrowhead--VID_20250909_144129.368.jpg,arrowhead,rousettus,random,video,False,val,649.5418553709984
data/processed/rousettus/video/not_augmented/base_320/random_bg/arrowhead/r--arrowhead--VID_20250909_144129.369.jpg,arrowhead,rousettus,random,video,False,val,249.88163408575065
data/processed/rousettus/video/not_augmented/base_320/random_bg/arrowhead/r--arrowhead--VID_20250909_144129.371.jpg,arrowhead,rousettus,random,video,False,val,125.2447069454193
data/processed/rousettus/video/not_augmented/base_320/random_bg/arrowhead/r--arrowhead--VID_20250909_144129.377.jpg,arrowhead,rousettus,random,video,False,val,1208.377727076626
data/processed/rousettus/video/not_augmented/base_320/random_bg/arrowhead/r--arrowhead--VID_20250909_144129.378.jpg,arrowhead,rousettus,random,video,False,val,597.348504882431
data/processed/rousettus/video/not_augmented/base_320/random_bg/arrowhead/r--arrowhead--VID_20250909_144129.379.jpg,arrowhead,rousettus,random,video,False,val,323.9951061545372
data/processed/rousettus/video/not_augmented/base_320/random_bg/arrowhead/r--arrowhead--VID_20250909_144129.382.jpg,arrowhead,rousettus,random,video,False,val,567.1787345882417
data/processed/rousettus/video/not_augmented/base_320/random_bg/arrowhead/r--arrowhead--VID_20250909_144129.387.jpg,arrowhead,rousettus,random,video,False,val,161.66999587402344
data/processed/rousettus/video/not_augmented/base_320/random_bg/arrowhead/r--arrowhead--VID_20250909_144129.389.jpg,arrowhead,rousettus,random,video,False,val,310.8817803920746
data/processed/rousettus/video/not_augmented/base_320/random_bg/arrowhead/r--arrowhead--VID_20250909_144129.390.jpg,arrowhead,rousettus,random,video,False,val,839.8169285583499
data/processed/rousettus/video/not_augmented/base_320/random_bg/arrowhead/r--arrowhead--VID_20250909_144129.391.jpg,arrowhead,rousettus,random,video,False,val,426.7570306015014
data/processed/rousettus/video/not_augmented/base_320/random_bg/arrowhead/r--arrowhead--VID_20250909_144129.392.jpg,arrowhead,rousettus,random,video,False,val,440.8997753292084
data/processed/rousettus/video/not_augmented/base_320/random_bg/arrowhead/r--arrowhead--VID_20250909_144129.393.jpg,arrowhead,rousettus,random,video,False,val,407.0378052352904
data/processed/rousettus/video/not_augmented/base_320/random_bg/arrowhead/r--arrowhead--VID_20250909_144129.394.jpg,arrowhead,rousettus,random,video,False,val,1055.0108644637107
data/processed/rousettus/video/not_augmented/base_320/random_bg/arrowhead/r--arrowhead--VID_20250909_144129.395.jpg,arrowhead,rousettus,random,video,False,val,6005.527998351955
data/processed/rousettus/video/not_augmented/base_320/random_bg/arrowhead/r--arrowhead--VID_20250909_144129.396.jpg,arrowhead,rousettus,random,video,False,val,685.5156738204003
data/processed/rousettus/video/not_augmented/base_320/random_bg/arrowhead/r--arrowhead--VID_20250909_144129.397.jpg,arrowhead,rousettus,random,video,False,val,367.5160274642944
data/processed/rousettus/video/not_augmented/base_320/random_bg/arrowhead/r--arrowhead--VID_20250909_144129.398.jpg,arrowhead,rousettus,random,video,False,val,701.1845626898764
data/processed/rousettus/video/not_augmented/base_320/random_bg/arrowhead/r--arrowhead--VID_20250909_144129.399.jpg,arrowhead,rousettus,random,video,False,val,691.5177252554892
data/processed/rousettus/video/not_augmented/base_320/random_bg/arrowhead/r--arrowhead--VID_20250909_144129.400.jpg,arrowhead,rousettus,random,video,False,val,1196.0911484313965
data/processed/rousettus/video/not_augmented/base_320/random_bg/arrowhead/r--arrowhead--VID_20250909_144129.401.jpg,arrowhead,rousettus,random,video,False,val,400.4224091887474
data/processed/rousettus/video/not_augmented/base_320/random_bg/arrowhead/r--arrowhead--VID_20250909_144129.402.jpg,arrowhead,rousettus,random,video,False,val,832.0010483455657
data/processed/rousettus/video/not_augmented/base_320/random_bg/arrowhead/r--arrowhead--VID_20250909_144129.403.jpg,arrowhead,rousettus,random,video,False,val,1798.675542381191
data/processed/rousettus/video/not_augmented/base_320/random_bg/arrowhead/r--arrowhead--VID_20250909_144129.404.jpg,arrowhead,rousettus,random,video,False,val,329.8433217636108
data/processed/rousettus/video/not_augmented/base_320/random_bg/arrowhead/r--arrowhead--VID_20250909_144129.405.jpg,arrowhead,rousettus,random,video,False,val,1308.740855703354
data/processed/rousettus/video/not_augmented/base_320/random_bg/arrowhead/r--arrowhead--VID_20250909_144129.406.jpg,arrowhead,rousettus,random,video,False,val,414.4787853237152
data/processed/rousettus/video/not_augmented/base_320/random_bg/arrowhead/r--arrowhead--VID_20250909_144129.407.jpg,arrowhead,rousettus,random,video,False,val,505.1195500427247
data/processed/rousettus/video/not_augmented/base_320/random_bg/arrowhead/r--arrowhead--VID_20250909_144129.408.jpg,arrowhead,rousettus,random,video,False,val,438.3417009085655
data/processed/rousettus/video/not_augmented/base_320/random_bg/arrowhead/r--arrowhead--VID_20250909_144129.409.jpg,arrowhead,rousettus,random,video,False,val,360.1138652037621
data/processed/rousettus/video/not_augmented/base_320/random_bg/arrowhead/r--arrowhead--VID_20250909_144129.410.jpg,arrowhead,rousettus,random,video,False,val,1535.787176733017
data/processed/rousettus/video/not_augmented/base_320/random_bg/arrowhead/r--arrowhead--VID_20250909_144129.411.jpg,arrowhead,rousettus,random,video,False,val,1155.5154070297242
data/processed/rousettus/video/not_augmented/base_320/random_bg/arrowhead/r--arrowhead--VID_20250909_144129.412.jpg,arrowhead,rousettus,random,video,False,val,960.7443761459352
data/processed/rousettus/video/not_augmented/base_320/random_bg/arrowhead/r--arrowhead--VID_20250909_144129.413.jpg,arrowhead,rousettus,random,video,False,val,537.911122853756
data/processed/rousettus/video/not_augmented/base_320/random_bg/arrowhead/r--arrowhead--VID_20250909_144129.414.jpg,arrowhead,rousettus,random,video,False,val,955.1584975890156
data/processed/rousettus/video/not_augmented/base_320/random_bg/arrowhead/r--arrowhead--VID_20250909_144129.415.jpg,arrowhead,rousettus,random,video,False,val,2011.0963560439109
data/processed/rousettus/video/not_augmented/base_320/random_bg/arrowhead/r--arrowhead--VID_20250909_144129.416.jpg,arrowhead,rousettus,random,video,False,val,770.9133899909018
data/processed/rousettus/video/not_augmented/base_320/random_bg/arrowhead/r--arrowhead--VID_20250909_144129.417.jpg,arrowhead,rousettus,random,video,False,val,525.4296428371429
data/processed/rousettus/video/not_augmented/base_320/random_bg/arrowhead/r--arrowhead--VID_20250909_144129.418.jpg,arrowhead,rousettus,random,video,False,val,368.8229976798057
data/processed/rousettus/video/not_augmented/base_320/random_bg/arrowhead/r--arrowhead--VID_20250909_144129.419.jpg,arrowhead,rousettus,random,video,False,val,439.8029199210167
data/processed/rousettus/video/not_augmented/base_320/random_bg/arrowhead/r--arrowhead--VID_20250909_144129.420.jpg,arrowhead,rousettus,random,video,False,val,1016.8598070479392
data/processed/rousettus/video/not_augmented/base_320/random_bg/arrowhead/r--arrowhead--VID_20250909_144129.421.jpg,arrowhead,rousettus,random,video,False,val,638.8385075102806
data/processed/rousettus/video/not_augmented/base_320/random_bg/arrowhead/r--arrowhead--VID_20250909_144129.422.jpg,arrowhead,rousettus,random,video,False,val,346.63013536224366
data/processed/rousettus/video/not_augmented/base_320/random_bg/arrowhead/r--arrowhead--VID_20250909_144129.423.jpg,arrowhead,rousettus,random,video,False,val,601.3605185622215
data/processed/rousettus/video/not_augmented/base_320/random_bg/arrowhead/r--arrowhead--VID_20250909_144129.425.jpg,arrowhead,rousettus,random,video,False,val,1830.2258118605612
data/processed/rousettus/video/not_augmented/base_320/random_bg/arrowhead/r--arrowhead--VID_20250909_144129.426.jpg,arrowhead,rousettus,random,video,False,val,789.2491645651817
data/processed/rousettus/video/not_augmented/base_320/random_bg/arrowhead/r--arrowhead--VID_20250909_144129.427.jpg,arrowhead,rousettus,random,video,False,val,1100.761942031765
data/processed/rousettus/video/not_augmented/base_320/random_bg/arrowhead/r--arrowhead--VID_20250909_144129.428.jpg,arrowhead,rousettus,random,video,False,val,144.66389245901107
data/processed/rousettus/video/not_augmented/base_320/random_bg/arrowhead/r--arrowhead--VID_20250909_144129.429.jpg,arrowhead,rousettus,random,video,False,val,303.9586891475678
data/processed/rousettus/video/not_augmented/base_320/random_bg/arrowhead/r--arrowhead--VID_20250909_144129.430.jpg,arrowhead,rousettus,random,video,False,val,247.0732880949974
data/processed/rousettus/video/not_augmented/base_320/random_bg/arrowhead/r--arrowhead--VID_20250909_144129.431.jpg,arrowhead,rousettus,random,video,False,val,185.16187474212649
data/processed/rousettus/video/not_augmented/base_320/random_bg/arrowhead/r--arrowhead--VID_20250909_144129.432.jpg,arrowhead,rousettus,random,video,False,val,1179.3957473083497
data/processed/rousettus/video/not_augmented/base_320/random_bg/arrowhead/r--arrowhead--VID_20250909_144129.433.jpg,arrowhead,rousettus,random,video,False,val,1680.1993419493674
data/processed/rousettus/video/not_augmented/base_320/random_bg/arrowhead/r--arrowhead--VID_20250909_144129.434.jpg,arrowhead,rousettus,random,video,False,val,1058.818482816219
data/processed/rousettus/video/not_augmented/base_320/random_bg/arrowhead/r--arrowhead--VID_20250909_144129.435.jpg,arrowhead,rousettus,random,video,False,val,358.62985509862904
data/processed/rousettus/video/not_augmented/base_320/random_bg/arrowhead/r--arrowhead--VID_20250909_144129.436.jpg,arrowhead,rousettus,random,video,False,val,1091.6683819335938
data/processed/rousettus/video/not_augmented/base_320/random_bg/arrowhead/r--arrowhead--VID_20250909_144129.437.jpg,arrowhead,rousettus,random,video,False,val,1096.1501799007417
data/processed/rousettus/video/not_augmented/base_320/random_bg/arrowhead/r--arrowhead--VID_20250909_144129.438.jpg,arrowhead,rousettus,random,video,False,val,149.38611293792724
data/processed/rousettus/video/not_augmented/base_320/random_bg/arrowhead/r--arrowhead--VID_20250909_144129.439.jpg,arrowhead,rousettus,random,video,False,val,779.9744579848289
data/processed/rousettus/video/not_augmented/base_320/random_bg/arrowhead/r--arrowhead--VID_20250909_144129.440.jpg,arrowhead,rousettus,random,video,False,val,566.3404584799766
data/processed/rousettus/video/not_augmented/base_320/random_bg/arrowhead/r--arrowhead--VID_20250909_144129.441.jpg,arrowhead,rousettus,random,video,False,val,1737.6231462673186
data/processed/rousettus/video/not_augmented/base_320/random_bg/arrowhead/r--arrowhead--VID_20250909_144129.442.jpg,arrowhead,rousettus,random,video,False,val,1557.567343932724
data/processed/rousettus/video/not_augmented/base_320/random_bg/arrowhead/r--arrowhead--VID_20250909_144129.443.jpg,arrowhead,rousettus,random,video,False,val,1540.7090863585472
data/processed/rousettus/video/not_augmented/base_320/random_bg/arrowhead/r--arrowhead--VID_20250909_144129.444.jpg,arrowhead,rousettus,random,video,False,val,495.2766677550315
data/processed/rousettus/video/not_augmented/base_320/random_bg/arrowhead/r--arrowhead--VID_20250909_144129.445.jpg,arrowhead,rousettus,random,video,False,val,287.1929714560509
data/processed/rousettus/video/not_augmented/base_320/random_bg/arrowhead/r--arrowhead--VID_20250909_144129.446.jpg,arrowhead,rousettus,random,video,False,val,1740.7871525253297
data/processed/rousettus/video/not_augmented/base_320/random_bg/arrowhead/r--arrowhead--VID_20250909_144129.447.jpg,arrowhead,rousettus,random,video,False,val,420.2884178939819
data/processed/rousettus/video/not_augmented/base_320/random_bg/arrowhead/r--arrowhead--VID_20250909_144129.448.jpg,arrowhead,rousettus,random,video,False,val,1343.2894407439237
data/processed/rousettus/video/not_augmented/base_320/random_bg/arrowhead/r--arrowhead--VID_20250909_144129.449.jpg,arrowhead,rousettus,random,video,False,val,459.3712373427391
data/processed/rousettus/video/not_augmented/base_320/random_bg/arrowhead/r--arrowhead--VID_20250909_144129.450.jpg,arrowhead,rousettus,random,video,False,val,1045.8477763057706
data/processed/rousettus/video/not_augmented/base_320/random_bg/arrowhead/r--arrowhead--VID_20250909_144129.451.jpg,arrowhead,rousettus,random,video,False,val,176.8016589621544
data/processed/rousettus/video/not_augmented/base_320/random_bg/arrowhead/r--arrowhead--VID_20250909_144129.452.jpg,arrowhead,rousettus,random,video,False,val,82.62789055023194
data/processed/rousettus/video/not_augmented/base_320/random_bg/arrowhead/r--arrowhead--VID_20250909_144129.453.jpg,arrowhead,rousettus,random,video,False,val,1446.5579070845604
data/processed/rousettus/video/not_augmented/base_320/random_bg/arrowhead/r--arrowhead--VID_20250909_144129.454.jpg,arrowhead,rousettus,random,video,False,val,528.2041999450684
data/processed/rousettus/video/not_augmented/base_320/random_bg/arrowhead/r--arrowhead--VID_20250909_144129.455.jpg,arrowhead,rousettus,random,video,False,val,1673.337174907589
data/processed/rousettus/video/not_augmented/base_320/random_bg/arrowhead/r--arrowhead--VID_20250909_144129.456.jpg,arrowhead,rousettus,random,video,False,val,134.305835874939
data/processed/rousettus/video/not_augmented/base_320/random_bg/arrowhead/r--arrowhead--VID_20250909_144129.457.jpg,arrowhead,rousettus,random,video,False,val,173.14575195302962
data/processed/rousettus/video/not_augmented/base_320/random_bg/arrowhead/r--arrowhead--VID_20250909_144129.458.jpg,arrowhead,rousettus,random,video,False,val,946.8631517287254
data/processed/rousettus/video/not_augmented/base_320/random_bg/arrowhead/r--arrowhead--VID_20250909_144129.459.jpg,arrowhead,rousettus,random,video,False,val,175.79999929466248
data/processed/rousettus/video/not_augmented/base_320/random_bg/arrowhead/r--arrowhead--VID_20250909_144129.460.jpg,arrowhead,rousettus,random,video,False,val,684.3920535445213
data/processed/rousettus/video/not_augmented/base_320/random_bg/arrowhead/r--arrowhead--VID_20250909_144129.461.jpg,arrowhead,rousettus,random,video,False,val,467.84238593101503
data/processed/rousettus/video/not_augmented/base_320/random_bg/arrowhead/r--arrowhead--VID_20250909_144129.462.jpg,arrowhead,rousettus,random,video,False,val,664.105203903103
data/processed/rousettus/video/not_augmented/base_320/random_bg/arrowhead/r--arrowhead--VID_20250909_144129.463.jpg,arrowhead,rousettus,random,video,False,val,990.6063027099608
data/processed/rousettus/video/not_augmented/base_320/random_bg/arrowhead/r--arrowhead--VID_20250909_144129.464.jpg,arrowhead,rousettus,random,video,False,val,908.015543203354
data/processed/rousettus/video/not_augmented/base_320/random_bg/arrowhead/r--arrowhead--VID_20250909_144129.465.jpg,arrowhead,rousettus,random,video,False,val,266.9620311354637
data/processed/rousettus/video/not_augmented/base_320/random_bg/arrowhead/r--arrowhead--VID_20250909_144129.466.jpg,arrowhead,rousettus,random,video,False,val,270.6111279654503
data/processed/rousettus/video/not_augmented/base_320/random_bg/arrowhead/r--arrowhead--VID_20250909_144129.467.jpg,arrowhead,rousettus,random,video,False,val,3579.416424131776
data/processed/rousettus/video/not_augmented/base_320/random_bg/arrowhead/r--arrowhead--VID_20250909_144129.468.jpg,arrowhead,rousettus,random,video,False,val,274.10360720214845
data/processed/rousettus/video/not_augmented/base_320/random_bg/arrowhead/r--arrowhead--VID_20250909_144129.469.jpg,arrowhead,rousettus,random,video,False,val,5262.067939066982
data/processed/rousettus/video/not_augmented/base_320/random_bg/arrowhead/r--arrowhead--VID_20250909_144129.470.jpg,arrowhead,rousettus,random,video,False,val,881.5141941977502
data/processed/rousettus/video/not_augmented/base_320/random_bg/arrowhead/r--arrowhead--VID_20250909_144129.471.jpg,arrowhead,rousettus,random,video,False,val,417.3762631873131
data/processed/rousettus/video/not_augmented/base_320/random_bg/arrowhead/r--arrowhead--VID_20250909_144129.472.jpg,arrowhead,rousettus,random,video,False,val,1337.2245879775046
data/processed/rousettus/video/not_augmented/base_320/random_bg/arrowhead/r--arrowhead--VID_20250909_144129.473.jpg,arrowhead,rousettus,random,video,False,val,910.375450359726
data/processed/rousettus/video/not_augmented/base_320/random_bg/arrowhead/r--arrowhead--VID_20250909_144129.474.jpg,arrowhead,rousettus,random,video,False,val,194.93786716308597
data/processed/rousettus/video/not_augmented/base_320/random_bg/arrowhead/r--arrowhead--VID_20250909_144129.475.jpg,arrowhead,rousettus,random,video,False,val,565.5978569563865
data/processed/rousettus/video/not_augmented/base_320/random_bg/arrowhead/r--arrowhead--VID_20250909_144129.476.jpg,arrowhead,rousettus,random,video,False,val,388.350631346798
data/processed/rousettus/video/not_augmented/base_320/random_bg/arrowhead/r--arrowhead--VID_20250909_144129.477.jpg,arrowhead,rousettus,random,video,False,val,92.19671197652816
data/processed/rousettus/video/not_augmented/base_320/random_bg/arrowhead/r--arrowhead--VID_20250909_144129.478.jpg,arrowhead,rousettus,random,video,False,val,84.700992539978
data/processed/rousettus/video/not_augmented/base_320/random_bg/arrowhead/r--arrowhead--VID_20250909_144129.479.jpg,arrowhead,rousettus,random,video,False,val,1429.8901596365931
data/processed/rousettus/video/not_augmented/base_320/random_bg/arrowhead/r--arrowhead--VID_20250909_144129.480.jpg,arrowhead,rousettus,random,video,False,val,732.3980552901268
data/processed/rousettus/video/not_augmented/base_320/random_bg/arrowhead/r--arrowhead--VID_20250909_144129.481.jpg,arrowhead,rousettus,random,video,False,val,195.22573564109803
data/processed/rousettus/video/not_augmented/base_320/random_bg/arrowhead/r--arrowhead--VID_20250909_144129.482.jpg,arrowhead,rousettus,random,video,False,val,756.5562840438843
data/processed/rousettus/video/not_augmented/base_320/random_bg/arrowhead/r--arrowhead--VID_20250909_144129.483.jpg,arrowhead,rousettus,random,video,False,val,237.62833499670032
data/processed/rousettus/video/not_augmented/base_320/random_bg/arrowhead/r--arrowhead--VID_20250909_144129.484.jpg,arrowhead,rousettus,random,video,False,val,1671.1136150375366
data/processed/rousettus/video/not_augmented/base_320/random_bg/arrowhead/r--arrowhead--VID_20250909_144129.485.jpg,arrowhead,rousettus,random,video,False,val,961.1596185469627
data/processed/rousettus/video/not_augmented/base_320/random_bg/arrowhead/r--arrowhead--VID_20250909_144129.486.jpg,arrowhead,rousettus,random,video,False,val,669.1485181227685
data/processed/rousettus/video/not_augmented/base_320/random_bg/arrowhead/r--arrowhead--VID_20250909_144129.571.jpg,arrowhead,rousettus,random,video,False,val,333.79559721527096
data/processed/rousettus/video/not_augmented/base_320/random_bg/arrowhead/r--arrowhead--VID_20250909_144129.572.jpg,arrowhead,rousettus,random,video,False,val,1068.8325224661828
data/processed/rousettus/video/not_augmented/base_320/random_bg/arrowhead/r--arrowhead--VID_20250909_144129.573.jpg,arrowhead,rousettus,random,video,False,val,1107.8404806586266
data/processed/rousettus/video/not_augmented/base_320/random_bg/arrowhead/r--arrowhead--VID_20250909_144129.574.jpg,arrowhead,rousettus,random,video,False,val,1813.053333766842
data/processed/rousettus/video/not_augmented/base_320/random_bg/arrowhead/r--arrowhead--VID_20250909_144129.575.jpg,arrowhead,rousettus,random,video,False,val,1756.2447320548058
data/processed/rousettus/video/not_augmented/base_320/random_bg/arrowhead/r--arrowhead--VID_20250909_144129.90.jpg,arrowhead,rousettus,random,video,False,val,907.2902647047998
data/processed/rousettus/video/not_augmented/base_320/random_bg/arrowhead/r--arrowhead--VID_20250909_144129.94.jpg,arrowhead,rousettus,random,video,False,val,70.4417503317833
data/processed/rousettus/video/not_augmented/base_320/random_bg/arrowhead/r--arrowhead--VID_20250909_144129.95.jpg,arrowhead,rousettus,random,video,False,val,250.75546768484116
data/processed/rousettus/video/not_augmented/base_320/random_bg/arrowhead/r--arrowhead--VID_20250909_144129.96.jpg,arrowhead,rousettus,random,video,False,val,1454.2823054480552
data/processed/rousettus/video/not_augmented/base_320/random_bg/arrowhead/r--arrowhead--VID_20250909_144129.97.jpg,arrowhead,rousettus,random,video,False,val,196.98787028656005
data/processed/rousettus/video/not_augmented/base_320/random_bg/arrowhead/r--arrowhead--VID_20250909_144129.98.jpg,arrowhead,rousettus,random,video,False,val,68.65751653709412
data/processed/rousettus/video/not_augmented/base_320/random_bg/arrowhead/r--arrowhead--VID_20250909_144129.99.jpg,arrowhead,rousettus,random,video,False,val,1844.1390263656613
data/processed/rousettus/video/not_augmented/base_320/random_bg/charlie/r--charlie--VID_20250909_144224.207.jpg,charlie,rousettus,random,video,False,test,451.81289057006825
data/processed/rousettus/video/not_augmented/base_320/random_bg/charlie/r--charlie--VID_20250909_144224.208.jpg,charlie,rousettus,random,video,False,test,186.6449208435059
data/processed/rousettus/video/not_augmented/base_320/random_bg/charlie/r--charlie--VID_20250909_144224.209.jpg,charlie,rousettus,random,video,False,test,200.30767482757568
data/processed/rousettus/video/not_augmented/base_320/random_bg/charlie/r--charlie--VID_20250909_144224.344.jpg,charlie,rousettus,random,video,False,test,1220.9418352046966
data/processed/rousettus/video/not_augmented/base_320/random_bg/charlie/r--charlie--VID_20250909_144224.345.jpg,charlie,rousettus,random,video,False,test,811.1443553829191
data/processed/rousettus/video/not_augmented/base_320/random_bg/charlie/r--charlie--VID_20250909_144224.346.jpg,charlie,rousettus,random,video,False,test,2088.0201874503136
data/processed/rousettus/video/not_augmented/base_320/random_bg/charlie/r--charlie--VID_20250909_144224.347.jpg,charlie,rousettus,random,video,False,test,1804.6445525173183
data/processed/rousettus/video/not_augmented/base_320/random_bg/charlie/r--charlie--VID_20250909_144224.348.jpg,charlie,rousettus,random,video,False,test,750.0498115225791
data/processed/rousettus/video/not_augmented/base_320/random_bg/charlie/r--charlie--VID_20250909_144224.351.jpg,charlie,rousettus,random,video,False,test,233.77776345968243
data/processed/rousettus/video/not_augmented/base_320/random_bg/charlie/r--charlie--VID_20250909_144224.352.jpg,charlie,rousettus,random,video,False,test,225.8910760482788
data/processed/rousettus/video/not_augmented/base_320/random_bg/charlie/r--charlie--VID_20250909_144224.353.jpg,charlie,rousettus,random,video,False,test,196.55573120412825
data/processed/rousettus/video/not_augmented/base_320/random_bg/charlie/r--charlie--VID_20250909_144224.354.jpg,charlie,rousettus,random,video,False,test,270.19969271001816
data/processed/rousettus/video/not_augmented/base_320/random_bg/charlie/r--charlie--VID_20250909_144224.355.jpg,charlie,rousettus,random,video,False,test,131.47540985717774
data/processed/rousettus/video/not_augmented/base_320/random_bg/charlie/r--charlie--VID_20250909_144224.356.jpg,charlie,rousettus,random,video,False,test,1150.1622373867033
data/processed/rousettus/video/not_augmented/base_320/random_bg/charlie/r--charlie--VID_20250909_144224.357.jpg,charlie,rousettus,random,video,False,test,622.7460436606407
data/processed/rousettus/video/not_augmented/base_320/random_bg/charlie/r--charlie--VID_20250909_144224.358.jpg,charlie,rousettus,random,video,False,test,1361.8913975429534
data/processed/rousettus/video/not_augmented/base_320/random_bg/charlie/r--charlie--VID_20250909_144224.359.jpg,charlie,rousettus,random,video,False,test,576.4365421718597
data/processed/rousettus/video/not_augmented/base_320/random_bg/charlie/r--charlie--VID_20250909_144224.360.jpg,charlie,rousettus,random,video,False,test,4539.175761593247
data/processed/rousettus/video/not_augmented/base_320/random_bg/charlie/r--charlie--VID_20250909_144224.361.jpg,charlie,rousettus,random,video,False,test,451.60454098806383
data/processed/rousettus/video/not_augmented/base_320/random_bg/charlie/r--charlie--VID_20250909_144224.362.jpg,charlie,rousettus,random,video,False,test,339.75127293052674
data/processed/rousettus/video/not_augmented/base_320/random_bg/charlie/r--charlie--VID_20250909_144224.363.jpg,charlie,rousettus,random,video,False,test,864.6809049582481
data/processed/rousettus/video/not_augmented/base_320/random_bg/charlie/r--charlie--VID_20250909_144224.364.jpg,charlie,rousettus,random,video,False,test,169.2051236182213
data/processed/rousettus/video/not_augmented/base_320/random_bg/charlie/r--charlie--VID_20250909_144224.365.jpg,charlie,rousettus,random,video,False,test,1403.7454640875812
data/processed/rousettus/video/not_augmented/base_320/random_bg/charlie/r--charlie--VID_20250909_144224.366.jpg,charlie,rousettus,random,video,False,test,554.7501251631736
data/processed/rousettus/video/not_augmented/base_320/random_bg/charlie/r--charlie--VID_20250909_144224.367.jpg,charlie,rousettus,random,video,False,test,218.993535131836
data/processed/rousettus/video/not_augmented/base_320/random_bg/charlie/r--charlie--VID_20250909_144224.368.jpg,charlie,rousettus,random,video,False,test,4473.328527857876
data/processed/rousettus/video/not_augmented/base_320/random_bg/charlie/r--charlie--VID_20250909_144224.369.jpg,charlie,rousettus,random,video,False,test,820.9658095211031
data/processed/rousettus/video/not_augmented/base_320/random_bg/charlie/r--charlie--VID_20250909_144224.370.jpg,charlie,rousettus,random,video,False,test,1937.0654847678188
data/processed/rousettus/video/not_augmented/base_320/random_bg/charlie/r--charlie--VID_20250909_144224.371.jpg,charlie,rousettus,random,video,False,test,670.5558183589935
data/processed/rousettus/video/not_augmented/base_320/random_bg/charlie/r--charlie--VID_20250909_144224.372.jpg,charlie,rousettus,random,video,False,test,132.9162052611351
data/processed/rousettus/video/not_augmented/base_320/random_bg/charlie/r--charlie--VID_20250909_144224.374.jpg,charlie,rousettus,random,video,False,test,583.3415313605309
data/processed/rousettus/video/not_augmented/base_320/random_bg/charlie/r--charlie--VID_20250909_144224.375.jpg,charlie,rousettus,random,video,False,test,2030.747821531677
data/processed/rousettus/video/not_augmented/base_320/random_bg/charlie/r--charlie--VID_20250909_144224.376.jpg,charlie,rousettus,random,video,False,test,113.85635739431385
data/processed/rousettus/video/not_augmented/base_320/random_bg/charlie/r--charlie--VID_20250909_144224.377.jpg,charlie,rousettus,random,video,False,test,83.8546742743492
data/processed/rousettus/video/not_augmented/base_320/random_bg/charlie/r--charlie--VID_20250909_144224.378.jpg,charlie,rousettus,random,video,False,test,2888.281886053085
data/processed/rousettus/video/not_augmented/base_320/random_bg/charlie/r--charlie--VID_20250909_144224.379.jpg,charlie,rousettus,random,video,False,test,1270.9456972289086
data/processed/rousettus/video/not_augmented/base_320/random_bg/charlie/r--charlie--VID_20250909_144224.380.jpg,charlie,rousettus,random,video,False,test,194.4673974514008
data/processed/rousettus/video/not_augmented/base_320/random_bg/charlie/r--charlie--VID_20250909_144224.381.jpg,charlie,rousettus,random,video,False,test,81.76723611745834
data/processed/rousettus/video/not_augmented/base_320/random_bg/charlie/r--charlie--VID_20250909_144224.382.jpg,charlie,rousettus,random,video,False,test,91.44381582632064
data/processed/rousettus/video/not_augmented/base_320/random_bg/charlie/r--charlie--VID_20250909_144224.383.jpg,charlie,rousettus,random,video,False,test,240.3589848288536
data/processed/rousettus/video/not_augmented/base_320/random_bg/charlie/r--charlie--VID_20250909_144224.384.jpg,charlie,rousettus,random,video,False,test,2955.566779954433
data/processed/rousettus/video/not_augmented/base_320/random_bg/charlie/r--charlie--VID_20250909_144224.385.jpg,charlie,rousettus,random,video,False,test,1526.6210447035787
data/processed/rousettus/video/not_augmented/base_320/random_bg/charlie/r--charlie--VID_20250909_144224.386.jpg,charlie,rousettus,random,video,False,test,250.86904872655865
data/processed/rousettus/video/not_augmented/base_320/random_bg/charlie/r--charlie--VID_20250909_144224.387.jpg,charlie,rousettus,random,video,False,test,79.56444588079452
data/processed/rousettus/video/not_augmented/base_320/random_bg/charlie/r--charlie--VID_20250909_144224.388.jpg,charlie,rousettus,random,video,False,test,779.3799800685882
data/processed/rousettus/video/not_augmented/base_320/random_bg/charlie/r--charlie--VID_20250909_144224.389.jpg,charlie,rousettus,random,video,False,test,222.41895372381208
data/processed/rousettus/video/not_augmented/base_320/random_bg/charlie/r--charlie--VID_20250909_144224.50.jpg,charlie,rousettus,random,video,False,test,1865.4945092773432
data/processed/rousettus/video/not_augmented/base_320/random_bg/charlie/r--charlie--VID_20250909_144224.51.jpg,charlie,rousettus,random,video,False,test,608.5520889278412
data/processed/rousettus/video/not_augmented/base_320/random_bg/charlie/r--charlie--VID_20250909_144224.52.jpg,charlie,rousettus,random,video,False,test,298.049841772461
data/processed/rousettus/video/not_augmented/base_320/random_bg/charlie/r--charlie--VID_20250909_144224.54.jpg,charlie,rousettus,random,video,False,test,317.99698220968247
data/processed/rousettus/video/not_augmented/base_320/random_bg/charlie/r--charlie--VID_20250909_144224.55.jpg,charlie,rousettus,random,video,False,test,5335.319668699646
data/processed/rousettus/video/not_augmented/base_320/random_bg/charlie/r--charlie--VID_20250909_144224.59.jpg,charlie,rousettus,random,video,False,test,1040.776749144649
data/processed/rousettus/video/not_augmented/base_320/random_bg/charlie/r--charlie--VID_20250909_144224.60.jpg,charlie,rousettus,random,video,False,test,474.2825125540733
data/processed/rousettus/video/not_augmented/base_320/random_bg/charlie/r--charlie--VID_20250909_144224.61.jpg,charlie,rousettus,random,video,False,test,558.9862107997893
data/processed/rousettus/video/not_augmented/base_320/random_bg/charlie/r--charlie--VID_20250909_144224.62.jpg,charlie,rousettus,random,video,False,test,154.43584851980208
data/processed/rousettus/video/not_augmented/base_320/random_bg/charlie/r--charlie--VID_20250909_144224.63.jpg,charlie,rousettus,random,video,False,test,395.8793265834808
data/processed/rousettus/video/not_augmented/base_320/random_bg/charlie/r--charlie--VID_20250909_144224.64.jpg,charlie,rousettus,random,video,False,test,950.5219671005252
data/processed/rousettus/video/not_augmented/base_320/random_bg/charlie/r--charlie--VID_20250909_144224.65.jpg,charlie,rousettus,random,video,False,test,715.2068750473023
data/processed/rousettus/video/not_augmented/base_320/random_bg/charlie/r--charlie--VID_20250909_144224.66.jpg,charlie,rousettus,random,video,False,test,265.34385379552845
data/processed/rousettus/video/not_augmented/base_320/random_bg/charlie/r--charlie--VID_20250909_144224.67.jpg,charlie,rousettus,random,video,False,test,2428.9374964865683
data/processed/rousettus/video/not_augmented/base_320/random_bg/charlie/r--charlie--VID_20250909_144224.68.jpg,charlie,rousettus,random,video,False,test,198.18877900838848
data/processed/rousettus/video/not_augmented/base_320/random_bg/charlie/r--charlie--VID_20250909_144224.69.jpg,charlie,rousettus,random,video,False,test,1035.0211787048338
data/processed/rousettus/video/not_augmented/base_320/random_bg/charlie/r--charlie--VID_20250909_144224.70.jpg,charlie,rousettus,random,video,False,test,222.85489178838728
data/processed/rousettus/video/not_augmented/base_320/random_bg/charlie/r--charlie--VID_20250909_144224.71.jpg,charlie,rousettus,random,video,False,test,315.25756814718244
data/processed/rousettus/video/not_augmented/base_320/random_bg/charlie/r--charlie--VID_20250909_144224.72.jpg,charlie,rousettus,random,video,False,test,1048.8418219589234
data/processed/rousettus/video/not_augmented/base_320/random_bg/charlie/r--charlie--VID_20250909_144224.73.jpg,charlie,rousettus,random,video,False,test,284.0181433371544
data/processed/rousettus/video/not_augmented/base_320/random_bg/charlie/r--charlie--VID_20250909_144224.74.jpg,charlie,rousettus,random,video,False,test,189.20698943138123
data/processed/rousettus/video/not_augmented/base_320/random_bg/charlie/r--charlie--VID_20250909_144224.75.jpg,charlie,rousettus,random,video,False,test,2197.6892691870685
data/processed/rousettus/video/not_augmented/base_320/random_bg/charlie/r--charlie--VID_20250909_144224.76.jpg,charlie,rousettus,random,video,False,test,1546.396832458115
data/processed/rousettus/video/not_augmented/base_320/random_bg/charlie/r--charlie--VID_20250909_144224.77.jpg,charlie,rousettus,random,video,False,test,312.0825126051903
data/processed/rousettus/video/not_augmented/base_320/random_bg/charlie/r--charlie--VID_20250909_144224.78.jpg,charlie,rousettus,random,video,False,test,180.79552080450057
data/processed/rousettus/video/not_augmented/base_320/random_bg/charlie/r--charlie--VID_20250909_144224.79.jpg,charlie,rousettus,random,video,False,test,523.8709282103539
data/processed/rousettus/video/not_augmented/base_320/random_bg/gini/r--gini--VID_20250909_144437.198.jpg,gini,rousettus,random,video,False,train,380.6466870093346
data/processed/rousettus/video/not_augmented/base_320/random_bg/gini/r--gini--VID_20250909_144437.199.jpg,gini,rousettus,random,video,False,train,1092.6170865889549
data/processed/rousettus/video/not_augmented/base_320/random_bg/gini/r--gini--VID_20250909_144437.200.jpg,gini,rousettus,random,video,False,train,2832.858943656825
data/processed/rousettus/video/not_augmented/base_320/random_bg/gini/r--gini--VID_20250909_144437.201.jpg,gini,rousettus,random,video,False,train,154.50126578941345
data/processed/rousettus/video/not_augmented/base_320/random_bg/gini/r--gini--VID_20250909_144437.202.jpg,gini,rousettus,random,video,False,train,4271.682675740719
data/processed/rousettus/video/not_augmented/base_320/random_bg/gini/r--gini--VID_20250909_144437.203.jpg,gini,rousettus,random,video,False,train,1155.1285835944177
data/processed/rousettus/video/not_augmented/base_320/random_bg/gini/r--gini--VID_20250909_144437.204.jpg,gini,rousettus,random,video,False,train,1056.1399306593894
data/processed/rousettus/video/not_augmented/base_320/random_bg/gini/r--gini--VID_20250909_144437.205.jpg,gini,rousettus,random,video,False,train,1194.05324286499
data/processed/rousettus/video/not_augmented/base_320/random_bg/gini/r--gini--VID_20250909_144437.206.jpg,gini,rousettus,random,video,False,train,6336.3978811644565
data/processed/rousettus/video/not_augmented/base_320/random_bg/gini/r--gini--VID_20250909_144437.207.jpg,gini,rousettus,random,video,False,train,350.01208349571226
data/processed/rousettus/video/not_augmented/base_320/random_bg/gini/r--gini--VID_20250909_144437.208.jpg,gini,rousettus,random,video,False,train,2008.9421830176357
data/processed/rousettus/video/not_augmented/base_320/random_bg/gini/r--gini--VID_20250909_144437.209.jpg,gini,rousettus,random,video,False,train,441.8088276363373
data/processed/rousettus/video/not_augmented/base_320/random_bg/gini/r--gini--VID_20250909_144437.210.jpg,gini,rousettus,random,video,False,train,237.09278259038925
data/processed/rousettus/video/not_augmented/base_320/random_bg/gini/r--gini--VID_20250909_144437.211.jpg,gini,rousettus,random,video,False,train,3789.2430125304218
data/processed/rousettus/video/not_augmented/base_320/random_bg/gini/r--gini--VID_20250909_144437.212.jpg,gini,rousettus,random,video,False,train,583.6903512634277
data/processed/rousettus/video/not_augmented/base_320/random_bg/gini/r--gini--VID_20250909_144437.213.jpg,gini,rousettus,random,video,False,train,979.917318405056
data/processed/rousettus/video/not_augmented/base_320/random_bg/gini/r--gini--VID_20250909_144437.214.jpg,gini,rousettus,random,video,False,train,600.5686862921715
data/processed/rousettus/video/not_augmented/base_320/random_bg/gini/r--gini--VID_20250909_144437.215.jpg,gini,rousettus,random,video,False,train,535.652285717392
data/processed/rousettus/video/not_augmented/base_320/random_bg/gini/r--gini--VID_20250909_144437.216.jpg,gini,rousettus,random,video,False,train,544.4400530241966
data/processed/rousettus/video/not_augmented/base_320/random_bg/gini/r--gini--VID_20250909_144437.217.jpg,gini,rousettus,random,video,False,train,103.28341785850526
data/processed/rousettus/video/not_augmented/base_320/random_bg/gini/r--gini--VID_20250909_144437.218.jpg,gini,rousettus,random,video,False,train,584.0314443202973
data/processed/rousettus/video/not_augmented/base_320/random_bg/gini/r--gini--VID_20250909_144437.219.jpg,gini,rousettus,random,video,False,train,4417.9142677001
data/processed/rousettus/video/not_augmented/base_320/random_bg/gini/r--gini--VID_20250909_144437.220.jpg,gini,rousettus,random,video,False,train,611.7761020255089
data/processed/rousettus/video/not_augmented/base_320/random_bg/gini/r--gini--VID_20250909_144437.221.jpg,gini,rousettus,random,video,False,train,276.2671277938844
data/processed/rousettus/video/not_augmented/base_320/random_bg/gini/r--gini--VID_20250909_144437.222.jpg,gini,rousettus,random,video,False,train,646.7331155394554
data/processed/rousettus/video/not_augmented/base_320/random_bg/gini/r--gini--VID_20250909_144437.223.jpg,gini,rousettus,random,video,False,train,2717.5140674404147
data/processed/rousettus/video/not_augmented/base_320/random_bg/gini/r--gini--VID_20250909_144437.224.jpg,gini,rousettus,random,video,False,train,179.7000679923057
data/processed/rousettus/video/not_augmented/base_320/random_bg/gini/r--gini--VID_20250909_144437.225.jpg,gini,rousettus,random,video,False,train,2066.944762737656
data/processed/rousettus/video/not_augmented/base_320/random_bg/gini/r--gini--VID_20250909_144437.226.jpg,gini,rousettus,random,video,False,train,940.9615755057334
data/processed/rousettus/video/not_augmented/base_320/random_bg/gini/r--gini--VID_20250909_144437.227.jpg,gini,rousettus,random,video,False,train,708.6042358398438
data/processed/rousettus/video/not_augmented/base_320/random_bg/gini/r--gini--VID_20250909_144437.228.jpg,gini,rousettus,random,video,False,train,937.2870085922244
data/processed/rousettus/video/not_augmented/base_320/random_bg/gini/r--gini--VID_20250909_144437.229.jpg,gini,rousettus,random,video,False,train,1161.9821196762086
data/processed/rousettus/video/not_augmented/base_320/random_bg/gini/r--gini--VID_20250909_144437.230.jpg,gini,rousettus,random,video,False,train,341.6379332637787
data/processed/rousettus/video/not_augmented/base_320/random_bg/gini/r--gini--VID_20250909_144437.231.jpg,gini,rousettus,random,video,False,train,907.1036906981468
data/processed/rousettus/video/not_augmented/base_320/random_bg/gini/r--gini--VID_20250909_144437.232.jpg,gini,rousettus,random,video,False,train,3848.251305379868
data/processed/rousettus/video/not_augmented/base_320/random_bg/gini/r--gini--VID_20250909_144437.233.jpg,gini,rousettus,random,video,False,train,334.58207286596297
data/processed/rousettus/video/not_augmented/base_320/random_bg/gini/r--gini--VID_20250909_144437.234.jpg,gini,rousettus,random,video,False,train,212.9419109725952
data/processed/rousettus/video/not_augmented/base_320/random_bg/gini/r--gini--VID_20250909_144437.235.jpg,gini,rousettus,random,video,False,train,161.0853193640709
data/processed/rousettus/video/not_augmented/base_320/random_bg/gini/r--gini--VID_20250909_144437.236.jpg,gini,rousettus,random,video,False,train,600.6074218200683
data/processed/rousettus/video/not_augmented/base_320/random_bg/gini/r--gini--VID_20250909_144437.237.jpg,gini,rousettus,random,video,False,train,1010.5586431426048
data/processed/rousettus/video/not_augmented/base_320/random_bg/gini/r--gini--VID_20250909_144437.238.jpg,gini,rousettus,random,video,False,train,909.150400634384
data/processed/rousettus/video/not_augmented/base_320/random_bg/gini/r--gini--VID_20250909_144437.239.jpg,gini,rousettus,random,video,False,train,328.55167797002787
data/processed/rousettus/video/not_augmented/base_320/random_bg/gini/r--gini--VID_20250909_144437.240.jpg,gini,rousettus,random,video,False,train,287.66678704977033
data/processed/rousettus/video/not_augmented/base_320/random_bg/gini/r--gini--VID_20250909_144437.241.jpg,gini,rousettus,random,video,False,train,327.7272655700683
data/processed/rousettus/video/not_augmented/base_320/random_bg/gini/r--gini--VID_20250909_144437.242.jpg,gini,rousettus,random,video,False,train,4302.276562010193
data/processed/rousettus/video/not_augmented/base_320/random_bg/gini/r--gini--VID_20250909_144437.243.jpg,gini,rousettus,random,video,False,train,398.2792536891937
data/processed/rousettus/video/not_augmented/base_320/random_bg/gini/r--gini--VID_20250909_144437.244.jpg,gini,rousettus,random,video,False,train,398.4458564315796
data/processed/rousettus/video/not_augmented/base_320/random_bg/gini/r--gini--VID_20250909_144437.245.jpg,gini,rousettus,random,video,False,train,419.557302236557
data/processed/rousettus/video/not_augmented/base_320/random_bg/gini/r--gini--VID_20250909_144437.246.jpg,gini,rousettus,random,video,False,train,602.2923790554047
data/processed/rousettus/video/not_augmented/base_320/random_bg/gini/r--gini--VID_20250909_144437.247.jpg,gini,rousettus,random,video,False,train,285.7165860724449
data/processed/rousettus/video/not_augmented/base_320/random_bg/gini/r--gini--VID_20250909_144437.248.jpg,gini,rousettus,random,video,False,train,996.780909908676
data/processed/rousettus/video/not_augmented/base_320/random_bg/gini/r--gini--VID_20250909_144437.249.jpg,gini,rousettus,random,video,False,train,1036.9543009734157
data/processed/rousettus/video/not_augmented/base_320/random_bg/gini/r--gini--VID_20250909_144437.250.jpg,gini,rousettus,random,video,False,train,1704.45860918417
data/processed/rousettus/video/not_augmented/base_320/random_bg/gini/r--gini--VID_20250909_144437.42.jpg,gini,rousettus,random,video,False,train,311.880382430172
data/processed/rousettus/video/not_augmented/base_320/random_bg/gini/r--gini--VID_20250909_144437.44.jpg,gini,rousettus,random,video,False,train,329.25328591527943
data/processed/rousettus/video/not_augmented/base_320/random_bg/gini/r--gini--VID_20250909_144437.45.jpg,gini,rousettus,random,video,False,train,1068.2603419760703
data/processed/rousettus/video/not_augmented/base_320/random_bg/gini/r--gini--VID_20250909_144437.46.jpg,gini,rousettus,random,video,False,train,1094.0585618849752
data/processed/rousettus/video/not_augmented/base_320/random_bg/gini/r--gini--VID_20250909_144437.47.jpg,gini,rousettus,random,video,False,train,714.0633157802582
data/processed/rousettus/video/not_augmented/base_320/random_bg/gini/r--gini--VID_20250909_144437.48.jpg,gini,rousettus,random,video,False,train,1039.1088189238546
data/processed/rousettus/video/not_augmented/base_320/random_bg/gini/r--gini--VID_20250909_144437.76.jpg,gini,rousettus,random,video,False,train,289.85617858495715
data/processed/rousettus/video/not_augmented/base_320/random_bg/gini/r--gini--VID_20250909_144437.77.jpg,gini,rousettus,random,video,False,train,817.490387256527
data/processed/rousettus/video/not_augmented/base_320/random_bg/gini/r--gini--VID_20250909_144437.78.jpg,gini,rousettus,random,video,False,train,273.04074900474546
data/processed/rousettus/video/not_augmented/base_320/random_bg/gini/r--gini--VID_20250909_144437.79.jpg,gini,rousettus,random,video,False,train,660.443641204834
data/processed/rousettus/video/not_augmented/base_320/random_bg/gini/r--gini--VID_20250909_144437.80.jpg,gini,rousettus,random,video,False,train,534.8824716872215
data/processed/rousettus/video/not_augmented/base_320/random_bg/gini/r--gini--VID_20250909_144437.81.jpg,gini,rousettus,random,video,False,train,522.1840232997895
data/processed/rousettus/video/not_augmented/base_320/random_bg/gini/r--gini--VID_20250909_144437.82.jpg,gini,rousettus,random,video,False,train,324.75411416769026
data/processed/rousettus/video/not_augmented/base_320/random_bg/gini/r--gini--VID_20250909_144437.83.jpg,gini,rousettus,random,video,False,train,1154.2755830017088
data/processed/rousettus/video/not_augmented/base_320/random_bg/gini/r--gini--VID_20250909_144437.84.jpg,gini,rousettus,random,video,False,train,311.03767848730087
data/processed/rousettus/video/not_augmented/base_320/random_bg/gini/r--gini--VID_20250909_144437.85.jpg,gini,rousettus,random,video,False,train,101.00869137535098
data/processed/rousettus/video/not_augmented/base_320/random_bg/gini/r--gini--VID_20250909_144437.86.jpg,gini,rousettus,random,video,False,train,4203.590286363221
data/processed/rousettus/video/not_augmented/base_320/random_bg/gini/r--gini--VID_20250909_144437.87.jpg,gini,rousettus,random,video,False,train,840.2703308773041
data/processed/rousettus/video/not_augmented/base_320/random_bg/gini/r--gini--VID_20250909_144437.88.jpg,gini,rousettus,random,video,False,train,484.5301583114624
data/processed/rousettus/video/not_augmented/base_320/random_bg/gini/r--gini--VID_20250909_144437.89.jpg,gini,rousettus,random,video,False,train,104.40340977392196
data/processed/rousettus/video/not_augmented/base_320/random_bg/gini/r--gini--VID_20250909_144437.90.jpg,gini,rousettus,random,video,False,train,1910.4629611815456
data/processed/rousettus/video/not_augmented/base_320/random_bg/gini/r--gini--VID_20250909_144437.91.jpg,gini,rousettus,random,video,False,train,948.3280336853028
data/processed/rousettus/video/not_augmented/base_320/random_bg/gini/r--gini--VID_20250909_144437.92.jpg,gini,rousettus,random,video,False,train,83.16792960166931
data/processed/rousettus/video/not_augmented/base_320/random_bg/het/r--het--VID_20250909_144055.13.jpg,het,rousettus,random,video,False,train,4188.586612177944
data/processed/rousettus/video/not_augmented/base_320/random_bg/het/r--het--VID_20250909_144055.14.jpg,het,rousettus,random,video,False,train,69.20743932952881
data/processed/rousettus/video/not_augmented/base_320/random_bg/het/r--het--VID_20250909_144055.15.jpg,het,rousettus,random,video,False,train,536.8969825552939
data/processed/rousettus/video/not_augmented/base_320/random_bg/het/r--het--VID_20250909_144055.16.jpg,het,rousettus,random,video,False,train,954.9403220587732
data/processed/rousettus/video/not_augmented/base_320/random_bg/het/r--het--VID_20250909_144055.17.jpg,het,rousettus,random,video,False,train,263.0460775619507
data/processed/rousettus/video/not_augmented/base_320/random_bg/het/r--het--VID_20250909_144055.18.jpg,het,rousettus,random,video,False,train,1451.2952139736174
data/processed/rousettus/video/not_augmented/base_320/random_bg/het/r--het--VID_20250909_144055.19.jpg,het,rousettus,random,video,False,train,504.57382794036863
data/processed/rousettus/video/not_augmented/base_320/random_bg/het/r--het--VID_20250909_144055.20.jpg,het,rousettus,random,video,False,train,878.658019676113
data/processed/rousettus/video/not_augmented/base_320/random_bg/het/r--het--VID_20250909_144055.21.jpg,het,rousettus,random,video,False,train,137.00061158666608
data/processed/rousettus/video/not_augmented/base_320/random_bg/het/r--het--VID_20250909_144055.22.jpg,het,rousettus,random,video,False,train,510.7490713309287
data/processed/rousettus/video/not_augmented/base_320/random_bg/het/r--het--VID_20250909_144055.23.jpg,het,rousettus,random,video,False,train,514.9788997488976
data/processed/rousettus/video/not_augmented/base_320/random_bg/het/r--het--VID_20250909_144055.24.jpg,het,rousettus,random,video,False,train,620.2391059027673
data/processed/rousettus/video/not_augmented/base_320/random_bg/het/r--het--VID_20250909_144055.25.jpg,het,rousettus,random,video,False,train,69.98956913414003
data/processed/rousettus/video/not_augmented/base_320/random_bg/het/r--het--VID_20250909_144055.26.jpg,het,rousettus,random,video,False,train,92.4800650862694
data/processed/rousettus/video/not_augmented/base_320/random_bg/het/r--het--VID_20250909_144055.27.jpg,het,rousettus,random,video,False,train,207.8189050197601
data/processed/rousettus/video/not_augmented/base_320/random_bg/het/r--het--VID_20250909_144055.28.jpg,het,rousettus,random,video,False,train,4681.589014279842
data/processed/rousettus/video/not_augmented/base_320/random_bg/het/r--het--VID_20250909_144055.30.jpg,het,rousettus,random,video,False,train,1038.00435186615
data/processed/rousettus/video/not_augmented/base_320/random_bg/het/r--het--VID_20250909_144055.31.jpg,het,rousettus,random,video,False,train,1682.211917100525
data/processed/rousettus/video/not_augmented/base_320/random_bg/het/r--het--VID_20250909_144055.32.jpg,het,rousettus,random,video,False,train,653.2343023947716
data/processed/rousettus/video/not_augmented/base_320/random_bg/het/r--het--VID_20250909_144055.33.jpg,het,rousettus,random,video,False,train,268.4257714835167
data/processed/rousettus/video/not_augmented/base_320/random_bg/het/r--het--VID_20250909_144055.333.jpg,het,rousettus,random,video,False,train,543.2636521755219
data/processed/rousettus/video/not_augmented/base_320/random_bg/het/r--het--VID_20250909_144055.334.jpg,het,rousettus,random,video,False,train,189.4350092001915
data/processed/rousettus/video/not_augmented/base_320/random_bg/het/r--het--VID_20250909_144055.335.jpg,het,rousettus,random,video,False,train,903.8557276190758
data/processed/rousettus/video/not_augmented/base_320/random_bg/het/r--het--VID_20250909_144055.336.jpg,het,rousettus,random,video,False,train,1019.3842418364528
data/processed/rousettus/video/not_augmented/base_320/random_bg/het/r--het--VID_20250909_144055.337.jpg,het,rousettus,random,video,False,train,175.58863178100586
data/processed/rousettus/video/not_augmented/base_320/random_bg/het/r--het--VID_20250909_144055.338.jpg,het,rousettus,random,video,False,train,67.2106345175743
data/processed/rousettus/video/not_augmented/base_320/random_bg/het/r--het--VID_20250909_144055.339.jpg,het,rousettus,random,video,False,train,419.046464768982
data/processed/rousettus/video/not_augmented/base_320/random_bg/het/r--het--VID_20250909_144055.34.jpg,het,rousettus,random,video,False,train,222.16342662801745
data/processed/rousettus/video/not_augmented/base_320/random_bg/het/r--het--VID_20250909_144055.340.jpg,het,rousettus,random,video,False,train,735.4067171859741
data/processed/rousettus/video/not_augmented/base_320/random_bg/het/r--het--VID_20250909_144055.341.jpg,het,rousettus,random,video,False,train,157.24015971527098
data/processed/rousettus/video/not_augmented/base_320/random_bg/het/r--het--VID_20250909_144055.342.jpg,het,rousettus,random,video,False,train,149.48724627599714
data/processed/rousettus/video/not_augmented/base_320/random_bg/het/r--het--VID_20250909_144055.343.jpg,het,rousettus,random,video,False,train,840.7991191138267
data/processed/rousettus/video/not_augmented/base_320/random_bg/het/r--het--VID_20250909_144055.344.jpg,het,rousettus,random,video,False,train,1696.1590087424277
data/processed/rousettus/video/not_augmented/base_320/random_bg/het/r--het--VID_20250909_144055.345.jpg,het,rousettus,random,video,False,train,65.00674800481796
data/processed/rousettus/video/not_augmented/base_320/random_bg/het/r--het--VID_20250909_144055.346.jpg,het,rousettus,random,video,False,train,690.546809005356
data/processed/rousettus/video/not_augmented/base_320/random_bg/het/r--het--VID_20250909_144055.347.jpg,het,rousettus,random,video,False,train,73.9353904724121
data/processed/rousettus/video/not_augmented/base_320/random_bg/het/r--het--VID_20250909_144055.348.jpg,het,rousettus,random,video,False,train,547.4524595809937
data/processed/rousettus/video/not_augmented/base_320/random_bg/het/r--het--VID_20250909_144055.349.jpg,het,rousettus,random,video,False,train,468.5579827116966
data/processed/rousettus/video/not_augmented/base_320/random_bg/het/r--het--VID_20250909_144055.35.jpg,het,rousettus,random,video,False,train,835.5925260519981
data/processed/rousettus/video/not_augmented/base_320/random_bg/het/r--het--VID_20250909_144055.350.jpg,het,rousettus,random,video,False,train,701.4931076346397
data/processed/rousettus/video/not_augmented/base_320/random_bg/het/r--het--VID_20250909_144055.351.jpg,het,rousettus,random,video,False,train,112.39216392173766
data/processed/rousettus/video/not_augmented/base_320/random_bg/het/r--het--VID_20250909_144055.352.jpg,het,rousettus,random,video,False,train,1773.4727560043334
data/processed/rousettus/video/not_augmented/base_320/random_bg/het/r--het--VID_20250909_144055.353.jpg,het,rousettus,random,video,False,train,534.7771121954918
data/processed/rousettus/video/not_augmented/base_320/random_bg/het/r--het--VID_20250909_144055.354.jpg,het,rousettus,random,video,False,train,3091.4741221159934
data/processed/rousettus/video/not_augmented/base_320/random_bg/het/r--het--VID_20250909_144055.355.jpg,het,rousettus,random,video,False,train,205.89533981084824
data/processed/rousettus/video/not_augmented/base_320/random_bg/het/r--het--VID_20250909_144055.356.jpg,het,rousettus,random,video,False,train,218.77090354528423
data/processed/rousettus/video/not_augmented/base_320/random_bg/het/r--het--VID_20250909_144055.357.jpg,het,rousettus,random,video,False,train,3990.5930453964233
data/processed/rousettus/video/not_augmented/base_320/random_bg/het/r--het--VID_20250909_144055.358.jpg,het,rousettus,random,video,False,train,2511.847998046875
data/processed/rousettus/video/not_augmented/base_320/random_bg/het/r--het--VID_20250909_144055.359.jpg,het,rousettus,random,video,False,train,915.9669934424398
data/processed/rousettus/video/not_augmented/base_320/random_bg/het/r--het--VID_20250909_144055.36.jpg,het,rousettus,random,video,False,train,306.2772551132202
data/processed/rousettus/video/not_augmented/base_320/random_bg/het/r--het--VID_20250909_144055.360.jpg,het,rousettus,random,video,False,train,547.0790623764038
data/processed/rousettus/video/not_augmented/base_320/random_bg/het/r--het--VID_20250909_144055.363.jpg,het,rousettus,random,video,False,train,1051.07340066185
data/processed/rousettus/video/not_augmented/base_320/random_bg/het/r--het--VID_20250909_144055.364.jpg,het,rousettus,random,video,False,train,961.1664047836302
data/processed/rousettus/video/not_augmented/base_320/random_bg/het/r--het--VID_20250909_144055.37.jpg,het,rousettus,random,video,False,train,1416.3434322714809
data/processed/rousettus/video/not_augmented/base_320/random_bg/het/r--het--VID_20250909_144055.38.jpg,het,rousettus,random,video,False,train,225.45326091156005
data/processed/rousettus/video/not_augmented/base_320/random_bg/het/r--het--VID_20250909_144055.39.jpg,het,rousettus,random,video,False,train,1671.7581605831144
data/processed/rousettus/video/not_augmented/base_320/random_bg/het/r--het--VID_20250909_144055.40.jpg,het,rousettus,random,video,False,train,412.94631822881695
data/processed/rousettus/video/not_augmented/base_320/random_bg/het/r--het--VID_20250909_144055.42.jpg,het,rousettus,random,video,False,train,205.70196289052964
data/processed/rousettus/video/not_augmented/base_320/random_bg/het/r--het--VID_20250909_144055.43.jpg,het,rousettus,random,video,False,train,457.7783536520958
data/processed/rousettus/video/not_augmented/base_320/random_bg/het/r--het--VID_20250909_144055.45.jpg,het,rousettus,random,video,False,train,208.73725585851665
data/processed/rousettus/video/not_augmented/base_320/random_bg/het/r--het--VID_20250909_144055.47.jpg,het,rousettus,random,video,False,train,188.5658788925171
data/processed/rousettus/video/not_augmented/base_320/random_bg/het/r--het--VID_20250909_144055.51.jpg,het,rousettus,random,video,False,train,1252.9468090053558
data/processed/rousettus/video/not_augmented/base_320/random_bg/itamar/r--itamar--VID_20250909_144529.14.jpg,itamar,rousettus,random,video,False,val,609.5584348083496
data/processed/rousettus/video/not_augmented/base_320/random_bg/itamar/r--itamar--VID_20250909_144529.147.jpg,itamar,rousettus,random,video,False,val,632.9711261534691
data/processed/rousettus/video/not_augmented/base_320/random_bg/itamar/r--itamar--VID_20250909_144529.148.jpg,itamar,rousettus,random,video,False,val,120.36792950353625
data/processed/rousettus/video/not_augmented/base_320/random_bg/itamar/r--itamar--VID_20250909_144529.15.jpg,itamar,rousettus,random,video,False,val,1624.7613256835937
data/processed/rousettus/video/not_augmented/base_320/random_bg/itamar/r--itamar--VID_20250909_144529.150.jpg,itamar,rousettus,random,video,False,val,830.638664207363
data/processed/rousettus/video/not_augmented/base_320/random_bg/itamar/r--itamar--VID_20250909_144529.151.jpg,itamar,rousettus,random,video,False,val,163.41604814109803
data/processed/rousettus/video/not_augmented/base_320/random_bg/itamar/r--itamar--VID_20250909_144529.152.jpg,itamar,rousettus,random,video,False,val,184.71700876464843
data/processed/rousettus/video/not_augmented/base_320/random_bg/itamar/r--itamar--VID_20250909_144529.153.jpg,itamar,rousettus,random,video,False,val,198.31579518089293
data/processed/rousettus/video/not_augmented/base_320/random_bg/itamar/r--itamar--VID_20250909_144529.16.jpg,itamar,rousettus,random,video,False,val,155.2580346373558
data/processed/rousettus/video/not_augmented/base_320/random_bg/itamar/r--itamar--VID_20250909_144529.160.jpg,itamar,rousettus,random,video,False,val,1178.2201199935914
data/processed/rousettus/video/not_augmented/base_320/random_bg/itamar/r--itamar--VID_20250909_144529.161.jpg,itamar,rousettus,random,video,False,val,435.4414016052245
data/processed/rousettus/video/not_augmented/base_320/random_bg/itamar/r--itamar--VID_20250909_144529.162.jpg,itamar,rousettus,random,video,False,val,704.5658775329589
data/processed/rousettus/video/not_augmented/base_320/random_bg/itamar/r--itamar--VID_20250909_144529.163.jpg,itamar,rousettus,random,video,False,val,465.3341049643517
data/processed/rousettus/video/not_augmented/base_320/random_bg/itamar/r--itamar--VID_20250909_144529.164.jpg,itamar,rousettus,random,video,False,val,1354.9235160292624
data/processed/rousettus/video/not_augmented/base_320/random_bg/itamar/r--itamar--VID_20250909_144529.165.jpg,itamar,rousettus,random,video,False,val,308.6138181137085
data/processed/rousettus/video/not_augmented/base_320/random_bg/itamar/r--itamar--VID_20250909_144529.166.jpg,itamar,rousettus,random,video,False,val,499.6175943569183
data/processed/rousettus/video/not_augmented/base_320/random_bg/itamar/r--itamar--VID_20250909_144529.17.jpg,itamar,rousettus,random,video,False,val,473.5447162360192
data/processed/rousettus/video/not_augmented/base_320/random_bg/itamar/r--itamar--VID_20250909_144529.18.jpg,itamar,rousettus,random,video,False,val,286.648209270382
data/processed/rousettus/video/not_augmented/base_320/random_bg/itamar/r--itamar--VID_20250909_144529.19.jpg,itamar,rousettus,random,video,False,val,2061.701985661983
data/processed/rousettus/video/not_augmented/base_320/random_bg/itamar/r--itamar--VID_20250909_144529.20.jpg,itamar,rousettus,random,video,False,val,600.3329268340111
data/processed/rousettus/video/not_augmented/base_320/random_bg/itamar/r--itamar--VID_20250909_144529.21.jpg,itamar,rousettus,random,video,False,val,719.3190058707238
data/processed/rousettus/video/not_augmented/base_320/random_bg/itamar/r--itamar--VID_20250909_144529.22.jpg,itamar,rousettus,random,video,False,val,333.3640538024902
data/processed/rousettus/video/not_augmented/base_320/random_bg/itamar/r--itamar--VID_20250909_144529.23.jpg,itamar,rousettus,random,video,False,val,278.70830261077884
data/processed/rousettus/video/not_augmented/base_320/random_bg/itamar/r--itamar--VID_20250909_144529.24.jpg,itamar,rousettus,random,video,False,val,536.7126756576538
data/processed/rousettus/video/not_augmented/base_320/random_bg/itamar/r--itamar--VID_20250909_144529.25.jpg,itamar,rousettus,random,video,False,val,300.2606879767418
data/processed/rousettus/video/not_augmented/base_320/random_bg/itamar/r--itamar--VID_20250909_144529.26.jpg,itamar,rousettus,random,video,False,val,960.5775823760032
data/processed/rousettus/video/not_augmented/base_320/random_bg/itamar/r--itamar--VID_20250909_144529.27.jpg,itamar,rousettus,random,video,False,val,131.571611197567
data/processed/rousettus/video/not_augmented/base_320/random_bg/itamar/r--itamar--VID_20250909_144529.28.jpg,itamar,rousettus,random,video,False,val,2020.83528598547
data/processed/rousettus/video/not_augmented/base_320/random_bg/itamar/r--itamar--VID_20250909_144529.29.jpg,itamar,rousettus,random,video,False,val,100.83892550315858
data/processed/rousettus/video/not_augmented/base_320/random_bg/itamar/r--itamar--VID_20250909_144529.291.jpg,itamar,rousettus,random,video,False,val,335.5673436752319
data/processed/rousettus/video/not_augmented/base_320/random_bg/itamar/r--itamar--VID_20250909_144529.30.jpg,itamar,rousettus,random,video,False,val,178.60667648992538
data/processed/rousettus/video/not_augmented/base_320/random_bg/itamar/r--itamar--VID_20250909_144529.302.jpg,itamar,rousettus,random,video,False,val,242.43067282714844
data/processed/rousettus/video/not_augmented/base_320/random_bg/itamar/r--itamar--VID_20250909_144529.303.jpg,itamar,rousettus,random,video,False,val,191.69845673217773
data/processed/rousettus/video/not_augmented/base_320/random_bg/itamar/r--itamar--VID_20250909_144529.304.jpg,itamar,rousettus,random,video,False,val,208.12437435150147
data/processed/rousettus/video/not_augmented/base_320/random_bg/itamar/r--itamar--VID_20250909_144529.305.jpg,itamar,rousettus,random,video,False,val,529.8266650938988
data/processed/rousettus/video/not_augmented/base_320/random_bg/itamar/r--itamar--VID_20250909_144529.306.jpg,itamar,rousettus,random,video,False,val,1499.2649758063314
data/processed/rousettus/video/not_augmented/base_320/random_bg/itamar/r--itamar--VID_20250909_144529.307.jpg,itamar,rousettus,random,video,False,val,1570.7944964957237
data/processed/rousettus/video/not_augmented/base_320/random_bg/itamar/r--itamar--VID_20250909_144529.308.jpg,itamar,rousettus,random,video,False,val,648.9109108992577
data/processed/rousettus/video/not_augmented/base_320/random_bg/itamar/r--itamar--VID_20250909_144529.309.jpg,itamar,rousettus,random,video,False,val,485.812250970459
data/processed/rousettus/video/not_augmented/base_320/random_bg/itamar/r--itamar--VID_20250909_144529.31.jpg,itamar,rousettus,random,video,False,val,202.82091473045347
data/processed/rousettus/video/not_augmented/base_320/random_bg/itamar/r--itamar--VID_20250909_144529.310.jpg,itamar,rousettus,random,video,False,val,516.7479963065148
data/processed/rousettus/video/not_augmented/base_320/random_bg/itamar/r--itamar--VID_20250909_144529.311.jpg,itamar,rousettus,random,video,False,val,197.34804674949643
data/processed/rousettus/video/not_augmented/base_320/random_bg/itamar/r--itamar--VID_20250909_144529.312.jpg,itamar,rousettus,random,video,False,val,2010.711856017208
data/processed/rousettus/video/not_augmented/base_320/random_bg/itamar/r--itamar--VID_20250909_144529.313.jpg,itamar,rousettus,random,video,False,val,1317.118321641541
data/processed/rousettus/video/not_augmented/base_320/random_bg/itamar/r--itamar--VID_20250909_144529.314.jpg,itamar,rousettus,random,video,False,val,138.5757880949974
data/processed/rousettus/video/not_augmented/base_320/random_bg/itamar/r--itamar--VID_20250909_144529.315.jpg,itamar,rousettus,random,video,False,val,274.86489256200787
data/processed/rousettus/video/not_augmented/base_320/random_bg/itamar/r--itamar--VID_20250909_144529.316.jpg,itamar,rousettus,random,video,False,val,95.56576162109376
data/processed/rousettus/video/not_augmented/base_320/random_bg/itamar/r--itamar--VID_20250909_144529.317.jpg,itamar,rousettus,random,video,False,val,94.51826764822006
data/processed/rousettus/video/not_augmented/base_320/random_bg/itamar/r--itamar--VID_20250909_144529.318.jpg,itamar,rousettus,random,video,False,val,287.36876859426496
data/processed/rousettus/video/not_augmented/base_320/random_bg/itamar/r--itamar--VID_20250909_144529.319.jpg,itamar,rousettus,random,video,False,val,86.69909158620833
data/processed/rousettus/video/not_augmented/base_320/random_bg/itamar/r--itamar--VID_20250909_144529.32.jpg,itamar,rousettus,random,video,False,val,2102.993026793575
data/processed/rousettus/video/not_augmented/base_320/random_bg/itamar/r--itamar--VID_20250909_144529.320.jpg,itamar,rousettus,random,video,False,val,1806.8556964331624
data/processed/rousettus/video/not_augmented/base_320/random_bg/itamar/r--itamar--VID_20250909_144529.321.jpg,itamar,rousettus,random,video,False,val,255.909355444336
data/processed/rousettus/video/not_augmented/base_320/random_bg/itamar/r--itamar--VID_20250909_144529.322.jpg,itamar,rousettus,random,video,False,val,88.42784175481798
data/processed/rousettus/video/not_augmented/base_320/random_bg/itamar/r--itamar--VID_20250909_144529.323.jpg,itamar,rousettus,random,video,False,val,1086.5940752387048
data/processed/rousettus/video/not_augmented/base_320/random_bg/itamar/r--itamar--VID_20250909_144529.324.jpg,itamar,rousettus,random,video,False,val,1025.5644929195405
data/processed/rousettus/video/not_augmented/base_320/random_bg/itamar/r--itamar--VID_20250909_144529.325.jpg,itamar,rousettus,random,video,False,val,150.31821935691835
data/processed/rousettus/video/not_augmented/base_320/random_bg/itamar/r--itamar--VID_20250909_144529.326.jpg,itamar,rousettus,random,video,False,val,493.6642044104576
data/processed/rousettus/video/not_augmented/base_320/random_bg/itamar/r--itamar--VID_20250909_144529.327.jpg,itamar,rousettus,random,video,False,val,251.8036644882202
data/processed/rousettus/video/not_augmented/base_320/random_bg/itamar/r--itamar--VID_20250909_144529.328.jpg,itamar,rousettus,random,video,False,val,4442.617159773922
data/processed/rousettus/video/not_augmented/base_320/random_bg/itamar/r--itamar--VID_20250909_144529.329.jpg,itamar,rousettus,random,video,False,val,142.49337601890565
data/processed/rousettus/video/not_augmented/base_320/random_bg/itamar/r--itamar--VID_20250909_144529.33.jpg,itamar,rousettus,random,video,False,val,257.8254468298912
data/processed/rousettus/video/not_augmented/base_320/random_bg/itamar/r--itamar--VID_20250909_144529.330.jpg,itamar,rousettus,random,video,False,val,2614.104001509762
data/processed/rousettus/video/not_augmented/base_320/random_bg/itamar/r--itamar--VID_20250909_144529.331.jpg,itamar,rousettus,random,video,False,val,87.63540010213852
data/processed/rousettus/video/not_augmented/base_320/random_bg/itamar/r--itamar--VID_20250909_144529.332.jpg,itamar,rousettus,random,video,False,val,85.38143529882429
data/processed/rousettus/video/not_augmented/base_320/random_bg/itamar/r--itamar--VID_20250909_144529.333.jpg,itamar,rousettus,random,video,False,val,689.2982679103852
data/processed/rousettus/video/not_augmented/base_320/random_bg/itamar/r--itamar--VID_20250909_144529.334.jpg,itamar,rousettus,random,video,False,val,222.07832295188905
data/processed/rousettus/video/not_augmented/base_320/random_bg/itamar/r--itamar--VID_20250909_144529.335.jpg,itamar,rousettus,random,video,False,val,1198.6802336310388
data/processed/rousettus/video/not_augmented/base_320/random_bg/itamar/r--itamar--VID_20250909_144529.336.jpg,itamar,rousettus,random,video,False,val,1650.5870210944177
data/processed/rousettus/video/not_augmented/base_320/random_bg/itamar/r--itamar--VID_20250909_144529.337.jpg,itamar,rousettus,random,video,False,val,742.0543052710532
data/processed/rousettus/video/not_augmented/base_320/random_bg/itamar/r--itamar--VID_20250909_144529.338.jpg,itamar,rousettus,random,video,False,val,277.54687835988994
data/processed/rousettus/video/not_augmented/base_320/random_bg/itamar/r--itamar--VID_20250909_144529.339.jpg,itamar,rousettus,random,video,False,val,1624.6697300720216
data/processed/rousettus/video/not_augmented/base_320/random_bg/itamar/r--itamar--VID_20250909_144529.34.jpg,itamar,rousettus,random,video,False,val,367.2501364990234
data/processed/rousettus/video/not_augmented/base_320/random_bg/itamar/r--itamar--VID_20250909_144529.340.jpg,itamar,rousettus,random,video,False,val,1532.9537825618745
data/processed/rousettus/video/not_augmented/base_320/random_bg/itamar/r--itamar--VID_20250909_144529.341.jpg,itamar,rousettus,random,video,False,val,166.05642289390562
data/processed/rousettus/video/not_augmented/base_320/random_bg/itamar/r--itamar--VID_20250909_144529.342.jpg,itamar,rousettus,random,video,False,val,1925.3412044662475
data/processed/rousettus/video/not_augmented/base_320/random_bg/itamar/r--itamar--VID_20250909_144529.343.jpg,itamar,rousettus,random,video,False,val,1625.306699616909
data/processed/rousettus/video/not_augmented/base_320/random_bg/itamar/r--itamar--VID_20250909_144529.344.jpg,itamar,rousettus,random,video,False,val,56.10800627708434
data/processed/rousettus/video/not_augmented/base_320/random_bg/itamar/r--itamar--VID_20250909_144529.345.jpg,itamar,rousettus,random,video,False,val,1198.9984188818933
data/processed/rousettus/video/not_augmented/base_320/random_bg/itamar/r--itamar--VID_20250909_144529.346.jpg,itamar,rousettus,random,video,False,val,263.1967582663536
data/processed/rousettus/video/not_augmented/base_320/random_bg/itamar/r--itamar--VID_20250909_144529.347.jpg,itamar,rousettus,random,video,False,val,1507.841060327148
data/processed/rousettus/video/not_augmented/base_320/random_bg/itamar/r--itamar--VID_20250909_144529.348.jpg,itamar,rousettus,random,video,False,val,181.86914032592773
data/processed/rousettus/video/not_augmented/base_320/random_bg/itamar/r--itamar--VID_20250909_144529.349.jpg,itamar,rousettus,random,video,False,val,132.50330762624742
data/processed/rousettus/video/not_augmented/base_320/random_bg/itamar/r--itamar--VID_20250909_144529.35.jpg,itamar,rousettus,random,video,False,val,489.93551179494864
data/processed/rousettus/video/not_augmented/base_320/random_bg/itamar/r--itamar--VID_20250909_144529.350.jpg,itamar,rousettus,random,video,False,val,466.9421381484032
data/processed/rousettus/video/not_augmented/base_320/random_bg/itamar/r--itamar--VID_20250909_144529.351.jpg,itamar,rousettus,random,video,False,val,1772.7205555385592
data/processed/rousettus/video/not_augmented/base_320/random_bg/itamar/r--itamar--VID_20250909_144529.352.jpg,itamar,rousettus,random,video,False,val,724.9692245551108
data/processed/rousettus/video/not_augmented/base_320/random_bg/itamar/r--itamar--VID_20250909_144529.353.jpg,itamar,rousettus,random,video,False,val,2147.804414975644
data/processed/rousettus/video/not_augmented/base_320/random_bg/itamar/r--itamar--VID_20250909_144529.354.jpg,itamar,rousettus,random,video,False,val,122.05051701269149
data/processed/rousettus/video/not_augmented/base_320/random_bg/itamar/r--itamar--VID_20250909_144529.355.jpg,itamar,rousettus,random,video,False,val,934.963630611801
data/processed/rousettus/video/not_augmented/base_320/random_bg/itamar/r--itamar--VID_20250909_144529.356.jpg,itamar,rousettus,random,video,False,val,1439.883479600525
data/processed/rousettus/video/not_augmented/base_320/random_bg/itamar/r--itamar--VID_20250909_144529.357.jpg,itamar,rousettus,random,video,False,val,808.6497219753265
data/processed/rousettus/video/not_augmented/base_320/random_bg/itamar/r--itamar--VID_20250909_144529.358.jpg,itamar,rousettus,random,video,False,val,2718.230354173183
data/processed/rousettus/video/not_augmented/base_320/random_bg/itamar/r--itamar--VID_20250909_144529.359.jpg,itamar,rousettus,random,video,False,val,679.5333029967308
data/processed/rousettus/video/not_augmented/base_320/random_bg/itamar/r--itamar--VID_20250909_144529.36.jpg,itamar,rousettus,random,video,False,val,237.07939397420887
data/processed/rousettus/video/not_augmented/base_320/random_bg/itamar/r--itamar--VID_20250909_144529.360.jpg,itamar,rousettus,random,video,False,val,428.40477620611193
data/processed/rousettus/video/not_augmented/base_320/random_bg/itamar/r--itamar--VID_20250909_144529.361.jpg,itamar,rousettus,random,video,False,val,698.0189605373383
data/processed/rousettus/video/not_augmented/base_320/random_bg/itamar/r--itamar--VID_20250909_144529.37.jpg,itamar,rousettus,random,video,False,val,798.68849375
data/processed/rousettus/video/not_augmented/base_320/random_bg/itamar/r--itamar--VID_20250909_144529.38.jpg,itamar,rousettus,random,video,False,val,173.49272423973085
data/processed/rousettus/video/not_augmented/base_320/random_bg/itamar/r--itamar--VID_20250909_144529.39.jpg,itamar,rousettus,random,video,False,val,1817.9531931853292
data/processed/rousettus/video/not_augmented/base_320/random_bg/itamar/r--itamar--VID_20250909_144529.40.jpg,itamar,rousettus,random,video,False,val,271.4934366904259
data/processed/rousettus/video/not_augmented/base_320/random_bg/itamar/r--itamar--VID_20250909_144529.41.jpg,itamar,rousettus,random,video,False,val,83.9109045554161
data/processed/rousettus/video/not_augmented/base_320/random_bg/itamar/r--itamar--VID_20250909_144529.42.jpg,itamar,rousettus,random,video,False,val,210.8615523482323
data/processed/rousettus/video/not_augmented/base_320/random_bg/jafar/r--jafar--VID_20250909_144606.1.jpg,jafar,rousettus,random,video,False,train,1117.481336131954
data/processed/rousettus/video/not_augmented/base_320/random_bg/jafar/r--jafar--VID_20250909_144606.10.jpg,jafar,rousettus,random,video,False,train,186.0997933188439
data/processed/rousettus/video/not_augmented/base_320/random_bg/jafar/r--jafar--VID_20250909_144606.11.jpg,jafar,rousettus,random,video,False,train,1330.389388389587
data/processed/rousettus/video/not_augmented/base_320/random_bg/jafar/r--jafar--VID_20250909_144606.116.jpg,jafar,rousettus,random,video,False,train,186.2795512038231
data/processed/rousettus/video/not_augmented/base_320/random_bg/jafar/r--jafar--VID_20250909_144606.117.jpg,jafar,rousettus,random,video,False,train,255.25402257957452
data/processed/rousettus/video/not_augmented/base_320/random_bg/jafar/r--jafar--VID_20250909_144606.12.jpg,jafar,rousettus,random,video,False,train,67.91899408102036
data/processed/rousettus/video/not_augmented/base_320/random_bg/jafar/r--jafar--VID_20250909_144606.13.jpg,jafar,rousettus,random,video,False,train,466.5791899532319
data/processed/rousettus/video/not_augmented/base_320/random_bg/jafar/r--jafar--VID_20250909_144606.14.jpg,jafar,rousettus,random,video,False,train,211.2979756454468
data/processed/rousettus/video/not_augmented/base_320/random_bg/jafar/r--jafar--VID_20250909_144606.143.jpg,jafar,rousettus,random,video,False,train,118.65742910757064
data/processed/rousettus/video/not_augmented/base_320/random_bg/jafar/r--jafar--VID_20250909_144606.144.jpg,jafar,rousettus,random,video,False,train,3933.66380883751
data/processed/rousettus/video/not_augmented/base_320/random_bg/jafar/r--jafar--VID_20250909_144606.145.jpg,jafar,rousettus,random,video,False,train,214.28802627220156
data/processed/rousettus/video/not_augmented/base_320/random_bg/jafar/r--jafar--VID_20250909_144606.146.jpg,jafar,rousettus,random,video,False,train,517.4577653227807
data/processed/rousettus/video/not_augmented/base_320/random_bg/jafar/r--jafar--VID_20250909_144606.147.jpg,jafar,rousettus,random,video,False,train,524.1044625807762
data/processed/rousettus/video/not_augmented/base_320/random_bg/jafar/r--jafar--VID_20250909_144606.148.jpg,jafar,rousettus,random,video,False,train,581.9776073943138
data/processed/rousettus/video/not_augmented/base_320/random_bg/jafar/r--jafar--VID_20250909_144606.149.jpg,jafar,rousettus,random,video,False,train,115.35392546043398
data/processed/rousettus/video/not_augmented/base_320/random_bg/jafar/r--jafar--VID_20250909_144606.15.jpg,jafar,rousettus,random,video,False,train,255.2291341781616
data/processed/rousettus/video/not_augmented/base_320/random_bg/jafar/r--jafar--VID_20250909_144606.150.jpg,jafar,rousettus,random,video,False,train,123.8999315489769
data/processed/rousettus/video/not_augmented/base_320/random_bg/jafar/r--jafar--VID_20250909_144606.151.jpg,jafar,rousettus,random,video,False,train,104.18287081565856
data/processed/rousettus/video/not_augmented/base_320/random_bg/jafar/r--jafar--VID_20250909_144606.152.jpg,jafar,rousettus,random,video,False,train,1830.2542200270648
data/processed/rousettus/video/not_augmented/base_320/random_bg/jafar/r--jafar--VID_20250909_144606.153.jpg,jafar,rousettus,random,video,False,train,90.46190408620834
data/processed/rousettus/video/not_augmented/base_320/random_bg/jafar/r--jafar--VID_20250909_144606.154.jpg,jafar,rousettus,random,video,False,train,1365.164853634262
data/processed/rousettus/video/not_augmented/base_320/random_bg/jafar/r--jafar--VID_20250909_144606.156.jpg,jafar,rousettus,random,video,False,train,154.0481377577782
data/processed/rousettus/video/not_augmented/base_320/random_bg/jafar/r--jafar--VID_20250909_144606.157.jpg,jafar,rousettus,random,video,False,train,159.40049442052842
data/processed/rousettus/video/not_augmented/base_320/random_bg/jafar/r--jafar--VID_20250909_144606.158.jpg,jafar,rousettus,random,video,False,train,769.2682849875449
data/processed/rousettus/video/not_augmented/base_320/random_bg/jafar/r--jafar--VID_20250909_144606.159.jpg,jafar,rousettus,random,video,False,train,451.1596843200683
data/processed/rousettus/video/not_augmented/base_320/random_bg/jafar/r--jafar--VID_20250909_144606.16.jpg,jafar,rousettus,random,video,False,train,5365.654825621032
data/processed/rousettus/video/not_augmented/base_320/random_bg/jafar/r--jafar--VID_20250909_144606.160.jpg,jafar,rousettus,random,video,False,train,109.82503895225526
data/processed/rousettus/video/not_augmented/base_320/random_bg/jafar/r--jafar--VID_20250909_144606.161.jpg,jafar,rousettus,random,video,False,train,1362.4324761501312
data/processed/rousettus/video/not_augmented/base_320/random_bg/jafar/r--jafar--VID_20250909_144606.162.jpg,jafar,rousettus,random,video,False,train,560.3120934997559
data/processed/rousettus/video/not_augmented/base_320/random_bg/jafar/r--jafar--VID_20250909_144606.163.jpg,jafar,rousettus,random,video,False,train,404.8442804531098
data/processed/rousettus/video/not_augmented/base_320/random_bg/jafar/r--jafar--VID_20250909_144606.164.jpg,jafar,rousettus,random,video,False,train,1723.16673467865
data/processed/rousettus/video/not_augmented/base_320/random_bg/jafar/r--jafar--VID_20250909_144606.165.jpg,jafar,rousettus,random,video,False,train,1857.7407217383384
data/processed/rousettus/video/not_augmented/base_320/random_bg/jafar/r--jafar--VID_20250909_144606.166.jpg,jafar,rousettus,random,video,False,train,2187.88948607626
data/processed/rousettus/video/not_augmented/base_320/random_bg/jafar/r--jafar--VID_20250909_144606.167.jpg,jafar,rousettus,random,video,False,train,284.615318038559
data/processed/rousettus/video/not_augmented/base_320/random_bg/jafar/r--jafar--VID_20250909_144606.168.jpg,jafar,rousettus,random,video,False,train,1031.2609331813812
data/processed/rousettus/video/not_augmented/base_320/random_bg/jafar/r--jafar--VID_20250909_144606.169.jpg,jafar,rousettus,random,video,False,train,669.8926661490441
data/processed/rousettus/video/not_augmented/base_320/random_bg/jafar/r--jafar--VID_20250909_144606.17.jpg,jafar,rousettus,random,video,False,train,489.412550147152
data/processed/rousettus/video/not_augmented/base_320/random_bg/jafar/r--jafar--VID_20250909_144606.170.jpg,jafar,rousettus,random,video,False,train,1175.4442942580226
data/processed/rousettus/video/not_augmented/base_320/random_bg/jafar/r--jafar--VID_20250909_144606.171.jpg,jafar,rousettus,random,video,False,train,1615.9042563533783
data/processed/rousettus/video/not_augmented/base_320/random_bg/jafar/r--jafar--VID_20250909_144606.172.jpg,jafar,rousettus,random,video,False,train,601.5566105032921
data/processed/rousettus/video/not_augmented/base_320/random_bg/jafar/r--jafar--VID_20250909_144606.173.jpg,jafar,rousettus,random,video,False,train,1946.504860839844
data/processed/rousettus/video/not_augmented/base_320/random_bg/jafar/r--jafar--VID_20250909_144606.174.jpg,jafar,rousettus,random,video,False,train,1949.9258611110688
data/processed/rousettus/video/not_augmented/base_320/random_bg/jafar/r--jafar--VID_20250909_144606.175.jpg,jafar,rousettus,random,video,False,train,1115.2596274471284
data/processed/rousettus/video/not_augmented/base_320/random_bg/jafar/r--jafar--VID_20250909_144606.176.jpg,jafar,rousettus,random,video,False,train,654.0828026038171
data/processed/rousettus/video/not_augmented/base_320/random_bg/jafar/r--jafar--VID_20250909_144606.177.jpg,jafar,rousettus,random,video,False,train,1979.8418259216307
data/processed/rousettus/video/not_augmented/base_320/random_bg/jafar/r--jafar--VID_20250909_144606.178.jpg,jafar,rousettus,random,video,False,train,2029.2978842238424
data/processed/rousettus/video/not_augmented/base_320/random_bg/jafar/r--jafar--VID_20250909_144606.179.jpg,jafar,rousettus,random,video,False,train,373.7070097350121
data/processed/rousettus/video/not_augmented/base_320/random_bg/jafar/r--jafar--VID_20250909_144606.18.jpg,jafar,rousettus,random,video,False,train,273.97354586753846
data/processed/rousettus/video/not_augmented/base_320/random_bg/jafar/r--jafar--VID_20250909_144606.180.jpg,jafar,rousettus,random,video,False,train,744.7114159239769
data/processed/rousettus/video/not_augmented/base_320/random_bg/jafar/r--jafar--VID_20250909_144606.183.jpg,jafar,rousettus,random,video,False,train,527.693714748764
data/processed/rousettus/video/not_augmented/base_320/random_bg/jafar/r--jafar--VID_20250909_144606.184.jpg,jafar,rousettus,random,video,False,train,702.882246313095
data/processed/rousettus/video/not_augmented/base_320/random_bg/jafar/r--jafar--VID_20250909_144606.185.jpg,jafar,rousettus,random,video,False,train,105.35434846029284
data/processed/rousettus/video/not_augmented/base_320/random_bg/jafar/r--jafar--VID_20250909_144606.187.jpg,jafar,rousettus,random,video,False,train,288.09733701744085
data/processed/rousettus/video/not_augmented/base_320/random_bg/jafar/r--jafar--VID_20250909_144606.188.jpg,jafar,rousettus,random,video,False,train,520.5644531112672
data/processed/rousettus/video/not_augmented/base_320/random_bg/jafar/r--jafar--VID_20250909_144606.2.jpg,jafar,rousettus,random,video,False,train,3081.398718793392
data/processed/rousettus/video/not_augmented/base_320/random_bg/jafar/r--jafar--VID_20250909_144606.257.jpg,jafar,rousettus,random,video,False,train,957.9986629867552
data/processed/rousettus/video/not_augmented/base_320/random_bg/jafar/r--jafar--VID_20250909_144606.258.jpg,jafar,rousettus,random,video,False,train,509.7728359970092
data/processed/rousettus/video/not_augmented/base_320/random_bg/jafar/r--jafar--VID_20250909_144606.259.jpg,jafar,rousettus,random,video,False,train,223.2826269370079
data/processed/rousettus/video/not_augmented/base_320/random_bg/jafar/r--jafar--VID_20250909_144606.260.jpg,jafar,rousettus,random,video,False,train,482.61582247838976
data/processed/rousettus/video/not_augmented/base_320/random_bg/jafar/r--jafar--VID_20250909_144606.261.jpg,jafar,rousettus,random,video,False,train,301.222661613369
data/processed/rousettus/video/not_augmented/base_320/random_bg/jafar/r--jafar--VID_20250909_144606.263.jpg,jafar,rousettus,random,video,False,train,1436.2376698851583
data/processed/rousettus/video/not_augmented/base_320/random_bg/jafar/r--jafar--VID_20250909_144606.264.jpg,jafar,rousettus,random,video,False,train,248.23126754751203
data/processed/rousettus/video/not_augmented/base_320/random_bg/jafar/r--jafar--VID_20250909_144606.265.jpg,jafar,rousettus,random,video,False,train,114.7504899715424
data/processed/rousettus/video/not_augmented/base_320/random_bg/jafar/r--jafar--VID_20250909_144606.266.jpg,jafar,rousettus,random,video,False,train,294.7729618953705
data/processed/rousettus/video/not_augmented/base_320/random_bg/jafar/r--jafar--VID_20250909_144606.267.jpg,jafar,rousettus,random,video,False,train,256.79644319448465
data/processed/rousettus/video/not_augmented/base_320/random_bg/jafar/r--jafar--VID_20250909_144606.268.jpg,jafar,rousettus,random,video,False,train,230.8123833431244
data/processed/rousettus/video/not_augmented/base_320/random_bg/jafar/r--jafar--VID_20250909_144606.269.jpg,jafar,rousettus,random,video,False,train,109.53632446136471
data/processed/rousettus/video/not_augmented/base_320/random_bg/jafar/r--jafar--VID_20250909_144606.270.jpg,jafar,rousettus,random,video,False,train,929.7642143417356
data/processed/rousettus/video/not_augmented/base_320/random_bg/jafar/r--jafar--VID_20250909_144606.271.jpg,jafar,rousettus,random,video,False,train,886.2304381255149
data/processed/rousettus/video/not_augmented/base_320/random_bg/jafar/r--jafar--VID_20250909_144606.272.jpg,jafar,rousettus,random,video,False,train,105.25030038442613
data/processed/rousettus/video/not_augmented/base_320/random_bg/jafar/r--jafar--VID_20250909_144606.273.jpg,jafar,rousettus,random,video,False,train,286.633359375
data/processed/rousettus/video/not_augmented/base_320/random_bg/jafar/r--jafar--VID_20250909_144606.274.jpg,jafar,rousettus,random,video,False,train,723.37318903265
data/processed/rousettus/video/not_augmented/base_320/random_bg/jafar/r--jafar--VID_20250909_144606.275.jpg,jafar,rousettus,random,video,False,train,2240.4964134334564
data/processed/rousettus/video/not_augmented/base_320/random_bg/jafar/r--jafar--VID_20250909_144606.276.jpg,jafar,rousettus,random,video,False,train,145.49562224388126
data/processed/rousettus/video/not_augmented/base_320/random_bg/jafar/r--jafar--VID_20250909_144606.277.jpg,jafar,rousettus,random,video,False,train,410.336379420376
data/processed/rousettus/video/not_augmented/base_320/random_bg/jafar/r--jafar--VID_20250909_144606.278.jpg,jafar,rousettus,random,video,False,train,255.4801647567749
data/processed/rousettus/video/not_augmented/base_320/random_bg/jafar/r--jafar--VID_20250909_144606.279.jpg,jafar,rousettus,random,video,False,train,388.92492442283634
data/processed/rousettus/video/not_augmented/base_320/random_bg/jafar/r--jafar--VID_20250909_144606.280.jpg,jafar,rousettus,random,video,False,train,393.841342963314
data/processed/rousettus/video/not_augmented/base_320/random_bg/jafar/r--jafar--VID_20250909_144606.281.jpg,jafar,rousettus,random,video,False,train,1280.21646124115
data/processed/rousettus/video/not_augmented/base_320/random_bg/jafar/r--jafar--VID_20250909_144606.282.jpg,jafar,rousettus,random,video,False,train,438.5776851683617
data/processed/rousettus/video/not_augmented/base_320/random_bg/jafar/r--jafar--VID_20250909_144606.283.jpg,jafar,rousettus,random,video,False,train,2274.1468853301044
data/processed/rousettus/video/not_augmented/base_320/random_bg/jafar/r--jafar--VID_20250909_144606.284.jpg,jafar,rousettus,random,video,False,train,1259.2620594176294
data/processed/rousettus/video/not_augmented/base_320/random_bg/jafar/r--jafar--VID_20250909_144606.285.jpg,jafar,rousettus,random,video,False,train,457.6083188594818
data/processed/rousettus/video/not_augmented/base_320/random_bg/jafar/r--jafar--VID_20250909_144606.286.jpg,jafar,rousettus,random,video,False,train,862.3467335048676
data/processed/rousettus/video/not_augmented/base_320/random_bg/jafar/r--jafar--VID_20250909_144606.287.jpg,jafar,rousettus,random,video,False,train,1245.5113679480553
data/processed/rousettus/video/not_augmented/base_320/random_bg/jafar/r--jafar--VID_20250909_144606.288.jpg,jafar,rousettus,random,video,False,train,850.017877162075
data/processed/rousettus/video/not_augmented/base_320/random_bg/jafar/r--jafar--VID_20250909_144606.289.jpg,jafar,rousettus,random,video,False,train,115.20239184179307
data/processed/rousettus/video/not_augmented/base_320/random_bg/jafar/r--jafar--VID_20250909_144606.290.jpg,jafar,rousettus,random,video,False,train,159.35133640050887
data/processed/rousettus/video/not_augmented/base_320/random_bg/jafar/r--jafar--VID_20250909_144606.291.jpg,jafar,rousettus,random,video,False,train,461.3175801864624
data/processed/rousettus/video/not_augmented/base_320/random_bg/jafar/r--jafar--VID_20250909_144606.292.jpg,jafar,rousettus,random,video,False,train,379.1317479964256
data/processed/rousettus/video/not_augmented/base_320/random_bg/jafar/r--jafar--VID_20250909_144606.293.jpg,jafar,rousettus,random,video,False,train,92.335449200058
data/processed/rousettus/video/not_augmented/base_320/random_bg/jafar/r--jafar--VID_20250909_144606.294.jpg,jafar,rousettus,random,video,False,train,163.18812469244003
data/processed/rousettus/video/not_augmented/base_320/random_bg/jafar/r--jafar--VID_20250909_144606.295.jpg,jafar,rousettus,random,video,False,train,5407.626326589584
data/processed/rousettus/video/not_augmented/base_320/random_bg/jafar/r--jafar--VID_20250909_144606.296.jpg,jafar,rousettus,random,video,False,train,557.4849206356049
data/processed/rousettus/video/not_augmented/base_320/random_bg/jafar/r--jafar--VID_20250909_144606.299.jpg,jafar,rousettus,random,video,False,train,706.5904835811615
data/processed/rousettus/video/not_augmented/base_320/random_bg/jafar/r--jafar--VID_20250909_144606.3.jpg,jafar,rousettus,random,video,False,train,299.71294641790394
data/processed/rousettus/video/not_augmented/base_320/random_bg/jafar/r--jafar--VID_20250909_144606.300.jpg,jafar,rousettus,random,video,False,train,188.32802083501812
data/processed/rousettus/video/not_augmented/base_320/random_bg/jafar/r--jafar--VID_20250909_144606.301.jpg,jafar,rousettus,random,video,False,train,1637.6356984115598
data/processed/rousettus/video/not_augmented/base_320/random_bg/jafar/r--jafar--VID_20250909_144606.304.jpg,jafar,rousettus,random,video,False,train,277.559659715271
data/processed/rousettus/video/not_augmented/base_320/random_bg/jafar/r--jafar--VID_20250909_144606.4.jpg,jafar,rousettus,random,video,False,train,473.1968847632408
data/processed/rousettus/video/not_augmented/base_320/random_bg/jafar/r--jafar--VID_20250909_144606.5.jpg,jafar,rousettus,random,video,False,train,378.5083964782716
data/processed/rousettus/video/not_augmented/base_320/random_bg/jafar/r--jafar--VID_20250909_144606.58.jpg,jafar,rousettus,random,video,False,train,89.00003461303712
data/processed/rousettus/video/not_augmented/base_320/random_bg/jafar/r--jafar--VID_20250909_144606.59.jpg,jafar,rousettus,random,video,False,train,4289.960968367672
data/processed/rousettus/video/not_augmented/base_320/random_bg/jafar/r--jafar--VID_20250909_144606.60.jpg,jafar,rousettus,random,video,False,train,491.2684105940818
data/processed/rousettus/video/not_augmented/base_320/random_bg/jafar/r--jafar--VID_20250909_144606.61.jpg,jafar,rousettus,random,video,False,train,193.4396563506127
data/processed/rousettus/video/not_augmented/base_320/random_bg/jafar/r--jafar--VID_20250909_144606.62.jpg,jafar,rousettus,random,video,False,train,734.5785527099611
data/processed/rousettus/video/not_augmented/base_320/random_bg/jafar/r--jafar--VID_20250909_144606.63.jpg,jafar,rousettus,random,video,False,train,217.5827461432457
data/processed/rousettus/video/not_augmented/base_320/random_bg/jafar/r--jafar--VID_20250909_144606.64.jpg,jafar,rousettus,random,video,False,train,613.0327982448578
data/processed/rousettus/video/not_augmented/base_320/random_bg/jafar/r--jafar--VID_20250909_144606.68.jpg,jafar,rousettus,random,video,False,train,213.7459175014496
data/processed/rousettus/video/not_augmented/base_320/random_bg/jafar/r--jafar--VID_20250909_144606.7.jpg,jafar,rousettus,random,video,False,train,149.89699882879256
data/processed/rousettus/video/not_augmented/base_320/random_bg/jafar/r--jafar--VID_20250909_144606.70.jpg,jafar,rousettus,random,video,False,train,100.69157219610216
data/processed/rousettus/video/not_augmented/base_320/random_bg/jafar/r--jafar--VID_20250909_144606.71.jpg,jafar,rousettus,random,video,False,train,1747.789131877041
data/processed/rousettus/video/not_augmented/base_320/random_bg/jafar/r--jafar--VID_20250909_144606.72.jpg,jafar,rousettus,random,video,False,train,380.3482589529991
data/processed/rousettus/video/not_augmented/base_320/random_bg/jafar/r--jafar--VID_20250909_144606.8.jpg,jafar,rousettus,random,video,False,train,252.3372226501465
data/processed/rousettus/video/not_augmented/base_320/random_bg/jafar/r--jafar--VID_20250909_144606.9.jpg,jafar,rousettus,random,video,False,train,213.64558869924545
data/processed/rousettus/video/not_augmented/base_320/random_bg/larry/r--larry--VID_20250909_144351.165.jpg,larry,rousettus,random,video,False,train,885.1734147139548
data/processed/rousettus/video/not_augmented/base_320/random_bg/larry/r--larry--VID_20250909_144351.168.jpg,larry,rousettus,random,video,False,train,418.58992643728254
data/processed/rousettus/video/not_augmented/base_320/random_bg/larry/r--larry--VID_20250909_144351.171.jpg,larry,rousettus,random,video,False,train,166.08258767843247
data/processed/rousettus/video/not_augmented/base_320/random_bg/larry/r--larry--VID_20250909_144351.172.jpg,larry,rousettus,random,video,False,train,227.3138769415856
data/processed/rousettus/video/not_augmented/base_320/random_bg/larry/r--larry--VID_20250909_144351.173.jpg,larry,rousettus,random,video,False,train,473.7669823874473
data/processed/rousettus/video/not_augmented/base_320/random_bg/larry/r--larry--VID_20250909_144351.174.jpg,larry,rousettus,random,video,False,train,121.95540618743895
data/processed/rousettus/video/not_augmented/base_320/random_bg/larry/r--larry--VID_20250909_144351.175.jpg,larry,rousettus,random,video,False,train,519.5044469374657
data/processed/rousettus/video/not_augmented/base_320/random_bg/larry/r--larry--VID_20250909_144351.176.jpg,larry,rousettus,random,video,False,train,497.56087997808464
data/processed/rousettus/video/not_augmented/base_320/random_bg/larry/r--larry--VID_20250909_144351.177.jpg,larry,rousettus,random,video,False,train,569.5690660549163
data/processed/rousettus/video/not_augmented/base_320/random_bg/larry/r--larry--VID_20250909_144351.178.jpg,larry,rousettus,random,video,False,train,1621.7326004634858
data/processed/rousettus/video/not_augmented/base_320/random_bg/larry/r--larry--VID_20250909_144351.179.jpg,larry,rousettus,random,video,False,train,731.5107406734467
data/processed/rousettus/video/not_augmented/base_320/random_bg/larry/r--larry--VID_20250909_144351.180.jpg,larry,rousettus,random,video,False,train,49.30032046041489
data/processed/rousettus/video/not_augmented/base_320/random_bg/larry/r--larry--VID_20250909_144351.181.jpg,larry,rousettus,random,video,False,train,264.40086865224833
data/processed/rousettus/video/not_augmented/base_320/random_bg/larry/r--larry--VID_20250909_144351.182.jpg,larry,rousettus,random,video,False,train,250.91172263145447
data/processed/rousettus/video/not_augmented/base_320/random_bg/larry/r--larry--VID_20250909_144351.183.jpg,larry,rousettus,random,video,False,train,1444.1871276058191
data/processed/rousettus/video/not_augmented/base_320/random_bg/larry/r--larry--VID_20250909_144351.189.jpg,larry,rousettus,random,video,False,train,861.5249815176965
data/processed/rousettus/video/not_augmented/base_320/random_bg/larry/r--larry--VID_20250909_144351.191.jpg,larry,rousettus,random,video,False,train,1355.3389955993655
data/processed/rousettus/video/not_augmented/base_320/random_bg/larry/r--larry--VID_20250909_144351.235.jpg,larry,rousettus,random,video,False,train,83.72983365240097
data/processed/rousettus/video/not_augmented/base_320/random_bg/larry/r--larry--VID_20250909_144351.236.jpg,larry,rousettus,random,video,False,train,186.4529330893516
data/processed/rousettus/video/not_augmented/base_320/random_bg/larry/r--larry--VID_20250909_144351.237.jpg,larry,rousettus,random,video,False,train,1455.4868536025049
data/processed/rousettus/video/not_augmented/base_320/random_bg/larry/r--larry--VID_20250909_144351.239.jpg,larry,rousettus,random,video,False,train,56.88860005559923
data/processed/rousettus/video/not_augmented/base_320/random_bg/larry/r--larry--VID_20250909_144351.240.jpg,larry,rousettus,random,video,False,train,480.9893646422386
data/processed/rousettus/video/not_augmented/base_320/random_bg/larry/r--larry--VID_20250909_144351.241.jpg,larry,rousettus,random,video,False,train,622.5790143050194
data/processed/rousettus/video/not_augmented/base_320/random_bg/larry/r--larry--VID_20250909_144351.242.jpg,larry,rousettus,random,video,False,train,841.3435248275757
data/processed/rousettus/video/not_augmented/base_320/random_bg/larry/r--larry--VID_20250909_144351.245.jpg,larry,rousettus,random,video,False,train,2535.8710049895285
data/processed/rousettus/video/not_augmented/base_320/random_bg/larry/r--larry--VID_20250909_144351.246.jpg,larry,rousettus,random,video,False,train,1229.5776085196492
data/processed/rousettus/video/not_augmented/base_320/random_bg/larry/r--larry--VID_20250909_144351.247.jpg,larry,rousettus,random,video,False,train,166.3597494620323
data/processed/rousettus/video/not_augmented/base_320/random_bg/larry/r--larry--VID_20250909_144351.248.jpg,larry,rousettus,random,video,False,train,91.66931928100584
data/processed/rousettus/video/not_augmented/base_320/random_bg/larry/r--larry--VID_20250909_144351.249.jpg,larry,rousettus,random,video,False,train,1359.8094159606935
data/processed/rousettus/video/not_augmented/base_320/random_bg/larry/r--larry--VID_20250909_144351.250.jpg,larry,rousettus,random,video,False,train,174.00906237449647
data/processed/rousettus/video/not_augmented/base_320/random_bg/larry/r--larry--VID_20250909_144351.251.jpg,larry,rousettus,random,video,False,train,52.17133405447007
data/processed/rousettus/video/not_augmented/base_320/random_bg/larry/r--larry--VID_20250909_144351.252.jpg,larry,rousettus,random,video,False,train,458.3241980528832
data/processed/rousettus/video/not_augmented/base_320/random_bg/larry/r--larry--VID_20250909_144351.253.jpg,larry,rousettus,random,video,False,train,696.4373697432518
data/processed/rousettus/video/not_augmented/base_320/random_bg/larry/r--larry--VID_20250909_144351.254.jpg,larry,rousettus,random,video,False,train,484.9308820919037
data/processed/rousettus/video/not_augmented/base_320/random_bg/larry/r--larry--VID_20250909_144351.255.jpg,larry,rousettus,random,video,False,train,729.5628232146263
data/processed/rousettus/video/not_augmented/base_320/random_bg/larry/r--larry--VID_20250909_144351.256.jpg,larry,rousettus,random,video,False,train,433.3473448538779
data/processed/rousettus/video/not_augmented/base_320/random_bg/larry/r--larry--VID_20250909_144351.257.jpg,larry,rousettus,random,video,False,train,632.0939436000824
data/processed/rousettus/video/not_augmented/base_320/random_bg/larry/r--larry--VID_20250909_144351.258.jpg,larry,rousettus,random,video,False,train,160.45109630117418
data/processed/rousettus/video/not_augmented/base_320/random_bg/larry/r--larry--VID_20250909_144351.259.jpg,larry,rousettus,random,video,False,train,459.4461882263184
data/processed/rousettus/video/not_augmented/base_320/random_bg/larry/r--larry--VID_20250909_144351.260.jpg,larry,rousettus,random,video,False,train,1257.7484561611172
data/processed/rousettus/video/not_augmented/base_320/random_bg/larry/r--larry--VID_20250909_144351.261.jpg,larry,rousettus,random,video,False,train,470.2042813261986
data/processed/rousettus/video/not_augmented/base_320/random_bg/larry/r--larry--VID_20250909_144351.262.jpg,larry,rousettus,random,video,False,train,606.4516269293786
data/processed/rousettus/video/not_augmented/base_320/random_bg/larry/r--larry--VID_20250909_144351.263.jpg,larry,rousettus,random,video,False,train,210.8890768813133
data/processed/rousettus/video/not_augmented/base_320/random_bg/larry/r--larry--VID_20250909_144351.264.jpg,larry,rousettus,random,video,False,train,2550.129597398376
data/processed/rousettus/video/not_augmented/base_320/random_bg/larry/r--larry--VID_20250909_144351.265.jpg,larry,rousettus,random,video,False,train,188.40902654685976
data/processed/rousettus/video/not_augmented/base_320/random_bg/larry/r--larry--VID_20250909_144351.266.jpg,larry,rousettus,random,video,False,train,4530.207774168397
data/processed/rousettus/video/not_augmented/base_320/random_bg/larry/r--larry--VID_20250909_144351.85.jpg,larry,rousettus,random,video,False,train,2040.6160287550929
data/processed/rousettus/video/not_augmented/base_320/random_bg/larry/r--larry--VID_20250909_144351.86.jpg,larry,rousettus,random,video,False,train,1826.3730489730835
data/processed/rousettus/video/not_augmented/base_320/random_bg/larry/r--larry--VID_20250909_144351.87.jpg,larry,rousettus,random,video,False,train,667.7032133666039
data/processed/rousettus/video/not_augmented/base_320/random_bg/larry/r--larry--VID_20250909_144351.88.jpg,larry,rousettus,random,video,False,train,304.9686074081421
data/processed/rousettus/video/not_augmented/base_320/random_bg/larry/r--larry--VID_20250909_144351.89.jpg,larry,rousettus,random,video,False,train,4249.824074082946
data/processed/rousettus/video/not_augmented/base_320/random_bg/larry/r--larry--VID_20250909_144351.90.jpg,larry,rousettus,random,video,False,train,684.1616106390952
data/processed/rousettus/video/not_augmented/base_320/random_bg/larry/r--larry--VID_20250909_144351.91.jpg,larry,rousettus,random,video,False,train,816.3235313415528
data/processed/rousettus/video/not_augmented/base_320/random_bg/newton/r--newton--VID_20250909_143734.10.jpg,newton,rousettus,random,video,False,train,49.58118392553329
data/processed/rousettus/video/not_augmented/base_320/random_bg/newton/r--newton--VID_20250909_143734.11.jpg,newton,rousettus,random,video,False,train,670.5382444442749
data/processed/rousettus/video/not_augmented/base_320/random_bg/newton/r--newton--VID_20250909_143734.121.jpg,newton,rousettus,random,video,False,train,1056.9915459960937
data/processed/rousettus/video/not_augmented/base_320/random_bg/newton/r--newton--VID_20250909_143734.122.jpg,newton,rousettus,random,video,False,train,71.32108271703723
data/processed/rousettus/video/not_augmented/base_320/random_bg/newton/r--newton--VID_20250909_143734.123.jpg,newton,rousettus,random,video,False,train,188.4501152919769
data/processed/rousettus/video/not_augmented/base_320/random_bg/newton/r--newton--VID_20250909_143734.131.jpg,newton,rousettus,random,video,False,train,81.66045514822007
data/processed/rousettus/video/not_augmented/base_320/random_bg/newton/r--newton--VID_20250909_143734.132.jpg,newton,rousettus,random,video,False,train,2122.5464292110446
data/processed/rousettus/video/not_augmented/base_320/random_bg/newton/r--newton--VID_20250909_143734.133.jpg,newton,rousettus,random,video,False,train,467.9739159117699
data/processed/rousettus/video/not_augmented/base_320/random_bg/newton/r--newton--VID_20250909_143734.134.jpg,newton,rousettus,random,video,False,train,4418.31119264183
data/processed/rousettus/video/not_augmented/base_320/random_bg/newton/r--newton--VID_20250909_143734.137.jpg,newton,rousettus,random,video,False,train,306.7524395560265
data/processed/rousettus/video/not_augmented/base_320/random_bg/newton/r--newton--VID_20250909_143734.138.jpg,newton,rousettus,random,video,False,train,1395.1790335689543
data/processed/rousettus/video/not_augmented/base_320/random_bg/newton/r--newton--VID_20250909_143734.142.jpg,newton,rousettus,random,video,False,train,1337.1308246397973
data/processed/rousettus/video/not_augmented/base_320/random_bg/newton/r--newton--VID_20250909_143734.143.jpg,newton,rousettus,random,video,False,train,2211.338162776089
data/processed/rousettus/video/not_augmented/base_320/random_bg/newton/r--newton--VID_20250909_143734.144.jpg,newton,rousettus,random,video,False,train,245.0172190856933
data/processed/rousettus/video/not_augmented/base_320/random_bg/newton/r--newton--VID_20250909_143734.145.jpg,newton,rousettus,random,video,False,train,301.0687114253997
data/processed/rousettus/video/not_augmented/base_320/random_bg/newton/r--newton--VID_20250909_143734.146.jpg,newton,rousettus,random,video,False,train,255.343963389492
data/processed/rousettus/video/not_augmented/base_320/random_bg/newton/r--newton--VID_20250909_143734.147.jpg,newton,rousettus,random,video,False,train,715.4088671535492
data/processed/rousettus/video/not_augmented/base_320/random_bg/newton/r--newton--VID_20250909_143734.148.jpg,newton,rousettus,random,video,False,train,883.0354694820405
data/processed/rousettus/video/not_augmented/base_320/random_bg/newton/r--newton--VID_20250909_143734.149.jpg,newton,rousettus,random,video,False,train,136.1972759914398
data/processed/rousettus/video/not_augmented/base_320/random_bg/newton/r--newton--VID_20250909_143734.150.jpg,newton,rousettus,random,video,False,train,1051.0026244735718
data/processed/rousettus/video/not_augmented/base_320/random_bg/newton/r--newton--VID_20250909_143734.155.jpg,newton,rousettus,random,video,False,train,789.4205539211273
data/processed/rousettus/video/not_augmented/base_320/random_bg/newton/r--newton--VID_20250909_143734.156.jpg,newton,rousettus,random,video,False,train,48.10367167320251
data/processed/rousettus/video/not_augmented/base_320/random_bg/newton/r--newton--VID_20250909_143734.157.jpg,newton,rousettus,random,video,False,train,78.43312816915511
data/processed/rousettus/video/not_augmented/base_320/random_bg/newton/r--newton--VID_20250909_143734.158.jpg,newton,rousettus,random,video,False,train,741.3997046080589
data/processed/rousettus/video/not_augmented/base_320/random_bg/newton/r--newton--VID_20250909_143734.159.jpg,newton,rousettus,random,video,False,train,694.5009129477501
data/processed/rousettus/video/not_augmented/base_320/random_bg/newton/r--newton--VID_20250909_143734.160.jpg,newton,rousettus,random,video,False,train,1862.31975951376
data/processed/rousettus/video/not_augmented/base_320/random_bg/newton/r--newton--VID_20250909_143734.162.jpg,newton,rousettus,random,video,False,train,69.45386180791856
data/processed/rousettus/video/not_augmented/base_320/random_bg/newton/r--newton--VID_20250909_143734.163.jpg,newton,rousettus,random,video,False,train,722.5906052092553
data/processed/rousettus/video/not_augmented/base_320/random_bg/newton/r--newton--VID_20250909_143734.164.jpg,newton,rousettus,random,video,False,train,504.3003061824799
data/processed/rousettus/video/not_augmented/base_320/random_bg/newton/r--newton--VID_20250909_143734.165.jpg,newton,rousettus,random,video,False,train,324.0422167807579
data/processed/rousettus/video/not_augmented/base_320/random_bg/newton/r--newton--VID_20250909_143734.166.jpg,newton,rousettus,random,video,False,train,146.65944661626816
data/processed/rousettus/video/not_augmented/base_320/random_bg/newton/r--newton--VID_20250909_143734.167.jpg,newton,rousettus,random,video,False,train,837.4836691402436
data/processed/rousettus/video/not_augmented/base_320/random_bg/newton/r--newton--VID_20250909_143734.168.jpg,newton,rousettus,random,video,False,train,2628.3254988037106
data/processed/rousettus/video/not_augmented/base_320/random_bg/newton/r--newton--VID_20250909_143734.169.jpg,newton,rousettus,random,video,False,train,261.2337430548668
data/processed/rousettus/video/not_augmented/base_320/random_bg/newton/r--newton--VID_20250909_143734.170.jpg,newton,rousettus,random,video,False,train,750.9934621395113
data/processed/rousettus/video/not_augmented/base_320/random_bg/newton/r--newton--VID_20250909_143734.171.jpg,newton,rousettus,random,video,False,train,772.1154510451316
data/processed/rousettus/video/not_augmented/base_320/random_bg/newton/r--newton--VID_20250909_143734.172.jpg,newton,rousettus,random,video,False,train,91.11976547241213
data/processed/rousettus/video/not_augmented/base_320/random_bg/newton/r--newton--VID_20250909_143734.173.jpg,newton,rousettus,random,video,False,train,341.04604109182355
data/processed/rousettus/video/not_augmented/base_320/random_bg/newton/r--newton--VID_20250909_143734.174.jpg,newton,rousettus,random,video,False,train,3115.691583959961
data/processed/rousettus/video/not_augmented/base_320/random_bg/newton/r--newton--VID_20250909_143734.175.jpg,newton,rousettus,random,video,False,train,401.43979640722273
data/processed/rousettus/video/not_augmented/base_320/random_bg/newton/r--newton--VID_20250909_143734.176.jpg,newton,rousettus,random,video,False,train,569.1487780791284
data/processed/rousettus/video/not_augmented/base_320/random_bg/newton/r--newton--VID_20250909_143734.177.jpg,newton,rousettus,random,video,False,train,500.27490153656
data/processed/rousettus/video/not_augmented/base_320/random_bg/newton/r--newton--VID_20250909_143734.178.jpg,newton,rousettus,random,video,False,train,137.6930539809227
data/processed/rousettus/video/not_augmented/base_320/random_bg/newton/r--newton--VID_20250909_143734.179.jpg,newton,rousettus,random,video,False,train,579.2448775905609
data/processed/rousettus/video/not_augmented/base_320/random_bg/newton/r--newton--VID_20250909_143734.180.jpg,newton,rousettus,random,video,False,train,385.68809005699165
data/processed/rousettus/video/not_augmented/base_320/random_bg/newton/r--newton--VID_20250909_143734.181.jpg,newton,rousettus,random,video,False,train,145.19415983543394
data/processed/rousettus/video/not_augmented/base_320/random_bg/newton/r--newton--VID_20250909_143734.182.jpg,newton,rousettus,random,video,False,train,1229.9667966917991
data/processed/rousettus/video/not_augmented/base_320/random_bg/newton/r--newton--VID_20250909_143734.183.jpg,newton,rousettus,random,video,False,train,235.6487790512085
data/processed/rousettus/video/not_augmented/base_320/random_bg/newton/r--newton--VID_20250909_143734.184.jpg,newton,rousettus,random,video,False,train,302.9037178114891
data/processed/rousettus/video/not_augmented/base_320/random_bg/newton/r--newton--VID_20250909_143734.185.jpg,newton,rousettus,random,video,False,train,129.74930385198593
data/processed/rousettus/video/not_augmented/base_320/random_bg/newton/r--newton--VID_20250909_143734.186.jpg,newton,rousettus,random,video,False,train,845.3621197051049
data/processed/rousettus/video/not_augmented/base_320/random_bg/newton/r--newton--VID_20250909_143734.187.jpg,newton,rousettus,random,video,False,train,153.2328485683441
data/processed/rousettus/video/not_augmented/base_320/random_bg/newton/r--newton--VID_20250909_143734.188.jpg,newton,rousettus,random,video,False,train,482.0198524641991
data/processed/rousettus/video/not_augmented/base_320/random_bg/newton/r--newton--VID_20250909_143734.189.jpg,newton,rousettus,random,video,False,train,1219.0484690962792
data/processed/rousettus/video/not_augmented/base_320/random_bg/newton/r--newton--VID_20250909_143734.19.jpg,newton,rousettus,random,video,False,train,657.255015562439
data/processed/rousettus/video/not_augmented/base_320/random_bg/newton/r--newton--VID_20250909_143734.190.jpg,newton,rousettus,random,video,False,train,4696.571897079087
data/processed/rousettus/video/not_augmented/base_320/random_bg/newton/r--newton--VID_20250909_143734.191.jpg,newton,rousettus,random,video,False,train,332.7138719177246
data/processed/rousettus/video/not_augmented/base_320/random_bg/newton/r--newton--VID_20250909_143734.192.jpg,newton,rousettus,random,video,False,train,77.43429659690857
data/processed/rousettus/video/not_augmented/base_320/random_bg/newton/r--newton--VID_20250909_143734.193.jpg,newton,rousettus,random,video,False,train,451.1438717636108
data/processed/rousettus/video/not_augmented/base_320/random_bg/newton/r--newton--VID_20250909_143734.194.jpg,newton,rousettus,random,video,False,train,207.5670996069908
data/processed/rousettus/video/not_augmented/base_320/random_bg/newton/r--newton--VID_20250909_143734.195.jpg,newton,rousettus,random,video,False,train,504.1570036586761
data/processed/rousettus/video/not_augmented/base_320/random_bg/newton/r--newton--VID_20250909_143734.196.jpg,newton,rousettus,random,video,False,train,264.71979398336407
data/processed/rousettus/video/not_augmented/base_320/random_bg/newton/r--newton--VID_20250909_143734.197.jpg,newton,rousettus,random,video,False,train,1089.5822035121917
data/processed/rousettus/video/not_augmented/base_320/random_bg/newton/r--newton--VID_20250909_143734.198.jpg,newton,rousettus,random,video,False,train,992.6526772955892
data/processed/rousettus/video/not_augmented/base_320/random_bg/newton/r--newton--VID_20250909_143734.199.jpg,newton,rousettus,random,video,False,train,89.02179033575058
data/processed/rousettus/video/not_augmented/base_320/random_bg/newton/r--newton--VID_20250909_143734.200.jpg,newton,rousettus,random,video,False,train,441.0170147460938
data/processed/rousettus/video/not_augmented/base_320/random_bg/newton/r--newton--VID_20250909_143734.201.jpg,newton,rousettus,random,video,False,train,212.37429587402343
data/processed/rousettus/video/not_augmented/base_320/random_bg/newton/r--newton--VID_20250909_143734.202.jpg,newton,rousettus,random,video,False,train,361.55703341636655
data/processed/rousettus/video/not_augmented/base_320/random_bg/newton/r--newton--VID_20250909_143734.203.jpg,newton,rousettus,random,video,False,train,1033.6826246547698
data/processed/rousettus/video/not_augmented/base_320/random_bg/newton/r--newton--VID_20250909_143734.204.jpg,newton,rousettus,random,video,False,train,633.4581336737632
data/processed/rousettus/video/not_augmented/base_320/random_bg/newton/r--newton--VID_20250909_143734.205.jpg,newton,rousettus,random,video,False,train,827.9532899161338
data/processed/rousettus/video/not_augmented/base_320/random_bg/newton/r--newton--VID_20250909_143734.206.jpg,newton,rousettus,random,video,False,train,394.981874961853
data/processed/rousettus/video/not_augmented/base_320/random_bg/newton/r--newton--VID_20250909_143734.207.jpg,newton,rousettus,random,video,False,train,154.3943719100952
data/processed/rousettus/video/not_augmented/base_320/random_bg/newton/r--newton--VID_20250909_143734.208.jpg,newton,rousettus,random,video,False,train,87.26960747947693
data/processed/rousettus/video/not_augmented/base_320/random_bg/newton/r--newton--VID_20250909_143734.209.jpg,newton,rousettus,random,video,False,train,186.89905947837832
data/processed/rousettus/video/not_augmented/base_320/random_bg/newton/r--newton--VID_20250909_143734.210.jpg,newton,rousettus,random,video,False,train,418.571357177639
data/processed/rousettus/video/not_augmented/base_320/random_bg/newton/r--newton--VID_20250909_143734.211.jpg,newton,rousettus,random,video,False,train,155.5190688055992
data/processed/rousettus/video/not_augmented/base_320/random_bg/newton/r--newton--VID_20250909_143734.212.jpg,newton,rousettus,random,video,False,train,543.8835641211508
data/processed/rousettus/video/not_augmented/base_320/random_bg/newton/r--newton--VID_20250909_143734.213.jpg,newton,rousettus,random,video,False,train,1836.7643936061856
data/processed/rousettus/video/not_augmented/base_320/random_bg/newton/r--newton--VID_20250909_143734.214.jpg,newton,rousettus,random,video,False,train,1829.7652384628295
data/processed/rousettus/video/not_augmented/base_320/random_bg/newton/r--newton--VID_20250909_143734.216.jpg,newton,rousettus,random,video,False,train,1357.667478813076
data/processed/rousettus/video/not_augmented/base_320/random_bg/newton/r--newton--VID_20250909_143734.217.jpg,newton,rousettus,random,video,False,train,1297.9375193480491
data/processed/rousettus/video/not_augmented/base_320/random_bg/newton/r--newton--VID_20250909_143734.218.jpg,newton,rousettus,random,video,False,train,257.1539301642418
data/processed/rousettus/video/not_augmented/base_320/random_bg/newton/r--newton--VID_20250909_143734.219.jpg,newton,rousettus,random,video,False,train,333.65168938360216
data/processed/rousettus/video/not_augmented/base_320/random_bg/newton/r--newton--VID_20250909_143734.22.jpg,newton,rousettus,random,video,False,train,249.4586058005333
data/processed/rousettus/video/not_augmented/base_320/random_bg/newton/r--newton--VID_20250909_143734.220.jpg,newton,rousettus,random,video,False,train,699.9646901930809
data/processed/rousettus/video/not_augmented/base_320/random_bg/newton/r--newton--VID_20250909_143734.222.jpg,newton,rousettus,random,video,False,train,123.44618448019024
data/processed/rousettus/video/not_augmented/base_320/random_bg/newton/r--newton--VID_20250909_143734.224.jpg,newton,rousettus,random,video,False,train,3248.742656493759
data/processed/rousettus/video/not_augmented/base_320/random_bg/newton/r--newton--VID_20250909_143734.228.jpg,newton,rousettus,random,video,False,train,160.7467356563568
data/processed/rousettus/video/not_augmented/base_320/random_bg/newton/r--newton--VID_20250909_143734.229.jpg,newton,rousettus,random,video,False,train,342.50472133398057
data/processed/rousettus/video/not_augmented/base_320/random_bg/newton/r--newton--VID_20250909_143734.232.jpg,newton,rousettus,random,video,False,train,360.89884216308593
data/processed/rousettus/video/not_augmented/base_320/random_bg/newton/r--newton--VID_20250909_143734.233.jpg,newton,rousettus,random,video,False,train,308.53526749715803
data/processed/rousettus/video/not_augmented/base_320/random_bg/newton/r--newton--VID_20250909_143734.234.jpg,newton,rousettus,random,video,False,train,172.23778646764757
data/processed/rousettus/video/not_augmented/base_320/random_bg/newton/r--newton--VID_20250909_143734.3.jpg,newton,rousettus,random,video,False,train,205.1746944075585
data/processed/rousettus/video/not_augmented/base_320/random_bg/newton/r--newton--VID_20250909_143734.4.jpg,newton,rousettus,random,video,False,train,1010.0144873503684
data/processed/rousettus/video/not_augmented/base_320/random_bg/newton/r--newton--VID_20250909_143734.5.jpg,newton,rousettus,random,video,False,train,942.1114985060692
data/processed/rousettus/video/not_augmented/base_320/random_bg/rasmi/r--rasmi--VID_20250909_143832.164.jpg,rasmi,rousettus,random,video,False,train,947.5304564162252
data/processed/rousettus/video/not_augmented/base_320/random_bg/rasmi/r--rasmi--VID_20250909_143832.165.jpg,rasmi,rousettus,random,video,False,train,71.02545608282088
data/processed/rousettus/video/not_augmented/base_320/random_bg/rasmi/r--rasmi--VID_20250909_143832.166.jpg,rasmi,rousettus,random,video,False,train,201.08356705894468
data/processed/rousettus/video/not_augmented/base_320/random_bg/rasmi/r--rasmi--VID_20250909_143832.167.jpg,rasmi,rousettus,random,video,False,train,1435.672773620224
data/processed/rousettus/video/not_augmented/base_320/random_bg/rasmi/r--rasmi--VID_20250909_143832.168.jpg,rasmi,rousettus,random,video,False,train,75.57802706565857
data/processed/rousettus/video/not_augmented/base_320/random_bg/rasmi/r--rasmi--VID_20250909_143832.169.jpg,rasmi,rousettus,random,video,False,train,1372.980337417221
data/processed/rousettus/video/not_augmented/base_320/random_bg/rasmi/r--rasmi--VID_20250909_143832.170.jpg,rasmi,rousettus,random,video,False,train,74.9217834616661
data/processed/rousettus/video/not_augmented/base_320/random_bg/rasmi/r--rasmi--VID_20250909_143832.171.jpg,rasmi,rousettus,random,video,False,train,252.1747940486908
data/processed/rousettus/video/not_augmented/base_320/random_bg/rasmi/r--rasmi--VID_20250909_143832.172.jpg,rasmi,rousettus,random,video,False,train,227.98938574972155
data/processed/rousettus/video/not_augmented/base_320/random_bg/rasmi/r--rasmi--VID_20250909_143832.173.jpg,rasmi,rousettus,random,video,False,train,264.52187546834944
data/processed/rousettus/video/not_augmented/base_320/random_bg/rasmi/r--rasmi--VID_20250909_143832.174.jpg,rasmi,rousettus,random,video,False,train,160.2985125350952
data/processed/rousettus/video/not_augmented/base_320/random_bg/rasmi/r--rasmi--VID_20250909_143832.175.jpg,rasmi,rousettus,random,video,False,train,282.71897436370847
data/processed/rousettus/video/not_augmented/base_320/random_bg/rasmi/r--rasmi--VID_20250909_143832.176.jpg,rasmi,rousettus,random,video,False,train,276.37762802124024
data/processed/rousettus/video/not_augmented/base_320/random_bg/rasmi/r--rasmi--VID_20250909_143832.177.jpg,rasmi,rousettus,random,video,False,train,575.7343554138184
data/processed/rousettus/video/not_augmented/base_320/random_bg/rasmi/r--rasmi--VID_20250909_143832.178.jpg,rasmi,rousettus,random,video,False,train,1097.4413721004485
data/processed/rousettus/video/not_augmented/base_320/random_bg/rasmi/r--rasmi--VID_20250909_143832.179.jpg,rasmi,rousettus,random,video,False,train,807.1378184889793
data/processed/rousettus/video/not_augmented/base_320/random_bg/rasmi/r--rasmi--VID_20250909_143832.180.jpg,rasmi,rousettus,random,video,False,train,547.3543553005219
data/processed/rousettus/video/not_augmented/base_320/random_bg/rasmi/r--rasmi--VID_20250909_143832.181.jpg,rasmi,rousettus,random,video,False,train,1042.9612633437157
data/processed/rousettus/video/not_augmented/base_320/random_bg/rasmi/r--rasmi--VID_20250909_143832.182.jpg,rasmi,rousettus,random,video,False,train,1727.3227472144126
data/processed/rousettus/video/not_augmented/base_320/random_bg/rasmi/r--rasmi--VID_20250909_143832.183.jpg,rasmi,rousettus,random,video,False,train,303.6099364851952
data/processed/rousettus/video/not_augmented/base_320/random_bg/rasmi/r--rasmi--VID_20250909_143832.184.jpg,rasmi,rousettus,random,video,False,train,1115.5497135829926
data/processed/rousettus/video/not_augmented/base_320/random_bg/rasmi/r--rasmi--VID_20250909_143832.185.jpg,rasmi,rousettus,random,video,False,train,214.4839347571373
data/processed/rousettus/video/not_augmented/base_320/random_bg/rasmi/r--rasmi--VID_20250909_143832.186.jpg,rasmi,rousettus,random,video,False,train,6107.29557454672
data/processed/rousettus/video/not_augmented/base_320/random_bg/rasmi/r--rasmi--VID_20250909_143832.187.jpg,rasmi,rousettus,random,video,False,train,1328.0902705908777
data/processed/rousettus/video/not_augmented/base_320/random_bg/rasmi/r--rasmi--VID_20250909_143832.188.jpg,rasmi,rousettus,random,video,False,train,520.268084469223
data/processed/rousettus/video/not_augmented/base_320/random_bg/rasmi/r--rasmi--VID_20250909_143832.189.jpg,rasmi,rousettus,random,video,False,train,1650.2309356566432
data/processed/rousettus/video/not_augmented/base_320/random_bg/rasmi/r--rasmi--VID_20250909_143832.190.jpg,rasmi,rousettus,random,video,False,train,245.21596898641587
data/processed/rousettus/video/not_augmented/base_320/random_bg/rasmi/r--rasmi--VID_20250909_143832.191.jpg,rasmi,rousettus,random,video,False,train,1200.6828870924949
data/processed/rousettus/video/not_augmented/base_320/random_bg/rasmi/r--rasmi--VID_20250909_143832.192.jpg,rasmi,rousettus,random,video,False,train,634.3119522090911
data/processed/rousettus/video/not_augmented/base_320/random_bg/rasmi/r--rasmi--VID_20250909_143832.193.jpg,rasmi,rousettus,random,video,False,train,264.5272286139488
data/processed/rousettus/video/not_augmented/base_320/random_bg/rasmi/r--rasmi--VID_20250909_143832.194.jpg,rasmi,rousettus,random,video,False,train,1041.6242025619506
data/processed/rousettus/video/not_augmented/base_320/random_bg/rasmi/r--rasmi--VID_20250909_143832.195.jpg,rasmi,rousettus,random,video,False,train,686.1694741431237
data/processed/rousettus/video/not_augmented/base_320/random_bg/rasmi/r--rasmi--VID_20250909_143832.196.jpg,rasmi,rousettus,random,video,False,train,1155.5151845455173
data/processed/rousettus/video/not_augmented/base_320/random_bg/rasmi/r--rasmi--VID_20250909_143832.197.jpg,rasmi,rousettus,random,video,False,train,250.98084887609485
data/processed/rousettus/video/not_augmented/base_320/random_bg/rasmi/r--rasmi--VID_20250909_143832.198.jpg,rasmi,rousettus,random,video,False,train,1266.9673525343894
data/processed/rousettus/video/not_augmented/base_320/random_bg/rasmi/r--rasmi--VID_20250909_143832.199.jpg,rasmi,rousettus,random,video,False,train,822.0746057724
data/processed/rousettus/video/not_augmented/base_320/random_bg/rasmi/r--rasmi--VID_20250909_143832.200.jpg,rasmi,rousettus,random,video,False,train,1038.581008965969
data/processed/rousettus/video/not_augmented/base_320/random_bg/rasmi/r--rasmi--VID_20250909_143832.201.jpg,rasmi,rousettus,random,video,False,train,240.25094306030277
data/processed/rousettus/video/not_augmented/base_320/random_bg/rasmi/r--rasmi--VID_20250909_143832.202.jpg,rasmi,rousettus,random,video,False,train,516.778884741211
data/processed/rousettus/video/not_augmented/base_320/random_bg/rasmi/r--rasmi--VID_20250909_143832.203.jpg,rasmi,rousettus,random,video,False,train,502.8920800436974
data/processed/rousettus/video/not_augmented/base_320/random_bg/rasmi/r--rasmi--VID_20250909_143832.205.jpg,rasmi,rousettus,random,video,False,train,181.32635469808577
data/processed/rousettus/video/not_augmented/base_320/random_bg/rasmi/r--rasmi--VID_20250909_143832.206.jpg,rasmi,rousettus,random,video,False,train,62.53644509277343
data/processed/rousettus/video/not_augmented/base_320/random_bg/rasmi/r--rasmi--VID_20250909_143832.207.jpg,rasmi,rousettus,random,video,False,train,553.8854712215423
data/processed/rousettus/video/not_augmented/base_320/random_bg/rasmi/r--rasmi--VID_20250909_143832.211.jpg,rasmi,rousettus,random,video,False,train,1771.7052813625337
data/processed/rousettus/video/not_augmented/base_320/random_bg/rasmi/r--rasmi--VID_20250909_143832.213.jpg,rasmi,rousettus,random,video,False,train,520.994374961853
data/processed/rousettus/video/not_augmented/base_320/random_bg/rasmi/r--rasmi--VID_20250909_143832.216.jpg,rasmi,rousettus,random,video,False,train,1643.4466238188743
data/processed/rousettus/video/not_augmented/base_320/random_bg/rasmi/r--rasmi--VID_20250909_143832.220.jpg,rasmi,rousettus,random,video,False,train,408.38766600408553
data/processed/rousettus/video/not_augmented/base_320/random_bg/rasmi/r--rasmi--VID_20250909_143832.221.jpg,rasmi,rousettus,random,video,False,train,4458.131531293392
data/processed/rousettus/video/not_augmented/base_320/random_bg/rasmi/r--rasmi--VID_20250909_143832.222.jpg,rasmi,rousettus,random,video,False,train,688.1343605770111
data/processed/rousettus/video/not_augmented/base_320/random_bg/rasmi/r--rasmi--VID_20250909_143832.223.jpg,rasmi,rousettus,random,video,False,train,139.4608083724022
data/processed/rousettus/video/not_augmented/base_320/random_bg/rasmi/r--rasmi--VID_20250909_143832.226.jpg,rasmi,rousettus,random,video,False,train,1065.9246488356594
data/processed/rousettus/video/not_augmented/base_320/random_bg/rasmi/r--rasmi--VID_20250909_143832.228.jpg,rasmi,rousettus,random,video,False,train,728.5688854354859
data/processed/rousettus/video/not_augmented/base_320/random_bg/rasmi/r--rasmi--VID_20250909_143832.229.jpg,rasmi,rousettus,random,video,False,train,129.06175755462647
data/processed/rousettus/video/not_augmented/base_320/random_bg/rasmi/r--rasmi--VID_20250909_143832.230.jpg,rasmi,rousettus,random,video,False,train,446.0112607112884
data/processed/rousettus/video/not_augmented/base_320/random_bg/rasmi/r--rasmi--VID_20250909_143832.231.jpg,rasmi,rousettus,random,video,False,train,151.0156644850731
data/processed/rousettus/video/not_augmented/base_320/random_bg/rasmi/r--rasmi--VID_20250909_143832.232.jpg,rasmi,rousettus,random,video,False,train,170.05849675359724
data/processed/rousettus/video/not_augmented/base_320/random_bg/rasmi/r--rasmi--VID_20250909_143832.233.jpg,rasmi,rousettus,random,video,False,train,959.949519822693
data/processed/rousettus/video/not_augmented/base_320/random_bg/rasmi/r--rasmi--VID_20250909_143832.234.jpg,rasmi,rousettus,random,video,False,train,5753.841173110581
data/processed/rousettus/video/not_augmented/base_320/random_bg/rasmi/r--rasmi--VID_20250909_143832.235.jpg,rasmi,rousettus,random,video,False,train,645.3304260238648
data/processed/rousettus/video/not_augmented/base_320/random_bg/rasmi/r--rasmi--VID_20250909_143832.237.jpg,rasmi,rousettus,random,video,False,train,478.2676658705711
data/processed/rousettus/video/not_augmented/base_320/random_bg/rasmi/r--rasmi--VID_20250909_143832.238.jpg,rasmi,rousettus,random,video,False,train,2236.190043626404
data/processed/rousettus/video/not_augmented/base_320/random_bg/rasmi/r--rasmi--VID_20250909_143832.239.jpg,rasmi,rousettus,random,video,False,train,55.30148175010682
data/processed/rousettus/video/not_augmented/base_320/random_bg/rasmi/r--rasmi--VID_20250909_143832.240.jpg,rasmi,rousettus,random,video,False,train,6478.246758543396
data/processed/rousettus/video/not_augmented/base_320/random_bg/rasmi/r--rasmi--VID_20250909_143832.45.jpg,rasmi,rousettus,random,video,False,train,2505.5044090491297
data/processed/rousettus/video/not_augmented/base_320/random_bg/rasmi/r--rasmi--VID_20250909_143832.46.jpg,rasmi,rousettus,random,video,False,train,343.4496519042015
data/processed/rousettus/video/not_augmented/base_320/random_bg/rasmi/r--rasmi--VID_20250909_143832.47.jpg,rasmi,rousettus,random,video,False,train,712.9011371039388
data/processed/rousettus/video/not_augmented/base_320/random_bg/rasmi/r--rasmi--VID_20250909_143832.48.jpg,rasmi,rousettus,random,video,False,train,243.7718641280174
data/processed/rousettus/video/not_augmented/base_320/random_bg/rasmi/r--rasmi--VID_20250909_143832.49.jpg,rasmi,rousettus,random,video,False,train,711.2226884521484
data/processed/rousettus/video/not_augmented/base_320/random_bg/rasmi/r--rasmi--VID_20250909_143832.50.jpg,rasmi,rousettus,random,video,False,train,512.1523575583458
data/processed/rousettus/video/not_augmented/base_320/random_bg/rasmi/r--rasmi--VID_20250909_143832.53.jpg,rasmi,rousettus,random,video,False,train,87.26193022727966
data/processed/rousettus/video/not_augmented/base_320/random_bg/rasmi/r--rasmi--VID_20250909_143832.54.jpg,rasmi,rousettus,random,video,False,train,2025.6449965239524
data/processed/rousettus/video/not_augmented/base_320/random_bg/rasmi/r--rasmi--VID_20250909_143832.55.jpg,rasmi,rousettus,random,video,False,train,93.62133590459824
data/processed/rousettus/video/not_augmented/base_320/random_bg/rasmi/r--rasmi--VID_20250909_143832.56.jpg,rasmi,rousettus,random,video,False,train,866.3082740627289
data/processed/rousettus/video/not_augmented/base_320/random_bg/rasmi/r--rasmi--VID_20250909_143832.57.jpg,rasmi,rousettus,random,video,False,train,99.6502050757408
data/processed/rousettus/video/not_augmented/base_320/random_bg/rasmi/r--rasmi--VID_20250909_143832.58.jpg,rasmi,rousettus,random,video,False,train,1703.3900902572632
data/processed/rousettus/video/not_augmented/base_320/random_bg/rasmi/r--rasmi--VID_20250909_143832.60.jpg,rasmi,rousettus,random,video,False,train,322.87216209564207
data/processed/rousettus/video/not_augmented/base_320/random_bg/rasmi/r--rasmi--VID_20250909_143832.61.jpg,rasmi,rousettus,random,video,False,train,362.8053344345092
data/processed/rousettus/video/not_augmented/base_320/random_bg/rosi/r--rosi--VID_20250909_143902.10.jpg,rosi,rousettus,random,video,False,train,139.21952836265564
data/processed/rousettus/video/not_augmented/base_320/random_bg/rosi/r--rosi--VID_20250909_143902.11.jpg,rosi,rousettus,random,video,False,train,468.70454993858334
data/processed/rousettus/video/not_augmented/base_320/random_bg/rosi/r--rosi--VID_20250909_143902.12.jpg,rosi,rousettus,random,video,False,train,1086.06806640625
data/processed/rousettus/video/not_augmented/base_320/random_bg/rosi/r--rosi--VID_20250909_143902.13.jpg,rosi,rousettus,random,video,False,train,916.523568401718
data/processed/rousettus/video/not_augmented/base_320/random_bg/rosi/r--rosi--VID_20250909_143902.14.jpg,rosi,rousettus,random,video,False,train,182.7017480353356
data/processed/rousettus/video/not_augmented/base_320/random_bg/rosi/r--rosi--VID_20250909_143902.15.jpg,rosi,rousettus,random,video,False,train,351.27935054769506
data/processed/rousettus/video/not_augmented/base_320/random_bg/rosi/r--rosi--VID_20250909_143902.16.jpg,rosi,rousettus,random,video,False,train,576.3868249968529
data/processed/rousettus/video/not_augmented/base_320/random_bg/rosi/r--rosi--VID_20250909_143902.17.jpg,rosi,rousettus,random,video,False,train,211.76874952659605
data/processed/rousettus/video/not_augmented/base_320/random_bg/rosi/r--rosi--VID_20250909_143902.18.jpg,rosi,rousettus,random,video,False,train,148.00535834035875
data/processed/rousettus/video/not_augmented/base_320/random_bg/rosi/r--rosi--VID_20250909_143902.19.jpg,rosi,rousettus,random,video,False,train,158.25605803070067
data/processed/rousettus/video/not_augmented/base_320/random_bg/rosi/r--rosi--VID_20250909_143902.20.jpg,rosi,rousettus,random,video,False,train,353.2653022399902
data/processed/rousettus/video/not_augmented/base_320/random_bg/rosi/r--rosi--VID_20250909_143902.205.jpg,rosi,rousettus,random,video,False,train,73.51726530418395
data/processed/rousettus/video/not_augmented/base_320/random_bg/rosi/r--rosi--VID_20250909_143902.206.jpg,rosi,rousettus,random,video,False,train,3785.451670529843
data/processed/rousettus/video/not_augmented/base_320/random_bg/rosi/r--rosi--VID_20250909_143902.207.jpg,rosi,rousettus,random,video,False,train,1297.4640690151216
data/processed/rousettus/video/not_augmented/base_320/random_bg/rosi/r--rosi--VID_20250909_143902.208.jpg,rosi,rousettus,random,video,False,train,813.9783992610932
data/processed/rousettus/video/not_augmented/base_320/random_bg/rosi/r--rosi--VID_20250909_143902.209.jpg,rosi,rousettus,random,video,False,train,84.04150356292725
data/processed/rousettus/video/not_augmented/base_320/random_bg/rosi/r--rosi--VID_20250909_143902.21.jpg,rosi,rousettus,random,video,False,train,418.1374720668793
data/processed/rousettus/video/not_augmented/base_320/random_bg/rosi/r--rosi--VID_20250909_143902.210.jpg,rosi,rousettus,random,video,False,train,723.1968209372521
data/processed/rousettus/video/not_augmented/base_320/random_bg/rosi/r--rosi--VID_20250909_143902.211.jpg,rosi,rousettus,random,video,False,train,250.592503465271
data/processed/rousettus/video/not_augmented/base_320/random_bg/rosi/r--rosi--VID_20250909_143902.212.jpg,rosi,rousettus,random,video,False,train,68.37357387542724
data/processed/rousettus/video/not_augmented/base_320/random_bg/rosi/r--rosi--VID_20250909_143902.238.jpg,rosi,rousettus,random,video,False,train,780.589146304226
data/processed/rousettus/video/not_augmented/base_320/random_bg/rosi/r--rosi--VID_20250909_143902.239.jpg,rosi,rousettus,random,video,False,train,203.60700195302965
data/processed/rousettus/video/not_augmented/base_320/random_bg/rosi/r--rosi--VID_20250909_143902.240.jpg,rosi,rousettus,random,video,False,train,781.7516655951499
data/processed/rousettus/video/not_augmented/base_320/random_bg/rosi/r--rosi--VID_20250909_143902.241.jpg,rosi,rousettus,random,video,False,train,282.4606735824585
data/processed/rousettus/video/not_augmented/base_320/random_bg/rosi/r--rosi--VID_20250909_143902.242.jpg,rosi,rousettus,random,video,False,train,183.37738262853625
data/processed/rousettus/video/not_augmented/base_320/random_bg/rosi/r--rosi--VID_20250909_143902.243.jpg,rosi,rousettus,random,video,False,train,1035.2061761474608
data/processed/rousettus/video/not_augmented/base_320/random_bg/rosi/r--rosi--VID_20250909_143902.244.jpg,rosi,rousettus,random,video,False,train,570.7869530868529
data/processed/rousettus/video/not_augmented/base_320/random_bg/rosi/r--rosi--VID_20250909_143902.245.jpg,rosi,rousettus,random,video,False,train,145.1662399245262
data/processed/rousettus/video/not_augmented/base_320/random_bg/rosi/r--rosi--VID_20250909_143902.246.jpg,rosi,rousettus,random,video,False,train,1493.4565297790527
data/processed/rousettus/video/not_augmented/base_320/random_bg/rosi/r--rosi--VID_20250909_143902.247.jpg,rosi,rousettus,random,video,False,train,332.78674713430405
data/processed/rousettus/video/not_augmented/base_320/random_bg/rosi/r--rosi--VID_20250909_143902.248.jpg,rosi,rousettus,random,video,False,train,397.6128641414642
data/processed/rousettus/video/not_augmented/base_320/random_bg/rosi/r--rosi--VID_20250909_143902.249.jpg,rosi,rousettus,random,video,False,train,609.5128719936371
data/processed/rousettus/video/not_augmented/base_320/random_bg/rosi/r--rosi--VID_20250909_143902.250.jpg,rosi,rousettus,random,video,False,train,868.435716312313
data/processed/rousettus/video/not_augmented/base_320/random_bg/rosi/r--rosi--VID_20250909_143902.251.jpg,rosi,rousettus,random,video,False,train,856.6227006697654
data/processed/rousettus/video/not_augmented/base_320/random_bg/rosi/r--rosi--VID_20250909_143902.252.jpg,rosi,rousettus,random,video,False,train,242.06916015586853
data/processed/rousettus/video/not_augmented/base_320/random_bg/rosi/r--rosi--VID_20250909_143902.253.jpg,rosi,rousettus,random,video,False,train,999.459955576992
data/processed/rousettus/video/not_augmented/base_320/random_bg/rosi/r--rosi--VID_20250909_143902.254.jpg,rosi,rousettus,random,video,False,train,110.27401321783069
data/processed/rousettus/video/not_augmented/base_320/random_bg/rosi/r--rosi--VID_20250909_143902.255.jpg,rosi,rousettus,random,video,False,train,1293.199241793728
data/processed/rousettus/video/not_augmented/base_320/random_bg/rosi/r--rosi--VID_20250909_143902.256.jpg,rosi,rousettus,random,video,False,train,565.6779392928124
data/processed/rousettus/video/not_augmented/base_320/random_bg/rosi/r--rosi--VID_20250909_143902.257.jpg,rosi,rousettus,random,video,False,train,920.3928085707664
data/processed/rousettus/video/not_augmented/base_320/random_bg/rosi/r--rosi--VID_20250909_143902.258.jpg,rosi,rousettus,random,video,False,train,1073.048209645748
data/processed/rousettus/video/not_augmented/base_320/random_bg/rosi/r--rosi--VID_20250909_143902.259.jpg,rosi,rousettus,random,video,False,train,278.80005767784115
data/processed/rousettus/video/not_augmented/base_320/random_bg/rosi/r--rosi--VID_20250909_143902.260.jpg,rosi,rousettus,random,video,False,train,409.6627081893921
data/processed/rousettus/video/not_augmented/base_320/random_bg/rosi/r--rosi--VID_20250909_143902.261.jpg,rosi,rousettus,random,video,False,train,134.27978487815858
data/processed/rousettus/video/not_augmented/base_320/random_bg/rosi/r--rosi--VID_20250909_143902.262.jpg,rosi,rousettus,random,video,False,train,1020.1072045325278
data/processed/rousettus/video/not_augmented/base_320/random_bg/rosi/r--rosi--VID_20250909_143902.263.jpg,rosi,rousettus,random,video,False,train,181.4306015773773
data/processed/rousettus/video/not_augmented/base_320/random_bg/rosi/r--rosi--VID_20250909_143902.264.jpg,rosi,rousettus,random,video,False,train,163.27833647727965
data/processed/rousettus/video/not_augmented/base_320/random_bg/rosi/r--rosi--VID_20250909_143902.265.jpg,rosi,rousettus,random,video,False,train,796.3503080505371
data/processed/rousettus/video/not_augmented/base_320/random_bg/rosi/r--rosi--VID_20250909_143902.266.jpg,rosi,rousettus,random,video,False,train,593.6756444335938
data/processed/rousettus/video/not_augmented/base_320/random_bg/rosi/r--rosi--VID_20250909_143902.267.jpg,rosi,rousettus,random,video,False,train,4123.546299677944
data/processed/rousettus/video/not_augmented/base_320/random_bg/rosi/r--rosi--VID_20250909_143902.268.jpg,rosi,rousettus,random,video,False,train,173.08525359869003
data/processed/rousettus/video/not_augmented/base_320/random_bg/rosi/r--rosi--VID_20250909_143902.269.jpg,rosi,rousettus,random,video,False,train,767.8315290373803
data/processed/rousettus/video/not_augmented/base_320/random_bg/rosi/r--rosi--VID_20250909_143902.270.jpg,rosi,rousettus,random,video,False,train,344.14991984710696
data/processed/rousettus/video/not_augmented/base_320/random_bg/rosi/r--rosi--VID_20250909_143902.271.jpg,rosi,rousettus,random,video,False,train,569.0799501601218
data/processed/rousettus/video/not_augmented/base_320/random_bg/rosi/r--rosi--VID_20250909_143902.272.jpg,rosi,rousettus,random,video,False,train,465.1971318222046
data/processed/rousettus/video/not_augmented/base_320/random_bg/rosi/r--rosi--VID_20250909_143902.273.jpg,rosi,rousettus,random,video,False,train,469.8832829833984
data/processed/rousettus/video/not_augmented/base_320/random_bg/rosi/r--rosi--VID_20250909_143902.274.jpg,rosi,rousettus,random,video,False,train,621.8506088119507
data/processed/rousettus/video/not_augmented/base_320/random_bg/rosi/r--rosi--VID_20250909_143902.275.jpg,rosi,rousettus,random,video,False,train,476.86834349975584
data/processed/rousettus/video/not_augmented/base_320/random_bg/rosi/r--rosi--VID_20250909_143902.55.jpg,rosi,rousettus,random,video,False,train,1991.3140272365572
data/processed/rousettus/video/not_augmented/base_320/random_bg/rosi/r--rosi--VID_20250909_143902.56.jpg,rosi,rousettus,random,video,False,train,1066.634255611801
data/processed/rousettus/video/not_augmented/base_320/random_bg/rosi/r--rosi--VID_20250909_143902.58.jpg,rosi,rousettus,random,video,False,train,1662.297070860958
data/processed/rousettus/video/not_augmented/base_320/random_bg/rosi/r--rosi--VID_20250909_143902.59.jpg,rosi,rousettus,random,video,False,train,1485.0693789577488
data/processed/rousettus/video/not_augmented/base_320/random_bg/rosi/r--rosi--VID_20250909_143902.60.jpg,rosi,rousettus,random,video,False,train,479.9858984066009
data/processed/rousettus/video/not_augmented/base_320/random_bg/rosi/r--rosi--VID_20250909_143902.61.jpg,rosi,rousettus,random,video,False,train,1445.6675651794433
data/processed/rousettus/video/not_augmented/base_320/random_bg/rosi/r--rosi--VID_20250909_143902.62.jpg,rosi,rousettus,random,video,False,train,212.12531249961856
data/processed/rousettus/video/not_augmented/base_320/random_bg/rosi/r--rosi--VID_20250909_143902.63.jpg,rosi,rousettus,random,video,False,train,77.55813443365098
data/processed/rousettus/video/not_augmented/base_320/random_bg/rosi/r--rosi--VID_20250909_143902.64.jpg,rosi,rousettus,random,video,False,train,267.5038507719994
data/processed/rousettus/video/not_augmented/base_320/random_bg/rosi/r--rosi--VID_20250909_143902.65.jpg,rosi,rousettus,random,video,False,train,430.5756097412109
data/processed/rousettus/video/not_augmented/base_320/random_bg/rosi/r--rosi--VID_20250909_143902.66.jpg,rosi,rousettus,random,video,False,train,464.3217284811973
data/processed/rousettus/video/not_augmented/base_320/random_bg/rosi/r--rosi--VID_20250909_143902.67.jpg,rosi,rousettus,random,video,False,train,328.01009838256834
data/processed/rousettus/video/not_augmented/base_320/random_bg/rosi/r--rosi--VID_20250909_143902.68.jpg,rosi,rousettus,random,video,False,train,3172.071300115585
data/processed/rousettus/video/not_augmented/base_320/random_bg/rosi/r--rosi--VID_20250909_143902.69.jpg,rosi,rousettus,random,video,False,train,391.4882762862206
data/processed/rousettus/video/not_augmented/base_320/random_bg/rosi/r--rosi--VID_20250909_143902.70.jpg,rosi,rousettus,random,video,False,train,642.757637014389
data/processed/rousettus/video/not_augmented/base_320/random_bg/rosi/r--rosi--VID_20250909_143902.71.jpg,rosi,rousettus,random,video,False,train,1542.7699430464747
data/processed/rousettus/video/not_augmented/base_320/random_bg/rosi/r--rosi--VID_20250909_143902.72.jpg,rosi,rousettus,random,video,False,train,115.39276039876935
data/processed/rousettus/video/not_augmented/base_320/random_bg/rosi/r--rosi--VID_20250909_143902.73.jpg,rosi,rousettus,random,video,False,train,87.3609500227928
data/processed/rousettus/video/not_augmented/base_320/random_bg/rosi/r--rosi--VID_20250909_143902.74.jpg,rosi,rousettus,random,video,False,train,310.8511267391205
data/processed/rousettus/video/not_augmented/base_320/random_bg/rosi/r--rosi--VID_20250909_143902.75.jpg,rosi,rousettus,random,video,False,train,457.3328114685059
data/processed/rousettus/video/not_augmented/base_320/random_bg/rosi/r--rosi--VID_20250909_143902.76.jpg,rosi,rousettus,random,video,False,train,623.2232668265343
data/processed/rousettus/video/not_augmented/base_320/random_bg/rosi/r--rosi--VID_20250909_143902.9.jpg,rosi,rousettus,random,video,False,train,1220.2787193904876
data/processed/rousettus/video/not_augmented/base_320/random_bg/tuluz/r--tuluz--VID_20250909_143942.13.jpg,tuluz,rousettus,random,video,False,test,609.6175545467377
data/processed/rousettus/video/not_augmented/base_320/random_bg/tuluz/r--tuluz--VID_20250909_143942.14.jpg,tuluz,rousettus,random,video,False,test,204.93470702972408
data/processed/rousettus/video/not_augmented/base_320/random_bg/tuluz/r--tuluz--VID_20250909_143942.148.jpg,tuluz,rousettus,random,video,False,test,1230.845631515121
data/processed/rousettus/video/not_augmented/base_320/random_bg/tuluz/r--tuluz--VID_20250909_143942.149.jpg,tuluz,rousettus,random,video,False,test,604.2393904842377
data/processed/rousettus/video/not_augmented/base_320/random_bg/tuluz/r--tuluz--VID_20250909_143942.15.jpg,tuluz,rousettus,random,video,False,test,252.3963897871971
data/processed/rousettus/video/not_augmented/base_320/random_bg/tuluz/r--tuluz--VID_20250909_143942.150.jpg,tuluz,rousettus,random,video,False,test,188.5335225325584
data/processed/rousettus/video/not_augmented/base_320/random_bg/tuluz/r--tuluz--VID_20250909_143942.151.jpg,tuluz,rousettus,random,video,False,test,222.3504961432457
data/processed/rousettus/video/not_augmented/base_320/random_bg/tuluz/r--tuluz--VID_20250909_143942.152.jpg,tuluz,rousettus,random,video,False,test,214.1484409018516
data/processed/rousettus/video/not_augmented/base_320/random_bg/tuluz/r--tuluz--VID_20250909_143942.153.jpg,tuluz,rousettus,random,video,False,test,679.4992413092613
data/processed/rousettus/video/not_augmented/base_320/random_bg/tuluz/r--tuluz--VID_20250909_143942.154.jpg,tuluz,rousettus,random,video,False,test,64.44671055517195
data/processed/rousettus/video/not_augmented/base_320/random_bg/tuluz/r--tuluz--VID_20250909_143942.155.jpg,tuluz,rousettus,random,video,False,test,1320.1095927719116
data/processed/rousettus/video/not_augmented/base_320/random_bg/tuluz/r--tuluz--VID_20250909_143942.156.jpg,tuluz,rousettus,random,video,False,test,601.26595546875
data/processed/rousettus/video/not_augmented/base_320/random_bg/tuluz/r--tuluz--VID_20250909_143942.157.jpg,tuluz,rousettus,random,video,False,test,72.93054643402098
data/processed/rousettus/video/not_augmented/base_320/random_bg/tuluz/r--tuluz--VID_20250909_143942.158.jpg,tuluz,rousettus,random,video,False,test,1465.3240673202513
data/processed/rousettus/video/not_augmented/base_320/random_bg/tuluz/r--tuluz--VID_20250909_143942.159.jpg,tuluz,rousettus,random,video,False,test,426.6360810927392
data/processed/rousettus/video/not_augmented/base_320/random_bg/tuluz/r--tuluz--VID_20250909_143942.16.jpg,tuluz,rousettus,random,video,False,test,687.7784849318504
data/processed/rousettus/video/not_augmented/base_320/random_bg/tuluz/r--tuluz--VID_20250909_143942.160.jpg,tuluz,rousettus,random,video,False,test,1673.2427842207908
data/processed/rousettus/video/not_augmented/base_320/random_bg/tuluz/r--tuluz--VID_20250909_143942.161.jpg,tuluz,rousettus,random,video,False,test,769.0434359359741
data/processed/rousettus/video/not_augmented/base_320/random_bg/tuluz/r--tuluz--VID_20250909_143942.162.jpg,tuluz,rousettus,random,video,False,test,229.05361328125
data/processed/rousettus/video/not_augmented/base_320/random_bg/tuluz/r--tuluz--VID_20250909_143942.163.jpg,tuluz,rousettus,random,video,False,test,260.48311962041856
data/processed/rousettus/video/not_augmented/base_320/random_bg/tuluz/r--tuluz--VID_20250909_143942.164.jpg,tuluz,rousettus,random,video,False,test,677.8275078154564
data/processed/rousettus/video/not_augmented/base_320/random_bg/tuluz/r--tuluz--VID_20250909_143942.165.jpg,tuluz,rousettus,random,video,False,test,619.6910042227745
data/processed/rousettus/video/not_augmented/base_320/random_bg/tuluz/r--tuluz--VID_20250909_143942.166.jpg,tuluz,rousettus,random,video,False,test,695.0407496547699
data/processed/rousettus/video/not_augmented/base_320/random_bg/tuluz/r--tuluz--VID_20250909_143942.167.jpg,tuluz,rousettus,random,video,False,test,426.7693942810059
data/processed/rousettus/video/not_augmented/base_320/random_bg/tuluz/r--tuluz--VID_20250909_143942.17.jpg,tuluz,rousettus,random,video,False,test,256.7689958644867
data/processed/rousettus/video/not_augmented/base_320/random_bg/tuluz/r--tuluz--VID_20250909_143942.179.jpg,tuluz,rousettus,random,video,False,test,3644.5133121977806
data/processed/rousettus/video/not_augmented/base_320/random_bg/tuluz/r--tuluz--VID_20250909_143942.18.jpg,tuluz,rousettus,random,video,False,test,242.45667230072024
data/processed/rousettus/video/not_augmented/base_320/random_bg/tuluz/r--tuluz--VID_20250909_143942.180.jpg,tuluz,rousettus,random,video,False,test,42.13155110921859
data/processed/rousettus/video/not_augmented/base_320/random_bg/tuluz/r--tuluz--VID_20250909_143942.181.jpg,tuluz,rousettus,random,video,False,test,633.6680150481226
data/processed/rousettus/video/not_augmented/base_320/random_bg/tuluz/r--tuluz--VID_20250909_143942.182.jpg,tuluz,rousettus,random,video,False,test,172.07984928855893
data/processed/rousettus/video/not_augmented/base_320/random_bg/tuluz/r--tuluz--VID_20250909_143942.183.jpg,tuluz,rousettus,random,video,False,test,72.6463346175194
data/processed/rousettus/video/not_augmented/base_320/random_bg/tuluz/r--tuluz--VID_20250909_143942.184.jpg,tuluz,rousettus,random,video,False,test,50.90317238225937
data/processed/rousettus/video/not_augmented/base_320/random_bg/tuluz/r--tuluz--VID_20250909_143942.185.jpg,tuluz,rousettus,random,video,False,test,170.7078703578949
data/processed/rousettus/video/not_augmented/base_320/random_bg/tuluz/r--tuluz--VID_20250909_143942.186.jpg,tuluz,rousettus,random,video,False,test,1540.8643292456627
data/processed/rousettus/video/not_augmented/base_320/random_bg/tuluz/r--tuluz--VID_20250909_143942.187.jpg,tuluz,rousettus,random,video,False,test,1324.0031661605835
data/processed/rousettus/video/not_augmented/base_320/random_bg/tuluz/r--tuluz--VID_20250909_143942.188.jpg,tuluz,rousettus,random,video,False,test,761.1070761176109
data/processed/rousettus/video/not_augmented/base_320/random_bg/tuluz/r--tuluz--VID_20250909_143942.19.jpg,tuluz,rousettus,random,video,False,test,55.29350332632064
data/processed/rousettus/video/not_augmented/base_320/random_bg/tuluz/r--tuluz--VID_20250909_143942.21.jpg,tuluz,rousettus,random,video,False,test,700.5616781734467
data/processed/rousettus/video/not_augmented/base_320/random_bg/tuluz/r--tuluz--VID_20250909_143942.295.jpg,tuluz,rousettus,random,video,False,test,128.0662786078453
data/processed/rousettus/video/not_augmented/base_320/random_bg/tuluz/r--tuluz--VID_20250909_143942.296.jpg,tuluz,rousettus,random,video,False,test,2839.1282204860686
data/processed/rousettus/video/not_augmented/base_320/random_bg/tuluz/r--tuluz--VID_20250909_143942.297.jpg,tuluz,rousettus,random,video,False,test,631.8879890132904
data/processed/rousettus/video/not_augmented/base_320/random_bg/tuluz/r--tuluz--VID_20250909_143942.301.jpg,tuluz,rousettus,random,video,False,test,4088.6958704596527
data/processed/rousettus/video/not_augmented/base_320/random_bg/tuluz/r--tuluz--VID_20250909_143942.304.jpg,tuluz,rousettus,random,video,False,test,385.964772411728
data/processed/rousettus/video/not_augmented/base_320/random_bg/tuluz/r--tuluz--VID_20250909_143942.305.jpg,tuluz,rousettus,random,video,False,test,1019.7799045681002
data/processed/rousettus/video/not_augmented/base_320/random_bg/tuluz/r--tuluz--VID_20250909_143942.306.jpg,tuluz,rousettus,random,video,False,test,566.1688171416282
data/processed/rousettus/video/not_augmented/base_320/random_bg/tuluz/r--tuluz--VID_20250909_143942.307.jpg,tuluz,rousettus,random,video,False,test,252.5396827255249
data/processed/rousettus/video/not_augmented/base_320/random_bg/tuluz/r--tuluz--VID_20250909_143942.308.jpg,tuluz,rousettus,random,video,False,test,198.35448461141584
data/processed/rousettus/video/not_augmented/base_320/random_bg/tuluz/r--tuluz--VID_20250909_143942.309.jpg,tuluz,rousettus,random,video,False,test,116.6460439871788
data/processed/rousettus/video/not_augmented/base_320/random_bg/tuluz/r--tuluz--VID_20250909_143942.310.jpg,tuluz,rousettus,random,video,False,test,793.3546722412109
data/processed/rousettus/video/not_augmented/base_320/random_bg/tuluz/r--tuluz--VID_20250909_143942.311.jpg,tuluz,rousettus,random,video,False,test,3647.523400335313
data/processed/rousettus/video/not_augmented/base_320/random_bg/tuluz/r--tuluz--VID_20250909_143942.312.jpg,tuluz,rousettus,random,video,False,test,168.4859408682823
data/processed/rousettus/video/not_augmented/base_320/random_bg/tuluz/r--tuluz--VID_20250909_143942.313.jpg,tuluz,rousettus,random,video,False,test,48.1266890250206
data/processed/rousettus/video/not_augmented/base_320/random_bg/tuluz/r--tuluz--VID_20250909_143942.314.jpg,tuluz,rousettus,random,video,False,test,288.64204586753846
data/processed/rousettus/video/not_augmented/base_320/random_bg/tuluz/r--tuluz--VID_20250909_143942.315.jpg,tuluz,rousettus,random,video,False,test,194.9087370056152
data/processed/rousettus/video/not_augmented/base_320/random_bg/tuluz/r--tuluz--VID_20250909_143942.316.jpg,tuluz,rousettus,random,video,False,test,106.46840479650496
data/processed/rousettus/video/not_augmented/base_320/random_bg/tuluz/r--tuluz--VID_20250909_143942.317.jpg,tuluz,rousettus,random,video,False,test,582.092908392334
data/processed/rousettus/video/not_augmented/base_320/random_bg/tuluz/r--tuluz--VID_20250909_143942.318.jpg,tuluz,rousettus,random,video,False,test,46.68573222875595
data/processed/rousettus/video/not_augmented/base_320/random_bg/tuluz/r--tuluz--VID_20250909_143942.319.jpg,tuluz,rousettus,random,video,False,test,369.9710661101341
data/processed/rousettus/video/not_augmented/base_320/random_bg/tuluz/r--tuluz--VID_20250909_143942.320.jpg,tuluz,rousettus,random,video,False,test,193.65016696128845
data/processed/rousettus/video/not_augmented/base_320/random_bg/tuluz/r--tuluz--VID_20250909_143942.321.jpg,tuluz,rousettus,random,video,False,test,2539.3376049910544
data/processed/rousettus/video/not_augmented/base_320/random_bg/tuluz/r--tuluz--VID_20250909_143942.322.jpg,tuluz,rousettus,random,video,False,test,612.6860148376466
data/processed/rousettus/video/not_augmented/base_320/random_bg/tuluz/r--tuluz--VID_20250909_143942.323.jpg,tuluz,rousettus,random,video,False,test,2655.375838714218
data/processed/rousettus/video/not_augmented/base_320/random_bg/tuluz/r--tuluz--VID_20250909_143942.324.jpg,tuluz,rousettus,random,video,False,test,299.1865906673431
data/processed/rousettus/video/not_augmented/base_320/random_bg/tuluz/r--tuluz--VID_20250909_143942.325.jpg,tuluz,rousettus,random,video,False,test,552.5798299765587
data/processed/rousettus/video/not_augmented/base_320/random_bg/tuluz/r--tuluz--VID_20250909_143942.326.jpg,tuluz,rousettus,random,video,False,test,204.98341679039
data/processed/rousettus/video/not_augmented/base_320/random_bg/tuluz/r--tuluz--VID_20250909_143942.327.jpg,tuluz,rousettus,random,video,False,test,68.41121059417725
data/processed/rousettus/video/not_augmented/base_320/random_bg/tuluz/r--tuluz--VID_20250909_143942.328.jpg,tuluz,rousettus,random,video,False,test,786.5981363059043
data/processed/rousettus/video/not_augmented/base_320/random_bg/tuluz/r--tuluz--VID_20250909_143942.329.jpg,tuluz,rousettus,random,video,False,test,293.51800781249995
data/processed/rousettus/video/not_augmented/base_320/random_bg/tuluz/r--tuluz--VID_20250909_143942.330.jpg,tuluz,rousettus,random,video,False,test,1821.0517796875
data/processed/rousettus/video/not_augmented/base_320/random_bg/tuluz/r--tuluz--VID_20250909_143942.331.jpg,tuluz,rousettus,random,video,False,test,4365.711553210354
data/processed/rousettus/video/not_augmented/base_320/random_bg/tuluz/r--tuluz--VID_20250909_143942.50.jpg,tuluz,rousettus,random,video,False,test,1572.450441644287
data/processed/rousettus/video/not_augmented/base_320/random_bg/tuluz/r--tuluz--VID_20250909_143942.51.jpg,tuluz,rousettus,random,video,False,test,512.1374529262542
data/processed/rousettus/video/not_augmented/base_320/random_bg/tuluz/r--tuluz--VID_20250909_143942.52.jpg,tuluz,rousettus,random,video,False,test,171.24954984426498
data/processed/rousettus/video/not_augmented/base_320/random_bg/tuluz/r--tuluz--VID_20250909_143942.53.jpg,tuluz,rousettus,random,video,False,test,58.59153048620224
data/processed/rousettus/video/not_augmented/base_320/random_bg/tuluz/r--tuluz--VID_20250909_143942.62.jpg,tuluz,rousettus,random,video,False,test,885.5890617126465
data/processed/rousettus/video/not_augmented/base_320/random_bg/tuluz/r--tuluz--VID_20250909_143942.63.jpg,tuluz,rousettus,random,video,False,test,809.4636996817588
data/processed/rousettus/video/not_augmented/base_320/random_bg/tuluz/r--tuluz--VID_20250909_143942.64.jpg,tuluz,rousettus,random,video,False,test,1649.4513659010888
data/processed/rousettus/video/not_augmented/base_320/random_bg/vanilaice/r--vanilaice--VID_20250909_144641.100.jpg,vanilaice,rousettus,random,video,False,train,120.90098391714096
data/processed/rousettus/video/not_augmented/base_320/random_bg/vanilaice/r--vanilaice--VID_20250909_144641.101.jpg,vanilaice,rousettus,random,video,False,train,440.1455272460938
data/processed/rousettus/video/not_augmented/base_320/random_bg/vanilaice/r--vanilaice--VID_20250909_144641.102.jpg,vanilaice,rousettus,random,video,False,train,1152.8207729431151
data/processed/rousettus/video/not_augmented/base_320/random_bg/vanilaice/r--vanilaice--VID_20250909_144641.103.jpg,vanilaice,rousettus,random,video,False,train,238.5109297958373
data/processed/rousettus/video/not_augmented/base_320/random_bg/vanilaice/r--vanilaice--VID_20250909_144641.104.jpg,vanilaice,rousettus,random,video,False,train,164.06539030418398
data/processed/rousettus/video/not_augmented/base_320/random_bg/vanilaice/r--vanilaice--VID_20250909_144641.105.jpg,vanilaice,rousettus,random,video,False,train,368.856135931015
data/processed/rousettus/video/not_augmented/base_320/random_bg/vanilaice/r--vanilaice--VID_20250909_144641.106.jpg,vanilaice,rousettus,random,video,False,train,198.7431514388084
data/processed/rousettus/video/not_augmented/base_320/random_bg/vanilaice/r--vanilaice--VID_20250909_144641.107.jpg,vanilaice,rousettus,random,video,False,train,158.34600535116195
data/processed/rousettus/video/not_augmented/base_320/random_bg/vanilaice/r--vanilaice--VID_20250909_144641.197.jpg,vanilaice,rousettus,random,video,False,train,2637.509885301208
data/processed/rousettus/video/not_augmented/base_320/random_bg/vanilaice/r--vanilaice--VID_20250909_144641.198.jpg,vanilaice,rousettus,random,video,False,train,164.54819297323226
data/processed/rousettus/video/not_augmented/base_320/random_bg/vanilaice/r--vanilaice--VID_20250909_144641.199.jpg,vanilaice,rousettus,random,video,False,train,1518.2584132956504
data/processed/rousettus/video/not_augmented/base_320/random_bg/vanilaice/r--vanilaice--VID_20250909_144641.200.jpg,vanilaice,rousettus,random,video,False,train,155.5664325546265
data/processed/rousettus/video/not_augmented/base_320/random_bg/vanilaice/r--vanilaice--VID_20250909_144641.202.jpg,vanilaice,rousettus,random,video,False,train,326.261884723568
data/processed/rousettus/video/not_augmented/base_320/random_bg/vanilaice/r--vanilaice--VID_20250909_144641.205.jpg,vanilaice,rousettus,random,video,False,train,119.99071436729432
data/processed/rousettus/video/not_augmented/base_320/random_bg/vanilaice/r--vanilaice--VID_20250909_144641.206.jpg,vanilaice,rousettus,random,video,False,train,4097.588653243637
data/processed/rousettus/video/not_augmented/base_320/random_bg/vanilaice/r--vanilaice--VID_20250909_144641.207.jpg,vanilaice,rousettus,random,video,False,train,543.9251880141258
data/processed/rousettus/video/not_augmented/base_320/random_bg/vanilaice/r--vanilaice--VID_20250909_144641.209.jpg,vanilaice,rousettus,random,video,False,train,1001.9658939551354
data/processed/rousettus/video/not_augmented/base_320/random_bg/vanilaice/r--vanilaice--VID_20250909_144641.210.jpg,vanilaice,rousettus,random,video,False,train,547.1919321254732
data/processed/rousettus/video/not_augmented/base_320/random_bg/vanilaice/r--vanilaice--VID_20250909_144641.211.jpg,vanilaice,rousettus,random,video,False,train,366.4132529372216
data/processed/rousettus/video/not_augmented/base_320/random_bg/vanilaice/r--vanilaice--VID_20250909_144641.212.jpg,vanilaice,rousettus,random,video,False,train,240.93040014495847
data/processed/rousettus/video/not_augmented/base_320/random_bg/vanilaice/r--vanilaice--VID_20250909_144641.213.jpg,vanilaice,rousettus,random,video,False,train,55.43839654197693
data/processed/rousettus/video/not_augmented/base_320/random_bg/vanilaice/r--vanilaice--VID_20250909_144641.214.jpg,vanilaice,rousettus,random,video,False,train,128.8800949645996
data/processed/rousettus/video/not_augmented/base_320/random_bg/vanilaice/r--vanilaice--VID_20250909_144641.215.jpg,vanilaice,rousettus,random,video,False,train,223.63927648582455
data/processed/rousettus/video/not_augmented/base_320/random_bg/vanilaice/r--vanilaice--VID_20250909_144641.216.jpg,vanilaice,rousettus,random,video,False,train,860.4280415144921
data/processed/rousettus/video/not_augmented/base_320/random_bg/vanilaice/r--vanilaice--VID_20250909_144641.217.jpg,vanilaice,rousettus,random,video,False,train,3941.180234249496
data/processed/rousettus/video/not_augmented/base_320/random_bg/vanilaice/r--vanilaice--VID_20250909_144641.218.jpg,vanilaice,rousettus,random,video,False,train,214.740519161129
data/processed/rousettus/video/not_augmented/base_320/random_bg/vanilaice/r--vanilaice--VID_20250909_144641.386.jpg,vanilaice,rousettus,random,video,False,train,1061.8786810484887
data/processed/rousettus/video/not_augmented/base_320/random_bg/vanilaice/r--vanilaice--VID_20250909_144641.387.jpg,vanilaice,rousettus,random,video,False,train,190.1214061888695
data/processed/rousettus/video/not_augmented/base_320/random_bg/vanilaice/r--vanilaice--VID_20250909_144641.388.jpg,vanilaice,rousettus,random,video,False,train,373.9303918605804
data/processed/rousettus/video/not_augmented/base_320/random_bg/vanilaice/r--vanilaice--VID_20250909_144641.389.jpg,vanilaice,rousettus,random,video,False,train,400.4615048061371
data/processed/rousettus/video/not_augmented/base_320/random_bg/vanilaice/r--vanilaice--VID_20250909_144641.395.jpg,vanilaice,rousettus,random,video,False,train,176.23997083654402
data/processed/rousettus/video/not_augmented/base_320/random_bg/vanilaice/r--vanilaice--VID_20250909_144641.396.jpg,vanilaice,rousettus,random,video,False,train,157.27029048919678
data/processed/rousettus/video/not_augmented/base_320/random_bg/vanilaice/r--vanilaice--VID_20250909_144641.399.jpg,vanilaice,rousettus,random,video,False,train,161.83932616415024
data/processed/rousettus/video/not_augmented/base_320/random_bg/vanilaice/r--vanilaice--VID_20250909_144641.52.jpg,vanilaice,rousettus,random,video,False,train,82.67998043785096
data/processed/rousettus/video/not_augmented/base_320/random_bg/vanilaice/r--vanilaice--VID_20250909_144641.53.jpg,vanilaice,rousettus,random,video,False,train,247.4674046858787
data/processed/rousettus/video/not_augmented/base_320/random_bg/vanilaice/r--vanilaice--VID_20250909_144641.54.jpg,vanilaice,rousettus,random,video,False,train,4452.808261766052
data/processed/rousettus/video/not_augmented/base_320/random_bg/vanilaice/r--vanilaice--VID_20250909_144641.55.jpg,vanilaice,rousettus,random,video,False,train,77.28021361351013
data/processed/rousettus/video/not_augmented/base_320/random_bg/vanilaice/r--vanilaice--VID_20250909_144641.56.jpg,vanilaice,rousettus,random,video,False,train,1527.0257841781613
data/processed/rousettus/video/not_augmented/base_320/random_bg/vanilaice/r--vanilaice--VID_20250909_144641.57.jpg,vanilaice,rousettus,random,video,False,train,793.150111826992
data/processed/rousettus/video/not_augmented/base_320/random_bg/vanilaice/r--vanilaice--VID_20250909_144641.58.jpg,vanilaice,rousettus,random,video,False,train,235.4012647567749
data/processed/rousettus/video/not_augmented/base_320/random_bg/vanilaice/r--vanilaice--VID_20250909_144641.59.jpg,vanilaice,rousettus,random,video,False,train,343.64475512304307
data/processed/rousettus/video/not_augmented/base_320/random_bg/vanilaice/r--vanilaice--VID_20250909_144641.60.jpg,vanilaice,rousettus,random,video,False,train,252.1967218593597
data/processed/rousettus/video/not_augmented/base_320/random_bg/vanilaice/r--vanilaice--VID_20250909_144641.61.jpg,vanilaice,rousettus,random,video,False,train,1751.7055669784545
data/processed/rousettus/video/not_augmented/base_320/random_bg/vanilaice/r--vanilaice--VID_20250909_144641.62.jpg,vanilaice,rousettus,random,video,False,train,118.15594427785872
data/processed/rousettus/video/not_augmented/base_320/random_bg/vanilaice/r--vanilaice--VID_20250909_144641.63.jpg,vanilaice,rousettus,random,video,False,train,172.86698771276474
data/processed/rousettus/video/not_augmented/base_320/random_bg/vanilaice/r--vanilaice--VID_20250909_144641.64.jpg,vanilaice,rousettus,random,video,False,train,740.7849765395165
data/processed/rousettus/video/not_augmented/base_320/random_bg/vanilaice/r--vanilaice--VID_20250909_144641.71.jpg,vanilaice,rousettus,random,video,False,train,64.6947555045128
data/processed/rousettus/video/not_augmented/base_320/random_bg/vanilaice/r--vanilaice--VID_20250909_144641.72.jpg,vanilaice,rousettus,random,video,False,train,498.0052218932152
data/processed/rousettus/video/not_augmented/base_320/random_bg/vanilaice/r--vanilaice--VID_20250909_144641.73.jpg,vanilaice,rousettus,random,video,False,train,395.8769966121674
data/processed/rousettus/video/not_augmented/base_320/random_bg/vanilaice/r--vanilaice--VID_20250909_144641.74.jpg,vanilaice,rousettus,random,video,False,train,398.52211021385193
data/processed/rousettus/video/not_augmented/base_320/random_bg/vanilaice/r--vanilaice--VID_20250909_144641.75.jpg,vanilaice,rousettus,random,video,False,train,556.3132614742279
data/processed/rousettus/video/not_augmented/base_320/random_bg/vanilaice/r--vanilaice--VID_20250909_144641.76.jpg,vanilaice,rousettus,random,video,False,train,432.9477173915864
data/processed/rousettus/video/not_augmented/base_320/random_bg/vanilaice/r--vanilaice--VID_20250909_144641.77.jpg,vanilaice,rousettus,random,video,False,train,479.4444230032921
data/processed/rousettus/video/not_augmented/base_320/random_bg/vanilaice/r--vanilaice--VID_20250909_144641.78.jpg,vanilaice,rousettus,random,video,False,train,181.36117260398868
data/processed/rousettus/video/not_augmented/base_320/random_bg/vanilaice/r--vanilaice--VID_20250909_144641.79.jpg,vanilaice,rousettus,random,video,False,train,245.7287236190796
data/processed/rousettus/video/not_augmented/base_320/random_bg/vanilaice/r--vanilaice--VID_20250909_144641.80.jpg,vanilaice,rousettus,random,video,False,train,1141.9477494124412
data/processed/rousettus/video/not_augmented/base_320/random_bg/vanilaice/r--vanilaice--VID_20250909_144641.81.jpg,vanilaice,rousettus,random,video,False,train,173.34419749107366
data/processed/rousettus/video/not_augmented/base_320/random_bg/vanilaice/r--vanilaice--VID_20250909_144641.82.jpg,vanilaice,rousettus,random,video,False,train,754.0285030966759
data/processed/rousettus/video/not_augmented/base_320/random_bg/vanilaice/r--vanilaice--VID_20250909_144641.83.jpg,vanilaice,rousettus,random,video,False,train,1196.0270134352686
data/processed/rousettus/video/not_augmented/base_320/random_bg/vanilaice/r--vanilaice--VID_20250909_144641.84.jpg,vanilaice,rousettus,random,video,False,train,317.7164401511193
data/processed/rousettus/video/not_augmented/base_320/random_bg/vanilaice/r--vanilaice--VID_20250909_144641.85.jpg,vanilaice,rousettus,random,video,False,train,821.9365960693359
data/processed/rousettus/video/not_augmented/base_320/random_bg/vanilaice/r--vanilaice--VID_20250909_144641.86.jpg,vanilaice,rousettus,random,video,False,train,258.851122916317
data/processed/rousettus/video/not_augmented/base_320/random_bg/vanilaice/r--vanilaice--VID_20250909_144641.87.jpg,vanilaice,rousettus,random,video,False,train,933.6496122432708
data/processed/rousettus/video/not_augmented/base_320/random_bg/vanilaice/r--vanilaice--VID_20250909_144641.88.jpg,vanilaice,rousettus,random,video,False,train,671.6178435126305
data/processed/rousettus/video/not_augmented/base_320/random_bg/vanilaice/r--vanilaice--VID_20250909_144641.89.jpg,vanilaice,rousettus,random,video,False,train,415.4990453552246
data/processed/rousettus/video/not_augmented/base_320/random_bg/vanilaice/r--vanilaice--VID_20250909_144641.90.jpg,vanilaice,rousettus,random,video,False,train,403.4535740169525
data/processed/rousettus/video/not_augmented/base_320/random_bg/vanilaice/r--vanilaice--VID_20250909_144641.91.jpg,vanilaice,rousettus,random,video,False,train,717.5607298827172
data/processed/rousettus/video/not_augmented/base_320/random_bg/vanilaice/r--vanilaice--VID_20250909_144641.92.jpg,vanilaice,rousettus,random,video,False,train,480.7618120388031
data/processed/rousettus/video/not_augmented/base_320/random_bg/vanilaice/r--vanilaice--VID_20250909_144641.93.jpg,vanilaice,rousettus,random,video,False,train,138.46274324331284
data/processed/rousettus/video/not_augmented/base_320/random_bg/vanilaice/r--vanilaice--VID_20250909_144641.94.jpg,vanilaice,rousettus,random,video,False,train,819.9653238059045
data/processed/rousettus/video/not_augmented/base_320/random_bg/vanilaice/r--vanilaice--VID_20250909_144641.95.jpg,vanilaice,rousettus,random,video,False,train,172.56262559881213
data/processed/rousettus/video/not_augmented/base_320/random_bg/vanilaice/r--vanilaice--VID_20250909_144641.96.jpg,vanilaice,rousettus,random,video,False,train,165.91656052246094
data/processed/rousettus/video/not_augmented/base_320/random_bg/vanilaice/r--vanilaice--VID_20250909_144641.97.jpg,vanilaice,rousettus,random,video,False,train,1157.6515224365232
data/processed/rousettus/video/not_augmented/base_320/random_bg/vanilaice/r--vanilaice--VID_20250909_144641.98.jpg,vanilaice,rousettus,random,video,False,train,570.4783578125
data/processed/rousettus/video/not_augmented/base_320/random_bg/vanilaice/r--vanilaice--VID_20250909_144641.99.jpg,vanilaice,rousettus,random,video,False,train,604.5678696743012
